# cmd: timeout 900 /home/better0101/projects/safetyreport/.venv/bin/python -m unittest discover -s tests -p 'test_*.py'
# cwd: /home/better0101/projects/worktree/ci-20260926/safetyreport/audit-fix
# candidate: 57a8cb3 (ci0926/audit-fix)
# dirty: 0 tracked changes
# start: 2026-09-26T16:04:28+09:00
....../home/better0101/projects/safetyreport/.venv/lib/python3.14/site-packages/fastapi/testclient.py:1: StarletteDeprecationWarning: Using `httpx` with `starlette.testclient` is deprecated; install `httpx2` instead.
  from starlette.testclient import TestClient as TestClient  # noqa
[2026-09-26 16:04:29,726][INFO|database.py-upgrade_schema:285] >> 테이블 'admin_users' 생성 중...
[2026-09-26 16:04:29,733][INFO|database.py-upgrade_schema:285] >> 테이블 'api_keys' 생성 중...
[2026-09-26 16:04:29,736][INFO|database.py-upgrade_schema:285] >> 테이블 'mysafety' 생성 중...
[2026-09-26 16:04:29,738][INFO|database.py-upgrade_schema:285] >> 테이블 'mysafety_change_cursor' 생성 중...
[2026-09-26 16:04:29,746][INFO|database.py-upgrade_schema:285] >> 테이블 'mysafety_change_log' 생성 중...
[2026-09-26 16:04:29,750][INFO|database.py-upgrade_schema:285] >> 테이블 'mysafety_duplicate_decision' 생성 중...
[2026-09-26 16:04:29,752][INFO|database.py-upgrade_schema:285] >> 테이블 'mysafety_duplicate_group' 생성 중...
[2026-09-26 16:04:29,754][INFO|database.py-upgrade_schema:285] >> 테이블 'mysafety_duplicate_member' 생성 중...
[2026-09-26 16:04:29,759][INFO|database.py-upgrade_schema:285] >> 테이블 'mysafety_entry_value' 생성 중...
[2026-09-26 16:04:29,761][INFO|database.py-upgrade_schema:285] >> 테이블 'mysafety_geocode_cache' 생성 중...
[2026-09-26 16:04:29,764][INFO|database.py-upgrade_schema:285] >> 테이블 'mysafety_raw_content' 생성 중...
[2026-09-26 16:04:29,766][INFO|database.py-upgrade_schema:285] >> 테이블 'mysafety_report_override' 생성 중...
[2026-09-26 16:04:29,772][INFO|database.py-upgrade_schema:285] >> 테이블 'mysafety_sync_meta' 생성 중...
[2026-09-26 16:04:29,774][INFO|database.py-upgrade_schema:285] >> 테이블 'mysafety_watchlist' 생성 중...
[2026-09-26 16:04:29,776][INFO|database.py-upgrade_schema:285] >> 테이블 'mysafetydetail_other' 생성 중...
[2026-09-26 16:04:29,778][INFO|database.py-upgrade_schema:285] >> 테이블 'mysafetydetail_parking' 생성 중...
[2026-09-26 16:04:29,781][INFO|database.py-upgrade_schema:285] >> 테이블 'mysafetydetail_traffic' 생성 중...
[2026-09-26 16:04:29,783][INFO|database.py-upgrade_schema:285] >> 테이블 'mysafetymerge_other' 생성 중...
[2026-09-26 16:04:29,785][INFO|database.py-upgrade_schema:285] >> 테이블 'mysafetymerge_parking' 생성 중...
[2026-09-26 16:04:29,789][INFO|database.py-upgrade_schema:285] >> 테이블 'mysafetymerge_traffic' 생성 중...
[2026-09-26 16:04:29,794][INFO|database.py-_apply_versioned_migrations:452] >> [schema] DB 스키마 버전 1 적용
[2026-09-26 16:04:29,805][INFO|database.py-_apply_versioned_migrations:452] >> [schema] DB 스키마 버전 2 적용
[2026-09-26 16:04:29,809][INFO|database.py-_apply_versioned_migrations:452] >> [schema] DB 스키마 버전 3 적용
[2026-09-26 16:04:29,833][INFO|database.py-_apply_versioned_migrations:452] >> [schema] DB 스키마 버전 4 적용
[2026-09-26 16:04:29,999][INFO|community_auth_service.py-start:465] >> [community] 연결 요청을 만들었습니다(pc).
[2026-09-26 16:04:30,028][INFO|community_auth_service.py-_handle_code:663] >> [community] 로그인 결과를 받았습니다. 관리자 확인을 기다립니다.
[2026-09-26 16:04:30,032][INFO|community_auth_service.py-confirm:744] >> [community] 커뮤니티 계정을 이 서버에 연결했습니다.
[2026-09-26 16:04:30,174][INFO|_client.py-_send_single_request:1025] >> HTTP Request: GET http://testserver/api/v1/app/config "HTTP/1.1 200 OK"
.[2026-09-26 16:04:30,561][INFO|community_auth_service.py-start:465] >> [community] 연결 요청을 만들었습니다(pc).
[2026-09-26 16:04:30,608][INFO|community_auth_service.py-_handle_code:663] >> [community] 로그인 결과를 받았습니다. 관리자 확인을 기다립니다.
[2026-09-26 16:04:30,613][INFO|community_auth_service.py-confirm:744] >> [community] 커뮤니티 계정을 이 서버에 연결했습니다.
.[2026-09-26 16:04:31,128][INFO|_client.py-_send_single_request:1025] >> HTTP Request: GET http://testserver/api/v1/files?path=auth "HTTP/1.1 403 Forbidden"
.[2026-09-26 16:04:32,152][WARNING|community_auth_service.py-start:446] >> [community] 연결 요청 생성 실패: network_error
[2026-09-26 16:04:32,154][INFO|_client.py-_send_single_request:1025] >> HTTP Request: POST http://testserver/api/v1/community-auth/start "HTTP/1.1 502 Bad Gateway"
.[2026-09-26 16:04:32,163][INFO|_client.py-_send_single_request:1025] >> HTTP Request: GET http://testserver/api/v1/community-auth/status "HTTP/1.1 200 OK"
[2026-09-26 16:04:32,192][INFO|community_auth_service.py-start:465] >> [community] 연결 요청을 만들었습니다(mobile_client_server).
[2026-09-26 16:04:32,198][INFO|_client.py-_send_single_request:1025] >> HTTP Request: POST http://testserver/api/v1/community-auth/start "HTTP/1.1 200 OK"
[2026-09-26 16:04:32,204][INFO|_client.py-_send_single_request:1025] >> HTTP Request: GET http://testserver/api/v1/community-auth/status "HTTP/1.1 200 OK"
[2026-09-26 16:04:32,237][INFO|_client.py-_send_single_request:1025] >> HTTP Request: GET http://testserver/api/v1/community-auth/status "HTTP/1.1 200 OK"
[2026-09-26 16:04:32,240][INFO|community_auth_service.py-_handle_code:663] >> [community] 로그인 결과를 받았습니다. 관리자 확인을 기다립니다.
[2026-09-26 16:04:32,264][INFO|_client.py-_send_single_request:1025] >> HTTP Request: GET http://testserver/api/v1/community-auth/status "HTTP/1.1 200 OK"
[2026-09-26 16:04:32,273][INFO|community_auth_service.py-confirm:744] >> [community] 커뮤니티 계정을 이 서버에 연결했습니다.
[2026-09-26 16:04:32,332][INFO|_client.py-_send_single_request:1025] >> HTTP Request: POST http://testserver/api/v1/community-auth/confirm "HTTP/1.1 200 OK"
[2026-09-26 16:04:32,340][INFO|_client.py-_send_single_request:1025] >> HTTP Request: POST http://testserver/api/v1/community-auth/confirm "HTTP/1.1 409 Conflict"
[2026-09-26 16:04:32,357][INFO|community_auth_service.py-disconnect:826] >> [community] 커뮤니티 계정 연결을 해제했습니다(서버 로그아웃 확인: True).
[2026-09-26 16:04:32,359][INFO|_client.py-_send_single_request:1025] >> HTTP Request: POST http://testserver/api/v1/community-auth/disconnect "HTTP/1.1 200 OK"
./home/better0101/projects/safetyreport/.venv/lib/python3.14/site-packages/sqlalchemy/engine/default.py:1313: ResourceWarning: unclosed database in <sqlite3.Connection object at 0x7baef4146200>
  @classmethod
ResourceWarning: Enable tracemalloc to get the object allocation traceback
/home/better0101/projects/safetyreport/.venv/lib/python3.14/site-packages/sqlalchemy/engine/default.py:1313: ResourceWarning: unclosed database in <sqlite3.Connection object at 0x7baeedf22020>
  @classmethod
ResourceWarning: Enable tracemalloc to get the object allocation traceback
[2026-09-26 16:04:32,873][INFO|_client.py-_send_single_request:1025] >> HTTP Request: GET http://testserver/api/v1/community-auth/status "HTTP/1.1 401 Unauthorized"
[2026-09-26 16:04:32,885][INFO|community_auth_service.py-start:465] >> [community] 연결 요청을 만들었습니다(pc).
[2026-09-26 16:04:32,904][INFO|_client.py-_send_single_request:1025] >> HTTP Request: GET http://testserver/api/v1/community-auth/status "HTTP/1.1 200 OK"
[2026-09-26 16:04:32,910][INFO|_client.py-_send_single_request:1025] >> HTTP Request: POST http://testserver/api/v1/community-auth/start "HTTP/1.1 403 Forbidden"
[2026-09-26 16:04:32,918][INFO|_client.py-_send_single_request:1025] >> HTTP Request: POST http://testserver/api/v1/community-auth/confirm "HTTP/1.1 403 Forbidden"
[2026-09-26 16:04:32,924][INFO|_client.py-_send_single_request:1025] >> HTTP Request: POST http://testserver/api/v1/community-auth/cancel "HTTP/1.1 403 Forbidden"
[2026-09-26 16:04:32,930][INFO|_client.py-_send_single_request:1025] >> HTTP Request: POST http://testserver/api/v1/community-auth/disconnect "HTTP/1.1 403 Forbidden"
.[2026-09-26 16:04:33,423][INFO|_client.py-_send_single_request:1025] >> HTTP Request: GET http://testserver/settings/community/status "HTTP/1.1 401 Unauthorized"
[2026-09-26 16:04:33,424][INFO|_client.py-_send_single_request:1025] >> HTTP Request: POST http://testserver/settings/community/start "HTTP/1.1 401 Unauthorized"
[2026-09-26 16:04:33,426][INFO|_client.py-_send_single_request:1025] >> HTTP Request: POST http://testserver/settings/community/start "HTTP/1.1 302 Found"
.[2026-09-26 16:04:34,064][INFO|_client.py-_send_single_request:1025] >> HTTP Request: POST http://testserver/login "HTTP/1.1 303 See Other"
[2026-09-26 16:04:34,068][INFO|_client.py-_send_single_request:1025] >> HTTP Request: GET http://testserver/settings/ "HTTP/1.1 302 Found"
[2026-09-26 16:04:34,092][INFO|_client.py-_send_single_request:1025] >> HTTP Request: GET http://testserver/onboarding/community?next=/settings/ "HTTP/1.1 200 OK"
[2026-09-26 16:04:34,098][INFO|_client.py-_send_single_request:1025] >> HTTP Request: POST http://testserver/settings/community/start "HTTP/1.1 403 Forbidden"
[2026-09-26 16:04:34,102][INFO|_client.py-_send_single_request:1025] >> HTTP Request: POST http://testserver/settings/community/start "HTTP/1.1 403 Forbidden"
[2026-09-26 16:04:34,106][INFO|_client.py-_send_single_request:1025] >> HTTP Request: POST http://testserver/settings/community/start "HTTP/1.1 403 Forbidden"
[2026-09-26 16:04:34,110][INFO|_client.py-_send_single_request:1025] >> HTTP Request: POST http://testserver/settings/community/start "HTTP/1.1 403 Forbidden"
[2026-09-26 16:04:34,118][INFO|_client.py-_send_single_request:1025] >> HTTP Request: POST http://testserver/settings/community/start "HTTP/1.1 403 Forbidden"
[2026-09-26 16:04:34,122][INFO|_client.py-_send_single_request:1025] >> HTTP Request: POST http://testserver/settings/community/start "HTTP/1.1 403 Forbidden"
[2026-09-26 16:04:34,126][INFO|_client.py-_send_single_request:1025] >> HTTP Request: POST http://testserver/settings/community/confirm "HTTP/1.1 403 Forbidden"
[2026-09-26 16:04:34,133][INFO|_client.py-_send_single_request:1025] >> HTTP Request: POST http://testserver/settings/community/cancel "HTTP/1.1 403 Forbidden"
[2026-09-26 16:04:34,137][INFO|_client.py-_send_single_request:1025] >> HTTP Request: POST http://testserver/settings/community/disconnect "HTTP/1.1 403 Forbidden"
[2026-09-26 16:04:34,144][INFO|_client.py-_send_single_request:1025] >> HTTP Request: POST http://testserver/settings/community/settings "HTTP/1.1 403 Forbidden"
[2026-09-26 16:04:34,161][INFO|community_auth_service.py-start:465] >> [community] 연결 요청을 만들었습니다(pc).
[2026-09-26 16:04:34,169][INFO|_client.py-_send_single_request:1025] >> HTTP Request: POST http://testserver/settings/community/start "HTTP/1.1 200 OK"
.[2026-09-26 16:04:34,803][INFO|_client.py-_send_single_request:1025] >> HTTP Request: POST http://testserver/login "HTTP/1.1 303 See Other"
[2026-09-26 16:04:34,813][INFO|_client.py-_send_single_request:1025] >> HTTP Request: GET http://testserver/settings/ "HTTP/1.1 302 Found"
[2026-09-26 16:04:34,822][INFO|_client.py-_send_single_request:1025] >> HTTP Request: GET http://testserver/onboarding/community?next=/settings/ "HTTP/1.1 200 OK"
[2026-09-26 16:04:34,829][INFO|_client.py-_send_single_request:1025] >> HTTP Request: POST http://testserver/settings/community/confirm "HTTP/1.1 409 Conflict"
[2026-09-26 16:04:34,837][INFO|_client.py-_send_single_request:1025] >> HTTP Request: POST http://testserver/settings/community/cancel "HTTP/1.1 409 Conflict"
[2026-09-26 16:04:34,842][INFO|_client.py-_send_single_request:1025] >> HTTP Request: POST http://testserver/settings/community/start "HTTP/1.1 400 Bad Request"
.[2026-09-26 16:04:35,322][INFO|_client.py-_send_single_request:1025] >> HTTP Request: POST http://testserver/login "HTTP/1.1 303 See Other"
[2026-09-26 16:04:35,327][INFO|_client.py-_send_single_request:1025] >> HTTP Request: GET http://testserver/settings/ "HTTP/1.1 302 Found"
[2026-09-26 16:04:35,336][INFO|_client.py-_send_single_request:1025] >> HTTP Request: GET http://testserver/onboarding/community?next=/settings/ "HTTP/1.1 200 OK"
[2026-09-26 16:04:35,366][INFO|community_auth_service.py-start:465] >> [community] 연결 요청을 만들었습니다(pc).
[2026-09-26 16:04:35,374][INFO|_client.py-_send_single_request:1025] >> HTTP Request: POST http://testserver/settings/community/start "HTTP/1.1 200 OK"
[2026-09-26 16:04:35,383][INFO|_client.py-_send_single_request:1025] >> HTTP Request: POST http://testserver/settings/community/start "HTTP/1.1 400 Bad Request"
[2026-09-26 16:04:35,419][INFO|community_auth_service.py-start:465] >> [community] 연결 요청을 만들었습니다(pc).
[2026-09-26 16:04:35,426][INFO|_client.py-_send_single_request:1025] >> HTTP Request: POST http://testserver/settings/community/start "HTTP/1.1 200 OK"
[2026-09-26 16:04:35,434][INFO|_client.py-_send_single_request:1025] >> HTTP Request: GET http://testserver/settings/community/status "HTTP/1.1 200 OK"
[2026-09-26 16:04:35,473][INFO|_client.py-_send_single_request:1025] >> HTTP Request: GET http://testserver/settings/community/status "HTTP/1.1 200 OK"
[2026-09-26 16:04:35,476][INFO|community_auth_service.py-_handle_code:663] >> [community] 로그인 결과를 받았습니다. 관리자 확인을 기다립니다.
[2026-09-26 16:04:35,507][INFO|_client.py-_send_single_request:1025] >> HTTP Request: GET http://testserver/settings/community/status "HTTP/1.1 200 OK"
[2026-09-26 16:04:35,514][INFO|_client.py-_send_single_request:1025] >> HTTP Request: GET http://testserver/settings/community/status "HTTP/1.1 200 OK"
[2026-09-26 16:04:35,522][INFO|community_auth_service.py-confirm:744] >> [community] 커뮤니티 계정을 이 서버에 연결했습니다.
[2026-09-26 16:04:35,539][INFO|_client.py-_send_single_request:1025] >> HTTP Request: POST http://testserver/settings/community/confirm "HTTP/1.1 200 OK"
[2026-09-26 16:04:35,548][INFO|_client.py-_send_single_request:1025] >> HTTP Request: GET http://testserver/settings/ "HTTP/1.1 302 Found"
[2026-09-26 16:04:35,561][INFO|_client.py-_send_single_request:1025] >> HTTP Request: GET http://testserver/onboarding/community?next=/settings/ "HTTP/1.1 200 OK"
/usr/lib/python3.14/weakref.py:326: ResourceWarning: unclosed database in <sqlite3.Connection object at 0x7baeedf97100>
  return self.data[ref(key)]
ResourceWarning: Enable tracemalloc to get the object allocation traceback
[2026-09-26 16:04:35,589][INFO|community_auth_service.py-disconnect:826] >> [community] 커뮤니티 계정 연결을 해제했습니다(서버 로그아웃 확인: True).
[2026-09-26 16:04:35,592][INFO|_client.py-_send_single_request:1025] >> HTTP Request: POST http://testserver/settings/community/disconnect "HTTP/1.1 200 OK"
.[2026-09-26 16:04:36,227][INFO|_client.py-_send_single_request:1025] >> HTTP Request: POST http://testserver/login "HTTP/1.1 303 See Other"
[2026-09-26 16:04:36,235][INFO|_client.py-_send_single_request:1025] >> HTTP Request: GET http://testserver/settings/ "HTTP/1.1 302 Found"
[2026-09-26 16:04:36,240][INFO|_client.py-_send_single_request:1025] >> HTTP Request: GET http://testserver/onboarding/community?next=/settings/ "HTTP/1.1 200 OK"
[2026-09-26 16:04:36,255][INFO|_client.py-_send_single_request:1025] >> HTTP Request: POST http://testserver/settings/community/settings "HTTP/1.1 200 OK"
[2026-09-26 16:04:36,264][INFO|_client.py-_send_single_request:1025] >> HTTP Request: POST http://testserver/settings/community/settings "HTTP/1.1 400 Bad Request"
[2026-09-26 16:04:36,274][INFO|_client.py-_send_single_request:1025] >> HTTP Request: POST http://testserver/settings/community/settings "HTTP/1.1 400 Bad Request"
/home/better0101/projects/safetyreport/.venv/lib/python3.14/site-packages/anyio/abc/_tasks.py:137: ResourceWarning: unclosed database in <sqlite3.Connection object at 0x7baeedf21d50>
  @final
ResourceWarning: Enable tracemalloc to get the object allocation traceback
/home/better0101/projects/safetyreport/.venv/lib/python3.14/site-packages/anyio/abc/_tasks.py:137: ResourceWarning: unclosed database in <sqlite3.Connection object at 0x7baeedf226b0>
  @final
ResourceWarning: Enable tracemalloc to get the object allocation traceback
/home/better0101/projects/safetyreport/.venv/lib/python3.14/site-packages/anyio/abc/_tasks.py:137: ResourceWarning: unclosed database in <sqlite3.Connection object at 0x7baef4146890>
  @final
ResourceWarning: Enable tracemalloc to get the object allocation traceback
[2026-09-26 16:04:36,295][INFO|_client.py-_send_single_request:1025] >> HTTP Request: POST http://testserver/settings/community/settings "HTTP/1.1 400 Bad Request"
[2026-09-26 16:04:36,313][INFO|_client.py-_send_single_request:1025] >> HTTP Request: POST http://testserver/settings/community/settings "HTTP/1.1 200 OK"
.[2026-09-26 16:04:36,621][INFO|community_auth_service.py-start:465] >> [community] 연결 요청을 만들었습니다(pc).
[2026-09-26 16:04:36,642][INFO|community_auth_service.py-_handle_code:663] >> [community] 로그인 결과를 받았습니다. 관리자 확인을 기다립니다.
[2026-09-26 16:04:36,648][INFO|community_auth_service.py-confirm:744] >> [community] 커뮤니티 계정을 이 서버에 연결했습니다.
[2026-09-26 16:04:36,663][INFO|community_auth_service.py-start:465] >> [community] 연결 요청을 만들었습니다(pc).
[2026-09-26 16:04:36,683][INFO|community_auth_service.py-_handle_code:663] >> [community] 로그인 결과를 받았습니다. 관리자 확인을 기다립니다.
[2026-09-26 16:04:36,699][INFO|community_auth_service.py-cancel:788] >> [community] 연결 요청을 취소했습니다.
.[2026-09-26 16:04:37,221][INFO|community_auth_service.py-start:465] >> [community] 연결 요청을 만들었습니다(pc).
[2026-09-26 16:04:37,262][INFO|community_auth_service.py-_handle_code:663] >> [community] 로그인 결과를 받았습니다. 관리자 확인을 기다립니다.
[2026-09-26 16:04:37,276][INFO|community_auth_service.py-confirm:744] >> [community] 커뮤니티 계정을 이 서버에 연결했습니다.
[2026-09-26 16:04:37,279][WARNING|community_auth_service.py-_complete_with_retry:768] >> [community] complete 실패: auth_invalid
.[2026-09-26 16:04:37,796][INFO|community_auth_service.py-start:465] >> [community] 연결 요청을 만들었습니다(pc).
[2026-09-26 16:04:37,824][INFO|community_auth_service.py-_handle_code:663] >> [community] 로그인 결과를 받았습니다. 관리자 확인을 기다립니다.
[2026-09-26 16:04:37,829][INFO|community_auth_service.py-confirm:744] >> [community] 커뮤니티 계정을 이 서버에 연결했습니다.
.[2026-09-26 16:04:38,384][INFO|community_auth_service.py-start:465] >> [community] 연결 요청을 만들었습니다(pc).
[2026-09-26 16:04:38,430][INFO|community_auth_service.py-_handle_code:663] >> [community] 로그인 결과를 받았습니다. 관리자 확인을 기다립니다.
[2026-09-26 16:04:38,434][INFO|community_auth_service.py-confirm:744] >> [community] 커뮤니티 계정을 이 서버에 연결했습니다.
.[2026-09-26 16:04:38,971][INFO|community_auth_service.py-start:465] >> [community] 연결 요청을 만들었습니다(pc).
.[2026-09-26 16:04:39,491][INFO|community_auth_service.py-start:465] >> [community] 연결 요청을 만들었습니다(pc).
[2026-09-26 16:04:39,539][INFO|community_auth_service.py-_handle_code:663] >> [community] 로그인 결과를 받았습니다. 관리자 확인을 기다립니다.
[2026-09-26 16:04:39,554][INFO|community_auth_service.py-confirm:744] >> [community] 커뮤니티 계정을 이 서버에 연결했습니다.
[2026-09-26 16:04:39,574][INFO|community_auth_service.py-start:465] >> [community] 연결 요청을 만들었습니다(pc).
[2026-09-26 16:04:39,594][INFO|community_auth_service.py-_handle_code:663] >> [community] 로그인 결과를 받았습니다. 관리자 확인을 기다립니다.
[2026-09-26 16:04:39,608][INFO|community_auth_service.py-confirm:744] >> [community] 커뮤니티 계정을 이 서버에 연결했습니다.
.[2026-09-26 16:04:40,138][INFO|community_auth_service.py-start:465] >> [community] 연결 요청을 만들었습니다(pc).
.[2026-09-26 16:04:40,659][INFO|community_auth_service.py-start:465] >> [community] 연결 요청을 만들었습니다(pc).
[2026-09-26 16:04:40,706][INFO|community_auth_service.py-_handle_code:663] >> [community] 로그인 결과를 받았습니다. 관리자 확인을 기다립니다.
[2026-09-26 16:04:40,711][INFO|community_auth_service.py-confirm:744] >> [community] 커뮤니티 계정을 이 서버에 연결했습니다.
[2026-09-26 16:04:40,718][INFO|community_auth_service.py-disconnect:826] >> [community] 커뮤니티 계정 연결을 해제했습니다(서버 로그아웃 확인: True).
.[2026-09-26 16:04:41,240][INFO|community_auth_service.py-start:465] >> [community] 연결 요청을 만들었습니다(pc).
[2026-09-26 16:04:41,255][INFO|community_auth_service.py-_handle_code:663] >> [community] 로그인 결과를 받았습니다. 관리자 확인을 기다립니다.
[2026-09-26 16:04:41,270][INFO|community_auth_service.py-confirm:744] >> [community] 커뮤니티 계정을 이 서버에 연결했습니다.
[2026-09-26 16:04:41,779][INFO|community_auth_service.py-_logout_quietly:840] >> [community] 세션 로그아웃 실패(무시): network_error
[2026-09-26 16:04:41,779][INFO|community_auth_service.py-disconnect:826] >> [community] 커뮤니티 계정 연결을 해제했습니다(서버 로그아웃 확인: False).
.[2026-09-26 16:04:41,801][INFO|community_auth_service.py-start:465] >> [community] 연결 요청을 만들었습니다(pc).
[2026-09-26 16:04:41,850][INFO|community_auth_service.py-_handle_code:663] >> [community] 로그인 결과를 받았습니다. 관리자 확인을 기다립니다.
[2026-09-26 16:04:41,869][INFO|community_auth_service.py-confirm:744] >> [community] 커뮤니티 계정을 이 서버에 연결했습니다.
[2026-09-26 16:04:41,883][INFO|community_auth_service.py-disconnect:826] >> [community] 커뮤니티 계정 연결을 해제했습니다(서버 로그아웃 확인: True).
.[2026-09-26 16:04:42,400][INFO|community_auth_service.py-start:465] >> [community] 연결 요청을 만들었습니다(pc).
[2026-09-26 16:04:42,430][WARNING|community_auth_service.py-_handle_code:639] >> [community] 코드 교환 실패: bad_code_verifier
[2026-09-26 16:04:42,434][INFO|community_auth_service.py-_fail_pending:697] >> [community] 연결 요청 종료: exchange_failed
.[2026-09-26 16:04:42,956][INFO|community_auth_service.py-start:465] >> [community] 연결 요청을 만들었습니다(pc).
.[2026-09-26 16:04:43,464][WARNING|runtime_mode.py-block_if_fixture:47] >> [fixture] blocked: community auth network
./home/better0101/projects/safetyreport/.venv/lib/python3.14/site-packages/requests/structures.py:71: ResourceWarning: unclosed database in <sqlite3.Connection object at 0x7baef41474c0>
  return (casedkey for casedkey, _ in self._store.values())
ResourceWarning: Enable tracemalloc to get the object allocation traceback
[2026-09-26 16:04:43,993][INFO|community_auth_service.py-start:465] >> [community] 연결 요청을 만들었습니다(pc).
[2026-09-26 16:04:44,009][INFO|community_auth_service.py-_handle_code:663] >> [community] 로그인 결과를 받았습니다. 관리자 확인을 기다립니다.
[2026-09-26 16:04:44,023][INFO|community_auth_service.py-confirm:744] >> [community] 커뮤니티 계정을 이 서버에 연결했습니다.
[2026-09-26 16:04:44,036][WARNING|community_auth_service.py-get_access_token:863] >> [community] refresh 토큰이 거부되어 다시 로그인이 필요합니다: refresh_token_not_found
..[2026-09-26 16:04:45,066][INFO|community_auth_service.py-start:465] >> [community] 연결 요청을 만들었습니다(pc).
[2026-09-26 16:04:45,089][INFO|community_auth_service.py-_handle_code:663] >> [community] 로그인 결과를 받았습니다. 관리자 확인을 기다립니다.
[2026-09-26 16:04:45,096][INFO|community_auth_service.py-confirm:744] >> [community] 커뮤니티 계정을 이 서버에 연결했습니다.
[2026-09-26 16:04:45,128][INFO|community_auth_service.py-start:465] >> [community] 연결 요청을 만들었습니다(pc).
[2026-09-26 16:04:45,172][INFO|community_auth_service.py-_handle_code:663] >> [community] 로그인 결과를 받았습니다. 관리자 확인을 기다립니다.
[2026-09-26 16:04:45,188][INFO|community_auth_service.py-cancel:788] >> [community] 연결 요청을 취소했습니다.
[2026-09-26 16:04:45,207][INFO|community_auth_service.py-disconnect:826] >> [community] 커뮤니티 계정 연결을 해제했습니다(서버 로그아웃 확인: True).
.[2026-09-26 16:04:45,729][INFO|community_auth_service.py-start:465] >> [community] 연결 요청을 만들었습니다(pc).
[2026-09-26 16:04:45,821][INFO|community_auth_service.py-_handle_code:663] >> [community] 로그인 결과를 받았습니다. 관리자 확인을 기다립니다.
.[2026-09-26 16:04:46,337][INFO|community_auth_service.py-start:465] >> [community] 연결 요청을 만들었습니다(pc).
[2026-09-26 16:04:46,358][INFO|community_auth_service.py-start:465] >> [community] 연결 요청을 만들었습니다(pc).
.[2026-09-26 16:04:46,875][INFO|community_auth_service.py-start:465] >> [community] 연결 요청을 만들었습니다(pc).
[2026-09-26 16:04:46,883][INFO|community_auth_service.py-_fail_pending:697] >> [community] 연결 요청 종료: expired
.[2026-09-26 16:04:47,395][INFO|community_auth_service.py-start:465] >> [community] 연결 요청을 만들었습니다(pc).
[2026-09-26 16:04:47,413][INFO|community_auth_service.py-_handle_code:663] >> [community] 로그인 결과를 받았습니다. 관리자 확인을 기다립니다.
[2026-09-26 16:04:47,422][INFO|community_auth_service.py-confirm:744] >> [community] 커뮤니티 계정을 이 서버에 연결했습니다.
.[2026-09-26 16:04:47,947][INFO|community_auth_service.py-_fail_pending:697] >> [community] 연결 요청 종료: interrupted
[2026-09-26 16:04:47,950][INFO|community_auth_service.py-_safe_relay_cancel:806] >> [community] 중계 취소 실패(무시): not_found
.[2026-09-26 16:04:48,465][INFO|community_auth_service.py-start:465] >> [community] 연결 요청을 만들었습니다(pc).
[2026-09-26 16:04:48,492][INFO|community_auth_service.py-_handle_code:663] >> [community] 로그인 결과를 받았습니다. 관리자 확인을 기다립니다.
.[2026-09-26 16:04:49,002][INFO|community_auth_service.py-start:465] >> [community] 연결 요청을 만들었습니다(pc).
.[2026-09-26 16:04:49,535][INFO|community_auth_service.py-start:465] >> [community] 연결 요청을 만들었습니다(pc).
[2026-09-26 16:04:49,602][INFO|community_auth_service.py-_handle_code:663] >> [community] 로그인 결과를 받았습니다. 관리자 확인을 기다립니다.
[2026-09-26 16:04:49,760][INFO|community_auth_service.py-confirm:744] >> [community] 커뮤니티 계정을 이 서버에 연결했습니다.
.[2026-09-26 16:04:50,276][INFO|community_auth_service.py-start:465] >> [community] 연결 요청을 만들었습니다(pc).
.[2026-09-26 16:04:50,805][INFO|community_auth_service.py-start:465] >> [community] 연결 요청을 만들었습니다(pc).
[2026-09-26 16:04:50,825][INFO|community_auth_service.py-_handle_code:663] >> [community] 로그인 결과를 받았습니다. 관리자 확인을 기다립니다.
[2026-09-26 16:04:50,833][INFO|community_auth_service.py-confirm:744] >> [community] 커뮤니티 계정을 이 서버에 연결했습니다.
.[2026-09-26 16:04:51,363][INFO|community_auth_service.py-start:465] >> [community] 연결 요청을 만들었습니다(pc).
[2026-09-26 16:04:51,407][INFO|community_auth_service.py-_handle_code:663] >> [community] 로그인 결과를 받았습니다. 관리자 확인을 기다립니다.
[2026-09-26 16:04:51,420][INFO|community_auth_service.py-confirm:744] >> [community] 커뮤니티 계정을 이 서버에 연결했습니다.
[2026-09-26 16:04:51,423][WARNING|community_auth_store.py-reset_unreadable:264] >> [community] 읽을 수 없는 커뮤니티 세션 파일을 community_session.enc.unreadable-20260926160451 로 옮겼습니다.
.[2026-09-26 16:04:51,946][INFO|community_auth_service.py-start:465] >> [community] 연결 요청을 만들었습니다(pc).
[2026-09-26 16:04:51,969][INFO|community_auth_service.py-_handle_code:663] >> [community] 로그인 결과를 받았습니다. 관리자 확인을 기다립니다.
[2026-09-26 16:04:51,976][INFO|community_auth_service.py-confirm:744] >> [community] 커뮤니티 계정을 이 서버에 연결했습니다.
[2026-09-26 16:04:51,984][INFO|community_auth_service.py-disconnect:826] >> [community] 커뮤니티 계정 연결을 해제했습니다(서버 로그아웃 확인: True).
.......[2026-09-26 16:04:52,538][INFO|community_auth_service.py-start:465] >> [community] 연결 요청을 만들었습니다(pc).
[2026-09-26 16:04:52,562][INFO|community_auth_service.py-start:465] >> [community] 연결 요청을 만들었습니다(pc).
[2026-09-26 16:04:52,583][INFO|community_auth_service.py-_handle_code:663] >> [community] 로그인 결과를 받았습니다. 관리자 확인을 기다립니다.
[2026-09-26 16:04:52,610][INFO|community_auth_service.py-_handle_code:663] >> [community] 로그인 결과를 받았습니다. 관리자 확인을 기다립니다.
[2026-09-26 16:04:52,616][INFO|community_auth_service.py-confirm:744] >> [community] 커뮤니티 계정을 이 서버에 연결했습니다.
[2026-09-26 16:04:52,622][INFO|community_auth_service.py-confirm:744] >> [community] 커뮤니티 계정을 이 서버에 연결했습니다.
.sss........................./usr/lib/python3.14/unittest/mock.py:2259: ResourceWarning: unclosed database in <sqlite3.Connection object at 0x7baeec660040>
  def __init__(self, name, parent):
ResourceWarning: Enable tracemalloc to get the object allocation traceback
/usr/lib/python3.14/unittest/mock.py:2259: ResourceWarning: unclosed database in <sqlite3.Connection object at 0x7baeec6605e0>
  def __init__(self, name, parent):
ResourceWarning: Enable tracemalloc to get the object allocation traceback
/usr/lib/python3.14/unittest/mock.py:2259: ResourceWarning: unclosed database in <sqlite3.Connection object at 0x7baeec660130>
  def __init__(self, name, parent):
ResourceWarning: Enable tracemalloc to get the object allocation traceback
/usr/lib/python3.14/unittest/mock.py:2259: ResourceWarning: unclosed database in <sqlite3.Connection object at 0x7baeec660b80>
  def __init__(self, name, parent):
ResourceWarning: Enable tracemalloc to get the object allocation traceback
../usr/lib/python3.14/unittest/mock.py:2259: ResourceWarning: unclosed database in <sqlite3.Connection object at 0x7baf25bb5d50>
  def __init__(self, name, parent):
ResourceWarning: Enable tracemalloc to get the object allocation traceback
....[2026-09-26 16:04:54,458][WARNING|community_route.py-_contributions_delete:296] >> 공유 자료 삭제 뒤 writer 연결 파일을 지우지 못함 — 다음 게이트 확인 때 다시 등록 필요
....[2026-09-26 16:04:54,470][INFO|_client.py-_send_single_request:1025] >> HTTP Request: GET http://testserver/settings/ "HTTP/1.1 302 Found"
[2026-09-26 16:04:54,471][INFO|_client.py-_send_single_request:1025] >> HTTP Request: GET http://testserver/onboarding/community "HTTP/1.1 302 Found"
..[2026-09-26 16:04:55,481][INFO|_client.py-_send_single_request:1025] >> HTTP Request: GET http://testserver/api/v1/summary "HTTP/1.1 401 Unauthorized"
[2026-09-26 16:04:55,486][INFO|_client.py-_send_single_request:1025] >> HTTP Request: GET http://testserver/api/v1/summary "HTTP/1.1 403 Forbidden"
[2026-09-26 16:04:55,489][INFO|_client.py-_send_single_request:1025] >> HTTP Request: POST http://testserver/api/v1/crawl/start "HTTP/1.1 403 Forbidden"
[2026-09-26 16:04:55,495][INFO|_client.py-_send_single_request:1025] >> HTTP Request: GET http://testserver/api/v1/app/config "HTTP/1.1 200 OK"
[2026-09-26 16:04:55,537][INFO|_client.py-_send_single_request:1025] >> HTTP Request: GET http://testserver/api/v1/community/gate "HTTP/1.1 200 OK"
.[2026-09-26 16:04:55,982][INFO|ws_manager.py-disconnect:47] >> [WS] 클라이언트 종료: t-open (남은 0개)
.[2026-09-26 16:04:56,494][INFO|community_auth_service.py-start:465] >> [community] 연결 요청을 만들었습니다(pc).
[2026-09-26 16:04:56,511][INFO|community_auth_service.py-_handle_code:663] >> [community] 로그인 결과를 받았습니다. 관리자 확인을 기다립니다.
[2026-09-26 16:04:56,522][INFO|community_auth_service.py-confirm:744] >> [community] 커뮤니티 계정을 이 서버에 연결했습니다.
[2026-09-26 16:04:56,587][INFO|_client.py-_send_single_request:1025] >> HTTP Request: POST http://testserver/api/v1/community/upload/run "HTTP/1.1 403 Forbidden"
[2026-09-26 16:04:56,596][INFO|_client.py-_send_single_request:1025] >> HTTP Request: POST http://testserver/api/v1/community/upload/run "HTTP/1.1 403 Forbidden"
[2026-09-26 16:04:56,610][INFO|_client.py-_send_single_request:1025] >> HTTP Request: POST http://testserver/api/v1/community/upload/run "HTTP/1.1 200 OK"
[2026-09-26 16:04:56,619][INFO|_client.py-_send_single_request:1025] >> HTTP Request: POST http://testserver/api/v1/community/rebuild/start "HTTP/1.1 403 Forbidden"
./usr/lib/python3.14/_weakrefset.py:46: ResourceWarning: unclosed database in <sqlite3.Connection object at 0x7baef4145a80>
  self.data.add(ref(item, self._remove))
ResourceWarning: Enable tracemalloc to get the object allocation traceback
/usr/lib/python3.14/_weakrefset.py:46: ResourceWarning: unclosed database in <sqlite3.Connection object at 0x7baeedf21c60>
  self.data.add(ref(item, self._remove))
ResourceWarning: Enable tracemalloc to get the object allocation traceback
[2026-09-26 16:04:57,241][INFO|_client.py-_send_single_request:1025] >> HTTP Request: POST http://testserver/login "HTTP/1.1 303 See Other"
[2026-09-26 16:04:57,247][INFO|_client.py-_send_single_request:1025] >> HTTP Request: GET http://testserver/onboarding/community "HTTP/1.1 200 OK"
[2026-09-26 16:04:57,251][INFO|_client.py-_send_single_request:1025] >> HTTP Request: GET http://testserver/onboarding/community "HTTP/1.1 200 OK"
[2026-09-26 16:04:57,315][INFO|_client.py-_send_single_request:1025] >> HTTP Request: POST http://testserver/settings/community/settings "HTTP/1.1 200 OK"
.[2026-09-26 16:04:57,737][INFO|_client.py-_send_single_request:1025] >> HTTP Request: POST http://testserver/login "HTTP/1.1 303 See Other"
[2026-09-26 16:04:57,744][INFO|_client.py-_send_single_request:1025] >> HTTP Request: GET http://testserver/onboarding/community "HTTP/1.1 200 OK"
[2026-09-26 16:04:57,748][INFO|_client.py-_send_single_request:1025] >> HTTP Request: DELETE http://testserver/file-browser/delete "HTTP/1.1 403 Forbidden"
[2026-09-26 16:04:57,751][INFO|_client.py-_send_single_request:1025] >> HTTP Request: GET http://testserver/ "HTTP/1.1 403 Forbidden"
[2026-09-26 16:04:57,755][INFO|_client.py-_send_single_request:1025] >> HTTP Request: GET http://testserver/api/v1/address "HTTP/1.1 403 Forbidden"
[2026-09-26 16:04:57,759][INFO|_client.py-_send_single_request:1025] >> HTTP Request: GET http://testserver/api/v1/community/upload/status "HTTP/1.1 403 Forbidden"
[2026-09-26 16:04:57,764][INFO|_client.py-_send_single_request:1025] >> HTTP Request: GET http://testserver/api/v1/crawl/config "HTTP/1.1 403 Forbidden"
[2026-09-26 16:04:57,775][INFO|_client.py-_send_single_request:1025] >> HTTP Request: GET http://testserver/api/v1/crawl/done "HTTP/1.1 403 Forbidden"
[2026-09-26 16:04:57,780][INFO|_client.py-_send_single_request:1025] >> HTTP Request: GET http://testserver/api/v1/crawl/done/ext "HTTP/1.1 403 Forbidden"
/home/better0101/projects/safetyreport/.venv/lib/python3.14/site-packages/sqlalchemy/sql/elements.py:1975: ResourceWarning: unclosed database in <sqlite3.Connection object at 0x7baeedf207c0>
  def __init__(
ResourceWarning: Enable tracemalloc to get the object allocation traceback
[2026-09-26 16:04:57,785][INFO|_client.py-_send_single_request:1025] >> HTTP Request: GET http://testserver/api/v1/crawl/results "HTTP/1.1 403 Forbidden"
[2026-09-26 16:04:57,789][INFO|_client.py-_send_single_request:1025] >> HTTP Request: GET http://testserver/api/v1/crawl/status "HTTP/1.1 403 Forbidden"
[2026-09-26 16:04:57,795][INFO|_client.py-_send_single_request:1025] >> HTTP Request: GET http://testserver/api/v1/duplicates/groups "HTTP/1.1 403 Forbidden"
[2026-09-26 16:04:57,803][INFO|_client.py-_send_single_request:1025] >> HTTP Request: GET http://testserver/api/v1/editor/schema "HTTP/1.1 403 Forbidden"
[2026-09-26 16:04:57,807][INFO|_client.py-_send_single_request:1025] >> HTTP Request: GET http://testserver/api/v1/editor/category/record_id "HTTP/1.1 403 Forbidden"
[2026-09-26 16:04:57,812][INFO|_client.py-_send_single_request:1025] >> HTTP Request: GET http://testserver/api/v1/files "HTTP/1.1 403 Forbidden"
[2026-09-26 16:04:57,816][INFO|_client.py-_send_single_request:1025] >> HTTP Request: GET http://testserver/api/v1/files/download "HTTP/1.1 403 Forbidden"
[2026-09-26 16:04:57,820][INFO|_client.py-_send_single_request:1025] >> HTTP Request: GET http://testserver/api/v1/maintenance/status "HTTP/1.1 403 Forbidden"
[2026-09-26 16:04:57,824][INFO|_client.py-_send_single_request:1025] >> HTTP Request: GET http://testserver/api/v1/reports/category "HTTP/1.1 403 Forbidden"
[2026-09-26 16:04:57,831][INFO|_client.py-_send_single_request:1025] >> HTTP Request: GET http://testserver/api/v1/server/version "HTTP/1.1 403 Forbidden"
[2026-09-26 16:04:57,836][INFO|_client.py-_send_single_request:1025] >> HTTP Request: GET http://testserver/api/v1/settings/db "HTTP/1.1 403 Forbidden"
[2026-09-26 16:04:57,845][INFO|_client.py-_send_single_request:1025] >> HTTP Request: GET http://testserver/api/v1/stats "HTTP/1.1 403 Forbidden"
[2026-09-26 16:04:57,850][INFO|_client.py-_send_single_request:1025] >> HTTP Request: GET http://testserver/api/v1/stats/map "HTTP/1.1 403 Forbidden"
[2026-09-26 16:04:57,854][INFO|_client.py-_send_single_request:1025] >> HTTP Request: GET http://testserver/api/v1/stats/map/missing "HTTP/1.1 403 Forbidden"
[2026-09-26 16:04:57,859][INFO|_client.py-_send_single_request:1025] >> HTTP Request: GET http://testserver/api/v1/stats/map/progress "HTTP/1.1 403 Forbidden"
[2026-09-26 16:04:57,868][INFO|_client.py-_send_single_request:1025] >> HTTP Request: GET http://testserver/api/v1/stats/overview "HTTP/1.1 403 Forbidden"
[2026-09-26 16:04:57,877][INFO|_client.py-_send_single_request:1025] >> HTTP Request: GET http://testserver/api/v1/summary "HTTP/1.1 403 Forbidden"
[2026-09-26 16:04:57,881][INFO|_client.py-_send_single_request:1025] >> HTTP Request: GET http://testserver/api/v1/sunwi/payload "HTTP/1.1 403 Forbidden"
[2026-09-26 16:04:57,885][INFO|_client.py-_send_single_request:1025] >> HTTP Request: GET http://testserver/api/v1/vehicle/vehicle_number "HTTP/1.1 403 Forbidden"
[2026-09-26 16:04:57,889][INFO|_client.py-_send_single_request:1025] >> HTTP Request: GET http://testserver/api/v1/watchlist "HTTP/1.1 403 Forbidden"
[2026-09-26 16:04:57,891][INFO|_client.py-_send_single_request:1025] >> HTTP Request: GET http://testserver/backup "HTTP/1.1 403 Forbidden"
[2026-09-26 16:04:57,896][INFO|_client.py-_send_single_request:1025] >> HTTP Request: GET http://testserver/backup/download "HTTP/1.1 403 Forbidden"
[2026-09-26 16:04:57,901][INFO|_client.py-_send_single_request:1025] >> HTTP Request: GET http://testserver/community/upload/status "HTTP/1.1 403 Forbidden"
[2026-09-26 16:04:57,904][INFO|_client.py-_send_single_request:1025] >> HTTP Request: GET http://testserver/crawl/ "HTTP/1.1 403 Forbidden"
[2026-09-26 16:04:57,907][INFO|_client.py-_send_single_request:1025] >> HTTP Request: GET http://testserver/data/all "HTTP/1.1 403 Forbidden"
[2026-09-26 16:04:57,909][INFO|_client.py-_send_single_request:1025] >> HTTP Request: GET http://testserver/data/duplicates "HTTP/1.1 403 Forbidden"
[2026-09-26 16:04:57,911][INFO|_client.py-_send_single_request:1025] >> HTTP Request: GET http://testserver/data/other "HTTP/1.1 403 Forbidden"
[2026-09-26 16:04:57,915][INFO|_client.py-_send_single_request:1025] >> HTTP Request: GET http://testserver/data/parking "HTTP/1.1 403 Forbidden"
[2026-09-26 16:04:57,919][INFO|_client.py-_send_single_request:1025] >> HTTP Request: GET http://testserver/data/traffic "HTTP/1.1 403 Forbidden"
[2026-09-26 16:04:57,926][INFO|_client.py-_send_single_request:1025] >> HTTP Request: GET http://testserver/db-editor "HTTP/1.1 403 Forbidden"
[2026-09-26 16:04:57,929][INFO|_client.py-_send_single_request:1025] >> HTTP Request: GET http://testserver/db-editor/category/record_id "HTTP/1.1 403 Forbidden"
[2026-09-26 16:04:57,934][INFO|_client.py-_send_single_request:1025] >> HTTP Request: GET http://testserver/devices/ "HTTP/1.1 403 Forbidden"
[2026-09-26 16:04:57,937][INFO|_client.py-_send_single_request:1025] >> HTTP Request: GET http://testserver/devices/connected-clients "HTTP/1.1 403 Forbidden"
[2026-09-26 16:04:57,944][INFO|_client.py-_send_single_request:1025] >> HTTP Request: GET http://testserver/duplicates/manage "HTTP/1.1 403 Forbidden"
[2026-09-26 16:04:57,950][INFO|_client.py-_send_single_request:1025] >> HTTP Request: GET http://testserver/file-browser "HTTP/1.1 403 Forbidden"
[2026-09-26 16:04:57,955][INFO|_client.py-_send_single_request:1025] >> HTTP Request: GET http://testserver/file-browser/download "HTTP/1.1 403 Forbidden"
[2026-09-26 16:04:57,961][INFO|_client.py-_send_single_request:1025] >> HTTP Request: GET http://testserver/maintenance/status "HTTP/1.1 403 Forbidden"
[2026-09-26 16:04:57,965][INFO|_client.py-_send_single_request:1025] >> HTTP Request: GET http://testserver/media/proxy "HTTP/1.1 403 Forbidden"
[2026-09-26 16:04:57,972][INFO|_client.py-_send_single_request:1025] >> HTTP Request: GET http://testserver/media/status "HTTP/1.1 403 Forbidden"
[2026-09-26 16:04:57,977][INFO|_client.py-_send_single_request:1025] >> HTTP Request: GET http://testserver/rating/ "HTTP/1.1 403 Forbidden"
[2026-09-26 16:04:57,980][INFO|_client.py-_send_single_request:1025] >> HTTP Request: GET http://testserver/settings/ "HTTP/1.1 403 Forbidden"
[2026-09-26 16:04:57,983][INFO|_client.py-_send_single_request:1025] >> HTTP Request: GET http://testserver/settings/admin "HTTP/1.1 403 Forbidden"
[2026-09-26 16:04:57,986][INFO|_client.py-_send_single_request:1025] >> HTTP Request: GET http://testserver/stats "HTTP/1.1 403 Forbidden"
[2026-09-26 16:04:57,989][INFO|_client.py-_send_single_request:1025] >> HTTP Request: GET http://testserver/stats/map "HTTP/1.1 403 Forbidden"
[2026-09-26 16:04:57,994][INFO|_client.py-_send_single_request:1025] >> HTTP Request: GET http://testserver/stats/map/missing "HTTP/1.1 403 Forbidden"
[2026-09-26 16:04:57,999][INFO|_client.py-_send_single_request:1025] >> HTTP Request: GET http://testserver/stats/map/progress "HTTP/1.1 403 Forbidden"
[2026-09-26 16:04:58,005][INFO|_client.py-_send_single_request:1025] >> HTTP Request: GET http://testserver/sunwi/download/all "HTTP/1.1 403 Forbidden"
[2026-09-26 16:04:58,009][INFO|_client.py-_send_single_request:1025] >> HTTP Request: GET http://testserver/sunwi/download/top5 "HTTP/1.1 403 Forbidden"
[2026-09-26 16:04:58,014][INFO|_client.py-_send_single_request:1025] >> HTTP Request: GET http://testserver/sunwi/payload "HTTP/1.1 403 Forbidden"
[2026-09-26 16:04:58,017][INFO|_client.py-_send_single_request:1025] >> HTTP Request: GET http://testserver/version/latest "HTTP/1.1 403 Forbidden"
[2026-09-26 16:04:58,020][INFO|_client.py-_send_single_request:1025] >> HTTP Request: GET http://testserver/watchlist/ "HTTP/1.1 403 Forbidden"
[2026-09-26 16:04:58,025][INFO|_client.py-_send_single_request:1025] >> HTTP Request: POST http://testserver/api/v1/community/upload/run "HTTP/1.1 403 Forbidden"
[2026-09-26 16:04:58,028][INFO|_client.py-_send_single_request:1025] >> HTTP Request: POST http://testserver/api/v1/crawl/enqueue "HTTP/1.1 403 Forbidden"
[2026-09-26 16:04:58,034][INFO|_client.py-_send_single_request:1025] >> HTTP Request: POST http://testserver/api/v1/crawl/kill "HTTP/1.1 403 Forbidden"
[2026-09-26 16:04:58,039][INFO|_client.py-_send_single_request:1025] >> HTTP Request: POST http://testserver/api/v1/crawl/resume "HTTP/1.1 403 Forbidden"
[2026-09-26 16:04:58,046][INFO|_client.py-_send_single_request:1025] >> HTTP Request: POST http://testserver/api/v1/crawl/start "HTTP/1.1 403 Forbidden"
[2026-09-26 16:04:58,051][INFO|_client.py-_send_single_request:1025] >> HTTP Request: POST http://testserver/api/v1/duplicates/groups/bulk-status "HTTP/1.1 403 Forbidden"
[2026-09-26 16:04:58,055][INFO|_client.py-_send_single_request:1025] >> HTTP Request: POST http://testserver/api/v1/duplicates/groups/group_id "HTTP/1.1 403 Forbidden"
[2026-09-26 16:04:58,062][INFO|_client.py-_send_single_request:1025] >> HTTP Request: POST http://testserver/api/v1/editor/category/record_id "HTTP/1.1 403 Forbidden"
[2026-09-26 16:04:58,074][INFO|_client.py-_send_single_request:1025] >> HTTP Request: POST http://testserver/api/v1/files/delete-multi "HTTP/1.1 403 Forbidden"
[2026-09-26 16:04:58,078][INFO|_client.py-_send_single_request:1025] >> HTTP Request: POST http://testserver/api/v1/files/download-multi "HTTP/1.1 403 Forbidden"
[2026-09-26 16:04:58,081][INFO|_client.py-_send_single_request:1025] >> HTTP Request: POST http://testserver/api/v1/rating/start "HTTP/1.1 403 Forbidden"
[2026-09-26 16:04:58,085][INFO|_client.py-_send_single_request:1025] >> HTTP Request: POST http://testserver/api/v1/settings "HTTP/1.1 403 Forbidden"
[2026-09-26 16:04:58,092][INFO|_client.py-_send_single_request:1025] >> HTTP Request: POST http://testserver/api/v1/settings/db/upload "HTTP/1.1 403 Forbidden"
[2026-09-26 16:04:58,098][INFO|_client.py-_send_single_request:1025] >> HTTP Request: POST http://testserver/api/v1/sunwi/export/kind "HTTP/1.1 403 Forbidden"
[2026-09-26 16:04:58,107][INFO|_client.py-_send_single_request:1025] >> HTTP Request: POST http://testserver/api/v1/watchlist "HTTP/1.1 403 Forbidden"
[2026-09-26 16:04:58,111][INFO|_client.py-_send_single_request:1025] >> HTTP Request: POST http://testserver/backup/upload "HTTP/1.1 403 Forbidden"
[2026-09-26 16:04:58,116][INFO|_client.py-_send_single_request:1025] >> HTTP Request: POST http://testserver/change-admin "HTTP/1.1 403 Forbidden"
[2026-09-26 16:04:58,119][INFO|_client.py-_send_single_request:1025] >> HTTP Request: POST http://testserver/community/upload/reshare "HTTP/1.1 403 Forbidden"
[2026-09-26 16:04:58,126][INFO|_client.py-_send_single_request:1025] >> HTTP Request: POST http://testserver/community/upload/run "HTTP/1.1 403 Forbidden"
[2026-09-26 16:04:58,130][INFO|_client.py-_send_single_request:1025] >> HTTP Request: POST http://testserver/crawl/enqueue-selected "HTTP/1.1 403 Forbidden"
[2026-09-26 16:04:58,132][INFO|_client.py-_send_single_request:1025] >> HTTP Request: POST http://testserver/crawl/export/excel "HTTP/1.1 403 Forbidden"
[2026-09-26 16:04:58,140][INFO|_client.py-_send_single_request:1025] >> HTTP Request: POST http://testserver/crawl/export/sheet "HTTP/1.1 403 Forbidden"
[2026-09-26 16:04:58,144][INFO|_client.py-_send_single_request:1025] >> HTTP Request: POST http://testserver/crawl/kill "HTTP/1.1 403 Forbidden"
[2026-09-26 16:04:58,148][INFO|_client.py-_send_single_request:1025] >> HTTP Request: POST http://testserver/crawl/start "HTTP/1.1 403 Forbidden"
[2026-09-26 16:04:58,151][INFO|_client.py-_send_single_request:1025] >> HTTP Request: POST http://testserver/db-editor/category/record_id "HTTP/1.1 403 Forbidden"
[2026-09-26 16:04:58,154][INFO|_client.py-_send_single_request:1025] >> HTTP Request: POST http://testserver/devices/api-keys/create "HTTP/1.1 403 Forbidden"
[2026-09-26 16:04:58,162][INFO|_client.py-_send_single_request:1025] >> HTTP Request: POST http://testserver/devices/api-keys/delete "HTTP/1.1 403 Forbidden"
[2026-09-26 16:04:58,172][INFO|_client.py-_send_single_request:1025] >> HTTP Request: POST http://testserver/duplicates/manage/bulk-status "HTTP/1.1 403 Forbidden"
[2026-09-26 16:04:58,177][INFO|_client.py-_send_single_request:1025] >> HTTP Request: POST http://testserver/duplicates/manage/refresh "HTTP/1.1 403 Forbidden"
[2026-09-26 16:04:58,181][INFO|_client.py-_send_single_request:1025] >> HTTP Request: POST http://testserver/duplicates/manage/group_id/update "HTTP/1.1 403 Forbidden"
[2026-09-26 16:04:58,186][INFO|_client.py-_send_single_request:1025] >> HTTP Request: POST http://testserver/file-browser/delete-all "HTTP/1.1 403 Forbidden"
[2026-09-26 16:04:58,196][INFO|_client.py-_send_single_request:1025] >> HTTP Request: POST http://testserver/file-browser/delete-multi "HTTP/1.1 403 Forbidden"
[2026-09-26 16:04:58,200][INFO|_client.py-_send_single_request:1025] >> HTTP Request: POST http://testserver/file-browser/download-multi "HTTP/1.1 403 Forbidden"
[2026-09-26 16:04:58,204][INFO|_client.py-_send_single_request:1025] >> HTTP Request: POST http://testserver/media/prepare "HTTP/1.1 403 Forbidden"
[2026-09-26 16:04:58,207][INFO|_client.py-_send_single_request:1025] >> HTTP Request: POST http://testserver/rating/start "HTTP/1.1 403 Forbidden"
[2026-09-26 16:04:58,212][INFO|_client.py-_send_single_request:1025] >> HTTP Request: POST http://testserver/settings/community/rebuild/accept-gaps "HTTP/1.1 403 Forbidden"
[2026-09-26 16:04:58,222][INFO|_client.py-_send_single_request:1025] >> HTTP Request: POST http://testserver/settings/save "HTTP/1.1 403 Forbidden"
[2026-09-26 16:04:58,226][INFO|_client.py-_send_single_request:1025] >> HTTP Request: POST http://testserver/settings/upload_json "HTTP/1.1 403 Forbidden"
[2026-09-26 16:04:58,229][INFO|_client.py-_send_single_request:1025] >> HTTP Request: POST http://testserver/watchlist/add "HTTP/1.1 403 Forbidden"
[2026-09-26 16:04:58,232][INFO|_client.py-_send_single_request:1025] >> HTTP Request: POST http://testserver/watchlist/remove "HTTP/1.1 403 Forbidden"
..[2026-09-26 16:04:59,267][INFO|_client.py-_send_single_request:1025] >> HTTP Request: POST http://testserver/login "HTTP/1.1 303 See Other"
[2026-09-26 16:04:59,277][INFO|_client.py-_send_single_request:1025] >> HTTP Request: GET http://testserver/onboarding/community "HTTP/1.1 200 OK"
[2026-09-26 16:04:59,280][INFO|_client.py-_send_single_request:1025] >> HTTP Request: GET http://testserver/stats?law=all "HTTP/1.1 302 Found"
[2026-09-26 16:04:59,284][INFO|_client.py-_send_single_request:1025] >> HTTP Request: GET http://testserver/settings/ "HTTP/1.1 403 Forbidden"
[2026-09-26 16:04:59,295][INFO|_client.py-_send_single_request:1025] >> HTTP Request: POST http://testserver/crawl/start "HTTP/1.1 403 Forbidden"
[2026-09-26 16:04:59,301][INFO|_client.py-_send_single_request:1025] >> HTTP Request: GET http://testserver/onboarding/community "HTTP/1.1 200 OK"
[2026-09-26 16:04:59,307][INFO|_client.py-_send_single_request:1025] >> HTTP Request: GET http://testserver/settings/community/status "HTTP/1.1 200 OK"
[2026-09-26 16:04:59,312][INFO|_client.py-_send_single_request:1025] >> HTTP Request: GET http://testserver/settings/community/policy "HTTP/1.1 200 OK"
[2026-09-26 16:04:59,364][INFO|_client.py-_send_single_request:1025] >> HTTP Request: GET http://testserver/settings/community/gate "HTTP/1.1 200 OK"
[2026-09-26 16:04:59,369][INFO|_client.py-_send_single_request:1025] >> HTTP Request: GET http://testserver/health "HTTP/1.1 200 OK"
[2026-09-26 16:04:59,374][INFO|_client.py-_send_single_request:1025] >> HTTP Request: GET http://testserver/settings/community/policy "HTTP/1.1 200 OK"
.[2026-09-26 16:04:59,785][INFO|_client.py-_send_single_request:1025] >> HTTP Request: POST http://testserver/login "HTTP/1.1 303 See Other"
[2026-09-26 16:04:59,791][INFO|_client.py-_send_single_request:1025] >> HTTP Request: GET http://testserver/onboarding/community "HTTP/1.1 200 OK"
[2026-09-26 16:04:59,820][INFO|community_auth_service.py-start:465] >> [community] 연결 요청을 만들었습니다(pc).
[2026-09-26 16:04:59,865][INFO|community_auth_service.py-_handle_code:663] >> [community] 로그인 결과를 받았습니다. 관리자 확인을 기다립니다.
[2026-09-26 16:04:59,876][INFO|community_auth_service.py-confirm:744] >> [community] 커뮤니티 계정을 이 서버에 연결했습니다.
/usr/lib/python3.14/asyncio/tasks.py:677: ResourceWarning: unclosed database in <sqlite3.Connection object at 0x7baeedf20310>
  @types.coroutine
ResourceWarning: Enable tracemalloc to get the object allocation traceback
[2026-09-26 16:05:00,000][INFO|_client.py-_send_single_request:1025] >> HTTP Request: GET http://testserver/settings/ "HTTP/1.1 200 OK"
[2026-09-26 16:05:00,015][INFO|community_auth_service.py-disconnect:826] >> [community] 커뮤니티 계정 연결을 해제했습니다(서버 로그아웃 확인: True).
[2026-09-26 16:05:00,017][INFO|_client.py-_send_single_request:1025] >> HTTP Request: POST http://testserver/settings/community/disconnect "HTTP/1.1 200 OK"
[2026-09-26 16:05:00,021][INFO|_client.py-_send_single_request:1025] >> HTTP Request: GET http://testserver/settings/ "HTTP/1.1 302 Found"
.[2026-09-26 16:05:00,523][INFO|_client.py-_send_single_request:1025] >> HTTP Request: GET http://testserver/media/proxy?url=https://example.invalid/a.jpg "HTTP/1.1 401 Unauthorized"
[2026-09-26 16:05:00,527][INFO|_client.py-_send_single_request:1025] >> HTTP Request: GET http://testserver/media/proxy?url=https://example.invalid/a.jpg "HTTP/1.1 403 Forbidden"
..[2026-09-26 16:05:01,646][INFO|_client.py-_send_single_request:1025] >> HTTP Request: POST http://testserver/login "HTTP/1.1 303 See Other"
[2026-09-26 16:05:01,652][INFO|_client.py-_send_single_request:1025] >> HTTP Request: GET http://testserver/onboarding/community "HTTP/1.1 200 OK"
[2026-09-26 16:05:01,665][INFO|community_auth_service.py-start:465] >> [community] 연결 요청을 만들었습니다(pc).
[2026-09-26 16:05:01,702][INFO|community_auth_service.py-_handle_code:663] >> [community] 로그인 결과를 받았습니다. 관리자 확인을 기다립니다.
[2026-09-26 16:05:01,717][INFO|community_auth_service.py-confirm:744] >> [community] 커뮤니티 계정을 이 서버에 연결했습니다.
/usr/lib/python3.14/asyncio/base_events.py:2074: ResourceWarning: unclosed database in <sqlite3.Connection object at 0x7baeec6635b0>
  def get_debug(self):
ResourceWarning: Enable tracemalloc to get the object allocation traceback
/usr/lib/python3.14/asyncio/base_events.py:2074: ResourceWarning: unclosed database in <sqlite3.Connection object at 0x7baeec6618a0>
  def get_debug(self):
ResourceWarning: Enable tracemalloc to get the object allocation traceback
[2026-09-26 16:05:01,787][INFO|_client.py-_send_single_request:1025] >> HTTP Request: POST http://testserver/crawl/start "HTTP/1.1 409 Conflict"
[2026-09-26 16:05:01,796][INFO|_client.py-_send_single_request:1025] >> HTTP Request: POST http://testserver/api/v1/crawl/enqueue "HTTP/1.1 409 Conflict"
[2026-09-26 16:05:01,802][INFO|_client.py-_send_single_request:1025] >> HTTP Request: POST http://testserver/crawl/start "HTTP/1.1 200 OK"
[2026-09-26 16:05:01,812][INFO|_client.py-_send_single_request:1025] >> HTTP Request: POST http://testserver/crawl/start "HTTP/1.1 403 Forbidden"
.[2026-09-26 16:05:02,437][INFO|_client.py-_send_single_request:1025] >> HTTP Request: POST http://testserver/login "HTTP/1.1 303 See Other"
/home/better0101/projects/safetyreport/.venv/lib/python3.14/site-packages/markupsafe/__init__.py:129: ResourceWarning: unclosed database in <sqlite3.Connection object at 0x7baef4145120>
  return super().__new__(cls, object)
ResourceWarning: Enable tracemalloc to get the object allocation traceback
/home/better0101/projects/safetyreport/.venv/lib/python3.14/site-packages/markupsafe/__init__.py:129: ResourceWarning: unclosed database in <sqlite3.Connection object at 0x7baeec5de7a0>
  return super().__new__(cls, object)
ResourceWarning: Enable tracemalloc to get the object allocation traceback
[2026-09-26 16:05:02,446][INFO|_client.py-_send_single_request:1025] >> HTTP Request: GET http://testserver/onboarding/community "HTTP/1.1 200 OK"
[2026-09-26 16:05:02,460][INFO|community_auth_service.py-start:465] >> [community] 연결 요청을 만들었습니다(pc).
[2026-09-26 16:05:02,478][INFO|community_auth_service.py-_handle_code:663] >> [community] 로그인 결과를 받았습니다. 관리자 확인을 기다립니다.
[2026-09-26 16:05:02,493][INFO|community_auth_service.py-confirm:744] >> [community] 커뮤니티 계정을 이 서버에 연결했습니다.
[2026-09-26 16:05:02,548][INFO|_client.py-_send_single_request:1025] >> HTTP Request: POST http://testserver/settings/community/confirm "HTTP/1.1 200 OK"
[2026-09-26 16:05:02,552][INFO|_client.py-_send_single_request:1025] >> HTTP Request: POST http://testserver/settings/community/consent "HTTP/1.1 400 Bad Request"
[2026-09-26 16:05:02,557][INFO|_client.py-_send_single_request:1025] >> HTTP Request: POST http://testserver/settings/community/consent "HTTP/1.1 400 Bad Request"
[2026-09-26 16:05:02,560][INFO|_client.py-_send_single_request:1025] >> HTTP Request: POST http://testserver/settings/community/consent "HTTP/1.1 403 Forbidden"
[2026-09-26 16:05:02,585][INFO|_client.py-_send_single_request:1025] >> HTTP Request: POST http://testserver/settings/community/consent "HTTP/1.1 200 OK"
/home/better0101/projects/safetyreport/.venv/lib/python3.14/site-packages/jinja2/nodes.py:140: ResourceWarning: unclosed database in <sqlite3.Connection object at 0x7baf25b75d50>
  for name, arg in zip(self.fields, fields):
ResourceWarning: Enable tracemalloc to get the object allocation traceback
/home/better0101/projects/safetyreport/.venv/lib/python3.14/site-packages/jinja2/nodes.py:140: ResourceWarning: unclosed database in <sqlite3.Connection object at 0x7baef5319120>
  for name, arg in zip(self.fields, fields):
ResourceWarning: Enable tracemalloc to get the object allocation traceback
/home/better0101/projects/safetyreport/.venv/lib/python3.14/site-packages/jinja2/nodes.py:140: ResourceWarning: unclosed database in <sqlite3.Connection object at 0x7baeec663790>
  for name, arg in zip(self.fields, fields):
ResourceWarning: Enable tracemalloc to get the object allocation traceback
/home/better0101/projects/safetyreport/.venv/lib/python3.14/site-packages/jinja2/nodes.py:140: ResourceWarning: unclosed database in <sqlite3.Connection object at 0x7baeedf944f0>
  for name, arg in zip(self.fields, fields):
ResourceWarning: Enable tracemalloc to get the object allocation traceback
/home/better0101/projects/safetyreport/.venv/lib/python3.14/site-packages/jinja2/nodes.py:140: ResourceWarning: unclosed database in <sqlite3.Connection object at 0x7baeec6622f0>
  for name, arg in zip(self.fields, fields):
ResourceWarning: Enable tracemalloc to get the object allocation traceback
/home/better0101/projects/safetyreport/.venv/lib/python3.14/site-packages/jinja2/nodes.py:140: ResourceWarning: unclosed database in <sqlite3.Connection object at 0x7baeec661210>
  for name, arg in zip(self.fields, fields):
ResourceWarning: Enable tracemalloc to get the object allocation traceback
[2026-09-26 16:05:02,640][INFO|_client.py-_send_single_request:1025] >> HTTP Request: GET http://testserver/settings/ "HTTP/1.1 200 OK"
[2026-09-26 16:05:02,661][INFO|_client.py-_send_single_request:1025] >> HTTP Request: GET http://testserver/api/v1/summary "HTTP/1.1 200 OK"
[2026-09-26 16:05:02,687][INFO|_client.py-_send_single_request:1025] >> HTTP Request: POST http://testserver/settings/community/consent-revoke "HTTP/1.1 200 OK"
[2026-09-26 16:05:02,691][INFO|_client.py-_send_single_request:1025] >> HTTP Request: GET http://testserver/settings/ "HTTP/1.1 302 Found"
.[2026-09-26 16:05:03,335][INFO|_client.py-_send_single_request:1025] >> HTTP Request: POST http://testserver/login "HTTP/1.1 303 See Other"
[2026-09-26 16:05:03,340][INFO|_client.py-_send_single_request:1025] >> HTTP Request: GET http://testserver/onboarding/community "HTTP/1.1 200 OK"
.[2026-09-26 16:05:03,697][INFO|community_auth_service.py-start:465] >> [community] 연결 요청을 만들었습니다(pc).
[2026-09-26 16:05:03,717][INFO|community_auth_service.py-_handle_code:663] >> [community] 로그인 결과를 받았습니다. 관리자 확인을 기다립니다.
[2026-09-26 16:05:03,729][INFO|community_auth_service.py-confirm:744] >> [community] 커뮤니티 계정을 이 서버에 연결했습니다.
.[2026-09-26 16:05:04,312][INFO|community_auth_service.py-start:465] >> [community] 연결 요청을 만들었습니다(pc).
[2026-09-26 16:05:04,365][INFO|community_auth_service.py-_handle_code:663] >> [community] 로그인 결과를 받았습니다. 관리자 확인을 기다립니다.
[2026-09-26 16:05:04,370][INFO|community_auth_service.py-confirm:744] >> [community] 커뮤니티 계정을 이 서버에 연결했습니다.
.[2026-09-26 16:05:04,943][INFO|community_auth_service.py-start:465] >> [community] 연결 요청을 만들었습니다(pc).
[2026-09-26 16:05:04,978][INFO|community_auth_service.py-_handle_code:663] >> [community] 로그인 결과를 받았습니다. 관리자 확인을 기다립니다.
[2026-09-26 16:05:04,997][INFO|community_auth_service.py-confirm:744] >> [community] 커뮤니티 계정을 이 서버에 연결했습니다.
.[2026-09-26 16:05:05,567][INFO|community_auth_service.py-start:465] >> [community] 연결 요청을 만들었습니다(pc).
[2026-09-26 16:05:05,583][INFO|community_auth_service.py-_handle_code:663] >> [community] 로그인 결과를 받았습니다. 관리자 확인을 기다립니다.
[2026-09-26 16:05:05,597][INFO|community_auth_service.py-confirm:744] >> [community] 커뮤니티 계정을 이 서버에 연결했습니다.
.[2026-09-26 16:05:06,121][INFO|community_auth_service.py-start:465] >> [community] 연결 요청을 만들었습니다(pc).
[2026-09-26 16:05:06,141][INFO|community_auth_service.py-_handle_code:663] >> [community] 로그인 결과를 받았습니다. 관리자 확인을 기다립니다.
[2026-09-26 16:05:06,148][INFO|community_auth_service.py-confirm:744] >> [community] 커뮤니티 계정을 이 서버에 연결했습니다.
[2026-09-26 16:05:06,210][INFO|community_auth_service.py-disconnect:826] >> [community] 커뮤니티 계정 연결을 해제했습니다(서버 로그아웃 확인: True).
[2026-09-26 16:05:06,222][INFO|community_auth_service.py-start:465] >> [community] 연결 요청을 만들었습니다(pc).
[2026-09-26 16:05:06,238][INFO|community_auth_service.py-_handle_code:663] >> [community] 로그인 결과를 받았습니다. 관리자 확인을 기다립니다.
[2026-09-26 16:05:06,251][INFO|community_auth_service.py-confirm:744] >> [community] 커뮤니티 계정을 이 서버에 연결했습니다.
.[2026-09-26 16:05:06,784][INFO|community_auth_service.py-start:465] >> [community] 연결 요청을 만들었습니다(pc).
[2026-09-26 16:05:06,803][INFO|community_auth_service.py-_handle_code:663] >> [community] 로그인 결과를 받았습니다. 관리자 확인을 기다립니다.
[2026-09-26 16:05:06,814][INFO|community_auth_service.py-confirm:744] >> [community] 커뮤니티 계정을 이 서버에 연결했습니다.
../home/better0101/projects/worktree/ci-20260926/safetyreport/audit-fix/services/community_auth_store.py:131: ResourceWarning: unclosed database in <sqlite3.Connection object at 0x7baef5319120>
  def empty_state() -> dict:
ResourceWarning: Enable tracemalloc to get the object allocation traceback
/home/better0101/projects/worktree/ci-20260926/safetyreport/audit-fix/services/community_auth_store.py:131: ResourceWarning: unclosed database in <sqlite3.Connection object at 0x7baeedf206d0>
  def empty_state() -> dict:
ResourceWarning: Enable tracemalloc to get the object allocation traceback
/home/better0101/projects/worktree/ci-20260926/safetyreport/audit-fix/services/community_auth_store.py:131: ResourceWarning: unclosed database in <sqlite3.Connection object at 0x7baeec661120>
  def empty_state() -> dict:
ResourceWarning: Enable tracemalloc to get the object allocation traceback
/home/better0101/projects/worktree/ci-20260926/safetyreport/audit-fix/services/community_auth_store.py:131: ResourceWarning: unclosed database in <sqlite3.Connection object at 0x7baeec6633d0>
  def empty_state() -> dict:
ResourceWarning: Enable tracemalloc to get the object allocation traceback
/home/better0101/projects/worktree/ci-20260926/safetyreport/audit-fix/services/community_auth_store.py:131: ResourceWarning: unclosed database in <sqlite3.Connection object at 0x7baeedf20400>
  def empty_state() -> dict:
ResourceWarning: Enable tracemalloc to get the object allocation traceback
/home/better0101/projects/worktree/ci-20260926/safetyreport/audit-fix/services/community_auth_store.py:131: ResourceWarning: unclosed database in <sqlite3.Connection object at 0x7baeedf20220>
  def empty_state() -> dict:
ResourceWarning: Enable tracemalloc to get the object allocation traceback
/home/better0101/projects/worktree/ci-20260926/safetyreport/audit-fix/services/community_auth_store.py:131: ResourceWarning: unclosed database in <sqlite3.Connection object at 0x7baeedf23f10>
  def empty_state() -> dict:
ResourceWarning: Enable tracemalloc to get the object allocation traceback
/home/better0101/projects/worktree/ci-20260926/safetyreport/audit-fix/services/community_auth_store.py:131: ResourceWarning: unclosed database in <sqlite3.Connection object at 0x7baeedf22110>
  def empty_state() -> dict:
ResourceWarning: Enable tracemalloc to get the object allocation traceback
/home/better0101/projects/worktree/ci-20260926/safetyreport/audit-fix/services/community_auth_store.py:131: ResourceWarning: unclosed database in <sqlite3.Connection object at 0x7baeedf20d60>
  def empty_state() -> dict:
ResourceWarning: Enable tracemalloc to get the object allocation traceback
[2026-09-26 16:05:07,909][INFO|community_auth_service.py-start:465] >> [community] 연결 요청을 만들었습니다(pc).
[2026-09-26 16:05:07,953][INFO|community_auth_service.py-_handle_code:663] >> [community] 로그인 결과를 받았습니다. 관리자 확인을 기다립니다.
[2026-09-26 16:05:07,960][INFO|community_auth_service.py-confirm:744] >> [community] 커뮤니티 계정을 이 서버에 연결했습니다.
.[2026-09-26 16:05:08,488][INFO|community_auth_service.py-start:465] >> [community] 연결 요청을 만들었습니다(pc).
[2026-09-26 16:05:08,502][INFO|community_auth_service.py-_handle_code:663] >> [community] 로그인 결과를 받았습니다. 관리자 확인을 기다립니다.
[2026-09-26 16:05:08,521][INFO|community_auth_service.py-confirm:744] >> [community] 커뮤니티 계정을 이 서버에 연결했습니다.
.[2026-09-26 16:05:09,105][INFO|community_auth_service.py-start:465] >> [community] 연결 요청을 만들었습니다(pc).
[2026-09-26 16:05:09,146][INFO|community_auth_service.py-_handle_code:663] >> [community] 로그인 결과를 받았습니다. 관리자 확인을 기다립니다.
[2026-09-26 16:05:09,154][INFO|community_auth_service.py-confirm:744] >> [community] 커뮤니티 계정을 이 서버에 연결했습니다.
[2026-09-26 16:05:09,225][INFO|community_auth_service.py-disconnect:826] >> [community] 커뮤니티 계정 연결을 해제했습니다(서버 로그아웃 확인: True).
[2026-09-26 16:05:09,239][INFO|community_auth_service.py-start:465] >> [community] 연결 요청을 만들었습니다(pc).
[2026-09-26 16:05:09,290][INFO|community_auth_service.py-_handle_code:663] >> [community] 로그인 결과를 받았습니다. 관리자 확인을 기다립니다.
[2026-09-26 16:05:09,293][INFO|community_auth_service.py-confirm:744] >> [community] 커뮤니티 계정을 이 서버에 연결했습니다.
.[2026-09-26 16:05:09,839][INFO|community_auth_service.py-start:465] >> [community] 연결 요청을 만들었습니다(pc).
[2026-09-26 16:05:09,864][INFO|community_auth_service.py-_handle_code:663] >> [community] 로그인 결과를 받았습니다. 관리자 확인을 기다립니다.
[2026-09-26 16:05:09,869][INFO|community_auth_service.py-confirm:744] >> [community] 커뮤니티 계정을 이 서버에 연결했습니다.
.[2026-09-26 16:05:10,456][INFO|community_auth_service.py-start:465] >> [community] 연결 요청을 만들었습니다(pc).
[2026-09-26 16:05:10,490][INFO|community_auth_service.py-_handle_code:663] >> [community] 로그인 결과를 받았습니다. 관리자 확인을 기다립니다.
[2026-09-26 16:05:10,509][INFO|community_auth_service.py-confirm:744] >> [community] 커뮤니티 계정을 이 서버에 연결했습니다.
.[2026-09-26 16:05:11,090][INFO|community_auth_service.py-start:465] >> [community] 연결 요청을 만들었습니다(pc).
[2026-09-26 16:05:11,111][INFO|community_auth_service.py-_handle_code:663] >> [community] 로그인 결과를 받았습니다. 관리자 확인을 기다립니다.
[2026-09-26 16:05:11,118][INFO|community_auth_service.py-confirm:744] >> [community] 커뮤니티 계정을 이 서버에 연결했습니다.
.[2026-09-26 16:05:11,169][INFO|community_auth_service.py-start:465] >> [community] 연결 요청을 만들었습니다(pc).
[2026-09-26 16:05:11,201][INFO|community_auth_service.py-_handle_code:663] >> [community] 로그인 결과를 받았습니다. 관리자 확인을 기다립니다.
[2026-09-26 16:05:11,226][INFO|community_auth_service.py-confirm:744] >> [community] 커뮤니티 계정을 이 서버에 연결했습니다.
..s...WARNING: COMMUNITY_SUPABASE_URL/COMMUNITY_PUBLISHABLE_KEY 없음 — 공개 설정을 번들하지 않습니다.
[2026-09-26 16:05:11,795][INFO|database.py-upgrade_schema:285] >> 테이블 'admin_users' 생성 중...
[2026-09-26 16:05:11,798][INFO|database.py-upgrade_schema:285] >> 테이블 'api_keys' 생성 중...
[2026-09-26 16:05:11,800][INFO|database.py-upgrade_schema:285] >> 테이블 'mysafety' 생성 중...
[2026-09-26 16:05:11,801][INFO|database.py-upgrade_schema:285] >> 테이블 'mysafety_change_cursor' 생성 중...
[2026-09-26 16:05:11,803][INFO|database.py-upgrade_schema:285] >> 테이블 'mysafety_change_log' 생성 중...
[2026-09-26 16:05:11,807][INFO|database.py-upgrade_schema:285] >> 테이블 'mysafety_duplicate_decision' 생성 중...
[2026-09-26 16:05:11,809][INFO|database.py-upgrade_schema:285] >> 테이블 'mysafety_duplicate_group' 생성 중...
[2026-09-26 16:05:11,817][INFO|database.py-upgrade_schema:285] >> 테이블 'mysafety_duplicate_member' 생성 중...
[2026-09-26 16:05:11,818][INFO|database.py-upgrade_schema:285] >> 테이블 'mysafety_entry_value' 생성 중...
[2026-09-26 16:05:11,820][INFO|database.py-upgrade_schema:285] >> 테이블 'mysafety_geocode_cache' 생성 중...
[2026-09-26 16:05:11,821][INFO|database.py-upgrade_schema:285] >> 테이블 'mysafety_raw_content' 생성 중...
[2026-09-26 16:05:11,823][INFO|database.py-upgrade_schema:285] >> 테이블 'mysafety_report_override' 생성 중...
[2026-09-26 16:05:11,825][INFO|database.py-upgrade_schema:285] >> 테이블 'mysafety_sync_meta' 생성 중...
[2026-09-26 16:05:11,827][INFO|database.py-upgrade_schema:285] >> 테이블 'mysafety_watchlist' 생성 중...
[2026-09-26 16:05:11,828][INFO|database.py-upgrade_schema:285] >> 테이블 'mysafetydetail_other' 생성 중...
[2026-09-26 16:05:11,830][INFO|database.py-upgrade_schema:285] >> 테이블 'mysafetydetail_parking' 생성 중...
[2026-09-26 16:05:11,832][INFO|database.py-upgrade_schema:285] >> 테이블 'mysafetydetail_traffic' 생성 중...
[2026-09-26 16:05:11,834][INFO|database.py-upgrade_schema:285] >> 테이블 'mysafetymerge_other' 생성 중...
[2026-09-26 16:05:11,838][INFO|database.py-upgrade_schema:285] >> 테이블 'mysafetymerge_parking' 생성 중...
[2026-09-26 16:05:11,841][INFO|database.py-upgrade_schema:285] >> 테이블 'mysafetymerge_traffic' 생성 중...
[2026-09-26 16:05:11,849][INFO|database.py-_apply_versioned_migrations:452] >> [schema] DB 스키마 버전 1 적용
[2026-09-26 16:05:11,855][INFO|database.py-_apply_versioned_migrations:452] >> [schema] DB 스키마 버전 2 적용
[2026-09-26 16:05:11,858][INFO|database.py-_apply_versioned_migrations:452] >> [schema] DB 스키마 버전 3 적용
[2026-09-26 16:05:11,872][INFO|database.py-_apply_versioned_migrations:452] >> [schema] DB 스키마 버전 4 적용
<string>:0: ResourceWarning: unclosed database in <sqlite3.Connection object at 0x7baef4144c70>
ResourceWarning: Enable tracemalloc to get the object allocation traceback
<string>:0: ResourceWarning: unclosed database in <sqlite3.Connection object at 0x7baeec660a90>
ResourceWarning: Enable tracemalloc to get the object allocation traceback
<string>:0: ResourceWarning: unclosed database in <sqlite3.Connection object at 0x7baeec661120>
ResourceWarning: Enable tracemalloc to get the object allocation traceback
<string>:0: ResourceWarning: unclosed database in <sqlite3.Connection object at 0x7baeec6607c0>
ResourceWarning: Enable tracemalloc to get the object allocation traceback
<string>:0: ResourceWarning: unclosed database in <sqlite3.Connection object at 0x7baeec660e50>
ResourceWarning: Enable tracemalloc to get the object allocation traceback
<string>:0: ResourceWarning: unclosed database in <sqlite3.Connection object at 0x7baeec6616c0>
ResourceWarning: Enable tracemalloc to get the object allocation traceback
[2026-09-26 16:05:11,904][INFO|duplicate_group_service.py-_log_info:53] >> [duplicate] payload exact 중복군 0개, 멤버 0건 재생성
.[2026-09-26 16:05:11,974][INFO|database.py-upgrade_schema:285] >> 테이블 'admin_users' 생성 중...
[2026-09-26 16:05:11,980][INFO|database.py-upgrade_schema:285] >> 테이블 'api_keys' 생성 중...
[2026-09-26 16:05:11,982][INFO|database.py-upgrade_schema:285] >> 테이블 'mysafety' 생성 중...
[2026-09-26 16:05:11,983][INFO|database.py-upgrade_schema:285] >> 테이블 'mysafety_change_cursor' 생성 중...
[2026-09-26 16:05:11,985][INFO|database.py-upgrade_schema:285] >> 테이블 'mysafety_change_log' 생성 중...
[2026-09-26 16:05:11,986][INFO|database.py-upgrade_schema:285] >> 테이블 'mysafety_duplicate_decision' 생성 중...
[2026-09-26 16:05:11,992][INFO|database.py-upgrade_schema:285] >> 테이블 'mysafety_duplicate_group' 생성 중...
[2026-09-26 16:05:11,994][INFO|database.py-upgrade_schema:285] >> 테이블 'mysafety_duplicate_member' 생성 중...
[2026-09-26 16:05:12,002][INFO|database.py-upgrade_schema:285] >> 테이블 'mysafety_entry_value' 생성 중...
[2026-09-26 16:05:12,004][INFO|database.py-upgrade_schema:285] >> 테이블 'mysafety_geocode_cache' 생성 중...
[2026-09-26 16:05:12,006][INFO|database.py-upgrade_schema:285] >> 테이블 'mysafety_raw_content' 생성 중...
[2026-09-26 16:05:12,007][INFO|database.py-upgrade_schema:285] >> 테이블 'mysafety_report_override' 생성 중...
[2026-09-26 16:05:12,012][INFO|database.py-upgrade_schema:285] >> 테이블 'mysafety_sync_meta' 생성 중...
[2026-09-26 16:05:12,014][INFO|database.py-upgrade_schema:285] >> 테이블 'mysafety_watchlist' 생성 중...
[2026-09-26 16:05:12,016][INFO|database.py-upgrade_schema:285] >> 테이블 'mysafetydetail_other' 생성 중...
[2026-09-26 16:05:12,027][INFO|database.py-upgrade_schema:285] >> 테이블 'mysafetydetail_parking' 생성 중...
[2026-09-26 16:05:12,029][INFO|database.py-upgrade_schema:285] >> 테이블 'mysafetydetail_traffic' 생성 중...
[2026-09-26 16:05:12,031][INFO|database.py-upgrade_schema:285] >> 테이블 'mysafetymerge_other' 생성 중...
[2026-09-26 16:05:12,034][INFO|database.py-upgrade_schema:285] >> 테이블 'mysafetymerge_parking' 생성 중...
[2026-09-26 16:05:12,036][INFO|database.py-upgrade_schema:285] >> 테이블 'mysafetymerge_traffic' 생성 중...
[2026-09-26 16:05:12,040][INFO|database.py-_apply_versioned_migrations:452] >> [schema] DB 스키마 버전 1 적용
[2026-09-26 16:05:12,055][INFO|database.py-_apply_versioned_migrations:452] >> [schema] DB 스키마 버전 2 적용
[2026-09-26 16:05:12,057][INFO|database.py-_apply_versioned_migrations:452] >> [schema] DB 스키마 버전 3 적용
[2026-09-26 16:05:12,077][INFO|database.py-_apply_versioned_migrations:452] >> [schema] DB 스키마 버전 4 적용
[2026-09-26 16:05:12,110][INFO|duplicate_group_service.py-_log_info:53] >> [duplicate] payload exact 중복군 0개, 멤버 0건 재생성
.[2026-09-26 16:05:12,128][INFO|database.py-upgrade_schema:285] >> 테이블 'admin_users' 생성 중...
[2026-09-26 16:05:12,131][INFO|database.py-upgrade_schema:285] >> 테이블 'api_keys' 생성 중...
[2026-09-26 16:05:12,132][INFO|database.py-upgrade_schema:285] >> 테이블 'mysafety' 생성 중...
[2026-09-26 16:05:12,134][INFO|database.py-upgrade_schema:285] >> 테이블 'mysafety_change_cursor' 생성 중...
[2026-09-26 16:05:12,135][INFO|database.py-upgrade_schema:285] >> 테이블 'mysafety_change_log' 생성 중...
[2026-09-26 16:05:12,137][INFO|database.py-upgrade_schema:285] >> 테이블 'mysafety_duplicate_decision' 생성 중...
[2026-09-26 16:05:12,139][INFO|database.py-upgrade_schema:285] >> 테이블 'mysafety_duplicate_group' 생성 중...
[2026-09-26 16:05:12,140][INFO|database.py-upgrade_schema:285] >> 테이블 'mysafety_duplicate_member' 생성 중...
[2026-09-26 16:05:12,142][INFO|database.py-upgrade_schema:285] >> 테이블 'mysafety_entry_value' 생성 중...
[2026-09-26 16:05:12,143][INFO|database.py-upgrade_schema:285] >> 테이블 'mysafety_geocode_cache' 생성 중...
[2026-09-26 16:05:12,147][INFO|database.py-upgrade_schema:285] >> 테이블 'mysafety_raw_content' 생성 중...
[2026-09-26 16:05:12,149][INFO|database.py-upgrade_schema:285] >> 테이블 'mysafety_report_override' 생성 중...
[2026-09-26 16:05:12,151][INFO|database.py-upgrade_schema:285] >> 테이블 'mysafety_sync_meta' 생성 중...
[2026-09-26 16:05:12,154][INFO|database.py-upgrade_schema:285] >> 테이블 'mysafety_watchlist' 생성 중...
[2026-09-26 16:05:12,159][INFO|database.py-upgrade_schema:285] >> 테이블 'mysafetydetail_other' 생성 중...
[2026-09-26 16:05:12,161][INFO|database.py-upgrade_schema:285] >> 테이블 'mysafetydetail_parking' 생성 중...
[2026-09-26 16:05:12,163][INFO|database.py-upgrade_schema:285] >> 테이블 'mysafetydetail_traffic' 생성 중...
[2026-09-26 16:05:12,165][INFO|database.py-upgrade_schema:285] >> 테이블 'mysafetymerge_other' 생성 중...
[2026-09-26 16:05:12,166][INFO|database.py-upgrade_schema:285] >> 테이블 'mysafetymerge_parking' 생성 중...
[2026-09-26 16:05:12,168][INFO|database.py-upgrade_schema:285] >> 테이블 'mysafetymerge_traffic' 생성 중...
[2026-09-26 16:05:12,171][INFO|database.py-_apply_versioned_migrations:452] >> [schema] DB 스키마 버전 1 적용
[2026-09-26 16:05:12,176][INFO|database.py-_apply_versioned_migrations:452] >> [schema] DB 스키마 버전 2 적용
[2026-09-26 16:05:12,178][INFO|database.py-_apply_versioned_migrations:452] >> [schema] DB 스키마 버전 3 적용
[2026-09-26 16:05:12,200][INFO|database.py-_apply_versioned_migrations:452] >> [schema] DB 스키마 버전 4 적용
[2026-09-26 16:05:12,227][INFO|duplicate_group_service.py-_log_info:53] >> [duplicate] payload exact 중복군 0개, 멤버 0건 재생성
.[2026-09-26 16:05:12,290][INFO|database.py-upgrade_schema:285] >> 테이블 'admin_users' 생성 중...
[2026-09-26 16:05:12,293][INFO|database.py-upgrade_schema:285] >> 테이블 'api_keys' 생성 중...
[2026-09-26 16:05:12,295][INFO|database.py-upgrade_schema:285] >> 테이블 'mysafety' 생성 중...
[2026-09-26 16:05:12,296][INFO|database.py-upgrade_schema:285] >> 테이블 'mysafety_change_cursor' 생성 중...
[2026-09-26 16:05:12,301][INFO|database.py-upgrade_schema:285] >> 테이블 'mysafety_change_log' 생성 중...
[2026-09-26 16:05:12,303][INFO|database.py-upgrade_schema:285] >> 테이블 'mysafety_duplicate_decision' 생성 중...
[2026-09-26 16:05:12,305][INFO|database.py-upgrade_schema:285] >> 테이블 'mysafety_duplicate_group' 생성 중...
[2026-09-26 16:05:12,307][INFO|database.py-upgrade_schema:285] >> 테이블 'mysafety_duplicate_member' 생성 중...
[2026-09-26 16:05:12,309][INFO|database.py-upgrade_schema:285] >> 테이블 'mysafety_entry_value' 생성 중...
[2026-09-26 16:05:12,310][INFO|database.py-upgrade_schema:285] >> 테이블 'mysafety_geocode_cache' 생성 중...
[2026-09-26 16:05:12,312][INFO|database.py-upgrade_schema:285] >> 테이블 'mysafety_raw_content' 생성 중...
[2026-09-26 16:05:12,313][INFO|database.py-upgrade_schema:285] >> 테이블 'mysafety_report_override' 생성 중...
[2026-09-26 16:05:12,315][INFO|database.py-upgrade_schema:285] >> 테이블 'mysafety_sync_meta' 생성 중...
[2026-09-26 16:05:12,316][INFO|database.py-upgrade_schema:285] >> 테이블 'mysafety_watchlist' 생성 중...
[2026-09-26 16:05:12,318][INFO|database.py-upgrade_schema:285] >> 테이블 'mysafetydetail_other' 생성 중...
[2026-09-26 16:05:12,320][INFO|database.py-upgrade_schema:285] >> 테이블 'mysafetydetail_parking' 생성 중...
[2026-09-26 16:05:12,326][INFO|database.py-upgrade_schema:285] >> 테이블 'mysafetydetail_traffic' 생성 중...
[2026-09-26 16:05:12,328][INFO|database.py-upgrade_schema:285] >> 테이블 'mysafetymerge_other' 생성 중...
[2026-09-26 16:05:12,337][INFO|database.py-upgrade_schema:285] >> 테이블 'mysafetymerge_parking' 생성 중...
[2026-09-26 16:05:12,339][INFO|database.py-upgrade_schema:285] >> 테이블 'mysafetymerge_traffic' 생성 중...
[2026-09-26 16:05:12,342][INFO|database.py-_apply_versioned_migrations:452] >> [schema] DB 스키마 버전 1 적용
[2026-09-26 16:05:12,348][INFO|database.py-_apply_versioned_migrations:452] >> [schema] DB 스키마 버전 2 적용
[2026-09-26 16:05:12,350][INFO|database.py-_apply_versioned_migrations:452] >> [schema] DB 스키마 버전 3 적용
[2026-09-26 16:05:12,372][INFO|database.py-_apply_versioned_migrations:452] >> [schema] DB 스키마 버전 4 적용
/home/better0101/projects/safetyreport/.venv/lib/python3.14/site-packages/sqlalchemy/sql/base.py:749: ResourceWarning: unclosed database in <sqlite3.Connection object at 0x7baeedf94e50>
  @classmethod
ResourceWarning: Enable tracemalloc to get the object allocation traceback
/home/better0101/projects/safetyreport/.venv/lib/python3.14/site-packages/sqlalchemy/sql/type_api.py:975: ResourceWarning: unclosed database in <sqlite3.Connection object at 0x7baeedf23f10>
  def _dialect_info(self, dialect: Dialect) -> _TypeMemoDict:
ResourceWarning: Enable tracemalloc to get the object allocation traceback
[2026-09-26 16:05:12,414][INFO|duplicate_group_service.py-_log_info:53] >> [duplicate] payload exact 중복군 0개, 멤버 0건 재생성
.[2026-09-26 16:05:12,464][INFO|database.py-upgrade_schema:285] >> 테이블 'admin_users' 생성 중...
[2026-09-26 16:05:12,473][INFO|database.py-upgrade_schema:285] >> 테이블 'api_keys' 생성 중...
[2026-09-26 16:05:12,474][INFO|database.py-upgrade_schema:285] >> 테이블 'mysafety' 생성 중...
[2026-09-26 16:05:12,476][INFO|database.py-upgrade_schema:285] >> 테이블 'mysafety_change_cursor' 생성 중...
[2026-09-26 16:05:12,478][INFO|database.py-upgrade_schema:285] >> 테이블 'mysafety_change_log' 생성 중...
[2026-09-26 16:05:12,480][INFO|database.py-upgrade_schema:285] >> 테이블 'mysafety_duplicate_decision' 생성 중...
[2026-09-26 16:05:12,481][INFO|database.py-upgrade_schema:285] >> 테이블 'mysafety_duplicate_group' 생성 중...
[2026-09-26 16:05:12,482][INFO|database.py-upgrade_schema:285] >> 테이블 'mysafety_duplicate_member' 생성 중...
[2026-09-26 16:05:12,484][INFO|database.py-upgrade_schema:285] >> 테이블 'mysafety_entry_value' 생성 중...
[2026-09-26 16:05:12,485][INFO|database.py-upgrade_schema:285] >> 테이블 'mysafety_geocode_cache' 생성 중...
[2026-09-26 16:05:12,487][INFO|database.py-upgrade_schema:285] >> 테이블 'mysafety_raw_content' 생성 중...
[2026-09-26 16:05:12,488][INFO|database.py-upgrade_schema:285] >> 테이블 'mysafety_report_override' 생성 중...
[2026-09-26 16:05:12,490][INFO|database.py-upgrade_schema:285] >> 테이블 'mysafety_sync_meta' 생성 중...
[2026-09-26 16:05:12,494][INFO|database.py-upgrade_schema:285] >> 테이블 'mysafety_watchlist' 생성 중...
[2026-09-26 16:05:12,496][INFO|database.py-upgrade_schema:285] >> 테이블 'mysafetydetail_other' 생성 중...
[2026-09-26 16:05:12,504][INFO|database.py-upgrade_schema:285] >> 테이블 'mysafetydetail_parking' 생성 중...
[2026-09-26 16:05:12,506][INFO|database.py-upgrade_schema:285] >> 테이블 'mysafetydetail_traffic' 생성 중...
[2026-09-26 16:05:12,508][INFO|database.py-upgrade_schema:285] >> 테이블 'mysafetymerge_other' 생성 중...
[2026-09-26 16:05:12,510][INFO|database.py-upgrade_schema:285] >> 테이블 'mysafetymerge_parking' 생성 중...
[2026-09-26 16:05:12,512][INFO|database.py-upgrade_schema:285] >> 테이블 'mysafetymerge_traffic' 생성 중...
[2026-09-26 16:05:12,515][INFO|database.py-_apply_versioned_migrations:452] >> [schema] DB 스키마 버전 1 적용
[2026-09-26 16:05:12,520][INFO|database.py-_apply_versioned_migrations:452] >> [schema] DB 스키마 버전 2 적용
[2026-09-26 16:05:12,525][INFO|database.py-_apply_versioned_migrations:452] >> [schema] DB 스키마 버전 3 적용
/home/better0101/projects/safetyreport/.venv/lib/python3.14/site-packages/sqlalchemy/sql/compiler.py:858: ResourceWarning: unclosed database in <sqlite3.Connection object at 0x7baeedf23f10>
  def __init__(
ResourceWarning: Enable tracemalloc to get the object allocation traceback
[2026-09-26 16:05:12,549][INFO|database.py-_apply_versioned_migrations:452] >> [schema] DB 스키마 버전 4 적용
[2026-09-26 16:05:12,578][INFO|duplicate_group_service.py-_log_info:53] >> [duplicate] payload exact 중복군 0개, 멤버 0건 재생성
.[2026-09-26 16:05:12,668][INFO|database.py-upgrade_schema:285] >> 테이블 'admin_users' 생성 중...
[2026-09-26 16:05:12,672][INFO|database.py-upgrade_schema:285] >> 테이블 'api_keys' 생성 중...
[2026-09-26 16:05:12,674][INFO|database.py-upgrade_schema:285] >> 테이블 'mysafety' 생성 중...
[2026-09-26 16:05:12,675][INFO|database.py-upgrade_schema:285] >> 테이블 'mysafety_change_cursor' 생성 중...
[2026-09-26 16:05:12,677][INFO|database.py-upgrade_schema:285] >> 테이블 'mysafety_change_log' 생성 중...
[2026-09-26 16:05:12,678][INFO|database.py-upgrade_schema:285] >> 테이블 'mysafety_duplicate_decision' 생성 중...
[2026-09-26 16:05:12,680][INFO|database.py-upgrade_schema:285] >> 테이블 'mysafety_duplicate_group' 생성 중...
[2026-09-26 16:05:12,681][INFO|database.py-upgrade_schema:285] >> 테이블 'mysafety_duplicate_member' 생성 중...
[2026-09-26 16:05:12,683][INFO|database.py-upgrade_schema:285] >> 테이블 'mysafety_entry_value' 생성 중...
[2026-09-26 16:05:12,684][INFO|database.py-upgrade_schema:285] >> 테이블 'mysafety_geocode_cache' 생성 중...
[2026-09-26 16:05:12,686][INFO|database.py-upgrade_schema:285] >> 테이블 'mysafety_raw_content' 생성 중...
[2026-09-26 16:05:12,691][INFO|database.py-upgrade_schema:285] >> 테이블 'mysafety_report_override' 생성 중...
[2026-09-26 16:05:12,693][INFO|database.py-upgrade_schema:285] >> 테이블 'mysafety_sync_meta' 생성 중...
[2026-09-26 16:05:12,695][INFO|database.py-upgrade_schema:285] >> 테이블 'mysafety_watchlist' 생성 중...
[2026-09-26 16:05:12,697][INFO|database.py-upgrade_schema:285] >> 테이블 'mysafetydetail_other' 생성 중...
[2026-09-26 16:05:12,705][INFO|database.py-upgrade_schema:285] >> 테이블 'mysafetydetail_parking' 생성 중...
[2026-09-26 16:05:12,707][INFO|database.py-upgrade_schema:285] >> 테이블 'mysafetydetail_traffic' 생성 중...
[2026-09-26 16:05:12,709][INFO|database.py-upgrade_schema:285] >> 테이블 'mysafetymerge_other' 생성 중...
[2026-09-26 16:05:12,711][INFO|database.py-upgrade_schema:285] >> 테이블 'mysafetymerge_parking' 생성 중...
[2026-09-26 16:05:12,713][INFO|database.py-upgrade_schema:285] >> 테이블 'mysafetymerge_traffic' 생성 중...
[2026-09-26 16:05:12,716][INFO|database.py-_apply_versioned_migrations:452] >> [schema] DB 스키마 버전 1 적용
[2026-09-26 16:05:12,721][INFO|database.py-_apply_versioned_migrations:452] >> [schema] DB 스키마 버전 2 적용
[2026-09-26 16:05:12,724][INFO|database.py-_apply_versioned_migrations:452] >> [schema] DB 스키마 버전 3 적용
[2026-09-26 16:05:12,746][INFO|database.py-_apply_versioned_migrations:452] >> [schema] DB 스키마 버전 4 적용
/home/better0101/projects/safetyreport/.venv/lib/python3.14/site-packages/sqlalchemy/sql/compiler.py:4781: ResourceWarning: unclosed database in <sqlite3.Connection object at 0x7baeec663790>
  def visit_select(
ResourceWarning: Enable tracemalloc to get the object allocation traceback
[2026-09-26 16:05:12,778][INFO|duplicate_group_service.py-_log_info:53] >> [duplicate] payload exact 중복군 0개, 멤버 0건 재생성
./home/better0101/projects/safetyreport/.venv/lib/python3.14/site-packages/sqlalchemy/pool/base.py:1494: ResourceWarning: unclosed database in <sqlite3.Connection object at 0x7baeec663790>
  return self.dbapi_connection.cursor(*args, **kwargs)
ResourceWarning: Enable tracemalloc to get the object allocation traceback
[2026-09-26 16:05:12,858][INFO|database.py-upgrade_schema:285] >> 테이블 'admin_users' 생성 중...
[2026-09-26 16:05:12,861][INFO|database.py-upgrade_schema:285] >> 테이블 'api_keys' 생성 중...
[2026-09-26 16:05:12,863][INFO|database.py-upgrade_schema:285] >> 테이블 'mysafety' 생성 중...
[2026-09-26 16:05:12,865][INFO|database.py-upgrade_schema:285] >> 테이블 'mysafety_change_cursor' 생성 중...
[2026-09-26 16:05:12,866][INFO|database.py-upgrade_schema:285] >> 테이블 'mysafety_change_log' 생성 중...
[2026-09-26 16:05:12,867][INFO|database.py-upgrade_schema:285] >> 테이블 'mysafety_duplicate_decision' 생성 중...
[2026-09-26 16:05:12,868][INFO|database.py-upgrade_schema:285] >> 테이블 'mysafety_duplicate_group' 생성 중...
[2026-09-26 16:05:12,870][INFO|database.py-upgrade_schema:285] >> 테이블 'mysafety_duplicate_member' 생성 중...
[2026-09-26 16:05:12,871][INFO|database.py-upgrade_schema:285] >> 테이블 'mysafety_entry_value' 생성 중...
[2026-09-26 16:05:12,872][INFO|database.py-upgrade_schema:285] >> 테이블 'mysafety_geocode_cache' 생성 중...
[2026-09-26 16:05:12,874][INFO|database.py-upgrade_schema:285] >> 테이블 'mysafety_raw_content' 생성 중...
[2026-09-26 16:05:12,876][INFO|database.py-upgrade_schema:285] >> 테이블 'mysafety_report_override' 생성 중...
[2026-09-26 16:05:12,877][INFO|database.py-upgrade_schema:285] >> 테이블 'mysafety_sync_meta' 생성 중...
[2026-09-26 16:05:12,878][INFO|database.py-upgrade_schema:285] >> 테이블 'mysafety_watchlist' 생성 중...
[2026-09-26 16:05:12,880][INFO|database.py-upgrade_schema:285] >> 테이블 'mysafetydetail_other' 생성 중...
[2026-09-26 16:05:12,882][INFO|database.py-upgrade_schema:285] >> 테이블 'mysafetydetail_parking' 생성 중...
[2026-09-26 16:05:12,883][INFO|database.py-upgrade_schema:285] >> 테이블 'mysafetydetail_traffic' 생성 중...
[2026-09-26 16:05:12,885][INFO|database.py-upgrade_schema:285] >> 테이블 'mysafetymerge_other' 생성 중...
[2026-09-26 16:05:12,887][INFO|database.py-upgrade_schema:285] >> 테이블 'mysafetymerge_parking' 생성 중...
[2026-09-26 16:05:12,888][INFO|database.py-upgrade_schema:285] >> 테이블 'mysafetymerge_traffic' 생성 중...
[2026-09-26 16:05:12,892][INFO|database.py-_apply_versioned_migrations:452] >> [schema] DB 스키마 버전 1 적용
[2026-09-26 16:05:12,897][INFO|database.py-_apply_versioned_migrations:452] >> [schema] DB 스키마 버전 2 적용
[2026-09-26 16:05:12,898][INFO|database.py-_apply_versioned_migrations:452] >> [schema] DB 스키마 버전 3 적용
[2026-09-26 16:05:12,914][INFO|database.py-_apply_versioned_migrations:452] >> [schema] DB 스키마 버전 4 적용
[2026-09-26 16:05:12,944][INFO|duplicate_group_service.py-_log_info:53] >> [duplicate] payload exact 중복군 0개, 멤버 0건 재생성
.[2026-09-26 16:05:12,990][INFO|database.py-upgrade_schema:285] >> 테이블 'admin_users' 생성 중...
[2026-09-26 16:05:12,993][INFO|database.py-upgrade_schema:285] >> 테이블 'api_keys' 생성 중...
[2026-09-26 16:05:12,995][INFO|database.py-upgrade_schema:285] >> 테이블 'mysafety' 생성 중...
[2026-09-26 16:05:12,997][INFO|database.py-upgrade_schema:285] >> 테이블 'mysafety_change_cursor' 생성 중...
[2026-09-26 16:05:12,999][INFO|database.py-upgrade_schema:285] >> 테이블 'mysafety_change_log' 생성 중...
[2026-09-26 16:05:13,000][INFO|database.py-upgrade_schema:285] >> 테이블 'mysafety_duplicate_decision' 생성 중...
[2026-09-26 16:05:13,002][INFO|database.py-upgrade_schema:285] >> 테이블 'mysafety_duplicate_group' 생성 중...
[2026-09-26 16:05:13,003][INFO|database.py-upgrade_schema:285] >> 테이블 'mysafety_duplicate_member' 생성 중...
[2026-09-26 16:05:13,005][INFO|database.py-upgrade_schema:285] >> 테이블 'mysafety_entry_value' 생성 중...
[2026-09-26 16:05:13,006][INFO|database.py-upgrade_schema:285] >> 테이블 'mysafety_geocode_cache' 생성 중...
[2026-09-26 16:05:13,008][INFO|database.py-upgrade_schema:285] >> 테이블 'mysafety_raw_content' 생성 중...
[2026-09-26 16:05:13,009][INFO|database.py-upgrade_schema:285] >> 테이블 'mysafety_report_override' 생성 중...
[2026-09-26 16:05:13,011][INFO|database.py-upgrade_schema:285] >> 테이블 'mysafety_sync_meta' 생성 중...
[2026-09-26 16:05:13,013][INFO|database.py-upgrade_schema:285] >> 테이블 'mysafety_watchlist' 생성 중...
[2026-09-26 16:05:13,015][INFO|database.py-upgrade_schema:285] >> 테이블 'mysafetydetail_other' 생성 중...
[2026-09-26 16:05:13,017][INFO|database.py-upgrade_schema:285] >> 테이블 'mysafetydetail_parking' 생성 중...
[2026-09-26 16:05:13,019][INFO|database.py-upgrade_schema:285] >> 테이블 'mysafetydetail_traffic' 생성 중...
[2026-09-26 16:05:13,021][INFO|database.py-upgrade_schema:285] >> 테이블 'mysafetymerge_other' 생성 중...
[2026-09-26 16:05:13,023][INFO|database.py-upgrade_schema:285] >> 테이블 'mysafetymerge_parking' 생성 중...
[2026-09-26 16:05:13,025][INFO|database.py-upgrade_schema:285] >> 테이블 'mysafetymerge_traffic' 생성 중...
[2026-09-26 16:05:13,033][INFO|database.py-_apply_versioned_migrations:452] >> [schema] DB 스키마 버전 1 적용
[2026-09-26 16:05:13,045][INFO|database.py-_apply_versioned_migrations:452] >> [schema] DB 스키마 버전 2 적용
[2026-09-26 16:05:13,047][INFO|database.py-_apply_versioned_migrations:452] >> [schema] DB 스키마 버전 3 적용
[2026-09-26 16:05:13,059][INFO|database.py-_apply_versioned_migrations:452] >> [schema] DB 스키마 버전 4 적용
/home/better0101/projects/safetyreport/.venv/lib/python3.14/site-packages/sqlalchemy/sql/elements.py:708: ResourceWarning: unclosed database in <sqlite3.Connection object at 0x7baeec5df970>
  tuple(column_keys),
ResourceWarning: Enable tracemalloc to get the object allocation traceback
/home/better0101/projects/safetyreport/.venv/lib/python3.14/site-packages/sqlalchemy/sql/elements.py:708: ResourceWarning: unclosed database in <sqlite3.Connection object at 0x7baeec5df1f0>
  tuple(column_keys),
ResourceWarning: Enable tracemalloc to get the object allocation traceback
[2026-09-26 16:05:13,090][INFO|duplicate_group_service.py-_log_info:53] >> [duplicate] payload exact 중복군 0개, 멤버 0건 재생성
.[2026-09-26 16:05:13,164][INFO|database.py-upgrade_schema:285] >> 테이블 'admin_users' 생성 중...
[2026-09-26 16:05:13,168][INFO|database.py-upgrade_schema:285] >> 테이블 'api_keys' 생성 중...
[2026-09-26 16:05:13,170][INFO|database.py-upgrade_schema:285] >> 테이블 'mysafety' 생성 중...
[2026-09-26 16:05:13,171][INFO|database.py-upgrade_schema:285] >> 테이블 'mysafety_change_cursor' 생성 중...
[2026-09-26 16:05:13,173][INFO|database.py-upgrade_schema:285] >> 테이블 'mysafety_change_log' 생성 중...
[2026-09-26 16:05:13,175][INFO|database.py-upgrade_schema:285] >> 테이블 'mysafety_duplicate_decision' 생성 중...
[2026-09-26 16:05:13,177][INFO|database.py-upgrade_schema:285] >> 테이블 'mysafety_duplicate_group' 생성 중...
[2026-09-26 16:05:13,178][INFO|database.py-upgrade_schema:285] >> 테이블 'mysafety_duplicate_member' 생성 중...
[2026-09-26 16:05:13,183][INFO|database.py-upgrade_schema:285] >> 테이블 'mysafety_entry_value' 생성 중...
[2026-09-26 16:05:13,185][INFO|database.py-upgrade_schema:285] >> 테이블 'mysafety_geocode_cache' 생성 중...
[2026-09-26 16:05:13,189][INFO|database.py-upgrade_schema:285] >> 테이블 'mysafety_raw_content' 생성 중...
[2026-09-26 16:05:13,193][INFO|database.py-upgrade_schema:285] >> 테이블 'mysafety_report_override' 생성 중...
[2026-09-26 16:05:13,196][INFO|database.py-upgrade_schema:285] >> 테이블 'mysafety_sync_meta' 생성 중...
[2026-09-26 16:05:13,199][INFO|database.py-upgrade_schema:285] >> 테이블 'mysafety_watchlist' 생성 중...
[2026-09-26 16:05:13,201][INFO|database.py-upgrade_schema:285] >> 테이블 'mysafetydetail_other' 생성 중...
[2026-09-26 16:05:13,206][INFO|database.py-upgrade_schema:285] >> 테이블 'mysafetydetail_parking' 생성 중...
[2026-09-26 16:05:13,208][INFO|database.py-upgrade_schema:285] >> 테이블 'mysafetydetail_traffic' 생성 중...
[2026-09-26 16:05:13,216][INFO|database.py-upgrade_schema:285] >> 테이블 'mysafetymerge_other' 생성 중...
[2026-09-26 16:05:13,219][INFO|database.py-upgrade_schema:285] >> 테이블 'mysafetymerge_parking' 생성 중...
[2026-09-26 16:05:13,222][INFO|database.py-upgrade_schema:285] >> 테이블 'mysafetymerge_traffic' 생성 중...
[2026-09-26 16:05:13,225][INFO|database.py-_apply_versioned_migrations:452] >> [schema] DB 스키마 버전 1 적용
[2026-09-26 16:05:13,231][INFO|database.py-_apply_versioned_migrations:452] >> [schema] DB 스키마 버전 2 적용
[2026-09-26 16:05:13,233][INFO|database.py-_apply_versioned_migrations:452] >> [schema] DB 스키마 버전 3 적용
[2026-09-26 16:05:13,256][INFO|database.py-_apply_versioned_migrations:452] >> [schema] DB 스키마 버전 4 적용
<string>:1: ResourceWarning: unclosed database in <sqlite3.Connection object at 0x7baeec5de7a0>
ResourceWarning: Enable tracemalloc to get the object allocation traceback
[2026-09-26 16:05:13,313][INFO|duplicate_group_service.py-_log_info:53] >> [duplicate] payload exact 중복군 0개, 멤버 0건 재생성
.[2026-09-26 16:05:13,387][INFO|database.py-upgrade_schema:285] >> 테이블 'admin_users' 생성 중...
[2026-09-26 16:05:13,389][INFO|database.py-upgrade_schema:285] >> 테이블 'api_keys' 생성 중...
[2026-09-26 16:05:13,391][INFO|database.py-upgrade_schema:285] >> 테이블 'mysafety' 생성 중...
[2026-09-26 16:05:13,392][INFO|database.py-upgrade_schema:285] >> 테이블 'mysafety_change_cursor' 생성 중...
[2026-09-26 16:05:13,394][INFO|database.py-upgrade_schema:285] >> 테이블 'mysafety_change_log' 생성 중...
[2026-09-26 16:05:13,395][INFO|database.py-upgrade_schema:285] >> 테이블 'mysafety_duplicate_decision' 생성 중...
[2026-09-26 16:05:13,397][INFO|database.py-upgrade_schema:285] >> 테이블 'mysafety_duplicate_group' 생성 중...
[2026-09-26 16:05:13,398][INFO|database.py-upgrade_schema:285] >> 테이블 'mysafety_duplicate_member' 생성 중...
[2026-09-26 16:05:13,400][INFO|database.py-upgrade_schema:285] >> 테이블 'mysafety_entry_value' 생성 중...
[2026-09-26 16:05:13,405][INFO|database.py-upgrade_schema:285] >> 테이블 'mysafety_geocode_cache' 생성 중...
[2026-09-26 16:05:13,407][INFO|database.py-upgrade_schema:285] >> 테이블 'mysafety_raw_content' 생성 중...
[2026-09-26 16:05:13,409][INFO|database.py-upgrade_schema:285] >> 테이블 'mysafety_report_override' 생성 중...
[2026-09-26 16:05:13,413][INFO|database.py-upgrade_schema:285] >> 테이블 'mysafety_sync_meta' 생성 중...
[2026-09-26 16:05:13,416][INFO|database.py-upgrade_schema:285] >> 테이블 'mysafety_watchlist' 생성 중...
[2026-09-26 16:05:13,418][INFO|database.py-upgrade_schema:285] >> 테이블 'mysafetydetail_other' 생성 중...
[2026-09-26 16:05:13,420][INFO|database.py-upgrade_schema:285] >> 테이블 'mysafetydetail_parking' 생성 중...
[2026-09-26 16:05:13,422][INFO|database.py-upgrade_schema:285] >> 테이블 'mysafetydetail_traffic' 생성 중...
[2026-09-26 16:05:13,423][INFO|database.py-upgrade_schema:285] >> 테이블 'mysafetymerge_other' 생성 중...
[2026-09-26 16:05:13,425][INFO|database.py-upgrade_schema:285] >> 테이블 'mysafetymerge_parking' 생성 중...
[2026-09-26 16:05:13,427][INFO|database.py-upgrade_schema:285] >> 테이블 'mysafetymerge_traffic' 생성 중...
[2026-09-26 16:05:13,430][INFO|database.py-_apply_versioned_migrations:452] >> [schema] DB 스키마 버전 1 적용
[2026-09-26 16:05:13,435][INFO|database.py-_apply_versioned_migrations:452] >> [schema] DB 스키마 버전 2 적용
[2026-09-26 16:05:13,439][INFO|database.py-_apply_versioned_migrations:452] >> [schema] DB 스키마 버전 3 적용
/home/better0101/projects/safetyreport/.venv/lib/python3.14/site-packages/sqlalchemy/sql/compiler.py:858: ResourceWarning: unclosed database in <sqlite3.Connection object at 0x7baeec5dd990>
  def __init__(
ResourceWarning: Enable tracemalloc to get the object allocation traceback
[2026-09-26 16:05:13,460][INFO|database.py-_apply_versioned_migrations:452] >> [schema] DB 스키마 버전 4 적용
[2026-09-26 16:05:13,489][INFO|duplicate_group_service.py-_log_info:53] >> [duplicate] payload exact 중복군 0개, 멤버 0건 재생성
[2026-09-26 16:05:13,529][INFO|start.py-_run_rebuild_process:271] >> [rebuild] 목록 수집 시작 (run 8c2d49702135489f9c85782b091a8052)
[2026-09-26 16:05:13,537][INFO|database.py-title_to_sql:694] >> 총 3건 title 테이블 upsert 완료. (신규: 3건)
[2026-09-26 16:05:13,541][INFO|start.py-_rebuild_register_list:169] >> [rebuild] 목록 등록 완료: 3건 (신규 3건)
[2026-09-26 16:05:13,543][INFO|start.py-_run_rebuild_process:300] >> [rebuild] 상세 크롤링 대상 3건 (checkpoint: 미완료만)
[2026-09-26 16:05:13,554][INFO|start.py-_rebuild_consume_details:257] >> [rebuild] 상세 저장 3건 (변경/신규 3건)
.[2026-09-26 16:05:13,575][INFO|database.py-upgrade_schema:285] >> 테이블 'admin_users' 생성 중...
[2026-09-26 16:05:13,585][INFO|database.py-upgrade_schema:285] >> 테이블 'api_keys' 생성 중...
[2026-09-26 16:05:13,586][INFO|database.py-upgrade_schema:285] >> 테이블 'mysafety' 생성 중...
[2026-09-26 16:05:13,588][INFO|database.py-upgrade_schema:285] >> 테이블 'mysafety_change_cursor' 생성 중...
[2026-09-26 16:05:13,590][INFO|database.py-upgrade_schema:285] >> 테이블 'mysafety_change_log' 생성 중...
[2026-09-26 16:05:13,591][INFO|database.py-upgrade_schema:285] >> 테이블 'mysafety_duplicate_decision' 생성 중...
[2026-09-26 16:05:13,593][INFO|database.py-upgrade_schema:285] >> 테이블 'mysafety_duplicate_group' 생성 중...
[2026-09-26 16:05:13,594][INFO|database.py-upgrade_schema:285] >> 테이블 'mysafety_duplicate_member' 생성 중...
[2026-09-26 16:05:13,596][INFO|database.py-upgrade_schema:285] >> 테이블 'mysafety_entry_value' 생성 중...
[2026-09-26 16:05:13,597][INFO|database.py-upgrade_schema:285] >> 테이블 'mysafety_geocode_cache' 생성 중...
[2026-09-26 16:05:13,599][INFO|database.py-upgrade_schema:285] >> 테이블 'mysafety_raw_content' 생성 중...
[2026-09-26 16:05:13,601][INFO|database.py-upgrade_schema:285] >> 테이블 'mysafety_report_override' 생성 중...
[2026-09-26 16:05:13,603][INFO|database.py-upgrade_schema:285] >> 테이블 'mysafety_sync_meta' 생성 중...
[2026-09-26 16:05:13,604][INFO|database.py-upgrade_schema:285] >> 테이블 'mysafety_watchlist' 생성 중...
[2026-09-26 16:05:13,609][INFO|database.py-upgrade_schema:285] >> 테이블 'mysafetydetail_other' 생성 중...
[2026-09-26 16:05:13,612][INFO|database.py-upgrade_schema:285] >> 테이블 'mysafetydetail_parking' 생성 중...
[2026-09-26 16:05:13,620][INFO|database.py-upgrade_schema:285] >> 테이블 'mysafetydetail_traffic' 생성 중...
[2026-09-26 16:05:13,622][INFO|database.py-upgrade_schema:285] >> 테이블 'mysafetymerge_other' 생성 중...
[2026-09-26 16:05:13,624][INFO|database.py-upgrade_schema:285] >> 테이블 'mysafetymerge_parking' 생성 중...
[2026-09-26 16:05:13,626][INFO|database.py-upgrade_schema:285] >> 테이블 'mysafetymerge_traffic' 생성 중...
[2026-09-26 16:05:13,629][INFO|database.py-_apply_versioned_migrations:452] >> [schema] DB 스키마 버전 1 적용
[2026-09-26 16:05:13,635][INFO|database.py-_apply_versioned_migrations:452] >> [schema] DB 스키마 버전 2 적용
[2026-09-26 16:05:13,637][INFO|database.py-_apply_versioned_migrations:452] >> [schema] DB 스키마 버전 3 적용
/home/better0101/projects/safetyreport/.venv/lib/python3.14/site-packages/sqlalchemy/sql/visitors.py:126: ResourceWarning: unclosed database in <sqlite3.Connection object at 0x7baeec5dd990>
  def _compiler_dispatch(
ResourceWarning: Enable tracemalloc to get the object allocation traceback
[2026-09-26 16:05:13,663][INFO|database.py-_apply_versioned_migrations:452] >> [schema] DB 스키마 버전 4 적용
[2026-09-26 16:05:13,696][INFO|duplicate_group_service.py-_log_info:53] >> [duplicate] payload exact 중복군 0개, 멤버 0건 재생성
[2026-09-26 16:05:13,754][INFO|start.py-_run_rebuild_process:271] >> [rebuild] 목록 수집 시작 (run 1542bca826f14a76befea4d1568b529d)
[2026-09-26 16:05:13,761][INFO|database.py-title_to_sql:694] >> 총 3건 title 테이블 upsert 완료. (신규: 3건)
[2026-09-26 16:05:13,762][INFO|start.py-_rebuild_register_list:169] >> [rebuild] 목록 등록 완료: 3건 (신규 3건)
[2026-09-26 16:05:13,763][INFO|start.py-_run_rebuild_process:300] >> [rebuild] 상세 크롤링 대상 3건 (checkpoint: 미완료만)
[2026-09-26 16:05:13,770][INFO|start.py-_rebuild_consume_details:257] >> [rebuild] 상세 저장 2건 (변경/신규 2건)
.[2026-09-26 16:05:13,799][INFO|database.py-upgrade_schema:285] >> 테이블 'admin_users' 생성 중...
[2026-09-26 16:05:13,808][INFO|database.py-upgrade_schema:285] >> 테이블 'api_keys' 생성 중...
[2026-09-26 16:05:13,810][INFO|database.py-upgrade_schema:285] >> 테이블 'mysafety' 생성 중...
[2026-09-26 16:05:13,811][INFO|database.py-upgrade_schema:285] >> 테이블 'mysafety_change_cursor' 생성 중...
[2026-09-26 16:05:13,813][INFO|database.py-upgrade_schema:285] >> 테이블 'mysafety_change_log' 생성 중...
[2026-09-26 16:05:13,815][INFO|database.py-upgrade_schema:285] >> 테이블 'mysafety_duplicate_decision' 생성 중...
[2026-09-26 16:05:13,817][INFO|database.py-upgrade_schema:285] >> 테이블 'mysafety_duplicate_group' 생성 중...
[2026-09-26 16:05:13,819][INFO|database.py-upgrade_schema:285] >> 테이블 'mysafety_duplicate_member' 생성 중...
[2026-09-26 16:05:13,827][INFO|database.py-upgrade_schema:285] >> 테이블 'mysafety_entry_value' 생성 중...
[2026-09-26 16:05:13,829][INFO|database.py-upgrade_schema:285] >> 테이블 'mysafety_geocode_cache' 생성 중...
[2026-09-26 16:05:13,831][INFO|database.py-upgrade_schema:285] >> 테이블 'mysafety_raw_content' 생성 중...
[2026-09-26 16:05:13,833][INFO|database.py-upgrade_schema:285] >> 테이블 'mysafety_report_override' 생성 중...
[2026-09-26 16:05:13,834][INFO|database.py-upgrade_schema:285] >> 테이블 'mysafety_sync_meta' 생성 중...
[2026-09-26 16:05:13,836][INFO|database.py-upgrade_schema:285] >> 테이블 'mysafety_watchlist' 생성 중...
[2026-09-26 16:05:13,837][INFO|database.py-upgrade_schema:285] >> 테이블 'mysafetydetail_other' 생성 중...
[2026-09-26 16:05:13,843][INFO|database.py-upgrade_schema:285] >> 테이블 'mysafetydetail_parking' 생성 중...
[2026-09-26 16:05:13,846][INFO|database.py-upgrade_schema:285] >> 테이블 'mysafetydetail_traffic' 생성 중...
[2026-09-26 16:05:13,849][INFO|database.py-upgrade_schema:285] >> 테이블 'mysafetymerge_other' 생성 중...
[2026-09-26 16:05:13,853][INFO|database.py-upgrade_schema:285] >> 테이블 'mysafetymerge_parking' 생성 중...
[2026-09-26 16:05:13,855][INFO|database.py-upgrade_schema:285] >> 테이블 'mysafetymerge_traffic' 생성 중...
[2026-09-26 16:05:13,859][INFO|database.py-_apply_versioned_migrations:452] >> [schema] DB 스키마 버전 1 적용
[2026-09-26 16:05:13,865][INFO|database.py-_apply_versioned_migrations:452] >> [schema] DB 스키마 버전 2 적용
[2026-09-26 16:05:13,866][INFO|database.py-_apply_versioned_migrations:452] >> [schema] DB 스키마 버전 3 적용
[2026-09-26 16:05:13,887][INFO|database.py-_apply_versioned_migrations:452] >> [schema] DB 스키마 버전 4 적용
[2026-09-26 16:05:13,924][INFO|duplicate_group_service.py-_log_info:53] >> [duplicate] payload exact 중복군 0개, 멤버 0건 재생성
[2026-09-26 16:05:13,973][INFO|start.py-_run_rebuild_process:271] >> [rebuild] 목록 수집 시작 (run fa343c4c9854420fb5e9c6f26975b85e)
[2026-09-26 16:05:13,982][INFO|database.py-title_to_sql:694] >> 총 3건 title 테이블 upsert 완료. (신규: 3건)
[2026-09-26 16:05:13,987][INFO|start.py-_rebuild_register_list:169] >> [rebuild] 목록 등록 완료: 3건 (신규 3건)
[2026-09-26 16:05:13,989][INFO|start.py-_run_rebuild_process:300] >> [rebuild] 상세 크롤링 대상 3건 (checkpoint: 미완료만)
[2026-09-26 16:05:13,993][INFO|start.py-_rebuild_consume_details:257] >> [rebuild] 상세 저장 3건 (변경/신규 3건)
.[2026-09-26 16:05:14,025][INFO|database.py-upgrade_schema:285] >> 테이블 'admin_users' 생성 중...
[2026-09-26 16:05:14,029][INFO|database.py-upgrade_schema:285] >> 테이블 'api_keys' 생성 중...
[2026-09-26 16:05:14,030][INFO|database.py-upgrade_schema:285] >> 테이블 'mysafety' 생성 중...
[2026-09-26 16:05:14,032][INFO|database.py-upgrade_schema:285] >> 테이블 'mysafety_change_cursor' 생성 중...
[2026-09-26 16:05:14,034][INFO|database.py-upgrade_schema:285] >> 테이블 'mysafety_change_log' 생성 중...
[2026-09-26 16:05:14,035][INFO|database.py-upgrade_schema:285] >> 테이블 'mysafety_duplicate_decision' 생성 중...
[2026-09-26 16:05:14,037][INFO|database.py-upgrade_schema:285] >> 테이블 'mysafety_duplicate_group' 생성 중...
[2026-09-26 16:05:14,039][INFO|database.py-upgrade_schema:285] >> 테이블 'mysafety_duplicate_member' 생성 중...
[2026-09-26 16:05:14,044][INFO|database.py-upgrade_schema:285] >> 테이블 'mysafety_entry_value' 생성 중...
[2026-09-26 16:05:14,046][INFO|database.py-upgrade_schema:285] >> 테이블 'mysafety_geocode_cache' 생성 중...
[2026-09-26 16:05:14,051][INFO|database.py-upgrade_schema:285] >> 테이블 'mysafety_raw_content' 생성 중...
[2026-09-26 16:05:14,054][INFO|database.py-upgrade_schema:285] >> 테이블 'mysafety_report_override' 생성 중...
[2026-09-26 16:05:14,056][INFO|database.py-upgrade_schema:285] >> 테이블 'mysafety_sync_meta' 생성 중...
[2026-09-26 16:05:14,058][INFO|database.py-upgrade_schema:285] >> 테이블 'mysafety_watchlist' 생성 중...
[2026-09-26 16:05:14,060][INFO|database.py-upgrade_schema:285] >> 테이블 'mysafetydetail_other' 생성 중...
[2026-09-26 16:05:14,062][INFO|database.py-upgrade_schema:285] >> 테이블 'mysafetydetail_parking' 생성 중...
[2026-09-26 16:05:14,064][INFO|database.py-upgrade_schema:285] >> 테이블 'mysafetydetail_traffic' 생성 중...
[2026-09-26 16:05:14,065][INFO|database.py-upgrade_schema:285] >> 테이블 'mysafetymerge_other' 생성 중...
[2026-09-26 16:05:14,067][INFO|database.py-upgrade_schema:285] >> 테이블 'mysafetymerge_parking' 생성 중...
[2026-09-26 16:05:14,069][INFO|database.py-upgrade_schema:285] >> 테이블 'mysafetymerge_traffic' 생성 중...
[2026-09-26 16:05:14,072][INFO|database.py-_apply_versioned_migrations:452] >> [schema] DB 스키마 버전 1 적용
[2026-09-26 16:05:14,080][INFO|database.py-_apply_versioned_migrations:452] >> [schema] DB 스키마 버전 2 적용
[2026-09-26 16:05:14,089][INFO|database.py-_apply_versioned_migrations:452] >> [schema] DB 스키마 버전 3 적용
[2026-09-26 16:05:14,106][INFO|database.py-_apply_versioned_migrations:452] >> [schema] DB 스키마 버전 4 적용
/home/better0101/projects/safetyreport/.venv/lib/python3.14/site-packages/sqlalchemy/sql/visitors.py:126: ResourceWarning: unclosed database in <sqlite3.Connection object at 0x7baed45386d0>
  def _compiler_dispatch(
ResourceWarning: Enable tracemalloc to get the object allocation traceback
[2026-09-26 16:05:14,142][INFO|duplicate_group_service.py-_log_info:53] >> [duplicate] payload exact 중복군 0개, 멤버 0건 재생성
.[2026-09-26 16:05:14,212][INFO|database.py-upgrade_schema:285] >> 테이블 'admin_users' 생성 중...
[2026-09-26 16:05:14,219][INFO|database.py-upgrade_schema:285] >> 테이블 'api_keys' 생성 중...
[2026-09-26 16:05:14,220][INFO|database.py-upgrade_schema:285] >> 테이블 'mysafety' 생성 중...
[2026-09-26 16:05:14,222][INFO|database.py-upgrade_schema:285] >> 테이블 'mysafety_change_cursor' 생성 중...
[2026-09-26 16:05:14,229][INFO|database.py-upgrade_schema:285] >> 테이블 'mysafety_change_log' 생성 중...
[2026-09-26 16:05:14,231][INFO|database.py-upgrade_schema:285] >> 테이블 'mysafety_duplicate_decision' 생성 중...
[2026-09-26 16:05:14,233][INFO|database.py-upgrade_schema:285] >> 테이블 'mysafety_duplicate_group' 생성 중...
[2026-09-26 16:05:14,235][INFO|database.py-upgrade_schema:285] >> 테이블 'mysafety_duplicate_member' 생성 중...
[2026-09-26 16:05:14,237][INFO|database.py-upgrade_schema:285] >> 테이블 'mysafety_entry_value' 생성 중...
[2026-09-26 16:05:14,242][INFO|database.py-upgrade_schema:285] >> 테이블 'mysafety_geocode_cache' 생성 중...
[2026-09-26 16:05:14,244][INFO|database.py-upgrade_schema:285] >> 테이블 'mysafety_raw_content' 생성 중...
[2026-09-26 16:05:14,247][INFO|database.py-upgrade_schema:285] >> 테이블 'mysafety_report_override' 생성 중...
[2026-09-26 16:05:14,253][INFO|database.py-upgrade_schema:285] >> 테이블 'mysafety_sync_meta' 생성 중...
[2026-09-26 16:05:14,259][INFO|database.py-upgrade_schema:285] >> 테이블 'mysafety_watchlist' 생성 중...
[2026-09-26 16:05:14,262][INFO|database.py-upgrade_schema:285] >> 테이블 'mysafetydetail_other' 생성 중...
[2026-09-26 16:05:14,265][INFO|database.py-upgrade_schema:285] >> 테이블 'mysafetydetail_parking' 생성 중...
[2026-09-26 16:05:14,267][INFO|database.py-upgrade_schema:285] >> 테이블 'mysafetydetail_traffic' 생성 중...
[2026-09-26 16:05:14,269][INFO|database.py-upgrade_schema:285] >> 테이블 'mysafetymerge_other' 생성 중...
/home/better0101/projects/safetyreport/.venv/lib/python3.14/site-packages/sqlalchemy/sql/schema.py:4470: ResourceWarning: unclosed database in <sqlite3.Connection object at 0x7baed45393f0>
  def __iter__(self) -> Iterator[Column[Any]]:
ResourceWarning: Enable tracemalloc to get the object allocation traceback
[2026-09-26 16:05:14,276][INFO|database.py-upgrade_schema:285] >> 테이블 'mysafetymerge_parking' 생성 중...
[2026-09-26 16:05:14,278][INFO|database.py-upgrade_schema:285] >> 테이블 'mysafetymerge_traffic' 생성 중...
[2026-09-26 16:05:14,290][INFO|database.py-_apply_versioned_migrations:452] >> [schema] DB 스키마 버전 1 적용
[2026-09-26 16:05:14,297][INFO|database.py-_apply_versioned_migrations:452] >> [schema] DB 스키마 버전 2 적용
[2026-09-26 16:05:14,299][INFO|database.py-_apply_versioned_migrations:452] >> [schema] DB 스키마 버전 3 적용
[2026-09-26 16:05:14,319][INFO|database.py-_apply_versioned_migrations:452] >> [schema] DB 스키마 버전 4 적용
[2026-09-26 16:05:14,349][INFO|duplicate_group_service.py-_log_info:53] >> [duplicate] payload exact 중복군 0개, 멤버 0건 재생성
.[2026-09-26 16:05:14,444][INFO|database.py-upgrade_schema:285] >> 테이블 'admin_users' 생성 중...
[2026-09-26 16:05:14,450][INFO|database.py-upgrade_schema:285] >> 테이블 'api_keys' 생성 중...
[2026-09-26 16:05:14,453][INFO|database.py-upgrade_schema:285] >> 테이블 'mysafety' 생성 중...
[2026-09-26 16:05:14,458][INFO|database.py-upgrade_schema:285] >> 테이블 'mysafety_change_cursor' 생성 중...
[2026-09-26 16:05:14,460][INFO|database.py-upgrade_schema:285] >> 테이블 'mysafety_change_log' 생성 중...
[2026-09-26 16:05:14,462][INFO|database.py-upgrade_schema:285] >> 테이블 'mysafety_duplicate_decision' 생성 중...
[2026-09-26 16:05:14,463][INFO|database.py-upgrade_schema:285] >> 테이블 'mysafety_duplicate_group' 생성 중...
[2026-09-26 16:05:14,468][INFO|database.py-upgrade_schema:285] >> 테이블 'mysafety_duplicate_member' 생성 중...
[2026-09-26 16:05:14,470][INFO|database.py-upgrade_schema:285] >> 테이블 'mysafety_entry_value' 생성 중...
[2026-09-26 16:05:14,473][INFO|database.py-upgrade_schema:285] >> 테이블 'mysafety_geocode_cache' 생성 중...
[2026-09-26 16:05:14,476][INFO|database.py-upgrade_schema:285] >> 테이블 'mysafety_raw_content' 생성 중...
[2026-09-26 16:05:14,479][INFO|database.py-upgrade_schema:285] >> 테이블 'mysafety_report_override' 생성 중...
[2026-09-26 16:05:14,482][INFO|database.py-upgrade_schema:285] >> 테이블 'mysafety_sync_meta' 생성 중...
[2026-09-26 16:05:14,484][INFO|database.py-upgrade_schema:285] >> 테이블 'mysafety_watchlist' 생성 중...
[2026-09-26 16:05:14,490][INFO|database.py-upgrade_schema:285] >> 테이블 'mysafetydetail_other' 생성 중...
[2026-09-26 16:05:14,495][INFO|database.py-upgrade_schema:285] >> 테이블 'mysafetydetail_parking' 생성 중...
[2026-09-26 16:05:14,497][INFO|database.py-upgrade_schema:285] >> 테이블 'mysafetydetail_traffic' 생성 중...
[2026-09-26 16:05:14,509][INFO|database.py-upgrade_schema:285] >> 테이블 'mysafetymerge_other' 생성 중...
[2026-09-26 16:05:14,516][INFO|database.py-upgrade_schema:285] >> 테이블 'mysafetymerge_parking' 생성 중...
[2026-09-26 16:05:14,521][INFO|database.py-upgrade_schema:285] >> 테이블 'mysafetymerge_traffic' 생성 중...
[2026-09-26 16:05:14,529][INFO|database.py-_apply_versioned_migrations:452] >> [schema] DB 스키마 버전 1 적용
[2026-09-26 16:05:14,543][INFO|database.py-_apply_versioned_migrations:452] >> [schema] DB 스키마 버전 2 적용
[2026-09-26 16:05:14,551][INFO|database.py-_apply_versioned_migrations:452] >> [schema] DB 스키마 버전 3 적용
[2026-09-26 16:05:14,577][INFO|database.py-_apply_versioned_migrations:452] >> [schema] DB 스키마 버전 4 적용
/home/better0101/projects/safetyreport/.venv/lib/python3.14/site-packages/sqlalchemy/sql/visitors.py:126: ResourceWarning: unclosed database in <sqlite3.Connection object at 0x7baed453a2f0>
  def _compiler_dispatch(
ResourceWarning: Enable tracemalloc to get the object allocation traceback
[2026-09-26 16:05:14,619][INFO|duplicate_group_service.py-_log_info:53] >> [duplicate] payload exact 중복군 0개, 멤버 0건 재생성
[2026-09-26 16:05:14,695][INFO|start.py-_run_rebuild_process:271] >> [rebuild] 목록 수집 시작 (run 067fcbea396344b087c9ce1a664799bd)
[2026-09-26 16:05:14,696][ERROR|start.py-_rebuild_register_list:157] >> [rebuild] 목록 수집 실패 — job failed (page 2 timeout)
.[2026-09-26 16:05:14,709][INFO|database.py-upgrade_schema:285] >> 테이블 'admin_users' 생성 중...
[2026-09-26 16:05:14,719][INFO|database.py-upgrade_schema:285] >> 테이블 'api_keys' 생성 중...
[2026-09-26 16:05:14,721][INFO|database.py-upgrade_schema:285] >> 테이블 'mysafety' 생성 중...
[2026-09-26 16:05:14,723][INFO|database.py-upgrade_schema:285] >> 테이블 'mysafety_change_cursor' 생성 중...
[2026-09-26 16:05:14,725][INFO|database.py-upgrade_schema:285] >> 테이블 'mysafety_change_log' 생성 중...
[2026-09-26 16:05:14,726][INFO|database.py-upgrade_schema:285] >> 테이블 'mysafety_duplicate_decision' 생성 중...
[2026-09-26 16:05:14,727][INFO|database.py-upgrade_schema:285] >> 테이블 'mysafety_duplicate_group' 생성 중...
[2026-09-26 16:05:14,729][INFO|database.py-upgrade_schema:285] >> 테이블 'mysafety_duplicate_member' 생성 중...
[2026-09-26 16:05:14,731][INFO|database.py-upgrade_schema:285] >> 테이블 'mysafety_entry_value' 생성 중...
[2026-09-26 16:05:14,732][INFO|database.py-upgrade_schema:285] >> 테이블 'mysafety_geocode_cache' 생성 중...
[2026-09-26 16:05:14,733][INFO|database.py-upgrade_schema:285] >> 테이블 'mysafety_raw_content' 생성 중...
[2026-09-26 16:05:14,735][INFO|database.py-upgrade_schema:285] >> 테이블 'mysafety_report_override' 생성 중...
[2026-09-26 16:05:14,737][INFO|database.py-upgrade_schema:285] >> 테이블 'mysafety_sync_meta' 생성 중...
[2026-09-26 16:05:14,738][INFO|database.py-upgrade_schema:285] >> 테이블 'mysafety_watchlist' 생성 중...
[2026-09-26 16:05:14,740][INFO|database.py-upgrade_schema:285] >> 테이블 'mysafetydetail_other' 생성 중...
[2026-09-26 16:05:14,742][INFO|database.py-upgrade_schema:285] >> 테이블 'mysafetydetail_parking' 생성 중...
[2026-09-26 16:05:14,744][INFO|database.py-upgrade_schema:285] >> 테이블 'mysafetydetail_traffic' 생성 중...
[2026-09-26 16:05:14,748][INFO|database.py-upgrade_schema:285] >> 테이블 'mysafetymerge_other' 생성 중...
[2026-09-26 16:05:14,752][INFO|database.py-upgrade_schema:285] >> 테이블 'mysafetymerge_parking' 생성 중...
[2026-09-26 16:05:14,758][INFO|database.py-upgrade_schema:285] >> 테이블 'mysafetymerge_traffic' 생성 중...
[2026-09-26 16:05:14,768][INFO|database.py-_apply_versioned_migrations:452] >> [schema] DB 스키마 버전 1 적용
[2026-09-26 16:05:14,793][INFO|database.py-_apply_versioned_migrations:452] >> [schema] DB 스키마 버전 2 적용
[2026-09-26 16:05:14,796][INFO|database.py-_apply_versioned_migrations:452] >> [schema] DB 스키마 버전 3 적용
[2026-09-26 16:05:14,826][INFO|database.py-_apply_versioned_migrations:452] >> [schema] DB 스키마 버전 4 적용
/home/better0101/projects/safetyreport/.venv/lib/python3.14/site-packages/sqlalchemy/sql/elements.py:5319: ResourceWarning: unclosed database in <sqlite3.Connection object at 0x7baed42b4130>
  self = super().__new__(cls, value)
ResourceWarning: Enable tracemalloc to get the object allocation traceback
[2026-09-26 16:05:14,862][INFO|duplicate_group_service.py-_log_info:53] >> [duplicate] payload exact 중복군 0개, 멤버 0건 재생성
[2026-09-26 16:05:14,939][INFO|start.py-_run_rebuild_process:271] >> [rebuild] 목록 수집 시작 (run 431dc8ba3f71496f93f1948068fe4427)
[2026-09-26 16:05:14,940][INFO|start.py-_rebuild_register_list:169] >> [rebuild] 목록 등록 완료: 0건 (신규 0건)
[2026-09-26 16:05:14,940][INFO|start.py-_run_rebuild_process:297] >> [rebuild] 상세 대상 없음 (빈 목록 또는 전부 fetched)
.[2026-09-26 16:05:14,965][INFO|database.py-upgrade_schema:285] >> 테이블 'admin_users' 생성 중...
[2026-09-26 16:05:14,969][INFO|database.py-upgrade_schema:285] >> 테이블 'api_keys' 생성 중...
[2026-09-26 16:05:14,971][INFO|database.py-upgrade_schema:285] >> 테이블 'mysafety' 생성 중...
[2026-09-26 16:05:14,972][INFO|database.py-upgrade_schema:285] >> 테이블 'mysafety_change_cursor' 생성 중...
[2026-09-26 16:05:14,974][INFO|database.py-upgrade_schema:285] >> 테이블 'mysafety_change_log' 생성 중...
[2026-09-26 16:05:14,975][INFO|database.py-upgrade_schema:285] >> 테이블 'mysafety_duplicate_decision' 생성 중...
[2026-09-26 16:05:14,977][INFO|database.py-upgrade_schema:285] >> 테이블 'mysafety_duplicate_group' 생성 중...
[2026-09-26 16:05:14,979][INFO|database.py-upgrade_schema:285] >> 테이블 'mysafety_duplicate_member' 생성 중...
[2026-09-26 16:05:14,981][INFO|database.py-upgrade_schema:285] >> 테이블 'mysafety_entry_value' 생성 중...
[2026-09-26 16:05:14,982][INFO|database.py-upgrade_schema:285] >> 테이블 'mysafety_geocode_cache' 생성 중...
[2026-09-26 16:05:14,984][INFO|database.py-upgrade_schema:285] >> 테이블 'mysafety_raw_content' 생성 중...
[2026-09-26 16:05:14,986][INFO|database.py-upgrade_schema:285] >> 테이블 'mysafety_report_override' 생성 중...
[2026-09-26 16:05:14,988][INFO|database.py-upgrade_schema:285] >> 테이블 'mysafety_sync_meta' 생성 중...
[2026-09-26 16:05:14,991][INFO|database.py-upgrade_schema:285] >> 테이블 'mysafety_watchlist' 생성 중...
[2026-09-26 16:05:14,995][INFO|database.py-upgrade_schema:285] >> 테이블 'mysafetydetail_other' 생성 중...
[2026-09-26 16:05:15,002][INFO|database.py-upgrade_schema:285] >> 테이블 'mysafetydetail_parking' 생성 중...
[2026-09-26 16:05:15,004][INFO|database.py-upgrade_schema:285] >> 테이블 'mysafetydetail_traffic' 생성 중...
[2026-09-26 16:05:15,006][INFO|database.py-upgrade_schema:285] >> 테이블 'mysafetymerge_other' 생성 중...
[2026-09-26 16:05:15,008][INFO|database.py-upgrade_schema:285] >> 테이블 'mysafetymerge_parking' 생성 중...
[2026-09-26 16:05:15,010][INFO|database.py-upgrade_schema:285] >> 테이블 'mysafetymerge_traffic' 생성 중...
[2026-09-26 16:05:15,019][INFO|database.py-_apply_versioned_migrations:452] >> [schema] DB 스키마 버전 1 적용
/home/better0101/projects/safetyreport/.venv/lib/python3.14/site-packages/sqlalchemy/sql/compiler.py:1454: ResourceWarning: unclosed database in <sqlite3.Connection object at 0x7baed42b4d60>
  self.anon_map = prefix_anon_map()
ResourceWarning: Enable tracemalloc to get the object allocation traceback
[2026-09-26 16:05:15,033][INFO|database.py-_apply_versioned_migrations:452] >> [schema] DB 스키마 버전 2 적용
[2026-09-26 16:05:15,035][INFO|database.py-_apply_versioned_migrations:452] >> [schema] DB 스키마 버전 3 적용
[2026-09-26 16:05:15,056][INFO|database.py-_apply_versioned_migrations:452] >> [schema] DB 스키마 버전 4 적용
[2026-09-26 16:05:15,083][INFO|duplicate_group_service.py-_log_info:53] >> [duplicate] payload exact 중복군 0개, 멤버 0건 재생성
[2026-09-26 16:05:15,140][INFO|start.py-_run_rebuild_process:271] >> [rebuild] 목록 수집 시작 (run 68e48e52d0b94e8bb130ee4bdfd24771)
[2026-09-26 16:05:15,148][INFO|database.py-title_to_sql:694] >> 총 3건 title 테이블 upsert 완료. (신규: 3건)
[2026-09-26 16:05:15,149][INFO|start.py-_rebuild_register_list:169] >> [rebuild] 목록 등록 완료: 3건 (신규 3건)
[2026-09-26 16:05:15,150][INFO|start.py-_run_rebuild_process:300] >> [rebuild] 상세 크롤링 대상 3건 (checkpoint: 미완료만)
[2026-09-26 16:05:15,155][INFO|start.py-_rebuild_consume_details:257] >> [rebuild] 상세 저장 3건 (변경/신규 3건)
.[2026-09-26 16:05:15,184][INFO|database.py-upgrade_schema:285] >> 테이블 'admin_users' 생성 중...
[2026-09-26 16:05:15,188][INFO|database.py-upgrade_schema:285] >> 테이블 'api_keys' 생성 중...
[2026-09-26 16:05:15,190][INFO|database.py-upgrade_schema:285] >> 테이블 'mysafety' 생성 중...
[2026-09-26 16:05:15,192][INFO|database.py-upgrade_schema:285] >> 테이블 'mysafety_change_cursor' 생성 중...
[2026-09-26 16:05:15,197][INFO|database.py-upgrade_schema:285] >> 테이블 'mysafety_change_log' 생성 중...
[2026-09-26 16:05:15,199][INFO|database.py-upgrade_schema:285] >> 테이블 'mysafety_duplicate_decision' 생성 중...
[2026-09-26 16:05:15,202][INFO|database.py-upgrade_schema:285] >> 테이블 'mysafety_duplicate_group' 생성 중...
[2026-09-26 16:05:15,204][INFO|database.py-upgrade_schema:285] >> 테이블 'mysafety_duplicate_member' 생성 중...
[2026-09-26 16:05:15,206][INFO|database.py-upgrade_schema:285] >> 테이블 'mysafety_entry_value' 생성 중...
[2026-09-26 16:05:15,208][INFO|database.py-upgrade_schema:285] >> 테이블 'mysafety_geocode_cache' 생성 중...
[2026-09-26 16:05:15,210][INFO|database.py-upgrade_schema:285] >> 테이블 'mysafety_raw_content' 생성 중...
[2026-09-26 16:05:15,211][INFO|database.py-upgrade_schema:285] >> 테이블 'mysafety_report_override' 생성 중...
[2026-09-26 16:05:15,213][INFO|database.py-upgrade_schema:285] >> 테이블 'mysafety_sync_meta' 생성 중...
[2026-09-26 16:05:15,214][INFO|database.py-upgrade_schema:285] >> 테이블 'mysafety_watchlist' 생성 중...
[2026-09-26 16:05:15,216][INFO|database.py-upgrade_schema:285] >> 테이블 'mysafetydetail_other' 생성 중...
[2026-09-26 16:05:15,219][INFO|database.py-upgrade_schema:285] >> 테이블 'mysafetydetail_parking' 생성 중...
[2026-09-26 16:05:15,220][INFO|database.py-upgrade_schema:285] >> 테이블 'mysafetydetail_traffic' 생성 중...
[2026-09-26 16:05:15,222][INFO|database.py-upgrade_schema:285] >> 테이블 'mysafetymerge_other' 생성 중...
[2026-09-26 16:05:15,224][INFO|database.py-upgrade_schema:285] >> 테이블 'mysafetymerge_parking' 생성 중...
[2026-09-26 16:05:15,226][INFO|database.py-upgrade_schema:285] >> 테이블 'mysafetymerge_traffic' 생성 중...
[2026-09-26 16:05:15,231][INFO|database.py-_apply_versioned_migrations:452] >> [schema] DB 스키마 버전 1 적용
[2026-09-26 16:05:15,241][INFO|database.py-_apply_versioned_migrations:452] >> [schema] DB 스키마 버전 2 적용
[2026-09-26 16:05:15,244][INFO|database.py-_apply_versioned_migrations:452] >> [schema] DB 스키마 버전 3 적용
/home/better0101/projects/safetyreport/.venv/lib/python3.14/site-packages/sqlalchemy/sql/visitors.py:126: ResourceWarning: unclosed database in <sqlite3.Connection object at 0x7baed42b57b0>
  def _compiler_dispatch(
ResourceWarning: Enable tracemalloc to get the object allocation traceback
[2026-09-26 16:05:15,279][INFO|database.py-_apply_versioned_migrations:452] >> [schema] DB 스키마 버전 4 적용
[2026-09-26 16:05:15,309][INFO|duplicate_group_service.py-_log_info:53] >> [duplicate] payload exact 중복군 0개, 멤버 0건 재생성
.[2026-09-26 16:05:15,387][INFO|database.py-upgrade_schema:285] >> 테이블 'admin_users' 생성 중...
[2026-09-26 16:05:15,390][INFO|database.py-upgrade_schema:285] >> 테이블 'api_keys' 생성 중...
[2026-09-26 16:05:15,393][INFO|database.py-upgrade_schema:285] >> 테이블 'mysafety' 생성 중...
[2026-09-26 16:05:15,398][INFO|database.py-upgrade_schema:285] >> 테이블 'mysafety_change_cursor' 생성 중...
[2026-09-26 16:05:15,402][INFO|database.py-upgrade_schema:285] >> 테이블 'mysafety_change_log' 생성 중...
[2026-09-26 16:05:15,404][INFO|database.py-upgrade_schema:285] >> 테이블 'mysafety_duplicate_decision' 생성 중...
[2026-09-26 16:05:15,407][INFO|database.py-upgrade_schema:285] >> 테이블 'mysafety_duplicate_group' 생성 중...
[2026-09-26 16:05:15,408][INFO|database.py-upgrade_schema:285] >> 테이블 'mysafety_duplicate_member' 생성 중...
[2026-09-26 16:05:15,409][INFO|database.py-upgrade_schema:285] >> 테이블 'mysafety_entry_value' 생성 중...
[2026-09-26 16:05:15,411][INFO|database.py-upgrade_schema:285] >> 테이블 'mysafety_geocode_cache' 생성 중...
[2026-09-26 16:05:15,412][INFO|database.py-upgrade_schema:285] >> 테이블 'mysafety_raw_content' 생성 중...
[2026-09-26 16:05:15,414][INFO|database.py-upgrade_schema:285] >> 테이블 'mysafety_report_override' 생성 중...
[2026-09-26 16:05:15,421][INFO|database.py-upgrade_schema:285] >> 테이블 'mysafety_sync_meta' 생성 중...
[2026-09-26 16:05:15,423][INFO|database.py-upgrade_schema:285] >> 테이블 'mysafety_watchlist' 생성 중...
[2026-09-26 16:05:15,425][INFO|database.py-upgrade_schema:285] >> 테이블 'mysafetydetail_other' 생성 중...
[2026-09-26 16:05:15,427][INFO|database.py-upgrade_schema:285] >> 테이블 'mysafetydetail_parking' 생성 중...
[2026-09-26 16:05:15,428][INFO|database.py-upgrade_schema:285] >> 테이블 'mysafetydetail_traffic' 생성 중...
[2026-09-26 16:05:15,430][INFO|database.py-upgrade_schema:285] >> 테이블 'mysafetymerge_other' 생성 중...
[2026-09-26 16:05:15,432][INFO|database.py-upgrade_schema:285] >> 테이블 'mysafetymerge_parking' 생성 중...
[2026-09-26 16:05:15,433][INFO|database.py-upgrade_schema:285] >> 테이블 'mysafetymerge_traffic' 생성 중...
[2026-09-26 16:05:15,437][INFO|database.py-_apply_versioned_migrations:452] >> [schema] DB 스키마 버전 1 적용
[2026-09-26 16:05:15,442][INFO|database.py-_apply_versioned_migrations:452] >> [schema] DB 스키마 버전 2 적용
[2026-09-26 16:05:15,444][INFO|database.py-_apply_versioned_migrations:452] >> [schema] DB 스키마 버전 3 적용
[2026-09-26 16:05:15,473][INFO|database.py-_apply_versioned_migrations:452] >> [schema] DB 스키마 버전 4 적용
[2026-09-26 16:05:15,510][INFO|duplicate_group_service.py-_log_info:53] >> [duplicate] payload exact 중복군 0개, 멤버 0건 재생성
[2026-09-26 16:05:15,598][INFO|start.py-_run_rebuild_process:271] >> [rebuild] 목록 수집 시작 (run e5a5eb7691bc44e2a3ab0543734d793d)
[2026-09-26 16:05:15,609][INFO|database.py-title_to_sql:694] >> 총 3건 title 테이블 upsert 완료. (신규: 3건)
[2026-09-26 16:05:15,614][INFO|start.py-_rebuild_register_list:169] >> [rebuild] 목록 등록 완료: 3건 (신규 3건)
[2026-09-26 16:05:15,616][INFO|start.py-_run_rebuild_process:300] >> [rebuild] 상세 크롤링 대상 3건 (checkpoint: 미완료만)
[2026-09-26 16:05:15,623][INFO|start.py-_rebuild_consume_details:257] >> [rebuild] 상세 저장 3건 (변경/신규 3건)
.[2026-09-26 16:05:15,654][INFO|database.py-upgrade_schema:285] >> 테이블 'admin_users' 생성 중...
[2026-09-26 16:05:15,659][INFO|database.py-upgrade_schema:285] >> 테이블 'api_keys' 생성 중...
[2026-09-26 16:05:15,662][INFO|database.py-upgrade_schema:285] >> 테이블 'mysafety' 생성 중...
[2026-09-26 16:05:15,665][INFO|database.py-upgrade_schema:285] >> 테이블 'mysafety_change_cursor' 생성 중...
[2026-09-26 16:05:15,668][INFO|database.py-upgrade_schema:285] >> 테이블 'mysafety_change_log' 생성 중...
[2026-09-26 16:05:15,670][INFO|database.py-upgrade_schema:285] >> 테이블 'mysafety_duplicate_decision' 생성 중...
[2026-09-26 16:05:15,672][INFO|database.py-upgrade_schema:285] >> 테이블 'mysafety_duplicate_group' 생성 중...
[2026-09-26 16:05:15,674][INFO|database.py-upgrade_schema:285] >> 테이블 'mysafety_duplicate_member' 생성 중...
[2026-09-26 16:05:15,679][INFO|database.py-upgrade_schema:285] >> 테이블 'mysafety_entry_value' 생성 중...
[2026-09-26 16:05:15,682][INFO|database.py-upgrade_schema:285] >> 테이블 'mysafety_geocode_cache' 생성 중...
[2026-09-26 16:05:15,688][INFO|database.py-upgrade_schema:285] >> 테이블 'mysafety_raw_content' 생성 중...
[2026-09-26 16:05:15,693][INFO|database.py-upgrade_schema:285] >> 테이블 'mysafety_report_override' 생성 중...
[2026-09-26 16:05:15,696][INFO|database.py-upgrade_schema:285] >> 테이블 'mysafety_sync_meta' 생성 중...
[2026-09-26 16:05:15,698][INFO|database.py-upgrade_schema:285] >> 테이블 'mysafety_watchlist' 생성 중...
[2026-09-26 16:05:15,701][INFO|database.py-upgrade_schema:285] >> 테이블 'mysafetydetail_other' 생성 중...
[2026-09-26 16:05:15,703][INFO|database.py-upgrade_schema:285] >> 테이블 'mysafetydetail_parking' 생성 중...
[2026-09-26 16:05:15,706][INFO|database.py-upgrade_schema:285] >> 테이블 'mysafetydetail_traffic' 생성 중...
[2026-09-26 16:05:15,708][INFO|database.py-upgrade_schema:285] >> 테이블 'mysafetymerge_other' 생성 중...
[2026-09-26 16:05:15,711][INFO|database.py-upgrade_schema:285] >> 테이블 'mysafetymerge_parking' 생성 중...
[2026-09-26 16:05:15,716][INFO|database.py-upgrade_schema:285] >> 테이블 'mysafetymerge_traffic' 생성 중...
[2026-09-26 16:05:15,727][INFO|database.py-_apply_versioned_migrations:452] >> [schema] DB 스키마 버전 1 적용
[2026-09-26 16:05:15,735][INFO|database.py-_apply_versioned_migrations:452] >> [schema] DB 스키마 버전 2 적용
[2026-09-26 16:05:15,738][INFO|database.py-_apply_versioned_migrations:452] >> [schema] DB 스키마 버전 3 적용
[2026-09-26 16:05:15,768][INFO|database.py-_apply_versioned_migrations:452] >> [schema] DB 스키마 버전 4 적용
[2026-09-26 16:05:15,800][INFO|duplicate_group_service.py-_log_info:53] >> [duplicate] payload exact 중복군 0개, 멤버 0건 재생성
.[2026-09-26 16:05:15,882][INFO|database.py-upgrade_schema:285] >> 테이블 'admin_users' 생성 중...
[2026-09-26 16:05:15,892][INFO|database.py-upgrade_schema:285] >> 테이블 'api_keys' 생성 중...
[2026-09-26 16:05:15,895][INFO|database.py-upgrade_schema:285] >> 테이블 'mysafety' 생성 중...
[2026-09-26 16:05:15,898][INFO|database.py-upgrade_schema:285] >> 테이블 'mysafety_change_cursor' 생성 중...
[2026-09-26 16:05:15,900][INFO|database.py-upgrade_schema:285] >> 테이블 'mysafety_change_log' 생성 중...
[2026-09-26 16:05:15,901][INFO|database.py-upgrade_schema:285] >> 테이블 'mysafety_duplicate_decision' 생성 중...
[2026-09-26 16:05:15,904][INFO|database.py-upgrade_schema:285] >> 테이블 'mysafety_duplicate_group' 생성 중...
[2026-09-26 16:05:15,905][INFO|database.py-upgrade_schema:285] >> 테이블 'mysafety_duplicate_member' 생성 중...
[2026-09-26 16:05:15,907][INFO|database.py-upgrade_schema:285] >> 테이블 'mysafety_entry_value' 생성 중...
[2026-09-26 16:05:15,909][INFO|database.py-upgrade_schema:285] >> 테이블 'mysafety_geocode_cache' 생성 중...
[2026-09-26 16:05:15,912][INFO|database.py-upgrade_schema:285] >> 테이블 'mysafety_raw_content' 생성 중...
[2026-09-26 16:05:15,913][INFO|database.py-upgrade_schema:285] >> 테이블 'mysafety_report_override' 생성 중...
[2026-09-26 16:05:15,919][INFO|database.py-upgrade_schema:285] >> 테이블 'mysafety_sync_meta' 생성 중...
[2026-09-26 16:05:15,921][INFO|database.py-upgrade_schema:285] >> 테이블 'mysafety_watchlist' 생성 중...
[2026-09-26 16:05:15,929][INFO|database.py-upgrade_schema:285] >> 테이블 'mysafetydetail_other' 생성 중...
[2026-09-26 16:05:15,932][INFO|database.py-upgrade_schema:285] >> 테이블 'mysafetydetail_parking' 생성 중...
[2026-09-26 16:05:15,935][INFO|database.py-upgrade_schema:285] >> 테이블 'mysafetydetail_traffic' 생성 중...
[2026-09-26 16:05:15,937][INFO|database.py-upgrade_schema:285] >> 테이블 'mysafetymerge_other' 생성 중...
[2026-09-26 16:05:15,939][INFO|database.py-upgrade_schema:285] >> 테이블 'mysafetymerge_parking' 생성 중...
[2026-09-26 16:05:15,943][INFO|database.py-upgrade_schema:285] >> 테이블 'mysafetymerge_traffic' 생성 중...
[2026-09-26 16:05:15,950][INFO|database.py-_apply_versioned_migrations:452] >> [schema] DB 스키마 버전 1 적용
[2026-09-26 16:05:15,959][INFO|database.py-_apply_versioned_migrations:452] >> [schema] DB 스키마 버전 2 적용
[2026-09-26 16:05:15,961][INFO|database.py-_apply_versioned_migrations:452] >> [schema] DB 스키마 버전 3 적용
/home/better0101/projects/safetyreport/.venv/lib/python3.14/site-packages/sqlalchemy/sql/compiler.py:1426: ResourceWarning: unclosed database in <sqlite3.Connection object at 0x7baed42b6020>
  self.bind_names = util.column_dict()
ResourceWarning: Enable tracemalloc to get the object allocation traceback
[2026-09-26 16:05:15,985][INFO|database.py-_apply_versioned_migrations:452] >> [schema] DB 스키마 버전 4 적용
[2026-09-26 16:05:16,012][INFO|duplicate_group_service.py-_log_info:53] >> [duplicate] payload exact 중복군 0개, 멤버 0건 재생성
.[2026-09-26 16:05:16,032][INFO|database.py-upgrade_schema:285] >> 테이블 'admin_users' 생성 중...
[2026-09-26 16:05:16,040][INFO|database.py-upgrade_schema:285] >> 테이블 'api_keys' 생성 중...
[2026-09-26 16:05:16,044][INFO|database.py-upgrade_schema:285] >> 테이블 'mysafety' 생성 중...
[2026-09-26 16:05:16,046][INFO|database.py-upgrade_schema:285] >> 테이블 'mysafety_change_cursor' 생성 중...
[2026-09-26 16:05:16,048][INFO|database.py-upgrade_schema:285] >> 테이블 'mysafety_change_log' 생성 중...
[2026-09-26 16:05:16,051][INFO|database.py-upgrade_schema:285] >> 테이블 'mysafety_duplicate_decision' 생성 중...
[2026-09-26 16:05:16,053][INFO|database.py-upgrade_schema:285] >> 테이블 'mysafety_duplicate_group' 생성 중...
[2026-09-26 16:05:16,055][INFO|database.py-upgrade_schema:285] >> 테이블 'mysafety_duplicate_member' 생성 중...
[2026-09-26 16:05:16,058][INFO|database.py-upgrade_schema:285] >> 테이블 'mysafety_entry_value' 생성 중...
[2026-09-26 16:05:16,062][INFO|database.py-upgrade_schema:285] >> 테이블 'mysafety_geocode_cache' 생성 중...
[2026-09-26 16:05:16,069][INFO|database.py-upgrade_schema:285] >> 테이블 'mysafety_raw_content' 생성 중...
[2026-09-26 16:05:16,071][INFO|database.py-upgrade_schema:285] >> 테이블 'mysafety_report_override' 생성 중...
[2026-09-26 16:05:16,075][INFO|database.py-upgrade_schema:285] >> 테이블 'mysafety_sync_meta' 생성 중...
[2026-09-26 16:05:16,078][INFO|database.py-upgrade_schema:285] >> 테이블 'mysafety_watchlist' 생성 중...
[2026-09-26 16:05:16,080][INFO|database.py-upgrade_schema:285] >> 테이블 'mysafetydetail_other' 생성 중...
[2026-09-26 16:05:16,083][INFO|database.py-upgrade_schema:285] >> 테이블 'mysafetydetail_parking' 생성 중...
[2026-09-26 16:05:16,086][INFO|database.py-upgrade_schema:285] >> 테이블 'mysafetydetail_traffic' 생성 중...
[2026-09-26 16:05:16,091][INFO|database.py-upgrade_schema:285] >> 테이블 'mysafetymerge_other' 생성 중...
[2026-09-26 16:05:16,094][INFO|database.py-upgrade_schema:285] >> 테이블 'mysafetymerge_parking' 생성 중...
[2026-09-26 16:05:16,097][INFO|database.py-upgrade_schema:285] >> 테이블 'mysafetymerge_traffic' 생성 중...
[2026-09-26 16:05:16,104][INFO|database.py-_apply_versioned_migrations:452] >> [schema] DB 스키마 버전 1 적용
[2026-09-26 16:05:16,110][INFO|database.py-_apply_versioned_migrations:452] >> [schema] DB 스키마 버전 2 적용
[2026-09-26 16:05:16,115][INFO|database.py-_apply_versioned_migrations:452] >> [schema] DB 스키마 버전 3 적용
[2026-09-26 16:05:16,135][INFO|database.py-_apply_versioned_migrations:452] >> [schema] DB 스키마 버전 4 적용
/home/better0101/projects/safetyreport/.venv/lib/python3.14/site-packages/sqlalchemy/util/langhelpers.py:1397: ResourceWarning: unclosed database in <sqlite3.Connection object at 0x7baed42b53f0>
  kw.update(
ResourceWarning: Enable tracemalloc to get the object allocation traceback
[2026-09-26 16:05:16,182][INFO|duplicate_group_service.py-_log_info:53] >> [duplicate] payload exact 중복군 0개, 멤버 0건 재생성
.[2026-09-26 16:05:16,210][INFO|database.py-upgrade_schema:285] >> 테이블 'admin_users' 생성 중...
[2026-09-26 16:05:16,216][INFO|database.py-upgrade_schema:285] >> 테이블 'api_keys' 생성 중...
[2026-09-26 16:05:16,219][INFO|database.py-upgrade_schema:285] >> 테이블 'mysafety' 생성 중...
[2026-09-26 16:05:16,222][INFO|database.py-upgrade_schema:285] >> 테이블 'mysafety_change_cursor' 생성 중...
[2026-09-26 16:05:16,227][INFO|database.py-upgrade_schema:285] >> 테이블 'mysafety_change_log' 생성 중...
[2026-09-26 16:05:16,232][INFO|database.py-upgrade_schema:285] >> 테이블 'mysafety_duplicate_decision' 생성 중...
[2026-09-26 16:05:16,234][INFO|database.py-upgrade_schema:285] >> 테이블 'mysafety_duplicate_group' 생성 중...
[2026-09-26 16:05:16,241][INFO|database.py-upgrade_schema:285] >> 테이블 'mysafety_duplicate_member' 생성 중...
[2026-09-26 16:05:16,244][INFO|database.py-upgrade_schema:285] >> 테이블 'mysafety_entry_value' 생성 중...
[2026-09-26 16:05:16,247][INFO|database.py-upgrade_schema:285] >> 테이블 'mysafety_geocode_cache' 생성 중...
[2026-09-26 16:05:16,252][INFO|database.py-upgrade_schema:285] >> 테이블 'mysafety_raw_content' 생성 중...
[2026-09-26 16:05:16,260][INFO|database.py-upgrade_schema:285] >> 테이블 'mysafety_report_override' 생성 중...
[2026-09-26 16:05:16,265][INFO|database.py-upgrade_schema:285] >> 테이블 'mysafety_sync_meta' 생성 중...
[2026-09-26 16:05:16,267][INFO|database.py-upgrade_schema:285] >> 테이블 'mysafety_watchlist' 생성 중...
[2026-09-26 16:05:16,271][INFO|database.py-upgrade_schema:285] >> 테이블 'mysafetydetail_other' 생성 중...
[2026-09-26 16:05:16,276][INFO|database.py-upgrade_schema:285] >> 테이블 'mysafetydetail_parking' 생성 중...
[2026-09-26 16:05:16,282][INFO|database.py-upgrade_schema:285] >> 테이블 'mysafetydetail_traffic' 생성 중...
[2026-09-26 16:05:16,285][INFO|database.py-upgrade_schema:285] >> 테이블 'mysafetymerge_other' 생성 중...
[2026-09-26 16:05:16,291][INFO|database.py-upgrade_schema:285] >> 테이블 'mysafetymerge_parking' 생성 중...
[2026-09-26 16:05:16,294][INFO|database.py-upgrade_schema:285] >> 테이블 'mysafetymerge_traffic' 생성 중...
[2026-09-26 16:05:16,310][INFO|database.py-_apply_versioned_migrations:452] >> [schema] DB 스키마 버전 1 적용
[2026-09-26 16:05:16,319][INFO|database.py-_apply_versioned_migrations:452] >> [schema] DB 스키마 버전 2 적용
[2026-09-26 16:05:16,324][INFO|database.py-_apply_versioned_migrations:452] >> [schema] DB 스키마 버전 3 적용
[2026-09-26 16:05:16,354][INFO|database.py-_apply_versioned_migrations:452] >> [schema] DB 스키마 버전 4 적용
[2026-09-26 16:05:16,382][INFO|duplicate_group_service.py-_log_info:53] >> [duplicate] payload exact 중복군 0개, 멤버 0건 재생성
...[2026-09-26 16:05:16,401][INFO|database.py-upgrade_schema:285] >> 테이블 'admin_users' 생성 중...
[2026-09-26 16:05:16,410][INFO|database.py-upgrade_schema:285] >> 테이블 'api_keys' 생성 중...
[2026-09-26 16:05:16,420][INFO|database.py-upgrade_schema:285] >> 테이블 'mysafety' 생성 중...
[2026-09-26 16:05:16,423][INFO|database.py-upgrade_schema:285] >> 테이블 'mysafety_change_cursor' 생성 중...
[2026-09-26 16:05:16,425][INFO|database.py-upgrade_schema:285] >> 테이블 'mysafety_change_log' 생성 중...
[2026-09-26 16:05:16,427][INFO|database.py-upgrade_schema:285] >> 테이블 'mysafety_duplicate_decision' 생성 중...
[2026-09-26 16:05:16,429][INFO|database.py-upgrade_schema:285] >> 테이블 'mysafety_duplicate_group' 생성 중...
[2026-09-26 16:05:16,431][INFO|database.py-upgrade_schema:285] >> 테이블 'mysafety_duplicate_member' 생성 중...
[2026-09-26 16:05:16,433][INFO|database.py-upgrade_schema:285] >> 테이블 'mysafety_entry_value' 생성 중...
[2026-09-26 16:05:16,435][INFO|database.py-upgrade_schema:285] >> 테이블 'mysafety_geocode_cache' 생성 중...
[2026-09-26 16:05:16,437][INFO|database.py-upgrade_schema:285] >> 테이블 'mysafety_raw_content' 생성 중...
[2026-09-26 16:05:16,442][INFO|database.py-upgrade_schema:285] >> 테이블 'mysafety_report_override' 생성 중...
[2026-09-26 16:05:16,448][INFO|database.py-upgrade_schema:285] >> 테이블 'mysafety_sync_meta' 생성 중...
[2026-09-26 16:05:16,452][INFO|database.py-upgrade_schema:285] >> 테이블 'mysafety_watchlist' 생성 중...
[2026-09-26 16:05:16,454][INFO|database.py-upgrade_schema:285] >> 테이블 'mysafetydetail_other' 생성 중...
[2026-09-26 16:05:16,456][INFO|database.py-upgrade_schema:285] >> 테이블 'mysafetydetail_parking' 생성 중...
[2026-09-26 16:05:16,458][INFO|database.py-upgrade_schema:285] >> 테이블 'mysafetydetail_traffic' 생성 중...
[2026-09-26 16:05:16,460][INFO|database.py-upgrade_schema:285] >> 테이블 'mysafetymerge_other' 생성 중...
[2026-09-26 16:05:16,462][INFO|database.py-upgrade_schema:285] >> 테이블 'mysafetymerge_parking' 생성 중...
[2026-09-26 16:05:16,464][INFO|database.py-upgrade_schema:285] >> 테이블 'mysafetymerge_traffic' 생성 중...
[2026-09-26 16:05:16,470][INFO|database.py-_apply_versioned_migrations:452] >> [schema] DB 스키마 버전 1 적용
[2026-09-26 16:05:16,481][INFO|database.py-_apply_versioned_migrations:452] >> [schema] DB 스키마 버전 2 적용
[2026-09-26 16:05:16,485][INFO|database.py-_apply_versioned_migrations:452] >> [schema] DB 스키마 버전 3 적용
[2026-09-26 16:05:16,507][INFO|database.py-_apply_versioned_migrations:452] >> [schema] DB 스키마 버전 4 적용
[2026-09-26 16:05:16,536][INFO|duplicate_group_service.py-_log_info:53] >> [duplicate] payload exact 중복군 0개, 멤버 0건 재생성
[2026-09-26 16:05:16,602][INFO|_client.py-_send_single_request:1025] >> HTTP Request: GET http://testserver/api/v1/community/rebuild "HTTP/1.1 200 OK"
[2026-09-26 16:05:16,608][INFO|_client.py-_send_single_request:1025] >> HTTP Request: POST http://testserver/api/v1/community/rebuild/start "HTTP/1.1 403 Forbidden"
[2026-09-26 16:05:16,613][INFO|_client.py-_send_single_request:1025] >> HTTP Request: POST http://testserver/api/v1/community/rebuild/start "HTTP/1.1 403 Forbidden"
[2026-09-26 16:05:16,633][INFO|_client.py-_send_single_request:1025] >> HTTP Request: POST http://testserver/api/v1/community/rebuild/start "HTTP/1.1 200 OK"
.[2026-09-26 16:05:16,653][INFO|database.py-upgrade_schema:285] >> 테이블 'admin_users' 생성 중...
[2026-09-26 16:05:16,656][INFO|database.py-upgrade_schema:285] >> 테이블 'api_keys' 생성 중...
[2026-09-26 16:05:16,657][INFO|database.py-upgrade_schema:285] >> 테이블 'mysafety' 생성 중...
[2026-09-26 16:05:16,660][INFO|database.py-upgrade_schema:285] >> 테이블 'mysafety_change_cursor' 생성 중...
[2026-09-26 16:05:16,661][INFO|database.py-upgrade_schema:285] >> 테이블 'mysafety_change_log' 생성 중...
[2026-09-26 16:05:16,664][INFO|database.py-upgrade_schema:285] >> 테이블 'mysafety_duplicate_decision' 생성 중...
[2026-09-26 16:05:16,666][INFO|database.py-upgrade_schema:285] >> 테이블 'mysafety_duplicate_group' 생성 중...
[2026-09-26 16:05:16,668][INFO|database.py-upgrade_schema:285] >> 테이블 'mysafety_duplicate_member' 생성 중...
[2026-09-26 16:05:16,670][INFO|database.py-upgrade_schema:285] >> 테이블 'mysafety_entry_value' 생성 중...
[2026-09-26 16:05:16,675][INFO|database.py-upgrade_schema:285] >> 테이블 'mysafety_geocode_cache' 생성 중...
[2026-09-26 16:05:16,684][INFO|database.py-upgrade_schema:285] >> 테이블 'mysafety_raw_content' 생성 중...
[2026-09-26 16:05:16,686][INFO|database.py-upgrade_schema:285] >> 테이블 'mysafety_report_override' 생성 중...
[2026-09-26 16:05:16,689][INFO|database.py-upgrade_schema:285] >> 테이블 'mysafety_sync_meta' 생성 중...
[2026-09-26 16:05:16,691][INFO|database.py-upgrade_schema:285] >> 테이블 'mysafety_watchlist' 생성 중...
[2026-09-26 16:05:16,694][INFO|database.py-upgrade_schema:285] >> 테이블 'mysafetydetail_other' 생성 중...
[2026-09-26 16:05:16,696][INFO|database.py-upgrade_schema:285] >> 테이블 'mysafetydetail_parking' 생성 중...
[2026-09-26 16:05:16,699][INFO|database.py-upgrade_schema:285] >> 테이블 'mysafetydetail_traffic' 생성 중...
[2026-09-26 16:05:16,702][INFO|database.py-upgrade_schema:285] >> 테이블 'mysafetymerge_other' 생성 중...
[2026-09-26 16:05:16,710][INFO|database.py-upgrade_schema:285] >> 테이블 'mysafetymerge_parking' 생성 중...
[2026-09-26 16:05:16,715][INFO|database.py-upgrade_schema:285] >> 테이블 'mysafetymerge_traffic' 생성 중...
[2026-09-26 16:05:16,724][INFO|database.py-_apply_versioned_migrations:452] >> [schema] DB 스키마 버전 1 적용
[2026-09-26 16:05:16,733][INFO|database.py-_apply_versioned_migrations:452] >> [schema] DB 스키마 버전 2 적용
[2026-09-26 16:05:16,735][INFO|database.py-_apply_versioned_migrations:452] >> [schema] DB 스키마 버전 3 적용
/home/better0101/projects/safetyreport/.venv/lib/python3.14/site-packages/sqlalchemy/sql/compiler.py:1803: ResourceWarning: unclosed database in <sqlite3.Connection object at 0x7baeb01cc6d0>
  for key, value in (
ResourceWarning: Enable tracemalloc to get the object allocation traceback
/home/better0101/projects/safetyreport/.venv/lib/python3.14/site-packages/sqlalchemy/sql/compiler.py:1803: ResourceWarning: unclosed database in <sqlite3.Connection object at 0x7baeb01cc8b0>
  for key, value in (
ResourceWarning: Enable tracemalloc to get the object allocation traceback
[2026-09-26 16:05:16,764][INFO|database.py-_apply_versioned_migrations:452] >> [schema] DB 스키마 버전 4 적용
[2026-09-26 16:05:16,790][INFO|duplicate_group_service.py-_log_info:53] >> [duplicate] payload exact 중복군 0개, 멤버 0건 재생성
[2026-09-26 16:05:16,834][INFO|_client.py-_send_single_request:1025] >> HTTP Request: GET http://testserver/settings/community/rebuild "HTTP/1.1 200 OK"
.[2026-09-26 16:05:16,847][INFO|database.py-upgrade_schema:285] >> 테이블 'admin_users' 생성 중...
[2026-09-26 16:05:16,856][INFO|database.py-upgrade_schema:285] >> 테이블 'api_keys' 생성 중...
[2026-09-26 16:05:16,858][INFO|database.py-upgrade_schema:285] >> 테이블 'mysafety' 생성 중...
[2026-09-26 16:05:16,860][INFO|database.py-upgrade_schema:285] >> 테이블 'mysafety_change_cursor' 생성 중...
[2026-09-26 16:05:16,861][INFO|database.py-upgrade_schema:285] >> 테이블 'mysafety_change_log' 생성 중...
[2026-09-26 16:05:16,863][INFO|database.py-upgrade_schema:285] >> 테이블 'mysafety_duplicate_decision' 생성 중...
[2026-09-26 16:05:16,864][INFO|database.py-upgrade_schema:285] >> 테이블 'mysafety_duplicate_group' 생성 중...
[2026-09-26 16:05:16,866][INFO|database.py-upgrade_schema:285] >> 테이블 'mysafety_duplicate_member' 생성 중...
[2026-09-26 16:05:16,867][INFO|database.py-upgrade_schema:285] >> 테이블 'mysafety_entry_value' 생성 중...
[2026-09-26 16:05:16,869][INFO|database.py-upgrade_schema:285] >> 테이블 'mysafety_geocode_cache' 생성 중...
[2026-09-26 16:05:16,870][INFO|database.py-upgrade_schema:285] >> 테이블 'mysafety_raw_content' 생성 중...
[2026-09-26 16:05:16,872][INFO|database.py-upgrade_schema:285] >> 테이블 'mysafety_report_override' 생성 중...
[2026-09-26 16:05:16,874][INFO|database.py-upgrade_schema:285] >> 테이블 'mysafety_sync_meta' 생성 중...
[2026-09-26 16:05:16,876][INFO|database.py-upgrade_schema:285] >> 테이블 'mysafety_watchlist' 생성 중...
[2026-09-26 16:05:16,877][INFO|database.py-upgrade_schema:285] >> 테이블 'mysafetydetail_other' 생성 중...
[2026-09-26 16:05:16,879][INFO|database.py-upgrade_schema:285] >> 테이블 'mysafetydetail_parking' 생성 중...
[2026-09-26 16:05:16,881][INFO|database.py-upgrade_schema:285] >> 테이블 'mysafetydetail_traffic' 생성 중...
[2026-09-26 16:05:16,883][INFO|database.py-upgrade_schema:285] >> 테이블 'mysafetymerge_other' 생성 중...
[2026-09-26 16:05:16,886][INFO|database.py-upgrade_schema:285] >> 테이블 'mysafetymerge_parking' 생성 중...
[2026-09-26 16:05:16,888][INFO|database.py-upgrade_schema:285] >> 테이블 'mysafetymerge_traffic' 생성 중...
[2026-09-26 16:05:16,892][INFO|database.py-_apply_versioned_migrations:452] >> [schema] DB 스키마 버전 1 적용
[2026-09-26 16:05:16,898][INFO|database.py-_apply_versioned_migrations:452] >> [schema] DB 스키마 버전 2 적용
[2026-09-26 16:05:16,900][INFO|database.py-_apply_versioned_migrations:452] >> [schema] DB 스키마 버전 3 적용
[2026-09-26 16:05:16,911][INFO|database.py-_apply_versioned_migrations:452] >> [schema] DB 스키마 버전 4 적용
/home/better0101/projects/safetyreport/.venv/lib/python3.14/site-packages/sqlalchemy/util/langhelpers.py:1397: ResourceWarning: unclosed database in <sqlite3.Connection object at 0x7baeb0069300>
  kw.update(
ResourceWarning: Enable tracemalloc to get the object allocation traceback
[2026-09-26 16:05:16,946][INFO|duplicate_group_service.py-_log_info:53] >> [duplicate] payload exact 중복군 0개, 멤버 0건 재생성
[2026-09-26 16:05:16,956][INFO|_client.py-_send_single_request:1025] >> HTTP Request: POST http://testserver/settings/community/rebuild/start "HTTP/1.1 409 Conflict"
.[2026-09-26 16:05:16,968][INFO|database.py-upgrade_schema:285] >> 테이블 'admin_users' 생성 중...
[2026-09-26 16:05:16,973][INFO|database.py-upgrade_schema:285] >> 테이블 'api_keys' 생성 중...
[2026-09-26 16:05:16,975][INFO|database.py-upgrade_schema:285] >> 테이블 'mysafety' 생성 중...
[2026-09-26 16:05:16,976][INFO|database.py-upgrade_schema:285] >> 테이블 'mysafety_change_cursor' 생성 중...
[2026-09-26 16:05:16,978][INFO|database.py-upgrade_schema:285] >> 테이블 'mysafety_change_log' 생성 중...
[2026-09-26 16:05:16,980][INFO|database.py-upgrade_schema:285] >> 테이블 'mysafety_duplicate_decision' 생성 중...
[2026-09-26 16:05:16,982][INFO|database.py-upgrade_schema:285] >> 테이블 'mysafety_duplicate_group' 생성 중...
[2026-09-26 16:05:16,983][INFO|database.py-upgrade_schema:285] >> 테이블 'mysafety_duplicate_member' 생성 중...
[2026-09-26 16:05:16,985][INFO|database.py-upgrade_schema:285] >> 테이블 'mysafety_entry_value' 생성 중...
[2026-09-26 16:05:16,986][INFO|database.py-upgrade_schema:285] >> 테이블 'mysafety_geocode_cache' 생성 중...
[2026-09-26 16:05:16,988][INFO|database.py-upgrade_schema:285] >> 테이블 'mysafety_raw_content' 생성 중...
[2026-09-26 16:05:16,990][INFO|database.py-upgrade_schema:285] >> 테이블 'mysafety_report_override' 생성 중...
[2026-09-26 16:05:16,991][INFO|database.py-upgrade_schema:285] >> 테이블 'mysafety_sync_meta' 생성 중...
[2026-09-26 16:05:16,993][INFO|database.py-upgrade_schema:285] >> 테이블 'mysafety_watchlist' 생성 중...
[2026-09-26 16:05:16,994][INFO|database.py-upgrade_schema:285] >> 테이블 'mysafetydetail_other' 생성 중...
[2026-09-26 16:05:16,996][INFO|database.py-upgrade_schema:285] >> 테이블 'mysafetydetail_parking' 생성 중...
[2026-09-26 16:05:16,998][INFO|database.py-upgrade_schema:285] >> 테이블 'mysafetydetail_traffic' 생성 중...
[2026-09-26 16:05:17,000][INFO|database.py-upgrade_schema:285] >> 테이블 'mysafetymerge_other' 생성 중...
[2026-09-26 16:05:17,001][INFO|database.py-upgrade_schema:285] >> 테이블 'mysafetymerge_parking' 생성 중...
[2026-09-26 16:05:17,003][INFO|database.py-upgrade_schema:285] >> 테이블 'mysafetymerge_traffic' 생성 중...
[2026-09-26 16:05:17,007][INFO|database.py-_apply_versioned_migrations:452] >> [schema] DB 스키마 버전 1 적용
[2026-09-26 16:05:17,013][INFO|database.py-_apply_versioned_migrations:452] >> [schema] DB 스키마 버전 2 적용
[2026-09-26 16:05:17,015][INFO|database.py-_apply_versioned_migrations:452] >> [schema] DB 스키마 버전 3 적용
[2026-09-26 16:05:17,027][INFO|database.py-_apply_versioned_migrations:452] >> [schema] DB 스키마 버전 4 적용
[2026-09-26 16:05:17,059][INFO|duplicate_group_service.py-_log_info:53] >> [duplicate] payload exact 중복군 0개, 멤버 0건 재생성
[2026-09-26 16:05:17,099][INFO|_client.py-_send_single_request:1025] >> HTTP Request: GET http://testserver/settings/community/rebuild "HTTP/1.1 200 OK"
[2026-09-26 16:05:17,110][INFO|_client.py-_send_single_request:1025] >> HTTP Request: POST http://testserver/settings/community/rebuild/start "HTTP/1.1 200 OK"
[2026-09-26 16:05:17,117][INFO|_client.py-_send_single_request:1025] >> HTTP Request: POST http://testserver/settings/community/rebuild/pause "HTTP/1.1 200 OK"
[2026-09-26 16:05:17,129][INFO|_client.py-_send_single_request:1025] >> HTTP Request: POST http://testserver/settings/community/rebuild/resume "HTTP/1.1 200 OK"
[2026-09-26 16:05:17,132][INFO|_client.py-_send_single_request:1025] >> HTTP Request: POST http://testserver/settings/community/rebuild/start "HTTP/1.1 400 Bad Request"
.[2026-09-26 16:05:17,204][INFO|community_schedule.py-catch_up_on_start:187] >> [community] midnight catch-up: succeeded
.[2026-09-26 16:05:17,254][INFO|base.py-add_job:454] >> Adding job tentatively -- it will be properly scheduled when the scheduler starts
[2026-09-26 16:05:17,254][INFO|base.py-add_job:454] >> Adding job tentatively -- it will be properly scheduled when the scheduler starts
[2026-09-26 16:05:17,254][INFO|base.py-remove_job:641] >> Removed job community-midnight-upload
[2026-09-26 16:05:17,254][INFO|base.py-remove_job:641] >> Removed job community-gate-poll
[2026-09-26 16:05:17,254][INFO|base.py-add_job:454] >> Adding job tentatively -- it will be properly scheduled when the scheduler starts
[2026-09-26 16:05:17,254][INFO|base.py-add_job:454] >> Adding job tentatively -- it will be properly scheduled when the scheduler starts
............[2026-09-26 16:05:17,381][INFO|database.py-upgrade_schema:285] >> 테이블 'admin_users' 생성 중...
[2026-09-26 16:05:17,388][INFO|database.py-upgrade_schema:285] >> 테이블 'api_keys' 생성 중...
[2026-09-26 16:05:17,393][INFO|database.py-upgrade_schema:285] >> 테이블 'mysafety' 생성 중...
[2026-09-26 16:05:17,395][INFO|database.py-upgrade_schema:285] >> 테이블 'mysafety_change_cursor' 생성 중...
[2026-09-26 16:05:17,401][INFO|database.py-upgrade_schema:285] >> 테이블 'mysafety_change_log' 생성 중...
[2026-09-26 16:05:17,404][INFO|database.py-upgrade_schema:285] >> 테이블 'mysafety_duplicate_decision' 생성 중...
[2026-09-26 16:05:17,405][INFO|database.py-upgrade_schema:285] >> 테이블 'mysafety_duplicate_group' 생성 중...
[2026-09-26 16:05:17,407][INFO|database.py-upgrade_schema:285] >> 테이블 'mysafety_duplicate_member' 생성 중...
[2026-09-26 16:05:17,408][INFO|database.py-upgrade_schema:285] >> 테이블 'mysafety_entry_value' 생성 중...
[2026-09-26 16:05:17,413][INFO|database.py-upgrade_schema:285] >> 테이블 'mysafety_geocode_cache' 생성 중...
[2026-09-26 16:05:17,416][INFO|database.py-upgrade_schema:285] >> 테이블 'mysafety_raw_content' 생성 중...
[2026-09-26 16:05:17,418][INFO|database.py-upgrade_schema:285] >> 테이블 'mysafety_report_override' 생성 중...
[2026-09-26 16:05:17,423][INFO|database.py-upgrade_schema:285] >> 테이블 'mysafety_sync_meta' 생성 중...
[2026-09-26 16:05:17,427][INFO|database.py-upgrade_schema:285] >> 테이블 'mysafety_watchlist' 생성 중...
[2026-09-26 16:05:17,429][INFO|database.py-upgrade_schema:285] >> 테이블 'mysafetydetail_other' 생성 중...
[2026-09-26 16:05:17,431][INFO|database.py-upgrade_schema:285] >> 테이블 'mysafetydetail_parking' 생성 중...
[2026-09-26 16:05:17,433][INFO|database.py-upgrade_schema:285] >> 테이블 'mysafetydetail_traffic' 생성 중...
[2026-09-26 16:05:17,435][INFO|database.py-upgrade_schema:285] >> 테이블 'mysafetymerge_other' 생성 중...
[2026-09-26 16:05:17,436][INFO|database.py-upgrade_schema:285] >> 테이블 'mysafetymerge_parking' 생성 중...
[2026-09-26 16:05:17,438][INFO|database.py-upgrade_schema:285] >> 테이블 'mysafetymerge_traffic' 생성 중...
[2026-09-26 16:05:17,443][INFO|database.py-_apply_versioned_migrations:452] >> [schema] DB 스키마 버전 1 적용
[2026-09-26 16:05:17,454][INFO|database.py-_apply_versioned_migrations:452] >> [schema] DB 스키마 버전 2 적용
[2026-09-26 16:05:17,456][INFO|database.py-_apply_versioned_migrations:452] >> [schema] DB 스키마 버전 3 적용
[2026-09-26 16:05:17,478][INFO|database.py-_apply_versioned_migrations:452] >> [schema] DB 스키마 버전 4 적용
/home/better0101/projects/safetyreport/.venv/lib/python3.14/site-packages/sqlalchemy/sql/base.py:338: ResourceWarning: unclosed database in <sqlite3.Connection object at 0x7baeb00693f0>
  def _de_clone(
ResourceWarning: Enable tracemalloc to get the object allocation traceback
/home/better0101/projects/safetyreport/.venv/lib/python3.14/site-packages/sqlalchemy/sql/base.py:338: ResourceWarning: unclosed database in <sqlite3.Connection object at 0x7baeb00695d0>
  def _de_clone(
ResourceWarning: Enable tracemalloc to get the object allocation traceback
/home/better0101/projects/safetyreport/.venv/lib/python3.14/site-packages/sqlalchemy/sql/base.py:338: ResourceWarning: unclosed database in <sqlite3.Connection object at 0x7baeb006ad40>
  def _de_clone(
ResourceWarning: Enable tracemalloc to get the object allocation traceback
/home/better0101/projects/safetyreport/.venv/lib/python3.14/site-packages/sqlalchemy/sql/base.py:338: ResourceWarning: unclosed database in <sqlite3.Connection object at 0x7baeb006ab60>
  def _de_clone(
ResourceWarning: Enable tracemalloc to get the object allocation traceback
[2026-09-26 16:05:17,508][INFO|duplicate_group_service.py-_log_info:53] >> [duplicate] payload exact 중복군 0개, 멤버 0건 재생성
[2026-09-26 16:05:17,551][INFO|database.py-backfill_synced_at:100] >> [migration] mysafetydetail_traffic synced_at 백필: 12건, 미해결 0건
[2026-09-26 16:05:17,555][INFO|database.py-backfill_synced_at:100] >> [migration] mysafetydetail_parking synced_at 백필: 6건, 미해결 0건
[2026-09-26 16:05:17,558][INFO|database.py-backfill_synced_at:100] >> [migration] mysafetydetail_other synced_at 백필: 6건, 미해결 0건
[2026-09-26 16:05:17,559][INFO|database.py-backfill_synced_at:105] >> [migration] synced_at 백필 완료: 총 24건 갱신, merge 재생성 시작
[2026-09-26 16:05:17,575][INFO|database.py-merge_final:736] >> 최종 데이터 병합 완료 (Traffic/Parking/Other 분리)
[2026-09-26 16:05:17,601][INFO|duplicate_group_service.py-_log_info:53] >> [duplicate] payload exact 중복군 1개, 멤버 2건 재생성
[2026-09-26 16:05:17,610][INFO|database.py-merge_final:736] >> 최종 데이터 병합 완료 (Traffic/Parking/Other 분리)
[2026-09-26 16:05:17,637][INFO|duplicate_group_service.py-_log_info:53] >> [duplicate] payload exact 중복군 1개, 멤버 2건 재생성
[2026-09-26 16:05:17,965][INFO|database.py-_normalize_processing_layers:188] >> [migration] raw/canonical 상태 정규화 완료: 총 5건 갱신
[2026-09-26 16:05:17,983][INFO|database.py-merge_final:736] >> 최종 데이터 병합 완료 (Traffic/Parking/Other 분리)
/home/better0101/projects/safetyreport/.venv/lib/python3.14/site-packages/pandas/core/internals/blocks.py:2216: ResourceWarning: unclosed database in <sqlite3.Connection object at 0x7baeedf972e0>
  def get_block_type(dtype: DtypeObj) -> type[Block]:
ResourceWarning: Enable tracemalloc to get the object allocation traceback
/home/better0101/projects/safetyreport/.venv/lib/python3.14/site-packages/pandas/core/internals/blocks.py:2216: ResourceWarning: unclosed database in <sqlite3.Connection object at 0x7baef41c71f0>
  def get_block_type(dtype: DtypeObj) -> type[Block]:
ResourceWarning: Enable tracemalloc to get the object allocation traceback
/home/better0101/projects/safetyreport/.venv/lib/python3.14/site-packages/pandas/core/internals/blocks.py:2216: ResourceWarning: unclosed database in <sqlite3.Connection object at 0x7baef41c5990>
  def get_block_type(dtype: DtypeObj) -> type[Block]:
ResourceWarning: Enable tracemalloc to get the object allocation traceback
/home/better0101/projects/safetyreport/.venv/lib/python3.14/site-packages/pandas/core/internals/blocks.py:2216: ResourceWarning: unclosed database in <sqlite3.Connection object at 0x7baf25bb5d50>
  def get_block_type(dtype: DtypeObj) -> type[Block]:
ResourceWarning: Enable tracemalloc to get the object allocation traceback
/home/better0101/projects/safetyreport/.venv/lib/python3.14/site-packages/pandas/core/internals/blocks.py:2216: ResourceWarning: unclosed database in <sqlite3.Connection object at 0x7baef415ec50>
  def get_block_type(dtype: DtypeObj) -> type[Block]:
ResourceWarning: Enable tracemalloc to get the object allocation traceback
[2026-09-26 16:05:18,313][INFO|duplicate_group_service.py-_log_info:53] >> [duplicate] payload exact 중복군 1개, 멤버 2건 재생성
[2026-09-26 16:05:18,336][INFO|database.py-merge_final:736] >> 최종 데이터 병합 완료 (Traffic/Parking/Other 분리)
[2026-09-26 16:05:18,352][INFO|duplicate_group_service.py-_log_info:53] >> [duplicate] payload exact 중복군 0개, 멤버 0건 재생성
[2026-09-26 16:05:18,370][INFO|exchange.py-_restore_exclusive:413] >> mobile DB 복원 완료. 백업: /tmp/claude-1000/-home-better0101-projects-safetyreport/aa9d30e6-e7a5-4376-8fce-c9fb26682fbe/scratchpad/tmp.pjshWqXh38/backups/data_before_restore_20260926_160518.db, 신고건수: 1
.[2026-09-26 16:05:18,376][INFO|database.py-upgrade_schema:285] >> 테이블 'admin_users' 생성 중...
[2026-09-26 16:05:18,381][INFO|database.py-upgrade_schema:285] >> 테이블 'api_keys' 생성 중...
[2026-09-26 16:05:18,383][INFO|database.py-upgrade_schema:285] >> 테이블 'mysafety' 생성 중...
[2026-09-26 16:05:18,387][INFO|database.py-upgrade_schema:285] >> 테이블 'mysafety_change_cursor' 생성 중...
[2026-09-26 16:05:18,391][INFO|database.py-upgrade_schema:285] >> 테이블 'mysafety_change_log' 생성 중...
[2026-09-26 16:05:18,393][INFO|database.py-upgrade_schema:285] >> 테이블 'mysafety_duplicate_decision' 생성 중...
[2026-09-26 16:05:18,394][INFO|database.py-upgrade_schema:285] >> 테이블 'mysafety_duplicate_group' 생성 중...
[2026-09-26 16:05:18,396][INFO|database.py-upgrade_schema:285] >> 테이블 'mysafety_duplicate_member' 생성 중...
[2026-09-26 16:05:18,397][INFO|database.py-upgrade_schema:285] >> 테이블 'mysafety_entry_value' 생성 중...
[2026-09-26 16:05:18,399][INFO|database.py-upgrade_schema:285] >> 테이블 'mysafety_geocode_cache' 생성 중...
[2026-09-26 16:05:18,401][INFO|database.py-upgrade_schema:285] >> 테이블 'mysafety_raw_content' 생성 중...
[2026-09-26 16:05:18,403][INFO|database.py-upgrade_schema:285] >> 테이블 'mysafety_report_override' 생성 중...
[2026-09-26 16:05:18,404][INFO|database.py-upgrade_schema:285] >> 테이블 'mysafety_sync_meta' 생성 중...
[2026-09-26 16:05:18,405][INFO|database.py-upgrade_schema:285] >> 테이블 'mysafety_watchlist' 생성 중...
[2026-09-26 16:05:18,407][INFO|database.py-upgrade_schema:285] >> 테이블 'mysafetydetail_other' 생성 중...
[2026-09-26 16:05:18,409][INFO|database.py-upgrade_schema:285] >> 테이블 'mysafetydetail_parking' 생성 중...
[2026-09-26 16:05:18,414][INFO|database.py-upgrade_schema:285] >> 테이블 'mysafetydetail_traffic' 생성 중...
[2026-09-26 16:05:18,416][INFO|database.py-upgrade_schema:285] >> 테이블 'mysafetymerge_other' 생성 중...
[2026-09-26 16:05:18,421][INFO|database.py-upgrade_schema:285] >> 테이블 'mysafetymerge_parking' 생성 중...
[2026-09-26 16:05:18,424][INFO|database.py-upgrade_schema:285] >> 테이블 'mysafetymerge_traffic' 생성 중...
[2026-09-26 16:05:18,428][INFO|database.py-_apply_versioned_migrations:452] >> [schema] DB 스키마 버전 1 적용
[2026-09-26 16:05:18,432][INFO|database.py-_apply_versioned_migrations:452] >> [schema] DB 스키마 버전 2 적용
[2026-09-26 16:05:18,434][INFO|database.py-_apply_versioned_migrations:452] >> [schema] DB 스키마 버전 3 적용
[2026-09-26 16:05:18,451][INFO|database.py-_apply_versioned_migrations:452] >> [schema] DB 스키마 버전 4 적용
[2026-09-26 16:05:18,465][INFO|duplicate_group_service.py-_log_info:53] >> [duplicate] payload exact 중복군 0개, 멤버 0건 재생성
[2026-09-26 16:05:18,497][INFO|database.py-backfill_synced_at:100] >> [migration] mysafetydetail_traffic synced_at 백필: 12건, 미해결 0건
[2026-09-26 16:05:18,500][INFO|database.py-backfill_synced_at:100] >> [migration] mysafetydetail_parking synced_at 백필: 6건, 미해결 0건
[2026-09-26 16:05:18,503][INFO|database.py-backfill_synced_at:100] >> [migration] mysafetydetail_other synced_at 백필: 6건, 미해결 0건
[2026-09-26 16:05:18,505][INFO|database.py-backfill_synced_at:105] >> [migration] synced_at 백필 완료: 총 24건 갱신, merge 재생성 시작
[2026-09-26 16:05:18,514][INFO|database.py-merge_final:736] >> 최종 데이터 병합 완료 (Traffic/Parking/Other 분리)
[2026-09-26 16:05:18,541][INFO|duplicate_group_service.py-_log_info:53] >> [duplicate] payload exact 중복군 1개, 멤버 2건 재생성
[2026-09-26 16:05:18,553][INFO|database.py-merge_final:736] >> 최종 데이터 병합 완료 (Traffic/Parking/Other 분리)
[2026-09-26 16:05:18,578][INFO|duplicate_group_service.py-_log_info:53] >> [duplicate] payload exact 중복군 1개, 멤버 2건 재생성
[2026-09-26 16:05:18,773][INFO|database.py-_normalize_processing_layers:188] >> [migration] raw/canonical 상태 정규화 완료: 총 5건 갱신
[2026-09-26 16:05:18,791][INFO|database.py-merge_final:736] >> 최종 데이터 병합 완료 (Traffic/Parking/Other 분리)
[2026-09-26 16:05:18,824][INFO|duplicate_group_service.py-_log_info:53] >> [duplicate] payload exact 중복군 1개, 멤버 2건 재생성
[2026-09-26 16:05:18,844][INFO|database.py-merge_final:736] >> 최종 데이터 병합 완료 (Traffic/Parking/Other 분리)
[2026-09-26 16:05:18,857][INFO|duplicate_group_service.py-_log_info:53] >> [duplicate] payload exact 중복군 0개, 멤버 0건 재생성
.[2026-09-26 16:05:18,884][INFO|scheduler.py-update_jobs:77] >> 스케줄러: 크롤 작업을 제거하고 설정을 초기화했습니다(커뮤니티 작업 유지).
[2026-09-26 16:05:18,885][INFO|scheduler.py-update_jobs:91] >> 스케줄러 업데이트 시작 (모드: cron)
[2026-09-26 16:05:18,885][INFO|base.py-add_job:454] >> Adding job tentatively -- it will be properly scheduled when the scheduler starts
[2026-09-26 16:05:18,885][INFO|scheduler.py-update_jobs:150] >> 스케줄러 등록: 매일 09:00 (ID: cron_09_00, 시스템 시각 기준)
[2026-09-26 16:05:18,885][INFO|base.py-add_job:454] >> Adding job tentatively -- it will be properly scheduled when the scheduler starts
[2026-09-26 16:05:18,885][INFO|scheduler.py-update_jobs:150] >> 스케줄러 등록: 매일 18:30 (ID: cron_18_30, 시스템 시각 기준)
[2026-09-26 16:05:18,886][INFO|base.py-add_job:454] >> Adding job tentatively -- it will be properly scheduled when the scheduler starts
[2026-09-26 16:05:18,886][INFO|base.py-add_job:454] >> Adding job tentatively -- it will be properly scheduled when the scheduler starts
[2026-09-26 16:05:18,886][INFO|scheduler.py-update_jobs:160] >> 현재 활성화된 스케줄러 작업 수: 4개
[2026-09-26 16:05:18,886][INFO|scheduler.py-update_jobs:163] >>  - 작업ID: cron_09_00, 다음 실행예정: None (시스템 시각 기준)
[2026-09-26 16:05:18,886][INFO|scheduler.py-update_jobs:163] >>  - 작업ID: cron_18_30, 다음 실행예정: None (시스템 시각 기준)
[2026-09-26 16:05:18,886][INFO|scheduler.py-update_jobs:163] >>  - 작업ID: community-midnight-upload, 다음 실행예정: None (시스템 시각 기준)
[2026-09-26 16:05:18,886][INFO|scheduler.py-update_jobs:163] >>  - 작업ID: community-gate-poll, 다음 실행예정: None (시스템 시각 기준)
.[2026-09-26 16:05:18,887][INFO|scheduler.py-update_jobs:77] >> 스케줄러: 크롤 작업을 제거하고 설정을 초기화했습니다(커뮤니티 작업 유지).
[2026-09-26 16:05:18,887][INFO|scheduler.py-update_jobs:91] >> 스케줄러 업데이트 시작 (모드: interval)
[2026-09-26 16:05:18,887][INFO|base.py-add_job:454] >> Adding job tentatively -- it will be properly scheduled when the scheduler starts
[2026-09-26 16:05:18,888][INFO|scheduler.py-update_jobs:117] >> 스케줄러: 24시간 간격으로 실행 예약됨. (시작 기준 시각: 00:00)
[2026-09-26 16:05:18,888][INFO|base.py-add_job:454] >> Adding job tentatively -- it will be properly scheduled when the scheduler starts
[2026-09-26 16:05:18,888][INFO|base.py-add_job:454] >> Adding job tentatively -- it will be properly scheduled when the scheduler starts
[2026-09-26 16:05:18,888][INFO|scheduler.py-update_jobs:160] >> 현재 활성화된 스케줄러 작업 수: 3개
[2026-09-26 16:05:18,888][INFO|scheduler.py-update_jobs:163] >>  - 작업ID: crawl_job_interval, 다음 실행예정: None (시스템 시각 기준)
[2026-09-26 16:05:18,888][INFO|scheduler.py-update_jobs:163] >>  - 작업ID: community-midnight-upload, 다음 실행예정: None (시스템 시각 기준)
[2026-09-26 16:05:18,888][INFO|scheduler.py-update_jobs:163] >>  - 작업ID: community-gate-poll, 다음 실행예정: None (시스템 시각 기준)
[2026-09-26 16:05:18,888][INFO|base.py-remove_job:641] >> Removed job crawl_job_interval
[2026-09-26 16:05:18,888][INFO|scheduler.py-update_jobs:77] >> 스케줄러: 크롤 작업을 제거하고 설정을 초기화했습니다(커뮤니티 작업 유지).
[2026-09-26 16:05:18,889][INFO|scheduler.py-update_jobs:86] >> 스케줄러가 비활성화되어 크롤 작업을 제거했습니다(커뮤니티 작업 유지).
[2026-09-26 16:05:18,889][INFO|base.py-add_job:454] >> Adding job tentatively -- it will be properly scheduled when the scheduler starts
[2026-09-26 16:05:18,889][INFO|base.py-add_job:454] >> Adding job tentatively -- it will be properly scheduled when the scheduler starts
.[2026-09-26 16:05:18,890][INFO|scheduler.py-update_jobs:77] >> 스케줄러: 크롤 작업을 제거하고 설정을 초기화했습니다(커뮤니티 작업 유지).
[2026-09-26 16:05:18,890][INFO|scheduler.py-update_jobs:91] >> 스케줄러 업데이트 시작 (모드: interval)
[2026-09-26 16:05:18,890][INFO|base.py-add_job:454] >> Adding job tentatively -- it will be properly scheduled when the scheduler starts
[2026-09-26 16:05:18,890][INFO|scheduler.py-update_jobs:117] >> 스케줄러: 24시간 간격으로 실행 예약됨. (시작 기준 시각: 00:00)
[2026-09-26 16:05:18,890][INFO|base.py-add_job:454] >> Adding job tentatively -- it will be properly scheduled when the scheduler starts
[2026-09-26 16:05:18,891][INFO|base.py-add_job:454] >> Adding job tentatively -- it will be properly scheduled when the scheduler starts
[2026-09-26 16:05:18,891][INFO|scheduler.py-update_jobs:160] >> 현재 활성화된 스케줄러 작업 수: 3개
[2026-09-26 16:05:18,891][INFO|scheduler.py-update_jobs:163] >>  - 작업ID: crawl_job_interval, 다음 실행예정: None (시스템 시각 기준)
[2026-09-26 16:05:18,891][INFO|scheduler.py-update_jobs:163] >>  - 작업ID: community-midnight-upload, 다음 실행예정: None (시스템 시각 기준)
[2026-09-26 16:05:18,891][INFO|scheduler.py-update_jobs:163] >>  - 작업ID: community-gate-poll, 다음 실행예정: None (시스템 시각 기준)
[2026-09-26 16:05:18,891][INFO|base.py-add_job:454] >> Adding job tentatively -- it will be properly scheduled when the scheduler starts
[2026-09-26 16:05:18,891][INFO|base.py-remove_job:641] >> Removed job crawl_job_interval
[2026-09-26 16:05:18,891][INFO|scheduler.py-update_jobs:77] >> 스케줄러: 크롤 작업을 제거하고 설정을 초기화했습니다(커뮤니티 작업 유지).
[2026-09-26 16:05:18,891][INFO|scheduler.py-update_jobs:91] >> 스케줄러 업데이트 시작 (모드: interval)
[2026-09-26 16:05:18,891][INFO|base.py-add_job:454] >> Adding job tentatively -- it will be properly scheduled when the scheduler starts
[2026-09-26 16:05:18,891][INFO|scheduler.py-update_jobs:117] >> 스케줄러: 24시간 간격으로 실행 예약됨. (시작 기준 시각: 00:00)
[2026-09-26 16:05:18,892][INFO|base.py-add_job:454] >> Adding job tentatively -- it will be properly scheduled when the scheduler starts
[2026-09-26 16:05:18,892][INFO|base.py-add_job:454] >> Adding job tentatively -- it will be properly scheduled when the scheduler starts
[2026-09-26 16:05:18,892][INFO|scheduler.py-update_jobs:160] >> 현재 활성화된 스케줄러 작업 수: 6개
[2026-09-26 16:05:18,892][INFO|scheduler.py-update_jobs:163] >>  - 작업ID: community-midnight-upload, 다음 실행예정: None (시스템 시각 기준)
[2026-09-26 16:05:18,892][INFO|scheduler.py-update_jobs:163] >>  - 작업ID: community-gate-poll, 다음 실행예정: None (시스템 시각 기준)
[2026-09-26 16:05:18,892][INFO|scheduler.py-update_jobs:163] >>  - 작업ID: other-owner, 다음 실행예정: None (시스템 시각 기준)
[2026-09-26 16:05:18,892][INFO|scheduler.py-update_jobs:163] >>  - 작업ID: crawl_job_interval, 다음 실행예정: None (시스템 시각 기준)
[2026-09-26 16:05:18,892][INFO|scheduler.py-update_jobs:163] >>  - 작업ID: community-midnight-upload, 다음 실행예정: None (시스템 시각 기준)
[2026-09-26 16:05:18,892][INFO|scheduler.py-update_jobs:163] >>  - 작업ID: community-gate-poll, 다음 실행예정: None (시스템 시각 기준)
.[2026-09-26 16:05:18,893][WARNING|scheduler.py-run_crawler:21] >> 스케줄러: 커뮤니티 게이트 미충족. 건너뜁니다.
....[2026-09-26 16:05:18,900][INFO|database.py-upgrade_schema:285] >> 테이블 'admin_users' 생성 중...
[2026-09-26 16:05:18,905][INFO|database.py-upgrade_schema:285] >> 테이블 'api_keys' 생성 중...
[2026-09-26 16:05:18,906][INFO|database.py-upgrade_schema:285] >> 테이블 'mysafety' 생성 중...
[2026-09-26 16:05:18,908][INFO|database.py-upgrade_schema:285] >> 테이블 'mysafety_change_cursor' 생성 중...
[2026-09-26 16:05:18,910][INFO|database.py-upgrade_schema:285] >> 테이블 'mysafety_change_log' 생성 중...
[2026-09-26 16:05:18,911][INFO|database.py-upgrade_schema:285] >> 테이블 'mysafety_duplicate_decision' 생성 중...
[2026-09-26 16:05:18,913][INFO|database.py-upgrade_schema:285] >> 테이블 'mysafety_duplicate_group' 생성 중...
[2026-09-26 16:05:18,915][INFO|database.py-upgrade_schema:285] >> 테이블 'mysafety_duplicate_member' 생성 중...
[2026-09-26 16:05:18,916][INFO|database.py-upgrade_schema:285] >> 테이블 'mysafety_entry_value' 생성 중...
[2026-09-26 16:05:18,918][INFO|database.py-upgrade_schema:285] >> 테이블 'mysafety_geocode_cache' 생성 중...
[2026-09-26 16:05:18,919][INFO|database.py-upgrade_schema:285] >> 테이블 'mysafety_raw_content' 생성 중...
[2026-09-26 16:05:18,921][INFO|database.py-upgrade_schema:285] >> 테이블 'mysafety_report_override' 생성 중...
[2026-09-26 16:05:18,922][INFO|database.py-upgrade_schema:285] >> 테이블 'mysafety_sync_meta' 생성 중...
[2026-09-26 16:05:18,923][INFO|database.py-upgrade_schema:285] >> 테이블 'mysafety_watchlist' 생성 중...
[2026-09-26 16:05:18,925][INFO|database.py-upgrade_schema:285] >> 테이블 'mysafetydetail_other' 생성 중...
[2026-09-26 16:05:18,926][INFO|database.py-upgrade_schema:285] >> 테이블 'mysafetydetail_parking' 생성 중...
[2026-09-26 16:05:18,929][INFO|database.py-upgrade_schema:285] >> 테이블 'mysafetydetail_traffic' 생성 중...
[2026-09-26 16:05:18,930][INFO|database.py-upgrade_schema:285] >> 테이블 'mysafetymerge_other' 생성 중...
[2026-09-26 16:05:18,932][INFO|database.py-upgrade_schema:285] >> 테이블 'mysafetymerge_parking' 생성 중...
[2026-09-26 16:05:18,934][INFO|database.py-upgrade_schema:285] >> 테이블 'mysafetymerge_traffic' 생성 중...
[2026-09-26 16:05:18,938][INFO|database.py-_apply_versioned_migrations:452] >> [schema] DB 스키마 버전 1 적용
[2026-09-26 16:05:18,943][INFO|database.py-_apply_versioned_migrations:452] >> [schema] DB 스키마 버전 2 적용
[2026-09-26 16:05:18,945][INFO|database.py-_apply_versioned_migrations:452] >> [schema] DB 스키마 버전 3 적용
[2026-09-26 16:05:18,959][INFO|database.py-_apply_versioned_migrations:452] >> [schema] DB 스키마 버전 4 적용
[2026-09-26 16:05:18,989][INFO|duplicate_group_service.py-_log_info:53] >> [duplicate] payload exact 중복군 0개, 멤버 0건 재생성
[2026-09-26 16:05:18,997][INFO|database.py-_get_title_ids_for_scan:455] >> 전체 신고 건을 다시 스캔합니다.
[2026-09-26 16:05:18,998][INFO|database.py-get_pending_detail_ids:618] >> 스캔대상 ID 총 10건
.[2026-09-26 16:05:19,008][INFO|database.py-upgrade_schema:285] >> 테이블 'admin_users' 생성 중...
[2026-09-26 16:05:19,011][INFO|database.py-upgrade_schema:285] >> 테이블 'api_keys' 생성 중...
[2026-09-26 16:05:19,012][INFO|database.py-upgrade_schema:285] >> 테이블 'mysafety' 생성 중...
[2026-09-26 16:05:19,013][INFO|database.py-upgrade_schema:285] >> 테이블 'mysafety_change_cursor' 생성 중...
[2026-09-26 16:05:19,015][INFO|database.py-upgrade_schema:285] >> 테이블 'mysafety_change_log' 생성 중...
[2026-09-26 16:05:19,016][INFO|database.py-upgrade_schema:285] >> 테이블 'mysafety_duplicate_decision' 생성 중...
[2026-09-26 16:05:19,018][INFO|database.py-upgrade_schema:285] >> 테이블 'mysafety_duplicate_group' 생성 중...
[2026-09-26 16:05:19,020][INFO|database.py-upgrade_schema:285] >> 테이블 'mysafety_duplicate_member' 생성 중...
[2026-09-26 16:05:19,022][INFO|database.py-upgrade_schema:285] >> 테이블 'mysafety_entry_value' 생성 중...
[2026-09-26 16:05:19,023][INFO|database.py-upgrade_schema:285] >> 테이블 'mysafety_geocode_cache' 생성 중...
[2026-09-26 16:05:19,025][INFO|database.py-upgrade_schema:285] >> 테이블 'mysafety_raw_content' 생성 중...
[2026-09-26 16:05:19,026][INFO|database.py-upgrade_schema:285] >> 테이블 'mysafety_report_override' 생성 중...
[2026-09-26 16:05:19,029][INFO|database.py-upgrade_schema:285] >> 테이블 'mysafety_sync_meta' 생성 중...
[2026-09-26 16:05:19,034][INFO|database.py-upgrade_schema:285] >> 테이블 'mysafety_watchlist' 생성 중...
[2026-09-26 16:05:19,037][INFO|database.py-upgrade_schema:285] >> 테이블 'mysafetydetail_other' 생성 중...
[2026-09-26 16:05:19,039][INFO|database.py-upgrade_schema:285] >> 테이블 'mysafetydetail_parking' 생성 중...
[2026-09-26 16:05:19,042][INFO|database.py-upgrade_schema:285] >> 테이블 'mysafetydetail_traffic' 생성 중...
[2026-09-26 16:05:19,045][INFO|database.py-upgrade_schema:285] >> 테이블 'mysafetymerge_other' 생성 중...
[2026-09-26 16:05:19,049][INFO|database.py-upgrade_schema:285] >> 테이블 'mysafetymerge_parking' 생성 중...
[2026-09-26 16:05:19,051][INFO|database.py-upgrade_schema:285] >> 테이블 'mysafetymerge_traffic' 생성 중...
[2026-09-26 16:05:19,055][INFO|database.py-_apply_versioned_migrations:452] >> [schema] DB 스키마 버전 1 적용
[2026-09-26 16:05:19,061][INFO|database.py-_apply_versioned_migrations:452] >> [schema] DB 스키마 버전 2 적용
[2026-09-26 16:05:19,063][INFO|database.py-_apply_versioned_migrations:452] >> [schema] DB 스키마 버전 3 적용
[2026-09-26 16:05:19,086][INFO|database.py-_apply_versioned_migrations:452] >> [schema] DB 스키마 버전 4 적용
[2026-09-26 16:05:19,113][INFO|duplicate_group_service.py-_log_info:53] >> [duplicate] payload exact 중복군 0개, 멤버 0건 재생성
[2026-09-26 16:05:19,123][INFO|database.py-_get_new_and_incomplete_ids:460] >> 신규, 미종결 신고 건 스캔 시작
[2026-09-26 16:05:19,132][INFO|database.py-get_pending_detail_ids:618] >> 스캔대상 ID 총 8건
................./usr/lib/python3.14/unittest/mock.py:2259: ResourceWarning: unclosed database in <sqlite3.Connection object at 0x7baeb04762f0>
  def __init__(self, name, parent):
ResourceWarning: Enable tracemalloc to get the object allocation traceback
............/usr/lib/python3.14/unittest/mock.py:2259: ResourceWarning: unclosed database in <sqlite3.Connection object at 0x7baeb0477790>
  def __init__(self, name, parent):
ResourceWarning: Enable tracemalloc to get the object allocation traceback
............/usr/lib/python3.14/unittest/mock.py:806: ResourceWarning: unclosed database in <sqlite3.Connection object at 0x7baeb0477c40>
  def __setattr__(self, name, value):
ResourceWarning: Enable tracemalloc to get the object allocation traceback
........./usr/lib/python3.14/unittest/mock.py:2259: ResourceWarning: unclosed database in <sqlite3.Connection object at 0x7baeb04749a0>
  def __init__(self, name, parent):
ResourceWarning: Enable tracemalloc to get the object allocation traceback
......................[2026-09-26 16:05:24,523][WARNING|runtime_mode.py-block_if_fixture:47] >> [fixture] blocked: crawl subprocess
.[2026-09-26 16:05:24,524][WARNING|runtime_mode.py-block_if_fixture:47] >> [fixture] blocked: safetyreport direct login
[2026-09-26 16:05:24,524][INFO|runtime_mode.py-skip_in_fixture:57] >> [fixture] skipped: direct_login keep-alive
.[2026-09-26 16:05:24,531][INFO|database.py-upgrade_schema:285] >> 테이블 'admin_users' 생성 중...
[2026-09-26 16:05:24,537][INFO|database.py-upgrade_schema:285] >> 테이블 'api_keys' 생성 중...
[2026-09-26 16:05:24,540][INFO|database.py-upgrade_schema:285] >> 테이블 'mysafety' 생성 중...
[2026-09-26 16:05:24,542][INFO|database.py-upgrade_schema:285] >> 테이블 'mysafety_change_cursor' 생성 중...
[2026-09-26 16:05:24,544][INFO|database.py-upgrade_schema:285] >> 테이블 'mysafety_change_log' 생성 중...
[2026-09-26 16:05:24,545][INFO|database.py-upgrade_schema:285] >> 테이블 'mysafety_duplicate_decision' 생성 중...
[2026-09-26 16:05:24,547][INFO|database.py-upgrade_schema:285] >> 테이블 'mysafety_duplicate_group' 생성 중...
[2026-09-26 16:05:24,549][INFO|database.py-upgrade_schema:285] >> 테이블 'mysafety_duplicate_member' 생성 중...
[2026-09-26 16:05:24,550][INFO|database.py-upgrade_schema:285] >> 테이블 'mysafety_entry_value' 생성 중...
[2026-09-26 16:05:24,552][INFO|database.py-upgrade_schema:285] >> 테이블 'mysafety_geocode_cache' 생성 중...
[2026-09-26 16:05:24,553][INFO|database.py-upgrade_schema:285] >> 테이블 'mysafety_raw_content' 생성 중...
[2026-09-26 16:05:24,556][INFO|database.py-upgrade_schema:285] >> 테이블 'mysafety_report_override' 생성 중...
[2026-09-26 16:05:24,561][INFO|database.py-upgrade_schema:285] >> 테이블 'mysafety_sync_meta' 생성 중...
[2026-09-26 16:05:24,563][INFO|database.py-upgrade_schema:285] >> 테이블 'mysafety_watchlist' 생성 중...
[2026-09-26 16:05:24,564][INFO|database.py-upgrade_schema:285] >> 테이블 'mysafetydetail_other' 생성 중...
[2026-09-26 16:05:24,566][INFO|database.py-upgrade_schema:285] >> 테이블 'mysafetydetail_parking' 생성 중...
[2026-09-26 16:05:24,568][INFO|database.py-upgrade_schema:285] >> 테이블 'mysafetydetail_traffic' 생성 중...
[2026-09-26 16:05:24,572][INFO|database.py-upgrade_schema:285] >> 테이블 'mysafetymerge_other' 생성 중...
[2026-09-26 16:05:24,577][INFO|database.py-upgrade_schema:285] >> 테이블 'mysafetymerge_parking' 생성 중...
[2026-09-26 16:05:24,579][INFO|database.py-upgrade_schema:285] >> 테이블 'mysafetymerge_traffic' 생성 중...
[2026-09-26 16:05:24,582][INFO|database.py-_apply_versioned_migrations:452] >> [schema] DB 스키마 버전 1 적용
[2026-09-26 16:05:24,587][INFO|database.py-_apply_versioned_migrations:452] >> [schema] DB 스키마 버전 2 적용
[2026-09-26 16:05:24,589][INFO|database.py-_apply_versioned_migrations:452] >> [schema] DB 스키마 버전 3 적용
[2026-09-26 16:05:24,616][INFO|database.py-_apply_versioned_migrations:452] >> [schema] DB 스키마 버전 4 적용
[2026-09-26 16:05:24,646][INFO|duplicate_group_service.py-_log_info:53] >> [duplicate] payload exact 중복군 0개, 멤버 0건 재생성
[2026-09-26 16:05:24,649][WARNING|runtime_mode.py-block_if_fixture:47] >> [fixture] blocked: kakao geocode request
.[2026-09-26 16:05:24,658][WARNING|runtime_mode.py-block_if_fixture:47] >> [fixture] blocked: media upstream download
..[2026-09-26 16:05:24,661][WARNING|runtime_mode.py-block_if_fixture:47] >> [fixture] blocked: star rating batch
.[2026-09-26 16:05:24,661][WARNING|runtime_mode.py-block_if_fixture:47] >> [fixture] blocked: sunwi statistics fetch
[2026-09-26 16:05:24,662][INFO|runtime_mode.py-skip_in_fixture:57] >> [fixture] skipped: sunwi background refresh
.[2026-09-26 16:05:24,663][WARNING|runtime_mode.py-block_if_fixture:47] >> [fixture] blocked: github release request
.[2026-09-26 16:05:24,664][WARNING|runtime_mode.py-block_if_fixture:47] >> [fixture] blocked: x
....[2026-09-26 16:05:24,672][INFO|database.py-upgrade_schema:285] >> 테이블 'admin_users' 생성 중...
[2026-09-26 16:05:24,678][INFO|database.py-upgrade_schema:285] >> 테이블 'api_keys' 생성 중...
[2026-09-26 16:05:24,680][INFO|database.py-upgrade_schema:285] >> 테이블 'mysafety' 생성 중...
[2026-09-26 16:05:24,682][INFO|database.py-upgrade_schema:285] >> 테이블 'mysafety_change_cursor' 생성 중...
[2026-09-26 16:05:24,686][INFO|database.py-upgrade_schema:285] >> 테이블 'mysafety_change_log' 생성 중...
[2026-09-26 16:05:24,690][INFO|database.py-upgrade_schema:285] >> 테이블 'mysafety_duplicate_decision' 생성 중...
[2026-09-26 16:05:24,692][INFO|database.py-upgrade_schema:285] >> 테이블 'mysafety_duplicate_group' 생성 중...
[2026-09-26 16:05:24,694][INFO|database.py-upgrade_schema:285] >> 테이블 'mysafety_duplicate_member' 생성 중...
[2026-09-26 16:05:24,696][INFO|database.py-upgrade_schema:285] >> 테이블 'mysafety_entry_value' 생성 중...
[2026-09-26 16:05:24,697][INFO|database.py-upgrade_schema:285] >> 테이블 'mysafety_geocode_cache' 생성 중...
[2026-09-26 16:05:24,699][INFO|database.py-upgrade_schema:285] >> 테이블 'mysafety_raw_content' 생성 중...
[2026-09-26 16:05:24,700][INFO|database.py-upgrade_schema:285] >> 테이블 'mysafety_report_override' 생성 중...
[2026-09-26 16:05:24,702][INFO|database.py-upgrade_schema:285] >> 테이블 'mysafety_sync_meta' 생성 중...
[2026-09-26 16:05:24,703][INFO|database.py-upgrade_schema:285] >> 테이블 'mysafety_watchlist' 생성 중...
[2026-09-26 16:05:24,705][INFO|database.py-upgrade_schema:285] >> 테이블 'mysafetydetail_other' 생성 중...
[2026-09-26 16:05:24,707][INFO|database.py-upgrade_schema:285] >> 테이블 'mysafetydetail_parking' 생성 중...
[2026-09-26 16:05:24,709][INFO|database.py-upgrade_schema:285] >> 테이블 'mysafetydetail_traffic' 생성 중...
[2026-09-26 16:05:24,710][INFO|database.py-upgrade_schema:285] >> 테이블 'mysafetymerge_other' 생성 중...
[2026-09-26 16:05:24,714][INFO|database.py-upgrade_schema:285] >> 테이블 'mysafetymerge_parking' 생성 중...
[2026-09-26 16:05:24,716][INFO|database.py-upgrade_schema:285] >> 테이블 'mysafetymerge_traffic' 생성 중...
[2026-09-26 16:05:24,725][INFO|database.py-_apply_versioned_migrations:452] >> [schema] DB 스키마 버전 1 적용
[2026-09-26 16:05:24,732][INFO|database.py-_apply_versioned_migrations:452] >> [schema] DB 스키마 버전 2 적용
[2026-09-26 16:05:24,734][INFO|database.py-_apply_versioned_migrations:452] >> [schema] DB 스키마 버전 3 적용
[2026-09-26 16:05:24,746][INFO|database.py-_apply_versioned_migrations:452] >> [schema] DB 스키마 버전 4 적용
[2026-09-26 16:05:24,779][INFO|duplicate_group_service.py-_log_info:53] >> [duplicate] payload exact 중복군 0개, 멤버 0건 재생성
[2026-09-26 16:05:24,798][INFO|geocode_service.py-ensure_map_backfill_started:782] >> [geocode] 크롤링이 진행 중이라 지도 지오코딩 백필을 대기 상태로 둡니다.
.[2026-09-26 16:05:24,809][INFO|database.py-upgrade_schema:285] >> 테이블 'admin_users' 생성 중...
[2026-09-26 16:05:24,816][INFO|database.py-upgrade_schema:285] >> 테이블 'api_keys' 생성 중...
[2026-09-26 16:05:24,817][INFO|database.py-upgrade_schema:285] >> 테이블 'mysafety' 생성 중...
[2026-09-26 16:05:24,820][INFO|database.py-upgrade_schema:285] >> 테이블 'mysafety_change_cursor' 생성 중...
[2026-09-26 16:05:24,824][INFO|database.py-upgrade_schema:285] >> 테이블 'mysafety_change_log' 생성 중...
[2026-09-26 16:05:24,826][INFO|database.py-upgrade_schema:285] >> 테이블 'mysafety_duplicate_decision' 생성 중...
[2026-09-26 16:05:24,828][INFO|database.py-upgrade_schema:285] >> 테이블 'mysafety_duplicate_group' 생성 중...
[2026-09-26 16:05:24,829][INFO|database.py-upgrade_schema:285] >> 테이블 'mysafety_duplicate_member' 생성 중...
[2026-09-26 16:05:24,831][INFO|database.py-upgrade_schema:285] >> 테이블 'mysafety_entry_value' 생성 중...
[2026-09-26 16:05:24,832][INFO|database.py-upgrade_schema:285] >> 테이블 'mysafety_geocode_cache' 생성 중...
[2026-09-26 16:05:24,834][INFO|database.py-upgrade_schema:285] >> 테이블 'mysafety_raw_content' 생성 중...
[2026-09-26 16:05:24,836][INFO|database.py-upgrade_schema:285] >> 테이블 'mysafety_report_override' 생성 중...
[2026-09-26 16:05:24,837][INFO|database.py-upgrade_schema:285] >> 테이블 'mysafety_sync_meta' 생성 중...
[2026-09-26 16:05:24,839][INFO|database.py-upgrade_schema:285] >> 테이블 'mysafety_watchlist' 생성 중...
[2026-09-26 16:05:24,840][INFO|database.py-upgrade_schema:285] >> 테이블 'mysafetydetail_other' 생성 중...
[2026-09-26 16:05:24,843][INFO|database.py-upgrade_schema:285] >> 테이블 'mysafetydetail_parking' 생성 중...
[2026-09-26 16:05:24,848][INFO|database.py-upgrade_schema:285] >> 테이블 'mysafetydetail_traffic' 생성 중...
[2026-09-26 16:05:24,850][INFO|database.py-upgrade_schema:285] >> 테이블 'mysafetymerge_other' 생성 중...
[2026-09-26 16:05:24,852][INFO|database.py-upgrade_schema:285] >> 테이블 'mysafetymerge_parking' 생성 중...
[2026-09-26 16:05:24,858][INFO|database.py-upgrade_schema:285] >> 테이블 'mysafetymerge_traffic' 생성 중...
[2026-09-26 16:05:24,861][INFO|database.py-_apply_versioned_migrations:452] >> [schema] DB 스키마 버전 1 적용
[2026-09-26 16:05:24,866][INFO|database.py-_apply_versioned_migrations:452] >> [schema] DB 스키마 버전 2 적용
[2026-09-26 16:05:24,868][INFO|database.py-_apply_versioned_migrations:452] >> [schema] DB 스키마 버전 3 적용
[2026-09-26 16:05:24,878][INFO|database.py-_apply_versioned_migrations:452] >> [schema] DB 스키마 버전 4 적용
[2026-09-26 16:05:24,903][INFO|duplicate_group_service.py-_log_info:53] >> [duplicate] payload exact 중복군 0개, 멤버 0건 재생성
.[2026-09-26 16:05:24,964][INFO|database.py-upgrade_schema:285] >> 테이블 'admin_users' 생성 중...
[2026-09-26 16:05:24,967][INFO|database.py-upgrade_schema:285] >> 테이블 'api_keys' 생성 중...
[2026-09-26 16:05:24,969][INFO|database.py-upgrade_schema:285] >> 테이블 'mysafety' 생성 중...
[2026-09-26 16:05:24,970][INFO|database.py-upgrade_schema:285] >> 테이블 'mysafety_change_cursor' 생성 중...
[2026-09-26 16:05:24,971][INFO|database.py-upgrade_schema:285] >> 테이블 'mysafety_change_log' 생성 중...
[2026-09-26 16:05:24,973][INFO|database.py-upgrade_schema:285] >> 테이블 'mysafety_duplicate_decision' 생성 중...
[2026-09-26 16:05:24,974][INFO|database.py-upgrade_schema:285] >> 테이블 'mysafety_duplicate_group' 생성 중...
[2026-09-26 16:05:24,976][INFO|database.py-upgrade_schema:285] >> 테이블 'mysafety_duplicate_member' 생성 중...
[2026-09-26 16:05:24,977][INFO|database.py-upgrade_schema:285] >> 테이블 'mysafety_entry_value' 생성 중...
[2026-09-26 16:05:24,978][INFO|database.py-upgrade_schema:285] >> 테이블 'mysafety_geocode_cache' 생성 중...
[2026-09-26 16:05:24,980][INFO|database.py-upgrade_schema:285] >> 테이블 'mysafety_raw_content' 생성 중...
[2026-09-26 16:05:24,981][INFO|database.py-upgrade_schema:285] >> 테이블 'mysafety_report_override' 생성 중...
[2026-09-26 16:05:24,983][INFO|database.py-upgrade_schema:285] >> 테이블 'mysafety_sync_meta' 생성 중...
[2026-09-26 16:05:24,984][INFO|database.py-upgrade_schema:285] >> 테이블 'mysafety_watchlist' 생성 중...
[2026-09-26 16:05:24,985][INFO|database.py-upgrade_schema:285] >> 테이블 'mysafetydetail_other' 생성 중...
[2026-09-26 16:05:24,987][INFO|database.py-upgrade_schema:285] >> 테이블 'mysafetydetail_parking' 생성 중...
[2026-09-26 16:05:24,989][INFO|database.py-upgrade_schema:285] >> 테이블 'mysafetydetail_traffic' 생성 중...
[2026-09-26 16:05:24,991][INFO|database.py-upgrade_schema:285] >> 테이블 'mysafetymerge_other' 생성 중...
[2026-09-26 16:05:24,993][INFO|database.py-upgrade_schema:285] >> 테이블 'mysafetymerge_parking' 생성 중...
[2026-09-26 16:05:24,994][INFO|database.py-upgrade_schema:285] >> 테이블 'mysafetymerge_traffic' 생성 중...
[2026-09-26 16:05:24,998][INFO|database.py-_apply_versioned_migrations:452] >> [schema] DB 스키마 버전 1 적용
[2026-09-26 16:05:25,002][INFO|database.py-_apply_versioned_migrations:452] >> [schema] DB 스키마 버전 2 적용
[2026-09-26 16:05:25,004][INFO|database.py-_apply_versioned_migrations:452] >> [schema] DB 스키마 버전 3 적용
[2026-09-26 16:05:25,026][INFO|database.py-_apply_versioned_migrations:452] >> [schema] DB 스키마 버전 4 적용
[2026-09-26 16:05:25,057][INFO|duplicate_group_service.py-_log_info:53] >> [duplicate] payload exact 중복군 0개, 멤버 0건 재생성
[2026-09-26 16:05:25,120][INFO|duplicate_group_service.py-_log_info:53] >> [duplicate] payload exact 중복군 0개, 멤버 0건 재생성
[2026-09-26 16:05:25,122][INFO|database.py-detail_to_sql:723] >> 총 1건 detail 저장 완료. (변경/신규: 1건, 실패: 0건)
.[2026-09-26 16:05:25,140][INFO|database.py-upgrade_schema:285] >> 테이블 'admin_users' 생성 중...
[2026-09-26 16:05:25,143][INFO|database.py-upgrade_schema:285] >> 테이블 'api_keys' 생성 중...
[2026-09-26 16:05:25,145][INFO|database.py-upgrade_schema:285] >> 테이블 'mysafety' 생성 중...
[2026-09-26 16:05:25,147][INFO|database.py-upgrade_schema:285] >> 테이블 'mysafety_change_cursor' 생성 중...
[2026-09-26 16:05:25,149][INFO|database.py-upgrade_schema:285] >> 테이블 'mysafety_change_log' 생성 중...
[2026-09-26 16:05:25,151][INFO|database.py-upgrade_schema:285] >> 테이블 'mysafety_duplicate_decision' 생성 중...
[2026-09-26 16:05:25,153][INFO|database.py-upgrade_schema:285] >> 테이블 'mysafety_duplicate_group' 생성 중...
[2026-09-26 16:05:25,155][INFO|database.py-upgrade_schema:285] >> 테이블 'mysafety_duplicate_member' 생성 중...
[2026-09-26 16:05:25,157][INFO|database.py-upgrade_schema:285] >> 테이블 'mysafety_entry_value' 생성 중...
[2026-09-26 16:05:25,163][INFO|database.py-upgrade_schema:285] >> 테이블 'mysafety_geocode_cache' 생성 중...
[2026-09-26 16:05:25,168][INFO|database.py-upgrade_schema:285] >> 테이블 'mysafety_raw_content' 생성 중...
[2026-09-26 16:05:25,173][INFO|database.py-upgrade_schema:285] >> 테이블 'mysafety_report_override' 생성 중...
[2026-09-26 16:05:25,176][INFO|database.py-upgrade_schema:285] >> 테이블 'mysafety_sync_meta' 생성 중...
[2026-09-26 16:05:25,178][INFO|database.py-upgrade_schema:285] >> 테이블 'mysafety_watchlist' 생성 중...
[2026-09-26 16:05:25,184][INFO|database.py-upgrade_schema:285] >> 테이블 'mysafetydetail_other' 생성 중...
[2026-09-26 16:05:25,189][INFO|database.py-upgrade_schema:285] >> 테이블 'mysafetydetail_parking' 생성 중...
[2026-09-26 16:05:25,194][INFO|database.py-upgrade_schema:285] >> 테이블 'mysafetydetail_traffic' 생성 중...
[2026-09-26 16:05:25,198][INFO|database.py-upgrade_schema:285] >> 테이블 'mysafetymerge_other' 생성 중...
[2026-09-26 16:05:25,200][INFO|database.py-upgrade_schema:285] >> 테이블 'mysafetymerge_parking' 생성 중...
[2026-09-26 16:05:25,202][INFO|database.py-upgrade_schema:285] >> 테이블 'mysafetymerge_traffic' 생성 중...
[2026-09-26 16:05:25,207][INFO|database.py-_apply_versioned_migrations:452] >> [schema] DB 스키마 버전 1 적용
[2026-09-26 16:05:25,214][INFO|database.py-_apply_versioned_migrations:452] >> [schema] DB 스키마 버전 2 적용
[2026-09-26 16:05:25,217][INFO|database.py-_apply_versioned_migrations:452] >> [schema] DB 스키마 버전 3 적용
[2026-09-26 16:05:25,240][INFO|database.py-_apply_versioned_migrations:452] >> [schema] DB 스키마 버전 4 적용
[2026-09-26 16:05:25,273][INFO|duplicate_group_service.py-_log_info:53] >> [duplicate] payload exact 중복군 0개, 멤버 0건 재생성
.[2026-09-26 16:05:25,334][INFO|database.py-upgrade_schema:285] >> 테이블 'admin_users' 생성 중...
[2026-09-26 16:05:25,338][INFO|database.py-upgrade_schema:285] >> 테이블 'api_keys' 생성 중...
[2026-09-26 16:05:25,340][INFO|database.py-upgrade_schema:285] >> 테이블 'mysafety' 생성 중...
[2026-09-26 16:05:25,346][INFO|database.py-upgrade_schema:285] >> 테이블 'mysafety_change_cursor' 생성 중...
[2026-09-26 16:05:25,348][INFO|database.py-upgrade_schema:285] >> 테이블 'mysafety_change_log' 생성 중...
[2026-09-26 16:05:25,350][INFO|database.py-upgrade_schema:285] >> 테이블 'mysafety_duplicate_decision' 생성 중...
[2026-09-26 16:05:25,352][INFO|database.py-upgrade_schema:285] >> 테이블 'mysafety_duplicate_group' 생성 중...
[2026-09-26 16:05:25,353][INFO|database.py-upgrade_schema:285] >> 테이블 'mysafety_duplicate_member' 생성 중...
[2026-09-26 16:05:25,355][INFO|database.py-upgrade_schema:285] >> 테이블 'mysafety_entry_value' 생성 중...
[2026-09-26 16:05:25,357][INFO|database.py-upgrade_schema:285] >> 테이블 'mysafety_geocode_cache' 생성 중...
[2026-09-26 16:05:25,359][INFO|database.py-upgrade_schema:285] >> 테이블 'mysafety_raw_content' 생성 중...
[2026-09-26 16:05:25,361][INFO|database.py-upgrade_schema:285] >> 테이블 'mysafety_report_override' 생성 중...
[2026-09-26 16:05:25,363][INFO|database.py-upgrade_schema:285] >> 테이블 'mysafety_sync_meta' 생성 중...
[2026-09-26 16:05:25,364][INFO|database.py-upgrade_schema:285] >> 테이블 'mysafety_watchlist' 생성 중...
[2026-09-26 16:05:25,366][INFO|database.py-upgrade_schema:285] >> 테이블 'mysafetydetail_other' 생성 중...
[2026-09-26 16:05:25,367][INFO|database.py-upgrade_schema:285] >> 테이블 'mysafetydetail_parking' 생성 중...
[2026-09-26 16:05:25,369][INFO|database.py-upgrade_schema:285] >> 테이블 'mysafetydetail_traffic' 생성 중...
[2026-09-26 16:05:25,371][INFO|database.py-upgrade_schema:285] >> 테이블 'mysafetymerge_other' 생성 중...
[2026-09-26 16:05:25,373][INFO|database.py-upgrade_schema:285] >> 테이블 'mysafetymerge_parking' 생성 중...
[2026-09-26 16:05:25,378][INFO|database.py-upgrade_schema:285] >> 테이블 'mysafetymerge_traffic' 생성 중...
[2026-09-26 16:05:25,383][INFO|database.py-_apply_versioned_migrations:452] >> [schema] DB 스키마 버전 1 적용
[2026-09-26 16:05:25,392][INFO|database.py-_apply_versioned_migrations:452] >> [schema] DB 스키마 버전 2 적용
[2026-09-26 16:05:25,393][INFO|database.py-_apply_versioned_migrations:452] >> [schema] DB 스키마 버전 3 적용
[2026-09-26 16:05:25,425][INFO|database.py-_apply_versioned_migrations:452] >> [schema] DB 스키마 버전 4 적용
[2026-09-26 16:05:25,450][INFO|duplicate_group_service.py-_log_info:53] >> [duplicate] payload exact 중복군 0개, 멤버 0건 재생성
[2026-09-26 16:05:25,474][INFO|geocode_service.py-ensure_map_backfill_started:763] >> [geocode] 카카오 REST API 키가 없어 신규 지도 지오코딩 백필을 시작하지 않습니다.
.[2026-09-26 16:05:25,493][INFO|database.py-upgrade_schema:285] >> 테이블 'admin_users' 생성 중...
[2026-09-26 16:05:25,496][INFO|database.py-upgrade_schema:285] >> 테이블 'api_keys' 생성 중...
[2026-09-26 16:05:25,497][INFO|database.py-upgrade_schema:285] >> 테이블 'mysafety' 생성 중...
[2026-09-26 16:05:25,499][INFO|database.py-upgrade_schema:285] >> 테이블 'mysafety_change_cursor' 생성 중...
[2026-09-26 16:05:25,500][INFO|database.py-upgrade_schema:285] >> 테이블 'mysafety_change_log' 생성 중...
[2026-09-26 16:05:25,501][INFO|database.py-upgrade_schema:285] >> 테이블 'mysafety_duplicate_decision' 생성 중...
[2026-09-26 16:05:25,503][INFO|database.py-upgrade_schema:285] >> 테이블 'mysafety_duplicate_group' 생성 중...
[2026-09-26 16:05:25,504][INFO|database.py-upgrade_schema:285] >> 테이블 'mysafety_duplicate_member' 생성 중...
[2026-09-26 16:05:25,505][INFO|database.py-upgrade_schema:285] >> 테이블 'mysafety_entry_value' 생성 중...
[2026-09-26 16:05:25,507][INFO|database.py-upgrade_schema:285] >> 테이블 'mysafety_geocode_cache' 생성 중...
[2026-09-26 16:05:25,508][INFO|database.py-upgrade_schema:285] >> 테이블 'mysafety_raw_content' 생성 중...
[2026-09-26 16:05:25,509][INFO|database.py-upgrade_schema:285] >> 테이블 'mysafety_report_override' 생성 중...
[2026-09-26 16:05:25,514][INFO|database.py-upgrade_schema:285] >> 테이블 'mysafety_sync_meta' 생성 중...
[2026-09-26 16:05:25,516][INFO|database.py-upgrade_schema:285] >> 테이블 'mysafety_watchlist' 생성 중...
[2026-09-26 16:05:25,517][INFO|database.py-upgrade_schema:285] >> 테이블 'mysafetydetail_other' 생성 중...
[2026-09-26 16:05:25,519][INFO|database.py-upgrade_schema:285] >> 테이블 'mysafetydetail_parking' 생성 중...
[2026-09-26 16:05:25,521][INFO|database.py-upgrade_schema:285] >> 테이블 'mysafetydetail_traffic' 생성 중...
[2026-09-26 16:05:25,523][INFO|database.py-upgrade_schema:285] >> 테이블 'mysafetymerge_other' 생성 중...
[2026-09-26 16:05:25,525][INFO|database.py-upgrade_schema:285] >> 테이블 'mysafetymerge_parking' 생성 중...
[2026-09-26 16:05:25,528][INFO|database.py-upgrade_schema:285] >> 테이블 'mysafetymerge_traffic' 생성 중...
[2026-09-26 16:05:25,531][INFO|database.py-_apply_versioned_migrations:452] >> [schema] DB 스키마 버전 1 적용
[2026-09-26 16:05:25,536][INFO|database.py-_apply_versioned_migrations:452] >> [schema] DB 스키마 버전 2 적용
[2026-09-26 16:05:25,537][INFO|database.py-_apply_versioned_migrations:452] >> [schema] DB 스키마 버전 3 적용
[2026-09-26 16:05:25,555][INFO|database.py-_apply_versioned_migrations:452] >> [schema] DB 스키마 버전 4 적용
[2026-09-26 16:05:25,584][INFO|duplicate_group_service.py-_log_info:53] >> [duplicate] payload exact 중복군 0개, 멤버 0건 재생성
[2026-09-26 16:05:25,594][WARNING|geocode_service.py-get_backfill_progress:250] >> [geocode] 진행 상태 lease 만료로 간주하여 비동기 백필을 중단 처리합니다.
.[2026-09-26 16:05:25,605][INFO|database.py-upgrade_schema:285] >> 테이블 'admin_users' 생성 중...
[2026-09-26 16:05:25,608][INFO|database.py-upgrade_schema:285] >> 테이블 'api_keys' 생성 중...
[2026-09-26 16:05:25,610][INFO|database.py-upgrade_schema:285] >> 테이블 'mysafety' 생성 중...
[2026-09-26 16:05:25,615][INFO|database.py-upgrade_schema:285] >> 테이블 'mysafety_change_cursor' 생성 중...
[2026-09-26 16:05:25,617][INFO|database.py-upgrade_schema:285] >> 테이블 'mysafety_change_log' 생성 중...
[2026-09-26 16:05:25,622][INFO|database.py-upgrade_schema:285] >> 테이블 'mysafety_duplicate_decision' 생성 중...
[2026-09-26 16:05:25,624][INFO|database.py-upgrade_schema:285] >> 테이블 'mysafety_duplicate_group' 생성 중...
[2026-09-26 16:05:25,626][INFO|database.py-upgrade_schema:285] >> 테이블 'mysafety_duplicate_member' 생성 중...
[2026-09-26 16:05:25,628][INFO|database.py-upgrade_schema:285] >> 테이블 'mysafety_entry_value' 생성 중...
[2026-09-26 16:05:25,630][INFO|database.py-upgrade_schema:285] >> 테이블 'mysafety_geocode_cache' 생성 중...
[2026-09-26 16:05:25,632][INFO|database.py-upgrade_schema:285] >> 테이블 'mysafety_raw_content' 생성 중...
[2026-09-26 16:05:25,633][INFO|database.py-upgrade_schema:285] >> 테이블 'mysafety_report_override' 생성 중...
[2026-09-26 16:05:25,635][INFO|database.py-upgrade_schema:285] >> 테이블 'mysafety_sync_meta' 생성 중...
[2026-09-26 16:05:25,636][INFO|database.py-upgrade_schema:285] >> 테이블 'mysafety_watchlist' 생성 중...
[2026-09-26 16:05:25,638][INFO|database.py-upgrade_schema:285] >> 테이블 'mysafetydetail_other' 생성 중...
[2026-09-26 16:05:25,639][INFO|database.py-upgrade_schema:285] >> 테이블 'mysafetydetail_parking' 생성 중...
[2026-09-26 16:05:25,641][INFO|database.py-upgrade_schema:285] >> 테이블 'mysafetydetail_traffic' 생성 중...
[2026-09-26 16:05:25,643][INFO|database.py-upgrade_schema:285] >> 테이블 'mysafetymerge_other' 생성 중...
[2026-09-26 16:05:25,648][INFO|database.py-upgrade_schema:285] >> 테이블 'mysafetymerge_parking' 생성 중...
[2026-09-26 16:05:25,650][INFO|database.py-upgrade_schema:285] >> 테이블 'mysafetymerge_traffic' 생성 중...
[2026-09-26 16:05:25,661][INFO|database.py-_apply_versioned_migrations:452] >> [schema] DB 스키마 버전 1 적용
[2026-09-26 16:05:25,666][INFO|database.py-_apply_versioned_migrations:452] >> [schema] DB 스키마 버전 2 적용
[2026-09-26 16:05:25,668][INFO|database.py-_apply_versioned_migrations:452] >> [schema] DB 스키마 버전 3 적용
[2026-09-26 16:05:25,687][INFO|database.py-_apply_versioned_migrations:452] >> [schema] DB 스키마 버전 4 적용
[2026-09-26 16:05:25,714][INFO|duplicate_group_service.py-_log_info:53] >> [duplicate] payload exact 중복군 0개, 멤버 0건 재생성
[2026-09-26 16:05:25,754][INFO|database.py-backfill_synced_at:100] >> [migration] mysafetydetail_traffic synced_at 백필: 12건, 미해결 0건
[2026-09-26 16:05:25,758][INFO|database.py-backfill_synced_at:100] >> [migration] mysafetydetail_parking synced_at 백필: 6건, 미해결 0건
[2026-09-26 16:05:25,761][INFO|database.py-backfill_synced_at:100] >> [migration] mysafetydetail_other synced_at 백필: 6건, 미해결 0건
[2026-09-26 16:05:25,763][INFO|database.py-backfill_synced_at:105] >> [migration] synced_at 백필 완료: 총 24건 갱신, merge 재생성 시작
[2026-09-26 16:05:25,776][INFO|database.py-merge_final:736] >> 최종 데이터 병합 완료 (Traffic/Parking/Other 분리)
[2026-09-26 16:05:25,802][INFO|duplicate_group_service.py-_log_info:53] >> [duplicate] payload exact 중복군 1개, 멤버 2건 재생성
[2026-09-26 16:05:25,811][INFO|database.py-merge_final:736] >> 최종 데이터 병합 완료 (Traffic/Parking/Other 분리)
[2026-09-26 16:05:25,834][INFO|duplicate_group_service.py-_log_info:53] >> [duplicate] payload exact 중복군 1개, 멤버 2건 재생성
[2026-09-26 16:05:25,988][INFO|maintenance_service.py-repair_car_numbers:135] >> [maintenance] 차량번호 다시 뽑기: 1건
.[2026-09-26 16:05:26,010][INFO|database.py-upgrade_schema:285] >> 테이블 'admin_users' 생성 중...
[2026-09-26 16:05:26,013][INFO|database.py-upgrade_schema:285] >> 테이블 'api_keys' 생성 중...
[2026-09-26 16:05:26,015][INFO|database.py-upgrade_schema:285] >> 테이블 'mysafety' 생성 중...
[2026-09-26 16:05:26,016][INFO|database.py-upgrade_schema:285] >> 테이블 'mysafety_change_cursor' 생성 중...
[2026-09-26 16:05:26,018][INFO|database.py-upgrade_schema:285] >> 테이블 'mysafety_change_log' 생성 중...
[2026-09-26 16:05:26,019][INFO|database.py-upgrade_schema:285] >> 테이블 'mysafety_duplicate_decision' 생성 중...
[2026-09-26 16:05:26,021][INFO|database.py-upgrade_schema:285] >> 테이블 'mysafety_duplicate_group' 생성 중...
[2026-09-26 16:05:26,022][INFO|database.py-upgrade_schema:285] >> 테이블 'mysafety_duplicate_member' 생성 중...
[2026-09-26 16:05:26,023][INFO|database.py-upgrade_schema:285] >> 테이블 'mysafety_entry_value' 생성 중...
[2026-09-26 16:05:26,025][INFO|database.py-upgrade_schema:285] >> 테이블 'mysafety_geocode_cache' 생성 중...
[2026-09-26 16:05:26,029][INFO|database.py-upgrade_schema:285] >> 테이블 'mysafety_raw_content' 생성 중...
[2026-09-26 16:05:26,031][INFO|database.py-upgrade_schema:285] >> 테이블 'mysafety_report_override' 생성 중...
[2026-09-26 16:05:26,037][INFO|database.py-upgrade_schema:285] >> 테이블 'mysafety_sync_meta' 생성 중...
[2026-09-26 16:05:26,042][INFO|database.py-upgrade_schema:285] >> 테이블 'mysafety_watchlist' 생성 중...
[2026-09-26 16:05:26,044][INFO|database.py-upgrade_schema:285] >> 테이블 'mysafetydetail_other' 생성 중...
[2026-09-26 16:05:26,047][INFO|database.py-upgrade_schema:285] >> 테이블 'mysafetydetail_parking' 생성 중...
[2026-09-26 16:05:26,049][INFO|database.py-upgrade_schema:285] >> 테이블 'mysafetydetail_traffic' 생성 중...
[2026-09-26 16:05:26,051][INFO|database.py-upgrade_schema:285] >> 테이블 'mysafetymerge_other' 생성 중...
[2026-09-26 16:05:26,053][INFO|database.py-upgrade_schema:285] >> 테이블 'mysafetymerge_parking' 생성 중...
[2026-09-26 16:05:26,058][INFO|database.py-upgrade_schema:285] >> 테이블 'mysafetymerge_traffic' 생성 중...
[2026-09-26 16:05:26,065][INFO|database.py-_apply_versioned_migrations:452] >> [schema] DB 스키마 버전 1 적용
[2026-09-26 16:05:26,073][INFO|database.py-_apply_versioned_migrations:452] >> [schema] DB 스키마 버전 2 적용
[2026-09-26 16:05:26,078][INFO|database.py-_apply_versioned_migrations:452] >> [schema] DB 스키마 버전 3 적용
[2026-09-26 16:05:26,095][INFO|database.py-_apply_versioned_migrations:452] >> [schema] DB 스키마 버전 4 적용
[2026-09-26 16:05:26,127][INFO|duplicate_group_service.py-_log_info:53] >> [duplicate] payload exact 중복군 0개, 멤버 0건 재생성
[2026-09-26 16:05:26,187][INFO|database.py-backfill_synced_at:100] >> [migration] mysafetydetail_traffic synced_at 백필: 12건, 미해결 0건
[2026-09-26 16:05:26,190][INFO|database.py-backfill_synced_at:100] >> [migration] mysafetydetail_parking synced_at 백필: 6건, 미해결 0건
[2026-09-26 16:05:26,194][INFO|database.py-backfill_synced_at:100] >> [migration] mysafetydetail_other synced_at 백필: 6건, 미해결 0건
[2026-09-26 16:05:26,195][INFO|database.py-backfill_synced_at:105] >> [migration] synced_at 백필 완료: 총 24건 갱신, merge 재생성 시작
[2026-09-26 16:05:26,210][INFO|database.py-merge_final:736] >> 최종 데이터 병합 완료 (Traffic/Parking/Other 분리)
[2026-09-26 16:05:26,242][INFO|duplicate_group_service.py-_log_info:53] >> [duplicate] payload exact 중복군 1개, 멤버 2건 재생성
[2026-09-26 16:05:26,253][INFO|database.py-merge_final:736] >> 최종 데이터 병합 완료 (Traffic/Parking/Other 분리)
[2026-09-26 16:05:26,282][INFO|duplicate_group_service.py-_log_info:53] >> [duplicate] payload exact 중복군 1개, 멤버 2건 재생성
[2026-09-26 16:05:26,416][INFO|maintenance_service.py-start_photo_backfill:95] >> [maintenance] 사진 촬영 시각 한 번 훑기 시작: 3건
[2026-09-26 16:05:26,447][INFO|maintenance_service.py-_run_photo_job:78] >> [maintenance] 사진 촬영 시각 한 번 훑기 끝: 채움 2, 실패 1
[2026-09-26 16:05:26,449][INFO|maintenance_service.py-start_photo_backfill:95] >> [maintenance] 사진 촬영 시각 한 번 훑기 시작: 1건
[2026-09-26 16:05:26,458][INFO|maintenance_service.py-_run_photo_job:78] >> [maintenance] 사진 촬영 시각 한 번 훑기 끝: 채움 1, 실패 0
.[2026-09-26 16:05:26,469][INFO|database.py-upgrade_schema:285] >> 테이블 'admin_users' 생성 중...
[2026-09-26 16:05:26,476][INFO|database.py-upgrade_schema:285] >> 테이블 'api_keys' 생성 중...
[2026-09-26 16:05:26,480][INFO|database.py-upgrade_schema:285] >> 테이블 'mysafety' 생성 중...
[2026-09-26 16:05:26,481][INFO|database.py-upgrade_schema:285] >> 테이블 'mysafety_change_cursor' 생성 중...
[2026-09-26 16:05:26,483][INFO|database.py-upgrade_schema:285] >> 테이블 'mysafety_change_log' 생성 중...
[2026-09-26 16:05:26,484][INFO|database.py-upgrade_schema:285] >> 테이블 'mysafety_duplicate_decision' 생성 중...
[2026-09-26 16:05:26,486][INFO|database.py-upgrade_schema:285] >> 테이블 'mysafety_duplicate_group' 생성 중...
[2026-09-26 16:05:26,491][INFO|database.py-upgrade_schema:285] >> 테이블 'mysafety_duplicate_member' 생성 중...
[2026-09-26 16:05:26,493][INFO|database.py-upgrade_schema:285] >> 테이블 'mysafety_entry_value' 생성 중...
[2026-09-26 16:05:26,494][INFO|database.py-upgrade_schema:285] >> 테이블 'mysafety_geocode_cache' 생성 중...
[2026-09-26 16:05:26,496][INFO|database.py-upgrade_schema:285] >> 테이블 'mysafety_raw_content' 생성 중...
[2026-09-26 16:05:26,505][INFO|database.py-upgrade_schema:285] >> 테이블 'mysafety_report_override' 생성 중...
[2026-09-26 16:05:26,507][INFO|database.py-upgrade_schema:285] >> 테이블 'mysafety_sync_meta' 생성 중...
[2026-09-26 16:05:26,509][INFO|database.py-upgrade_schema:285] >> 테이블 'mysafety_watchlist' 생성 중...
[2026-09-26 16:05:26,511][INFO|database.py-upgrade_schema:285] >> 테이블 'mysafetydetail_other' 생성 중...
[2026-09-26 16:05:26,514][INFO|database.py-upgrade_schema:285] >> 테이블 'mysafetydetail_parking' 생성 중...
[2026-09-26 16:05:26,517][INFO|database.py-upgrade_schema:285] >> 테이블 'mysafetydetail_traffic' 생성 중...
[2026-09-26 16:05:26,525][INFO|database.py-upgrade_schema:285] >> 테이블 'mysafetymerge_other' 생성 중...
[2026-09-26 16:05:26,530][INFO|database.py-upgrade_schema:285] >> 테이블 'mysafetymerge_parking' 생성 중...
[2026-09-26 16:05:26,532][INFO|database.py-upgrade_schema:285] >> 테이블 'mysafetymerge_traffic' 생성 중...
[2026-09-26 16:05:26,536][INFO|database.py-_apply_versioned_migrations:452] >> [schema] DB 스키마 버전 1 적용
[2026-09-26 16:05:26,554][INFO|database.py-_apply_versioned_migrations:452] >> [schema] DB 스키마 버전 2 적용
[2026-09-26 16:05:26,558][INFO|database.py-_apply_versioned_migrations:452] >> [schema] DB 스키마 버전 3 적용
[2026-09-26 16:05:26,574][INFO|database.py-_apply_versioned_migrations:452] >> [schema] DB 스키마 버전 4 적용
[2026-09-26 16:05:26,606][INFO|duplicate_group_service.py-_log_info:53] >> [duplicate] payload exact 중복군 0개, 멤버 0건 재생성
[2026-09-26 16:05:26,644][INFO|database.py-backfill_synced_at:100] >> [migration] mysafetydetail_traffic synced_at 백필: 12건, 미해결 0건
[2026-09-26 16:05:26,648][INFO|database.py-backfill_synced_at:100] >> [migration] mysafetydetail_parking synced_at 백필: 6건, 미해결 0건
[2026-09-26 16:05:26,651][INFO|database.py-backfill_synced_at:100] >> [migration] mysafetydetail_other synced_at 백필: 6건, 미해결 0건
[2026-09-26 16:05:26,652][INFO|database.py-backfill_synced_at:105] >> [migration] synced_at 백필 완료: 총 24건 갱신, merge 재생성 시작
[2026-09-26 16:05:26,664][INFO|database.py-merge_final:736] >> 최종 데이터 병합 완료 (Traffic/Parking/Other 분리)
[2026-09-26 16:05:26,690][INFO|duplicate_group_service.py-_log_info:53] >> [duplicate] payload exact 중복군 1개, 멤버 2건 재생성
[2026-09-26 16:05:26,698][INFO|database.py-merge_final:736] >> 최종 데이터 병합 완료 (Traffic/Parking/Other 분리)
[2026-09-26 16:05:26,723][INFO|duplicate_group_service.py-_log_info:53] >> [duplicate] payload exact 중복군 1개, 멤버 2건 재생성
[2026-09-26 16:05:26,867][INFO|maintenance_service.py-start_photo_backfill:95] >> [maintenance] 사진 촬영 시각 한 번 훑기 시작: 3건
[2026-09-26 16:05:26,915][INFO|maintenance_service.py-_run_photo_job:78] >> [maintenance] 사진 촬영 시각 한 번 훑기 끝: 채움 3, 실패 0
.[2026-09-26 16:05:26,924][INFO|database.py-upgrade_schema:285] >> 테이블 'admin_users' 생성 중...
[2026-09-26 16:05:26,926][INFO|database.py-upgrade_schema:285] >> 테이블 'api_keys' 생성 중...
[2026-09-26 16:05:26,928][INFO|database.py-upgrade_schema:285] >> 테이블 'mysafety' 생성 중...
[2026-09-26 16:05:26,929][INFO|database.py-upgrade_schema:285] >> 테이블 'mysafety_change_cursor' 생성 중...
[2026-09-26 16:05:26,931][INFO|database.py-upgrade_schema:285] >> 테이블 'mysafety_change_log' 생성 중...
[2026-09-26 16:05:26,932][INFO|database.py-upgrade_schema:285] >> 테이블 'mysafety_duplicate_decision' 생성 중...
[2026-09-26 16:05:26,934][INFO|database.py-upgrade_schema:285] >> 테이블 'mysafety_duplicate_group' 생성 중...
[2026-09-26 16:05:26,936][INFO|database.py-upgrade_schema:285] >> 테이블 'mysafety_duplicate_member' 생성 중...
[2026-09-26 16:05:26,937][INFO|database.py-upgrade_schema:285] >> 테이블 'mysafety_entry_value' 생성 중...
[2026-09-26 16:05:26,939][INFO|database.py-upgrade_schema:285] >> 테이블 'mysafety_geocode_cache' 생성 중...
[2026-09-26 16:05:26,940][INFO|database.py-upgrade_schema:285] >> 테이블 'mysafety_raw_content' 생성 중...
[2026-09-26 16:05:26,942][INFO|database.py-upgrade_schema:285] >> 테이블 'mysafety_report_override' 생성 중...
[2026-09-26 16:05:26,944][INFO|database.py-upgrade_schema:285] >> 테이블 'mysafety_sync_meta' 생성 중...
[2026-09-26 16:05:26,946][INFO|database.py-upgrade_schema:285] >> 테이블 'mysafety_watchlist' 생성 중...
[2026-09-26 16:05:26,948][INFO|database.py-upgrade_schema:285] >> 테이블 'mysafetydetail_other' 생성 중...
[2026-09-26 16:05:26,950][INFO|database.py-upgrade_schema:285] >> 테이블 'mysafetydetail_parking' 생성 중...
[2026-09-26 16:05:26,952][INFO|database.py-upgrade_schema:285] >> 테이블 'mysafetydetail_traffic' 생성 중...
[2026-09-26 16:05:26,954][INFO|database.py-upgrade_schema:285] >> 테이블 'mysafetymerge_other' 생성 중...
[2026-09-26 16:05:26,956][INFO|database.py-upgrade_schema:285] >> 테이블 'mysafetymerge_parking' 생성 중...
[2026-09-26 16:05:26,958][INFO|database.py-upgrade_schema:285] >> 테이블 'mysafetymerge_traffic' 생성 중...
[2026-09-26 16:05:26,961][INFO|database.py-_apply_versioned_migrations:452] >> [schema] DB 스키마 버전 1 적용
[2026-09-26 16:05:26,968][INFO|database.py-_apply_versioned_migrations:452] >> [schema] DB 스키마 버전 2 적용
[2026-09-26 16:05:26,970][INFO|database.py-_apply_versioned_migrations:452] >> [schema] DB 스키마 버전 3 적용
[2026-09-26 16:05:26,982][INFO|database.py-_apply_versioned_migrations:452] >> [schema] DB 스키마 버전 4 적용
[2026-09-26 16:05:27,009][INFO|duplicate_group_service.py-_log_info:53] >> [duplicate] payload exact 중복군 0개, 멤버 0건 재생성
[2026-09-26 16:05:27,049][INFO|database.py-backfill_synced_at:100] >> [migration] mysafetydetail_traffic synced_at 백필: 12건, 미해결 0건
[2026-09-26 16:05:27,052][INFO|database.py-backfill_synced_at:100] >> [migration] mysafetydetail_parking synced_at 백필: 6건, 미해결 0건
[2026-09-26 16:05:27,055][INFO|database.py-backfill_synced_at:100] >> [migration] mysafetydetail_other synced_at 백필: 6건, 미해결 0건
[2026-09-26 16:05:27,061][INFO|database.py-backfill_synced_at:105] >> [migration] synced_at 백필 완료: 총 24건 갱신, merge 재생성 시작
[2026-09-26 16:05:27,076][INFO|database.py-merge_final:736] >> 최종 데이터 병합 완료 (Traffic/Parking/Other 분리)
[2026-09-26 16:05:27,114][INFO|duplicate_group_service.py-_log_info:53] >> [duplicate] payload exact 중복군 1개, 멤버 2건 재생성
[2026-09-26 16:05:27,125][INFO|database.py-merge_final:736] >> 최종 데이터 병합 완료 (Traffic/Parking/Other 분리)
[2026-09-26 16:05:27,150][INFO|duplicate_group_service.py-_log_info:53] >> [duplicate] payload exact 중복군 1개, 멤버 2건 재생성
....[2026-09-26 16:05:27,300][WARNING|runtime_mode.py-block_if_fixture:47] >> [fixture] blocked: photo capture fetch
....[2026-09-26 16:05:27,305][INFO|database.py-upgrade_schema:285] >> 테이블 'admin_users' 생성 중...
[2026-09-26 16:05:27,311][INFO|database.py-upgrade_schema:285] >> 테이블 'api_keys' 생성 중...
[2026-09-26 16:05:27,316][INFO|database.py-upgrade_schema:285] >> 테이블 'mysafety' 생성 중...
[2026-09-26 16:05:27,322][INFO|database.py-upgrade_schema:285] >> 테이블 'mysafety_change_cursor' 생성 중...
[2026-09-26 16:05:27,324][INFO|database.py-upgrade_schema:285] >> 테이블 'mysafety_change_log' 생성 중...
[2026-09-26 16:05:27,327][INFO|database.py-upgrade_schema:285] >> 테이블 'mysafety_duplicate_decision' 생성 중...
[2026-09-26 16:05:27,329][INFO|database.py-upgrade_schema:285] >> 테이블 'mysafety_duplicate_group' 생성 중...
[2026-09-26 16:05:27,331][INFO|database.py-upgrade_schema:285] >> 테이블 'mysafety_duplicate_member' 생성 중...
[2026-09-26 16:05:27,333][INFO|database.py-upgrade_schema:285] >> 테이블 'mysafety_entry_value' 생성 중...
[2026-09-26 16:05:27,335][INFO|database.py-upgrade_schema:285] >> 테이블 'mysafety_geocode_cache' 생성 중...
[2026-09-26 16:05:27,337][INFO|database.py-upgrade_schema:285] >> 테이블 'mysafety_raw_content' 생성 중...
[2026-09-26 16:05:27,339][INFO|database.py-upgrade_schema:285] >> 테이블 'mysafety_report_override' 생성 중...
[2026-09-26 16:05:27,341][INFO|database.py-upgrade_schema:285] >> 테이블 'mysafety_sync_meta' 생성 중...
[2026-09-26 16:05:27,349][INFO|database.py-upgrade_schema:285] >> 테이블 'mysafety_watchlist' 생성 중...
[2026-09-26 16:05:27,351][INFO|database.py-upgrade_schema:285] >> 테이블 'mysafetydetail_other' 생성 중...
[2026-09-26 16:05:27,355][INFO|database.py-upgrade_schema:285] >> 테이블 'mysafetydetail_parking' 생성 중...
[2026-09-26 16:05:27,358][INFO|database.py-upgrade_schema:285] >> 테이블 'mysafetydetail_traffic' 생성 중...
[2026-09-26 16:05:27,360][INFO|database.py-upgrade_schema:285] >> 테이블 'mysafetymerge_other' 생성 중...
[2026-09-26 16:05:27,362][INFO|database.py-upgrade_schema:285] >> 테이블 'mysafetymerge_parking' 생성 중...
[2026-09-26 16:05:27,364][INFO|database.py-upgrade_schema:285] >> 테이블 'mysafetymerge_traffic' 생성 중...
[2026-09-26 16:05:27,368][INFO|database.py-_apply_versioned_migrations:452] >> [schema] DB 스키마 버전 1 적용
[2026-09-26 16:05:27,377][INFO|database.py-_apply_versioned_migrations:452] >> [schema] DB 스키마 버전 2 적용
[2026-09-26 16:05:27,379][INFO|database.py-_apply_versioned_migrations:452] >> [schema] DB 스키마 버전 3 적용
[2026-09-26 16:05:27,399][INFO|database.py-_apply_versioned_migrations:452] >> [schema] DB 스키마 버전 4 적용
[2026-09-26 16:05:27,426][INFO|duplicate_group_service.py-_log_info:53] >> [duplicate] payload exact 중복군 0개, 멤버 0건 재생성
[2026-09-26 16:05:27,481][INFO|duplicate_group_service.py-_log_info:53] >> [duplicate] payload exact 중복군 0개, 멤버 0건 재생성
[2026-09-26 16:05:27,489][INFO|database.py-detail_to_sql:723] >> 총 1건 detail 저장 완료. (변경/신규: 1건, 실패: 0건)
[2026-09-26 16:05:27,517][INFO|duplicate_group_service.py-_log_info:53] >> [duplicate] payload exact 중복군 0개, 멤버 0건 재생성
[2026-09-26 16:05:27,519][INFO|database.py-detail_to_sql:723] >> 총 1건 detail 저장 완료. (변경/신규: 0건, 실패: 0건)
.[2026-09-26 16:05:27,528][INFO|database.py-upgrade_schema:285] >> 테이블 'admin_users' 생성 중...
[2026-09-26 16:05:27,531][INFO|database.py-upgrade_schema:285] >> 테이블 'api_keys' 생성 중...
[2026-09-26 16:05:27,532][INFO|database.py-upgrade_schema:285] >> 테이블 'mysafety' 생성 중...
[2026-09-26 16:05:27,534][INFO|database.py-upgrade_schema:285] >> 테이블 'mysafety_change_cursor' 생성 중...
[2026-09-26 16:05:27,535][INFO|database.py-upgrade_schema:285] >> 테이블 'mysafety_change_log' 생성 중...
[2026-09-26 16:05:27,536][INFO|database.py-upgrade_schema:285] >> 테이블 'mysafety_duplicate_decision' 생성 중...
[2026-09-26 16:05:27,538][INFO|database.py-upgrade_schema:285] >> 테이블 'mysafety_duplicate_group' 생성 중...
[2026-09-26 16:05:27,544][INFO|database.py-upgrade_schema:285] >> 테이블 'mysafety_duplicate_member' 생성 중...
[2026-09-26 16:05:27,546][INFO|database.py-upgrade_schema:285] >> 테이블 'mysafety_entry_value' 생성 중...
[2026-09-26 16:05:27,550][INFO|database.py-upgrade_schema:285] >> 테이블 'mysafety_geocode_cache' 생성 중...
[2026-09-26 16:05:27,555][INFO|database.py-upgrade_schema:285] >> 테이블 'mysafety_raw_content' 생성 중...
[2026-09-26 16:05:27,557][INFO|database.py-upgrade_schema:285] >> 테이블 'mysafety_report_override' 생성 중...
[2026-09-26 16:05:27,558][INFO|database.py-upgrade_schema:285] >> 테이블 'mysafety_sync_meta' 생성 중...
[2026-09-26 16:05:27,560][INFO|database.py-upgrade_schema:285] >> 테이블 'mysafety_watchlist' 생성 중...
[2026-09-26 16:05:27,562][INFO|database.py-upgrade_schema:285] >> 테이블 'mysafetydetail_other' 생성 중...
[2026-09-26 16:05:27,563][INFO|database.py-upgrade_schema:285] >> 테이블 'mysafetydetail_parking' 생성 중...
[2026-09-26 16:05:27,565][INFO|database.py-upgrade_schema:285] >> 테이블 'mysafetydetail_traffic' 생성 중...
[2026-09-26 16:05:27,567][INFO|database.py-upgrade_schema:285] >> 테이블 'mysafetymerge_other' 생성 중...
[2026-09-26 16:05:27,569][INFO|database.py-upgrade_schema:285] >> 테이블 'mysafetymerge_parking' 생성 중...
[2026-09-26 16:05:27,571][INFO|database.py-upgrade_schema:285] >> 테이블 'mysafetymerge_traffic' 생성 중...
[2026-09-26 16:05:27,577][INFO|database.py-_apply_versioned_migrations:452] >> [schema] DB 스키마 버전 1 적용
[2026-09-26 16:05:27,587][INFO|database.py-_apply_versioned_migrations:452] >> [schema] DB 스키마 버전 2 적용
[2026-09-26 16:05:27,589][INFO|database.py-_apply_versioned_migrations:452] >> [schema] DB 스키마 버전 3 적용
[2026-09-26 16:05:27,603][INFO|database.py-_apply_versioned_migrations:452] >> [schema] DB 스키마 버전 4 적용
[2026-09-26 16:05:27,629][INFO|duplicate_group_service.py-_log_info:53] >> [duplicate] payload exact 중복군 0개, 멤버 0건 재생성
[2026-09-26 16:05:27,681][INFO|duplicate_group_service.py-_log_info:53] >> [duplicate] payload exact 중복군 0개, 멤버 0건 재생성
[2026-09-26 16:05:27,685][INFO|database.py-detail_to_sql:723] >> 총 1건 detail 저장 완료. (변경/신규: 1건, 실패: 0건)
[2026-09-26 16:05:27,702][INFO|database.py-merge_final:736] >> 최종 데이터 병합 완료 (Traffic/Parking/Other 분리)
[2026-09-26 16:05:27,716][INFO|duplicate_group_service.py-_log_info:53] >> [duplicate] payload exact 중복군 0개, 멤버 0건 재생성
.[2026-09-26 16:05:27,731][INFO|database.py-upgrade_schema:285] >> 테이블 'admin_users' 생성 중...
[2026-09-26 16:05:27,734][INFO|database.py-upgrade_schema:285] >> 테이블 'api_keys' 생성 중...
[2026-09-26 16:05:27,735][INFO|database.py-upgrade_schema:285] >> 테이블 'mysafety' 생성 중...
[2026-09-26 16:05:27,736][INFO|database.py-upgrade_schema:285] >> 테이블 'mysafety_change_cursor' 생성 중...
[2026-09-26 16:05:27,738][INFO|database.py-upgrade_schema:285] >> 테이블 'mysafety_change_log' 생성 중...
[2026-09-26 16:05:27,740][INFO|database.py-upgrade_schema:285] >> 테이블 'mysafety_duplicate_decision' 생성 중...
[2026-09-26 16:05:27,744][INFO|database.py-upgrade_schema:285] >> 테이블 'mysafety_duplicate_group' 생성 중...
[2026-09-26 16:05:27,746][INFO|database.py-upgrade_schema:285] >> 테이블 'mysafety_duplicate_member' 생성 중...
[2026-09-26 16:05:27,748][INFO|database.py-upgrade_schema:285] >> 테이블 'mysafety_entry_value' 생성 중...
[2026-09-26 16:05:27,751][INFO|database.py-upgrade_schema:285] >> 테이블 'mysafety_geocode_cache' 생성 중...
[2026-09-26 16:05:27,755][INFO|database.py-upgrade_schema:285] >> 테이블 'mysafety_raw_content' 생성 중...
[2026-09-26 16:05:27,757][INFO|database.py-upgrade_schema:285] >> 테이블 'mysafety_report_override' 생성 중...
[2026-09-26 16:05:27,759][INFO|database.py-upgrade_schema:285] >> 테이블 'mysafety_sync_meta' 생성 중...
[2026-09-26 16:05:27,760][INFO|database.py-upgrade_schema:285] >> 테이블 'mysafety_watchlist' 생성 중...
[2026-09-26 16:05:27,761][INFO|database.py-upgrade_schema:285] >> 테이블 'mysafetydetail_other' 생성 중...
[2026-09-26 16:05:27,763][INFO|database.py-upgrade_schema:285] >> 테이블 'mysafetydetail_parking' 생성 중...
[2026-09-26 16:05:27,765][INFO|database.py-upgrade_schema:285] >> 테이블 'mysafetydetail_traffic' 생성 중...
[2026-09-26 16:05:27,767][INFO|database.py-upgrade_schema:285] >> 테이블 'mysafetymerge_other' 생성 중...
[2026-09-26 16:05:27,769][INFO|database.py-upgrade_schema:285] >> 테이블 'mysafetymerge_parking' 생성 중...
[2026-09-26 16:05:27,771][INFO|database.py-upgrade_schema:285] >> 테이블 'mysafetymerge_traffic' 생성 중...
[2026-09-26 16:05:27,777][INFO|database.py-_apply_versioned_migrations:452] >> [schema] DB 스키마 버전 1 적용
[2026-09-26 16:05:27,788][INFO|database.py-_apply_versioned_migrations:452] >> [schema] DB 스키마 버전 2 적용
[2026-09-26 16:05:27,790][INFO|database.py-_apply_versioned_migrations:452] >> [schema] DB 스키마 버전 3 적용
[2026-09-26 16:05:27,802][INFO|database.py-_apply_versioned_migrations:452] >> [schema] DB 스키마 버전 4 적용
[2026-09-26 16:05:27,830][INFO|duplicate_group_service.py-_log_info:53] >> [duplicate] payload exact 중복군 0개, 멤버 0건 재생성
[2026-09-26 16:05:27,882][INFO|duplicate_group_service.py-_log_info:53] >> [duplicate] payload exact 중복군 0개, 멤버 0건 재생성
[2026-09-26 16:05:27,884][INFO|database.py-detail_to_sql:723] >> 총 1건 detail 저장 완료. (변경/신규: 1건, 실패: 0건)
....[2026-09-26 16:05:27,896][INFO|database.py-upgrade_schema:285] >> 테이블 'admin_users' 생성 중...
[2026-09-26 16:05:27,900][INFO|database.py-upgrade_schema:285] >> 테이블 'api_keys' 생성 중...
[2026-09-26 16:05:27,901][INFO|database.py-upgrade_schema:285] >> 테이블 'mysafety' 생성 중...
[2026-09-26 16:05:27,903][INFO|database.py-upgrade_schema:285] >> 테이블 'mysafety_change_cursor' 생성 중...
[2026-09-26 16:05:27,905][INFO|database.py-upgrade_schema:285] >> 테이블 'mysafety_change_log' 생성 중...
[2026-09-26 16:05:27,909][INFO|database.py-upgrade_schema:285] >> 테이블 'mysafety_duplicate_decision' 생성 중...
[2026-09-26 16:05:27,911][INFO|database.py-upgrade_schema:285] >> 테이블 'mysafety_duplicate_group' 생성 중...
[2026-09-26 16:05:27,913][INFO|database.py-upgrade_schema:285] >> 테이블 'mysafety_duplicate_member' 생성 중...
[2026-09-26 16:05:27,920][INFO|database.py-upgrade_schema:285] >> 테이블 'mysafety_entry_value' 생성 중...
[2026-09-26 16:05:27,922][INFO|database.py-upgrade_schema:285] >> 테이블 'mysafety_geocode_cache' 생성 중...
[2026-09-26 16:05:27,923][INFO|database.py-upgrade_schema:285] >> 테이블 'mysafety_raw_content' 생성 중...
[2026-09-26 16:05:27,925][INFO|database.py-upgrade_schema:285] >> 테이블 'mysafety_report_override' 생성 중...
[2026-09-26 16:05:27,926][INFO|database.py-upgrade_schema:285] >> 테이블 'mysafety_sync_meta' 생성 중...
[2026-09-26 16:05:27,928][INFO|database.py-upgrade_schema:285] >> 테이블 'mysafety_watchlist' 생성 중...
[2026-09-26 16:05:27,929][INFO|database.py-upgrade_schema:285] >> 테이블 'mysafetydetail_other' 생성 중...
[2026-09-26 16:05:27,931][WARNING|database.py-upgrade_schema:304] >> 'mysafetydetail_parking' 테이블에 '차량번호' 컬럼을 추가합니다.
[2026-09-26 16:05:27,933][WARNING|database.py-upgrade_schema:304] >> 'mysafetydetail_parking' 테이블에 '위반법규' 컬럼을 추가합니다.
[2026-09-26 16:05:27,934][WARNING|database.py-upgrade_schema:304] >> 'mysafetydetail_parking' 테이블에 '범칙금_과태료' 컬럼을 추가합니다.
[2026-09-26 16:05:27,936][WARNING|database.py-upgrade_schema:304] >> 'mysafetydetail_parking' 테이블에 '벌점' 컬럼을 추가합니다.
[2026-09-26 16:05:27,937][WARNING|database.py-upgrade_schema:304] >> 'mysafetydetail_parking' 테이블에 '처리기관' 컬럼을 추가합니다.
[2026-09-26 16:05:27,938][WARNING|database.py-upgrade_schema:304] >> 'mysafetydetail_parking' 테이블에 '담당자' 컬럼을 추가합니다.
[2026-09-26 16:05:27,943][WARNING|database.py-upgrade_schema:304] >> 'mysafetydetail_parking' 테이블에 '답변일' 컬럼을 추가합니다.
[2026-09-26 16:05:27,945][WARNING|database.py-upgrade_schema:304] >> 'mysafetydetail_parking' 테이블에 '발생일자' 컬럼을 추가합니다.
[2026-09-26 16:05:27,953][WARNING|database.py-upgrade_schema:304] >> 'mysafetydetail_parking' 테이블에 '발생시각' 컬럼을 추가합니다.
[2026-09-26 16:05:27,955][WARNING|database.py-upgrade_schema:304] >> 'mysafetydetail_parking' 테이블에 '위반장소' 컬럼을 추가합니다.
[2026-09-26 16:05:27,956][WARNING|database.py-upgrade_schema:304] >> 'mysafetydetail_parking' 테이블에 '주소정규화' 컬럼을 추가합니다.
[2026-09-26 16:05:27,958][WARNING|database.py-upgrade_schema:304] >> 'mysafetydetail_parking' 테이블에 '행정구역' 컬럼을 추가합니다.
[2026-09-26 16:05:27,959][WARNING|database.py-upgrade_schema:304] >> 'mysafetydetail_parking' 테이블에 '위도' 컬럼을 추가합니다.
[2026-09-26 16:05:27,961][WARNING|database.py-upgrade_schema:304] >> 'mysafetydetail_parking' 테이블에 '경도' 컬럼을 추가합니다.
[2026-09-26 16:05:27,963][WARNING|database.py-upgrade_schema:304] >> 'mysafetydetail_parking' 테이블에 '지오코딩상태' 컬럼을 추가합니다.
[2026-09-26 16:05:27,965][WARNING|database.py-upgrade_schema:304] >> 'mysafetydetail_parking' 테이블에 '종결여부' 컬럼을 추가합니다.
[2026-09-26 16:05:27,967][WARNING|database.py-upgrade_schema:304] >> 'mysafetydetail_parking' 테이블에 '신고내용' 컬럼을 추가합니다.
[2026-09-26 16:05:27,968][WARNING|database.py-upgrade_schema:304] >> 'mysafetydetail_parking' 테이블에 '처리내용' 컬럼을 추가합니다.
[2026-09-26 16:05:27,970][WARNING|database.py-upgrade_schema:304] >> 'mysafetydetail_parking' 테이블에 '지도' 컬럼을 추가합니다.
[2026-09-26 16:05:27,972][WARNING|database.py-upgrade_schema:304] >> 'mysafetydetail_parking' 테이블에 '첨부사진' 컬럼을 추가합니다.
[2026-09-26 16:05:27,977][WARNING|database.py-upgrade_schema:304] >> 'mysafetydetail_parking' 테이블에 '첨부파일' 컬럼을 추가합니다.
[2026-09-26 16:05:27,979][WARNING|database.py-upgrade_schema:304] >> 'mysafetydetail_parking' 테이블에 'synced_at' 컬럼을 추가합니다.
[2026-09-26 16:05:27,987][WARNING|database.py-upgrade_schema:304] >> 'mysafetydetail_parking' 테이블에 '보완횟수' 컬럼을 추가합니다.
[2026-09-26 16:05:27,990][WARNING|database.py-upgrade_schema:304] >> 'mysafetydetail_parking' 테이블에 '보완_미응답' 컬럼을 추가합니다.
[2026-09-26 16:05:27,992][WARNING|database.py-upgrade_schema:304] >> 'mysafetydetail_parking' 테이블에 '보완_요청자' 컬럼을 추가합니다.
[2026-09-26 16:05:27,993][WARNING|database.py-upgrade_schema:304] >> 'mysafetydetail_parking' 테이블에 '보완_요청일시' 컬럼을 추가합니다.
[2026-09-26 16:05:27,995][WARNING|database.py-upgrade_schema:304] >> 'mysafetydetail_parking' 테이블에 '보완_완료일시' 컬럼을 추가합니다.
[2026-09-26 16:05:27,997][WARNING|database.py-upgrade_schema:304] >> 'mysafetydetail_parking' 테이블에 '보완_요청_내용' 컬럼을 추가합니다.
[2026-09-26 16:05:27,998][WARNING|database.py-upgrade_schema:304] >> 'mysafetydetail_parking' 테이블에 '보완_신고자_의견' 컬럼을 추가합니다.
[2026-09-26 16:05:28,000][WARNING|database.py-upgrade_schema:304] >> 'mysafetydetail_parking' 테이블에 '사진_첫촬영' 컬럼을 추가합니다.
[2026-09-26 16:05:28,001][WARNING|database.py-upgrade_schema:304] >> 'mysafetydetail_parking' 테이블에 '사진_끝촬영' 컬럼을 추가합니다.
[2026-09-26 16:05:28,003][WARNING|database.py-upgrade_schema:304] >> 'mysafetydetail_parking' 테이블에 '사진_촬영수' 컬럼을 추가합니다.
[2026-09-26 16:05:28,005][INFO|database.py-upgrade_schema:285] >> 테이블 'mysafetydetail_traffic' 생성 중...
[2026-09-26 16:05:28,007][INFO|database.py-upgrade_schema:285] >> 테이블 'mysafetymerge_other' 생성 중...
[2026-09-26 16:05:28,010][INFO|database.py-upgrade_schema:285] >> 테이블 'mysafetymerge_parking' 생성 중...
[2026-09-26 16:05:28,012][INFO|database.py-upgrade_schema:285] >> 테이블 'mysafetymerge_traffic' 생성 중...
[2026-09-26 16:05:28,021][INFO|database.py-_apply_versioned_migrations:452] >> [schema] DB 스키마 버전 1 적용
[2026-09-26 16:05:28,027][INFO|database.py-_apply_versioned_migrations:452] >> [schema] DB 스키마 버전 2 적용
[2026-09-26 16:05:28,029][INFO|database.py-_apply_versioned_migrations:452] >> [schema] DB 스키마 버전 3 적용
[2026-09-26 16:05:28,044][INFO|database.py-_apply_versioned_migrations:452] >> [schema] DB 스키마 버전 4 적용
[2026-09-26 16:05:28,073][INFO|duplicate_group_service.py-_log_info:53] >> [duplicate] payload exact 중복군 0개, 멤버 0건 재생성
.......[2026-09-26 16:05:28,099][INFO|database.py-upgrade_schema:285] >> 테이블 'admin_users' 생성 중...
[2026-09-26 16:05:28,102][INFO|database.py-upgrade_schema:285] >> 테이블 'api_keys' 생성 중...
[2026-09-26 16:05:28,104][INFO|database.py-upgrade_schema:285] >> 테이블 'mysafety' 생성 중...
[2026-09-26 16:05:28,106][INFO|database.py-upgrade_schema:285] >> 테이블 'mysafety_change_cursor' 생성 중...
[2026-09-26 16:05:28,108][INFO|database.py-upgrade_schema:285] >> 테이블 'mysafety_change_log' 생성 중...
[2026-09-26 16:05:28,113][INFO|database.py-upgrade_schema:285] >> 테이블 'mysafety_duplicate_decision' 생성 중...
[2026-09-26 16:05:28,115][INFO|database.py-upgrade_schema:285] >> 테이블 'mysafety_duplicate_group' 생성 중...
[2026-09-26 16:05:28,116][INFO|database.py-upgrade_schema:285] >> 테이블 'mysafety_duplicate_member' 생성 중...
[2026-09-26 16:05:28,125][INFO|database.py-upgrade_schema:285] >> 테이블 'mysafety_entry_value' 생성 중...
[2026-09-26 16:05:28,127][INFO|database.py-upgrade_schema:285] >> 테이블 'mysafety_geocode_cache' 생성 중...
[2026-09-26 16:05:28,128][INFO|database.py-upgrade_schema:285] >> 테이블 'mysafety_raw_content' 생성 중...
[2026-09-26 16:05:28,130][INFO|database.py-upgrade_schema:285] >> 테이블 'mysafety_report_override' 생성 중...
[2026-09-26 16:05:28,131][INFO|database.py-upgrade_schema:285] >> 테이블 'mysafety_sync_meta' 생성 중...
[2026-09-26 16:05:28,133][INFO|database.py-upgrade_schema:285] >> 테이블 'mysafety_watchlist' 생성 중...
[2026-09-26 16:05:28,134][INFO|database.py-upgrade_schema:285] >> 테이블 'mysafetydetail_other' 생성 중...
[2026-09-26 16:05:28,136][INFO|database.py-upgrade_schema:285] >> 테이블 'mysafetydetail_parking' 생성 중...
[2026-09-26 16:05:28,141][INFO|database.py-upgrade_schema:285] >> 테이블 'mysafetydetail_traffic' 생성 중...
[2026-09-26 16:05:28,144][INFO|database.py-upgrade_schema:285] >> 테이블 'mysafetymerge_other' 생성 중...
[2026-09-26 16:05:28,149][INFO|database.py-upgrade_schema:285] >> 테이블 'mysafetymerge_parking' 생성 중...
[2026-09-26 16:05:28,151][INFO|database.py-upgrade_schema:285] >> 테이블 'mysafetymerge_traffic' 생성 중...
[2026-09-26 16:05:28,155][INFO|database.py-_apply_versioned_migrations:452] >> [schema] DB 스키마 버전 1 적용
[2026-09-26 16:05:28,169][INFO|database.py-_apply_versioned_migrations:452] >> [schema] DB 스키마 버전 2 적용
[2026-09-26 16:05:28,174][INFO|database.py-_apply_versioned_migrations:452] >> [schema] DB 스키마 버전 3 적용
[2026-09-26 16:05:28,194][INFO|database.py-_apply_versioned_migrations:452] >> [schema] DB 스키마 버전 4 적용
[2026-09-26 16:05:28,221][INFO|duplicate_group_service.py-_log_info:53] >> [duplicate] payload exact 중복군 0개, 멤버 0건 재생성
[2026-09-26 16:05:28,258][INFO|database.py-backfill_synced_at:100] >> [migration] mysafetydetail_traffic synced_at 백필: 12건, 미해결 0건
[2026-09-26 16:05:28,262][INFO|database.py-backfill_synced_at:100] >> [migration] mysafetydetail_parking synced_at 백필: 6건, 미해결 0건
[2026-09-26 16:05:28,266][INFO|database.py-backfill_synced_at:100] >> [migration] mysafetydetail_other synced_at 백필: 6건, 미해결 0건
[2026-09-26 16:05:28,268][INFO|database.py-backfill_synced_at:105] >> [migration] synced_at 백필 완료: 총 24건 갱신, merge 재생성 시작
[2026-09-26 16:05:28,281][INFO|database.py-merge_final:736] >> 최종 데이터 병합 완료 (Traffic/Parking/Other 분리)
[2026-09-26 16:05:28,312][INFO|duplicate_group_service.py-_log_info:53] >> [duplicate] payload exact 중복군 1개, 멤버 2건 재생성
[2026-09-26 16:05:28,327][INFO|database.py-merge_final:736] >> 최종 데이터 병합 완료 (Traffic/Parking/Other 분리)
[2026-09-26 16:05:28,355][INFO|duplicate_group_service.py-_log_info:53] >> [duplicate] payload exact 중복군 1개, 멤버 2건 재생성
..................[2026-09-26 16:05:28,581][INFO|database.py-upgrade_schema:285] >> 테이블 'admin_users' 생성 중...
[2026-09-26 16:05:28,585][INFO|database.py-upgrade_schema:285] >> 테이블 'api_keys' 생성 중...
[2026-09-26 16:05:28,586][INFO|database.py-upgrade_schema:285] >> 테이블 'mysafety' 생성 중...
[2026-09-26 16:05:28,588][INFO|database.py-upgrade_schema:285] >> 테이블 'mysafety_change_cursor' 생성 중...
[2026-09-26 16:05:28,589][INFO|database.py-upgrade_schema:285] >> 테이블 'mysafety_change_log' 생성 중...
[2026-09-26 16:05:28,591][INFO|database.py-upgrade_schema:285] >> 테이블 'mysafety_duplicate_decision' 생성 중...
[2026-09-26 16:05:28,592][INFO|database.py-upgrade_schema:285] >> 테이블 'mysafety_duplicate_group' 생성 중...
[2026-09-26 16:05:28,597][INFO|database.py-upgrade_schema:285] >> 테이블 'mysafety_duplicate_member' 생성 중...
[2026-09-26 16:05:28,599][INFO|database.py-upgrade_schema:285] >> 테이블 'mysafety_entry_value' 생성 중...
[2026-09-26 16:05:28,603][INFO|database.py-upgrade_schema:285] >> 테이블 'mysafety_geocode_cache' 생성 중...
[2026-09-26 16:05:28,606][INFO|database.py-upgrade_schema:285] >> 테이블 'mysafety_raw_content' 생성 중...
[2026-09-26 16:05:28,608][INFO|database.py-upgrade_schema:285] >> 테이블 'mysafety_report_override' 생성 중...
[2026-09-26 16:05:28,610][INFO|database.py-upgrade_schema:285] >> 테이블 'mysafety_sync_meta' 생성 중...
[2026-09-26 16:05:28,611][INFO|database.py-upgrade_schema:285] >> 테이블 'mysafety_watchlist' 생성 중...
[2026-09-26 16:05:28,613][INFO|database.py-upgrade_schema:285] >> 테이블 'mysafetydetail_other' 생성 중...
[2026-09-26 16:05:28,615][INFO|database.py-upgrade_schema:285] >> 테이블 'mysafetydetail_parking' 생성 중...
[2026-09-26 16:05:28,616][INFO|database.py-upgrade_schema:285] >> 테이블 'mysafetydetail_traffic' 생성 중...
[2026-09-26 16:05:28,618][INFO|database.py-upgrade_schema:285] >> 테이블 'mysafetymerge_other' 생성 중...
[2026-09-26 16:05:28,620][INFO|database.py-upgrade_schema:285] >> 테이블 'mysafetymerge_parking' 생성 중...
[2026-09-26 16:05:28,622][INFO|database.py-upgrade_schema:285] >> 테이블 'mysafetymerge_traffic' 생성 중...
[2026-09-26 16:05:28,630][INFO|database.py-_apply_versioned_migrations:452] >> [schema] DB 스키마 버전 1 적용
[2026-09-26 16:05:28,637][INFO|database.py-_apply_versioned_migrations:452] >> [schema] DB 스키마 버전 2 적용
[2026-09-26 16:05:28,640][INFO|database.py-_apply_versioned_migrations:452] >> [schema] DB 스키마 버전 3 적용
[2026-09-26 16:05:28,653][INFO|database.py-_apply_versioned_migrations:452] >> [schema] DB 스키마 버전 4 적용
[2026-09-26 16:05:28,688][INFO|duplicate_group_service.py-_log_info:53] >> [duplicate] payload exact 중복군 0개, 멤버 0건 재생성
[2026-09-26 16:05:28,695][WARNING|start.py-_prepare_database:63] >> --reset 옵션이 사용되어 크롤링 데이터 테이블을 초기화합니다.
[2026-09-26 16:05:28,695][INFO|start.py-_prepare_database:82] >> --reset에서도 mysafety_geocode_cache는 유지합니다. 재크롤링 시 같은 주소는 캐시 좌표를 재사용합니다.
[2026-09-26 16:05:28,722][INFO|database.py-upgrade_schema:285] >> 테이블 'mysafety' 생성 중...
[2026-09-26 16:05:28,725][INFO|database.py-upgrade_schema:285] >> 테이블 'mysafety_duplicate_group' 생성 중...
[2026-09-26 16:05:28,726][INFO|database.py-upgrade_schema:285] >> 테이블 'mysafety_duplicate_member' 생성 중...
[2026-09-26 16:05:28,728][INFO|database.py-upgrade_schema:285] >> 테이블 'mysafety_entry_value' 생성 중...
[2026-09-26 16:05:28,730][INFO|database.py-upgrade_schema:285] >> 테이블 'mysafety_raw_content' 생성 중...
[2026-09-26 16:05:28,735][INFO|database.py-upgrade_schema:285] >> 테이블 'mysafetydetail_other' 생성 중...
[2026-09-26 16:05:28,742][INFO|database.py-upgrade_schema:285] >> 테이블 'mysafetydetail_parking' 생성 중...
[2026-09-26 16:05:28,745][INFO|database.py-upgrade_schema:285] >> 테이블 'mysafetydetail_traffic' 생성 중...
[2026-09-26 16:05:28,747][INFO|database.py-upgrade_schema:285] >> 테이블 'mysafetymerge_other' 생성 중...
[2026-09-26 16:05:28,749][INFO|database.py-upgrade_schema:285] >> 테이블 'mysafetymerge_parking' 생성 중...
[2026-09-26 16:05:28,751][INFO|database.py-upgrade_schema:285] >> 테이블 'mysafetymerge_traffic' 생성 중...
.[2026-09-26 16:05:28,768][INFO|database.py-upgrade_schema:285] >> 테이블 'admin_users' 생성 중...
[2026-09-26 16:05:28,776][INFO|database.py-upgrade_schema:285] >> 테이블 'api_keys' 생성 중...
[2026-09-26 16:05:28,778][INFO|database.py-upgrade_schema:285] >> 테이블 'mysafety' 생성 중...
[2026-09-26 16:05:28,780][INFO|database.py-upgrade_schema:285] >> 테이블 'mysafety_change_cursor' 생성 중...
[2026-09-26 16:05:28,781][INFO|database.py-upgrade_schema:285] >> 테이블 'mysafety_change_log' 생성 중...
[2026-09-26 16:05:28,783][INFO|database.py-upgrade_schema:285] >> 테이블 'mysafety_duplicate_decision' 생성 중...
[2026-09-26 16:05:28,784][INFO|database.py-upgrade_schema:285] >> 테이블 'mysafety_duplicate_group' 생성 중...
[2026-09-26 16:05:28,786][INFO|database.py-upgrade_schema:285] >> 테이블 'mysafety_duplicate_member' 생성 중...
[2026-09-26 16:05:28,787][INFO|database.py-upgrade_schema:285] >> 테이블 'mysafety_entry_value' 생성 중...
[2026-09-26 16:05:28,789][INFO|database.py-upgrade_schema:285] >> 테이블 'mysafety_geocode_cache' 생성 중...
[2026-09-26 16:05:28,790][INFO|database.py-upgrade_schema:285] >> 테이블 'mysafety_raw_content' 생성 중...
[2026-09-26 16:05:28,792][INFO|database.py-upgrade_schema:285] >> 테이블 'mysafety_report_override' 생성 중...
[2026-09-26 16:05:28,793][INFO|database.py-upgrade_schema:285] >> 테이블 'mysafety_sync_meta' 생성 중...
[2026-09-26 16:05:28,794][INFO|database.py-upgrade_schema:285] >> 테이블 'mysafety_watchlist' 생성 중...
[2026-09-26 16:05:28,796][INFO|database.py-upgrade_schema:285] >> 테이블 'mysafetydetail_other' 생성 중...
[2026-09-26 16:05:28,800][INFO|database.py-upgrade_schema:285] >> 테이블 'mysafetydetail_parking' 생성 중...
[2026-09-26 16:05:28,802][INFO|database.py-upgrade_schema:285] >> 테이블 'mysafetydetail_traffic' 생성 중...
[2026-09-26 16:05:28,804][INFO|database.py-upgrade_schema:285] >> 테이블 'mysafetymerge_other' 생성 중...
[2026-09-26 16:05:28,811][INFO|database.py-upgrade_schema:285] >> 테이블 'mysafetymerge_parking' 생성 중...
[2026-09-26 16:05:28,814][INFO|database.py-upgrade_schema:285] >> 테이블 'mysafetymerge_traffic' 생성 중...
[2026-09-26 16:05:28,817][INFO|database.py-_apply_versioned_migrations:452] >> [schema] DB 스키마 버전 1 적용
[2026-09-26 16:05:28,823][INFO|database.py-_apply_versioned_migrations:452] >> [schema] DB 스키마 버전 2 적용
[2026-09-26 16:05:28,825][INFO|database.py-_apply_versioned_migrations:452] >> [schema] DB 스키마 버전 3 적용
[2026-09-26 16:05:28,848][INFO|database.py-_apply_versioned_migrations:452] >> [schema] DB 스키마 버전 4 적용
[2026-09-26 16:05:28,881][INFO|duplicate_group_service.py-_log_info:53] >> [duplicate] payload exact 중복군 0개, 멤버 0건 재생성
[2026-09-26 16:05:28,916][INFO|database.py-backfill_synced_at:100] >> [migration] mysafetydetail_traffic synced_at 백필: 12건, 미해결 0건
[2026-09-26 16:05:28,919][INFO|database.py-backfill_synced_at:100] >> [migration] mysafetydetail_parking synced_at 백필: 6건, 미해결 0건
[2026-09-26 16:05:28,922][INFO|database.py-backfill_synced_at:100] >> [migration] mysafetydetail_other synced_at 백필: 6건, 미해결 0건
[2026-09-26 16:05:28,924][INFO|database.py-backfill_synced_at:105] >> [migration] synced_at 백필 완료: 총 24건 갱신, merge 재생성 시작
[2026-09-26 16:05:28,935][INFO|database.py-merge_final:736] >> 최종 데이터 병합 완료 (Traffic/Parking/Other 분리)
[2026-09-26 16:05:28,958][INFO|duplicate_group_service.py-_log_info:53] >> [duplicate] payload exact 중복군 1개, 멤버 2건 재생성
[2026-09-26 16:05:28,964][INFO|database.py-merge_final:736] >> 최종 데이터 병합 완료 (Traffic/Parking/Other 분리)
[2026-09-26 16:05:28,988][INFO|duplicate_group_service.py-_log_info:53] >> [duplicate] payload exact 중복군 1개, 멤버 2건 재생성
........[2026-09-26 16:05:30,436][INFO|database.py-upgrade_schema:285] >> 테이블 'admin_users' 생성 중...
[2026-09-26 16:05:30,441][INFO|database.py-upgrade_schema:285] >> 테이블 'api_keys' 생성 중...
[2026-09-26 16:05:30,443][INFO|database.py-upgrade_schema:285] >> 테이블 'mysafety' 생성 중...
[2026-09-26 16:05:30,444][INFO|database.py-upgrade_schema:285] >> 테이블 'mysafety_change_cursor' 생성 중...
[2026-09-26 16:05:30,446][INFO|database.py-upgrade_schema:285] >> 테이블 'mysafety_change_log' 생성 중...
[2026-09-26 16:05:30,447][INFO|database.py-upgrade_schema:285] >> 테이블 'mysafety_duplicate_decision' 생성 중...
[2026-09-26 16:05:30,449][INFO|database.py-upgrade_schema:285] >> 테이블 'mysafety_duplicate_group' 생성 중...
[2026-09-26 16:05:30,450][INFO|database.py-upgrade_schema:285] >> 테이블 'mysafety_duplicate_member' 생성 중...
[2026-09-26 16:05:30,452][INFO|database.py-upgrade_schema:285] >> 테이블 'mysafety_entry_value' 생성 중...
[2026-09-26 16:05:30,454][INFO|database.py-upgrade_schema:285] >> 테이블 'mysafety_geocode_cache' 생성 중...
[2026-09-26 16:05:30,455][INFO|database.py-upgrade_schema:285] >> 테이블 'mysafety_raw_content' 생성 중...
[2026-09-26 16:05:30,457][INFO|database.py-upgrade_schema:285] >> 테이블 'mysafety_report_override' 생성 중...
[2026-09-26 16:05:30,462][INFO|database.py-upgrade_schema:285] >> 테이블 'mysafety_sync_meta' 생성 중...
[2026-09-26 16:05:30,464][INFO|database.py-upgrade_schema:285] >> 테이블 'mysafety_watchlist' 생성 중...
[2026-09-26 16:05:30,465][INFO|database.py-upgrade_schema:285] >> 테이블 'mysafetydetail_other' 생성 중...
[2026-09-26 16:05:30,467][INFO|database.py-upgrade_schema:285] >> 테이블 'mysafetydetail_parking' 생성 중...
[2026-09-26 16:05:30,473][INFO|database.py-upgrade_schema:285] >> 테이블 'mysafetydetail_traffic' 생성 중...
[2026-09-26 16:05:30,476][INFO|database.py-upgrade_schema:285] >> 테이블 'mysafetymerge_other' 생성 중...
[2026-09-26 16:05:30,478][INFO|database.py-upgrade_schema:285] >> 테이블 'mysafetymerge_parking' 생성 중...
[2026-09-26 16:05:30,481][INFO|database.py-upgrade_schema:285] >> 테이블 'mysafetymerge_traffic' 생성 중...
[2026-09-26 16:05:30,485][INFO|database.py-_apply_versioned_migrations:452] >> [schema] DB 스키마 버전 1 적용
[2026-09-26 16:05:30,490][INFO|database.py-_apply_versioned_migrations:452] >> [schema] DB 스키마 버전 2 적용
[2026-09-26 16:05:30,493][INFO|database.py-_apply_versioned_migrations:452] >> [schema] DB 스키마 버전 3 적용
[2026-09-26 16:05:30,509][INFO|database.py-_apply_versioned_migrations:452] >> [schema] DB 스키마 버전 4 적용
[2026-09-26 16:05:30,540][INFO|duplicate_group_service.py-_log_info:53] >> [duplicate] payload exact 중복군 0개, 멤버 0건 재생성
[2026-09-26 16:05:30,581][INFO|database.py-backfill_synced_at:100] >> [migration] mysafetydetail_traffic synced_at 백필: 12건, 미해결 0건
[2026-09-26 16:05:30,584][INFO|database.py-backfill_synced_at:100] >> [migration] mysafetydetail_parking synced_at 백필: 6건, 미해결 0건
[2026-09-26 16:05:30,588][INFO|database.py-backfill_synced_at:100] >> [migration] mysafetydetail_other synced_at 백필: 6건, 미해결 0건
[2026-09-26 16:05:30,589][INFO|database.py-backfill_synced_at:105] >> [migration] synced_at 백필 완료: 총 24건 갱신, merge 재생성 시작
[2026-09-26 16:05:30,607][INFO|database.py-merge_final:736] >> 최종 데이터 병합 완료 (Traffic/Parking/Other 분리)
[2026-09-26 16:05:30,633][INFO|duplicate_group_service.py-_log_info:53] >> [duplicate] payload exact 중복군 1개, 멤버 2건 재생성
[2026-09-26 16:05:30,644][INFO|database.py-merge_final:736] >> 최종 데이터 병합 완료 (Traffic/Parking/Other 분리)
[2026-09-26 16:05:30,667][INFO|duplicate_group_service.py-_log_info:53] >> [duplicate] payload exact 중복군 1개, 멤버 2건 재생성
.[2026-09-26 16:05:31,137][INFO|database.py-upgrade_schema:285] >> 테이블 'admin_users' 생성 중...
[2026-09-26 16:05:31,140][INFO|database.py-upgrade_schema:285] >> 테이블 'api_keys' 생성 중...
[2026-09-26 16:05:31,141][INFO|database.py-upgrade_schema:285] >> 테이블 'mysafety' 생성 중...
[2026-09-26 16:05:31,143][INFO|database.py-upgrade_schema:285] >> 테이블 'mysafety_change_cursor' 생성 중...
[2026-09-26 16:05:31,145][INFO|database.py-upgrade_schema:285] >> 테이블 'mysafety_change_log' 생성 중...
[2026-09-26 16:05:31,148][INFO|database.py-upgrade_schema:285] >> 테이블 'mysafety_duplicate_decision' 생성 중...
[2026-09-26 16:05:31,150][INFO|database.py-upgrade_schema:285] >> 테이블 'mysafety_duplicate_group' 생성 중...
[2026-09-26 16:05:31,152][INFO|database.py-upgrade_schema:285] >> 테이블 'mysafety_duplicate_member' 생성 중...
[2026-09-26 16:05:31,155][INFO|database.py-upgrade_schema:285] >> 테이블 'mysafety_entry_value' 생성 중...
[2026-09-26 16:05:31,159][INFO|database.py-upgrade_schema:285] >> 테이블 'mysafety_geocode_cache' 생성 중...
[2026-09-26 16:05:31,165][INFO|database.py-upgrade_schema:285] >> 테이블 'mysafety_raw_content' 생성 중...
[2026-09-26 16:05:31,167][INFO|database.py-upgrade_schema:285] >> 테이블 'mysafety_report_override' 생성 중...
[2026-09-26 16:05:31,168][INFO|database.py-upgrade_schema:285] >> 테이블 'mysafety_sync_meta' 생성 중...
[2026-09-26 16:05:31,170][INFO|database.py-upgrade_schema:285] >> 테이블 'mysafety_watchlist' 생성 중...
[2026-09-26 16:05:31,171][INFO|database.py-upgrade_schema:285] >> 테이블 'mysafetydetail_other' 생성 중...
[2026-09-26 16:05:31,173][INFO|database.py-upgrade_schema:285] >> 테이블 'mysafetydetail_parking' 생성 중...
[2026-09-26 16:05:31,177][INFO|database.py-upgrade_schema:285] >> 테이블 'mysafetydetail_traffic' 생성 중...
[2026-09-26 16:05:31,179][INFO|database.py-upgrade_schema:285] >> 테이블 'mysafetymerge_other' 생성 중...
[2026-09-26 16:05:31,184][INFO|database.py-upgrade_schema:285] >> 테이블 'mysafetymerge_parking' 생성 중...
[2026-09-26 16:05:31,186][INFO|database.py-upgrade_schema:285] >> 테이블 'mysafetymerge_traffic' 생성 중...
[2026-09-26 16:05:31,192][INFO|database.py-_apply_versioned_migrations:452] >> [schema] DB 스키마 버전 1 적용
[2026-09-26 16:05:31,201][INFO|database.py-_apply_versioned_migrations:452] >> [schema] DB 스키마 버전 2 적용
[2026-09-26 16:05:31,204][INFO|database.py-_apply_versioned_migrations:452] >> [schema] DB 스키마 버전 3 적용
[2026-09-26 16:05:31,229][INFO|database.py-_apply_versioned_migrations:452] >> [schema] DB 스키마 버전 4 적용
[2026-09-26 16:05:31,265][INFO|duplicate_group_service.py-_log_info:53] >> [duplicate] payload exact 중복군 0개, 멤버 0건 재생성
[2026-09-26 16:05:31,308][INFO|database.py-backfill_synced_at:100] >> [migration] mysafetydetail_traffic synced_at 백필: 12건, 미해결 0건
[2026-09-26 16:05:31,312][INFO|database.py-backfill_synced_at:100] >> [migration] mysafetydetail_parking synced_at 백필: 6건, 미해결 0건
[2026-09-26 16:05:31,317][INFO|database.py-backfill_synced_at:100] >> [migration] mysafetydetail_other synced_at 백필: 6건, 미해결 0건
[2026-09-26 16:05:31,321][INFO|database.py-backfill_synced_at:105] >> [migration] synced_at 백필 완료: 총 24건 갱신, merge 재생성 시작
[2026-09-26 16:05:31,344][INFO|database.py-merge_final:736] >> 최종 데이터 병합 완료 (Traffic/Parking/Other 분리)
[2026-09-26 16:05:31,368][INFO|duplicate_group_service.py-_log_info:53] >> [duplicate] payload exact 중복군 1개, 멤버 2건 재생성
[2026-09-26 16:05:31,377][INFO|database.py-merge_final:736] >> 최종 데이터 병합 완료 (Traffic/Parking/Other 분리)
[2026-09-26 16:05:31,401][INFO|duplicate_group_service.py-_log_info:53] >> [duplicate] payload exact 중복군 1개, 멤버 2건 재생성
.[2026-09-26 16:05:32,103][INFO|database.py-upgrade_schema:285] >> 테이블 'admin_users' 생성 중...
[2026-09-26 16:05:32,107][INFO|database.py-upgrade_schema:285] >> 테이블 'api_keys' 생성 중...
[2026-09-26 16:05:32,108][INFO|database.py-upgrade_schema:285] >> 테이블 'mysafety' 생성 중...
[2026-09-26 16:05:32,110][INFO|database.py-upgrade_schema:285] >> 테이블 'mysafety_change_cursor' 생성 중...
[2026-09-26 16:05:32,111][INFO|database.py-upgrade_schema:285] >> 테이블 'mysafety_change_log' 생성 중...
[2026-09-26 16:05:32,115][INFO|database.py-upgrade_schema:285] >> 테이블 'mysafety_duplicate_decision' 생성 중...
[2026-09-26 16:05:32,117][INFO|database.py-upgrade_schema:285] >> 테이블 'mysafety_duplicate_group' 생성 중...
[2026-09-26 16:05:32,123][INFO|database.py-upgrade_schema:285] >> 테이블 'mysafety_duplicate_member' 생성 중...
[2026-09-26 16:05:32,125][INFO|database.py-upgrade_schema:285] >> 테이블 'mysafety_entry_value' 생성 중...
[2026-09-26 16:05:32,127][INFO|database.py-upgrade_schema:285] >> 테이블 'mysafety_geocode_cache' 생성 중...
[2026-09-26 16:05:32,128][INFO|database.py-upgrade_schema:285] >> 테이블 'mysafety_raw_content' 생성 중...
[2026-09-26 16:05:32,130][INFO|database.py-upgrade_schema:285] >> 테이블 'mysafety_report_override' 생성 중...
[2026-09-26 16:05:32,132][INFO|database.py-upgrade_schema:285] >> 테이블 'mysafety_sync_meta' 생성 중...
[2026-09-26 16:05:32,134][INFO|database.py-upgrade_schema:285] >> 테이블 'mysafety_watchlist' 생성 중...
[2026-09-26 16:05:32,135][INFO|database.py-upgrade_schema:285] >> 테이블 'mysafetydetail_other' 생성 중...
[2026-09-26 16:05:32,137][INFO|database.py-upgrade_schema:285] >> 테이블 'mysafetydetail_parking' 생성 중...
[2026-09-26 16:05:32,139][INFO|database.py-upgrade_schema:285] >> 테이블 'mysafetydetail_traffic' 생성 중...
[2026-09-26 16:05:32,144][INFO|database.py-upgrade_schema:285] >> 테이블 'mysafetymerge_other' 생성 중...
[2026-09-26 16:05:32,147][INFO|database.py-upgrade_schema:285] >> 테이블 'mysafetymerge_parking' 생성 중...
[2026-09-26 16:05:32,155][INFO|database.py-upgrade_schema:285] >> 테이블 'mysafetymerge_traffic' 생성 중...
[2026-09-26 16:05:32,159][INFO|database.py-_apply_versioned_migrations:452] >> [schema] DB 스키마 버전 1 적용
[2026-09-26 16:05:32,166][INFO|database.py-_apply_versioned_migrations:452] >> [schema] DB 스키마 버전 2 적용
[2026-09-26 16:05:32,167][INFO|database.py-_apply_versioned_migrations:452] >> [schema] DB 스키마 버전 3 적용
[2026-09-26 16:05:32,188][INFO|database.py-_apply_versioned_migrations:452] >> [schema] DB 스키마 버전 4 적용
.[2026-09-26 16:05:32,224][INFO|database.py-upgrade_schema:285] >> 테이블 'admin_users' 생성 중...
[2026-09-26 16:05:32,231][INFO|database.py-upgrade_schema:285] >> 테이블 'api_keys' 생성 중...
[2026-09-26 16:05:32,232][INFO|database.py-upgrade_schema:285] >> 테이블 'mysafety' 생성 중...
[2026-09-26 16:05:32,239][INFO|database.py-upgrade_schema:285] >> 테이블 'mysafety_change_cursor' 생성 중...
[2026-09-26 16:05:32,242][INFO|database.py-upgrade_schema:285] >> 테이블 'mysafety_change_log' 생성 중...
[2026-09-26 16:05:32,244][INFO|database.py-upgrade_schema:285] >> 테이블 'mysafety_duplicate_decision' 생성 중...
[2026-09-26 16:05:32,246][INFO|database.py-upgrade_schema:285] >> 테이블 'mysafety_duplicate_group' 생성 중...
[2026-09-26 16:05:32,248][INFO|database.py-upgrade_schema:285] >> 테이블 'mysafety_duplicate_member' 생성 중...
[2026-09-26 16:05:32,250][INFO|database.py-upgrade_schema:285] >> 테이블 'mysafety_entry_value' 생성 중...
[2026-09-26 16:05:32,251][INFO|database.py-upgrade_schema:285] >> 테이블 'mysafety_geocode_cache' 생성 중...
[2026-09-26 16:05:32,253][INFO|database.py-upgrade_schema:285] >> 테이블 'mysafety_raw_content' 생성 중...
[2026-09-26 16:05:32,254][INFO|database.py-upgrade_schema:285] >> 테이블 'mysafety_report_override' 생성 중...
[2026-09-26 16:05:32,256][INFO|database.py-upgrade_schema:285] >> 테이블 'mysafety_sync_meta' 생성 중...
[2026-09-26 16:05:32,258][INFO|database.py-upgrade_schema:285] >> 테이블 'mysafety_watchlist' 생성 중...
[2026-09-26 16:05:32,259][INFO|database.py-upgrade_schema:285] >> 테이블 'mysafetydetail_other' 생성 중...
[2026-09-26 16:05:32,264][INFO|database.py-upgrade_schema:285] >> 테이블 'mysafetydetail_parking' 생성 중...
[2026-09-26 16:05:32,267][INFO|database.py-upgrade_schema:285] >> 테이블 'mysafetydetail_traffic' 생성 중...
[2026-09-26 16:05:32,272][INFO|database.py-upgrade_schema:285] >> 테이블 'mysafetymerge_other' 생성 중...
[2026-09-26 16:05:32,275][INFO|database.py-upgrade_schema:285] >> 테이블 'mysafetymerge_parking' 생성 중...
[2026-09-26 16:05:32,277][INFO|database.py-upgrade_schema:285] >> 테이블 'mysafetymerge_traffic' 생성 중...
[2026-09-26 16:05:32,281][INFO|database.py-_apply_versioned_migrations:452] >> [schema] DB 스키마 버전 1 적용
[2026-09-26 16:05:32,286][INFO|database.py-_apply_versioned_migrations:452] >> [schema] DB 스키마 버전 2 적용
[2026-09-26 16:05:32,288][INFO|database.py-_apply_versioned_migrations:452] >> [schema] DB 스키마 버전 3 적용
[2026-09-26 16:05:32,307][INFO|database.py-_apply_versioned_migrations:452] >> [schema] DB 스키마 버전 4 적용
.[2026-09-26 16:05:32,334][INFO|database.py-upgrade_schema:285] >> 테이블 'admin_users' 생성 중...
[2026-09-26 16:05:32,344][INFO|database.py-upgrade_schema:285] >> 테이블 'api_keys' 생성 중...
[2026-09-26 16:05:32,346][INFO|database.py-upgrade_schema:285] >> 테이블 'mysafety' 생성 중...
[2026-09-26 16:05:32,348][INFO|database.py-upgrade_schema:285] >> 테이블 'mysafety_change_cursor' 생성 중...
[2026-09-26 16:05:32,349][INFO|database.py-upgrade_schema:285] >> 테이블 'mysafety_change_log' 생성 중...
[2026-09-26 16:05:32,351][INFO|database.py-upgrade_schema:285] >> 테이블 'mysafety_duplicate_decision' 생성 중...
[2026-09-26 16:05:32,353][INFO|database.py-upgrade_schema:285] >> 테이블 'mysafety_duplicate_group' 생성 중...
[2026-09-26 16:05:32,355][INFO|database.py-upgrade_schema:285] >> 테이블 'mysafety_duplicate_member' 생성 중...
[2026-09-26 16:05:32,356][INFO|database.py-upgrade_schema:285] >> 테이블 'mysafety_entry_value' 생성 중...
[2026-09-26 16:05:32,358][INFO|database.py-upgrade_schema:285] >> 테이블 'mysafety_geocode_cache' 생성 중...
[2026-09-26 16:05:32,359][INFO|database.py-upgrade_schema:285] >> 테이블 'mysafety_raw_content' 생성 중...
[2026-09-26 16:05:32,364][INFO|database.py-upgrade_schema:285] >> 테이블 'mysafety_report_override' 생성 중...
[2026-09-26 16:05:32,366][INFO|database.py-upgrade_schema:285] >> 테이블 'mysafety_sync_meta' 생성 중...
[2026-09-26 16:05:32,368][INFO|database.py-upgrade_schema:285] >> 테이블 'mysafety_watchlist' 생성 중...
[2026-09-26 16:05:32,370][INFO|database.py-upgrade_schema:285] >> 테이블 'mysafetydetail_other' 생성 중...
[2026-09-26 16:05:32,374][INFO|database.py-upgrade_schema:285] >> 테이블 'mysafetydetail_parking' 생성 중...
[2026-09-26 16:05:32,377][INFO|database.py-upgrade_schema:285] >> 테이블 'mysafetydetail_traffic' 생성 중...
[2026-09-26 16:05:32,379][INFO|database.py-upgrade_schema:285] >> 테이블 'mysafetymerge_other' 생성 중...
[2026-09-26 16:05:32,382][INFO|database.py-upgrade_schema:285] >> 테이블 'mysafetymerge_parking' 생성 중...
[2026-09-26 16:05:32,384][INFO|database.py-upgrade_schema:285] >> 테이블 'mysafetymerge_traffic' 생성 중...
[2026-09-26 16:05:32,391][INFO|database.py-_apply_versioned_migrations:452] >> [schema] DB 스키마 버전 1 적용
[2026-09-26 16:05:32,400][INFO|database.py-_apply_versioned_migrations:452] >> [schema] DB 스키마 버전 2 적용
[2026-09-26 16:05:32,403][INFO|database.py-_apply_versioned_migrations:452] >> [schema] DB 스키마 버전 3 적용
[2026-09-26 16:05:32,422][INFO|database.py-_apply_versioned_migrations:452] >> [schema] DB 스키마 버전 4 적용
.[2026-09-26 16:05:32,455][INFO|database.py-upgrade_schema:285] >> 테이블 'admin_users' 생성 중...
[2026-09-26 16:05:32,458][INFO|database.py-upgrade_schema:285] >> 테이블 'api_keys' 생성 중...
[2026-09-26 16:05:32,464][INFO|database.py-upgrade_schema:285] >> 테이블 'mysafety' 생성 중...
[2026-09-26 16:05:32,466][INFO|database.py-upgrade_schema:285] >> 테이블 'mysafety_change_cursor' 생성 중...
[2026-09-26 16:05:32,473][INFO|database.py-upgrade_schema:285] >> 테이블 'mysafety_change_log' 생성 중...
[2026-09-26 16:05:32,475][INFO|database.py-upgrade_schema:285] >> 테이블 'mysafety_duplicate_decision' 생성 중...
[2026-09-26 16:05:32,478][INFO|database.py-upgrade_schema:285] >> 테이블 'mysafety_duplicate_group' 생성 중...
[2026-09-26 16:05:32,480][INFO|database.py-upgrade_schema:285] >> 테이블 'mysafety_duplicate_member' 생성 중...
[2026-09-26 16:05:32,481][INFO|database.py-upgrade_schema:285] >> 테이블 'mysafety_entry_value' 생성 중...
[2026-09-26 16:05:32,483][INFO|database.py-upgrade_schema:285] >> 테이블 'mysafety_geocode_cache' 생성 중...
[2026-09-26 16:05:32,484][INFO|database.py-upgrade_schema:285] >> 테이블 'mysafety_raw_content' 생성 중...
[2026-09-26 16:05:32,486][INFO|database.py-upgrade_schema:285] >> 테이블 'mysafety_report_override' 생성 중...
[2026-09-26 16:05:32,487][INFO|database.py-upgrade_schema:285] >> 테이블 'mysafety_sync_meta' 생성 중...
[2026-09-26 16:05:32,489][INFO|database.py-upgrade_schema:285] >> 테이블 'mysafety_watchlist' 생성 중...
[2026-09-26 16:05:32,490][INFO|database.py-upgrade_schema:285] >> 테이블 'mysafetydetail_other' 생성 중...
[2026-09-26 16:05:32,496][INFO|database.py-upgrade_schema:285] >> 테이블 'mysafetydetail_parking' 생성 중...
[2026-09-26 16:05:32,498][INFO|database.py-upgrade_schema:285] >> 테이블 'mysafetydetail_traffic' 생성 중...
[2026-09-26 16:05:32,506][INFO|database.py-upgrade_schema:285] >> 테이블 'mysafetymerge_other' 생성 중...
[2026-09-26 16:05:32,509][INFO|database.py-upgrade_schema:285] >> 테이블 'mysafetymerge_parking' 생성 중...
[2026-09-26 16:05:32,511][INFO|database.py-upgrade_schema:285] >> 테이블 'mysafetymerge_traffic' 생성 중...
[2026-09-26 16:05:32,515][INFO|database.py-_apply_versioned_migrations:452] >> [schema] DB 스키마 버전 1 적용
[2026-09-26 16:05:32,520][INFO|database.py-_apply_versioned_migrations:452] >> [schema] DB 스키마 버전 2 적용
[2026-09-26 16:05:32,522][INFO|database.py-_apply_versioned_migrations:452] >> [schema] DB 스키마 버전 3 적용
[2026-09-26 16:05:32,545][INFO|database.py-_apply_versioned_migrations:452] >> [schema] DB 스키마 버전 4 적용
.[2026-09-26 16:05:32,579][INFO|database.py-upgrade_schema:285] >> 테이블 'admin_users' 생성 중...
[2026-09-26 16:05:32,582][INFO|database.py-upgrade_schema:285] >> 테이블 'api_keys' 생성 중...
[2026-09-26 16:05:32,584][INFO|database.py-upgrade_schema:285] >> 테이블 'mysafety' 생성 중...
[2026-09-26 16:05:32,585][INFO|database.py-upgrade_schema:285] >> 테이블 'mysafety_change_cursor' 생성 중...
[2026-09-26 16:05:32,587][INFO|database.py-upgrade_schema:285] >> 테이블 'mysafety_change_log' 생성 중...
[2026-09-26 16:05:32,588][INFO|database.py-upgrade_schema:285] >> 테이블 'mysafety_duplicate_decision' 생성 중...
[2026-09-26 16:05:32,590][INFO|database.py-upgrade_schema:285] >> 테이블 'mysafety_duplicate_group' 생성 중...
[2026-09-26 16:05:32,591][INFO|database.py-upgrade_schema:285] >> 테이블 'mysafety_duplicate_member' 생성 중...
[2026-09-26 16:05:32,593][INFO|database.py-upgrade_schema:285] >> 테이블 'mysafety_entry_value' 생성 중...
[2026-09-26 16:05:32,597][INFO|database.py-upgrade_schema:285] >> 테이블 'mysafety_geocode_cache' 생성 중...
[2026-09-26 16:05:32,599][INFO|database.py-upgrade_schema:285] >> 테이블 'mysafety_raw_content' 생성 중...
[2026-09-26 16:05:32,605][INFO|database.py-upgrade_schema:285] >> 테이블 'mysafety_report_override' 생성 중...
[2026-09-26 16:05:32,608][INFO|database.py-upgrade_schema:285] >> 테이블 'mysafety_sync_meta' 생성 중...
[2026-09-26 16:05:32,610][INFO|database.py-upgrade_schema:285] >> 테이블 'mysafety_watchlist' 생성 중...
[2026-09-26 16:05:32,612][INFO|database.py-upgrade_schema:285] >> 테이블 'mysafetydetail_other' 생성 중...
[2026-09-26 16:05:32,613][INFO|database.py-upgrade_schema:285] >> 테이블 'mysafetydetail_parking' 생성 중...
[2026-09-26 16:05:32,615][INFO|database.py-upgrade_schema:285] >> 테이블 'mysafetydetail_traffic' 생성 중...
[2026-09-26 16:05:32,617][INFO|database.py-upgrade_schema:285] >> 테이블 'mysafetymerge_other' 생성 중...
[2026-09-26 16:05:32,620][INFO|database.py-upgrade_schema:285] >> 테이블 'mysafetymerge_parking' 생성 중...
[2026-09-26 16:05:32,621][INFO|database.py-upgrade_schema:285] >> 테이블 'mysafetymerge_traffic' 생성 중...
[2026-09-26 16:05:32,625][INFO|database.py-_apply_versioned_migrations:452] >> [schema] DB 스키마 버전 1 적용
[2026-09-26 16:05:32,638][INFO|database.py-_apply_versioned_migrations:452] >> [schema] DB 스키마 버전 2 적용
[2026-09-26 16:05:32,640][INFO|database.py-_apply_versioned_migrations:452] >> [schema] DB 스키마 버전 3 적용
[2026-09-26 16:05:32,651][INFO|database.py-_apply_versioned_migrations:452] >> [schema] DB 스키마 버전 4 적용
[2026-09-26 16:05:32,680][INFO|duplicate_group_service.py-_log_info:53] >> [duplicate] payload exact 중복군 0개, 멤버 0건 재생성
[2026-09-26 16:05:32,712][INFO|database.py-backfill_synced_at:100] >> [migration] mysafetydetail_traffic synced_at 백필: 12건, 미해결 0건
[2026-09-26 16:05:32,716][INFO|database.py-backfill_synced_at:100] >> [migration] mysafetydetail_parking synced_at 백필: 6건, 미해결 0건
[2026-09-26 16:05:32,719][INFO|database.py-backfill_synced_at:100] >> [migration] mysafetydetail_other synced_at 백필: 6건, 미해결 0건
[2026-09-26 16:05:32,721][INFO|database.py-backfill_synced_at:105] >> [migration] synced_at 백필 완료: 총 24건 갱신, merge 재생성 시작
[2026-09-26 16:05:32,733][INFO|database.py-merge_final:736] >> 최종 데이터 병합 완료 (Traffic/Parking/Other 분리)
[2026-09-26 16:05:32,757][INFO|duplicate_group_service.py-_log_info:53] >> [duplicate] payload exact 중복군 1개, 멤버 2건 재생성
[2026-09-26 16:05:32,772][INFO|database.py-merge_final:736] >> 최종 데이터 병합 완료 (Traffic/Parking/Other 분리)
[2026-09-26 16:05:32,798][INFO|duplicate_group_service.py-_log_info:53] >> [duplicate] payload exact 중복군 1개, 멤버 2건 재생성
.[2026-09-26 16:05:32,946][INFO|database.py-upgrade_schema:285] >> 테이블 'admin_users' 생성 중...
[2026-09-26 16:05:32,949][INFO|database.py-upgrade_schema:285] >> 테이블 'api_keys' 생성 중...
[2026-09-26 16:05:32,950][INFO|database.py-upgrade_schema:285] >> 테이블 'mysafety' 생성 중...
[2026-09-26 16:05:32,952][INFO|database.py-upgrade_schema:285] >> 테이블 'mysafety_change_cursor' 생성 중...
[2026-09-26 16:05:32,953][INFO|database.py-upgrade_schema:285] >> 테이블 'mysafety_change_log' 생성 중...
[2026-09-26 16:05:32,954][INFO|database.py-upgrade_schema:285] >> 테이블 'mysafety_duplicate_decision' 생성 중...
[2026-09-26 16:05:32,956][INFO|database.py-upgrade_schema:285] >> 테이블 'mysafety_duplicate_group' 생성 중...
[2026-09-26 16:05:32,957][INFO|database.py-upgrade_schema:285] >> 테이블 'mysafety_duplicate_member' 생성 중...
[2026-09-26 16:05:32,958][INFO|database.py-upgrade_schema:285] >> 테이블 'mysafety_entry_value' 생성 중...
[2026-09-26 16:05:32,960][INFO|database.py-upgrade_schema:285] >> 테이블 'mysafety_geocode_cache' 생성 중...
[2026-09-26 16:05:32,961][INFO|database.py-upgrade_schema:285] >> 테이블 'mysafety_raw_content' 생성 중...
[2026-09-26 16:05:32,963][INFO|database.py-upgrade_schema:285] >> 테이블 'mysafety_report_override' 생성 중...
[2026-09-26 16:05:32,965][INFO|database.py-upgrade_schema:285] >> 테이블 'mysafety_sync_meta' 생성 중...
[2026-09-26 16:05:32,966][INFO|database.py-upgrade_schema:285] >> 테이블 'mysafety_watchlist' 생성 중...
[2026-09-26 16:05:32,968][INFO|database.py-upgrade_schema:285] >> 테이블 'mysafetydetail_other' 생성 중...
[2026-09-26 16:05:32,969][INFO|database.py-upgrade_schema:285] >> 테이블 'mysafetydetail_parking' 생성 중...
[2026-09-26 16:05:32,971][INFO|database.py-upgrade_schema:285] >> 테이블 'mysafetydetail_traffic' 생성 중...
[2026-09-26 16:05:32,972][INFO|database.py-upgrade_schema:285] >> 테이블 'mysafetymerge_other' 생성 중...
[2026-09-26 16:05:32,974][INFO|database.py-upgrade_schema:285] >> 테이블 'mysafetymerge_parking' 생성 중...
[2026-09-26 16:05:32,976][INFO|database.py-upgrade_schema:285] >> 테이블 'mysafetymerge_traffic' 생성 중...
[2026-09-26 16:05:32,979][INFO|database.py-_apply_versioned_migrations:452] >> [schema] DB 스키마 버전 1 적용
[2026-09-26 16:05:32,984][INFO|database.py-_apply_versioned_migrations:452] >> [schema] DB 스키마 버전 2 적용
[2026-09-26 16:05:32,986][INFO|database.py-_apply_versioned_migrations:452] >> [schema] DB 스키마 버전 3 적용
[2026-09-26 16:05:32,996][INFO|database.py-_apply_versioned_migrations:452] >> [schema] DB 스키마 버전 4 적용
......[2026-09-26 16:05:33,006][INFO|database.py-upgrade_schema:285] >> 테이블 'admin_users' 생성 중...
[2026-09-26 16:05:33,008][INFO|database.py-upgrade_schema:285] >> 테이블 'api_keys' 생성 중...
[2026-09-26 16:05:33,010][INFO|database.py-upgrade_schema:285] >> 테이블 'mysafety' 생성 중...
[2026-09-26 16:05:33,012][INFO|database.py-upgrade_schema:285] >> 테이블 'mysafety_change_cursor' 생성 중...
[2026-09-26 16:05:33,013][INFO|database.py-upgrade_schema:285] >> 테이블 'mysafety_change_log' 생성 중...
[2026-09-26 16:05:33,015][INFO|database.py-upgrade_schema:285] >> 테이블 'mysafety_duplicate_decision' 생성 중...
[2026-09-26 16:05:33,016][INFO|database.py-upgrade_schema:285] >> 테이블 'mysafety_duplicate_group' 생성 중...
[2026-09-26 16:05:33,018][INFO|database.py-upgrade_schema:285] >> 테이블 'mysafety_duplicate_member' 생성 중...
[2026-09-26 16:05:33,019][INFO|database.py-upgrade_schema:285] >> 테이블 'mysafety_entry_value' 생성 중...
[2026-09-26 16:05:33,021][INFO|database.py-upgrade_schema:285] >> 테이블 'mysafety_geocode_cache' 생성 중...
[2026-09-26 16:05:33,022][INFO|database.py-upgrade_schema:285] >> 테이블 'mysafety_raw_content' 생성 중...
[2026-09-26 16:05:33,024][INFO|database.py-upgrade_schema:285] >> 테이블 'mysafety_report_override' 생성 중...
[2026-09-26 16:05:33,026][INFO|database.py-upgrade_schema:285] >> 테이블 'mysafety_sync_meta' 생성 중...
[2026-09-26 16:05:33,027][INFO|database.py-upgrade_schema:285] >> 테이블 'mysafety_watchlist' 생성 중...
[2026-09-26 16:05:33,028][INFO|database.py-upgrade_schema:285] >> 테이블 'mysafetydetail_other' 생성 중...
[2026-09-26 16:05:33,030][INFO|database.py-upgrade_schema:285] >> 테이블 'mysafetydetail_parking' 생성 중...
[2026-09-26 16:05:33,032][INFO|database.py-upgrade_schema:285] >> 테이블 'mysafetydetail_traffic' 생성 중...
[2026-09-26 16:05:33,033][INFO|database.py-upgrade_schema:285] >> 테이블 'mysafetymerge_other' 생성 중...
[2026-09-26 16:05:33,035][INFO|database.py-upgrade_schema:285] >> 테이블 'mysafetymerge_parking' 생성 중...
[2026-09-26 16:05:33,037][INFO|database.py-upgrade_schema:285] >> 테이블 'mysafetymerge_traffic' 생성 중...
[2026-09-26 16:05:33,040][INFO|database.py-_apply_versioned_migrations:452] >> [schema] DB 스키마 버전 1 적용
[2026-09-26 16:05:33,050][INFO|database.py-_apply_versioned_migrations:452] >> [schema] DB 스키마 버전 2 적용
[2026-09-26 16:05:33,052][INFO|database.py-_apply_versioned_migrations:452] >> [schema] DB 스키마 버전 3 적용
[2026-09-26 16:05:33,073][INFO|database.py-_apply_versioned_migrations:452] >> [schema] DB 스키마 버전 4 적용
[2026-09-26 16:05:33,101][INFO|duplicate_group_service.py-_log_info:53] >> [duplicate] payload exact 중복군 0개, 멤버 0건 재생성
[2026-09-26 16:05:33,136][INFO|database.py-backfill_synced_at:100] >> [migration] mysafetydetail_traffic synced_at 백필: 12건, 미해결 0건
[2026-09-26 16:05:33,139][INFO|database.py-backfill_synced_at:100] >> [migration] mysafetydetail_parking synced_at 백필: 6건, 미해결 0건
[2026-09-26 16:05:33,143][INFO|database.py-backfill_synced_at:100] >> [migration] mysafetydetail_other synced_at 백필: 6건, 미해결 0건
[2026-09-26 16:05:33,149][INFO|database.py-backfill_synced_at:105] >> [migration] synced_at 백필 완료: 총 24건 갱신, merge 재생성 시작
[2026-09-26 16:05:33,166][INFO|database.py-merge_final:736] >> 최종 데이터 병합 완료 (Traffic/Parking/Other 분리)
[2026-09-26 16:05:33,202][INFO|duplicate_group_service.py-_log_info:53] >> [duplicate] payload exact 중복군 1개, 멤버 2건 재생성
[2026-09-26 16:05:33,211][INFO|database.py-merge_final:736] >> 최종 데이터 병합 완료 (Traffic/Parking/Other 분리)
[2026-09-26 16:05:33,235][INFO|duplicate_group_service.py-_log_info:53] >> [duplicate] payload exact 중복군 1개, 멤버 2건 재생성
.[2026-09-26 16:05:33,392][INFO|database.py-upgrade_schema:285] >> 테이블 'admin_users' 생성 중...
[2026-09-26 16:05:33,396][INFO|database.py-upgrade_schema:285] >> 테이블 'api_keys' 생성 중...
[2026-09-26 16:05:33,398][INFO|database.py-upgrade_schema:285] >> 테이블 'mysafety' 생성 중...
[2026-09-26 16:05:33,400][INFO|database.py-upgrade_schema:285] >> 테이블 'mysafety_change_cursor' 생성 중...
[2026-09-26 16:05:33,402][INFO|database.py-upgrade_schema:285] >> 테이블 'mysafety_change_log' 생성 중...
[2026-09-26 16:05:33,403][INFO|database.py-upgrade_schema:285] >> 테이블 'mysafety_duplicate_decision' 생성 중...
[2026-09-26 16:05:33,405][INFO|database.py-upgrade_schema:285] >> 테이블 'mysafety_duplicate_group' 생성 중...
[2026-09-26 16:05:33,407][INFO|database.py-upgrade_schema:285] >> 테이블 'mysafety_duplicate_member' 생성 중...
[2026-09-26 16:05:33,410][INFO|database.py-upgrade_schema:285] >> 테이블 'mysafety_entry_value' 생성 중...
[2026-09-26 16:05:33,411][INFO|database.py-upgrade_schema:285] >> 테이블 'mysafety_geocode_cache' 생성 중...
[2026-09-26 16:05:33,414][INFO|database.py-upgrade_schema:285] >> 테이블 'mysafety_raw_content' 생성 중...
[2026-09-26 16:05:33,423][INFO|database.py-upgrade_schema:285] >> 테이블 'mysafety_report_override' 생성 중...
[2026-09-26 16:05:33,426][INFO|database.py-upgrade_schema:285] >> 테이블 'mysafety_sync_meta' 생성 중...
[2026-09-26 16:05:33,429][INFO|database.py-upgrade_schema:285] >> 테이블 'mysafety_watchlist' 생성 중...
[2026-09-26 16:05:33,430][INFO|database.py-upgrade_schema:285] >> 테이블 'mysafetydetail_other' 생성 중...
[2026-09-26 16:05:33,432][INFO|database.py-upgrade_schema:285] >> 테이블 'mysafetydetail_parking' 생성 중...
[2026-09-26 16:05:33,434][INFO|database.py-upgrade_schema:285] >> 테이블 'mysafetydetail_traffic' 생성 중...
[2026-09-26 16:05:33,436][INFO|database.py-upgrade_schema:285] >> 테이블 'mysafetymerge_other' 생성 중...
[2026-09-26 16:05:33,438][INFO|database.py-upgrade_schema:285] >> 테이블 'mysafetymerge_parking' 생성 중...
[2026-09-26 16:05:33,440][INFO|database.py-upgrade_schema:285] >> 테이블 'mysafetymerge_traffic' 생성 중...
[2026-09-26 16:05:33,447][INFO|database.py-_apply_versioned_migrations:452] >> [schema] DB 스키마 버전 1 적용
[2026-09-26 16:05:33,456][INFO|database.py-_apply_versioned_migrations:452] >> [schema] DB 스키마 버전 2 적용
[2026-09-26 16:05:33,459][INFO|database.py-_apply_versioned_migrations:452] >> [schema] DB 스키마 버전 3 적용
[2026-09-26 16:05:33,473][INFO|database.py-_apply_versioned_migrations:452] >> [schema] DB 스키마 버전 4 적용
[2026-09-26 16:05:33,500][INFO|duplicate_group_service.py-_log_info:53] >> [duplicate] payload exact 중복군 0개, 멤버 0건 재생성
[2026-09-26 16:05:33,534][INFO|database.py-backfill_synced_at:100] >> [migration] mysafetydetail_traffic synced_at 백필: 12건, 미해결 0건
[2026-09-26 16:05:33,537][INFO|database.py-backfill_synced_at:100] >> [migration] mysafetydetail_parking synced_at 백필: 6건, 미해결 0건
[2026-09-26 16:05:33,541][INFO|database.py-backfill_synced_at:100] >> [migration] mysafetydetail_other synced_at 백필: 6건, 미해결 0건
[2026-09-26 16:05:33,545][INFO|database.py-backfill_synced_at:105] >> [migration] synced_at 백필 완료: 총 24건 갱신, merge 재생성 시작
[2026-09-26 16:05:33,560][INFO|database.py-merge_final:736] >> 최종 데이터 병합 완료 (Traffic/Parking/Other 분리)
[2026-09-26 16:05:33,590][INFO|duplicate_group_service.py-_log_info:53] >> [duplicate] payload exact 중복군 1개, 멤버 2건 재생성
[2026-09-26 16:05:33,599][INFO|database.py-merge_final:736] >> 최종 데이터 병합 완료 (Traffic/Parking/Other 분리)
[2026-09-26 16:05:33,627][INFO|duplicate_group_service.py-_log_info:53] >> [duplicate] payload exact 중복군 1개, 멤버 2건 재생성
[2026-09-26 16:05:33,825][INFO|duplicate_group_service.py-_log_info:53] >> [duplicate] payload exact 중복군 1개, 멤버 2건 재생성
.[2026-09-26 16:05:33,838][INFO|database.py-upgrade_schema:285] >> 테이블 'admin_users' 생성 중...
[2026-09-26 16:05:33,840][INFO|database.py-upgrade_schema:285] >> 테이블 'api_keys' 생성 중...
[2026-09-26 16:05:33,842][INFO|database.py-upgrade_schema:285] >> 테이블 'mysafety' 생성 중...
[2026-09-26 16:05:33,844][INFO|database.py-upgrade_schema:285] >> 테이블 'mysafety_change_cursor' 생성 중...
[2026-09-26 16:05:33,846][INFO|database.py-upgrade_schema:285] >> 테이블 'mysafety_change_log' 생성 중...
[2026-09-26 16:05:33,847][INFO|database.py-upgrade_schema:285] >> 테이블 'mysafety_duplicate_decision' 생성 중...
[2026-09-26 16:05:33,855][INFO|database.py-upgrade_schema:285] >> 테이블 'mysafety_duplicate_group' 생성 중...
[2026-09-26 16:05:33,857][INFO|database.py-upgrade_schema:285] >> 테이블 'mysafety_duplicate_member' 생성 중...
[2026-09-26 16:05:33,859][INFO|database.py-upgrade_schema:285] >> 테이블 'mysafety_entry_value' 생성 중...
[2026-09-26 16:05:33,861][INFO|database.py-upgrade_schema:285] >> 테이블 'mysafety_geocode_cache' 생성 중...
[2026-09-26 16:05:33,866][INFO|database.py-upgrade_schema:285] >> 테이블 'mysafety_raw_content' 생성 중...
[2026-09-26 16:05:33,867][INFO|database.py-upgrade_schema:285] >> 테이블 'mysafety_report_override' 생성 중...
[2026-09-26 16:05:33,872][INFO|database.py-upgrade_schema:285] >> 테이블 'mysafety_sync_meta' 생성 중...
[2026-09-26 16:05:33,878][INFO|database.py-upgrade_schema:285] >> 테이블 'mysafety_watchlist' 생성 중...
[2026-09-26 16:05:33,880][INFO|database.py-upgrade_schema:285] >> 테이블 'mysafetydetail_other' 생성 중...
[2026-09-26 16:05:33,882][INFO|database.py-upgrade_schema:285] >> 테이블 'mysafetydetail_parking' 생성 중...
[2026-09-26 16:05:33,884][INFO|database.py-upgrade_schema:285] >> 테이블 'mysafetydetail_traffic' 생성 중...
[2026-09-26 16:05:33,886][INFO|database.py-upgrade_schema:285] >> 테이블 'mysafetymerge_other' 생성 중...
[2026-09-26 16:05:33,888][INFO|database.py-upgrade_schema:285] >> 테이블 'mysafetymerge_parking' 생성 중...
[2026-09-26 16:05:33,889][INFO|database.py-upgrade_schema:285] >> 테이블 'mysafetymerge_traffic' 생성 중...
[2026-09-26 16:05:33,896][INFO|database.py-_apply_versioned_migrations:452] >> [schema] DB 스키마 버전 1 적용
[2026-09-26 16:05:33,907][INFO|database.py-_apply_versioned_migrations:452] >> [schema] DB 스키마 버전 2 적용
[2026-09-26 16:05:33,909][INFO|database.py-_apply_versioned_migrations:452] >> [schema] DB 스키마 버전 3 적용
[2026-09-26 16:05:33,921][INFO|database.py-_apply_versioned_migrations:452] >> [schema] DB 스키마 버전 4 적용
[2026-09-26 16:05:34,108][INFO|duplicate_group_service.py-_log_info:53] >> [duplicate] payload exact 중복군 0개, 멤버 0건 재생성
[2026-09-26 16:05:34,147][INFO|database.py-backfill_synced_at:100] >> [migration] mysafetydetail_traffic synced_at 백필: 12건, 미해결 0건
[2026-09-26 16:05:34,151][INFO|database.py-backfill_synced_at:100] >> [migration] mysafetydetail_parking synced_at 백필: 6건, 미해결 0건
[2026-09-26 16:05:34,154][INFO|database.py-backfill_synced_at:100] >> [migration] mysafetydetail_other synced_at 백필: 6건, 미해결 0건
[2026-09-26 16:05:34,156][INFO|database.py-backfill_synced_at:105] >> [migration] synced_at 백필 완료: 총 24건 갱신, merge 재생성 시작
[2026-09-26 16:05:34,168][INFO|database.py-merge_final:736] >> 최종 데이터 병합 완료 (Traffic/Parking/Other 분리)
[2026-09-26 16:05:34,191][INFO|duplicate_group_service.py-_log_info:53] >> [duplicate] payload exact 중복군 1개, 멤버 2건 재생성
[2026-09-26 16:05:34,203][INFO|database.py-merge_final:736] >> 최종 데이터 병합 완료 (Traffic/Parking/Other 분리)
[2026-09-26 16:05:34,229][INFO|duplicate_group_service.py-_log_info:53] >> [duplicate] payload exact 중복군 1개, 멤버 2건 재생성
.[2026-09-26 16:05:34,442][INFO|database.py-upgrade_schema:285] >> 테이블 'admin_users' 생성 중...
[2026-09-26 16:05:34,444][INFO|database.py-upgrade_schema:285] >> 테이블 'api_keys' 생성 중...
[2026-09-26 16:05:34,446][INFO|database.py-upgrade_schema:285] >> 테이블 'mysafety' 생성 중...
[2026-09-26 16:05:34,447][INFO|database.py-upgrade_schema:285] >> 테이블 'mysafety_change_cursor' 생성 중...
[2026-09-26 16:05:34,449][INFO|database.py-upgrade_schema:285] >> 테이블 'mysafety_change_log' 생성 중...
[2026-09-26 16:05:34,450][INFO|database.py-upgrade_schema:285] >> 테이블 'mysafety_duplicate_decision' 생성 중...
[2026-09-26 16:05:34,452][INFO|database.py-upgrade_schema:285] >> 테이블 'mysafety_duplicate_group' 생성 중...
[2026-09-26 16:05:34,453][INFO|database.py-upgrade_schema:285] >> 테이블 'mysafety_duplicate_member' 생성 중...
[2026-09-26 16:05:34,455][INFO|database.py-upgrade_schema:285] >> 테이블 'mysafety_entry_value' 생성 중...
[2026-09-26 16:05:34,460][INFO|database.py-upgrade_schema:285] >> 테이블 'mysafety_geocode_cache' 생성 중...
[2026-09-26 16:05:34,462][INFO|database.py-upgrade_schema:285] >> 테이블 'mysafety_raw_content' 생성 중...
[2026-09-26 16:05:34,464][INFO|database.py-upgrade_schema:285] >> 테이블 'mysafety_report_override' 생성 중...
[2026-09-26 16:05:34,469][INFO|database.py-upgrade_schema:285] >> 테이블 'mysafety_sync_meta' 생성 중...
[2026-09-26 16:05:34,471][INFO|database.py-upgrade_schema:285] >> 테이블 'mysafety_watchlist' 생성 중...
[2026-09-26 16:05:34,473][INFO|database.py-upgrade_schema:285] >> 테이블 'mysafetydetail_other' 생성 중...
[2026-09-26 16:05:34,476][INFO|database.py-upgrade_schema:285] >> 테이블 'mysafetydetail_parking' 생성 중...
[2026-09-26 16:05:34,478][INFO|database.py-upgrade_schema:285] >> 테이블 'mysafetydetail_traffic' 생성 중...
[2026-09-26 16:05:34,480][INFO|database.py-upgrade_schema:285] >> 테이블 'mysafetymerge_other' 생성 중...
[2026-09-26 16:05:34,483][INFO|database.py-upgrade_schema:285] >> 테이블 'mysafetymerge_parking' 생성 중...
[2026-09-26 16:05:34,485][INFO|database.py-upgrade_schema:285] >> 테이블 'mysafetymerge_traffic' 생성 중...
[2026-09-26 16:05:34,488][INFO|database.py-_apply_versioned_migrations:452] >> [schema] DB 스키마 버전 1 적용
[2026-09-26 16:05:34,496][INFO|database.py-_apply_versioned_migrations:452] >> [schema] DB 스키마 버전 2 적용
[2026-09-26 16:05:34,498][INFO|database.py-_apply_versioned_migrations:452] >> [schema] DB 스키마 버전 3 적용
[2026-09-26 16:05:34,514][INFO|database.py-_apply_versioned_migrations:452] >> [schema] DB 스키마 버전 4 적용
[2026-09-26 16:05:34,542][INFO|duplicate_group_service.py-_log_info:53] >> [duplicate] payload exact 중복군 0개, 멤버 0건 재생성
[2026-09-26 16:05:34,581][INFO|database.py-backfill_synced_at:100] >> [migration] mysafetydetail_traffic synced_at 백필: 12건, 미해결 0건
[2026-09-26 16:05:34,585][INFO|database.py-backfill_synced_at:100] >> [migration] mysafetydetail_parking synced_at 백필: 6건, 미해결 0건
[2026-09-26 16:05:34,588][INFO|database.py-backfill_synced_at:100] >> [migration] mysafetydetail_other synced_at 백필: 6건, 미해결 0건
[2026-09-26 16:05:34,590][INFO|database.py-backfill_synced_at:105] >> [migration] synced_at 백필 완료: 총 24건 갱신, merge 재생성 시작
[2026-09-26 16:05:34,609][INFO|database.py-merge_final:736] >> 최종 데이터 병합 완료 (Traffic/Parking/Other 분리)
[2026-09-26 16:05:34,635][INFO|duplicate_group_service.py-_log_info:53] >> [duplicate] payload exact 중복군 1개, 멤버 2건 재생성
[2026-09-26 16:05:34,649][INFO|database.py-merge_final:736] >> 최종 데이터 병합 완료 (Traffic/Parking/Other 분리)
[2026-09-26 16:05:34,673][INFO|duplicate_group_service.py-_log_info:53] >> [duplicate] payload exact 중복군 1개, 멤버 2건 재생성
[2026-09-26 16:05:34,821][INFO|duplicate_group_service.py-_log_info:53] >> [duplicate] payload exact 중복군 1개, 멤버 2건 재생성
.[2026-09-26 16:05:34,833][INFO|database.py-upgrade_schema:285] >> 테이블 'admin_users' 생성 중...
[2026-09-26 16:05:34,841][INFO|database.py-upgrade_schema:285] >> 테이블 'api_keys' 생성 중...
[2026-09-26 16:05:34,843][INFO|database.py-upgrade_schema:285] >> 테이블 'mysafety' 생성 중...
[2026-09-26 16:05:34,845][INFO|database.py-upgrade_schema:285] >> 테이블 'mysafety_change_cursor' 생성 중...
[2026-09-26 16:05:34,846][INFO|database.py-upgrade_schema:285] >> 테이블 'mysafety_change_log' 생성 중...
[2026-09-26 16:05:34,848][INFO|database.py-upgrade_schema:285] >> 테이블 'mysafety_duplicate_decision' 생성 중...
[2026-09-26 16:05:34,849][INFO|database.py-upgrade_schema:285] >> 테이블 'mysafety_duplicate_group' 생성 중...
[2026-09-26 16:05:34,851][INFO|database.py-upgrade_schema:285] >> 테이블 'mysafety_duplicate_member' 생성 중...
[2026-09-26 16:05:34,852][INFO|database.py-upgrade_schema:285] >> 테이블 'mysafety_entry_value' 생성 중...
[2026-09-26 16:05:34,854][INFO|database.py-upgrade_schema:285] >> 테이블 'mysafety_geocode_cache' 생성 중...
[2026-09-26 16:05:34,855][INFO|database.py-upgrade_schema:285] >> 테이블 'mysafety_raw_content' 생성 중...
[2026-09-26 16:05:34,857][INFO|database.py-upgrade_schema:285] >> 테이블 'mysafety_report_override' 생성 중...
[2026-09-26 16:05:34,858][INFO|database.py-upgrade_schema:285] >> 테이블 'mysafety_sync_meta' 생성 중...
[2026-09-26 16:05:34,859][INFO|database.py-upgrade_schema:285] >> 테이블 'mysafety_watchlist' 생성 중...
[2026-09-26 16:05:34,861][INFO|database.py-upgrade_schema:285] >> 테이블 'mysafetydetail_other' 생성 중...
[2026-09-26 16:05:34,862][INFO|database.py-upgrade_schema:285] >> 테이블 'mysafetydetail_parking' 생성 중...
[2026-09-26 16:05:34,864][INFO|database.py-upgrade_schema:285] >> 테이블 'mysafetydetail_traffic' 생성 중...
[2026-09-26 16:05:34,865][INFO|database.py-upgrade_schema:285] >> 테이블 'mysafetymerge_other' 생성 중...
[2026-09-26 16:05:34,867][INFO|database.py-upgrade_schema:285] >> 테이블 'mysafetymerge_parking' 생성 중...
[2026-09-26 16:05:34,869][INFO|database.py-upgrade_schema:285] >> 테이블 'mysafetymerge_traffic' 생성 중...
[2026-09-26 16:05:34,872][INFO|database.py-_apply_versioned_migrations:452] >> [schema] DB 스키마 버전 1 적용
[2026-09-26 16:05:34,877][INFO|database.py-_apply_versioned_migrations:452] >> [schema] DB 스키마 버전 2 적용
[2026-09-26 16:05:34,879][INFO|database.py-_apply_versioned_migrations:452] >> [schema] DB 스키마 버전 3 적용
[2026-09-26 16:05:34,889][INFO|database.py-_apply_versioned_migrations:452] >> [schema] DB 스키마 버전 4 적용
[2026-09-26 16:05:34,914][INFO|duplicate_group_service.py-_log_info:53] >> [duplicate] payload exact 중복군 0개, 멤버 0건 재생성
[2026-09-26 16:05:34,945][INFO|database.py-backfill_synced_at:100] >> [migration] mysafetydetail_traffic synced_at 백필: 12건, 미해결 0건
[2026-09-26 16:05:34,949][INFO|database.py-backfill_synced_at:100] >> [migration] mysafetydetail_parking synced_at 백필: 6건, 미해결 0건
[2026-09-26 16:05:34,952][INFO|database.py-backfill_synced_at:100] >> [migration] mysafetydetail_other synced_at 백필: 6건, 미해결 0건
[2026-09-26 16:05:34,953][INFO|database.py-backfill_synced_at:105] >> [migration] synced_at 백필 완료: 총 24건 갱신, merge 재생성 시작
[2026-09-26 16:05:34,964][INFO|database.py-merge_final:736] >> 최종 데이터 병합 완료 (Traffic/Parking/Other 분리)
[2026-09-26 16:05:34,988][INFO|duplicate_group_service.py-_log_info:53] >> [duplicate] payload exact 중복군 1개, 멤버 2건 재생성
[2026-09-26 16:05:34,995][INFO|database.py-merge_final:736] >> 최종 데이터 병합 완료 (Traffic/Parking/Other 분리)
[2026-09-26 16:05:35,017][INFO|duplicate_group_service.py-_log_info:53] >> [duplicate] payload exact 중복군 1개, 멤버 2건 재생성
.[2026-09-26 16:05:35,164][INFO|database.py-upgrade_schema:285] >> 테이블 'admin_users' 생성 중...
[2026-09-26 16:05:35,167][INFO|database.py-upgrade_schema:285] >> 테이블 'api_keys' 생성 중...
[2026-09-26 16:05:35,168][INFO|database.py-upgrade_schema:285] >> 테이블 'mysafety' 생성 중...
[2026-09-26 16:05:35,169][INFO|database.py-upgrade_schema:285] >> 테이블 'mysafety_change_cursor' 생성 중...
[2026-09-26 16:05:35,171][INFO|database.py-upgrade_schema:285] >> 테이블 'mysafety_change_log' 생성 중...
[2026-09-26 16:05:35,172][INFO|database.py-upgrade_schema:285] >> 테이블 'mysafety_duplicate_decision' 생성 중...
[2026-09-26 16:05:35,174][INFO|database.py-upgrade_schema:285] >> 테이블 'mysafety_duplicate_group' 생성 중...
[2026-09-26 16:05:35,176][INFO|database.py-upgrade_schema:285] >> 테이블 'mysafety_duplicate_member' 생성 중...
[2026-09-26 16:05:35,177][INFO|database.py-upgrade_schema:285] >> 테이블 'mysafety_entry_value' 생성 중...
[2026-09-26 16:05:35,185][INFO|database.py-upgrade_schema:285] >> 테이블 'mysafety_geocode_cache' 생성 중...
[2026-09-26 16:05:35,187][INFO|database.py-upgrade_schema:285] >> 테이블 'mysafety_raw_content' 생성 중...
[2026-09-26 16:05:35,189][INFO|database.py-upgrade_schema:285] >> 테이블 'mysafety_report_override' 생성 중...
[2026-09-26 16:05:35,191][INFO|database.py-upgrade_schema:285] >> 테이블 'mysafety_sync_meta' 생성 중...
[2026-09-26 16:05:35,192][INFO|database.py-upgrade_schema:285] >> 테이블 'mysafety_watchlist' 생성 중...
[2026-09-26 16:05:35,193][INFO|database.py-upgrade_schema:285] >> 테이블 'mysafetydetail_other' 생성 중...
[2026-09-26 16:05:35,195][INFO|database.py-upgrade_schema:285] >> 테이블 'mysafetydetail_parking' 생성 중...
[2026-09-26 16:05:35,197][INFO|database.py-upgrade_schema:285] >> 테이블 'mysafetydetail_traffic' 생성 중...
[2026-09-26 16:05:35,198][INFO|database.py-upgrade_schema:285] >> 테이블 'mysafetymerge_other' 생성 중...
[2026-09-26 16:05:35,202][INFO|database.py-upgrade_schema:285] >> 테이블 'mysafetymerge_parking' 생성 중...
[2026-09-26 16:05:35,204][INFO|database.py-upgrade_schema:285] >> 테이블 'mysafetymerge_traffic' 생성 중...
[2026-09-26 16:05:35,211][INFO|database.py-_apply_versioned_migrations:452] >> [schema] DB 스키마 버전 1 적용
[2026-09-26 16:05:35,221][INFO|database.py-_apply_versioned_migrations:452] >> [schema] DB 스키마 버전 2 적용
[2026-09-26 16:05:35,224][INFO|database.py-_apply_versioned_migrations:452] >> [schema] DB 스키마 버전 3 적용
[2026-09-26 16:05:35,238][INFO|database.py-_apply_versioned_migrations:452] >> [schema] DB 스키마 버전 4 적용
[2026-09-26 16:05:35,268][INFO|duplicate_group_service.py-_log_info:53] >> [duplicate] payload exact 중복군 0개, 멤버 0건 재생성
[2026-09-26 16:05:35,319][INFO|database.py-backfill_synced_at:100] >> [migration] mysafetydetail_traffic synced_at 백필: 12건, 미해결 0건
[2026-09-26 16:05:35,324][INFO|database.py-backfill_synced_at:100] >> [migration] mysafetydetail_parking synced_at 백필: 6건, 미해결 0건
[2026-09-26 16:05:35,328][INFO|database.py-backfill_synced_at:100] >> [migration] mysafetydetail_other synced_at 백필: 6건, 미해결 0건
[2026-09-26 16:05:35,330][INFO|database.py-backfill_synced_at:105] >> [migration] synced_at 백필 완료: 총 24건 갱신, merge 재생성 시작
[2026-09-26 16:05:35,351][INFO|database.py-merge_final:736] >> 최종 데이터 병합 완료 (Traffic/Parking/Other 분리)
[2026-09-26 16:05:35,376][INFO|duplicate_group_service.py-_log_info:53] >> [duplicate] payload exact 중복군 1개, 멤버 2건 재생성
[2026-09-26 16:05:35,385][INFO|database.py-merge_final:736] >> 최종 데이터 병합 완료 (Traffic/Parking/Other 분리)
[2026-09-26 16:05:35,417][INFO|duplicate_group_service.py-_log_info:53] >> [duplicate] payload exact 중복군 1개, 멤버 2건 재생성
[2026-09-26 16:05:35,574][WARNING|start.py-_prepare_database:63] >> --reset 옵션이 사용되어 크롤링 데이터 테이블을 초기화합니다.
[2026-09-26 16:05:35,574][INFO|start.py-_prepare_database:82] >> --reset에서도 mysafety_geocode_cache는 유지합니다. 재크롤링 시 같은 주소는 캐시 좌표를 재사용합니다.
[2026-09-26 16:05:35,597][INFO|database.py-upgrade_schema:285] >> 테이블 'mysafety' 생성 중...
[2026-09-26 16:05:35,599][INFO|database.py-upgrade_schema:285] >> 테이블 'mysafety_duplicate_group' 생성 중...
[2026-09-26 16:05:35,601][INFO|database.py-upgrade_schema:285] >> 테이블 'mysafety_duplicate_member' 생성 중...
[2026-09-26 16:05:35,603][INFO|database.py-upgrade_schema:285] >> 테이블 'mysafety_entry_value' 생성 중...
[2026-09-26 16:05:35,604][INFO|database.py-upgrade_schema:285] >> 테이블 'mysafety_raw_content' 생성 중...
[2026-09-26 16:05:35,610][INFO|database.py-upgrade_schema:285] >> 테이블 'mysafetydetail_other' 생성 중...
[2026-09-26 16:05:35,612][INFO|database.py-upgrade_schema:285] >> 테이블 'mysafetydetail_parking' 생성 중...
[2026-09-26 16:05:35,619][INFO|database.py-upgrade_schema:285] >> 테이블 'mysafetydetail_traffic' 생성 중...
[2026-09-26 16:05:35,622][INFO|database.py-upgrade_schema:285] >> 테이블 'mysafetymerge_other' 생성 중...
[2026-09-26 16:05:35,624][INFO|database.py-upgrade_schema:285] >> 테이블 'mysafetymerge_parking' 생성 중...
[2026-09-26 16:05:35,625][INFO|database.py-upgrade_schema:285] >> 테이블 'mysafetymerge_traffic' 생성 중...
.[2026-09-26 16:05:35,637][INFO|database.py-upgrade_schema:285] >> 테이블 'admin_users' 생성 중...
[2026-09-26 16:05:35,640][INFO|database.py-upgrade_schema:285] >> 테이블 'api_keys' 생성 중...
[2026-09-26 16:05:35,643][INFO|database.py-upgrade_schema:285] >> 테이블 'mysafety' 생성 중...
[2026-09-26 16:05:35,645][INFO|database.py-upgrade_schema:285] >> 테이블 'mysafety_change_cursor' 생성 중...
[2026-09-26 16:05:35,652][INFO|database.py-upgrade_schema:285] >> 테이블 'mysafety_change_log' 생성 중...
[2026-09-26 16:05:35,654][INFO|database.py-upgrade_schema:285] >> 테이블 'mysafety_duplicate_decision' 생성 중...
[2026-09-26 16:05:35,656][INFO|database.py-upgrade_schema:285] >> 테이블 'mysafety_duplicate_group' 생성 중...
[2026-09-26 16:05:35,658][INFO|database.py-upgrade_schema:285] >> 테이블 'mysafety_duplicate_member' 생성 중...
[2026-09-26 16:05:35,659][INFO|database.py-upgrade_schema:285] >> 테이블 'mysafety_entry_value' 생성 중...
[2026-09-26 16:05:35,661][INFO|database.py-upgrade_schema:285] >> 테이블 'mysafety_geocode_cache' 생성 중...
[2026-09-26 16:05:35,663][INFO|database.py-upgrade_schema:285] >> 테이블 'mysafety_raw_content' 생성 중...
[2026-09-26 16:05:35,664][INFO|database.py-upgrade_schema:285] >> 테이블 'mysafety_report_override' 생성 중...
[2026-09-26 16:05:35,665][INFO|database.py-upgrade_schema:285] >> 테이블 'mysafety_sync_meta' 생성 중...
[2026-09-26 16:05:35,667][INFO|database.py-upgrade_schema:285] >> 테이블 'mysafety_watchlist' 생성 중...
[2026-09-26 16:05:35,668][INFO|database.py-upgrade_schema:285] >> 테이블 'mysafetydetail_other' 생성 중...
[2026-09-26 16:05:35,670][INFO|database.py-upgrade_schema:285] >> 테이블 'mysafetydetail_parking' 생성 중...
[2026-09-26 16:05:35,671][INFO|database.py-upgrade_schema:285] >> 테이블 'mysafetydetail_traffic' 생성 중...
[2026-09-26 16:05:35,673][INFO|database.py-upgrade_schema:285] >> 테이블 'mysafetymerge_other' 생성 중...
[2026-09-26 16:05:35,684][INFO|database.py-upgrade_schema:285] >> 테이블 'mysafetymerge_parking' 생성 중...
[2026-09-26 16:05:35,687][INFO|database.py-upgrade_schema:285] >> 테이블 'mysafetymerge_traffic' 생성 중...
[2026-09-26 16:05:35,691][INFO|database.py-_apply_versioned_migrations:452] >> [schema] DB 스키마 버전 1 적용
[2026-09-26 16:05:35,696][INFO|database.py-_apply_versioned_migrations:452] >> [schema] DB 스키마 버전 2 적용
[2026-09-26 16:05:35,697][INFO|database.py-_apply_versioned_migrations:452] >> [schema] DB 스키마 버전 3 적용
[2026-09-26 16:05:35,711][INFO|database.py-_apply_versioned_migrations:452] >> [schema] DB 스키마 버전 4 적용
[2026-09-26 16:05:35,726][INFO|duplicate_group_service.py-_log_info:53] >> [duplicate] payload exact 중복군 0개, 멤버 0건 재생성
[2026-09-26 16:05:35,754][INFO|database.py-backfill_synced_at:100] >> [migration] mysafetydetail_traffic synced_at 백필: 12건, 미해결 0건
[2026-09-26 16:05:35,757][INFO|database.py-backfill_synced_at:100] >> [migration] mysafetydetail_parking synced_at 백필: 6건, 미해결 0건
[2026-09-26 16:05:35,760][INFO|database.py-backfill_synced_at:100] >> [migration] mysafetydetail_other synced_at 백필: 6건, 미해결 0건
[2026-09-26 16:05:35,762][INFO|database.py-backfill_synced_at:105] >> [migration] synced_at 백필 완료: 총 24건 갱신, merge 재생성 시작
[2026-09-26 16:05:35,768][INFO|database.py-merge_final:736] >> 최종 데이터 병합 완료 (Traffic/Parking/Other 분리)
[2026-09-26 16:05:35,791][INFO|duplicate_group_service.py-_log_info:53] >> [duplicate] payload exact 중복군 1개, 멤버 2건 재생성
[2026-09-26 16:05:35,798][INFO|database.py-merge_final:736] >> 최종 데이터 병합 완료 (Traffic/Parking/Other 분리)
[2026-09-26 16:05:35,820][INFO|duplicate_group_service.py-_log_info:53] >> [duplicate] payload exact 중복군 1개, 멤버 2건 재생성
.[2026-09-26 16:05:35,965][INFO|database.py-upgrade_schema:285] >> 테이블 'admin_users' 생성 중...
[2026-09-26 16:05:35,968][INFO|database.py-upgrade_schema:285] >> 테이블 'api_keys' 생성 중...
[2026-09-26 16:05:35,969][INFO|database.py-upgrade_schema:285] >> 테이블 'mysafety' 생성 중...
[2026-09-26 16:05:35,971][INFO|database.py-upgrade_schema:285] >> 테이블 'mysafety_change_cursor' 생성 중...
[2026-09-26 16:05:35,973][INFO|database.py-upgrade_schema:285] >> 테이블 'mysafety_change_log' 생성 중...
[2026-09-26 16:05:35,974][INFO|database.py-upgrade_schema:285] >> 테이블 'mysafety_duplicate_decision' 생성 중...
[2026-09-26 16:05:35,976][INFO|database.py-upgrade_schema:285] >> 테이블 'mysafety_duplicate_group' 생성 중...
[2026-09-26 16:05:35,977][INFO|database.py-upgrade_schema:285] >> 테이블 'mysafety_duplicate_member' 생성 중...
[2026-09-26 16:05:35,979][INFO|database.py-upgrade_schema:285] >> 테이블 'mysafety_entry_value' 생성 중...
[2026-09-26 16:05:35,980][INFO|database.py-upgrade_schema:285] >> 테이블 'mysafety_geocode_cache' 생성 중...
[2026-09-26 16:05:35,981][INFO|database.py-upgrade_schema:285] >> 테이블 'mysafety_raw_content' 생성 중...
[2026-09-26 16:05:35,983][INFO|database.py-upgrade_schema:285] >> 테이블 'mysafety_report_override' 생성 중...
[2026-09-26 16:05:35,984][INFO|database.py-upgrade_schema:285] >> 테이블 'mysafety_sync_meta' 생성 중...
[2026-09-26 16:05:35,985][INFO|database.py-upgrade_schema:285] >> 테이블 'mysafety_watchlist' 생성 중...
[2026-09-26 16:05:35,986][INFO|database.py-upgrade_schema:285] >> 테이블 'mysafetydetail_other' 생성 중...
[2026-09-26 16:05:35,988][INFO|database.py-upgrade_schema:285] >> 테이블 'mysafetydetail_parking' 생성 중...
[2026-09-26 16:05:35,990][INFO|database.py-upgrade_schema:285] >> 테이블 'mysafetydetail_traffic' 생성 중...
[2026-09-26 16:05:35,995][INFO|database.py-upgrade_schema:285] >> 테이블 'mysafetymerge_other' 생성 중...
[2026-09-26 16:05:35,997][INFO|database.py-upgrade_schema:285] >> 테이블 'mysafetymerge_parking' 생성 중...
[2026-09-26 16:05:36,004][INFO|database.py-upgrade_schema:285] >> 테이블 'mysafetymerge_traffic' 생성 중...
[2026-09-26 16:05:36,008][INFO|database.py-_apply_versioned_migrations:452] >> [schema] DB 스키마 버전 1 적용
[2026-09-26 16:05:36,014][INFO|database.py-_apply_versioned_migrations:452] >> [schema] DB 스키마 버전 2 적용
[2026-09-26 16:05:36,016][INFO|database.py-_apply_versioned_migrations:452] >> [schema] DB 스키마 버전 3 적용
[2026-09-26 16:05:36,031][INFO|database.py-_apply_versioned_migrations:452] >> [schema] DB 스키마 버전 4 적용
[2026-09-26 16:05:36,045][INFO|duplicate_group_service.py-_log_info:53] >> [duplicate] payload exact 중복군 0개, 멤버 0건 재생성
[2026-09-26 16:05:36,072][INFO|database.py-backfill_synced_at:100] >> [migration] mysafetydetail_traffic synced_at 백필: 12건, 미해결 0건
[2026-09-26 16:05:36,075][INFO|database.py-backfill_synced_at:100] >> [migration] mysafetydetail_parking synced_at 백필: 6건, 미해결 0건
[2026-09-26 16:05:36,078][INFO|database.py-backfill_synced_at:100] >> [migration] mysafetydetail_other synced_at 백필: 6건, 미해결 0건
[2026-09-26 16:05:36,081][INFO|database.py-backfill_synced_at:105] >> [migration] synced_at 백필 완료: 총 24건 갱신, merge 재생성 시작
[2026-09-26 16:05:36,090][INFO|database.py-merge_final:736] >> 최종 데이터 병합 완료 (Traffic/Parking/Other 분리)
[2026-09-26 16:05:36,120][INFO|duplicate_group_service.py-_log_info:53] >> [duplicate] payload exact 중복군 1개, 멤버 2건 재생성
[2026-09-26 16:05:36,131][INFO|database.py-merge_final:736] >> 최종 데이터 병합 완료 (Traffic/Parking/Other 분리)
[2026-09-26 16:05:36,154][INFO|duplicate_group_service.py-_log_info:53] >> [duplicate] payload exact 중복군 1개, 멤버 2건 재생성
[2026-09-26 16:05:36,350][INFO|database.py-_normalize_processing_layers:188] >> [migration] raw/canonical 상태 정규화 완료: 총 5건 갱신
[2026-09-26 16:05:36,363][INFO|database.py-merge_final:736] >> 최종 데이터 병합 완료 (Traffic/Parking/Other 분리)
[2026-09-26 16:05:36,392][INFO|duplicate_group_service.py-_log_info:53] >> [duplicate] payload exact 중복군 1개, 멤버 2건 재생성
[2026-09-26 16:05:36,413][INFO|database.py-merge_final:736] >> 최종 데이터 병합 완료 (Traffic/Parking/Other 분리)
[2026-09-26 16:05:36,425][INFO|duplicate_group_service.py-_log_info:53] >> [duplicate] payload exact 중복군 0개, 멤버 0건 재생성
[2026-09-26 16:05:36,949][INFO|exchange.py-_restore_exclusive:413] >> mobile DB 복원 완료. 백업: /tmp/claude-1000/-home-better0101-projects-safetyreport/aa9d30e6-e7a5-4376-8fce-c9fb26682fbe/scratchpad/tmp.pjshWqXh38/backups/data_before_restore_20260926_160536.db, 신고건수: 1
.[2026-09-26 16:05:36,960][INFO|database.py-upgrade_schema:285] >> 테이블 'admin_users' 생성 중...
[2026-09-26 16:05:36,962][INFO|database.py-upgrade_schema:285] >> 테이블 'api_keys' 생성 중...
[2026-09-26 16:05:36,964][INFO|database.py-upgrade_schema:285] >> 테이블 'mysafety' 생성 중...
[2026-09-26 16:05:36,966][INFO|database.py-upgrade_schema:285] >> 테이블 'mysafety_change_cursor' 생성 중...
[2026-09-26 16:05:36,967][INFO|database.py-upgrade_schema:285] >> 테이블 'mysafety_change_log' 생성 중...
[2026-09-26 16:05:36,969][INFO|database.py-upgrade_schema:285] >> 테이블 'mysafety_duplicate_decision' 생성 중...
[2026-09-26 16:05:36,970][INFO|database.py-upgrade_schema:285] >> 테이블 'mysafety_duplicate_group' 생성 중...
[2026-09-26 16:05:36,972][INFO|database.py-upgrade_schema:285] >> 테이블 'mysafety_duplicate_member' 생성 중...
[2026-09-26 16:05:36,973][INFO|database.py-upgrade_schema:285] >> 테이블 'mysafety_entry_value' 생성 중...
[2026-09-26 16:05:36,974][INFO|database.py-upgrade_schema:285] >> 테이블 'mysafety_geocode_cache' 생성 중...
[2026-09-26 16:05:36,976][INFO|database.py-upgrade_schema:285] >> 테이블 'mysafety_raw_content' 생성 중...
[2026-09-26 16:05:36,977][INFO|database.py-upgrade_schema:285] >> 테이블 'mysafety_report_override' 생성 중...
[2026-09-26 16:05:36,978][INFO|database.py-upgrade_schema:285] >> 테이블 'mysafety_sync_meta' 생성 중...
[2026-09-26 16:05:36,980][INFO|database.py-upgrade_schema:285] >> 테이블 'mysafety_watchlist' 생성 중...
[2026-09-26 16:05:36,982][INFO|database.py-upgrade_schema:285] >> 테이블 'mysafetydetail_other' 생성 중...
[2026-09-26 16:05:36,984][INFO|database.py-upgrade_schema:285] >> 테이블 'mysafetydetail_parking' 생성 중...
[2026-09-26 16:05:36,986][INFO|database.py-upgrade_schema:285] >> 테이블 'mysafetydetail_traffic' 생성 중...
[2026-09-26 16:05:36,987][INFO|database.py-upgrade_schema:285] >> 테이블 'mysafetymerge_other' 생성 중...
[2026-09-26 16:05:36,989][INFO|database.py-upgrade_schema:285] >> 테이블 'mysafetymerge_parking' 생성 중...
[2026-09-26 16:05:36,991][INFO|database.py-upgrade_schema:285] >> 테이블 'mysafetymerge_traffic' 생성 중...
[2026-09-26 16:05:36,995][INFO|database.py-_apply_versioned_migrations:452] >> [schema] DB 스키마 버전 1 적용
[2026-09-26 16:05:37,000][INFO|database.py-_apply_versioned_migrations:452] >> [schema] DB 스키마 버전 2 적용
[2026-09-26 16:05:37,001][INFO|database.py-_apply_versioned_migrations:452] >> [schema] DB 스키마 버전 3 적용
[2026-09-26 16:05:37,012][INFO|database.py-_apply_versioned_migrations:452] >> [schema] DB 스키마 버전 4 적용
[2026-09-26 16:05:37,026][INFO|duplicate_group_service.py-_log_info:53] >> [duplicate] payload exact 중복군 0개, 멤버 0건 재생성
[2026-09-26 16:05:37,054][INFO|database.py-backfill_synced_at:100] >> [migration] mysafetydetail_traffic synced_at 백필: 12건, 미해결 0건
[2026-09-26 16:05:37,057][INFO|database.py-backfill_synced_at:100] >> [migration] mysafetydetail_parking synced_at 백필: 6건, 미해결 0건
[2026-09-26 16:05:37,061][INFO|database.py-backfill_synced_at:100] >> [migration] mysafetydetail_other synced_at 백필: 6건, 미해결 0건
[2026-09-26 16:05:37,069][INFO|database.py-backfill_synced_at:105] >> [migration] synced_at 백필 완료: 총 24건 갱신, merge 재생성 시작
[2026-09-26 16:05:37,077][INFO|database.py-merge_final:736] >> 최종 데이터 병합 완료 (Traffic/Parking/Other 분리)
[2026-09-26 16:05:37,107][INFO|duplicate_group_service.py-_log_info:53] >> [duplicate] payload exact 중복군 1개, 멤버 2건 재생성
[2026-09-26 16:05:37,121][INFO|database.py-merge_final:736] >> 최종 데이터 병합 완료 (Traffic/Parking/Other 분리)
[2026-09-26 16:05:37,146][INFO|duplicate_group_service.py-_log_info:53] >> [duplicate] payload exact 중복군 1개, 멤버 2건 재생성
/home/better0101/projects/safetyreport/.venv/lib/python3.14/site-packages/sqlalchemy/sql/elements.py:2162: ResourceWarning: unclosed database in <sqlite3.Connection object at 0x7baeedf213f0>
  _gen_cache_ok = self.__class__.__dict__.get("inherit_cache", False)
ResourceWarning: Enable tracemalloc to get the object allocation traceback
[2026-09-26 16:05:37,369][INFO|database.py-_normalize_processing_layers:188] >> [migration] raw/canonical 상태 정규화 완료: 총 5건 갱신
[2026-09-26 16:05:37,381][INFO|database.py-merge_final:736] >> 최종 데이터 병합 완료 (Traffic/Parking/Other 분리)
[2026-09-26 16:05:37,409][INFO|duplicate_group_service.py-_log_info:53] >> [duplicate] payload exact 중복군 1개, 멤버 2건 재생성
[2026-09-26 16:05:37,429][INFO|database.py-merge_final:736] >> 최종 데이터 병합 완료 (Traffic/Parking/Other 분리)
[2026-09-26 16:05:37,441][INFO|duplicate_group_service.py-_log_info:53] >> [duplicate] payload exact 중복군 0개, 멤버 0건 재생성
[2026-09-26 16:05:37,467][INFO|exchange.py-_restore_exclusive:413] >> mobile DB 복원 완료. 백업: /tmp/claude-1000/-home-better0101-projects-safetyreport/aa9d30e6-e7a5-4376-8fce-c9fb26682fbe/scratchpad/tmp.pjshWqXh38/backups/data_before_restore_20260926_160537.db, 신고건수: 1
.[2026-09-26 16:05:37,474][INFO|database.py-upgrade_schema:285] >> 테이블 'admin_users' 생성 중...
[2026-09-26 16:05:37,477][INFO|database.py-upgrade_schema:285] >> 테이블 'api_keys' 생성 중...
[2026-09-26 16:05:37,479][INFO|database.py-upgrade_schema:285] >> 테이블 'mysafety' 생성 중...
[2026-09-26 16:05:37,481][INFO|database.py-upgrade_schema:285] >> 테이블 'mysafety_change_cursor' 생성 중...
[2026-09-26 16:05:37,482][INFO|database.py-upgrade_schema:285] >> 테이블 'mysafety_change_log' 생성 중...
[2026-09-26 16:05:37,484][INFO|database.py-upgrade_schema:285] >> 테이블 'mysafety_duplicate_decision' 생성 중...
[2026-09-26 16:05:37,485][INFO|database.py-upgrade_schema:285] >> 테이블 'mysafety_duplicate_group' 생성 중...
[2026-09-26 16:05:37,487][INFO|database.py-upgrade_schema:285] >> 테이블 'mysafety_duplicate_member' 생성 중...
[2026-09-26 16:05:37,489][INFO|database.py-upgrade_schema:285] >> 테이블 'mysafety_entry_value' 생성 중...
[2026-09-26 16:05:37,490][INFO|database.py-upgrade_schema:285] >> 테이블 'mysafety_geocode_cache' 생성 중...
[2026-09-26 16:05:37,495][INFO|database.py-upgrade_schema:285] >> 테이블 'mysafety_raw_content' 생성 중...
[2026-09-26 16:05:37,497][INFO|database.py-upgrade_schema:285] >> 테이블 'mysafety_report_override' 생성 중...
[2026-09-26 16:05:37,499][INFO|database.py-upgrade_schema:285] >> 테이블 'mysafety_sync_meta' 생성 중...
[2026-09-26 16:05:37,502][INFO|database.py-upgrade_schema:285] >> 테이블 'mysafety_watchlist' 생성 중...
[2026-09-26 16:05:37,504][INFO|database.py-upgrade_schema:285] >> 테이블 'mysafetydetail_other' 생성 중...
[2026-09-26 16:05:37,507][INFO|database.py-upgrade_schema:285] >> 테이블 'mysafetydetail_parking' 생성 중...
[2026-09-26 16:05:37,509][INFO|database.py-upgrade_schema:285] >> 테이블 'mysafetydetail_traffic' 생성 중...
[2026-09-26 16:05:37,511][INFO|database.py-upgrade_schema:285] >> 테이블 'mysafetymerge_other' 생성 중...
[2026-09-26 16:05:37,513][INFO|database.py-upgrade_schema:285] >> 테이블 'mysafetymerge_parking' 생성 중...
[2026-09-26 16:05:37,515][INFO|database.py-upgrade_schema:285] >> 테이블 'mysafetymerge_traffic' 생성 중...
[2026-09-26 16:05:37,518][INFO|database.py-_apply_versioned_migrations:452] >> [schema] DB 스키마 버전 1 적용
[2026-09-26 16:05:37,523][INFO|database.py-_apply_versioned_migrations:452] >> [schema] DB 스키마 버전 2 적용
[2026-09-26 16:05:37,528][INFO|database.py-_apply_versioned_migrations:452] >> [schema] DB 스키마 버전 3 적용
[2026-09-26 16:05:37,551][INFO|database.py-_apply_versioned_migrations:452] >> [schema] DB 스키마 버전 4 적용
[2026-09-26 16:05:37,566][INFO|duplicate_group_service.py-_log_info:53] >> [duplicate] payload exact 중복군 0개, 멤버 0건 재생성
[2026-09-26 16:05:37,603][INFO|database.py-backfill_synced_at:100] >> [migration] mysafetydetail_traffic synced_at 백필: 12건, 미해결 0건
[2026-09-26 16:05:37,606][INFO|database.py-backfill_synced_at:100] >> [migration] mysafetydetail_parking synced_at 백필: 6건, 미해결 0건
[2026-09-26 16:05:37,609][INFO|database.py-backfill_synced_at:100] >> [migration] mysafetydetail_other synced_at 백필: 6건, 미해결 0건
[2026-09-26 16:05:37,611][INFO|database.py-backfill_synced_at:105] >> [migration] synced_at 백필 완료: 총 24건 갱신, merge 재생성 시작
[2026-09-26 16:05:37,616][INFO|database.py-merge_final:736] >> 최종 데이터 병합 완료 (Traffic/Parking/Other 분리)
/home/better0101/projects/safetyreport/.venv/lib/python3.14/site-packages/pandas/core/generic.py:6172: ResourceWarning: unclosed database in <sqlite3.Connection object at 0x7baf25a56110>
  for name in set(self._metadata) & set(other._metadata):
ResourceWarning: Enable tracemalloc to get the object allocation traceback
[2026-09-26 16:05:37,641][INFO|duplicate_group_service.py-_log_info:53] >> [duplicate] payload exact 중복군 1개, 멤버 2건 재생성
[2026-09-26 16:05:37,651][INFO|database.py-merge_final:736] >> 최종 데이터 병합 완료 (Traffic/Parking/Other 분리)
[2026-09-26 16:05:37,680][INFO|duplicate_group_service.py-_log_info:53] >> [duplicate] payload exact 중복군 1개, 멤버 2건 재생성
[2026-09-26 16:05:37,919][INFO|database.py-_normalize_processing_layers:188] >> [migration] raw/canonical 상태 정규화 완료: 총 5건 갱신
[2026-09-26 16:05:37,933][INFO|database.py-merge_final:736] >> 최종 데이터 병합 완료 (Traffic/Parking/Other 분리)
[2026-09-26 16:05:37,962][INFO|duplicate_group_service.py-_log_info:53] >> [duplicate] payload exact 중복군 1개, 멤버 2건 재생성
[2026-09-26 16:05:37,979][INFO|database.py-merge_final:736] >> 최종 데이터 병합 완료 (Traffic/Parking/Other 분리)
[2026-09-26 16:05:37,996][INFO|duplicate_group_service.py-_log_info:53] >> [duplicate] payload exact 중복군 1개, 멤버 2건 재생성
[2026-09-26 16:05:38,017][INFO|exchange.py-_restore_exclusive:413] >> mobile DB 복원 완료. 백업: /tmp/claude-1000/-home-better0101-projects-safetyreport/aa9d30e6-e7a5-4376-8fce-c9fb26682fbe/scratchpad/tmp.pjshWqXh38/backups/data_before_restore_20260926_160538.db, 신고건수: 2
.[2026-09-26 16:05:38,024][INFO|database.py-upgrade_schema:285] >> 테이블 'admin_users' 생성 중...
[2026-09-26 16:05:38,028][INFO|database.py-upgrade_schema:285] >> 테이블 'api_keys' 생성 중...
[2026-09-26 16:05:38,033][INFO|database.py-upgrade_schema:285] >> 테이블 'mysafety' 생성 중...
[2026-09-26 16:05:38,036][INFO|database.py-upgrade_schema:285] >> 테이블 'mysafety_change_cursor' 생성 중...
[2026-09-26 16:05:38,038][INFO|database.py-upgrade_schema:285] >> 테이블 'mysafety_change_log' 생성 중...
[2026-09-26 16:05:38,040][INFO|database.py-upgrade_schema:285] >> 테이블 'mysafety_duplicate_decision' 생성 중...
[2026-09-26 16:05:38,041][INFO|database.py-upgrade_schema:285] >> 테이블 'mysafety_duplicate_group' 생성 중...
[2026-09-26 16:05:38,043][INFO|database.py-upgrade_schema:285] >> 테이블 'mysafety_duplicate_member' 생성 중...
[2026-09-26 16:05:38,044][INFO|database.py-upgrade_schema:285] >> 테이블 'mysafety_entry_value' 생성 중...
[2026-09-26 16:05:38,045][INFO|database.py-upgrade_schema:285] >> 테이블 'mysafety_geocode_cache' 생성 중...
[2026-09-26 16:05:38,047][INFO|database.py-upgrade_schema:285] >> 테이블 'mysafety_raw_content' 생성 중...
[2026-09-26 16:05:38,048][INFO|database.py-upgrade_schema:285] >> 테이블 'mysafety_report_override' 생성 중...
[2026-09-26 16:05:38,050][INFO|database.py-upgrade_schema:285] >> 테이블 'mysafety_sync_meta' 생성 중...
[2026-09-26 16:05:38,051][INFO|database.py-upgrade_schema:285] >> 테이블 'mysafety_watchlist' 생성 중...
[2026-09-26 16:05:38,052][INFO|database.py-upgrade_schema:285] >> 테이블 'mysafetydetail_other' 생성 중...
[2026-09-26 16:05:38,054][INFO|database.py-upgrade_schema:285] >> 테이블 'mysafetydetail_parking' 생성 중...
[2026-09-26 16:05:38,055][INFO|database.py-upgrade_schema:285] >> 테이블 'mysafetydetail_traffic' 생성 중...
[2026-09-26 16:05:38,057][INFO|database.py-upgrade_schema:285] >> 테이블 'mysafetymerge_other' 생성 중...
[2026-09-26 16:05:38,059][INFO|database.py-upgrade_schema:285] >> 테이블 'mysafetymerge_parking' 생성 중...
[2026-09-26 16:05:38,060][INFO|database.py-upgrade_schema:285] >> 테이블 'mysafetymerge_traffic' 생성 중...
[2026-09-26 16:05:38,068][INFO|database.py-_apply_versioned_migrations:452] >> [schema] DB 스키마 버전 1 적용
[2026-09-26 16:05:38,072][INFO|database.py-_apply_versioned_migrations:452] >> [schema] DB 스키마 버전 2 적용
[2026-09-26 16:05:38,075][INFO|database.py-_apply_versioned_migrations:452] >> [schema] DB 스키마 버전 3 적용
[2026-09-26 16:05:38,086][INFO|database.py-_apply_versioned_migrations:452] >> [schema] DB 스키마 버전 4 적용
[2026-09-26 16:05:38,102][INFO|duplicate_group_service.py-_log_info:53] >> [duplicate] payload exact 중복군 0개, 멤버 0건 재생성
[2026-09-26 16:05:38,136][INFO|database.py-backfill_synced_at:100] >> [migration] mysafetydetail_traffic synced_at 백필: 12건, 미해결 0건
[2026-09-26 16:05:38,139][INFO|database.py-backfill_synced_at:100] >> [migration] mysafetydetail_parking synced_at 백필: 6건, 미해결 0건
[2026-09-26 16:05:38,142][INFO|database.py-backfill_synced_at:100] >> [migration] mysafetydetail_other synced_at 백필: 6건, 미해결 0건
[2026-09-26 16:05:38,147][INFO|database.py-backfill_synced_at:105] >> [migration] synced_at 백필 완료: 총 24건 갱신, merge 재생성 시작
[2026-09-26 16:05:38,155][INFO|database.py-merge_final:736] >> 최종 데이터 병합 완료 (Traffic/Parking/Other 분리)
[2026-09-26 16:05:38,183][INFO|duplicate_group_service.py-_log_info:53] >> [duplicate] payload exact 중복군 1개, 멤버 2건 재생성
[2026-09-26 16:05:38,194][INFO|database.py-merge_final:736] >> 최종 데이터 병합 완료 (Traffic/Parking/Other 분리)
[2026-09-26 16:05:38,219][INFO|duplicate_group_service.py-_log_info:53] >> [duplicate] payload exact 중복군 1개, 멤버 2건 재생성
[2026-09-26 16:05:38,424][INFO|database.py-_normalize_processing_layers:188] >> [migration] raw/canonical 상태 정규화 완료: 총 5건 갱신
[2026-09-26 16:05:38,436][INFO|database.py-merge_final:736] >> 최종 데이터 병합 완료 (Traffic/Parking/Other 분리)
[2026-09-26 16:05:38,475][INFO|duplicate_group_service.py-_log_info:53] >> [duplicate] payload exact 중복군 1개, 멤버 2건 재생성
[2026-09-26 16:05:38,499][INFO|database.py-merge_final:736] >> 최종 데이터 병합 완료 (Traffic/Parking/Other 분리)
[2026-09-26 16:05:38,513][INFO|duplicate_group_service.py-_log_info:53] >> [duplicate] payload exact 중복군 0개, 멤버 0건 재생성
[2026-09-26 16:05:38,536][INFO|exchange.py-_restore_exclusive:413] >> mobile DB 복원 완료. 백업: /tmp/claude-1000/-home-better0101-projects-safetyreport/aa9d30e6-e7a5-4376-8fce-c9fb26682fbe/scratchpad/tmp.pjshWqXh38/backups/data_before_restore_20260926_160538.db, 신고건수: 1
[2026-09-26 16:05:38,571][INFO|database.py-migrate_by_entry_value:254] >> [migrate] ID=m1 traffic → other (entry_value: 이전 값)
[2026-09-26 16:05:38,574][INFO|database.py-migrate_by_entry_value:261] >> [migrate] entry_value 기반 1건 재분류 완료. merge_final 재실행.
[2026-09-26 16:05:38,589][INFO|database.py-merge_final:736] >> 최종 데이터 병합 완료 (Traffic/Parking/Other 분리)
[2026-09-26 16:05:38,606][INFO|duplicate_group_service.py-_log_info:53] >> [duplicate] payload exact 중복군 0개, 멤버 0건 재생성
[2026-09-26 16:05:38,616][INFO|database.py-backfill_synced_at:100] >> [migration] mysafetydetail_other synced_at 백필: 1건, 미해결 0건
[2026-09-26 16:05:38,622][INFO|database.py-backfill_synced_at:105] >> [migration] synced_at 백필 완료: 총 1건 갱신, merge 재생성 시작
[2026-09-26 16:05:38,630][INFO|database.py-merge_final:736] >> 최종 데이터 병합 완료 (Traffic/Parking/Other 분리)
[2026-09-26 16:05:38,643][INFO|duplicate_group_service.py-_log_info:53] >> [duplicate] payload exact 중복군 0개, 멤버 0건 재생성
[2026-09-26 16:05:38,670][INFO|duplicate_group_service.py-_log_info:53] >> [duplicate] payload exact 중복군 0개, 멤버 0건 재생성
[2026-09-26 16:05:38,687][INFO|database.py-merge_final:736] >> 최종 데이터 병합 완료 (Traffic/Parking/Other 분리)
[2026-09-26 16:05:38,698][INFO|duplicate_group_service.py-_log_info:53] >> [duplicate] payload exact 중복군 0개, 멤버 0건 재생성
[2026-09-26 16:05:38,723][INFO|exchange.py-_restore_exclusive:413] >> mobile DB 복원 완료. 백업: /tmp/claude-1000/-home-better0101-projects-safetyreport/aa9d30e6-e7a5-4376-8fce-c9fb26682fbe/scratchpad/tmp.pjshWqXh38/backups/data_before_restore_20260926_160538.db, 신고건수: 1
[2026-09-26 16:05:38,759][INFO|database.py-migrate_by_entry_value:254] >> [migrate] ID=m1 traffic → other (entry_value: 이전 값)
[2026-09-26 16:05:38,762][INFO|database.py-migrate_by_entry_value:261] >> [migrate] entry_value 기반 1건 재분류 완료. merge_final 재실행.
[2026-09-26 16:05:38,777][INFO|database.py-merge_final:736] >> 최종 데이터 병합 완료 (Traffic/Parking/Other 분리)
[2026-09-26 16:05:38,795][INFO|duplicate_group_service.py-_log_info:53] >> [duplicate] payload exact 중복군 0개, 멤버 0건 재생성
[2026-09-26 16:05:38,800][INFO|database.py-backfill_synced_at:100] >> [migration] mysafetydetail_other synced_at 백필: 1건, 미해결 0건
[2026-09-26 16:05:38,801][INFO|database.py-backfill_synced_at:105] >> [migration] synced_at 백필 완료: 총 1건 갱신, merge 재생성 시작
[2026-09-26 16:05:38,807][INFO|database.py-merge_final:736] >> 최종 데이터 병합 완료 (Traffic/Parking/Other 분리)
[2026-09-26 16:05:38,819][INFO|duplicate_group_service.py-_log_info:53] >> [duplicate] payload exact 중복군 0개, 멤버 0건 재생성
[2026-09-26 16:05:38,844][INFO|duplicate_group_service.py-_log_info:53] >> [duplicate] payload exact 중복군 0개, 멤버 0건 재생성
[2026-09-26 16:05:38,860][INFO|database.py-merge_final:736] >> 최종 데이터 병합 완료 (Traffic/Parking/Other 분리)
[2026-09-26 16:05:38,874][INFO|duplicate_group_service.py-_log_info:53] >> [duplicate] payload exact 중복군 0개, 멤버 0건 재생성
[2026-09-26 16:05:38,890][INFO|exchange.py-_restore_exclusive:413] >> mobile DB 복원 완료. 백업: /tmp/claude-1000/-home-better0101-projects-safetyreport/aa9d30e6-e7a5-4376-8fce-c9fb26682fbe/scratchpad/tmp.pjshWqXh38/backups/data_before_restore_20260926_160538.db, 신고건수: 1
.[2026-09-26 16:05:38,896][INFO|database.py-upgrade_schema:285] >> 테이블 'admin_users' 생성 중...
[2026-09-26 16:05:38,899][INFO|database.py-upgrade_schema:285] >> 테이블 'api_keys' 생성 중...
[2026-09-26 16:05:38,901][INFO|database.py-upgrade_schema:285] >> 테이블 'mysafety' 생성 중...
[2026-09-26 16:05:38,903][INFO|database.py-upgrade_schema:285] >> 테이블 'mysafety_change_cursor' 생성 중...
[2026-09-26 16:05:38,905][INFO|database.py-upgrade_schema:285] >> 테이블 'mysafety_change_log' 생성 중...
[2026-09-26 16:05:38,906][INFO|database.py-upgrade_schema:285] >> 테이블 'mysafety_duplicate_decision' 생성 중...
[2026-09-26 16:05:38,908][INFO|database.py-upgrade_schema:285] >> 테이블 'mysafety_duplicate_group' 생성 중...
[2026-09-26 16:05:38,909][INFO|database.py-upgrade_schema:285] >> 테이블 'mysafety_duplicate_member' 생성 중...
[2026-09-26 16:05:38,911][INFO|database.py-upgrade_schema:285] >> 테이블 'mysafety_entry_value' 생성 중...
[2026-09-26 16:05:38,912][INFO|database.py-upgrade_schema:285] >> 테이블 'mysafety_geocode_cache' 생성 중...
[2026-09-26 16:05:38,913][INFO|database.py-upgrade_schema:285] >> 테이블 'mysafety_raw_content' 생성 중...
[2026-09-26 16:05:38,915][INFO|database.py-upgrade_schema:285] >> 테이블 'mysafety_report_override' 생성 중...
[2026-09-26 16:05:38,916][INFO|database.py-upgrade_schema:285] >> 테이블 'mysafety_sync_meta' 생성 중...
[2026-09-26 16:05:38,918][INFO|database.py-upgrade_schema:285] >> 테이블 'mysafety_watchlist' 생성 중...
[2026-09-26 16:05:38,919][INFO|database.py-upgrade_schema:285] >> 테이블 'mysafetydetail_other' 생성 중...
[2026-09-26 16:05:38,921][INFO|database.py-upgrade_schema:285] >> 테이블 'mysafetydetail_parking' 생성 중...
[2026-09-26 16:05:38,923][INFO|database.py-upgrade_schema:285] >> 테이블 'mysafetydetail_traffic' 생성 중...
[2026-09-26 16:05:38,925][INFO|database.py-upgrade_schema:285] >> 테이블 'mysafetymerge_other' 생성 중...
[2026-09-26 16:05:38,927][INFO|database.py-upgrade_schema:285] >> 테이블 'mysafetymerge_parking' 생성 중...
[2026-09-26 16:05:38,928][INFO|database.py-upgrade_schema:285] >> 테이블 'mysafetymerge_traffic' 생성 중...
[2026-09-26 16:05:38,932][INFO|database.py-_apply_versioned_migrations:452] >> [schema] DB 스키마 버전 1 적용
[2026-09-26 16:05:38,936][INFO|database.py-_apply_versioned_migrations:452] >> [schema] DB 스키마 버전 2 적용
[2026-09-26 16:05:38,938][INFO|database.py-_apply_versioned_migrations:452] >> [schema] DB 스키마 버전 3 적용
[2026-09-26 16:05:38,949][INFO|database.py-_apply_versioned_migrations:452] >> [schema] DB 스키마 버전 4 적용
[2026-09-26 16:05:38,964][INFO|duplicate_group_service.py-_log_info:53] >> [duplicate] payload exact 중복군 0개, 멤버 0건 재생성
[2026-09-26 16:05:38,992][INFO|database.py-backfill_synced_at:100] >> [migration] mysafetydetail_traffic synced_at 백필: 12건, 미해결 0건
[2026-09-26 16:05:38,995][INFO|database.py-backfill_synced_at:100] >> [migration] mysafetydetail_parking synced_at 백필: 6건, 미해결 0건
[2026-09-26 16:05:38,998][INFO|database.py-backfill_synced_at:100] >> [migration] mysafetydetail_other synced_at 백필: 6건, 미해결 0건
[2026-09-26 16:05:38,999][INFO|database.py-backfill_synced_at:105] >> [migration] synced_at 백필 완료: 총 24건 갱신, merge 재생성 시작
[2026-09-26 16:05:39,005][INFO|database.py-merge_final:736] >> 최종 데이터 병합 완료 (Traffic/Parking/Other 분리)
[2026-09-26 16:05:39,027][INFO|duplicate_group_service.py-_log_info:53] >> [duplicate] payload exact 중복군 1개, 멤버 2건 재생성
[2026-09-26 16:05:39,034][INFO|database.py-merge_final:736] >> 최종 데이터 병합 완료 (Traffic/Parking/Other 분리)
[2026-09-26 16:05:39,055][INFO|duplicate_group_service.py-_log_info:53] >> [duplicate] payload exact 중복군 1개, 멤버 2건 재생성
.[2026-09-26 16:05:39,190][INFO|database.py-upgrade_schema:285] >> 테이블 'admin_users' 생성 중...
[2026-09-26 16:05:39,195][INFO|database.py-upgrade_schema:285] >> 테이블 'api_keys' 생성 중...
[2026-09-26 16:05:39,197][INFO|database.py-upgrade_schema:285] >> 테이블 'mysafety' 생성 중...
[2026-09-26 16:05:39,201][INFO|database.py-upgrade_schema:285] >> 테이블 'mysafety_change_cursor' 생성 중...
[2026-09-26 16:05:39,205][INFO|database.py-upgrade_schema:285] >> 테이블 'mysafety_change_log' 생성 중...
[2026-09-26 16:05:39,209][INFO|database.py-upgrade_schema:285] >> 테이블 'mysafety_duplicate_decision' 생성 중...
[2026-09-26 16:05:39,211][INFO|database.py-upgrade_schema:285] >> 테이블 'mysafety_duplicate_group' 생성 중...
[2026-09-26 16:05:39,213][INFO|database.py-upgrade_schema:285] >> 테이블 'mysafety_duplicate_member' 생성 중...
[2026-09-26 16:05:39,214][INFO|database.py-upgrade_schema:285] >> 테이블 'mysafety_entry_value' 생성 중...
[2026-09-26 16:05:39,216][INFO|database.py-upgrade_schema:285] >> 테이블 'mysafety_geocode_cache' 생성 중...
[2026-09-26 16:05:39,218][INFO|database.py-upgrade_schema:285] >> 테이블 'mysafety_raw_content' 생성 중...
[2026-09-26 16:05:39,220][INFO|database.py-upgrade_schema:285] >> 테이블 'mysafety_report_override' 생성 중...
[2026-09-26 16:05:39,221][INFO|database.py-upgrade_schema:285] >> 테이블 'mysafety_sync_meta' 생성 중...
[2026-09-26 16:05:39,223][INFO|database.py-upgrade_schema:285] >> 테이블 'mysafety_watchlist' 생성 중...
[2026-09-26 16:05:39,224][INFO|database.py-upgrade_schema:285] >> 테이블 'mysafetydetail_other' 생성 중...
[2026-09-26 16:05:39,227][INFO|database.py-upgrade_schema:285] >> 테이블 'mysafetydetail_parking' 생성 중...
[2026-09-26 16:05:39,229][INFO|database.py-upgrade_schema:285] >> 테이블 'mysafetydetail_traffic' 생성 중...
[2026-09-26 16:05:39,231][INFO|database.py-upgrade_schema:285] >> 테이블 'mysafetymerge_other' 생성 중...
[2026-09-26 16:05:39,238][INFO|database.py-upgrade_schema:285] >> 테이블 'mysafetymerge_parking' 생성 중...
[2026-09-26 16:05:39,241][INFO|database.py-upgrade_schema:285] >> 테이블 'mysafetymerge_traffic' 생성 중...
[2026-09-26 16:05:39,245][INFO|database.py-_apply_versioned_migrations:452] >> [schema] DB 스키마 버전 1 적용
[2026-09-26 16:05:39,251][INFO|database.py-_apply_versioned_migrations:452] >> [schema] DB 스키마 버전 2 적용
[2026-09-26 16:05:39,253][INFO|database.py-_apply_versioned_migrations:452] >> [schema] DB 스키마 버전 3 적용
[2026-09-26 16:05:39,278][INFO|database.py-_apply_versioned_migrations:452] >> [schema] DB 스키마 버전 4 적용
[2026-09-26 16:05:39,295][INFO|duplicate_group_service.py-_log_info:53] >> [duplicate] payload exact 중복군 0개, 멤버 0건 재생성
[2026-09-26 16:05:39,329][INFO|database.py-backfill_synced_at:100] >> [migration] mysafetydetail_traffic synced_at 백필: 12건, 미해결 0건
[2026-09-26 16:05:39,333][INFO|database.py-backfill_synced_at:100] >> [migration] mysafetydetail_parking synced_at 백필: 6건, 미해결 0건
[2026-09-26 16:05:39,337][INFO|database.py-backfill_synced_at:100] >> [migration] mysafetydetail_other synced_at 백필: 6건, 미해결 0건
[2026-09-26 16:05:39,342][INFO|database.py-backfill_synced_at:105] >> [migration] synced_at 백필 완료: 총 24건 갱신, merge 재생성 시작
[2026-09-26 16:05:39,351][INFO|database.py-merge_final:736] >> 최종 데이터 병합 완료 (Traffic/Parking/Other 분리)
[2026-09-26 16:05:39,376][INFO|duplicate_group_service.py-_log_info:53] >> [duplicate] payload exact 중복군 1개, 멤버 2건 재생성
[2026-09-26 16:05:39,384][INFO|database.py-merge_final:736] >> 최종 데이터 병합 완료 (Traffic/Parking/Other 분리)
[2026-09-26 16:05:39,407][INFO|duplicate_group_service.py-_log_info:53] >> [duplicate] payload exact 중복군 1개, 멤버 2건 재생성
[2026-09-26 16:05:39,648][INFO|database.py-_normalize_processing_layers:188] >> [migration] raw/canonical 상태 정규화 완료: 총 5건 갱신
[2026-09-26 16:05:39,661][INFO|database.py-merge_final:736] >> 최종 데이터 병합 완료 (Traffic/Parking/Other 분리)
[2026-09-26 16:05:39,689][INFO|duplicate_group_service.py-_log_info:53] >> [duplicate] payload exact 중복군 1개, 멤버 2건 재생성
[2026-09-26 16:05:39,710][INFO|database.py-merge_final:736] >> 최종 데이터 병합 완료 (Traffic/Parking/Other 분리)
[2026-09-26 16:05:39,730][INFO|duplicate_group_service.py-_log_info:53] >> [duplicate] payload exact 중복군 1개, 멤버 2건 재생성
[2026-09-26 16:05:39,748][INFO|exchange.py-_restore_exclusive:413] >> mobile DB 복원 완료. 백업: /tmp/claude-1000/-home-better0101-projects-safetyreport/aa9d30e6-e7a5-4376-8fce-c9fb26682fbe/scratchpad/tmp.pjshWqXh38/backups/data_before_restore_20260926_160539.db, 신고건수: 2
.[2026-09-26 16:05:39,761][INFO|database.py-upgrade_schema:285] >> 테이블 'admin_users' 생성 중...
[2026-09-26 16:05:39,764][INFO|database.py-upgrade_schema:285] >> 테이블 'api_keys' 생성 중...
[2026-09-26 16:05:39,766][INFO|database.py-upgrade_schema:285] >> 테이블 'mysafety' 생성 중...
[2026-09-26 16:05:39,767][INFO|database.py-upgrade_schema:285] >> 테이블 'mysafety_change_cursor' 생성 중...
[2026-09-26 16:05:39,769][INFO|database.py-upgrade_schema:285] >> 테이블 'mysafety_change_log' 생성 중...
[2026-09-26 16:05:39,771][INFO|database.py-upgrade_schema:285] >> 테이블 'mysafety_duplicate_decision' 생성 중...
[2026-09-26 16:05:39,776][INFO|database.py-upgrade_schema:285] >> 테이블 'mysafety_duplicate_group' 생성 중...
[2026-09-26 16:05:39,778][INFO|database.py-upgrade_schema:285] >> 테이블 'mysafety_duplicate_member' 생성 중...
[2026-09-26 16:05:39,786][INFO|database.py-upgrade_schema:285] >> 테이블 'mysafety_entry_value' 생성 중...
[2026-09-26 16:05:39,788][INFO|database.py-upgrade_schema:285] >> 테이블 'mysafety_geocode_cache' 생성 중...
[2026-09-26 16:05:39,790][INFO|database.py-upgrade_schema:285] >> 테이블 'mysafety_raw_content' 생성 중...
[2026-09-26 16:05:39,791][INFO|database.py-upgrade_schema:285] >> 테이블 'mysafety_report_override' 생성 중...
[2026-09-26 16:05:39,792][INFO|database.py-upgrade_schema:285] >> 테이블 'mysafety_sync_meta' 생성 중...
[2026-09-26 16:05:39,794][INFO|database.py-upgrade_schema:285] >> 테이블 'mysafety_watchlist' 생성 중...
[2026-09-26 16:05:39,795][INFO|database.py-upgrade_schema:285] >> 테이블 'mysafetydetail_other' 생성 중...
[2026-09-26 16:05:39,797][INFO|database.py-upgrade_schema:285] >> 테이블 'mysafetydetail_parking' 생성 중...
[2026-09-26 16:05:39,798][INFO|database.py-upgrade_schema:285] >> 테이블 'mysafetydetail_traffic' 생성 중...
[2026-09-26 16:05:39,800][INFO|database.py-upgrade_schema:285] >> 테이블 'mysafetymerge_other' 생성 중...
[2026-09-26 16:05:39,802][INFO|database.py-upgrade_schema:285] >> 테이블 'mysafetymerge_parking' 생성 중...
[2026-09-26 16:05:39,804][INFO|database.py-upgrade_schema:285] >> 테이블 'mysafetymerge_traffic' 생성 중...
[2026-09-26 16:05:39,808][INFO|database.py-_apply_versioned_migrations:452] >> [schema] DB 스키마 버전 1 적용
[2026-09-26 16:05:39,815][INFO|database.py-_apply_versioned_migrations:452] >> [schema] DB 스키마 버전 2 적용
[2026-09-26 16:05:39,820][INFO|database.py-_apply_versioned_migrations:452] >> [schema] DB 스키마 버전 3 적용
[2026-09-26 16:05:39,833][INFO|database.py-_apply_versioned_migrations:452] >> [schema] DB 스키마 버전 4 적용
[2026-09-26 16:05:39,848][INFO|duplicate_group_service.py-_log_info:53] >> [duplicate] payload exact 중복군 0개, 멤버 0건 재생성
[2026-09-26 16:05:39,877][INFO|database.py-backfill_synced_at:100] >> [migration] mysafetydetail_traffic synced_at 백필: 12건, 미해결 0건
[2026-09-26 16:05:39,880][INFO|database.py-backfill_synced_at:100] >> [migration] mysafetydetail_parking synced_at 백필: 6건, 미해결 0건
[2026-09-26 16:05:39,883][INFO|database.py-backfill_synced_at:100] >> [migration] mysafetydetail_other synced_at 백필: 6건, 미해결 0건
[2026-09-26 16:05:39,887][INFO|database.py-backfill_synced_at:105] >> [migration] synced_at 백필 완료: 총 24건 갱신, merge 재생성 시작
[2026-09-26 16:05:39,893][INFO|database.py-merge_final:736] >> 최종 데이터 병합 완료 (Traffic/Parking/Other 분리)
[2026-09-26 16:05:39,916][INFO|duplicate_group_service.py-_log_info:53] >> [duplicate] payload exact 중복군 1개, 멤버 2건 재생성
[2026-09-26 16:05:39,926][INFO|database.py-merge_final:736] >> 최종 데이터 병합 완료 (Traffic/Parking/Other 분리)
[2026-09-26 16:05:39,948][INFO|duplicate_group_service.py-_log_info:53] >> [duplicate] payload exact 중복군 1개, 멤버 2건 재생성
[2026-09-26 16:05:40,148][INFO|database.py-_normalize_processing_layers:188] >> [migration] raw/canonical 상태 정규화 완료: 총 5건 갱신
[2026-09-26 16:05:40,164][INFO|database.py-merge_final:736] >> 최종 데이터 병합 완료 (Traffic/Parking/Other 분리)
[2026-09-26 16:05:40,208][INFO|duplicate_group_service.py-_log_info:53] >> [duplicate] payload exact 중복군 1개, 멤버 2건 재생성
[2026-09-26 16:05:40,232][INFO|database.py-merge_final:736] >> 최종 데이터 병합 완료 (Traffic/Parking/Other 분리)
[2026-09-26 16:05:40,246][INFO|duplicate_group_service.py-_log_info:53] >> [duplicate] payload exact 중복군 0개, 멤버 0건 재생성
[2026-09-26 16:05:40,265][INFO|exchange.py-_restore_exclusive:413] >> mobile DB 복원 완료. 백업: /tmp/claude-1000/-home-better0101-projects-safetyreport/aa9d30e6-e7a5-4376-8fce-c9fb26682fbe/scratchpad/tmp.pjshWqXh38/backups/data_before_restore_20260926_160540.db, 신고건수: 1
.[2026-09-26 16:05:40,277][INFO|database.py-upgrade_schema:285] >> 테이블 'admin_users' 생성 중...
[2026-09-26 16:05:40,281][INFO|database.py-upgrade_schema:285] >> 테이블 'api_keys' 생성 중...
[2026-09-26 16:05:40,283][INFO|database.py-upgrade_schema:285] >> 테이블 'mysafety' 생성 중...
[2026-09-26 16:05:40,285][INFO|database.py-upgrade_schema:285] >> 테이블 'mysafety_change_cursor' 생성 중...
[2026-09-26 16:05:40,286][INFO|database.py-upgrade_schema:285] >> 테이블 'mysafety_change_log' 생성 중...
[2026-09-26 16:05:40,288][INFO|database.py-upgrade_schema:285] >> 테이블 'mysafety_duplicate_decision' 생성 중...
[2026-09-26 16:05:40,290][INFO|database.py-upgrade_schema:285] >> 테이블 'mysafety_duplicate_group' 생성 중...
[2026-09-26 16:05:40,292][INFO|database.py-upgrade_schema:285] >> 테이블 'mysafety_duplicate_member' 생성 중...
[2026-09-26 16:05:40,294][INFO|database.py-upgrade_schema:285] >> 테이블 'mysafety_entry_value' 생성 중...
[2026-09-26 16:05:40,299][INFO|database.py-upgrade_schema:285] >> 테이블 'mysafety_geocode_cache' 생성 중...
[2026-09-26 16:05:40,301][INFO|database.py-upgrade_schema:285] >> 테이블 'mysafety_raw_content' 생성 중...
[2026-09-26 16:05:40,304][INFO|database.py-upgrade_schema:285] >> 테이블 'mysafety_report_override' 생성 중...
[2026-09-26 16:05:40,306][INFO|database.py-upgrade_schema:285] >> 테이블 'mysafety_sync_meta' 생성 중...
[2026-09-26 16:05:40,308][INFO|database.py-upgrade_schema:285] >> 테이블 'mysafety_watchlist' 생성 중...
[2026-09-26 16:05:40,310][INFO|database.py-upgrade_schema:285] >> 테이블 'mysafetydetail_other' 생성 중...
[2026-09-26 16:05:40,312][INFO|database.py-upgrade_schema:285] >> 테이블 'mysafetydetail_parking' 생성 중...
[2026-09-26 16:05:40,314][INFO|database.py-upgrade_schema:285] >> 테이블 'mysafetydetail_traffic' 생성 중...
[2026-09-26 16:05:40,315][INFO|database.py-upgrade_schema:285] >> 테이블 'mysafetymerge_other' 생성 중...
[2026-09-26 16:05:40,317][INFO|database.py-upgrade_schema:285] >> 테이블 'mysafetymerge_parking' 생성 중...
[2026-09-26 16:05:40,319][INFO|database.py-upgrade_schema:285] >> 테이블 'mysafetymerge_traffic' 생성 중...
[2026-09-26 16:05:40,322][INFO|database.py-_apply_versioned_migrations:452] >> [schema] DB 스키마 버전 1 적용
[2026-09-26 16:05:40,329][INFO|database.py-_apply_versioned_migrations:452] >> [schema] DB 스키마 버전 2 적용
[2026-09-26 16:05:40,333][INFO|database.py-_apply_versioned_migrations:452] >> [schema] DB 스키마 버전 3 적용
[2026-09-26 16:05:40,353][INFO|database.py-_apply_versioned_migrations:452] >> [schema] DB 스키마 버전 4 적용
[2026-09-26 16:05:40,369][INFO|duplicate_group_service.py-_log_info:53] >> [duplicate] payload exact 중복군 0개, 멤버 0건 재생성
[2026-09-26 16:05:40,399][INFO|database.py-backfill_synced_at:100] >> [migration] mysafetydetail_traffic synced_at 백필: 12건, 미해결 0건
[2026-09-26 16:05:40,402][INFO|database.py-backfill_synced_at:100] >> [migration] mysafetydetail_parking synced_at 백필: 6건, 미해결 0건
[2026-09-26 16:05:40,405][INFO|database.py-backfill_synced_at:100] >> [migration] mysafetydetail_other synced_at 백필: 6건, 미해결 0건
[2026-09-26 16:05:40,407][INFO|database.py-backfill_synced_at:105] >> [migration] synced_at 백필 완료: 총 24건 갱신, merge 재생성 시작
[2026-09-26 16:05:40,414][INFO|database.py-merge_final:736] >> 최종 데이터 병합 완료 (Traffic/Parking/Other 분리)
[2026-09-26 16:05:40,438][INFO|duplicate_group_service.py-_log_info:53] >> [duplicate] payload exact 중복군 1개, 멤버 2건 재생성
[2026-09-26 16:05:40,450][INFO|database.py-merge_final:736] >> 최종 데이터 병합 완료 (Traffic/Parking/Other 분리)
[2026-09-26 16:05:40,473][INFO|duplicate_group_service.py-_log_info:53] >> [duplicate] payload exact 중복군 1개, 멤버 2건 재생성
[2026-09-26 16:05:40,674][INFO|database.py-_normalize_processing_layers:188] >> [migration] raw/canonical 상태 정규화 완료: 총 5건 갱신
[2026-09-26 16:05:40,689][INFO|database.py-merge_final:736] >> 최종 데이터 병합 완료 (Traffic/Parking/Other 분리)
[2026-09-26 16:05:40,717][INFO|duplicate_group_service.py-_log_info:53] >> [duplicate] payload exact 중복군 1개, 멤버 2건 재생성
[2026-09-26 16:05:40,736][INFO|database.py-merge_final:736] >> 최종 데이터 병합 완료 (Traffic/Parking/Other 분리)
[2026-09-26 16:05:40,752][INFO|duplicate_group_service.py-_log_info:53] >> [duplicate] payload exact 중복군 0개, 멤버 0건 재생성
[2026-09-26 16:05:40,775][INFO|exchange.py-_restore_exclusive:413] >> mobile DB 복원 완료. 백업: /tmp/claude-1000/-home-better0101-projects-safetyreport/aa9d30e6-e7a5-4376-8fce-c9fb26682fbe/scratchpad/tmp.pjshWqXh38/backups/data_before_restore_20260926_160540.db, 신고건수: 1
.[2026-09-26 16:05:40,781][INFO|database.py-upgrade_schema:285] >> 테이블 'admin_users' 생성 중...
[2026-09-26 16:05:40,784][INFO|database.py-upgrade_schema:285] >> 테이블 'api_keys' 생성 중...
[2026-09-26 16:05:40,786][INFO|database.py-upgrade_schema:285] >> 테이블 'mysafety' 생성 중...
[2026-09-26 16:05:40,788][INFO|database.py-upgrade_schema:285] >> 테이블 'mysafety_change_cursor' 생성 중...
[2026-09-26 16:05:40,789][INFO|database.py-upgrade_schema:285] >> 테이블 'mysafety_change_log' 생성 중...
[2026-09-26 16:05:40,791][INFO|database.py-upgrade_schema:285] >> 테이블 'mysafety_duplicate_decision' 생성 중...
[2026-09-26 16:05:40,793][INFO|database.py-upgrade_schema:285] >> 테이블 'mysafety_duplicate_group' 생성 중...
[2026-09-26 16:05:40,798][INFO|database.py-upgrade_schema:285] >> 테이블 'mysafety_duplicate_member' 생성 중...
[2026-09-26 16:05:40,800][INFO|database.py-upgrade_schema:285] >> 테이블 'mysafety_entry_value' 생성 중...
[2026-09-26 16:05:40,801][INFO|database.py-upgrade_schema:285] >> 테이블 'mysafety_geocode_cache' 생성 중...
[2026-09-26 16:05:40,808][INFO|database.py-upgrade_schema:285] >> 테이블 'mysafety_raw_content' 생성 중...
[2026-09-26 16:05:40,810][INFO|database.py-upgrade_schema:285] >> 테이블 'mysafety_report_override' 생성 중...
[2026-09-26 16:05:40,811][INFO|database.py-upgrade_schema:285] >> 테이블 'mysafety_sync_meta' 생성 중...
[2026-09-26 16:05:40,813][INFO|database.py-upgrade_schema:285] >> 테이블 'mysafety_watchlist' 생성 중...
[2026-09-26 16:05:40,814][INFO|database.py-upgrade_schema:285] >> 테이블 'mysafetydetail_other' 생성 중...
[2026-09-26 16:05:40,816][INFO|database.py-upgrade_schema:285] >> 테이블 'mysafetydetail_parking' 생성 중...
[2026-09-26 16:05:40,818][INFO|database.py-upgrade_schema:285] >> 테이블 'mysafetydetail_traffic' 생성 중...
[2026-09-26 16:05:40,819][INFO|database.py-upgrade_schema:285] >> 테이블 'mysafetymerge_other' 생성 중...
[2026-09-26 16:05:40,821][INFO|database.py-upgrade_schema:285] >> 테이블 'mysafetymerge_parking' 생성 중...
[2026-09-26 16:05:40,823][INFO|database.py-upgrade_schema:285] >> 테이블 'mysafetymerge_traffic' 생성 중...
[2026-09-26 16:05:40,826][INFO|database.py-_apply_versioned_migrations:452] >> [schema] DB 스키마 버전 1 적용
[2026-09-26 16:05:40,831][INFO|database.py-_apply_versioned_migrations:452] >> [schema] DB 스키마 버전 2 적용
[2026-09-26 16:05:40,833][INFO|database.py-_apply_versioned_migrations:452] >> [schema] DB 스키마 버전 3 적용
[2026-09-26 16:05:40,850][INFO|database.py-_apply_versioned_migrations:452] >> [schema] DB 스키마 버전 4 적용
[2026-09-26 16:05:40,866][INFO|duplicate_group_service.py-_log_info:53] >> [duplicate] payload exact 중복군 0개, 멤버 0건 재생성
[2026-09-26 16:05:40,897][INFO|database.py-backfill_synced_at:100] >> [migration] mysafetydetail_traffic synced_at 백필: 12건, 미해결 0건
[2026-09-26 16:05:40,901][INFO|database.py-backfill_synced_at:100] >> [migration] mysafetydetail_parking synced_at 백필: 6건, 미해결 0건
[2026-09-26 16:05:40,904][INFO|database.py-backfill_synced_at:100] >> [migration] mysafetydetail_other synced_at 백필: 6건, 미해결 0건
[2026-09-26 16:05:40,905][INFO|database.py-backfill_synced_at:105] >> [migration] synced_at 백필 완료: 총 24건 갱신, merge 재생성 시작
[2026-09-26 16:05:40,911][INFO|database.py-merge_final:736] >> 최종 데이터 병합 완료 (Traffic/Parking/Other 분리)
[2026-09-26 16:05:40,944][INFO|duplicate_group_service.py-_log_info:53] >> [duplicate] payload exact 중복군 1개, 멤버 2건 재생성
[2026-09-26 16:05:40,951][INFO|database.py-merge_final:736] >> 최종 데이터 병합 완료 (Traffic/Parking/Other 분리)
[2026-09-26 16:05:40,975][INFO|duplicate_group_service.py-_log_info:53] >> [duplicate] payload exact 중복군 1개, 멤버 2건 재생성
.[2026-09-26 16:05:41,149][INFO|database.py-upgrade_schema:285] >> 테이블 'admin_users' 생성 중...
[2026-09-26 16:05:41,158][INFO|database.py-upgrade_schema:285] >> 테이블 'api_keys' 생성 중...
[2026-09-26 16:05:41,160][INFO|database.py-upgrade_schema:285] >> 테이블 'mysafety' 생성 중...
[2026-09-26 16:05:41,163][INFO|database.py-upgrade_schema:285] >> 테이블 'mysafety_change_cursor' 생성 중...
[2026-09-26 16:05:41,166][INFO|database.py-upgrade_schema:285] >> 테이블 'mysafety_change_log' 생성 중...
[2026-09-26 16:05:41,168][INFO|database.py-upgrade_schema:285] >> 테이블 'mysafety_duplicate_decision' 생성 중...
[2026-09-26 16:05:41,170][INFO|database.py-upgrade_schema:285] >> 테이블 'mysafety_duplicate_group' 생성 중...
[2026-09-26 16:05:41,172][INFO|database.py-upgrade_schema:285] >> 테이블 'mysafety_duplicate_member' 생성 중...
[2026-09-26 16:05:41,174][INFO|database.py-upgrade_schema:285] >> 테이블 'mysafety_entry_value' 생성 중...
[2026-09-26 16:05:41,175][INFO|database.py-upgrade_schema:285] >> 테이블 'mysafety_geocode_cache' 생성 중...
[2026-09-26 16:05:41,180][INFO|database.py-upgrade_schema:285] >> 테이블 'mysafety_raw_content' 생성 중...
[2026-09-26 16:05:41,182][INFO|database.py-upgrade_schema:285] >> 테이블 'mysafety_report_override' 생성 중...
[2026-09-26 16:05:41,184][INFO|database.py-upgrade_schema:285] >> 테이블 'mysafety_sync_meta' 생성 중...
[2026-09-26 16:05:41,187][INFO|database.py-upgrade_schema:285] >> 테이블 'mysafety_watchlist' 생성 중...
[2026-09-26 16:05:41,194][INFO|database.py-upgrade_schema:285] >> 테이블 'mysafetydetail_other' 생성 중...
[2026-09-26 16:05:41,196][INFO|database.py-upgrade_schema:285] >> 테이블 'mysafetydetail_parking' 생성 중...
[2026-09-26 16:05:41,198][INFO|database.py-upgrade_schema:285] >> 테이블 'mysafetydetail_traffic' 생성 중...
[2026-09-26 16:05:41,202][INFO|database.py-upgrade_schema:285] >> 테이블 'mysafetymerge_other' 생성 중...
[2026-09-26 16:05:41,204][INFO|database.py-upgrade_schema:285] >> 테이블 'mysafetymerge_parking' 생성 중...
[2026-09-26 16:05:41,206][INFO|database.py-upgrade_schema:285] >> 테이블 'mysafetymerge_traffic' 생성 중...
[2026-09-26 16:05:41,210][INFO|database.py-_apply_versioned_migrations:452] >> [schema] DB 스키마 버전 1 적용
[2026-09-26 16:05:41,215][INFO|database.py-_apply_versioned_migrations:452] >> [schema] DB 스키마 버전 2 적용
[2026-09-26 16:05:41,218][INFO|database.py-_apply_versioned_migrations:452] >> [schema] DB 스키마 버전 3 적용
[2026-09-26 16:05:41,241][INFO|database.py-_apply_versioned_migrations:452] >> [schema] DB 스키마 버전 4 적용
[2026-09-26 16:05:41,260][INFO|duplicate_group_service.py-_log_info:53] >> [duplicate] payload exact 중복군 0개, 멤버 0건 재생성
[2026-09-26 16:05:41,309][INFO|database.py-backfill_synced_at:100] >> [migration] mysafetydetail_traffic synced_at 백필: 12건, 미해결 0건
[2026-09-26 16:05:41,314][INFO|database.py-backfill_synced_at:100] >> [migration] mysafetydetail_parking synced_at 백필: 6건, 미해결 0건
[2026-09-26 16:05:41,317][INFO|database.py-backfill_synced_at:100] >> [migration] mysafetydetail_other synced_at 백필: 6건, 미해결 0건
[2026-09-26 16:05:41,319][INFO|database.py-backfill_synced_at:105] >> [migration] synced_at 백필 완료: 총 24건 갱신, merge 재생성 시작
[2026-09-26 16:05:41,328][INFO|database.py-merge_final:736] >> 최종 데이터 병합 완료 (Traffic/Parking/Other 분리)
[2026-09-26 16:05:41,353][INFO|duplicate_group_service.py-_log_info:53] >> [duplicate] payload exact 중복군 1개, 멤버 2건 재생성
[2026-09-26 16:05:41,364][INFO|database.py-merge_final:736] >> 최종 데이터 병합 완료 (Traffic/Parking/Other 분리)
[2026-09-26 16:05:41,393][INFO|duplicate_group_service.py-_log_info:53] >> [duplicate] payload exact 중복군 1개, 멤버 2건 재생성
.[2026-09-26 16:05:41,562][INFO|database.py-upgrade_schema:285] >> 테이블 'admin_users' 생성 중...
[2026-09-26 16:05:41,566][INFO|database.py-upgrade_schema:285] >> 테이블 'api_keys' 생성 중...
[2026-09-26 16:05:41,568][INFO|database.py-upgrade_schema:285] >> 테이블 'mysafety' 생성 중...
[2026-09-26 16:05:41,569][INFO|database.py-upgrade_schema:285] >> 테이블 'mysafety_change_cursor' 생성 중...
[2026-09-26 16:05:41,572][INFO|database.py-upgrade_schema:285] >> 테이블 'mysafety_change_log' 생성 중...
[2026-09-26 16:05:41,574][INFO|database.py-upgrade_schema:285] >> 테이블 'mysafety_duplicate_decision' 생성 중...
[2026-09-26 16:05:41,578][INFO|database.py-upgrade_schema:285] >> 테이블 'mysafety_duplicate_group' 생성 중...
[2026-09-26 16:05:41,580][INFO|database.py-upgrade_schema:285] >> 테이블 'mysafety_duplicate_member' 생성 중...
[2026-09-26 16:05:41,582][INFO|database.py-upgrade_schema:285] >> 테이블 'mysafety_entry_value' 생성 중...
[2026-09-26 16:05:41,588][INFO|database.py-upgrade_schema:285] >> 테이블 'mysafety_geocode_cache' 생성 중...
[2026-09-26 16:05:41,592][INFO|database.py-upgrade_schema:285] >> 테이블 'mysafety_raw_content' 생성 중...
[2026-09-26 16:05:41,594][INFO|database.py-upgrade_schema:285] >> 테이블 'mysafety_report_override' 생성 중...
[2026-09-26 16:05:41,596][INFO|database.py-upgrade_schema:285] >> 테이블 'mysafety_sync_meta' 생성 중...
[2026-09-26 16:05:41,598][INFO|database.py-upgrade_schema:285] >> 테이블 'mysafety_watchlist' 생성 중...
[2026-09-26 16:05:41,600][INFO|database.py-upgrade_schema:285] >> 테이블 'mysafetydetail_other' 생성 중...
[2026-09-26 16:05:41,602][INFO|database.py-upgrade_schema:285] >> 테이블 'mysafetydetail_parking' 생성 중...
[2026-09-26 16:05:41,604][INFO|database.py-upgrade_schema:285] >> 테이블 'mysafetydetail_traffic' 생성 중...
[2026-09-26 16:05:41,606][INFO|database.py-upgrade_schema:285] >> 테이블 'mysafetymerge_other' 생성 중...
[2026-09-26 16:05:41,612][INFO|database.py-upgrade_schema:285] >> 테이블 'mysafetymerge_parking' 생성 중...
[2026-09-26 16:05:41,613][INFO|database.py-upgrade_schema:285] >> 테이블 'mysafetymerge_traffic' 생성 중...
[2026-09-26 16:05:41,621][INFO|database.py-_apply_versioned_migrations:452] >> [schema] DB 스키마 버전 1 적용
[2026-09-26 16:05:41,627][INFO|database.py-_apply_versioned_migrations:452] >> [schema] DB 스키마 버전 2 적용
[2026-09-26 16:05:41,629][INFO|database.py-_apply_versioned_migrations:452] >> [schema] DB 스키마 버전 3 적용
[2026-09-26 16:05:41,654][INFO|database.py-_apply_versioned_migrations:452] >> [schema] DB 스키마 버전 4 적용
[2026-09-26 16:05:41,671][INFO|duplicate_group_service.py-_log_info:53] >> [duplicate] payload exact 중복군 0개, 멤버 0건 재생성
[2026-09-26 16:05:41,703][INFO|database.py-backfill_synced_at:100] >> [migration] mysafetydetail_traffic synced_at 백필: 12건, 미해결 0건
[2026-09-26 16:05:41,706][INFO|database.py-backfill_synced_at:100] >> [migration] mysafetydetail_parking synced_at 백필: 6건, 미해결 0건
[2026-09-26 16:05:41,709][INFO|database.py-backfill_synced_at:100] >> [migration] mysafetydetail_other synced_at 백필: 6건, 미해결 0건
[2026-09-26 16:05:41,711][INFO|database.py-backfill_synced_at:105] >> [migration] synced_at 백필 완료: 총 24건 갱신, merge 재생성 시작
[2026-09-26 16:05:41,717][INFO|database.py-merge_final:736] >> 최종 데이터 병합 완료 (Traffic/Parking/Other 분리)
[2026-09-26 16:05:41,741][INFO|duplicate_group_service.py-_log_info:53] >> [duplicate] payload exact 중복군 1개, 멤버 2건 재생성
[2026-09-26 16:05:41,749][INFO|database.py-merge_final:736] >> 최종 데이터 병합 완료 (Traffic/Parking/Other 분리)
[2026-09-26 16:05:41,773][INFO|duplicate_group_service.py-_log_info:53] >> [duplicate] payload exact 중복군 1개, 멤버 2건 재생성
.[2026-09-26 16:05:42,260][INFO|database.py-upgrade_schema:285] >> 테이블 'admin_users' 생성 중...
[2026-09-26 16:05:42,263][INFO|database.py-upgrade_schema:285] >> 테이블 'api_keys' 생성 중...
[2026-09-26 16:05:42,265][INFO|database.py-upgrade_schema:285] >> 테이블 'mysafety' 생성 중...
[2026-09-26 16:05:42,266][INFO|database.py-upgrade_schema:285] >> 테이블 'mysafety_change_cursor' 생성 중...
[2026-09-26 16:05:42,268][INFO|database.py-upgrade_schema:285] >> 테이블 'mysafety_change_log' 생성 중...
[2026-09-26 16:05:42,270][INFO|database.py-upgrade_schema:285] >> 테이블 'mysafety_duplicate_decision' 생성 중...
[2026-09-26 16:05:42,272][INFO|database.py-upgrade_schema:285] >> 테이블 'mysafety_duplicate_group' 생성 중...
[2026-09-26 16:05:42,274][INFO|database.py-upgrade_schema:285] >> 테이블 'mysafety_duplicate_member' 생성 중...
[2026-09-26 16:05:42,276][INFO|database.py-upgrade_schema:285] >> 테이블 'mysafety_entry_value' 생성 중...
[2026-09-26 16:05:42,281][INFO|database.py-upgrade_schema:285] >> 테이블 'mysafety_geocode_cache' 생성 중...
[2026-09-26 16:05:42,284][INFO|database.py-upgrade_schema:285] >> 테이블 'mysafety_raw_content' 생성 중...
[2026-09-26 16:05:42,287][INFO|database.py-upgrade_schema:285] >> 테이블 'mysafety_report_override' 생성 중...
[2026-09-26 16:05:42,290][INFO|database.py-upgrade_schema:285] >> 테이블 'mysafety_sync_meta' 생성 중...
[2026-09-26 16:05:42,292][INFO|database.py-upgrade_schema:285] >> 테이블 'mysafety_watchlist' 생성 중...
[2026-09-26 16:05:42,295][INFO|database.py-upgrade_schema:285] >> 테이블 'mysafetydetail_other' 생성 중...
[2026-09-26 16:05:42,298][INFO|database.py-upgrade_schema:285] >> 테이블 'mysafetydetail_parking' 생성 중...
[2026-09-26 16:05:42,300][INFO|database.py-upgrade_schema:285] >> 테이블 'mysafetydetail_traffic' 생성 중...
[2026-09-26 16:05:42,302][INFO|database.py-upgrade_schema:285] >> 테이블 'mysafetymerge_other' 생성 중...
[2026-09-26 16:05:42,304][INFO|database.py-upgrade_schema:285] >> 테이블 'mysafetymerge_parking' 생성 중...
[2026-09-26 16:05:42,307][INFO|database.py-upgrade_schema:285] >> 테이블 'mysafetymerge_traffic' 생성 중...
[2026-09-26 16:05:42,311][INFO|database.py-_apply_versioned_migrations:452] >> [schema] DB 스키마 버전 1 적용
[2026-09-26 16:05:42,318][INFO|database.py-_apply_versioned_migrations:452] >> [schema] DB 스키마 버전 2 적용
[2026-09-26 16:05:42,321][INFO|database.py-_apply_versioned_migrations:452] >> [schema] DB 스키마 버전 3 적용
[2026-09-26 16:05:42,340][INFO|database.py-_apply_versioned_migrations:452] >> [schema] DB 스키마 버전 4 적용
[2026-09-26 16:05:42,355][INFO|duplicate_group_service.py-_log_info:53] >> [duplicate] payload exact 중복군 0개, 멤버 0건 재생성
[2026-09-26 16:05:42,390][INFO|database.py-backfill_synced_at:100] >> [migration] mysafetydetail_traffic synced_at 백필: 12건, 미해결 0건
[2026-09-26 16:05:42,394][INFO|database.py-backfill_synced_at:100] >> [migration] mysafetydetail_parking synced_at 백필: 6건, 미해결 0건
[2026-09-26 16:05:42,397][INFO|database.py-backfill_synced_at:100] >> [migration] mysafetydetail_other synced_at 백필: 6건, 미해결 0건
[2026-09-26 16:05:42,399][INFO|database.py-backfill_synced_at:105] >> [migration] synced_at 백필 완료: 총 24건 갱신, merge 재생성 시작
[2026-09-26 16:05:42,408][INFO|database.py-merge_final:736] >> 최종 데이터 병합 완료 (Traffic/Parking/Other 분리)
[2026-09-26 16:05:42,432][INFO|duplicate_group_service.py-_log_info:53] >> [duplicate] payload exact 중복군 1개, 멤버 2건 재생성
[2026-09-26 16:05:42,439][INFO|database.py-merge_final:736] >> 최종 데이터 병합 완료 (Traffic/Parking/Other 분리)
[2026-09-26 16:05:42,463][INFO|duplicate_group_service.py-_log_info:53] >> [duplicate] payload exact 중복군 1개, 멤버 2건 재생성
.[2026-09-26 16:05:42,624][INFO|database.py-upgrade_schema:285] >> 테이블 'admin_users' 생성 중...
[2026-09-26 16:05:42,627][INFO|database.py-upgrade_schema:285] >> 테이블 'api_keys' 생성 중...
[2026-09-26 16:05:42,629][INFO|database.py-upgrade_schema:285] >> 테이블 'mysafety' 생성 중...
[2026-09-26 16:05:42,630][INFO|database.py-upgrade_schema:285] >> 테이블 'mysafety_change_cursor' 생성 중...
[2026-09-26 16:05:42,631][INFO|database.py-upgrade_schema:285] >> 테이블 'mysafety_change_log' 생성 중...
[2026-09-26 16:05:42,633][INFO|database.py-upgrade_schema:285] >> 테이블 'mysafety_duplicate_decision' 생성 중...
[2026-09-26 16:05:42,634][INFO|database.py-upgrade_schema:285] >> 테이블 'mysafety_duplicate_group' 생성 중...
[2026-09-26 16:05:42,636][INFO|database.py-upgrade_schema:285] >> 테이블 'mysafety_duplicate_member' 생성 중...
[2026-09-26 16:05:42,637][INFO|database.py-upgrade_schema:285] >> 테이블 'mysafety_entry_value' 생성 중...
[2026-09-26 16:05:42,639][INFO|database.py-upgrade_schema:285] >> 테이블 'mysafety_geocode_cache' 생성 중...
[2026-09-26 16:05:42,641][INFO|database.py-upgrade_schema:285] >> 테이블 'mysafety_raw_content' 생성 중...
[2026-09-26 16:05:42,648][INFO|database.py-upgrade_schema:285] >> 테이블 'mysafety_report_override' 생성 중...
[2026-09-26 16:05:42,654][INFO|database.py-upgrade_schema:285] >> 테이블 'mysafety_sync_meta' 생성 중...
[2026-09-26 16:05:42,656][INFO|database.py-upgrade_schema:285] >> 테이블 'mysafety_watchlist' 생성 중...
[2026-09-26 16:05:42,658][INFO|database.py-upgrade_schema:285] >> 테이블 'mysafetydetail_other' 생성 중...
[2026-09-26 16:05:42,659][INFO|database.py-upgrade_schema:285] >> 테이블 'mysafetydetail_parking' 생성 중...
[2026-09-26 16:05:42,661][INFO|database.py-upgrade_schema:285] >> 테이블 'mysafetydetail_traffic' 생성 중...
[2026-09-26 16:05:42,665][INFO|database.py-upgrade_schema:285] >> 테이블 'mysafetymerge_other' 생성 중...
[2026-09-26 16:05:42,667][INFO|database.py-upgrade_schema:285] >> 테이블 'mysafetymerge_parking' 생성 중...
[2026-09-26 16:05:42,674][INFO|database.py-upgrade_schema:285] >> 테이블 'mysafetymerge_traffic' 생성 중...
[2026-09-26 16:05:42,679][INFO|database.py-_apply_versioned_migrations:452] >> [schema] DB 스키마 버전 1 적용
[2026-09-26 16:05:42,684][INFO|database.py-_apply_versioned_migrations:452] >> [schema] DB 스키마 버전 2 적용
[2026-09-26 16:05:42,686][INFO|database.py-_apply_versioned_migrations:452] >> [schema] DB 스키마 버전 3 적용
[2026-09-26 16:05:42,707][INFO|database.py-_apply_versioned_migrations:452] >> [schema] DB 스키마 버전 4 적용
[2026-09-26 16:05:42,724][INFO|duplicate_group_service.py-_log_info:53] >> [duplicate] payload exact 중복군 0개, 멤버 0건 재생성
[2026-09-26 16:05:42,761][INFO|database.py-backfill_synced_at:100] >> [migration] mysafetydetail_traffic synced_at 백필: 12건, 미해결 0건
[2026-09-26 16:05:42,764][INFO|database.py-backfill_synced_at:100] >> [migration] mysafetydetail_parking synced_at 백필: 6건, 미해결 0건
[2026-09-26 16:05:42,767][INFO|database.py-backfill_synced_at:100] >> [migration] mysafetydetail_other synced_at 백필: 6건, 미해결 0건
[2026-09-26 16:05:42,768][INFO|database.py-backfill_synced_at:105] >> [migration] synced_at 백필 완료: 총 24건 갱신, merge 재생성 시작
[2026-09-26 16:05:42,777][INFO|database.py-merge_final:736] >> 최종 데이터 병합 완료 (Traffic/Parking/Other 분리)
[2026-09-26 16:05:42,805][INFO|duplicate_group_service.py-_log_info:53] >> [duplicate] payload exact 중복군 1개, 멤버 2건 재생성
[2026-09-26 16:05:42,816][INFO|database.py-merge_final:736] >> 최종 데이터 병합 완료 (Traffic/Parking/Other 분리)
[2026-09-26 16:05:42,843][INFO|duplicate_group_service.py-_log_info:53] >> [duplicate] payload exact 중복군 1개, 멤버 2건 재생성
[2026-09-26 16:05:43,046][INFO|database.py-_normalize_processing_layers:188] >> [migration] raw/canonical 상태 정규화 완료: 총 5건 갱신
[2026-09-26 16:05:43,063][INFO|database.py-merge_final:736] >> 최종 데이터 병합 완료 (Traffic/Parking/Other 분리)
[2026-09-26 16:05:43,097][INFO|duplicate_group_service.py-_log_info:53] >> [duplicate] payload exact 중복군 1개, 멤버 2건 재생성
[2026-09-26 16:05:43,119][INFO|database.py-merge_final:736] >> 최종 데이터 병합 완료 (Traffic/Parking/Other 분리)
[2026-09-26 16:05:43,133][INFO|duplicate_group_service.py-_log_info:53] >> [duplicate] payload exact 중복군 0개, 멤버 0건 재생성
[2026-09-26 16:05:43,160][INFO|exchange.py-_restore_exclusive:413] >> mobile DB 복원 완료. 백업: /tmp/claude-1000/-home-better0101-projects-safetyreport/aa9d30e6-e7a5-4376-8fce-c9fb26682fbe/scratchpad/tmp.pjshWqXh38/backups/data_before_restore_20260926_160543.db, 신고건수: 1
.[2026-09-26 16:05:43,170][INFO|database.py-upgrade_schema:285] >> 테이블 'admin_users' 생성 중...
[2026-09-26 16:05:43,179][INFO|database.py-upgrade_schema:285] >> 테이블 'api_keys' 생성 중...
[2026-09-26 16:05:43,183][INFO|database.py-upgrade_schema:285] >> 테이블 'mysafety' 생성 중...
[2026-09-26 16:05:43,185][INFO|database.py-upgrade_schema:285] >> 테이블 'mysafety_change_cursor' 생성 중...
[2026-09-26 16:05:43,186][INFO|database.py-upgrade_schema:285] >> 테이블 'mysafety_change_log' 생성 중...
[2026-09-26 16:05:43,188][INFO|database.py-upgrade_schema:285] >> 테이블 'mysafety_duplicate_decision' 생성 중...
[2026-09-26 16:05:43,189][INFO|database.py-upgrade_schema:285] >> 테이블 'mysafety_duplicate_group' 생성 중...
[2026-09-26 16:05:43,194][INFO|database.py-upgrade_schema:285] >> 테이블 'mysafety_duplicate_member' 생성 중...
[2026-09-26 16:05:43,204][INFO|database.py-upgrade_schema:285] >> 테이블 'mysafety_entry_value' 생성 중...
[2026-09-26 16:05:43,206][INFO|database.py-upgrade_schema:285] >> 테이블 'mysafety_geocode_cache' 생성 중...
[2026-09-26 16:05:43,209][INFO|database.py-upgrade_schema:285] >> 테이블 'mysafety_raw_content' 생성 중...
[2026-09-26 16:05:43,211][INFO|database.py-upgrade_schema:285] >> 테이블 'mysafety_report_override' 생성 중...
[2026-09-26 16:05:43,212][INFO|database.py-upgrade_schema:285] >> 테이블 'mysafety_sync_meta' 생성 중...
[2026-09-26 16:05:43,214][INFO|database.py-upgrade_schema:285] >> 테이블 'mysafety_watchlist' 생성 중...
[2026-09-26 16:05:43,216][INFO|database.py-upgrade_schema:285] >> 테이블 'mysafetydetail_other' 생성 중...
[2026-09-26 16:05:43,218][INFO|database.py-upgrade_schema:285] >> 테이블 'mysafetydetail_parking' 생성 중...
[2026-09-26 16:05:43,220][INFO|database.py-upgrade_schema:285] >> 테이블 'mysafetydetail_traffic' 생성 중...
[2026-09-26 16:05:43,221][INFO|database.py-upgrade_schema:285] >> 테이블 'mysafetymerge_other' 생성 중...
[2026-09-26 16:05:43,223][INFO|database.py-upgrade_schema:285] >> 테이블 'mysafetymerge_parking' 생성 중...
[2026-09-26 16:05:43,229][INFO|database.py-upgrade_schema:285] >> 테이블 'mysafetymerge_traffic' 생성 중...
[2026-09-26 16:05:43,236][INFO|database.py-_apply_versioned_migrations:452] >> [schema] DB 스키마 버전 1 적용
[2026-09-26 16:05:43,242][INFO|database.py-_apply_versioned_migrations:452] >> [schema] DB 스키마 버전 2 적용
[2026-09-26 16:05:43,244][INFO|database.py-_apply_versioned_migrations:452] >> [schema] DB 스키마 버전 3 적용
[2026-09-26 16:05:43,256][INFO|database.py-_apply_versioned_migrations:452] >> [schema] DB 스키마 버전 4 적용
[2026-09-26 16:05:43,271][INFO|duplicate_group_service.py-_log_info:53] >> [duplicate] payload exact 중복군 0개, 멤버 0건 재생성
[2026-09-26 16:05:43,303][INFO|database.py-backfill_synced_at:100] >> [migration] mysafetydetail_traffic synced_at 백필: 12건, 미해결 0건
[2026-09-26 16:05:43,306][INFO|database.py-backfill_synced_at:100] >> [migration] mysafetydetail_parking synced_at 백필: 6건, 미해결 0건
[2026-09-26 16:05:43,309][INFO|database.py-backfill_synced_at:100] >> [migration] mysafetydetail_other synced_at 백필: 6건, 미해결 0건
[2026-09-26 16:05:43,312][INFO|database.py-backfill_synced_at:105] >> [migration] synced_at 백필 완료: 총 24건 갱신, merge 재생성 시작
[2026-09-26 16:05:43,319][INFO|database.py-merge_final:736] >> 최종 데이터 병합 완료 (Traffic/Parking/Other 분리)
[2026-09-26 16:05:43,344][INFO|duplicate_group_service.py-_log_info:53] >> [duplicate] payload exact 중복군 1개, 멤버 2건 재생성
[2026-09-26 16:05:43,352][INFO|database.py-merge_final:736] >> 최종 데이터 병합 완료 (Traffic/Parking/Other 분리)
[2026-09-26 16:05:43,383][INFO|duplicate_group_service.py-_log_info:53] >> [duplicate] payload exact 중복군 1개, 멤버 2건 재생성
.[2026-09-26 16:05:43,571][INFO|database.py-upgrade_schema:285] >> 테이블 'admin_users' 생성 중...
[2026-09-26 16:05:43,578][INFO|database.py-upgrade_schema:285] >> 테이블 'api_keys' 생성 중...
[2026-09-26 16:05:43,580][INFO|database.py-upgrade_schema:285] >> 테이블 'mysafety' 생성 중...
[2026-09-26 16:05:43,586][INFO|database.py-upgrade_schema:285] >> 테이블 'mysafety_change_cursor' 생성 중...
[2026-09-26 16:05:43,589][INFO|database.py-upgrade_schema:285] >> 테이블 'mysafety_change_log' 생성 중...
[2026-09-26 16:05:43,591][INFO|database.py-upgrade_schema:285] >> 테이블 'mysafety_duplicate_decision' 생성 중...
[2026-09-26 16:05:43,593][INFO|database.py-upgrade_schema:285] >> 테이블 'mysafety_duplicate_group' 생성 중...
[2026-09-26 16:05:43,594][INFO|database.py-upgrade_schema:285] >> 테이블 'mysafety_duplicate_member' 생성 중...
[2026-09-26 16:05:43,596][INFO|database.py-upgrade_schema:285] >> 테이블 'mysafety_entry_value' 생성 중...
[2026-09-26 16:05:43,598][INFO|database.py-upgrade_schema:285] >> 테이블 'mysafety_geocode_cache' 생성 중...
[2026-09-26 16:05:43,600][INFO|database.py-upgrade_schema:285] >> 테이블 'mysafety_raw_content' 생성 중...
[2026-09-26 16:05:43,601][INFO|database.py-upgrade_schema:285] >> 테이블 'mysafety_report_override' 생성 중...
[2026-09-26 16:05:43,603][INFO|database.py-upgrade_schema:285] >> 테이블 'mysafety_sync_meta' 생성 중...
[2026-09-26 16:05:43,604][INFO|database.py-upgrade_schema:285] >> 테이블 'mysafety_watchlist' 생성 중...
[2026-09-26 16:05:43,606][INFO|database.py-upgrade_schema:285] >> 테이블 'mysafetydetail_other' 생성 중...
[2026-09-26 16:05:43,608][INFO|database.py-upgrade_schema:285] >> 테이블 'mysafetydetail_parking' 생성 중...
[2026-09-26 16:05:43,611][INFO|database.py-upgrade_schema:285] >> 테이블 'mysafetydetail_traffic' 생성 중...
[2026-09-26 16:05:43,613][INFO|database.py-upgrade_schema:285] >> 테이블 'mysafetymerge_other' 생성 중...
[2026-09-26 16:05:43,619][INFO|database.py-upgrade_schema:285] >> 테이블 'mysafetymerge_parking' 생성 중...
[2026-09-26 16:05:43,622][INFO|database.py-upgrade_schema:285] >> 테이블 'mysafetymerge_traffic' 생성 중...
[2026-09-26 16:05:43,627][INFO|database.py-_apply_versioned_migrations:452] >> [schema] DB 스키마 버전 1 적용
[2026-09-26 16:05:43,632][INFO|database.py-_apply_versioned_migrations:452] >> [schema] DB 스키마 버전 2 적용
[2026-09-26 16:05:43,634][INFO|database.py-_apply_versioned_migrations:452] >> [schema] DB 스키마 버전 3 적용
[2026-09-26 16:05:43,661][INFO|database.py-_apply_versioned_migrations:452] >> [schema] DB 스키마 버전 4 적용
[2026-09-26 16:05:43,676][INFO|duplicate_group_service.py-_log_info:53] >> [duplicate] payload exact 중복군 0개, 멤버 0건 재생성
[2026-09-26 16:05:43,708][INFO|database.py-backfill_synced_at:100] >> [migration] mysafetydetail_traffic synced_at 백필: 12건, 미해결 0건
[2026-09-26 16:05:43,713][INFO|database.py-backfill_synced_at:100] >> [migration] mysafetydetail_parking synced_at 백필: 6건, 미해결 0건
[2026-09-26 16:05:43,716][INFO|database.py-backfill_synced_at:100] >> [migration] mysafetydetail_other synced_at 백필: 6건, 미해결 0건
[2026-09-26 16:05:43,718][INFO|database.py-backfill_synced_at:105] >> [migration] synced_at 백필 완료: 총 24건 갱신, merge 재생성 시작
[2026-09-26 16:05:43,726][INFO|database.py-merge_final:736] >> 최종 데이터 병합 완료 (Traffic/Parking/Other 분리)
[2026-09-26 16:05:43,751][INFO|duplicate_group_service.py-_log_info:53] >> [duplicate] payload exact 중복군 1개, 멤버 2건 재생성
[2026-09-26 16:05:43,762][INFO|database.py-merge_final:736] >> 최종 데이터 병합 완료 (Traffic/Parking/Other 분리)
[2026-09-26 16:05:43,793][INFO|duplicate_group_service.py-_log_info:53] >> [duplicate] payload exact 중복군 1개, 멤버 2건 재생성
[2026-09-26 16:05:44,525][INFO|database.py-_normalize_processing_layers:188] >> [migration] raw/canonical 상태 정규화 완료: 총 5건 갱신
[2026-09-26 16:05:44,538][INFO|database.py-merge_final:736] >> 최종 데이터 병합 완료 (Traffic/Parking/Other 분리)
[2026-09-26 16:05:44,570][INFO|duplicate_group_service.py-_log_info:53] >> [duplicate] payload exact 중복군 1개, 멤버 2건 재생성
[2026-09-26 16:05:44,592][INFO|database.py-merge_final:736] >> 최종 데이터 병합 완료 (Traffic/Parking/Other 분리)
[2026-09-26 16:05:44,604][INFO|duplicate_group_service.py-_log_info:53] >> [duplicate] payload exact 중복군 0개, 멤버 0건 재생성
[2026-09-26 16:05:44,628][INFO|exchange.py-_restore_exclusive:413] >> mobile DB 복원 완료. 백업: /tmp/claude-1000/-home-better0101-projects-safetyreport/aa9d30e6-e7a5-4376-8fce-c9fb26682fbe/scratchpad/tmp.pjshWqXh38/backups/data_before_restore_20260926_160544.db, 신고건수: 1
.[2026-09-26 16:05:44,636][INFO|database.py-upgrade_schema:285] >> 테이블 'admin_users' 생성 중...
[2026-09-26 16:05:44,641][INFO|database.py-upgrade_schema:285] >> 테이블 'api_keys' 생성 중...
[2026-09-26 16:05:44,642][INFO|database.py-upgrade_schema:285] >> 테이블 'mysafety' 생성 중...
[2026-09-26 16:05:44,644][INFO|database.py-upgrade_schema:285] >> 테이블 'mysafety_change_cursor' 생성 중...
[2026-09-26 16:05:44,646][INFO|database.py-upgrade_schema:285] >> 테이블 'mysafety_change_log' 생성 중...
[2026-09-26 16:05:44,647][INFO|database.py-upgrade_schema:285] >> 테이블 'mysafety_duplicate_decision' 생성 중...
[2026-09-26 16:05:44,650][INFO|database.py-upgrade_schema:285] >> 테이블 'mysafety_duplicate_group' 생성 중...
[2026-09-26 16:05:44,652][INFO|database.py-upgrade_schema:285] >> 테이블 'mysafety_duplicate_member' 생성 중...
[2026-09-26 16:05:44,655][INFO|database.py-upgrade_schema:285] >> 테이블 'mysafety_entry_value' 생성 중...
[2026-09-26 16:05:44,656][INFO|database.py-upgrade_schema:285] >> 테이블 'mysafety_geocode_cache' 생성 중...
[2026-09-26 16:05:44,657][INFO|database.py-upgrade_schema:285] >> 테이블 'mysafety_raw_content' 생성 중...
[2026-09-26 16:05:44,659][INFO|database.py-upgrade_schema:285] >> 테이블 'mysafety_report_override' 생성 중...
[2026-09-26 16:05:44,661][INFO|database.py-upgrade_schema:285] >> 테이블 'mysafety_sync_meta' 생성 중...
[2026-09-26 16:05:44,662][INFO|database.py-upgrade_schema:285] >> 테이블 'mysafety_watchlist' 생성 중...
[2026-09-26 16:05:44,664][INFO|database.py-upgrade_schema:285] >> 테이블 'mysafetydetail_other' 생성 중...
[2026-09-26 16:05:44,666][INFO|database.py-upgrade_schema:285] >> 테이블 'mysafetydetail_parking' 생성 중...
[2026-09-26 16:05:44,668][INFO|database.py-upgrade_schema:285] >> 테이블 'mysafetydetail_traffic' 생성 중...
[2026-09-26 16:05:44,670][INFO|database.py-upgrade_schema:285] >> 테이블 'mysafetymerge_other' 생성 중...
[2026-09-26 16:05:44,674][INFO|database.py-upgrade_schema:285] >> 테이블 'mysafetymerge_parking' 생성 중...
[2026-09-26 16:05:44,680][INFO|database.py-upgrade_schema:285] >> 테이블 'mysafetymerge_traffic' 생성 중...
[2026-09-26 16:05:44,685][INFO|database.py-_apply_versioned_migrations:452] >> [schema] DB 스키마 버전 1 적용
[2026-09-26 16:05:44,690][INFO|database.py-_apply_versioned_migrations:452] >> [schema] DB 스키마 버전 2 적용
[2026-09-26 16:05:44,692][INFO|database.py-_apply_versioned_migrations:452] >> [schema] DB 스키마 버전 3 적용
[2026-09-26 16:05:44,708][INFO|database.py-_apply_versioned_migrations:452] >> [schema] DB 스키마 버전 4 적용
/home/better0101/projects/safetyreport/.venv/lib/python3.14/site-packages/sqlalchemy/sql/elements.py:2154: ResourceWarning: unclosed database in <sqlite3.Connection object at 0x7baef52b7d30>
  c._cloned_set.update(self._cloned_set)
ResourceWarning: Enable tracemalloc to get the object allocation traceback
[2026-09-26 16:05:44,737][INFO|duplicate_group_service.py-_log_info:53] >> [duplicate] payload exact 중복군 0개, 멤버 0건 재생성
[2026-09-26 16:05:44,771][INFO|database.py-backfill_synced_at:100] >> [migration] mysafetydetail_traffic synced_at 백필: 12건, 미해결 0건
[2026-09-26 16:05:44,775][INFO|database.py-backfill_synced_at:100] >> [migration] mysafetydetail_parking synced_at 백필: 6건, 미해결 0건
[2026-09-26 16:05:44,778][INFO|database.py-backfill_synced_at:100] >> [migration] mysafetydetail_other synced_at 백필: 6건, 미해결 0건
[2026-09-26 16:05:44,786][INFO|database.py-backfill_synced_at:105] >> [migration] synced_at 백필 완료: 총 24건 갱신, merge 재생성 시작
[2026-09-26 16:05:44,797][INFO|database.py-merge_final:736] >> 최종 데이터 병합 완료 (Traffic/Parking/Other 분리)
[2026-09-26 16:05:44,820][INFO|duplicate_group_service.py-_log_info:53] >> [duplicate] payload exact 중복군 1개, 멤버 2건 재생성
[2026-09-26 16:05:44,827][INFO|database.py-merge_final:736] >> 최종 데이터 병합 완료 (Traffic/Parking/Other 분리)
[2026-09-26 16:05:44,848][INFO|duplicate_group_service.py-_log_info:53] >> [duplicate] payload exact 중복군 1개, 멤버 2건 재생성
.[2026-09-26 16:05:44,991][INFO|database.py-upgrade_schema:285] >> 테이블 'admin_users' 생성 중...
[2026-09-26 16:05:44,994][INFO|database.py-upgrade_schema:285] >> 테이블 'api_keys' 생성 중...
[2026-09-26 16:05:44,996][INFO|database.py-upgrade_schema:285] >> 테이블 'mysafety' 생성 중...
[2026-09-26 16:05:44,997][INFO|database.py-upgrade_schema:285] >> 테이블 'mysafety_change_cursor' 생성 중...
[2026-09-26 16:05:44,999][INFO|database.py-upgrade_schema:285] >> 테이블 'mysafety_change_log' 생성 중...
[2026-09-26 16:05:45,001][INFO|database.py-upgrade_schema:285] >> 테이블 'mysafety_duplicate_decision' 생성 중...
[2026-09-26 16:05:45,003][INFO|database.py-upgrade_schema:285] >> 테이블 'mysafety_duplicate_group' 생성 중...
[2026-09-26 16:05:45,004][INFO|database.py-upgrade_schema:285] >> 테이블 'mysafety_duplicate_member' 생성 중...
[2026-09-26 16:05:45,006][INFO|database.py-upgrade_schema:285] >> 테이블 'mysafety_entry_value' 생성 중...
[2026-09-26 16:05:45,007][INFO|database.py-upgrade_schema:285] >> 테이블 'mysafety_geocode_cache' 생성 중...
[2026-09-26 16:05:45,008][INFO|database.py-upgrade_schema:285] >> 테이블 'mysafety_raw_content' 생성 중...
[2026-09-26 16:05:45,010][INFO|database.py-upgrade_schema:285] >> 테이블 'mysafety_report_override' 생성 중...
[2026-09-26 16:05:45,011][INFO|database.py-upgrade_schema:285] >> 테이블 'mysafety_sync_meta' 생성 중...
[2026-09-26 16:05:45,013][INFO|database.py-upgrade_schema:285] >> 테이블 'mysafety_watchlist' 생성 중...
[2026-09-26 16:05:45,014][INFO|database.py-upgrade_schema:285] >> 테이블 'mysafetydetail_other' 생성 중...
[2026-09-26 16:05:45,016][INFO|database.py-upgrade_schema:285] >> 테이블 'mysafetydetail_parking' 생성 중...
[2026-09-26 16:05:45,018][INFO|database.py-upgrade_schema:285] >> 테이블 'mysafetydetail_traffic' 생성 중...
[2026-09-26 16:05:45,020][INFO|database.py-upgrade_schema:285] >> 테이블 'mysafetymerge_other' 생성 중...
[2026-09-26 16:05:45,022][INFO|database.py-upgrade_schema:285] >> 테이블 'mysafetymerge_parking' 생성 중...
[2026-09-26 16:05:45,024][INFO|database.py-upgrade_schema:285] >> 테이블 'mysafetymerge_traffic' 생성 중...
[2026-09-26 16:05:45,028][INFO|database.py-_apply_versioned_migrations:452] >> [schema] DB 스키마 버전 1 적용
[2026-09-26 16:05:45,035][INFO|database.py-_apply_versioned_migrations:452] >> [schema] DB 스키마 버전 2 적용
[2026-09-26 16:05:45,038][INFO|database.py-_apply_versioned_migrations:452] >> [schema] DB 스키마 버전 3 적용
[2026-09-26 16:05:45,055][INFO|database.py-_apply_versioned_migrations:452] >> [schema] DB 스키마 버전 4 적용
[2026-09-26 16:05:45,084][INFO|duplicate_group_service.py-_log_info:53] >> [duplicate] payload exact 중복군 0개, 멤버 0건 재생성
[2026-09-26 16:05:45,123][INFO|database.py-backfill_synced_at:100] >> [migration] mysafetydetail_traffic synced_at 백필: 12건, 미해결 0건
[2026-09-26 16:05:45,128][INFO|database.py-backfill_synced_at:100] >> [migration] mysafetydetail_parking synced_at 백필: 6건, 미해결 0건
[2026-09-26 16:05:45,131][INFO|database.py-backfill_synced_at:100] >> [migration] mysafetydetail_other synced_at 백필: 6건, 미해결 0건
[2026-09-26 16:05:45,134][INFO|database.py-backfill_synced_at:105] >> [migration] synced_at 백필 완료: 총 24건 갱신, merge 재생성 시작
[2026-09-26 16:05:45,147][INFO|database.py-merge_final:736] >> 최종 데이터 병합 완료 (Traffic/Parking/Other 분리)
[2026-09-26 16:05:45,178][INFO|duplicate_group_service.py-_log_info:53] >> [duplicate] payload exact 중복군 1개, 멤버 2건 재생성
[2026-09-26 16:05:45,187][INFO|database.py-merge_final:736] >> 최종 데이터 병합 완료 (Traffic/Parking/Other 분리)
[2026-09-26 16:05:45,218][INFO|duplicate_group_service.py-_log_info:53] >> [duplicate] payload exact 중복군 1개, 멤버 2건 재생성
[2026-09-26 16:05:45,359][INFO|database.py-_get_new_and_incomplete_ids:460] >> 신규, 미종결 신고 건 스캔 시작
[2026-09-26 16:05:45,366][INFO|database.py-get_pending_detail_ids:618] >> 스캔대상 ID 총 24건
[2026-09-26 16:05:45,370][INFO|database.py-_get_new_and_incomplete_ids:460] >> 신규, 미종결 신고 건 스캔 시작
[2026-09-26 16:05:45,375][INFO|database.py-get_pending_detail_ids:618] >> 스캔대상 ID 총 24건
.[2026-09-26 16:05:45,391][INFO|database.py-upgrade_schema:285] >> 테이블 'admin_users' 생성 중...
[2026-09-26 16:05:45,396][INFO|database.py-upgrade_schema:285] >> 테이블 'api_keys' 생성 중...
[2026-09-26 16:05:45,398][INFO|database.py-upgrade_schema:285] >> 테이블 'mysafety' 생성 중...
[2026-09-26 16:05:45,400][INFO|database.py-upgrade_schema:285] >> 테이블 'mysafety_change_cursor' 생성 중...
[2026-09-26 16:05:45,402][INFO|database.py-upgrade_schema:285] >> 테이블 'mysafety_change_log' 생성 중...
[2026-09-26 16:05:45,404][INFO|database.py-upgrade_schema:285] >> 테이블 'mysafety_duplicate_decision' 생성 중...
[2026-09-26 16:05:45,406][INFO|database.py-upgrade_schema:285] >> 테이블 'mysafety_duplicate_group' 생성 중...
[2026-09-26 16:05:45,408][INFO|database.py-upgrade_schema:285] >> 테이블 'mysafety_duplicate_member' 생성 중...
[2026-09-26 16:05:45,410][INFO|database.py-upgrade_schema:285] >> 테이블 'mysafety_entry_value' 생성 중...
[2026-09-26 16:05:45,415][INFO|database.py-upgrade_schema:285] >> 테이블 'mysafety_geocode_cache' 생성 중...
[2026-09-26 16:05:45,417][INFO|database.py-upgrade_schema:285] >> 테이블 'mysafety_raw_content' 생성 중...
[2026-09-26 16:05:45,421][INFO|database.py-upgrade_schema:285] >> 테이블 'mysafety_report_override' 생성 중...
[2026-09-26 16:05:45,423][INFO|database.py-upgrade_schema:285] >> 테이블 'mysafety_sync_meta' 생성 중...
[2026-09-26 16:05:45,425][INFO|database.py-upgrade_schema:285] >> 테이블 'mysafety_watchlist' 생성 중...
[2026-09-26 16:05:45,427][INFO|database.py-upgrade_schema:285] >> 테이블 'mysafetydetail_other' 생성 중...
[2026-09-26 16:05:45,428][INFO|database.py-upgrade_schema:285] >> 테이블 'mysafetydetail_parking' 생성 중...
[2026-09-26 16:05:45,430][INFO|database.py-upgrade_schema:285] >> 테이블 'mysafetydetail_traffic' 생성 중...
[2026-09-26 16:05:45,432][INFO|database.py-upgrade_schema:285] >> 테이블 'mysafetymerge_other' 생성 중...
[2026-09-26 16:05:45,434][INFO|database.py-upgrade_schema:285] >> 테이블 'mysafetymerge_parking' 생성 중...
[2026-09-26 16:05:45,435][INFO|database.py-upgrade_schema:285] >> 테이블 'mysafetymerge_traffic' 생성 중...
[2026-09-26 16:05:45,439][INFO|database.py-_apply_versioned_migrations:452] >> [schema] DB 스키마 버전 1 적용
[2026-09-26 16:05:45,447][INFO|database.py-_apply_versioned_migrations:452] >> [schema] DB 스키마 버전 2 적용
[2026-09-26 16:05:45,456][INFO|database.py-_apply_versioned_migrations:452] >> [schema] DB 스키마 버전 3 적용
[2026-09-26 16:05:45,471][INFO|database.py-_apply_versioned_migrations:452] >> [schema] DB 스키마 버전 4 적용
[2026-09-26 16:05:45,509][INFO|duplicate_group_service.py-_log_info:53] >> [duplicate] payload exact 중복군 0개, 멤버 0건 재생성
[2026-09-26 16:05:45,549][INFO|database.py-backfill_synced_at:100] >> [migration] mysafetydetail_traffic synced_at 백필: 12건, 미해결 0건
[2026-09-26 16:05:45,552][INFO|database.py-backfill_synced_at:100] >> [migration] mysafetydetail_parking synced_at 백필: 6건, 미해결 0건
[2026-09-26 16:05:45,555][INFO|database.py-backfill_synced_at:100] >> [migration] mysafetydetail_other synced_at 백필: 6건, 미해결 0건
[2026-09-26 16:05:45,558][INFO|database.py-backfill_synced_at:105] >> [migration] synced_at 백필 완료: 총 24건 갱신, merge 재생성 시작
[2026-09-26 16:05:45,570][INFO|database.py-merge_final:736] >> 최종 데이터 병합 완료 (Traffic/Parking/Other 분리)
[2026-09-26 16:05:45,595][INFO|duplicate_group_service.py-_log_info:53] >> [duplicate] payload exact 중복군 1개, 멤버 2건 재생성
[2026-09-26 16:05:45,602][INFO|database.py-merge_final:736] >> 최종 데이터 병합 완료 (Traffic/Parking/Other 분리)
[2026-09-26 16:05:45,624][INFO|duplicate_group_service.py-_log_info:53] >> [duplicate] payload exact 중복군 1개, 멤버 2건 재생성
[2026-09-26 16:05:45,776][INFO|geocode_service.py-prepare_geo_payload:590] >> [geocode] 설정 누락으로 지오코딩 보류: 카카오 REST API 키가 비어 있습니다.
[2026-09-26 16:05:45,827][INFO|duplicate_group_service.py-_log_info:53] >> [duplicate] payload exact 중복군 1개, 멤버 2건 재생성
[2026-09-26 16:05:45,829][INFO|database.py-detail_to_sql:723] >> 총 1건 detail 저장 완료. (변경/신규: 1건, 실패: 0건)
[2026-09-26 16:05:45,835][INFO|database.py-merge_final:736] >> 최종 데이터 병합 완료 (Traffic/Parking/Other 분리)
[2026-09-26 16:05:45,859][INFO|duplicate_group_service.py-_log_info:53] >> [duplicate] payload exact 중복군 1개, 멤버 2건 재생성
.[2026-09-26 16:05:45,872][INFO|database.py-upgrade_schema:285] >> 테이블 'admin_users' 생성 중...
[2026-09-26 16:05:45,876][INFO|database.py-upgrade_schema:285] >> 테이블 'api_keys' 생성 중...
[2026-09-26 16:05:45,877][INFO|database.py-upgrade_schema:285] >> 테이블 'mysafety' 생성 중...
[2026-09-26 16:05:45,880][INFO|database.py-upgrade_schema:285] >> 테이블 'mysafety_change_cursor' 생성 중...
[2026-09-26 16:05:45,882][INFO|database.py-upgrade_schema:285] >> 테이블 'mysafety_change_log' 생성 중...
[2026-09-26 16:05:45,883][INFO|database.py-upgrade_schema:285] >> 테이블 'mysafety_duplicate_decision' 생성 중...
[2026-09-26 16:05:45,885][INFO|database.py-upgrade_schema:285] >> 테이블 'mysafety_duplicate_group' 생성 중...
[2026-09-26 16:05:45,888][INFO|database.py-upgrade_schema:285] >> 테이블 'mysafety_duplicate_member' 생성 중...
[2026-09-26 16:05:45,891][INFO|database.py-upgrade_schema:285] >> 테이블 'mysafety_entry_value' 생성 중...
[2026-09-26 16:05:45,893][INFO|database.py-upgrade_schema:285] >> 테이블 'mysafety_geocode_cache' 생성 중...
[2026-09-26 16:05:45,895][INFO|database.py-upgrade_schema:285] >> 테이블 'mysafety_raw_content' 생성 중...
[2026-09-26 16:05:45,897][INFO|database.py-upgrade_schema:285] >> 테이블 'mysafety_report_override' 생성 중...
[2026-09-26 16:05:45,898][INFO|database.py-upgrade_schema:285] >> 테이블 'mysafety_sync_meta' 생성 중...
[2026-09-26 16:05:45,900][INFO|database.py-upgrade_schema:285] >> 테이블 'mysafety_watchlist' 생성 중...
[2026-09-26 16:05:45,901][INFO|database.py-upgrade_schema:285] >> 테이블 'mysafetydetail_other' 생성 중...
[2026-09-26 16:05:45,903][INFO|database.py-upgrade_schema:285] >> 테이블 'mysafetydetail_parking' 생성 중...
[2026-09-26 16:05:45,905][INFO|database.py-upgrade_schema:285] >> 테이블 'mysafetydetail_traffic' 생성 중...
[2026-09-26 16:05:45,907][INFO|database.py-upgrade_schema:285] >> 테이블 'mysafetymerge_other' 생성 중...
[2026-09-26 16:05:45,909][INFO|database.py-upgrade_schema:285] >> 테이블 'mysafetymerge_parking' 생성 중...
[2026-09-26 16:05:45,912][INFO|database.py-upgrade_schema:285] >> 테이블 'mysafetymerge_traffic' 생성 중...
[2026-09-26 16:05:45,916][INFO|database.py-_apply_versioned_migrations:452] >> [schema] DB 스키마 버전 1 적용
[2026-09-26 16:05:45,923][INFO|database.py-_apply_versioned_migrations:452] >> [schema] DB 스키마 버전 2 적용
[2026-09-26 16:05:45,926][INFO|database.py-_apply_versioned_migrations:452] >> [schema] DB 스키마 버전 3 적용
[2026-09-26 16:05:45,938][INFO|database.py-_apply_versioned_migrations:452] >> [schema] DB 스키마 버전 4 적용
[2026-09-26 16:05:45,965][INFO|duplicate_group_service.py-_log_info:53] >> [duplicate] payload exact 중복군 0개, 멤버 0건 재생성
[2026-09-26 16:05:46,004][INFO|database.py-backfill_synced_at:100] >> [migration] mysafetydetail_traffic synced_at 백필: 12건, 미해결 0건
[2026-09-26 16:05:46,007][INFO|database.py-backfill_synced_at:100] >> [migration] mysafetydetail_parking synced_at 백필: 6건, 미해결 0건
[2026-09-26 16:05:46,011][INFO|database.py-backfill_synced_at:100] >> [migration] mysafetydetail_other synced_at 백필: 6건, 미해결 0건
[2026-09-26 16:05:46,014][INFO|database.py-backfill_synced_at:105] >> [migration] synced_at 백필 완료: 총 24건 갱신, merge 재생성 시작
[2026-09-26 16:05:46,027][INFO|database.py-merge_final:736] >> 최종 데이터 병합 완료 (Traffic/Parking/Other 분리)
[2026-09-26 16:05:46,052][INFO|duplicate_group_service.py-_log_info:53] >> [duplicate] payload exact 중복군 1개, 멤버 2건 재생성
[2026-09-26 16:05:46,064][INFO|database.py-merge_final:736] >> 최종 데이터 병합 완료 (Traffic/Parking/Other 분리)
[2026-09-26 16:05:46,088][INFO|duplicate_group_service.py-_log_info:53] >> [duplicate] payload exact 중복군 1개, 멤버 2건 재생성
[2026-09-26 16:05:46,225][INFO|database.py-title_to_sql:694] >> 총 1건 title 테이블 upsert 완료. (신규: 0건)
[2026-09-26 16:05:46,234][INFO|database.py-title_to_sql:694] >> 총 1건 title 테이블 upsert 완료. (신규: 0건)
.[2026-09-26 16:05:46,246][INFO|database.py-upgrade_schema:285] >> 테이블 'admin_users' 생성 중...
[2026-09-26 16:05:46,249][INFO|database.py-upgrade_schema:285] >> 테이블 'api_keys' 생성 중...
[2026-09-26 16:05:46,250][INFO|database.py-upgrade_schema:285] >> 테이블 'mysafety' 생성 중...
[2026-09-26 16:05:46,252][INFO|database.py-upgrade_schema:285] >> 테이블 'mysafety_change_cursor' 생성 중...
[2026-09-26 16:05:46,254][INFO|database.py-upgrade_schema:285] >> 테이블 'mysafety_change_log' 생성 중...
[2026-09-26 16:05:46,256][INFO|database.py-upgrade_schema:285] >> 테이블 'mysafety_duplicate_decision' 생성 중...
[2026-09-26 16:05:46,258][INFO|database.py-upgrade_schema:285] >> 테이블 'mysafety_duplicate_group' 생성 중...
[2026-09-26 16:05:46,263][INFO|database.py-upgrade_schema:285] >> 테이블 'mysafety_duplicate_member' 생성 중...
[2026-09-26 16:05:46,265][INFO|database.py-upgrade_schema:285] >> 테이블 'mysafety_entry_value' 생성 중...
[2026-09-26 16:05:46,267][INFO|database.py-upgrade_schema:285] >> 테이블 'mysafety_geocode_cache' 생성 중...
[2026-09-26 16:05:46,271][INFO|database.py-upgrade_schema:285] >> 테이블 'mysafety_raw_content' 생성 중...
[2026-09-26 16:05:46,276][INFO|database.py-upgrade_schema:285] >> 테이블 'mysafety_report_override' 생성 중...
[2026-09-26 16:05:46,278][INFO|database.py-upgrade_schema:285] >> 테이블 'mysafety_sync_meta' 생성 중...
[2026-09-26 16:05:46,281][INFO|database.py-upgrade_schema:285] >> 테이블 'mysafety_watchlist' 생성 중...
[2026-09-26 16:05:46,283][INFO|database.py-upgrade_schema:285] >> 테이블 'mysafetydetail_other' 생성 중...
[2026-09-26 16:05:46,285][INFO|database.py-upgrade_schema:285] >> 테이블 'mysafetydetail_parking' 생성 중...
[2026-09-26 16:05:46,289][INFO|database.py-upgrade_schema:285] >> 테이블 'mysafetydetail_traffic' 생성 중...
[2026-09-26 16:05:46,290][INFO|database.py-upgrade_schema:285] >> 테이블 'mysafetymerge_other' 생성 중...
[2026-09-26 16:05:46,292][INFO|database.py-upgrade_schema:285] >> 테이블 'mysafetymerge_parking' 생성 중...
[2026-09-26 16:05:46,294][INFO|database.py-upgrade_schema:285] >> 테이블 'mysafetymerge_traffic' 생성 중...
[2026-09-26 16:05:46,300][INFO|database.py-_apply_versioned_migrations:452] >> [schema] DB 스키마 버전 1 적용
[2026-09-26 16:05:46,307][INFO|database.py-_apply_versioned_migrations:452] >> [schema] DB 스키마 버전 2 적용
[2026-09-26 16:05:46,309][INFO|database.py-_apply_versioned_migrations:452] >> [schema] DB 스키마 버전 3 적용
[2026-09-26 16:05:46,338][INFO|database.py-_apply_versioned_migrations:452] >> [schema] DB 스키마 버전 4 적용
[2026-09-26 16:05:46,368][INFO|duplicate_group_service.py-_log_info:53] >> [duplicate] payload exact 중복군 0개, 멤버 0건 재생성
[2026-09-26 16:05:46,423][INFO|database.py-backfill_synced_at:100] >> [migration] mysafetydetail_traffic synced_at 백필: 12건, 미해결 0건
[2026-09-26 16:05:46,428][INFO|database.py-backfill_synced_at:100] >> [migration] mysafetydetail_parking synced_at 백필: 6건, 미해결 0건
[2026-09-26 16:05:46,433][INFO|database.py-backfill_synced_at:100] >> [migration] mysafetydetail_other synced_at 백필: 6건, 미해결 0건
[2026-09-26 16:05:46,441][INFO|database.py-backfill_synced_at:105] >> [migration] synced_at 백필 완료: 총 24건 갱신, merge 재생성 시작
[2026-09-26 16:05:46,454][INFO|database.py-merge_final:736] >> 최종 데이터 병합 완료 (Traffic/Parking/Other 분리)
[2026-09-26 16:05:46,485][INFO|duplicate_group_service.py-_log_info:53] >> [duplicate] payload exact 중복군 1개, 멤버 2건 재생성
[2026-09-26 16:05:46,494][INFO|database.py-merge_final:736] >> 최종 데이터 병합 완료 (Traffic/Parking/Other 분리)
[2026-09-26 16:05:46,522][INFO|duplicate_group_service.py-_log_info:53] >> [duplicate] payload exact 중복군 1개, 멤버 2건 재생성
.[2026-09-26 16:05:46,687][INFO|database.py-upgrade_schema:285] >> 테이블 'admin_users' 생성 중...
[2026-09-26 16:05:46,690][INFO|database.py-upgrade_schema:285] >> 테이블 'api_keys' 생성 중...
[2026-09-26 16:05:46,693][INFO|database.py-upgrade_schema:285] >> 테이블 'mysafety' 생성 중...
[2026-09-26 16:05:46,695][INFO|database.py-upgrade_schema:285] >> 테이블 'mysafety_change_cursor' 생성 중...
[2026-09-26 16:05:46,697][INFO|database.py-upgrade_schema:285] >> 테이블 'mysafety_change_log' 생성 중...
[2026-09-26 16:05:46,703][INFO|database.py-upgrade_schema:285] >> 테이블 'mysafety_duplicate_decision' 생성 중...
[2026-09-26 16:05:46,705][INFO|database.py-upgrade_schema:285] >> 테이블 'mysafety_duplicate_group' 생성 중...
[2026-09-26 16:05:46,708][INFO|database.py-upgrade_schema:285] >> 테이블 'mysafety_duplicate_member' 생성 중...
[2026-09-26 16:05:46,709][INFO|database.py-upgrade_schema:285] >> 테이블 'mysafety_entry_value' 생성 중...
[2026-09-26 16:05:46,711][INFO|database.py-upgrade_schema:285] >> 테이블 'mysafety_geocode_cache' 생성 중...
[2026-09-26 16:05:46,717][INFO|database.py-upgrade_schema:285] >> 테이블 'mysafety_raw_content' 생성 중...
[2026-09-26 16:05:46,719][INFO|database.py-upgrade_schema:285] >> 테이블 'mysafety_report_override' 생성 중...
[2026-09-26 16:05:46,727][INFO|database.py-upgrade_schema:285] >> 테이블 'mysafety_sync_meta' 생성 중...
[2026-09-26 16:05:46,729][INFO|database.py-upgrade_schema:285] >> 테이블 'mysafety_watchlist' 생성 중...
[2026-09-26 16:05:46,731][INFO|database.py-upgrade_schema:285] >> 테이블 'mysafetydetail_other' 생성 중...
[2026-09-26 16:05:46,733][INFO|database.py-upgrade_schema:285] >> 테이블 'mysafetydetail_parking' 생성 중...
[2026-09-26 16:05:46,734][INFO|database.py-upgrade_schema:285] >> 테이블 'mysafetydetail_traffic' 생성 중...
[2026-09-26 16:05:46,736][INFO|database.py-upgrade_schema:285] >> 테이블 'mysafetymerge_other' 생성 중...
[2026-09-26 16:05:46,738][INFO|database.py-upgrade_schema:285] >> 테이블 'mysafetymerge_parking' 생성 중...
[2026-09-26 16:05:46,742][INFO|database.py-upgrade_schema:285] >> 테이블 'mysafetymerge_traffic' 생성 중...
[2026-09-26 16:05:46,750][INFO|database.py-_apply_versioned_migrations:452] >> [schema] DB 스키마 버전 1 적용
[2026-09-26 16:05:46,757][INFO|database.py-_apply_versioned_migrations:452] >> [schema] DB 스키마 버전 2 적용
[2026-09-26 16:05:46,759][INFO|database.py-_apply_versioned_migrations:452] >> [schema] DB 스키마 버전 3 적용
[2026-09-26 16:05:46,771][INFO|database.py-_apply_versioned_migrations:452] >> [schema] DB 스키마 버전 4 적용
[2026-09-26 16:05:46,801][INFO|duplicate_group_service.py-_log_info:53] >> [duplicate] payload exact 중복군 0개, 멤버 0건 재생성
[2026-09-26 16:05:46,845][INFO|database.py-backfill_synced_at:100] >> [migration] mysafetydetail_traffic synced_at 백필: 12건, 미해결 0건
[2026-09-26 16:05:46,849][INFO|database.py-backfill_synced_at:100] >> [migration] mysafetydetail_parking synced_at 백필: 6건, 미해결 0건
[2026-09-26 16:05:46,852][INFO|database.py-backfill_synced_at:100] >> [migration] mysafetydetail_other synced_at 백필: 6건, 미해결 0건
[2026-09-26 16:05:46,854][INFO|database.py-backfill_synced_at:105] >> [migration] synced_at 백필 완료: 총 24건 갱신, merge 재생성 시작
[2026-09-26 16:05:46,866][INFO|database.py-merge_final:736] >> 최종 데이터 병합 완료 (Traffic/Parking/Other 분리)
[2026-09-26 16:05:46,890][INFO|duplicate_group_service.py-_log_info:53] >> [duplicate] payload exact 중복군 1개, 멤버 2건 재생성
[2026-09-26 16:05:46,897][INFO|database.py-merge_final:736] >> 최종 데이터 병합 완료 (Traffic/Parking/Other 분리)
[2026-09-26 16:05:46,919][INFO|duplicate_group_service.py-_log_info:53] >> [duplicate] payload exact 중복군 1개, 멤버 2건 재생성
.[2026-09-26 16:05:47,085][INFO|database.py-upgrade_schema:285] >> 테이블 'admin_users' 생성 중...
[2026-09-26 16:05:47,088][INFO|database.py-upgrade_schema:285] >> 테이블 'api_keys' 생성 중...
[2026-09-26 16:05:47,090][INFO|database.py-upgrade_schema:285] >> 테이블 'mysafety' 생성 중...
[2026-09-26 16:05:47,092][INFO|database.py-upgrade_schema:285] >> 테이블 'mysafety_change_cursor' 생성 중...
[2026-09-26 16:05:47,097][INFO|database.py-upgrade_schema:285] >> 테이블 'mysafety_change_log' 생성 중...
[2026-09-26 16:05:47,099][INFO|database.py-upgrade_schema:285] >> 테이블 'mysafety_duplicate_decision' 생성 중...
[2026-09-26 16:05:47,101][INFO|database.py-upgrade_schema:285] >> 테이블 'mysafety_duplicate_group' 생성 중...
[2026-09-26 16:05:47,104][INFO|database.py-upgrade_schema:285] >> 테이블 'mysafety_duplicate_member' 생성 중...
[2026-09-26 16:05:47,107][INFO|database.py-upgrade_schema:285] >> 테이블 'mysafety_entry_value' 생성 중...
[2026-09-26 16:05:47,110][INFO|database.py-upgrade_schema:285] >> 테이블 'mysafety_geocode_cache' 생성 중...
[2026-09-26 16:05:47,112][INFO|database.py-upgrade_schema:285] >> 테이블 'mysafety_raw_content' 생성 중...
[2026-09-26 16:05:47,114][INFO|database.py-upgrade_schema:285] >> 테이블 'mysafety_report_override' 생성 중...
[2026-09-26 16:05:47,116][INFO|database.py-upgrade_schema:285] >> 테이블 'mysafety_sync_meta' 생성 중...
[2026-09-26 16:05:47,117][INFO|database.py-upgrade_schema:285] >> 테이블 'mysafety_watchlist' 생성 중...
[2026-09-26 16:05:47,119][INFO|database.py-upgrade_schema:285] >> 테이블 'mysafetydetail_other' 생성 중...
[2026-09-26 16:05:47,120][INFO|database.py-upgrade_schema:285] >> 테이블 'mysafetydetail_parking' 생성 중...
[2026-09-26 16:05:47,122][INFO|database.py-upgrade_schema:285] >> 테이블 'mysafetydetail_traffic' 생성 중...
[2026-09-26 16:05:47,124][INFO|database.py-upgrade_schema:285] >> 테이블 'mysafetymerge_other' 생성 중...
[2026-09-26 16:05:47,129][INFO|database.py-upgrade_schema:285] >> 테이블 'mysafetymerge_parking' 생성 중...
[2026-09-26 16:05:47,131][INFO|database.py-upgrade_schema:285] >> 테이블 'mysafetymerge_traffic' 생성 중...
[2026-09-26 16:05:47,137][INFO|database.py-_apply_versioned_migrations:452] >> [schema] DB 스키마 버전 1 적용
[2026-09-26 16:05:47,147][INFO|database.py-_apply_versioned_migrations:452] >> [schema] DB 스키마 버전 2 적용
[2026-09-26 16:05:47,149][INFO|database.py-_apply_versioned_migrations:452] >> [schema] DB 스키마 버전 3 적용
[2026-09-26 16:05:47,164][INFO|database.py-_apply_versioned_migrations:452] >> [schema] DB 스키마 버전 4 적용
[2026-09-26 16:05:47,191][INFO|duplicate_group_service.py-_log_info:53] >> [duplicate] payload exact 중복군 0개, 멤버 0건 재생성
[2026-09-26 16:05:47,227][INFO|database.py-backfill_synced_at:100] >> [migration] mysafetydetail_traffic synced_at 백필: 12건, 미해결 0건
[2026-09-26 16:05:47,230][INFO|database.py-backfill_synced_at:100] >> [migration] mysafetydetail_parking synced_at 백필: 6건, 미해결 0건
[2026-09-26 16:05:47,233][INFO|database.py-backfill_synced_at:100] >> [migration] mysafetydetail_other synced_at 백필: 6건, 미해결 0건
[2026-09-26 16:05:47,235][INFO|database.py-backfill_synced_at:105] >> [migration] synced_at 백필 완료: 총 24건 갱신, merge 재생성 시작
[2026-09-26 16:05:47,255][INFO|database.py-merge_final:736] >> 최종 데이터 병합 완료 (Traffic/Parking/Other 분리)
[2026-09-26 16:05:47,280][INFO|duplicate_group_service.py-_log_info:53] >> [duplicate] payload exact 중복군 1개, 멤버 2건 재생성
[2026-09-26 16:05:47,288][INFO|database.py-merge_final:736] >> 최종 데이터 병합 완료 (Traffic/Parking/Other 분리)
[2026-09-26 16:05:47,312][INFO|duplicate_group_service.py-_log_info:53] >> [duplicate] payload exact 중복군 1개, 멤버 2건 재생성
.[2026-09-26 16:05:47,490][INFO|database.py-upgrade_schema:285] >> 테이블 'admin_users' 생성 중...
[2026-09-26 16:05:47,494][INFO|database.py-upgrade_schema:285] >> 테이블 'api_keys' 생성 중...
[2026-09-26 16:05:47,495][INFO|database.py-upgrade_schema:285] >> 테이블 'mysafety' 생성 중...
[2026-09-26 16:05:47,497][INFO|database.py-upgrade_schema:285] >> 테이블 'mysafety_change_cursor' 생성 중...
[2026-09-26 16:05:47,498][INFO|database.py-upgrade_schema:285] >> 테이블 'mysafety_change_log' 생성 중...
[2026-09-26 16:05:47,500][INFO|database.py-upgrade_schema:285] >> 테이블 'mysafety_duplicate_decision' 생성 중...
[2026-09-26 16:05:47,502][INFO|database.py-upgrade_schema:285] >> 테이블 'mysafety_duplicate_group' 생성 중...
[2026-09-26 16:05:47,503][INFO|database.py-upgrade_schema:285] >> 테이블 'mysafety_duplicate_member' 생성 중...
[2026-09-26 16:05:47,505][INFO|database.py-upgrade_schema:285] >> 테이블 'mysafety_entry_value' 생성 중...
[2026-09-26 16:05:47,508][INFO|database.py-upgrade_schema:285] >> 테이블 'mysafety_geocode_cache' 생성 중...
[2026-09-26 16:05:47,511][INFO|database.py-upgrade_schema:285] >> 테이블 'mysafety_raw_content' 생성 중...
[2026-09-26 16:05:47,513][INFO|database.py-upgrade_schema:285] >> 테이블 'mysafety_report_override' 생성 중...
[2026-09-26 16:05:47,515][INFO|database.py-upgrade_schema:285] >> 테이블 'mysafety_sync_meta' 생성 중...
[2026-09-26 16:05:47,516][INFO|database.py-upgrade_schema:285] >> 테이블 'mysafety_watchlist' 생성 중...
[2026-09-26 16:05:47,518][INFO|database.py-upgrade_schema:285] >> 테이블 'mysafetydetail_other' 생성 중...
[2026-09-26 16:05:47,522][INFO|database.py-upgrade_schema:285] >> 테이블 'mysafetydetail_parking' 생성 중...
[2026-09-26 16:05:47,531][INFO|database.py-upgrade_schema:285] >> 테이블 'mysafetydetail_traffic' 생성 중...
[2026-09-26 16:05:47,535][INFO|database.py-upgrade_schema:285] >> 테이블 'mysafetymerge_other' 생성 중...
[2026-09-26 16:05:47,537][INFO|database.py-upgrade_schema:285] >> 테이블 'mysafetymerge_parking' 생성 중...
[2026-09-26 16:05:47,545][INFO|database.py-upgrade_schema:285] >> 테이블 'mysafetymerge_traffic' 생성 중...
[2026-09-26 16:05:47,549][INFO|database.py-_apply_versioned_migrations:452] >> [schema] DB 스키마 버전 1 적용
[2026-09-26 16:05:47,556][INFO|database.py-_apply_versioned_migrations:452] >> [schema] DB 스키마 버전 2 적용
[2026-09-26 16:05:47,559][INFO|database.py-_apply_versioned_migrations:452] >> [schema] DB 스키마 버전 3 적용
[2026-09-26 16:05:47,580][INFO|database.py-_apply_versioned_migrations:452] >> [schema] DB 스키마 버전 4 적용
[2026-09-26 16:05:47,610][INFO|duplicate_group_service.py-_log_info:53] >> [duplicate] payload exact 중복군 0개, 멤버 0건 재생성
[2026-09-26 16:05:47,651][INFO|database.py-backfill_synced_at:100] >> [migration] mysafetydetail_traffic synced_at 백필: 12건, 미해결 0건
[2026-09-26 16:05:47,655][INFO|database.py-backfill_synced_at:100] >> [migration] mysafetydetail_parking synced_at 백필: 6건, 미해결 0건
[2026-09-26 16:05:47,658][INFO|database.py-backfill_synced_at:100] >> [migration] mysafetydetail_other synced_at 백필: 6건, 미해결 0건
[2026-09-26 16:05:47,660][INFO|database.py-backfill_synced_at:105] >> [migration] synced_at 백필 완료: 총 24건 갱신, merge 재생성 시작
[2026-09-26 16:05:47,676][INFO|database.py-merge_final:736] >> 최종 데이터 병합 완료 (Traffic/Parking/Other 분리)
[2026-09-26 16:05:47,702][INFO|duplicate_group_service.py-_log_info:53] >> [duplicate] payload exact 중복군 1개, 멤버 2건 재생성
[2026-09-26 16:05:47,714][INFO|database.py-merge_final:736] >> 최종 데이터 병합 완료 (Traffic/Parking/Other 분리)
[2026-09-26 16:05:47,738][INFO|duplicate_group_service.py-_log_info:53] >> [duplicate] payload exact 중복군 1개, 멤버 2건 재생성
.[2026-09-26 16:05:47,947][INFO|database.py-upgrade_schema:285] >> 테이블 'admin_users' 생성 중...
[2026-09-26 16:05:47,958][INFO|database.py-upgrade_schema:285] >> 테이블 'api_keys' 생성 중...
[2026-09-26 16:05:47,960][INFO|database.py-upgrade_schema:285] >> 테이블 'mysafety' 생성 중...
[2026-09-26 16:05:47,962][INFO|database.py-upgrade_schema:285] >> 테이블 'mysafety_change_cursor' 생성 중...
[2026-09-26 16:05:47,964][INFO|database.py-upgrade_schema:285] >> 테이블 'mysafety_change_log' 생성 중...
[2026-09-26 16:05:47,966][INFO|database.py-upgrade_schema:285] >> 테이블 'mysafety_duplicate_decision' 생성 중...
[2026-09-26 16:05:47,968][INFO|database.py-upgrade_schema:285] >> 테이블 'mysafety_duplicate_group' 생성 중...
[2026-09-26 16:05:47,970][INFO|database.py-upgrade_schema:285] >> 테이블 'mysafety_duplicate_member' 생성 중...
[2026-09-26 16:05:47,972][INFO|database.py-upgrade_schema:285] >> 테이블 'mysafety_entry_value' 생성 중...
[2026-09-26 16:05:47,974][INFO|database.py-upgrade_schema:285] >> 테이블 'mysafety_geocode_cache' 생성 중...
[2026-09-26 16:05:47,976][INFO|database.py-upgrade_schema:285] >> 테이블 'mysafety_raw_content' 생성 중...
[2026-09-26 16:05:47,978][INFO|database.py-upgrade_schema:285] >> 테이블 'mysafety_report_override' 생성 중...
[2026-09-26 16:05:47,980][INFO|database.py-upgrade_schema:285] >> 테이블 'mysafety_sync_meta' 생성 중...
[2026-09-26 16:05:47,981][INFO|database.py-upgrade_schema:285] >> 테이블 'mysafety_watchlist' 생성 중...
[2026-09-26 16:05:47,983][INFO|database.py-upgrade_schema:285] >> 테이블 'mysafetydetail_other' 생성 중...
[2026-09-26 16:05:47,985][INFO|database.py-upgrade_schema:285] >> 테이블 'mysafetydetail_parking' 생성 중...
[2026-09-26 16:05:47,987][INFO|database.py-upgrade_schema:285] >> 테이블 'mysafetydetail_traffic' 생성 중...
[2026-09-26 16:05:47,989][INFO|database.py-upgrade_schema:285] >> 테이블 'mysafetymerge_other' 생성 중...
[2026-09-26 16:05:47,992][INFO|database.py-upgrade_schema:285] >> 테이블 'mysafetymerge_parking' 생성 중...
[2026-09-26 16:05:47,995][INFO|database.py-upgrade_schema:285] >> 테이블 'mysafetymerge_traffic' 생성 중...
[2026-09-26 16:05:47,999][INFO|database.py-_apply_versioned_migrations:452] >> [schema] DB 스키마 버전 1 적용
[2026-09-26 16:05:48,005][INFO|database.py-_apply_versioned_migrations:452] >> [schema] DB 스키마 버전 2 적용
[2026-09-26 16:05:48,007][INFO|database.py-_apply_versioned_migrations:452] >> [schema] DB 스키마 버전 3 적용
[2026-09-26 16:05:48,032][INFO|database.py-_apply_versioned_migrations:452] >> [schema] DB 스키마 버전 4 적용
[2026-09-26 16:05:48,057][INFO|duplicate_group_service.py-_log_info:53] >> [duplicate] payload exact 중복군 0개, 멤버 0건 재생성
[2026-09-26 16:05:48,101][INFO|database.py-backfill_synced_at:100] >> [migration] mysafetydetail_traffic synced_at 백필: 12건, 미해결 0건
[2026-09-26 16:05:48,104][INFO|database.py-backfill_synced_at:100] >> [migration] mysafetydetail_parking synced_at 백필: 6건, 미해결 0건
[2026-09-26 16:05:48,108][INFO|database.py-backfill_synced_at:100] >> [migration] mysafetydetail_other synced_at 백필: 6건, 미해결 0건
[2026-09-26 16:05:48,109][INFO|database.py-backfill_synced_at:105] >> [migration] synced_at 백필 완료: 총 24건 갱신, merge 재생성 시작
/home/better0101/projects/safetyreport/.venv/lib/python3.14/site-packages/sqlalchemy/sql/coercions.py:314: ResourceWarning: unclosed file <_io.TextIOWrapper name='/tmp/claude-1000/-home-better0101-projects-safetyreport/aa9d30e6-e7a5-4376-8fce-c9fb26682fbe/scratchpad/tmp.pjshWqXh38/logs/t.log' mode='a' encoding='utf-8'>
  def expect(
ResourceWarning: Enable tracemalloc to get the object allocation traceback
[2026-09-26 16:05:48,341][INFO|database.py-merge_final:736] >> 최종 데이터 병합 완료 (Traffic/Parking/Other 분리)
[2026-09-26 16:05:48,368][INFO|duplicate_group_service.py-_log_info:53] >> [duplicate] payload exact 중복군 1개, 멤버 2건 재생성
[2026-09-26 16:05:48,378][INFO|database.py-merge_final:736] >> 최종 데이터 병합 완료 (Traffic/Parking/Other 분리)
[2026-09-26 16:05:48,401][INFO|duplicate_group_service.py-_log_info:53] >> [duplicate] payload exact 중복군 1개, 멤버 2건 재생성
[2026-09-26 16:05:48,534][INFO|geocode_service.py-prepare_geo_payload:590] >> [geocode] 설정 누락으로 지오코딩 보류: 카카오 REST API 키가 비어 있습니다.
[2026-09-26 16:05:48,588][INFO|duplicate_group_service.py-_log_info:53] >> [duplicate] payload exact 중복군 1개, 멤버 2건 재생성
[2026-09-26 16:05:48,592][INFO|database.py-detail_to_sql:723] >> 총 1건 detail 저장 완료. (변경/신규: 1건, 실패: 0건)
[2026-09-26 16:05:48,595][INFO|geocode_service.py-prepare_geo_payload:590] >> [geocode] 설정 누락으로 지오코딩 보류: 카카오 REST API 키가 비어 있습니다.
[2026-09-26 16:05:48,638][INFO|duplicate_group_service.py-_log_info:53] >> [duplicate] payload exact 중복군 1개, 멤버 2건 재생성
[2026-09-26 16:05:48,642][INFO|database.py-detail_to_sql:723] >> 총 1건 detail 저장 완료. (변경/신규: 0건, 실패: 0건)
[2026-09-26 16:05:48,647][INFO|geocode_service.py-prepare_geo_payload:590] >> [geocode] 설정 누락으로 지오코딩 보류: 카카오 REST API 키가 비어 있습니다.
[2026-09-26 16:05:48,689][INFO|duplicate_group_service.py-_log_info:53] >> [duplicate] payload exact 중복군 1개, 멤버 2건 재생성
[2026-09-26 16:05:48,691][INFO|database.py-detail_to_sql:723] >> 총 1건 detail 저장 완료. (변경/신규: 0건, 실패: 0건)
[2026-09-26 16:05:48,693][INFO|geocode_service.py-prepare_geo_payload:590] >> [geocode] 설정 누락으로 지오코딩 보류: 카카오 REST API 키가 비어 있습니다.
[2026-09-26 16:05:48,739][INFO|duplicate_group_service.py-_log_info:53] >> [duplicate] payload exact 중복군 1개, 멤버 2건 재생성
[2026-09-26 16:05:48,741][INFO|database.py-detail_to_sql:723] >> 총 1건 detail 저장 완료. (변경/신규: 1건, 실패: 0건)
.[2026-09-26 16:05:48,752][INFO|database.py-upgrade_schema:285] >> 테이블 'admin_users' 생성 중...
[2026-09-26 16:05:48,755][INFO|database.py-upgrade_schema:285] >> 테이블 'api_keys' 생성 중...
[2026-09-26 16:05:48,759][INFO|database.py-upgrade_schema:285] >> 테이블 'mysafety' 생성 중...
[2026-09-26 16:05:48,761][INFO|database.py-upgrade_schema:285] >> 테이블 'mysafety_change_cursor' 생성 중...
[2026-09-26 16:05:48,763][INFO|database.py-upgrade_schema:285] >> 테이블 'mysafety_change_log' 생성 중...
[2026-09-26 16:05:48,770][INFO|database.py-upgrade_schema:285] >> 테이블 'mysafety_duplicate_decision' 생성 중...
[2026-09-26 16:05:48,772][INFO|database.py-upgrade_schema:285] >> 테이블 'mysafety_duplicate_group' 생성 중...
[2026-09-26 16:05:48,774][INFO|database.py-upgrade_schema:285] >> 테이블 'mysafety_duplicate_member' 생성 중...
[2026-09-26 16:05:48,775][INFO|database.py-upgrade_schema:285] >> 테이블 'mysafety_entry_value' 생성 중...
[2026-09-26 16:05:48,777][INFO|database.py-upgrade_schema:285] >> 테이블 'mysafety_geocode_cache' 생성 중...
[2026-09-26 16:05:48,778][INFO|database.py-upgrade_schema:285] >> 테이블 'mysafety_raw_content' 생성 중...
[2026-09-26 16:05:48,780][INFO|database.py-upgrade_schema:285] >> 테이블 'mysafety_report_override' 생성 중...
[2026-09-26 16:05:48,781][INFO|database.py-upgrade_schema:285] >> 테이블 'mysafety_sync_meta' 생성 중...
[2026-09-26 16:05:48,783][INFO|database.py-upgrade_schema:285] >> 테이블 'mysafety_watchlist' 생성 중...
[2026-09-26 16:05:48,785][INFO|database.py-upgrade_schema:285] >> 테이블 'mysafetydetail_other' 생성 중...
[2026-09-26 16:05:48,787][INFO|database.py-upgrade_schema:285] >> 테이블 'mysafetydetail_parking' 생성 중...
[2026-09-26 16:05:48,789][INFO|database.py-upgrade_schema:285] >> 테이블 'mysafetydetail_traffic' 생성 중...
[2026-09-26 16:05:48,793][INFO|database.py-upgrade_schema:285] >> 테이블 'mysafetymerge_other' 생성 중...
[2026-09-26 16:05:48,795][INFO|database.py-upgrade_schema:285] >> 테이블 'mysafetymerge_parking' 생성 중...
[2026-09-26 16:05:48,804][INFO|database.py-upgrade_schema:285] >> 테이블 'mysafetymerge_traffic' 생성 중...
[2026-09-26 16:05:48,808][INFO|database.py-_apply_versioned_migrations:452] >> [schema] DB 스키마 버전 1 적용
[2026-09-26 16:05:48,814][INFO|database.py-_apply_versioned_migrations:452] >> [schema] DB 스키마 버전 2 적용
[2026-09-26 16:05:48,815][INFO|database.py-_apply_versioned_migrations:452] >> [schema] DB 스키마 버전 3 적용
[2026-09-26 16:05:48,840][INFO|database.py-_apply_versioned_migrations:452] >> [schema] DB 스키마 버전 4 적용
[2026-09-26 16:05:48,865][INFO|duplicate_group_service.py-_log_info:53] >> [duplicate] payload exact 중복군 0개, 멤버 0건 재생성
[2026-09-26 16:05:48,900][INFO|database.py-backfill_synced_at:100] >> [migration] mysafetydetail_traffic synced_at 백필: 12건, 미해결 0건
[2026-09-26 16:05:48,904][INFO|database.py-backfill_synced_at:100] >> [migration] mysafetydetail_parking synced_at 백필: 6건, 미해결 0건
[2026-09-26 16:05:48,908][INFO|database.py-backfill_synced_at:100] >> [migration] mysafetydetail_other synced_at 백필: 6건, 미해결 0건
[2026-09-26 16:05:48,910][INFO|database.py-backfill_synced_at:105] >> [migration] synced_at 백필 완료: 총 24건 갱신, merge 재생성 시작
[2026-09-26 16:05:48,926][INFO|database.py-merge_final:736] >> 최종 데이터 병합 완료 (Traffic/Parking/Other 분리)
[2026-09-26 16:05:48,952][INFO|duplicate_group_service.py-_log_info:53] >> [duplicate] payload exact 중복군 1개, 멤버 2건 재생성
[2026-09-26 16:05:48,960][INFO|database.py-merge_final:736] >> 최종 데이터 병합 완료 (Traffic/Parking/Other 분리)
[2026-09-26 16:05:48,984][INFO|duplicate_group_service.py-_log_info:53] >> [duplicate] payload exact 중복군 1개, 멤버 2건 재생성
.[2026-09-26 16:05:49,167][INFO|database.py-upgrade_schema:285] >> 테이블 'admin_users' 생성 중...
[2026-09-26 16:05:49,176][INFO|database.py-upgrade_schema:285] >> 테이블 'api_keys' 생성 중...
[2026-09-26 16:05:49,178][INFO|database.py-upgrade_schema:285] >> 테이블 'mysafety' 생성 중...
[2026-09-26 16:05:49,180][INFO|database.py-upgrade_schema:285] >> 테이블 'mysafety_change_cursor' 생성 중...
[2026-09-26 16:05:49,182][INFO|database.py-upgrade_schema:285] >> 테이블 'mysafety_change_log' 생성 중...
[2026-09-26 16:05:49,183][INFO|database.py-upgrade_schema:285] >> 테이블 'mysafety_duplicate_decision' 생성 중...
[2026-09-26 16:05:49,186][INFO|database.py-upgrade_schema:285] >> 테이블 'mysafety_duplicate_group' 생성 중...
[2026-09-26 16:05:49,189][INFO|database.py-upgrade_schema:285] >> 테이블 'mysafety_duplicate_member' 생성 중...
[2026-09-26 16:05:49,191][INFO|database.py-upgrade_schema:285] >> 테이블 'mysafety_entry_value' 생성 중...
[2026-09-26 16:05:49,193][INFO|database.py-upgrade_schema:285] >> 테이블 'mysafety_geocode_cache' 생성 중...
[2026-09-26 16:05:49,195][INFO|database.py-upgrade_schema:285] >> 테이블 'mysafety_raw_content' 생성 중...
[2026-09-26 16:05:49,203][INFO|database.py-upgrade_schema:285] >> 테이블 'mysafety_report_override' 생성 중...
[2026-09-26 16:05:49,205][INFO|database.py-upgrade_schema:285] >> 테이블 'mysafety_sync_meta' 생성 중...
[2026-09-26 16:05:49,208][INFO|database.py-upgrade_schema:285] >> 테이블 'mysafety_watchlist' 생성 중...
[2026-09-26 16:05:49,210][INFO|database.py-upgrade_schema:285] >> 테이블 'mysafetydetail_other' 생성 중...
[2026-09-26 16:05:49,212][INFO|database.py-upgrade_schema:285] >> 테이블 'mysafetydetail_parking' 생성 중...
[2026-09-26 16:05:49,214][INFO|database.py-upgrade_schema:285] >> 테이블 'mysafetydetail_traffic' 생성 중...
[2026-09-26 16:05:49,217][INFO|database.py-upgrade_schema:285] >> 테이블 'mysafetymerge_other' 생성 중...
[2026-09-26 16:05:49,221][INFO|database.py-upgrade_schema:285] >> 테이블 'mysafetymerge_parking' 생성 중...
[2026-09-26 16:05:49,225][INFO|database.py-upgrade_schema:285] >> 테이블 'mysafetymerge_traffic' 생성 중...
[2026-09-26 16:05:49,230][INFO|database.py-_apply_versioned_migrations:452] >> [schema] DB 스키마 버전 1 적용
[2026-09-26 16:05:49,236][INFO|database.py-_apply_versioned_migrations:452] >> [schema] DB 스키마 버전 2 적용
[2026-09-26 16:05:49,238][INFO|database.py-_apply_versioned_migrations:452] >> [schema] DB 스키마 버전 3 적용
[2026-09-26 16:05:49,260][INFO|database.py-_apply_versioned_migrations:452] >> [schema] DB 스키마 버전 4 적용
[2026-09-26 16:05:49,292][INFO|duplicate_group_service.py-_log_info:53] >> [duplicate] payload exact 중복군 0개, 멤버 0건 재생성
[2026-09-26 16:05:49,338][INFO|database.py-backfill_synced_at:100] >> [migration] mysafetydetail_traffic synced_at 백필: 12건, 미해결 0건
[2026-09-26 16:05:49,341][INFO|database.py-backfill_synced_at:100] >> [migration] mysafetydetail_parking synced_at 백필: 6건, 미해결 0건
[2026-09-26 16:05:49,344][INFO|database.py-backfill_synced_at:100] >> [migration] mysafetydetail_other synced_at 백필: 6건, 미해결 0건
[2026-09-26 16:05:49,346][INFO|database.py-backfill_synced_at:105] >> [migration] synced_at 백필 완료: 총 24건 갱신, merge 재생성 시작
[2026-09-26 16:05:49,364][INFO|database.py-merge_final:736] >> 최종 데이터 병합 완료 (Traffic/Parking/Other 분리)
[2026-09-26 16:05:49,397][INFO|duplicate_group_service.py-_log_info:53] >> [duplicate] payload exact 중복군 1개, 멤버 2건 재생성
[2026-09-26 16:05:49,406][INFO|database.py-merge_final:736] >> 최종 데이터 병합 완료 (Traffic/Parking/Other 분리)
[2026-09-26 16:05:49,435][INFO|duplicate_group_service.py-_log_info:53] >> [duplicate] payload exact 중복군 1개, 멤버 2건 재생성
[2026-09-26 16:05:49,587][INFO|database.py-title_to_sql:694] >> 총 1건 title 테이블 upsert 완료. (신규: 0건)
[2026-09-26 16:05:49,593][INFO|database.py-title_to_sql:694] >> 총 1건 title 테이블 upsert 완료. (신규: 0건)
..[2026-09-26 16:05:49,752][INFO|database.py-upgrade_schema:285] >> 테이블 'mysafety_change_cursor' 생성 중...
[2026-09-26 16:05:49,755][INFO|database.py-upgrade_schema:285] >> 테이블 'mysafety_change_log' 생성 중...
[2026-09-26 16:05:49,757][INFO|database.py-upgrade_schema:285] >> 테이블 'mysafety_duplicate_decision' 생성 중...
[2026-09-26 16:05:49,760][INFO|database.py-upgrade_schema:285] >> 테이블 'mysafety_geocode_cache' 생성 중...
[2026-09-26 16:05:49,766][INFO|database.py-upgrade_schema:285] >> 테이블 'mysafety_report_override' 생성 중...
[2026-09-26 16:05:49,770][WARNING|database.py-upgrade_schema:304] >> 'mysafetydetail_other' 테이블에 '주소정규화' 컬럼을 추가합니다.
[2026-09-26 16:05:49,772][WARNING|database.py-upgrade_schema:304] >> 'mysafetydetail_other' 테이블에 '행정구역' 컬럼을 추가합니다.
[2026-09-26 16:05:49,774][WARNING|database.py-upgrade_schema:304] >> 'mysafetydetail_other' 테이블에 '위도' 컬럼을 추가합니다.
[2026-09-26 16:05:49,775][WARNING|database.py-upgrade_schema:304] >> 'mysafetydetail_other' 테이블에 '경도' 컬럼을 추가합니다.
[2026-09-26 16:05:49,777][WARNING|database.py-upgrade_schema:304] >> 'mysafetydetail_other' 테이블에 '지오코딩상태' 컬럼을 추가합니다.
[2026-09-26 16:05:49,779][WARNING|database.py-upgrade_schema:304] >> 'mysafetydetail_other' 테이블에 '사진_첫촬영' 컬럼을 추가합니다.
[2026-09-26 16:05:49,780][WARNING|database.py-upgrade_schema:304] >> 'mysafetydetail_other' 테이블에 '사진_끝촬영' 컬럼을 추가합니다.
[2026-09-26 16:05:49,782][WARNING|database.py-upgrade_schema:304] >> 'mysafetydetail_other' 테이블에 '사진_촬영수' 컬럼을 추가합니다.
[2026-09-26 16:05:49,785][WARNING|database.py-upgrade_schema:304] >> 'mysafetydetail_parking' 테이블에 '주소정규화' 컬럼을 추가합니다.
[2026-09-26 16:05:49,786][WARNING|database.py-upgrade_schema:304] >> 'mysafetydetail_parking' 테이블에 '행정구역' 컬럼을 추가합니다.
[2026-09-26 16:05:49,788][WARNING|database.py-upgrade_schema:304] >> 'mysafetydetail_parking' 테이블에 '위도' 컬럼을 추가합니다.
[2026-09-26 16:05:49,792][WARNING|database.py-upgrade_schema:304] >> 'mysafetydetail_parking' 테이블에 '경도' 컬럼을 추가합니다.
[2026-09-26 16:05:49,794][WARNING|database.py-upgrade_schema:304] >> 'mysafetydetail_parking' 테이블에 '지오코딩상태' 컬럼을 추가합니다.
[2026-09-26 16:05:49,802][WARNING|database.py-upgrade_schema:304] >> 'mysafetydetail_parking' 테이블에 '사진_첫촬영' 컬럼을 추가합니다.
[2026-09-26 16:05:49,804][WARNING|database.py-upgrade_schema:304] >> 'mysafetydetail_parking' 테이블에 '사진_끝촬영' 컬럼을 추가합니다.
[2026-09-26 16:05:49,806][WARNING|database.py-upgrade_schema:304] >> 'mysafetydetail_parking' 테이블에 '사진_촬영수' 컬럼을 추가합니다.
[2026-09-26 16:05:49,808][WARNING|database.py-upgrade_schema:304] >> 'mysafetydetail_traffic' 테이블에 '주소정규화' 컬럼을 추가합니다.
[2026-09-26 16:05:49,810][WARNING|database.py-upgrade_schema:304] >> 'mysafetydetail_traffic' 테이블에 '행정구역' 컬럼을 추가합니다.
[2026-09-26 16:05:49,811][WARNING|database.py-upgrade_schema:304] >> 'mysafetydetail_traffic' 테이블에 '위도' 컬럼을 추가합니다.
[2026-09-26 16:05:49,813][WARNING|database.py-upgrade_schema:304] >> 'mysafetydetail_traffic' 테이블에 '경도' 컬럼을 추가합니다.
[2026-09-26 16:05:49,815][WARNING|database.py-upgrade_schema:304] >> 'mysafetydetail_traffic' 테이블에 '지오코딩상태' 컬럼을 추가합니다.
[2026-09-26 16:05:49,816][WARNING|database.py-upgrade_schema:304] >> 'mysafetydetail_traffic' 테이블에 '사진_첫촬영' 컬럼을 추가합니다.
[2026-09-26 16:05:49,818][WARNING|database.py-upgrade_schema:304] >> 'mysafetydetail_traffic' 테이블에 '사진_끝촬영' 컬럼을 추가합니다.
[2026-09-26 16:05:49,819][WARNING|database.py-upgrade_schema:304] >> 'mysafetydetail_traffic' 테이블에 '사진_촬영수' 컬럼을 추가합니다.
[2026-09-26 16:05:49,822][WARNING|database.py-upgrade_schema:304] >> 'mysafetymerge_other' 테이블에 '주소정규화' 컬럼을 추가합니다.
[2026-09-26 16:05:49,826][WARNING|database.py-upgrade_schema:304] >> 'mysafetymerge_other' 테이블에 '행정구역' 컬럼을 추가합니다.
[2026-09-26 16:05:49,828][WARNING|database.py-upgrade_schema:304] >> 'mysafetymerge_other' 테이블에 '위도' 컬럼을 추가합니다.
[2026-09-26 16:05:49,836][WARNING|database.py-upgrade_schema:304] >> 'mysafetymerge_other' 테이블에 '경도' 컬럼을 추가합니다.
[2026-09-26 16:05:49,839][WARNING|database.py-upgrade_schema:304] >> 'mysafetymerge_other' 테이블에 '지오코딩상태' 컬럼을 추가합니다.
[2026-09-26 16:05:49,842][WARNING|database.py-upgrade_schema:304] >> 'mysafetymerge_other' 테이블에 '사진_첫촬영' 컬럼을 추가합니다.
[2026-09-26 16:05:49,843][WARNING|database.py-upgrade_schema:304] >> 'mysafetymerge_other' 테이블에 '사진_끝촬영' 컬럼을 추가합니다.
[2026-09-26 16:05:49,845][WARNING|database.py-upgrade_schema:304] >> 'mysafetymerge_other' 테이블에 '사진_촬영수' 컬럼을 추가합니다.
[2026-09-26 16:05:49,847][WARNING|database.py-upgrade_schema:304] >> 'mysafetymerge_parking' 테이블에 '주소정규화' 컬럼을 추가합니다.
[2026-09-26 16:05:49,849][WARNING|database.py-upgrade_schema:304] >> 'mysafetymerge_parking' 테이블에 '행정구역' 컬럼을 추가합니다.
[2026-09-26 16:05:49,850][WARNING|database.py-upgrade_schema:304] >> 'mysafetymerge_parking' 테이블에 '위도' 컬럼을 추가합니다.
[2026-09-26 16:05:49,852][WARNING|database.py-upgrade_schema:304] >> 'mysafetymerge_parking' 테이블에 '경도' 컬럼을 추가합니다.
[2026-09-26 16:05:49,854][WARNING|database.py-upgrade_schema:304] >> 'mysafetymerge_parking' 테이블에 '지오코딩상태' 컬럼을 추가합니다.
[2026-09-26 16:05:49,859][WARNING|database.py-upgrade_schema:304] >> 'mysafetymerge_parking' 테이블에 '사진_첫촬영' 컬럼을 추가합니다.
[2026-09-26 16:05:49,861][WARNING|database.py-upgrade_schema:304] >> 'mysafetymerge_parking' 테이블에 '사진_끝촬영' 컬럼을 추가합니다.
[2026-09-26 16:05:49,862][WARNING|database.py-upgrade_schema:304] >> 'mysafetymerge_parking' 테이블에 '사진_촬영수' 컬럼을 추가합니다.
[2026-09-26 16:05:49,867][WARNING|database.py-upgrade_schema:304] >> 'mysafetymerge_traffic' 테이블에 '주소정규화' 컬럼을 추가합니다.
[2026-09-26 16:05:49,869][WARNING|database.py-upgrade_schema:304] >> 'mysafetymerge_traffic' 테이블에 '행정구역' 컬럼을 추가합니다.
[2026-09-26 16:05:49,871][WARNING|database.py-upgrade_schema:304] >> 'mysafetymerge_traffic' 테이블에 '위도' 컬럼을 추가합니다.
[2026-09-26 16:05:49,872][WARNING|database.py-upgrade_schema:304] >> 'mysafetymerge_traffic' 테이블에 '경도' 컬럼을 추가합니다.
[2026-09-26 16:05:49,874][WARNING|database.py-upgrade_schema:304] >> 'mysafetymerge_traffic' 테이블에 '지오코딩상태' 컬럼을 추가합니다.
[2026-09-26 16:05:49,876][WARNING|database.py-upgrade_schema:304] >> 'mysafetymerge_traffic' 테이블에 '사진_첫촬영' 컬럼을 추가합니다.
[2026-09-26 16:05:49,878][WARNING|database.py-upgrade_schema:304] >> 'mysafetymerge_traffic' 테이블에 '사진_끝촬영' 컬럼을 추가합니다.
[2026-09-26 16:05:49,880][WARNING|database.py-upgrade_schema:304] >> 'mysafetymerge_traffic' 테이블에 '사진_촬영수' 컬럼을 추가합니다.
[2026-09-26 16:05:49,883][INFO|database.py-_apply_versioned_migrations:452] >> [schema] DB 스키마 버전 1 적용
[2026-09-26 16:05:49,887][INFO|database.py-_apply_versioned_migrations:452] >> [schema] DB 스키마 버전 2 적용
[2026-09-26 16:05:49,889][INFO|database.py-_apply_versioned_migrations:452] >> [schema] DB 스키마 버전 3 적용
[2026-09-26 16:05:49,908][INFO|database.py-_apply_versioned_migrations:452] >> [schema] DB 스키마 버전 4 적용
.[2026-09-26 16:05:49,987][INFO|database.py-upgrade_schema:285] >> 테이블 'admin_users' 생성 중...
[2026-09-26 16:05:49,990][INFO|database.py-upgrade_schema:285] >> 테이블 'api_keys' 생성 중...
[2026-09-26 16:05:49,991][INFO|database.py-upgrade_schema:285] >> 테이블 'mysafety' 생성 중...
[2026-09-26 16:05:49,994][INFO|database.py-upgrade_schema:285] >> 테이블 'mysafety_change_cursor' 생성 중...
[2026-09-26 16:05:49,996][INFO|database.py-upgrade_schema:285] >> 테이블 'mysafety_change_log' 생성 중...
[2026-09-26 16:05:50,003][INFO|database.py-upgrade_schema:285] >> 테이블 'mysafety_duplicate_decision' 생성 중...
[2026-09-26 16:05:50,005][INFO|database.py-upgrade_schema:285] >> 테이블 'mysafety_duplicate_group' 생성 중...
[2026-09-26 16:05:50,008][INFO|database.py-upgrade_schema:285] >> 테이블 'mysafety_duplicate_member' 생성 중...
[2026-09-26 16:05:50,009][INFO|database.py-upgrade_schema:285] >> 테이블 'mysafety_entry_value' 생성 중...
[2026-09-26 16:05:50,011][INFO|database.py-upgrade_schema:285] >> 테이블 'mysafety_geocode_cache' 생성 중...
[2026-09-26 16:05:50,012][INFO|database.py-upgrade_schema:285] >> 테이블 'mysafety_raw_content' 생성 중...
[2026-09-26 16:05:50,013][INFO|database.py-upgrade_schema:285] >> 테이블 'mysafety_report_override' 생성 중...
[2026-09-26 16:05:50,015][INFO|database.py-upgrade_schema:285] >> 테이블 'mysafety_sync_meta' 생성 중...
[2026-09-26 16:05:50,016][INFO|database.py-upgrade_schema:285] >> 테이블 'mysafety_watchlist' 생성 중...
[2026-09-26 16:05:50,017][INFO|database.py-upgrade_schema:285] >> 테이블 'mysafetydetail_other' 생성 중...
[2026-09-26 16:05:50,019][INFO|database.py-upgrade_schema:285] >> 테이블 'mysafetydetail_parking' 생성 중...
[2026-09-26 16:05:50,021][INFO|database.py-upgrade_schema:285] >> 테이블 'mysafetydetail_traffic' 생성 중...
[2026-09-26 16:05:50,023][INFO|database.py-upgrade_schema:285] >> 테이블 'mysafetymerge_other' 생성 중...
[2026-09-26 16:05:50,027][INFO|database.py-upgrade_schema:285] >> 테이블 'mysafetymerge_parking' 생성 중...
[2026-09-26 16:05:50,029][INFO|database.py-upgrade_schema:285] >> 테이블 'mysafetymerge_traffic' 생성 중...
[2026-09-26 16:05:50,039][INFO|database.py-_apply_versioned_migrations:452] >> [schema] DB 스키마 버전 1 적용
[2026-09-26 16:05:50,045][INFO|database.py-_apply_versioned_migrations:452] >> [schema] DB 스키마 버전 2 적용
[2026-09-26 16:05:50,047][INFO|database.py-_apply_versioned_migrations:452] >> [schema] DB 스키마 버전 3 적용
[2026-09-26 16:05:50,062][INFO|database.py-_apply_versioned_migrations:452] >> [schema] DB 스키마 버전 4 적용
[2026-09-26 16:05:50,089][INFO|duplicate_group_service.py-_log_info:53] >> [duplicate] payload exact 중복군 0개, 멤버 0건 재생성
..[2026-09-26 16:05:50,249][INFO|database.py-backup_before_upgrade:436] >> [schema] 버전 0 → 4 올리기 전 DB 백업: /tmp/tmp7wmuwhos/backups/before_schema_v0_20260926_160550.db
[2026-09-26 16:05:50,254][INFO|database.py-upgrade_schema:285] >> 테이블 'mysafety_change_cursor' 생성 중...
[2026-09-26 16:05:50,257][INFO|database.py-upgrade_schema:285] >> 테이블 'mysafety_change_log' 생성 중...
[2026-09-26 16:05:50,261][INFO|database.py-upgrade_schema:285] >> 테이블 'mysafety_duplicate_decision' 생성 중...
[2026-09-26 16:05:50,264][INFO|database.py-upgrade_schema:285] >> 테이블 'mysafety_geocode_cache' 생성 중...
[2026-09-26 16:05:50,273][INFO|database.py-upgrade_schema:285] >> 테이블 'mysafety_report_override' 생성 중...
[2026-09-26 16:05:50,276][WARNING|database.py-upgrade_schema:304] >> 'mysafetydetail_other' 테이블에 '주소정규화' 컬럼을 추가합니다.
[2026-09-26 16:05:50,278][WARNING|database.py-upgrade_schema:304] >> 'mysafetydetail_other' 테이블에 '행정구역' 컬럼을 추가합니다.
[2026-09-26 16:05:50,280][WARNING|database.py-upgrade_schema:304] >> 'mysafetydetail_other' 테이블에 '위도' 컬럼을 추가합니다.
[2026-09-26 16:05:50,282][WARNING|database.py-upgrade_schema:304] >> 'mysafetydetail_other' 테이블에 '경도' 컬럼을 추가합니다.
[2026-09-26 16:05:50,283][WARNING|database.py-upgrade_schema:304] >> 'mysafetydetail_other' 테이블에 '지오코딩상태' 컬럼을 추가합니다.
[2026-09-26 16:05:50,285][WARNING|database.py-upgrade_schema:304] >> 'mysafetydetail_other' 테이블에 '사진_첫촬영' 컬럼을 추가합니다.
[2026-09-26 16:05:50,286][WARNING|database.py-upgrade_schema:304] >> 'mysafetydetail_other' 테이블에 '사진_끝촬영' 컬럼을 추가합니다.
[2026-09-26 16:05:50,288][WARNING|database.py-upgrade_schema:304] >> 'mysafetydetail_other' 테이블에 '사진_촬영수' 컬럼을 추가합니다.
[2026-09-26 16:05:50,291][WARNING|database.py-upgrade_schema:304] >> 'mysafetydetail_parking' 테이블에 '주소정규화' 컬럼을 추가합니다.
[2026-09-26 16:05:50,293][WARNING|database.py-upgrade_schema:304] >> 'mysafetydetail_parking' 테이블에 '행정구역' 컬럼을 추가합니다.
[2026-09-26 16:05:50,295][WARNING|database.py-upgrade_schema:304] >> 'mysafetydetail_parking' 테이블에 '위도' 컬럼을 추가합니다.
[2026-09-26 16:05:50,306][WARNING|database.py-upgrade_schema:304] >> 'mysafetydetail_parking' 테이블에 '경도' 컬럼을 추가합니다.
[2026-09-26 16:05:50,309][WARNING|database.py-upgrade_schema:304] >> 'mysafetydetail_parking' 테이블에 '지오코딩상태' 컬럼을 추가합니다.
[2026-09-26 16:05:50,311][WARNING|database.py-upgrade_schema:304] >> 'mysafetydetail_parking' 테이블에 '사진_첫촬영' 컬럼을 추가합니다.
[2026-09-26 16:05:50,313][WARNING|database.py-upgrade_schema:304] >> 'mysafetydetail_parking' 테이블에 '사진_끝촬영' 컬럼을 추가합니다.
[2026-09-26 16:05:50,315][WARNING|database.py-upgrade_schema:304] >> 'mysafetydetail_parking' 테이블에 '사진_촬영수' 컬럼을 추가합니다.
[2026-09-26 16:05:50,318][WARNING|database.py-upgrade_schema:304] >> 'mysafetydetail_traffic' 테이블에 '주소정규화' 컬럼을 추가합니다.
[2026-09-26 16:05:50,319][WARNING|database.py-upgrade_schema:304] >> 'mysafetydetail_traffic' 테이블에 '행정구역' 컬럼을 추가합니다.
[2026-09-26 16:05:50,321][WARNING|database.py-upgrade_schema:304] >> 'mysafetydetail_traffic' 테이블에 '위도' 컬럼을 추가합니다.
[2026-09-26 16:05:50,323][WARNING|database.py-upgrade_schema:304] >> 'mysafetydetail_traffic' 테이블에 '경도' 컬럼을 추가합니다.
[2026-09-26 16:05:50,324][WARNING|database.py-upgrade_schema:304] >> 'mysafetydetail_traffic' 테이블에 '지오코딩상태' 컬럼을 추가합니다.
[2026-09-26 16:05:50,329][WARNING|database.py-upgrade_schema:304] >> 'mysafetydetail_traffic' 테이블에 '사진_첫촬영' 컬럼을 추가합니다.
[2026-09-26 16:05:50,332][WARNING|database.py-upgrade_schema:304] >> 'mysafetydetail_traffic' 테이블에 '사진_끝촬영' 컬럼을 추가합니다.
[2026-09-26 16:05:50,339][WARNING|database.py-upgrade_schema:304] >> 'mysafetydetail_traffic' 테이블에 '사진_촬영수' 컬럼을 추가합니다.
[2026-09-26 16:05:50,342][WARNING|database.py-upgrade_schema:304] >> 'mysafetymerge_other' 테이블에 '주소정규화' 컬럼을 추가합니다.
[2026-09-26 16:05:50,344][WARNING|database.py-upgrade_schema:304] >> 'mysafetymerge_other' 테이블에 '행정구역' 컬럼을 추가합니다.
[2026-09-26 16:05:50,346][WARNING|database.py-upgrade_schema:304] >> 'mysafetymerge_other' 테이블에 '위도' 컬럼을 추가합니다.
[2026-09-26 16:05:50,348][WARNING|database.py-upgrade_schema:304] >> 'mysafetymerge_other' 테이블에 '경도' 컬럼을 추가합니다.
[2026-09-26 16:05:50,350][WARNING|database.py-upgrade_schema:304] >> 'mysafetymerge_other' 테이블에 '지오코딩상태' 컬럼을 추가합니다.
[2026-09-26 16:05:50,352][WARNING|database.py-upgrade_schema:304] >> 'mysafetymerge_other' 테이블에 '사진_첫촬영' 컬럼을 추가합니다.
[2026-09-26 16:05:50,353][WARNING|database.py-upgrade_schema:304] >> 'mysafetymerge_other' 테이블에 '사진_끝촬영' 컬럼을 추가합니다.
[2026-09-26 16:05:50,355][WARNING|database.py-upgrade_schema:304] >> 'mysafetymerge_other' 테이블에 '사진_촬영수' 컬럼을 추가합니다.
[2026-09-26 16:05:50,358][WARNING|database.py-upgrade_schema:304] >> 'mysafetymerge_parking' 테이블에 '주소정규화' 컬럼을 추가합니다.
[2026-09-26 16:05:50,362][WARNING|database.py-upgrade_schema:304] >> 'mysafetymerge_parking' 테이블에 '행정구역' 컬럼을 추가합니다.
[2026-09-26 16:05:50,364][WARNING|database.py-upgrade_schema:304] >> 'mysafetymerge_parking' 테이블에 '위도' 컬럼을 추가합니다.
[2026-09-26 16:05:50,366][WARNING|database.py-upgrade_schema:304] >> 'mysafetymerge_parking' 테이블에 '경도' 컬럼을 추가합니다.
[2026-09-26 16:05:50,367][WARNING|database.py-upgrade_schema:304] >> 'mysafetymerge_parking' 테이블에 '지오코딩상태' 컬럼을 추가합니다.
[2026-09-26 16:05:50,371][WARNING|database.py-upgrade_schema:304] >> 'mysafetymerge_parking' 테이블에 '사진_첫촬영' 컬럼을 추가합니다.
[2026-09-26 16:05:50,373][WARNING|database.py-upgrade_schema:304] >> 'mysafetymerge_parking' 테이블에 '사진_끝촬영' 컬럼을 추가합니다.
[2026-09-26 16:05:50,375][WARNING|database.py-upgrade_schema:304] >> 'mysafetymerge_parking' 테이블에 '사진_촬영수' 컬럼을 추가합니다.
[2026-09-26 16:05:50,378][WARNING|database.py-upgrade_schema:304] >> 'mysafetymerge_traffic' 테이블에 '주소정규화' 컬럼을 추가합니다.
[2026-09-26 16:05:50,379][WARNING|database.py-upgrade_schema:304] >> 'mysafetymerge_traffic' 테이블에 '행정구역' 컬럼을 추가합니다.
[2026-09-26 16:05:50,381][WARNING|database.py-upgrade_schema:304] >> 'mysafetymerge_traffic' 테이블에 '위도' 컬럼을 추가합니다.
[2026-09-26 16:05:50,383][WARNING|database.py-upgrade_schema:304] >> 'mysafetymerge_traffic' 테이블에 '경도' 컬럼을 추가합니다.
[2026-09-26 16:05:50,386][WARNING|database.py-upgrade_schema:304] >> 'mysafetymerge_traffic' 테이블에 '지오코딩상태' 컬럼을 추가합니다.
[2026-09-26 16:05:50,387][WARNING|database.py-upgrade_schema:304] >> 'mysafetymerge_traffic' 테이블에 '사진_첫촬영' 컬럼을 추가합니다.
[2026-09-26 16:05:50,389][WARNING|database.py-upgrade_schema:304] >> 'mysafetymerge_traffic' 테이블에 '사진_끝촬영' 컬럼을 추가합니다.
[2026-09-26 16:05:50,391][WARNING|database.py-upgrade_schema:304] >> 'mysafetymerge_traffic' 테이블에 '사진_촬영수' 컬럼을 추가합니다.
[2026-09-26 16:05:50,396][INFO|database.py-_apply_versioned_migrations:452] >> [schema] DB 스키마 버전 1 적용
[2026-09-26 16:05:50,402][INFO|database.py-_apply_versioned_migrations:452] >> [schema] DB 스키마 버전 2 적용
[2026-09-26 16:05:50,405][INFO|database.py-_apply_versioned_migrations:452] >> [schema] DB 스키마 버전 3 적용
[2026-09-26 16:05:50,418][INFO|database.py-_apply_versioned_migrations:452] >> [schema] DB 스키마 버전 4 적용
[2026-09-26 16:05:50,456][INFO|duplicate_group_service.py-_log_info:53] >> [duplicate] payload exact 중복군 0개, 멤버 0건 재생성
[2026-09-26 16:05:50,491][INFO|duplicate_group_service.py-_log_info:53] >> [duplicate] payload exact 중복군 0개, 멤버 0건 재생성
.[2026-09-26 16:05:50,576][INFO|database.py-backup_before_upgrade:436] >> [schema] 버전 0 → 4 올리기 전 DB 백업: /tmp/tmpedwv9xpd/backups/before_schema_v0_20260926_160550.db
[2026-09-26 16:05:50,581][INFO|database.py-upgrade_schema:285] >> 테이블 'mysafety_change_cursor' 생성 중...
[2026-09-26 16:05:50,585][INFO|database.py-upgrade_schema:285] >> 테이블 'mysafety_change_log' 생성 중...
[2026-09-26 16:05:50,586][INFO|database.py-upgrade_schema:285] >> 테이블 'mysafety_duplicate_decision' 생성 중...
[2026-09-26 16:05:50,588][INFO|database.py-upgrade_schema:285] >> 테이블 'mysafety_geocode_cache' 생성 중...
[2026-09-26 16:05:50,591][INFO|database.py-upgrade_schema:285] >> 테이블 'mysafety_report_override' 생성 중...
[2026-09-26 16:05:50,597][WARNING|database.py-upgrade_schema:304] >> 'mysafetydetail_other' 테이블에 '주소정규화' 컬럼을 추가합니다.
[2026-09-26 16:05:50,603][WARNING|database.py-upgrade_schema:304] >> 'mysafetydetail_other' 테이블에 '행정구역' 컬럼을 추가합니다.
[2026-09-26 16:05:50,606][WARNING|database.py-upgrade_schema:304] >> 'mysafetydetail_other' 테이블에 '위도' 컬럼을 추가합니다.
[2026-09-26 16:05:50,608][WARNING|database.py-upgrade_schema:304] >> 'mysafetydetail_other' 테이블에 '경도' 컬럼을 추가합니다.
[2026-09-26 16:05:50,610][WARNING|database.py-upgrade_schema:304] >> 'mysafetydetail_other' 테이블에 '지오코딩상태' 컬럼을 추가합니다.
[2026-09-26 16:05:50,612][WARNING|database.py-upgrade_schema:304] >> 'mysafetydetail_other' 테이블에 '사진_첫촬영' 컬럼을 추가합니다.
[2026-09-26 16:05:50,617][WARNING|database.py-upgrade_schema:304] >> 'mysafetydetail_other' 테이블에 '사진_끝촬영' 컬럼을 추가합니다.
[2026-09-26 16:05:50,619][WARNING|database.py-upgrade_schema:304] >> 'mysafetydetail_other' 테이블에 '사진_촬영수' 컬럼을 추가합니다.
[2026-09-26 16:05:50,627][WARNING|database.py-upgrade_schema:304] >> 'mysafetydetail_parking' 테이블에 '주소정규화' 컬럼을 추가합니다.
[2026-09-26 16:05:50,629][WARNING|database.py-upgrade_schema:304] >> 'mysafetydetail_parking' 테이블에 '행정구역' 컬럼을 추가합니다.
[2026-09-26 16:05:50,631][WARNING|database.py-upgrade_schema:304] >> 'mysafetydetail_parking' 테이블에 '위도' 컬럼을 추가합니다.
[2026-09-26 16:05:50,633][WARNING|database.py-upgrade_schema:304] >> 'mysafetydetail_parking' 테이블에 '경도' 컬럼을 추가합니다.
[2026-09-26 16:05:50,635][WARNING|database.py-upgrade_schema:304] >> 'mysafetydetail_parking' 테이블에 '지오코딩상태' 컬럼을 추가합니다.
[2026-09-26 16:05:50,636][WARNING|database.py-upgrade_schema:304] >> 'mysafetydetail_parking' 테이블에 '사진_첫촬영' 컬럼을 추가합니다.
[2026-09-26 16:05:50,638][WARNING|database.py-upgrade_schema:304] >> 'mysafetydetail_parking' 테이블에 '사진_끝촬영' 컬럼을 추가합니다.
[2026-09-26 16:05:50,639][WARNING|database.py-upgrade_schema:304] >> 'mysafetydetail_parking' 테이블에 '사진_촬영수' 컬럼을 추가합니다.
[2026-09-26 16:05:50,646][WARNING|database.py-upgrade_schema:304] >> 'mysafetydetail_traffic' 테이블에 '주소정규화' 컬럼을 추가합니다.
[2026-09-26 16:05:50,648][WARNING|database.py-upgrade_schema:304] >> 'mysafetydetail_traffic' 테이블에 '행정구역' 컬럼을 추가합니다.
[2026-09-26 16:05:50,655][WARNING|database.py-upgrade_schema:304] >> 'mysafetydetail_traffic' 테이블에 '위도' 컬럼을 추가합니다.
[2026-09-26 16:05:50,657][WARNING|database.py-upgrade_schema:304] >> 'mysafetydetail_traffic' 테이블에 '경도' 컬럼을 추가합니다.
[2026-09-26 16:05:50,659][WARNING|database.py-upgrade_schema:304] >> 'mysafetydetail_traffic' 테이블에 '지오코딩상태' 컬럼을 추가합니다.
[2026-09-26 16:05:50,661][WARNING|database.py-upgrade_schema:304] >> 'mysafetydetail_traffic' 테이블에 '사진_첫촬영' 컬럼을 추가합니다.
[2026-09-26 16:05:50,662][WARNING|database.py-upgrade_schema:304] >> 'mysafetydetail_traffic' 테이블에 '사진_끝촬영' 컬럼을 추가합니다.
[2026-09-26 16:05:50,665][WARNING|database.py-upgrade_schema:304] >> 'mysafetydetail_traffic' 테이블에 '사진_촬영수' 컬럼을 추가합니다.
[2026-09-26 16:05:50,667][WARNING|database.py-upgrade_schema:304] >> 'mysafetymerge_other' 테이블에 '주소정규화' 컬럼을 추가합니다.
[2026-09-26 16:05:50,669][WARNING|database.py-upgrade_schema:304] >> 'mysafetymerge_other' 테이블에 '행정구역' 컬럼을 추가합니다.
[2026-09-26 16:05:50,670][WARNING|database.py-upgrade_schema:304] >> 'mysafetymerge_other' 테이블에 '위도' 컬럼을 추가합니다.
[2026-09-26 16:05:50,672][WARNING|database.py-upgrade_schema:304] >> 'mysafetymerge_other' 테이블에 '경도' 컬럼을 추가합니다.
[2026-09-26 16:05:50,674][WARNING|database.py-upgrade_schema:304] >> 'mysafetymerge_other' 테이블에 '지오코딩상태' 컬럼을 추가합니다.
[2026-09-26 16:05:50,678][WARNING|database.py-upgrade_schema:304] >> 'mysafetymerge_other' 테이블에 '사진_첫촬영' 컬럼을 추가합니다.
[2026-09-26 16:05:50,681][WARNING|database.py-upgrade_schema:304] >> 'mysafetymerge_other' 테이블에 '사진_끝촬영' 컬럼을 추가합니다.
[2026-09-26 16:05:50,683][WARNING|database.py-upgrade_schema:304] >> 'mysafetymerge_other' 테이블에 '사진_촬영수' 컬럼을 추가합니다.
[2026-09-26 16:05:50,687][WARNING|database.py-upgrade_schema:304] >> 'mysafetymerge_parking' 테이블에 '주소정규화' 컬럼을 추가합니다.
[2026-09-26 16:05:50,690][WARNING|database.py-upgrade_schema:304] >> 'mysafetymerge_parking' 테이블에 '행정구역' 컬럼을 추가합니다.
[2026-09-26 16:05:50,692][WARNING|database.py-upgrade_schema:304] >> 'mysafetymerge_parking' 테이블에 '위도' 컬럼을 추가합니다.
[2026-09-26 16:05:50,694][WARNING|database.py-upgrade_schema:304] >> 'mysafetymerge_parking' 테이블에 '경도' 컬럼을 추가합니다.
[2026-09-26 16:05:50,696][WARNING|database.py-upgrade_schema:304] >> 'mysafetymerge_parking' 테이블에 '지오코딩상태' 컬럼을 추가합니다.
[2026-09-26 16:05:50,697][WARNING|database.py-upgrade_schema:304] >> 'mysafetymerge_parking' 테이블에 '사진_첫촬영' 컬럼을 추가합니다.
[2026-09-26 16:05:50,699][WARNING|database.py-upgrade_schema:304] >> 'mysafetymerge_parking' 테이블에 '사진_끝촬영' 컬럼을 추가합니다.
[2026-09-26 16:05:50,700][WARNING|database.py-upgrade_schema:304] >> 'mysafetymerge_parking' 테이블에 '사진_촬영수' 컬럼을 추가합니다.
[2026-09-26 16:05:50,703][WARNING|database.py-upgrade_schema:304] >> 'mysafetymerge_traffic' 테이블에 '주소정규화' 컬럼을 추가합니다.
[2026-09-26 16:05:50,704][WARNING|database.py-upgrade_schema:304] >> 'mysafetymerge_traffic' 테이블에 '행정구역' 컬럼을 추가합니다.
[2026-09-26 16:05:50,706][WARNING|database.py-upgrade_schema:304] >> 'mysafetymerge_traffic' 테이블에 '위도' 컬럼을 추가합니다.
[2026-09-26 16:05:50,708][WARNING|database.py-upgrade_schema:304] >> 'mysafetymerge_traffic' 테이블에 '경도' 컬럼을 추가합니다.
[2026-09-26 16:05:50,710][WARNING|database.py-upgrade_schema:304] >> 'mysafetymerge_traffic' 테이블에 '지오코딩상태' 컬럼을 추가합니다.
[2026-09-26 16:05:50,712][WARNING|database.py-upgrade_schema:304] >> 'mysafetymerge_traffic' 테이블에 '사진_첫촬영' 컬럼을 추가합니다.
[2026-09-26 16:05:50,714][WARNING|database.py-upgrade_schema:304] >> 'mysafetymerge_traffic' 테이블에 '사진_끝촬영' 컬럼을 추가합니다.
[2026-09-26 16:05:50,715][WARNING|database.py-upgrade_schema:304] >> 'mysafetymerge_traffic' 테이블에 '사진_촬영수' 컬럼을 추가합니다.
[2026-09-26 16:05:50,723][INFO|database.py-_apply_versioned_migrations:452] >> [schema] DB 스키마 버전 1 적용
[2026-09-26 16:05:50,730][INFO|database.py-_apply_versioned_migrations:452] >> [schema] DB 스키마 버전 2 적용
[2026-09-26 16:05:50,732][INFO|database.py-_apply_versioned_migrations:452] >> [schema] DB 스키마 버전 3 적용
[2026-09-26 16:05:50,746][INFO|database.py-_apply_versioned_migrations:452] >> [schema] DB 스키마 버전 4 적용
[2026-09-26 16:05:50,780][INFO|duplicate_group_service.py-_log_info:53] >> [duplicate] payload exact 중복군 0개, 멤버 0건 재생성
.[2026-09-26 16:05:50,870][INFO|database.py-upgrade_schema:285] >> 테이블 'mysafety_change_cursor' 생성 중...
[2026-09-26 16:05:50,873][INFO|database.py-upgrade_schema:285] >> 테이블 'mysafety_change_log' 생성 중...
[2026-09-26 16:05:50,874][INFO|database.py-upgrade_schema:285] >> 테이블 'mysafety_duplicate_decision' 생성 중...
[2026-09-26 16:05:50,876][INFO|database.py-upgrade_schema:285] >> 테이블 'mysafety_geocode_cache' 생성 중...
[2026-09-26 16:05:50,878][INFO|database.py-upgrade_schema:285] >> 테이블 'mysafety_report_override' 생성 중...
[2026-09-26 16:05:50,882][WARNING|database.py-upgrade_schema:304] >> 'mysafetydetail_other' 테이블에 '주소정규화' 컬럼을 추가합니다.
[2026-09-26 16:05:50,884][WARNING|database.py-upgrade_schema:304] >> 'mysafetydetail_other' 테이블에 '행정구역' 컬럼을 추가합니다.
[2026-09-26 16:05:50,885][WARNING|database.py-upgrade_schema:304] >> 'mysafetydetail_other' 테이블에 '위도' 컬럼을 추가합니다.
[2026-09-26 16:05:50,887][WARNING|database.py-upgrade_schema:304] >> 'mysafetydetail_other' 테이블에 '경도' 컬럼을 추가합니다.
[2026-09-26 16:05:50,888][WARNING|database.py-upgrade_schema:304] >> 'mysafetydetail_other' 테이블에 '지오코딩상태' 컬럼을 추가합니다.
[2026-09-26 16:05:50,890][WARNING|database.py-upgrade_schema:304] >> 'mysafetydetail_other' 테이블에 '사진_첫촬영' 컬럼을 추가합니다.
[2026-09-26 16:05:50,891][WARNING|database.py-upgrade_schema:304] >> 'mysafetydetail_other' 테이블에 '사진_끝촬영' 컬럼을 추가합니다.
[2026-09-26 16:05:50,893][WARNING|database.py-upgrade_schema:304] >> 'mysafetydetail_other' 테이블에 '사진_촬영수' 컬럼을 추가합니다.
[2026-09-26 16:05:50,895][WARNING|database.py-upgrade_schema:304] >> 'mysafetydetail_parking' 테이블에 '주소정규화' 컬럼을 추가합니다.
[2026-09-26 16:05:50,897][WARNING|database.py-upgrade_schema:304] >> 'mysafetydetail_parking' 테이블에 '행정구역' 컬럼을 추가합니다.
[2026-09-26 16:05:50,898][WARNING|database.py-upgrade_schema:304] >> 'mysafetydetail_parking' 테이블에 '위도' 컬럼을 추가합니다.
[2026-09-26 16:05:50,900][WARNING|database.py-upgrade_schema:304] >> 'mysafetydetail_parking' 테이블에 '경도' 컬럼을 추가합니다.
[2026-09-26 16:05:50,902][WARNING|database.py-upgrade_schema:304] >> 'mysafetydetail_parking' 테이블에 '지오코딩상태' 컬럼을 추가합니다.
[2026-09-26 16:05:50,903][WARNING|database.py-upgrade_schema:304] >> 'mysafetydetail_parking' 테이블에 '사진_첫촬영' 컬럼을 추가합니다.
[2026-09-26 16:05:50,905][WARNING|database.py-upgrade_schema:304] >> 'mysafetydetail_parking' 테이블에 '사진_끝촬영' 컬럼을 추가합니다.
[2026-09-26 16:05:50,907][WARNING|database.py-upgrade_schema:304] >> 'mysafetydetail_parking' 테이블에 '사진_촬영수' 컬럼을 추가합니다.
[2026-09-26 16:05:50,910][WARNING|database.py-upgrade_schema:304] >> 'mysafetydetail_traffic' 테이블에 '주소정규화' 컬럼을 추가합니다.
[2026-09-26 16:05:50,911][WARNING|database.py-upgrade_schema:304] >> 'mysafetydetail_traffic' 테이블에 '행정구역' 컬럼을 추가합니다.
[2026-09-26 16:05:50,913][WARNING|database.py-upgrade_schema:304] >> 'mysafetydetail_traffic' 테이블에 '위도' 컬럼을 추가합니다.
[2026-09-26 16:05:50,915][WARNING|database.py-upgrade_schema:304] >> 'mysafetydetail_traffic' 테이블에 '경도' 컬럼을 추가합니다.
[2026-09-26 16:05:50,916][WARNING|database.py-upgrade_schema:304] >> 'mysafetydetail_traffic' 테이블에 '지오코딩상태' 컬럼을 추가합니다.
[2026-09-26 16:05:50,918][WARNING|database.py-upgrade_schema:304] >> 'mysafetydetail_traffic' 테이블에 '사진_첫촬영' 컬럼을 추가합니다.
[2026-09-26 16:05:50,920][WARNING|database.py-upgrade_schema:304] >> 'mysafetydetail_traffic' 테이블에 '사진_끝촬영' 컬럼을 추가합니다.
[2026-09-26 16:05:50,922][WARNING|database.py-upgrade_schema:304] >> 'mysafetydetail_traffic' 테이블에 '사진_촬영수' 컬럼을 추가합니다.
[2026-09-26 16:05:50,926][WARNING|database.py-upgrade_schema:304] >> 'mysafetymerge_other' 테이블에 '주소정규화' 컬럼을 추가합니다.
[2026-09-26 16:05:50,927][WARNING|database.py-upgrade_schema:304] >> 'mysafetymerge_other' 테이블에 '행정구역' 컬럼을 추가합니다.
[2026-09-26 16:05:50,929][WARNING|database.py-upgrade_schema:304] >> 'mysafetymerge_other' 테이블에 '위도' 컬럼을 추가합니다.
[2026-09-26 16:05:50,931][WARNING|database.py-upgrade_schema:304] >> 'mysafetymerge_other' 테이블에 '경도' 컬럼을 추가합니다.
[2026-09-26 16:05:50,933][WARNING|database.py-upgrade_schema:304] >> 'mysafetymerge_other' 테이블에 '지오코딩상태' 컬럼을 추가합니다.
[2026-09-26 16:05:50,934][WARNING|database.py-upgrade_schema:304] >> 'mysafetymerge_other' 테이블에 '사진_첫촬영' 컬럼을 추가합니다.
[2026-09-26 16:05:50,936][WARNING|database.py-upgrade_schema:304] >> 'mysafetymerge_other' 테이블에 '사진_끝촬영' 컬럼을 추가합니다.
[2026-09-26 16:05:50,938][WARNING|database.py-upgrade_schema:304] >> 'mysafetymerge_other' 테이블에 '사진_촬영수' 컬럼을 추가합니다.
[2026-09-26 16:05:50,941][WARNING|database.py-upgrade_schema:304] >> 'mysafetymerge_parking' 테이블에 '주소정규화' 컬럼을 추가합니다.
[2026-09-26 16:05:50,943][WARNING|database.py-upgrade_schema:304] >> 'mysafetymerge_parking' 테이블에 '행정구역' 컬럼을 추가합니다.
[2026-09-26 16:05:50,944][WARNING|database.py-upgrade_schema:304] >> 'mysafetymerge_parking' 테이블에 '위도' 컬럼을 추가합니다.
[2026-09-26 16:05:50,946][WARNING|database.py-upgrade_schema:304] >> 'mysafetymerge_parking' 테이블에 '경도' 컬럼을 추가합니다.
[2026-09-26 16:05:50,947][WARNING|database.py-upgrade_schema:304] >> 'mysafetymerge_parking' 테이블에 '지오코딩상태' 컬럼을 추가합니다.
[2026-09-26 16:05:50,949][WARNING|database.py-upgrade_schema:304] >> 'mysafetymerge_parking' 테이블에 '사진_첫촬영' 컬럼을 추가합니다.
[2026-09-26 16:05:50,951][WARNING|database.py-upgrade_schema:304] >> 'mysafetymerge_parking' 테이블에 '사진_끝촬영' 컬럼을 추가합니다.
[2026-09-26 16:05:50,953][WARNING|database.py-upgrade_schema:304] >> 'mysafetymerge_parking' 테이블에 '사진_촬영수' 컬럼을 추가합니다.
[2026-09-26 16:05:50,955][WARNING|database.py-upgrade_schema:304] >> 'mysafetymerge_traffic' 테이블에 '주소정규화' 컬럼을 추가합니다.
[2026-09-26 16:05:50,957][WARNING|database.py-upgrade_schema:304] >> 'mysafetymerge_traffic' 테이블에 '행정구역' 컬럼을 추가합니다.
[2026-09-26 16:05:50,958][WARNING|database.py-upgrade_schema:304] >> 'mysafetymerge_traffic' 테이블에 '위도' 컬럼을 추가합니다.
[2026-09-26 16:05:50,960][WARNING|database.py-upgrade_schema:304] >> 'mysafetymerge_traffic' 테이블에 '경도' 컬럼을 추가합니다.
[2026-09-26 16:05:50,962][WARNING|database.py-upgrade_schema:304] >> 'mysafetymerge_traffic' 테이블에 '지오코딩상태' 컬럼을 추가합니다.
[2026-09-26 16:05:50,965][WARNING|database.py-upgrade_schema:304] >> 'mysafetymerge_traffic' 테이블에 '사진_첫촬영' 컬럼을 추가합니다.
[2026-09-26 16:05:50,967][WARNING|database.py-upgrade_schema:304] >> 'mysafetymerge_traffic' 테이블에 '사진_끝촬영' 컬럼을 추가합니다.
[2026-09-26 16:05:50,968][WARNING|database.py-upgrade_schema:304] >> 'mysafetymerge_traffic' 테이블에 '사진_촬영수' 컬럼을 추가합니다.
[2026-09-26 16:05:50,972][INFO|database.py-_apply_versioned_migrations:452] >> [schema] DB 스키마 버전 1 적용
[2026-09-26 16:05:50,978][INFO|database.py-_apply_versioned_migrations:452] >> [schema] DB 스키마 버전 2 적용
[2026-09-26 16:05:50,980][INFO|database.py-_apply_versioned_migrations:452] >> [schema] DB 스키마 버전 3 적용
[2026-09-26 16:05:50,991][INFO|database.py-_apply_versioned_migrations:452] >> [schema] DB 스키마 버전 4 적용
[2026-09-26 16:05:51,025][INFO|duplicate_group_service.py-_log_info:53] >> [duplicate] payload exact 중복군 0개, 멤버 0건 재생성
.[2026-09-26 16:05:51,113][INFO|database.py-upgrade_schema:285] >> 테이블 'mysafety_change_cursor' 생성 중...
[2026-09-26 16:05:51,116][INFO|database.py-upgrade_schema:285] >> 테이블 'mysafety_change_log' 생성 중...
[2026-09-26 16:05:51,121][INFO|database.py-upgrade_schema:285] >> 테이블 'mysafety_duplicate_decision' 생성 중...
[2026-09-26 16:05:51,124][INFO|database.py-upgrade_schema:285] >> 테이블 'mysafety_geocode_cache' 생성 중...
[2026-09-26 16:05:51,132][INFO|database.py-upgrade_schema:285] >> 테이블 'mysafety_report_override' 생성 중...
[2026-09-26 16:05:51,135][WARNING|database.py-upgrade_schema:304] >> 'mysafetydetail_other' 테이블에 '주소정규화' 컬럼을 추가합니다.
[2026-09-26 16:05:51,140][WARNING|database.py-upgrade_schema:304] >> 'mysafetydetail_other' 테이블에 '행정구역' 컬럼을 추가합니다.
[2026-09-26 16:05:51,143][WARNING|database.py-upgrade_schema:304] >> 'mysafetydetail_other' 테이블에 '위도' 컬럼을 추가합니다.
[2026-09-26 16:05:51,146][WARNING|database.py-upgrade_schema:304] >> 'mysafetydetail_other' 테이블에 '경도' 컬럼을 추가합니다.
[2026-09-26 16:05:51,151][WARNING|database.py-upgrade_schema:304] >> 'mysafetydetail_other' 테이블에 '지오코딩상태' 컬럼을 추가합니다.
[2026-09-26 16:05:51,156][WARNING|database.py-upgrade_schema:304] >> 'mysafetydetail_other' 테이블에 '사진_첫촬영' 컬럼을 추가합니다.
[2026-09-26 16:05:51,158][WARNING|database.py-upgrade_schema:304] >> 'mysafetydetail_other' 테이블에 '사진_끝촬영' 컬럼을 추가합니다.
[2026-09-26 16:05:51,160][WARNING|database.py-upgrade_schema:304] >> 'mysafetydetail_other' 테이블에 '사진_촬영수' 컬럼을 추가합니다.
[2026-09-26 16:05:51,163][WARNING|database.py-upgrade_schema:304] >> 'mysafetydetail_parking' 테이블에 '주소정규화' 컬럼을 추가합니다.
[2026-09-26 16:05:51,165][WARNING|database.py-upgrade_schema:304] >> 'mysafetydetail_parking' 테이블에 '행정구역' 컬럼을 추가합니다.
[2026-09-26 16:05:51,167][WARNING|database.py-upgrade_schema:304] >> 'mysafetydetail_parking' 테이블에 '위도' 컬럼을 추가합니다.
[2026-09-26 16:05:51,169][WARNING|database.py-upgrade_schema:304] >> 'mysafetydetail_parking' 테이블에 '경도' 컬럼을 추가합니다.
[2026-09-26 16:05:51,171][WARNING|database.py-upgrade_schema:304] >> 'mysafetydetail_parking' 테이블에 '지오코딩상태' 컬럼을 추가합니다.
[2026-09-26 16:05:51,173][WARNING|database.py-upgrade_schema:304] >> 'mysafetydetail_parking' 테이블에 '사진_첫촬영' 컬럼을 추가합니다.
[2026-09-26 16:05:51,175][WARNING|database.py-upgrade_schema:304] >> 'mysafetydetail_parking' 테이블에 '사진_끝촬영' 컬럼을 추가합니다.
[2026-09-26 16:05:51,177][WARNING|database.py-upgrade_schema:304] >> 'mysafetydetail_parking' 테이블에 '사진_촬영수' 컬럼을 추가합니다.
[2026-09-26 16:05:51,182][WARNING|database.py-upgrade_schema:304] >> 'mysafetydetail_traffic' 테이블에 '주소정규화' 컬럼을 추가합니다.
[2026-09-26 16:05:51,184][WARNING|database.py-upgrade_schema:304] >> 'mysafetydetail_traffic' 테이블에 '행정구역' 컬럼을 추가합니다.
[2026-09-26 16:05:51,186][WARNING|database.py-upgrade_schema:304] >> 'mysafetydetail_traffic' 테이블에 '위도' 컬럼을 추가합니다.
[2026-09-26 16:05:51,193][WARNING|database.py-upgrade_schema:304] >> 'mysafetydetail_traffic' 테이블에 '경도' 컬럼을 추가합니다.
[2026-09-26 16:05:51,195][WARNING|database.py-upgrade_schema:304] >> 'mysafetydetail_traffic' 테이블에 '지오코딩상태' 컬럼을 추가합니다.
[2026-09-26 16:05:51,197][WARNING|database.py-upgrade_schema:304] >> 'mysafetydetail_traffic' 테이블에 '사진_첫촬영' 컬럼을 추가합니다.
[2026-09-26 16:05:51,198][WARNING|database.py-upgrade_schema:304] >> 'mysafetydetail_traffic' 테이블에 '사진_끝촬영' 컬럼을 추가합니다.
[2026-09-26 16:05:51,200][WARNING|database.py-upgrade_schema:304] >> 'mysafetydetail_traffic' 테이블에 '사진_촬영수' 컬럼을 추가합니다.
[2026-09-26 16:05:51,202][WARNING|database.py-upgrade_schema:304] >> 'mysafetymerge_other' 테이블에 '주소정규화' 컬럼을 추가합니다.
[2026-09-26 16:05:51,204][WARNING|database.py-upgrade_schema:304] >> 'mysafetymerge_other' 테이블에 '행정구역' 컬럼을 추가합니다.
[2026-09-26 16:05:51,205][WARNING|database.py-upgrade_schema:304] >> 'mysafetymerge_other' 테이블에 '위도' 컬럼을 추가합니다.
[2026-09-26 16:05:51,207][WARNING|database.py-upgrade_schema:304] >> 'mysafetymerge_other' 테이블에 '경도' 컬럼을 추가합니다.
[2026-09-26 16:05:51,208][WARNING|database.py-upgrade_schema:304] >> 'mysafetymerge_other' 테이블에 '지오코딩상태' 컬럼을 추가합니다.
[2026-09-26 16:05:51,210][WARNING|database.py-upgrade_schema:304] >> 'mysafetymerge_other' 테이블에 '사진_첫촬영' 컬럼을 추가합니다.
[2026-09-26 16:05:51,212][WARNING|database.py-upgrade_schema:304] >> 'mysafetymerge_other' 테이블에 '사진_끝촬영' 컬럼을 추가합니다.
[2026-09-26 16:05:51,220][WARNING|database.py-upgrade_schema:304] >> 'mysafetymerge_other' 테이블에 '사진_촬영수' 컬럼을 추가합니다.
[2026-09-26 16:05:51,223][WARNING|database.py-upgrade_schema:304] >> 'mysafetymerge_parking' 테이블에 '주소정규화' 컬럼을 추가합니다.
[2026-09-26 16:05:51,227][WARNING|database.py-upgrade_schema:304] >> 'mysafetymerge_parking' 테이블에 '행정구역' 컬럼을 추가합니다.
[2026-09-26 16:05:51,232][WARNING|database.py-upgrade_schema:304] >> 'mysafetymerge_parking' 테이블에 '위도' 컬럼을 추가합니다.
[2026-09-26 16:05:51,235][WARNING|database.py-upgrade_schema:304] >> 'mysafetymerge_parking' 테이블에 '경도' 컬럼을 추가합니다.
[2026-09-26 16:05:51,237][WARNING|database.py-upgrade_schema:304] >> 'mysafetymerge_parking' 테이블에 '지오코딩상태' 컬럼을 추가합니다.
[2026-09-26 16:05:51,239][WARNING|database.py-upgrade_schema:304] >> 'mysafetymerge_parking' 테이블에 '사진_첫촬영' 컬럼을 추가합니다.
[2026-09-26 16:05:51,242][WARNING|database.py-upgrade_schema:304] >> 'mysafetymerge_parking' 테이블에 '사진_끝촬영' 컬럼을 추가합니다.
[2026-09-26 16:05:51,246][WARNING|database.py-upgrade_schema:304] >> 'mysafetymerge_parking' 테이블에 '사진_촬영수' 컬럼을 추가합니다.
[2026-09-26 16:05:51,252][WARNING|database.py-upgrade_schema:304] >> 'mysafetymerge_traffic' 테이블에 '주소정규화' 컬럼을 추가합니다.
[2026-09-26 16:05:51,257][WARNING|database.py-upgrade_schema:304] >> 'mysafetymerge_traffic' 테이블에 '행정구역' 컬럼을 추가합니다.
[2026-09-26 16:05:51,262][WARNING|database.py-upgrade_schema:304] >> 'mysafetymerge_traffic' 테이블에 '위도' 컬럼을 추가합니다.
[2026-09-26 16:05:51,264][WARNING|database.py-upgrade_schema:304] >> 'mysafetymerge_traffic' 테이블에 '경도' 컬럼을 추가합니다.
[2026-09-26 16:05:51,267][WARNING|database.py-upgrade_schema:304] >> 'mysafetymerge_traffic' 테이블에 '지오코딩상태' 컬럼을 추가합니다.
[2026-09-26 16:05:51,268][WARNING|database.py-upgrade_schema:304] >> 'mysafetymerge_traffic' 테이블에 '사진_첫촬영' 컬럼을 추가합니다.
[2026-09-26 16:05:51,270][WARNING|database.py-upgrade_schema:304] >> 'mysafetymerge_traffic' 테이블에 '사진_끝촬영' 컬럼을 추가합니다.
[2026-09-26 16:05:51,272][WARNING|database.py-upgrade_schema:304] >> 'mysafetymerge_traffic' 테이블에 '사진_촬영수' 컬럼을 추가합니다.
[2026-09-26 16:05:51,276][INFO|database.py-_apply_versioned_migrations:452] >> [schema] DB 스키마 버전 1 적용
[2026-09-26 16:05:51,286][INFO|database.py-_apply_versioned_migrations:452] >> [schema] DB 스키마 버전 2 적용
[2026-09-26 16:05:51,289][INFO|database.py-_apply_versioned_migrations:452] >> [schema] DB 스키마 버전 3 적용
[2026-09-26 16:05:51,309][INFO|database.py-_apply_versioned_migrations:452] >> [schema] DB 스키마 버전 4 적용
[2026-09-26 16:05:51,355][INFO|duplicate_group_service.py-_log_info:53] >> [duplicate] payload exact 중복군 0개, 멤버 0건 재생성
[2026-09-26 16:05:51,381][INFO|duplicate_group_service.py-_log_info:53] >> [duplicate] payload exact 중복군 0개, 멤버 0건 재생성
.[2026-09-26 16:05:51,399][INFO|database.py-upgrade_schema:285] >> 테이블 'admin_users' 생성 중...
[2026-09-26 16:05:51,403][INFO|database.py-upgrade_schema:285] >> 테이블 'api_keys' 생성 중...
[2026-09-26 16:05:51,405][INFO|database.py-upgrade_schema:285] >> 테이블 'mysafety' 생성 중...
[2026-09-26 16:05:51,408][INFO|database.py-upgrade_schema:285] >> 테이블 'mysafety_change_cursor' 생성 중...
[2026-09-26 16:05:51,410][INFO|database.py-upgrade_schema:285] >> 테이블 'mysafety_change_log' 생성 중...
[2026-09-26 16:05:51,413][INFO|database.py-upgrade_schema:285] >> 테이블 'mysafety_duplicate_decision' 생성 중...
[2026-09-26 16:05:51,415][INFO|database.py-upgrade_schema:285] >> 테이블 'mysafety_duplicate_group' 생성 중...
[2026-09-26 16:05:51,423][INFO|database.py-upgrade_schema:285] >> 테이블 'mysafety_duplicate_member' 생성 중...
[2026-09-26 16:05:51,425][INFO|database.py-upgrade_schema:285] >> 테이블 'mysafety_entry_value' 생성 중...
[2026-09-26 16:05:51,427][INFO|database.py-upgrade_schema:285] >> 테이블 'mysafety_geocode_cache' 생성 중...
[2026-09-26 16:05:51,429][INFO|database.py-upgrade_schema:285] >> 테이블 'mysafety_raw_content' 생성 중...
[2026-09-26 16:05:51,431][INFO|database.py-upgrade_schema:285] >> 테이블 'mysafety_report_override' 생성 중...
[2026-09-26 16:05:51,432][INFO|database.py-upgrade_schema:285] >> 테이블 'mysafety_sync_meta' 생성 중...
[2026-09-26 16:05:51,434][INFO|database.py-upgrade_schema:285] >> 테이블 'mysafety_watchlist' 생성 중...
[2026-09-26 16:05:51,435][INFO|database.py-upgrade_schema:285] >> 테이블 'mysafetydetail_other' 생성 중...
[2026-09-26 16:05:51,441][INFO|database.py-upgrade_schema:285] >> 테이블 'mysafetydetail_parking' 생성 중...
[2026-09-26 16:05:51,445][INFO|database.py-upgrade_schema:285] >> 테이블 'mysafetydetail_traffic' 생성 중...
[2026-09-26 16:05:51,447][INFO|database.py-upgrade_schema:285] >> 테이블 'mysafetymerge_other' 생성 중...
[2026-09-26 16:05:51,449][INFO|database.py-upgrade_schema:285] >> 테이블 'mysafetymerge_parking' 생성 중...
[2026-09-26 16:05:51,451][INFO|database.py-upgrade_schema:285] >> 테이블 'mysafetymerge_traffic' 생성 중...
[2026-09-26 16:05:51,455][INFO|database.py-_apply_versioned_migrations:452] >> [schema] DB 스키마 버전 1 적용
[2026-09-26 16:05:51,467][INFO|database.py-_apply_versioned_migrations:452] >> [schema] DB 스키마 버전 2 적용
[2026-09-26 16:05:51,471][INFO|database.py-_apply_versioned_migrations:452] >> [schema] DB 스키마 버전 3 적용
[2026-09-26 16:05:51,496][INFO|database.py-_apply_versioned_migrations:452] >> [schema] DB 스키마 버전 4 적용
[2026-09-26 16:05:51,529][INFO|duplicate_group_service.py-_log_info:53] >> [duplicate] payload exact 중복군 0개, 멤버 0건 재생성
[2026-09-26 16:05:51,565][INFO|database.py-backfill_synced_at:100] >> [migration] mysafetydetail_traffic synced_at 백필: 12건, 미해결 0건
[2026-09-26 16:05:51,568][INFO|database.py-backfill_synced_at:100] >> [migration] mysafetydetail_parking synced_at 백필: 6건, 미해결 0건
[2026-09-26 16:05:51,571][INFO|database.py-backfill_synced_at:100] >> [migration] mysafetydetail_other synced_at 백필: 6건, 미해결 0건
[2026-09-26 16:05:51,577][INFO|database.py-backfill_synced_at:105] >> [migration] synced_at 백필 완료: 총 24건 갱신, merge 재생성 시작
[2026-09-26 16:05:51,591][INFO|database.py-merge_final:736] >> 최종 데이터 병합 완료 (Traffic/Parking/Other 분리)
[2026-09-26 16:05:51,616][INFO|duplicate_group_service.py-_log_info:53] >> [duplicate] payload exact 중복군 1개, 멤버 2건 재생성
[2026-09-26 16:05:51,623][INFO|database.py-merge_final:736] >> 최종 데이터 병합 완료 (Traffic/Parking/Other 분리)
[2026-09-26 16:05:51,647][INFO|duplicate_group_service.py-_log_info:53] >> [duplicate] payload exact 중복군 1개, 멤버 2건 재생성
[2026-09-26 16:05:51,781][INFO|database.py-merge_final:736] >> 최종 데이터 병합 완료 (Traffic/Parking/Other 분리)
[2026-09-26 16:05:51,810][INFO|duplicate_group_service.py-_log_info:53] >> [duplicate] payload exact 중복군 1개, 멤버 2건 재생성
[2026-09-26 16:05:51,818][INFO|geocode_service.py-prepare_geo_payload:590] >> [geocode] 설정 누락으로 지오코딩 보류: 카카오 REST API 키가 비어 있습니다.
[2026-09-26 16:05:51,867][INFO|duplicate_group_service.py-_log_info:53] >> [duplicate] payload exact 중복군 1개, 멤버 2건 재생성
.[2026-09-26 16:05:51,882][INFO|database.py-upgrade_schema:285] >> 테이블 'admin_users' 생성 중...
[2026-09-26 16:05:51,889][INFO|database.py-upgrade_schema:285] >> 테이블 'api_keys' 생성 중...
[2026-09-26 16:05:51,895][INFO|database.py-upgrade_schema:285] >> 테이블 'mysafety' 생성 중...
[2026-09-26 16:05:51,897][INFO|database.py-upgrade_schema:285] >> 테이블 'mysafety_change_cursor' 생성 중...
[2026-09-26 16:05:51,899][INFO|database.py-upgrade_schema:285] >> 테이블 'mysafety_change_log' 생성 중...
[2026-09-26 16:05:51,901][INFO|database.py-upgrade_schema:285] >> 테이블 'mysafety_duplicate_decision' 생성 중...
[2026-09-26 16:05:51,904][INFO|database.py-upgrade_schema:285] >> 테이블 'mysafety_duplicate_group' 생성 중...
[2026-09-26 16:05:51,906][INFO|database.py-upgrade_schema:285] >> 테이블 'mysafety_duplicate_member' 생성 중...
[2026-09-26 16:05:51,908][INFO|database.py-upgrade_schema:285] >> 테이블 'mysafety_entry_value' 생성 중...
[2026-09-26 16:05:51,909][INFO|database.py-upgrade_schema:285] >> 테이블 'mysafety_geocode_cache' 생성 중...
[2026-09-26 16:05:51,910][INFO|database.py-upgrade_schema:285] >> 테이블 'mysafety_raw_content' 생성 중...
[2026-09-26 16:05:51,912][INFO|database.py-upgrade_schema:285] >> 테이블 'mysafety_report_override' 생성 중...
[2026-09-26 16:05:51,913][INFO|database.py-upgrade_schema:285] >> 테이블 'mysafety_sync_meta' 생성 중...
[2026-09-26 16:05:51,915][INFO|database.py-upgrade_schema:285] >> 테이블 'mysafety_watchlist' 생성 중...
[2026-09-26 16:05:51,919][INFO|database.py-upgrade_schema:285] >> 테이블 'mysafetydetail_other' 생성 중...
[2026-09-26 16:05:51,921][INFO|database.py-upgrade_schema:285] >> 테이블 'mysafetydetail_parking' 생성 중...
[2026-09-26 16:05:51,923][INFO|database.py-upgrade_schema:285] >> 테이블 'mysafetydetail_traffic' 생성 중...
[2026-09-26 16:05:51,925][INFO|database.py-upgrade_schema:285] >> 테이블 'mysafetymerge_other' 생성 중...
[2026-09-26 16:05:51,932][INFO|database.py-upgrade_schema:285] >> 테이블 'mysafetymerge_parking' 생성 중...
[2026-09-26 16:05:51,934][INFO|database.py-upgrade_schema:285] >> 테이블 'mysafetymerge_traffic' 생성 중...
[2026-09-26 16:05:51,939][INFO|database.py-_apply_versioned_migrations:452] >> [schema] DB 스키마 버전 1 적용
[2026-09-26 16:05:51,945][INFO|database.py-_apply_versioned_migrations:452] >> [schema] DB 스키마 버전 2 적용
[2026-09-26 16:05:51,947][INFO|database.py-_apply_versioned_migrations:452] >> [schema] DB 스키마 버전 3 적용
[2026-09-26 16:05:51,969][INFO|database.py-_apply_versioned_migrations:452] >> [schema] DB 스키마 버전 4 적용
[2026-09-26 16:05:51,999][INFO|duplicate_group_service.py-_log_info:53] >> [duplicate] payload exact 중복군 0개, 멤버 0건 재생성
[2026-09-26 16:05:52,038][INFO|database.py-backfill_synced_at:100] >> [migration] mysafetydetail_traffic synced_at 백필: 12건, 미해결 0건
[2026-09-26 16:05:52,041][INFO|database.py-backfill_synced_at:100] >> [migration] mysafetydetail_parking synced_at 백필: 6건, 미해결 0건
[2026-09-26 16:05:52,044][INFO|database.py-backfill_synced_at:100] >> [migration] mysafetydetail_other synced_at 백필: 6건, 미해결 0건
[2026-09-26 16:05:52,049][INFO|database.py-backfill_synced_at:105] >> [migration] synced_at 백필 완료: 총 24건 갱신, merge 재생성 시작
[2026-09-26 16:05:52,063][INFO|database.py-merge_final:736] >> 최종 데이터 병합 완료 (Traffic/Parking/Other 분리)
[2026-09-26 16:05:52,087][INFO|duplicate_group_service.py-_log_info:53] >> [duplicate] payload exact 중복군 1개, 멤버 2건 재생성
[2026-09-26 16:05:52,100][INFO|database.py-merge_final:736] >> 최종 데이터 병합 완료 (Traffic/Parking/Other 분리)
[2026-09-26 16:05:52,140][INFO|duplicate_group_service.py-_log_info:53] >> [duplicate] payload exact 중복군 1개, 멤버 2건 재생성
[2026-09-26 16:05:52,291][INFO|geocode_service.py-prepare_geo_payload:590] >> [geocode] 설정 누락으로 지오코딩 보류: 카카오 REST API 키가 비어 있습니다.
[2026-09-26 16:05:52,350][INFO|duplicate_group_service.py-_log_info:53] >> [duplicate] payload exact 중복군 1개, 멤버 2건 재생성
.[2026-09-26 16:05:52,367][INFO|database.py-upgrade_schema:285] >> 테이블 'admin_users' 생성 중...
[2026-09-26 16:05:52,371][INFO|database.py-upgrade_schema:285] >> 테이블 'api_keys' 생성 중...
[2026-09-26 16:05:52,373][INFO|database.py-upgrade_schema:285] >> 테이블 'mysafety' 생성 중...
[2026-09-26 16:05:52,375][INFO|database.py-upgrade_schema:285] >> 테이블 'mysafety_change_cursor' 생성 중...
[2026-09-26 16:05:52,382][INFO|database.py-upgrade_schema:285] >> 테이블 'mysafety_change_log' 생성 중...
[2026-09-26 16:05:52,384][INFO|database.py-upgrade_schema:285] >> 테이블 'mysafety_duplicate_decision' 생성 중...
[2026-09-26 16:05:52,386][INFO|database.py-upgrade_schema:285] >> 테이블 'mysafety_duplicate_group' 생성 중...
[2026-09-26 16:05:52,388][INFO|database.py-upgrade_schema:285] >> 테이블 'mysafety_duplicate_member' 생성 중...
[2026-09-26 16:05:52,390][INFO|database.py-upgrade_schema:285] >> 테이블 'mysafety_entry_value' 생성 중...
[2026-09-26 16:05:52,392][INFO|database.py-upgrade_schema:285] >> 테이블 'mysafety_geocode_cache' 생성 중...
[2026-09-26 16:05:52,393][INFO|database.py-upgrade_schema:285] >> 테이블 'mysafety_raw_content' 생성 중...
[2026-09-26 16:05:52,395][INFO|database.py-upgrade_schema:285] >> 테이블 'mysafety_report_override' 생성 중...
[2026-09-26 16:05:52,396][INFO|database.py-upgrade_schema:285] >> 테이블 'mysafety_sync_meta' 생성 중...
[2026-09-26 16:05:52,398][INFO|database.py-upgrade_schema:285] >> 테이블 'mysafety_watchlist' 생성 중...
[2026-09-26 16:05:52,399][INFO|database.py-upgrade_schema:285] >> 테이블 'mysafetydetail_other' 생성 중...
[2026-09-26 16:05:52,402][INFO|database.py-upgrade_schema:285] >> 테이블 'mysafetydetail_parking' 생성 중...
[2026-09-26 16:05:52,407][INFO|database.py-upgrade_schema:285] >> 테이블 'mysafetydetail_traffic' 생성 중...
[2026-09-26 16:05:52,411][INFO|database.py-upgrade_schema:285] >> 테이블 'mysafetymerge_other' 생성 중...
[2026-09-26 16:05:52,414][INFO|database.py-upgrade_schema:285] >> 테이블 'mysafetymerge_parking' 생성 중...
[2026-09-26 16:05:52,418][INFO|database.py-upgrade_schema:285] >> 테이블 'mysafetymerge_traffic' 생성 중...
[2026-09-26 16:05:52,422][INFO|database.py-_apply_versioned_migrations:452] >> [schema] DB 스키마 버전 1 적용
[2026-09-26 16:05:52,428][INFO|database.py-_apply_versioned_migrations:452] >> [schema] DB 스키마 버전 2 적용
[2026-09-26 16:05:52,430][INFO|database.py-_apply_versioned_migrations:452] >> [schema] DB 스키마 버전 3 적용
[2026-09-26 16:05:52,451][INFO|database.py-_apply_versioned_migrations:452] >> [schema] DB 스키마 버전 4 적용
[2026-09-26 16:05:52,484][INFO|duplicate_group_service.py-_log_info:53] >> [duplicate] payload exact 중복군 0개, 멤버 0건 재생성
[2026-09-26 16:05:52,529][INFO|database.py-backfill_synced_at:100] >> [migration] mysafetydetail_traffic synced_at 백필: 12건, 미해결 0건
[2026-09-26 16:05:52,533][INFO|database.py-backfill_synced_at:100] >> [migration] mysafetydetail_parking synced_at 백필: 6건, 미해결 0건
[2026-09-26 16:05:52,536][INFO|database.py-backfill_synced_at:100] >> [migration] mysafetydetail_other synced_at 백필: 6건, 미해결 0건
[2026-09-26 16:05:52,539][INFO|database.py-backfill_synced_at:105] >> [migration] synced_at 백필 완료: 총 24건 갱신, merge 재생성 시작
[2026-09-26 16:05:52,554][INFO|database.py-merge_final:736] >> 최종 데이터 병합 완료 (Traffic/Parking/Other 분리)
[2026-09-26 16:05:52,582][INFO|duplicate_group_service.py-_log_info:53] >> [duplicate] payload exact 중복군 1개, 멤버 2건 재생성
[2026-09-26 16:05:52,596][INFO|database.py-merge_final:736] >> 최종 데이터 병합 완료 (Traffic/Parking/Other 분리)
[2026-09-26 16:05:52,622][INFO|duplicate_group_service.py-_log_info:53] >> [duplicate] payload exact 중복군 1개, 멤버 2건 재생성
[2026-09-26 16:05:52,750][INFO|geocode_service.py-prepare_geo_payload:590] >> [geocode] 설정 누락으로 지오코딩 보류: 카카오 REST API 키가 비어 있습니다.
[2026-09-26 16:05:52,810][INFO|duplicate_group_service.py-_log_info:53] >> [duplicate] payload exact 중복군 1개, 멤버 2건 재생성
.[2026-09-26 16:05:52,828][INFO|database.py-upgrade_schema:285] >> 테이블 'admin_users' 생성 중...
[2026-09-26 16:05:52,832][INFO|database.py-upgrade_schema:285] >> 테이블 'api_keys' 생성 중...
[2026-09-26 16:05:52,834][INFO|database.py-upgrade_schema:285] >> 테이블 'mysafety' 생성 중...
[2026-09-26 16:05:52,836][INFO|database.py-upgrade_schema:285] >> 테이블 'mysafety_change_cursor' 생성 중...
[2026-09-26 16:05:52,838][INFO|database.py-upgrade_schema:285] >> 테이블 'mysafety_change_log' 생성 중...
[2026-09-26 16:05:52,840][INFO|database.py-upgrade_schema:285] >> 테이블 'mysafety_duplicate_decision' 생성 중...
[2026-09-26 16:05:52,843][INFO|database.py-upgrade_schema:285] >> 테이블 'mysafety_duplicate_group' 생성 중...
[2026-09-26 16:05:52,848][INFO|database.py-upgrade_schema:285] >> 테이블 'mysafety_duplicate_member' 생성 중...
[2026-09-26 16:05:52,853][INFO|database.py-upgrade_schema:285] >> 테이블 'mysafety_entry_value' 생성 중...
[2026-09-26 16:05:52,858][INFO|database.py-upgrade_schema:285] >> 테이블 'mysafety_geocode_cache' 생성 중...
[2026-09-26 16:05:52,861][INFO|database.py-upgrade_schema:285] >> 테이블 'mysafety_raw_content' 생성 중...
[2026-09-26 16:05:52,863][INFO|database.py-upgrade_schema:285] >> 테이블 'mysafety_report_override' 생성 중...
[2026-09-26 16:05:52,865][INFO|database.py-upgrade_schema:285] >> 테이블 'mysafety_sync_meta' 생성 중...
[2026-09-26 16:05:52,869][INFO|database.py-upgrade_schema:285] >> 테이블 'mysafety_watchlist' 생성 중...
[2026-09-26 16:05:52,873][INFO|database.py-upgrade_schema:285] >> 테이블 'mysafetydetail_other' 생성 중...
[2026-09-26 16:05:52,879][INFO|database.py-upgrade_schema:285] >> 테이블 'mysafetydetail_parking' 생성 중...
[2026-09-26 16:05:52,884][INFO|database.py-upgrade_schema:285] >> 테이블 'mysafetydetail_traffic' 생성 중...
[2026-09-26 16:05:52,887][INFO|database.py-upgrade_schema:285] >> 테이블 'mysafetymerge_other' 생성 중...
[2026-09-26 16:05:52,896][INFO|database.py-upgrade_schema:285] >> 테이블 'mysafetymerge_parking' 생성 중...
[2026-09-26 16:05:52,900][INFO|database.py-upgrade_schema:285] >> 테이블 'mysafetymerge_traffic' 생성 중...
[2026-09-26 16:05:52,906][INFO|database.py-_apply_versioned_migrations:452] >> [schema] DB 스키마 버전 1 적용
[2026-09-26 16:05:52,913][INFO|database.py-_apply_versioned_migrations:452] >> [schema] DB 스키마 버전 2 적용
[2026-09-26 16:05:52,915][INFO|database.py-_apply_versioned_migrations:452] >> [schema] DB 스키마 버전 3 적용
[2026-09-26 16:05:52,928][INFO|database.py-_apply_versioned_migrations:452] >> [schema] DB 스키마 버전 4 적용
[2026-09-26 16:05:52,956][INFO|duplicate_group_service.py-_log_info:53] >> [duplicate] payload exact 중복군 0개, 멤버 0건 재생성
[2026-09-26 16:05:52,990][INFO|database.py-backfill_synced_at:100] >> [migration] mysafetydetail_traffic synced_at 백필: 12건, 미해결 0건
[2026-09-26 16:05:52,993][INFO|database.py-backfill_synced_at:100] >> [migration] mysafetydetail_parking synced_at 백필: 6건, 미해결 0건
[2026-09-26 16:05:52,997][INFO|database.py-backfill_synced_at:100] >> [migration] mysafetydetail_other synced_at 백필: 6건, 미해결 0건
[2026-09-26 16:05:52,998][INFO|database.py-backfill_synced_at:105] >> [migration] synced_at 백필 완료: 총 24건 갱신, merge 재생성 시작
[2026-09-26 16:05:53,010][INFO|database.py-merge_final:736] >> 최종 데이터 병합 완료 (Traffic/Parking/Other 분리)
[2026-09-26 16:05:53,047][INFO|duplicate_group_service.py-_log_info:53] >> [duplicate] payload exact 중복군 1개, 멤버 2건 재생성
[2026-09-26 16:05:53,060][INFO|database.py-merge_final:736] >> 최종 데이터 병합 완료 (Traffic/Parking/Other 분리)
[2026-09-26 16:05:53,084][INFO|duplicate_group_service.py-_log_info:53] >> [duplicate] payload exact 중복군 1개, 멤버 2건 재생성
[2026-09-26 16:05:53,237][ERROR|reports_repo.py-save_crawled:295] >> ID 90000001 저장 실패: boom
[2026-09-26 16:05:53,237][ERROR|reports_repo.py-save_crawled:306] >> 상세 저장 실패 1건: 90000001
.[2026-09-26 16:05:53,258][INFO|database.py-upgrade_schema:285] >> 테이블 'admin_users' 생성 중...
[2026-09-26 16:05:53,261][INFO|database.py-upgrade_schema:285] >> 테이블 'api_keys' 생성 중...
[2026-09-26 16:05:53,262][INFO|database.py-upgrade_schema:285] >> 테이블 'mysafety' 생성 중...
[2026-09-26 16:05:53,266][INFO|database.py-upgrade_schema:285] >> 테이블 'mysafety_change_cursor' 생성 중...
[2026-09-26 16:05:53,268][INFO|database.py-upgrade_schema:285] >> 테이블 'mysafety_change_log' 생성 중...
[2026-09-26 16:05:53,270][INFO|database.py-upgrade_schema:285] >> 테이블 'mysafety_duplicate_decision' 생성 중...
[2026-09-26 16:05:53,276][INFO|database.py-upgrade_schema:285] >> 테이블 'mysafety_duplicate_group' 생성 중...
[2026-09-26 16:05:53,279][INFO|database.py-upgrade_schema:285] >> 테이블 'mysafety_duplicate_member' 생성 중...
[2026-09-26 16:05:53,281][INFO|database.py-upgrade_schema:285] >> 테이블 'mysafety_entry_value' 생성 중...
[2026-09-26 16:05:53,284][INFO|database.py-upgrade_schema:285] >> 테이블 'mysafety_geocode_cache' 생성 중...
[2026-09-26 16:05:53,286][INFO|database.py-upgrade_schema:285] >> 테이블 'mysafety_raw_content' 생성 중...
[2026-09-26 16:05:53,290][INFO|database.py-upgrade_schema:285] >> 테이블 'mysafety_report_override' 생성 중...
[2026-09-26 16:05:53,292][INFO|database.py-upgrade_schema:285] >> 테이블 'mysafety_sync_meta' 생성 중...
[2026-09-26 16:05:53,294][INFO|database.py-upgrade_schema:285] >> 테이블 'mysafety_watchlist' 생성 중...
[2026-09-26 16:05:53,297][INFO|database.py-upgrade_schema:285] >> 테이블 'mysafetydetail_other' 생성 중...
[2026-09-26 16:05:53,301][INFO|database.py-upgrade_schema:285] >> 테이블 'mysafetydetail_parking' 생성 중...
[2026-09-26 16:05:53,304][INFO|database.py-upgrade_schema:285] >> 테이블 'mysafetydetail_traffic' 생성 중...
[2026-09-26 16:05:53,307][INFO|database.py-upgrade_schema:285] >> 테이블 'mysafetymerge_other' 생성 중...
[2026-09-26 16:05:53,310][INFO|database.py-upgrade_schema:285] >> 테이블 'mysafetymerge_parking' 생성 중...
[2026-09-26 16:05:53,313][INFO|database.py-upgrade_schema:285] >> 테이블 'mysafetymerge_traffic' 생성 중...
[2026-09-26 16:05:53,321][INFO|database.py-_apply_versioned_migrations:452] >> [schema] DB 스키마 버전 1 적용
[2026-09-26 16:05:53,327][INFO|database.py-_apply_versioned_migrations:452] >> [schema] DB 스키마 버전 2 적용
[2026-09-26 16:05:53,330][INFO|database.py-_apply_versioned_migrations:452] >> [schema] DB 스키마 버전 3 적용
[2026-09-26 16:05:53,349][INFO|database.py-_apply_versioned_migrations:452] >> [schema] DB 스키마 버전 4 적용
[2026-09-26 16:05:53,384][INFO|duplicate_group_service.py-_log_info:53] >> [duplicate] payload exact 중복군 0개, 멤버 0건 재생성
[2026-09-26 16:05:53,431][INFO|database.py-backfill_synced_at:100] >> [migration] mysafetydetail_traffic synced_at 백필: 12건, 미해결 0건
[2026-09-26 16:05:53,435][INFO|database.py-backfill_synced_at:100] >> [migration] mysafetydetail_parking synced_at 백필: 6건, 미해결 0건
[2026-09-26 16:05:53,438][INFO|database.py-backfill_synced_at:100] >> [migration] mysafetydetail_other synced_at 백필: 6건, 미해결 0건
[2026-09-26 16:05:53,440][INFO|database.py-backfill_synced_at:105] >> [migration] synced_at 백필 완료: 총 24건 갱신, merge 재생성 시작
[2026-09-26 16:05:53,453][INFO|database.py-merge_final:736] >> 최종 데이터 병합 완료 (Traffic/Parking/Other 분리)
[2026-09-26 16:05:53,478][INFO|duplicate_group_service.py-_log_info:53] >> [duplicate] payload exact 중복군 1개, 멤버 2건 재생성
[2026-09-26 16:05:53,491][INFO|database.py-merge_final:736] >> 최종 데이터 병합 완료 (Traffic/Parking/Other 분리)
[2026-09-26 16:05:53,516][INFO|duplicate_group_service.py-_log_info:53] >> [duplicate] payload exact 중복군 1개, 멤버 2건 재생성
[2026-09-26 16:05:53,697][INFO|duplicate_group_service.py-_log_info:53] >> [duplicate] payload exact 중복군 1개, 멤버 2건 재생성
.[2026-09-26 16:05:53,715][INFO|database.py-upgrade_schema:285] >> 테이블 'admin_users' 생성 중...
[2026-09-26 16:05:53,717][INFO|database.py-upgrade_schema:285] >> 테이블 'api_keys' 생성 중...
[2026-09-26 16:05:53,719][INFO|database.py-upgrade_schema:285] >> 테이블 'mysafety' 생성 중...
[2026-09-26 16:05:53,720][INFO|database.py-upgrade_schema:285] >> 테이블 'mysafety_change_cursor' 생성 중...
[2026-09-26 16:05:53,722][INFO|database.py-upgrade_schema:285] >> 테이블 'mysafety_change_log' 생성 중...
[2026-09-26 16:05:53,723][INFO|database.py-upgrade_schema:285] >> 테이블 'mysafety_duplicate_decision' 생성 중...
[2026-09-26 16:05:53,726][INFO|database.py-upgrade_schema:285] >> 테이블 'mysafety_duplicate_group' 생성 중...
[2026-09-26 16:05:53,728][INFO|database.py-upgrade_schema:285] >> 테이블 'mysafety_duplicate_member' 생성 중...
[2026-09-26 16:05:53,729][INFO|database.py-upgrade_schema:285] >> 테이블 'mysafety_entry_value' 생성 중...
[2026-09-26 16:05:53,734][INFO|database.py-upgrade_schema:285] >> 테이블 'mysafety_geocode_cache' 생성 중...
[2026-09-26 16:05:53,736][INFO|database.py-upgrade_schema:285] >> 테이블 'mysafety_raw_content' 생성 중...
[2026-09-26 16:05:53,738][INFO|database.py-upgrade_schema:285] >> 테이블 'mysafety_report_override' 생성 중...
[2026-09-26 16:05:53,740][INFO|database.py-upgrade_schema:285] >> 테이블 'mysafety_sync_meta' 생성 중...
[2026-09-26 16:05:53,742][INFO|database.py-upgrade_schema:285] >> 테이블 'mysafety_watchlist' 생성 중...
[2026-09-26 16:05:53,743][INFO|database.py-upgrade_schema:285] >> 테이블 'mysafetydetail_other' 생성 중...
[2026-09-26 16:05:53,745][INFO|database.py-upgrade_schema:285] >> 테이블 'mysafetydetail_parking' 생성 중...
[2026-09-26 16:05:53,747][INFO|database.py-upgrade_schema:285] >> 테이블 'mysafetydetail_traffic' 생성 중...
[2026-09-26 16:05:53,748][INFO|database.py-upgrade_schema:285] >> 테이블 'mysafetymerge_other' 생성 중...
[2026-09-26 16:05:53,750][INFO|database.py-upgrade_schema:285] >> 테이블 'mysafetymerge_parking' 생성 중...
[2026-09-26 16:05:53,752][INFO|database.py-upgrade_schema:285] >> 테이블 'mysafetymerge_traffic' 생성 중...
[2026-09-26 16:05:53,759][INFO|database.py-_apply_versioned_migrations:452] >> [schema] DB 스키마 버전 1 적용
[2026-09-26 16:05:53,769][INFO|database.py-_apply_versioned_migrations:452] >> [schema] DB 스키마 버전 2 적용
[2026-09-26 16:05:53,771][INFO|database.py-_apply_versioned_migrations:452] >> [schema] DB 스키마 버전 3 적용
[2026-09-26 16:05:53,793][INFO|database.py-_apply_versioned_migrations:452] >> [schema] DB 스키마 버전 4 적용
[2026-09-26 16:05:53,823][INFO|duplicate_group_service.py-_log_info:53] >> [duplicate] payload exact 중복군 0개, 멤버 0건 재생성
[2026-09-26 16:05:53,868][INFO|database.py-backfill_synced_at:100] >> [migration] mysafetydetail_traffic synced_at 백필: 12건, 미해결 0건
[2026-09-26 16:05:53,872][INFO|database.py-backfill_synced_at:100] >> [migration] mysafetydetail_parking synced_at 백필: 6건, 미해결 0건
[2026-09-26 16:05:53,875][INFO|database.py-backfill_synced_at:100] >> [migration] mysafetydetail_other synced_at 백필: 6건, 미해결 0건
[2026-09-26 16:05:53,882][INFO|database.py-backfill_synced_at:105] >> [migration] synced_at 백필 완료: 총 24건 갱신, merge 재생성 시작
[2026-09-26 16:05:53,894][INFO|database.py-merge_final:736] >> 최종 데이터 병합 완료 (Traffic/Parking/Other 분리)
[2026-09-26 16:05:53,926][INFO|duplicate_group_service.py-_log_info:53] >> [duplicate] payload exact 중복군 1개, 멤버 2건 재생성
[2026-09-26 16:05:53,935][INFO|database.py-merge_final:736] >> 최종 데이터 병합 완료 (Traffic/Parking/Other 분리)
[2026-09-26 16:05:53,963][INFO|duplicate_group_service.py-_log_info:53] >> [duplicate] payload exact 중복군 1개, 멤버 2건 재생성
[2026-09-26 16:05:54,169][INFO|duplicate_group_service.py-_log_info:53] >> [duplicate] payload exact 중복군 1개, 멤버 2건 재생성
[2026-09-26 16:05:54,171][INFO|database.py-detail_to_sql:723] >> 총 1건 detail 저장 완료. (변경/신규: 1건, 실패: 0건)
.[2026-09-26 16:05:54,189][INFO|database.py-upgrade_schema:285] >> 테이블 'admin_users' 생성 중...
[2026-09-26 16:05:54,194][INFO|database.py-upgrade_schema:285] >> 테이블 'api_keys' 생성 중...
[2026-09-26 16:05:54,196][INFO|database.py-upgrade_schema:285] >> 테이블 'mysafety' 생성 중...
[2026-09-26 16:05:54,198][INFO|database.py-upgrade_schema:285] >> 테이블 'mysafety_change_cursor' 생성 중...
[2026-09-26 16:05:54,200][INFO|database.py-upgrade_schema:285] >> 테이블 'mysafety_change_log' 생성 중...
[2026-09-26 16:05:54,202][INFO|database.py-upgrade_schema:285] >> 테이블 'mysafety_duplicate_decision' 생성 중...
[2026-09-26 16:05:54,203][INFO|database.py-upgrade_schema:285] >> 테이블 'mysafety_duplicate_group' 생성 중...
[2026-09-26 16:05:54,205][INFO|database.py-upgrade_schema:285] >> 테이블 'mysafety_duplicate_member' 생성 중...
[2026-09-26 16:05:54,207][INFO|database.py-upgrade_schema:285] >> 테이블 'mysafety_entry_value' 생성 중...
[2026-09-26 16:05:54,211][INFO|database.py-upgrade_schema:285] >> 테이블 'mysafety_geocode_cache' 생성 중...
[2026-09-26 16:05:54,212][INFO|database.py-upgrade_schema:285] >> 테이블 'mysafety_raw_content' 생성 중...
[2026-09-26 16:05:54,217][INFO|database.py-upgrade_schema:285] >> 테이블 'mysafety_report_override' 생성 중...
[2026-09-26 16:05:54,219][INFO|database.py-upgrade_schema:285] >> 테이블 'mysafety_sync_meta' 생성 중...
[2026-09-26 16:05:54,222][INFO|database.py-upgrade_schema:285] >> 테이블 'mysafety_watchlist' 생성 중...
[2026-09-26 16:05:54,224][INFO|database.py-upgrade_schema:285] >> 테이블 'mysafetydetail_other' 생성 중...
[2026-09-26 16:05:54,226][INFO|database.py-upgrade_schema:285] >> 테이블 'mysafetydetail_parking' 생성 중...
[2026-09-26 16:05:54,228][INFO|database.py-upgrade_schema:285] >> 테이블 'mysafetydetail_traffic' 생성 중...
[2026-09-26 16:05:54,230][INFO|database.py-upgrade_schema:285] >> 테이블 'mysafetymerge_other' 생성 중...
[2026-09-26 16:05:54,232][INFO|database.py-upgrade_schema:285] >> 테이블 'mysafetymerge_parking' 생성 중...
[2026-09-26 16:05:54,234][INFO|database.py-upgrade_schema:285] >> 테이블 'mysafetymerge_traffic' 생성 중...
[2026-09-26 16:05:54,238][INFO|database.py-_apply_versioned_migrations:452] >> [schema] DB 스키마 버전 1 적용
[2026-09-26 16:05:54,244][INFO|database.py-_apply_versioned_migrations:452] >> [schema] DB 스키마 버전 2 적용
[2026-09-26 16:05:54,246][INFO|database.py-_apply_versioned_migrations:452] >> [schema] DB 스키마 버전 3 적용
[2026-09-26 16:05:54,265][INFO|database.py-_apply_versioned_migrations:452] >> [schema] DB 스키마 버전 4 적용
[2026-09-26 16:05:54,292][INFO|duplicate_group_service.py-_log_info:53] >> [duplicate] payload exact 중복군 0개, 멤버 0건 재생성
[2026-09-26 16:05:54,339][INFO|database.py-backfill_synced_at:100] >> [migration] mysafetydetail_traffic synced_at 백필: 12건, 미해결 0건
[2026-09-26 16:05:54,343][INFO|database.py-backfill_synced_at:100] >> [migration] mysafetydetail_parking synced_at 백필: 6건, 미해결 0건
[2026-09-26 16:05:54,348][INFO|database.py-backfill_synced_at:100] >> [migration] mysafetydetail_other synced_at 백필: 6건, 미해결 0건
[2026-09-26 16:05:54,350][INFO|database.py-backfill_synced_at:105] >> [migration] synced_at 백필 완료: 총 24건 갱신, merge 재생성 시작
[2026-09-26 16:05:54,365][INFO|database.py-merge_final:736] >> 최종 데이터 병합 완료 (Traffic/Parking/Other 분리)
[2026-09-26 16:05:54,395][INFO|duplicate_group_service.py-_log_info:53] >> [duplicate] payload exact 중복군 1개, 멤버 2건 재생성
[2026-09-26 16:05:54,406][INFO|database.py-merge_final:736] >> 최종 데이터 병합 완료 (Traffic/Parking/Other 분리)
[2026-09-26 16:05:54,434][INFO|duplicate_group_service.py-_log_info:53] >> [duplicate] payload exact 중복군 1개, 멤버 2건 재생성
[2026-09-26 16:05:54,567][INFO|geocode_service.py-prepare_geo_payload:590] >> [geocode] 설정 누락으로 지오코딩 보류: 카카오 REST API 키가 비어 있습니다.
[2026-09-26 16:05:54,608][INFO|duplicate_group_service.py-_log_info:53] >> [duplicate] payload exact 중복군 1개, 멤버 2건 재생성
.[2026-09-26 16:05:54,627][INFO|database.py-upgrade_schema:285] >> 테이블 'admin_users' 생성 중...
[2026-09-26 16:05:54,638][INFO|database.py-upgrade_schema:285] >> 테이블 'api_keys' 생성 중...
[2026-09-26 16:05:54,640][INFO|database.py-upgrade_schema:285] >> 테이블 'mysafety' 생성 중...
[2026-09-26 16:05:54,642][INFO|database.py-upgrade_schema:285] >> 테이블 'mysafety_change_cursor' 생성 중...
[2026-09-26 16:05:54,643][INFO|database.py-upgrade_schema:285] >> 테이블 'mysafety_change_log' 생성 중...
[2026-09-26 16:05:54,645][INFO|database.py-upgrade_schema:285] >> 테이블 'mysafety_duplicate_decision' 생성 중...
[2026-09-26 16:05:54,646][INFO|database.py-upgrade_schema:285] >> 테이블 'mysafety_duplicate_group' 생성 중...
[2026-09-26 16:05:54,648][INFO|database.py-upgrade_schema:285] >> 테이블 'mysafety_duplicate_member' 생성 중...
[2026-09-26 16:05:54,649][INFO|database.py-upgrade_schema:285] >> 테이블 'mysafety_entry_value' 생성 중...
[2026-09-26 16:05:54,650][INFO|database.py-upgrade_schema:285] >> 테이블 'mysafety_geocode_cache' 생성 중...
[2026-09-26 16:05:54,652][INFO|database.py-upgrade_schema:285] >> 테이블 'mysafety_raw_content' 생성 중...
[2026-09-26 16:05:54,654][INFO|database.py-upgrade_schema:285] >> 테이블 'mysafety_report_override' 생성 중...
[2026-09-26 16:05:54,659][INFO|database.py-upgrade_schema:285] >> 테이블 'mysafety_sync_meta' 생성 중...
[2026-09-26 16:05:54,661][INFO|database.py-upgrade_schema:285] >> 테이블 'mysafety_watchlist' 생성 중...
[2026-09-26 16:05:54,669][INFO|database.py-upgrade_schema:285] >> 테이블 'mysafetydetail_other' 생성 중...
[2026-09-26 16:05:54,671][INFO|database.py-upgrade_schema:285] >> 테이블 'mysafetydetail_parking' 생성 중...
[2026-09-26 16:05:54,673][INFO|database.py-upgrade_schema:285] >> 테이블 'mysafetydetail_traffic' 생성 중...
[2026-09-26 16:05:54,675][INFO|database.py-upgrade_schema:285] >> 테이블 'mysafetymerge_other' 생성 중...
[2026-09-26 16:05:54,677][INFO|database.py-upgrade_schema:285] >> 테이블 'mysafetymerge_parking' 생성 중...
[2026-09-26 16:05:54,679][INFO|database.py-upgrade_schema:285] >> 테이블 'mysafetymerge_traffic' 생성 중...
[2026-09-26 16:05:54,683][INFO|database.py-_apply_versioned_migrations:452] >> [schema] DB 스키마 버전 1 적용
[2026-09-26 16:05:54,688][INFO|database.py-_apply_versioned_migrations:452] >> [schema] DB 스키마 버전 2 적용
[2026-09-26 16:05:54,690][INFO|database.py-_apply_versioned_migrations:452] >> [schema] DB 스키마 버전 3 적용
[2026-09-26 16:05:54,707][INFO|database.py-_apply_versioned_migrations:452] >> [schema] DB 스키마 버전 4 적용
[2026-09-26 16:05:54,736][INFO|duplicate_group_service.py-_log_info:53] >> [duplicate] payload exact 중복군 0개, 멤버 0건 재생성
[2026-09-26 16:05:54,777][INFO|database.py-backfill_synced_at:100] >> [migration] mysafetydetail_traffic synced_at 백필: 12건, 미해결 0건
[2026-09-26 16:05:54,780][INFO|database.py-backfill_synced_at:100] >> [migration] mysafetydetail_parking synced_at 백필: 6건, 미해결 0건
[2026-09-26 16:05:54,783][INFO|database.py-backfill_synced_at:100] >> [migration] mysafetydetail_other synced_at 백필: 6건, 미해결 0건
[2026-09-26 16:05:54,785][INFO|database.py-backfill_synced_at:105] >> [migration] synced_at 백필 완료: 총 24건 갱신, merge 재생성 시작
[2026-09-26 16:05:54,803][INFO|database.py-merge_final:736] >> 최종 데이터 병합 완료 (Traffic/Parking/Other 분리)
[2026-09-26 16:05:54,829][INFO|duplicate_group_service.py-_log_info:53] >> [duplicate] payload exact 중복군 1개, 멤버 2건 재생성
[2026-09-26 16:05:54,843][INFO|database.py-merge_final:736] >> 최종 데이터 병합 완료 (Traffic/Parking/Other 분리)
[2026-09-26 16:05:54,870][INFO|duplicate_group_service.py-_log_info:53] >> [duplicate] payload exact 중복군 1개, 멤버 2건 재생성
.[2026-09-26 16:05:55,017][INFO|database.py-upgrade_schema:285] >> 테이블 'admin_users' 생성 중...
[2026-09-26 16:05:55,020][INFO|database.py-upgrade_schema:285] >> 테이블 'api_keys' 생성 중...
[2026-09-26 16:05:55,021][INFO|database.py-upgrade_schema:285] >> 테이블 'mysafety' 생성 중...
[2026-09-26 16:05:55,023][INFO|database.py-upgrade_schema:285] >> 테이블 'mysafety_change_cursor' 생성 중...
[2026-09-26 16:05:55,025][INFO|database.py-upgrade_schema:285] >> 테이블 'mysafety_change_log' 생성 중...
[2026-09-26 16:05:55,026][INFO|database.py-upgrade_schema:285] >> 테이블 'mysafety_duplicate_decision' 생성 중...
[2026-09-26 16:05:55,028][INFO|database.py-upgrade_schema:285] >> 테이블 'mysafety_duplicate_group' 생성 중...
[2026-09-26 16:05:55,030][INFO|database.py-upgrade_schema:285] >> 테이블 'mysafety_duplicate_member' 생성 중...
[2026-09-26 16:05:55,031][INFO|database.py-upgrade_schema:285] >> 테이블 'mysafety_entry_value' 생성 중...
[2026-09-26 16:05:55,035][INFO|database.py-upgrade_schema:285] >> 테이블 'mysafety_geocode_cache' 생성 중...
[2026-09-26 16:05:55,037][INFO|database.py-upgrade_schema:285] >> 테이블 'mysafety_raw_content' 생성 중...
[2026-09-26 16:05:55,039][INFO|database.py-upgrade_schema:285] >> 테이블 'mysafety_report_override' 생성 중...
[2026-09-26 16:05:55,040][INFO|database.py-upgrade_schema:285] >> 테이블 'mysafety_sync_meta' 생성 중...
[2026-09-26 16:05:55,045][INFO|database.py-upgrade_schema:285] >> 테이블 'mysafety_watchlist' 생성 중...
[2026-09-26 16:05:55,048][INFO|database.py-upgrade_schema:285] >> 테이블 'mysafetydetail_other' 생성 중...
[2026-09-26 16:05:55,051][INFO|database.py-upgrade_schema:285] >> 테이블 'mysafetydetail_parking' 생성 중...
[2026-09-26 16:05:55,053][INFO|database.py-upgrade_schema:285] >> 테이블 'mysafetydetail_traffic' 생성 중...
[2026-09-26 16:05:55,055][INFO|database.py-upgrade_schema:285] >> 테이블 'mysafetymerge_other' 생성 중...
[2026-09-26 16:05:55,057][INFO|database.py-upgrade_schema:285] >> 테이블 'mysafetymerge_parking' 생성 중...
[2026-09-26 16:05:55,059][INFO|database.py-upgrade_schema:285] >> 테이블 'mysafetymerge_traffic' 생성 중...
[2026-09-26 16:05:55,069][INFO|database.py-_apply_versioned_migrations:452] >> [schema] DB 스키마 버전 1 적용
[2026-09-26 16:05:55,077][INFO|database.py-_apply_versioned_migrations:452] >> [schema] DB 스키마 버전 2 적용
[2026-09-26 16:05:55,079][INFO|database.py-_apply_versioned_migrations:452] >> [schema] DB 스키마 버전 3 적용
[2026-09-26 16:05:55,090][INFO|database.py-_apply_versioned_migrations:452] >> [schema] DB 스키마 버전 4 적용
[2026-09-26 16:05:55,137][INFO|duplicate_group_service.py-_log_info:53] >> [duplicate] payload exact 중복군 0개, 멤버 0건 재생성
[2026-09-26 16:05:55,175][INFO|database.py-backfill_synced_at:100] >> [migration] mysafetydetail_traffic synced_at 백필: 12건, 미해결 0건
[2026-09-26 16:05:55,179][INFO|database.py-backfill_synced_at:100] >> [migration] mysafetydetail_parking synced_at 백필: 6건, 미해결 0건
[2026-09-26 16:05:55,182][INFO|database.py-backfill_synced_at:100] >> [migration] mysafetydetail_other synced_at 백필: 6건, 미해결 0건
[2026-09-26 16:05:55,184][INFO|database.py-backfill_synced_at:105] >> [migration] synced_at 백필 완료: 총 24건 갱신, merge 재생성 시작
[2026-09-26 16:05:55,204][INFO|database.py-merge_final:736] >> 최종 데이터 병합 완료 (Traffic/Parking/Other 분리)
[2026-09-26 16:05:55,231][INFO|duplicate_group_service.py-_log_info:53] >> [duplicate] payload exact 중복군 1개, 멤버 2건 재생성
[2026-09-26 16:05:55,242][INFO|database.py-merge_final:736] >> 최종 데이터 병합 완료 (Traffic/Parking/Other 분리)
[2026-09-26 16:05:55,267][INFO|duplicate_group_service.py-_log_info:53] >> [duplicate] payload exact 중복군 1개, 멤버 2건 재생성
.[2026-09-26 16:05:55,438][INFO|database.py-upgrade_schema:285] >> 테이블 'admin_users' 생성 중...
[2026-09-26 16:05:55,442][INFO|database.py-upgrade_schema:285] >> 테이블 'api_keys' 생성 중...
[2026-09-26 16:05:55,444][INFO|database.py-upgrade_schema:285] >> 테이블 'mysafety' 생성 중...
[2026-09-26 16:05:55,446][INFO|database.py-upgrade_schema:285] >> 테이블 'mysafety_change_cursor' 생성 중...
[2026-09-26 16:05:55,447][INFO|database.py-upgrade_schema:285] >> 테이블 'mysafety_change_log' 생성 중...
[2026-09-26 16:05:55,449][INFO|database.py-upgrade_schema:285] >> 테이블 'mysafety_duplicate_decision' 생성 중...
[2026-09-26 16:05:55,450][INFO|database.py-upgrade_schema:285] >> 테이블 'mysafety_duplicate_group' 생성 중...
[2026-09-26 16:05:55,452][INFO|database.py-upgrade_schema:285] >> 테이블 'mysafety_duplicate_member' 생성 중...
[2026-09-26 16:05:55,454][INFO|database.py-upgrade_schema:285] >> 테이블 'mysafety_entry_value' 생성 중...
[2026-09-26 16:05:55,455][INFO|database.py-upgrade_schema:285] >> 테이블 'mysafety_geocode_cache' 생성 중...
[2026-09-26 16:05:55,457][INFO|database.py-upgrade_schema:285] >> 테이블 'mysafety_raw_content' 생성 중...
[2026-09-26 16:05:55,459][INFO|database.py-upgrade_schema:285] >> 테이블 'mysafety_report_override' 생성 중...
[2026-09-26 16:05:55,464][INFO|database.py-upgrade_schema:285] >> 테이블 'mysafety_sync_meta' 생성 중...
[2026-09-26 16:05:55,466][INFO|database.py-upgrade_schema:285] >> 테이블 'mysafety_watchlist' 생성 중...
[2026-09-26 16:05:55,468][INFO|database.py-upgrade_schema:285] >> 테이블 'mysafetydetail_other' 생성 중...
[2026-09-26 16:05:55,472][INFO|database.py-upgrade_schema:285] >> 테이블 'mysafetydetail_parking' 생성 중...
[2026-09-26 16:05:55,475][INFO|database.py-upgrade_schema:285] >> 테이블 'mysafetydetail_traffic' 생성 중...
[2026-09-26 16:05:55,477][INFO|database.py-upgrade_schema:285] >> 테이블 'mysafetymerge_other' 생성 중...
[2026-09-26 16:05:55,479][INFO|database.py-upgrade_schema:285] >> 테이블 'mysafetymerge_parking' 생성 중...
[2026-09-26 16:05:55,482][INFO|database.py-upgrade_schema:285] >> 테이블 'mysafetymerge_traffic' 생성 중...
[2026-09-26 16:05:55,486][INFO|database.py-_apply_versioned_migrations:452] >> [schema] DB 스키마 버전 1 적용
[2026-09-26 16:05:55,493][INFO|database.py-_apply_versioned_migrations:452] >> [schema] DB 스키마 버전 2 적용
[2026-09-26 16:05:55,498][INFO|database.py-_apply_versioned_migrations:452] >> [schema] DB 스키마 버전 3 적용
[2026-09-26 16:05:55,516][INFO|database.py-_apply_versioned_migrations:452] >> [schema] DB 스키마 버전 4 적용
[2026-09-26 16:05:55,544][INFO|duplicate_group_service.py-_log_info:53] >> [duplicate] payload exact 중복군 0개, 멤버 0건 재생성
[2026-09-26 16:05:55,582][INFO|database.py-backfill_synced_at:100] >> [migration] mysafetydetail_traffic synced_at 백필: 12건, 미해결 0건
[2026-09-26 16:05:55,586][INFO|database.py-backfill_synced_at:100] >> [migration] mysafetydetail_parking synced_at 백필: 6건, 미해결 0건
[2026-09-26 16:05:55,589][INFO|database.py-backfill_synced_at:100] >> [migration] mysafetydetail_other synced_at 백필: 6건, 미해결 0건
[2026-09-26 16:05:55,591][INFO|database.py-backfill_synced_at:105] >> [migration] synced_at 백필 완료: 총 24건 갱신, merge 재생성 시작
[2026-09-26 16:05:55,603][INFO|database.py-merge_final:736] >> 최종 데이터 병합 완료 (Traffic/Parking/Other 분리)
[2026-09-26 16:05:55,632][INFO|duplicate_group_service.py-_log_info:53] >> [duplicate] payload exact 중복군 1개, 멤버 2건 재생성
[2026-09-26 16:05:55,643][INFO|database.py-merge_final:736] >> 최종 데이터 병합 완료 (Traffic/Parking/Other 분리)
[2026-09-26 16:05:55,667][INFO|duplicate_group_service.py-_log_info:53] >> [duplicate] payload exact 중복군 1개, 멤버 2건 재생성
[2026-09-26 16:05:55,851][ERROR|start.py-_save_details_as_they_arrive:449] >> 상세 크롤링이 중간에 멈췄습니다(2건까지 저장됨): 네트워크 끊김
[2026-09-26 16:05:55,851][INFO|start.py-_save_details_as_they_arrive:450] >> 상세 저장 2건 (변경/신규 2건, 실패 0건)
.[2026-09-26 16:05:55,870][INFO|database.py-upgrade_schema:285] >> 테이블 'admin_users' 생성 중...
[2026-09-26 16:05:55,873][INFO|database.py-upgrade_schema:285] >> 테이블 'api_keys' 생성 중...
[2026-09-26 16:05:55,875][INFO|database.py-upgrade_schema:285] >> 테이블 'mysafety' 생성 중...
[2026-09-26 16:05:55,877][INFO|database.py-upgrade_schema:285] >> 테이블 'mysafety_change_cursor' 생성 중...
[2026-09-26 16:05:55,878][INFO|database.py-upgrade_schema:285] >> 테이블 'mysafety_change_log' 생성 중...
[2026-09-26 16:05:55,879][INFO|database.py-upgrade_schema:285] >> 테이블 'mysafety_duplicate_decision' 생성 중...
[2026-09-26 16:05:55,881][INFO|database.py-upgrade_schema:285] >> 테이블 'mysafety_duplicate_group' 생성 중...
[2026-09-26 16:05:55,882][INFO|database.py-upgrade_schema:285] >> 테이블 'mysafety_duplicate_member' 생성 중...
[2026-09-26 16:05:55,884][INFO|database.py-upgrade_schema:285] >> 테이블 'mysafety_entry_value' 생성 중...
[2026-09-26 16:05:55,885][INFO|database.py-upgrade_schema:285] >> 테이블 'mysafety_geocode_cache' 생성 중...
[2026-09-26 16:05:55,887][INFO|database.py-upgrade_schema:285] >> 테이블 'mysafety_raw_content' 생성 중...
[2026-09-26 16:05:55,890][INFO|database.py-upgrade_schema:285] >> 테이블 'mysafety_report_override' 생성 중...
[2026-09-26 16:05:55,892][INFO|database.py-upgrade_schema:285] >> 테이블 'mysafety_sync_meta' 생성 중...
[2026-09-26 16:05:55,897][INFO|database.py-upgrade_schema:285] >> 테이블 'mysafety_watchlist' 생성 중...
[2026-09-26 16:05:55,901][INFO|database.py-upgrade_schema:285] >> 테이블 'mysafetydetail_other' 생성 중...
[2026-09-26 16:05:55,904][INFO|database.py-upgrade_schema:285] >> 테이블 'mysafetydetail_parking' 생성 중...
[2026-09-26 16:05:55,906][INFO|database.py-upgrade_schema:285] >> 테이블 'mysafetydetail_traffic' 생성 중...
[2026-09-26 16:05:55,908][INFO|database.py-upgrade_schema:285] >> 테이블 'mysafetymerge_other' 생성 중...
[2026-09-26 16:05:55,910][INFO|database.py-upgrade_schema:285] >> 테이블 'mysafetymerge_parking' 생성 중...
[2026-09-26 16:05:55,912][INFO|database.py-upgrade_schema:285] >> 테이블 'mysafetymerge_traffic' 생성 중...
[2026-09-26 16:05:55,916][INFO|database.py-_apply_versioned_migrations:452] >> [schema] DB 스키마 버전 1 적용
[2026-09-26 16:05:55,921][INFO|database.py-_apply_versioned_migrations:452] >> [schema] DB 스키마 버전 2 적용
[2026-09-26 16:05:55,924][INFO|database.py-_apply_versioned_migrations:452] >> [schema] DB 스키마 버전 3 적용
[2026-09-26 16:05:55,953][INFO|database.py-_apply_versioned_migrations:452] >> [schema] DB 스키마 버전 4 적용
[2026-09-26 16:05:55,982][INFO|duplicate_group_service.py-_log_info:53] >> [duplicate] payload exact 중복군 0개, 멤버 0건 재생성
[2026-09-26 16:05:56,034][INFO|database.py-backfill_synced_at:100] >> [migration] mysafetydetail_traffic synced_at 백필: 12건, 미해결 0건
[2026-09-26 16:05:56,037][INFO|database.py-backfill_synced_at:100] >> [migration] mysafetydetail_parking synced_at 백필: 6건, 미해결 0건
[2026-09-26 16:05:56,041][INFO|database.py-backfill_synced_at:100] >> [migration] mysafetydetail_other synced_at 백필: 6건, 미해결 0건
[2026-09-26 16:05:56,043][INFO|database.py-backfill_synced_at:105] >> [migration] synced_at 백필 완료: 총 24건 갱신, merge 재생성 시작
[2026-09-26 16:05:56,056][INFO|database.py-merge_final:736] >> 최종 데이터 병합 완료 (Traffic/Parking/Other 분리)
[2026-09-26 16:05:56,080][INFO|duplicate_group_service.py-_log_info:53] >> [duplicate] payload exact 중복군 1개, 멤버 2건 재생성
[2026-09-26 16:05:56,090][INFO|database.py-merge_final:736] >> 최종 데이터 병합 완료 (Traffic/Parking/Other 분리)
[2026-09-26 16:05:56,115][INFO|duplicate_group_service.py-_log_info:53] >> [duplicate] payload exact 중복군 1개, 멤버 2건 재생성
[2026-09-26 16:05:56,255][INFO|database.py-merge_final:736] >> 최종 데이터 병합 완료 (Traffic/Parking/Other 분리)
[2026-09-26 16:05:56,287][INFO|duplicate_group_service.py-_log_info:53] >> [duplicate] payload exact 중복군 1개, 멤버 2건 재생성
[2026-09-26 16:05:56,293][INFO|geocode_service.py-prepare_geo_payload:590] >> [geocode] 설정 누락으로 지오코딩 보류: 카카오 REST API 키가 비어 있습니다.
[2026-09-26 16:05:56,350][INFO|duplicate_group_service.py-_log_info:53] >> [duplicate] payload exact 중복군 1개, 멤버 2건 재생성
.
----------------------------------------------------------------------
Ran 382 tests in 86.954s

OK (skipped=4)
# end: 2026-09-26T16:05:57+09:00
# exit: 0
