# cmd: timeout 900 /home/better0101/projects/safetyreport/.venv/bin/python -m unittest discover -s tests -p 'test_*.py'
# cwd: /home/better0101/projects/worktree/ci-20260926/safetyreport/audit-fix
# candidate: b4fe1d2 (ci0926/audit-fix)
# dirty: 0 tracked changes
# start: 2026-09-26T20:31:32+09:00
....../home/better0101/projects/safetyreport/.venv/lib/python3.14/site-packages/fastapi/testclient.py:1: StarletteDeprecationWarning: Using `httpx` with `starlette.testclient` is deprecated; install `httpx2` instead.
  from starlette.testclient import TestClient as TestClient  # noqa
[2026-09-26 20:31:33,662][INFO|database.py-upgrade_schema:285] >> 테이블 'admin_users' 생성 중...
[2026-09-26 20:31:33,665][INFO|database.py-upgrade_schema:285] >> 테이블 'api_keys' 생성 중...
[2026-09-26 20:31:33,667][INFO|database.py-upgrade_schema:285] >> 테이블 'mysafety' 생성 중...
[2026-09-26 20:31:33,668][INFO|database.py-upgrade_schema:285] >> 테이블 'mysafety_change_cursor' 생성 중...
[2026-09-26 20:31:33,674][INFO|database.py-upgrade_schema:285] >> 테이블 'mysafety_change_log' 생성 중...
[2026-09-26 20:31:33,676][INFO|database.py-upgrade_schema:285] >> 테이블 'mysafety_duplicate_decision' 생성 중...
[2026-09-26 20:31:33,682][INFO|database.py-upgrade_schema:285] >> 테이블 'mysafety_duplicate_group' 생성 중...
[2026-09-26 20:31:33,684][INFO|database.py-upgrade_schema:285] >> 테이블 'mysafety_duplicate_member' 생성 중...
[2026-09-26 20:31:33,686][INFO|database.py-upgrade_schema:285] >> 테이블 'mysafety_entry_value' 생성 중...
[2026-09-26 20:31:33,688][INFO|database.py-upgrade_schema:285] >> 테이블 'mysafety_geocode_cache' 생성 중...
[2026-09-26 20:31:33,690][INFO|database.py-upgrade_schema:285] >> 테이블 'mysafety_raw_content' 생성 중...
[2026-09-26 20:31:33,691][INFO|database.py-upgrade_schema:285] >> 테이블 'mysafety_report_override' 생성 중...
[2026-09-26 20:31:33,693][INFO|database.py-upgrade_schema:285] >> 테이블 'mysafety_sync_meta' 생성 중...
[2026-09-26 20:31:33,694][INFO|database.py-upgrade_schema:285] >> 테이블 'mysafety_watchlist' 생성 중...
[2026-09-26 20:31:33,696][INFO|database.py-upgrade_schema:285] >> 테이블 'mysafetydetail_other' 생성 중...
[2026-09-26 20:31:33,698][INFO|database.py-upgrade_schema:285] >> 테이블 'mysafetydetail_parking' 생성 중...
[2026-09-26 20:31:33,700][INFO|database.py-upgrade_schema:285] >> 테이블 'mysafetydetail_traffic' 생성 중...
[2026-09-26 20:31:33,701][INFO|database.py-upgrade_schema:285] >> 테이블 'mysafetymerge_other' 생성 중...
[2026-09-26 20:31:33,703][INFO|database.py-upgrade_schema:285] >> 테이블 'mysafetymerge_parking' 생성 중...
[2026-09-26 20:31:33,705][INFO|database.py-upgrade_schema:285] >> 테이블 'mysafetymerge_traffic' 생성 중...
[2026-09-26 20:31:33,712][INFO|database.py-_apply_versioned_migrations:452] >> [schema] DB 스키마 버전 1 적용
[2026-09-26 20:31:33,722][INFO|database.py-_apply_versioned_migrations:452] >> [schema] DB 스키마 버전 2 적용
[2026-09-26 20:31:33,724][INFO|database.py-_apply_versioned_migrations:452] >> [schema] DB 스키마 버전 3 적용
[2026-09-26 20:31:33,735][INFO|database.py-_apply_versioned_migrations:452] >> [schema] DB 스키마 버전 4 적용
[2026-09-26 20:31:33,898][INFO|community_auth_service.py-start:465] >> [community] 연결 요청을 만들었습니다(pc).
[2026-09-26 20:31:33,940][INFO|community_auth_service.py-_handle_code:663] >> [community] 로그인 결과를 받았습니다. 관리자 확인을 기다립니다.
[2026-09-26 20:31:33,959][INFO|community_auth_service.py-confirm:744] >> [community] 커뮤니티 계정을 이 서버에 연결했습니다.
[2026-09-26 20:31:34,075][INFO|_client.py-_send_single_request:1025] >> HTTP Request: GET http://testserver/api/v1/app/config "HTTP/1.1 200 OK"
.[2026-09-26 20:31:34,490][INFO|community_auth_service.py-start:465] >> [community] 연결 요청을 만들었습니다(pc).
[2026-09-26 20:31:34,532][INFO|community_auth_service.py-_handle_code:663] >> [community] 로그인 결과를 받았습니다. 관리자 확인을 기다립니다.
[2026-09-26 20:31:34,544][INFO|community_auth_service.py-confirm:744] >> [community] 커뮤니티 계정을 이 서버에 연결했습니다.
.[2026-09-26 20:31:35,055][INFO|_client.py-_send_single_request:1025] >> HTTP Request: GET http://testserver/api/v1/files?path=auth "HTTP/1.1 403 Forbidden"
.[2026-09-26 20:31:36,077][WARNING|community_auth_service.py-start:446] >> [community] 연결 요청 생성 실패: network_error
[2026-09-26 20:31:36,078][INFO|_client.py-_send_single_request:1025] >> HTTP Request: POST http://testserver/api/v1/community-auth/start "HTTP/1.1 502 Bad Gateway"
.[2026-09-26 20:31:36,089][INFO|_client.py-_send_single_request:1025] >> HTTP Request: GET http://testserver/api/v1/community-auth/status "HTTP/1.1 200 OK"
[2026-09-26 20:31:36,111][INFO|community_auth_service.py-start:465] >> [community] 연결 요청을 만들었습니다(mobile_client_server).
[2026-09-26 20:31:36,116][INFO|_client.py-_send_single_request:1025] >> HTTP Request: POST http://testserver/api/v1/community-auth/start "HTTP/1.1 200 OK"
[2026-09-26 20:31:36,122][INFO|_client.py-_send_single_request:1025] >> HTTP Request: GET http://testserver/api/v1/community-auth/status "HTTP/1.1 200 OK"
[2026-09-26 20:31:36,162][INFO|_client.py-_send_single_request:1025] >> HTTP Request: GET http://testserver/api/v1/community-auth/status "HTTP/1.1 200 OK"
[2026-09-26 20:31:36,167][INFO|community_auth_service.py-_handle_code:663] >> [community] 로그인 결과를 받았습니다. 관리자 확인을 기다립니다.
[2026-09-26 20:31:36,190][INFO|_client.py-_send_single_request:1025] >> HTTP Request: GET http://testserver/api/v1/community-auth/status "HTTP/1.1 200 OK"
[2026-09-26 20:31:36,201][INFO|community_auth_service.py-confirm:744] >> [community] 커뮤니티 계정을 이 서버에 연결했습니다.
[2026-09-26 20:31:36,245][INFO|_client.py-_send_single_request:1025] >> HTTP Request: POST http://testserver/api/v1/community-auth/confirm "HTTP/1.1 200 OK"
[2026-09-26 20:31:36,253][INFO|_client.py-_send_single_request:1025] >> HTTP Request: POST http://testserver/api/v1/community-auth/confirm "HTTP/1.1 409 Conflict"
[2026-09-26 20:31:36,267][INFO|community_auth_service.py-disconnect:826] >> [community] 커뮤니티 계정 연결을 해제했습니다(서버 로그아웃 확인: True).
[2026-09-26 20:31:36,270][INFO|_client.py-_send_single_request:1025] >> HTTP Request: POST http://testserver/api/v1/community-auth/disconnect "HTTP/1.1 200 OK"
.[2026-09-26 20:31:36,774][INFO|_client.py-_send_single_request:1025] >> HTTP Request: GET http://testserver/api/v1/community-auth/status "HTTP/1.1 401 Unauthorized"
[2026-09-26 20:31:36,801][INFO|community_auth_service.py-start:465] >> [community] 연결 요청을 만들었습니다(pc).
<string>:5: ResourceWarning: unclosed database in <sqlite3.Connection object at 0x738de5548e50>
ResourceWarning: Enable tracemalloc to get the object allocation traceback
<string>:5: ResourceWarning: unclosed database in <sqlite3.Connection object at 0x738de554bd30>
ResourceWarning: Enable tracemalloc to get the object allocation traceback
[2026-09-26 20:31:36,824][INFO|_client.py-_send_single_request:1025] >> HTTP Request: GET http://testserver/api/v1/community-auth/status "HTTP/1.1 200 OK"
[2026-09-26 20:31:36,830][INFO|_client.py-_send_single_request:1025] >> HTTP Request: POST http://testserver/api/v1/community-auth/start "HTTP/1.1 403 Forbidden"
[2026-09-26 20:31:36,841][INFO|_client.py-_send_single_request:1025] >> HTTP Request: POST http://testserver/api/v1/community-auth/confirm "HTTP/1.1 403 Forbidden"
[2026-09-26 20:31:36,846][INFO|_client.py-_send_single_request:1025] >> HTTP Request: POST http://testserver/api/v1/community-auth/cancel "HTTP/1.1 403 Forbidden"
[2026-09-26 20:31:36,852][INFO|_client.py-_send_single_request:1025] >> HTTP Request: POST http://testserver/api/v1/community-auth/disconnect "HTTP/1.1 403 Forbidden"
.[2026-09-26 20:31:37,343][INFO|_client.py-_send_single_request:1025] >> HTTP Request: GET http://testserver/settings/community/status "HTTP/1.1 401 Unauthorized"
[2026-09-26 20:31:37,345][INFO|_client.py-_send_single_request:1025] >> HTTP Request: POST http://testserver/settings/community/start "HTTP/1.1 401 Unauthorized"
[2026-09-26 20:31:37,347][INFO|_client.py-_send_single_request:1025] >> HTTP Request: POST http://testserver/settings/community/start "HTTP/1.1 302 Found"
.[2026-09-26 20:31:37,988][INFO|_client.py-_send_single_request:1025] >> HTTP Request: POST http://testserver/login "HTTP/1.1 303 See Other"
[2026-09-26 20:31:37,994][INFO|_client.py-_send_single_request:1025] >> HTTP Request: GET http://testserver/settings/ "HTTP/1.1 302 Found"
[2026-09-26 20:31:38,018][INFO|_client.py-_send_single_request:1025] >> HTTP Request: GET http://testserver/onboarding/community?next=/settings/ "HTTP/1.1 200 OK"
[2026-09-26 20:31:38,022][INFO|_client.py-_send_single_request:1025] >> HTTP Request: POST http://testserver/settings/community/start "HTTP/1.1 403 Forbidden"
[2026-09-26 20:31:38,024][INFO|_client.py-_send_single_request:1025] >> HTTP Request: POST http://testserver/settings/community/start "HTTP/1.1 403 Forbidden"
[2026-09-26 20:31:38,028][INFO|_client.py-_send_single_request:1025] >> HTTP Request: POST http://testserver/settings/community/start "HTTP/1.1 403 Forbidden"
[2026-09-26 20:31:38,032][INFO|_client.py-_send_single_request:1025] >> HTTP Request: POST http://testserver/settings/community/start "HTTP/1.1 403 Forbidden"
[2026-09-26 20:31:38,035][INFO|_client.py-_send_single_request:1025] >> HTTP Request: POST http://testserver/settings/community/start "HTTP/1.1 403 Forbidden"
[2026-09-26 20:31:38,037][INFO|_client.py-_send_single_request:1025] >> HTTP Request: POST http://testserver/settings/community/start "HTTP/1.1 403 Forbidden"
[2026-09-26 20:31:38,040][INFO|_client.py-_send_single_request:1025] >> HTTP Request: POST http://testserver/settings/community/confirm "HTTP/1.1 403 Forbidden"
[2026-09-26 20:31:38,042][INFO|_client.py-_send_single_request:1025] >> HTTP Request: POST http://testserver/settings/community/cancel "HTTP/1.1 403 Forbidden"
[2026-09-26 20:31:38,046][INFO|_client.py-_send_single_request:1025] >> HTTP Request: POST http://testserver/settings/community/disconnect "HTTP/1.1 403 Forbidden"
[2026-09-26 20:31:38,053][INFO|_client.py-_send_single_request:1025] >> HTTP Request: POST http://testserver/settings/community/settings "HTTP/1.1 403 Forbidden"
[2026-09-26 20:31:38,078][INFO|community_auth_service.py-start:465] >> [community] 연결 요청을 만들었습니다(pc).
[2026-09-26 20:31:38,087][INFO|_client.py-_send_single_request:1025] >> HTTP Request: POST http://testserver/settings/community/start "HTTP/1.1 200 OK"
.[2026-09-26 20:31:38,710][INFO|_client.py-_send_single_request:1025] >> HTTP Request: POST http://testserver/login "HTTP/1.1 303 See Other"
[2026-09-26 20:31:38,713][INFO|_client.py-_send_single_request:1025] >> HTTP Request: GET http://testserver/settings/ "HTTP/1.1 302 Found"
[2026-09-26 20:31:38,719][INFO|_client.py-_send_single_request:1025] >> HTTP Request: GET http://testserver/onboarding/community?next=/settings/ "HTTP/1.1 200 OK"
[2026-09-26 20:31:38,730][INFO|_client.py-_send_single_request:1025] >> HTTP Request: POST http://testserver/settings/community/confirm "HTTP/1.1 409 Conflict"
[2026-09-26 20:31:38,735][INFO|_client.py-_send_single_request:1025] >> HTTP Request: POST http://testserver/settings/community/cancel "HTTP/1.1 409 Conflict"
[2026-09-26 20:31:38,740][INFO|_client.py-_send_single_request:1025] >> HTTP Request: POST http://testserver/settings/community/start "HTTP/1.1 400 Bad Request"
.[2026-09-26 20:31:39,221][INFO|_client.py-_send_single_request:1025] >> HTTP Request: POST http://testserver/login "HTTP/1.1 303 See Other"
[2026-09-26 20:31:39,226][INFO|_client.py-_send_single_request:1025] >> HTTP Request: GET http://testserver/settings/ "HTTP/1.1 302 Found"
[2026-09-26 20:31:39,231][INFO|_client.py-_send_single_request:1025] >> HTTP Request: GET http://testserver/onboarding/community?next=/settings/ "HTTP/1.1 200 OK"
[2026-09-26 20:31:39,261][INFO|community_auth_service.py-start:465] >> [community] 연결 요청을 만들었습니다(pc).
[2026-09-26 20:31:39,265][INFO|_client.py-_send_single_request:1025] >> HTTP Request: POST http://testserver/settings/community/start "HTTP/1.1 200 OK"
[2026-09-26 20:31:39,272][INFO|_client.py-_send_single_request:1025] >> HTTP Request: POST http://testserver/settings/community/start "HTTP/1.1 400 Bad Request"
[2026-09-26 20:31:39,297][INFO|community_auth_service.py-start:465] >> [community] 연결 요청을 만들었습니다(pc).
[2026-09-26 20:31:39,302][INFO|_client.py-_send_single_request:1025] >> HTTP Request: POST http://testserver/settings/community/start "HTTP/1.1 200 OK"
[2026-09-26 20:31:39,325][INFO|_client.py-_send_single_request:1025] >> HTTP Request: GET http://testserver/settings/community/status "HTTP/1.1 200 OK"
[2026-09-26 20:31:39,329][INFO|community_auth_service.py-_handle_code:663] >> [community] 로그인 결과를 받았습니다. 관리자 확인을 기다립니다.
[2026-09-26 20:31:39,358][INFO|_client.py-_send_single_request:1025] >> HTTP Request: GET http://testserver/settings/community/status "HTTP/1.1 200 OK"
[2026-09-26 20:31:39,365][INFO|_client.py-_send_single_request:1025] >> HTTP Request: GET http://testserver/settings/community/status "HTTP/1.1 200 OK"
[2026-09-26 20:31:39,378][INFO|community_auth_service.py-confirm:744] >> [community] 커뮤니티 계정을 이 서버에 연결했습니다.
[2026-09-26 20:31:39,389][INFO|_client.py-_send_single_request:1025] >> HTTP Request: POST http://testserver/settings/community/confirm "HTTP/1.1 200 OK"
[2026-09-26 20:31:39,395][INFO|_client.py-_send_single_request:1025] >> HTTP Request: GET http://testserver/settings/ "HTTP/1.1 302 Found"
[2026-09-26 20:31:39,404][INFO|_client.py-_send_single_request:1025] >> HTTP Request: GET http://testserver/onboarding/community?next=/settings/ "HTTP/1.1 200 OK"
/usr/lib/python3.14/asyncio/locks.py:168: ResourceWarning: unclosed database in <sqlite3.Connection object at 0x738de437a980>
  self._waiters = collections.deque()
ResourceWarning: Enable tracemalloc to get the object allocation traceback
[2026-09-26 20:31:39,422][INFO|community_auth_service.py-disconnect:826] >> [community] 커뮤니티 계정 연결을 해제했습니다(서버 로그아웃 확인: True).
[2026-09-26 20:31:39,427][INFO|_client.py-_send_single_request:1025] >> HTTP Request: POST http://testserver/settings/community/disconnect "HTTP/1.1 200 OK"
.[2026-09-26 20:31:40,054][INFO|_client.py-_send_single_request:1025] >> HTTP Request: POST http://testserver/login "HTTP/1.1 303 See Other"
[2026-09-26 20:31:40,058][INFO|_client.py-_send_single_request:1025] >> HTTP Request: GET http://testserver/settings/ "HTTP/1.1 302 Found"
[2026-09-26 20:31:40,064][INFO|_client.py-_send_single_request:1025] >> HTTP Request: GET http://testserver/onboarding/community?next=/settings/ "HTTP/1.1 200 OK"
[2026-09-26 20:31:40,091][INFO|_client.py-_send_single_request:1025] >> HTTP Request: POST http://testserver/settings/community/settings "HTTP/1.1 200 OK"
[2026-09-26 20:31:40,097][INFO|_client.py-_send_single_request:1025] >> HTTP Request: POST http://testserver/settings/community/settings "HTTP/1.1 400 Bad Request"
[2026-09-26 20:31:40,104][INFO|_client.py-_send_single_request:1025] >> HTTP Request: POST http://testserver/settings/community/settings "HTTP/1.1 400 Bad Request"
/usr/lib/python3.14/asyncio/base_events.py:2074: ResourceWarning: unclosed database in <sqlite3.Connection object at 0x738de5509120>
  def get_debug(self):
ResourceWarning: Enable tracemalloc to get the object allocation traceback
/usr/lib/python3.14/asyncio/base_events.py:2074: ResourceWarning: unclosed database in <sqlite3.Connection object at 0x738de550bd30>
  def get_debug(self):
ResourceWarning: Enable tracemalloc to get the object allocation traceback
/usr/lib/python3.14/asyncio/base_events.py:2074: ResourceWarning: unclosed database in <sqlite3.Connection object at 0x738de554aa70>
  def get_debug(self):
ResourceWarning: Enable tracemalloc to get the object allocation traceback
[2026-09-26 20:31:40,121][INFO|_client.py-_send_single_request:1025] >> HTTP Request: POST http://testserver/settings/community/settings "HTTP/1.1 400 Bad Request"
[2026-09-26 20:31:40,137][INFO|_client.py-_send_single_request:1025] >> HTTP Request: POST http://testserver/settings/community/settings "HTTP/1.1 200 OK"
.[2026-09-26 20:31:40,454][INFO|community_auth_service.py-start:465] >> [community] 연결 요청을 만들었습니다(pc).
[2026-09-26 20:31:40,469][INFO|community_auth_service.py-_handle_code:663] >> [community] 로그인 결과를 받았습니다. 관리자 확인을 기다립니다.
[2026-09-26 20:31:40,482][INFO|community_auth_service.py-confirm:744] >> [community] 커뮤니티 계정을 이 서버에 연결했습니다.
[2026-09-26 20:31:40,492][INFO|community_auth_service.py-start:465] >> [community] 연결 요청을 만들었습니다(pc).
[2026-09-26 20:31:40,509][INFO|community_auth_service.py-_handle_code:663] >> [community] 로그인 결과를 받았습니다. 관리자 확인을 기다립니다.
[2026-09-26 20:31:40,524][INFO|community_auth_service.py-cancel:788] >> [community] 연결 요청을 취소했습니다.
.[2026-09-26 20:31:41,041][INFO|community_auth_service.py-start:465] >> [community] 연결 요청을 만들었습니다(pc).
[2026-09-26 20:31:41,061][INFO|community_auth_service.py-_handle_code:663] >> [community] 로그인 결과를 받았습니다. 관리자 확인을 기다립니다.
[2026-09-26 20:31:41,069][INFO|community_auth_service.py-confirm:744] >> [community] 커뮤니티 계정을 이 서버에 연결했습니다.
[2026-09-26 20:31:41,071][WARNING|community_auth_service.py-_complete_with_retry:768] >> [community] complete 실패: auth_invalid
.[2026-09-26 20:31:41,584][INFO|community_auth_service.py-start:465] >> [community] 연결 요청을 만들었습니다(pc).
[2026-09-26 20:31:41,603][INFO|community_auth_service.py-_handle_code:663] >> [community] 로그인 결과를 받았습니다. 관리자 확인을 기다립니다.
[2026-09-26 20:31:41,611][INFO|community_auth_service.py-confirm:744] >> [community] 커뮤니티 계정을 이 서버에 연결했습니다.
.[2026-09-26 20:31:42,178][INFO|community_auth_service.py-start:465] >> [community] 연결 요청을 만들었습니다(pc).
[2026-09-26 20:31:42,222][INFO|community_auth_service.py-_handle_code:663] >> [community] 로그인 결과를 받았습니다. 관리자 확인을 기다립니다.
[2026-09-26 20:31:42,228][INFO|community_auth_service.py-confirm:744] >> [community] 커뮤니티 계정을 이 서버에 연결했습니다.
.[2026-09-26 20:31:42,753][INFO|community_auth_service.py-start:465] >> [community] 연결 요청을 만들었습니다(pc).
.[2026-09-26 20:31:43,277][INFO|community_auth_service.py-start:465] >> [community] 연결 요청을 만들었습니다(pc).
[2026-09-26 20:31:43,314][INFO|community_auth_service.py-_handle_code:663] >> [community] 로그인 결과를 받았습니다. 관리자 확인을 기다립니다.
[2026-09-26 20:31:43,327][INFO|community_auth_service.py-confirm:744] >> [community] 커뮤니티 계정을 이 서버에 연결했습니다.
[2026-09-26 20:31:43,338][INFO|community_auth_service.py-start:465] >> [community] 연결 요청을 만들었습니다(pc).
[2026-09-26 20:31:43,352][INFO|community_auth_service.py-_handle_code:663] >> [community] 로그인 결과를 받았습니다. 관리자 확인을 기다립니다.
[2026-09-26 20:31:43,369][INFO|community_auth_service.py-confirm:744] >> [community] 커뮤니티 계정을 이 서버에 연결했습니다.
.[2026-09-26 20:31:43,892][INFO|community_auth_service.py-start:465] >> [community] 연결 요청을 만들었습니다(pc).
.[2026-09-26 20:31:44,427][INFO|community_auth_service.py-start:465] >> [community] 연결 요청을 만들었습니다(pc).
[2026-09-26 20:31:44,462][INFO|community_auth_service.py-_handle_code:663] >> [community] 로그인 결과를 받았습니다. 관리자 확인을 기다립니다.
[2026-09-26 20:31:44,477][INFO|community_auth_service.py-confirm:744] >> [community] 커뮤니티 계정을 이 서버에 연결했습니다.
[2026-09-26 20:31:44,484][INFO|community_auth_service.py-disconnect:826] >> [community] 커뮤니티 계정 연결을 해제했습니다(서버 로그아웃 확인: True).
.[2026-09-26 20:31:45,012][INFO|community_auth_service.py-start:465] >> [community] 연결 요청을 만들었습니다(pc).
[2026-09-26 20:31:45,030][INFO|community_auth_service.py-_handle_code:663] >> [community] 로그인 결과를 받았습니다. 관리자 확인을 기다립니다.
[2026-09-26 20:31:45,038][INFO|community_auth_service.py-confirm:744] >> [community] 커뮤니티 계정을 이 서버에 연결했습니다.
[2026-09-26 20:31:45,546][INFO|community_auth_service.py-_logout_quietly:840] >> [community] 세션 로그아웃 실패(무시): network_error
[2026-09-26 20:31:45,546][INFO|community_auth_service.py-disconnect:826] >> [community] 커뮤니티 계정 연결을 해제했습니다(서버 로그아웃 확인: False).
.[2026-09-26 20:31:45,563][INFO|community_auth_service.py-start:465] >> [community] 연결 요청을 만들었습니다(pc).
[2026-09-26 20:31:45,599][INFO|community_auth_service.py-_handle_code:663] >> [community] 로그인 결과를 받았습니다. 관리자 확인을 기다립니다.
[2026-09-26 20:31:45,614][INFO|community_auth_service.py-confirm:744] >> [community] 커뮤니티 계정을 이 서버에 연결했습니다.
[2026-09-26 20:31:45,626][INFO|community_auth_service.py-disconnect:826] >> [community] 커뮤니티 계정 연결을 해제했습니다(서버 로그아웃 확인: True).
.[2026-09-26 20:31:46,142][INFO|community_auth_service.py-start:465] >> [community] 연결 요청을 만들었습니다(pc).
[2026-09-26 20:31:46,154][WARNING|community_auth_service.py-_handle_code:639] >> [community] 코드 교환 실패: bad_code_verifier
[2026-09-26 20:31:46,157][INFO|community_auth_service.py-_fail_pending:697] >> [community] 연결 요청 종료: exchange_failed
.[2026-09-26 20:31:46,675][INFO|community_auth_service.py-start:465] >> [community] 연결 요청을 만들었습니다(pc).
.[2026-09-26 20:31:47,183][WARNING|runtime_mode.py-block_if_fixture:47] >> [fixture] blocked: community auth network
./home/better0101/projects/worktree/ci-20260926/safetyreport/audit-fix/services/community_auth_store.py:94: ResourceWarning: unclosed database in <sqlite3.Connection object at 0x738de554bc40>
  fh = open(self.path, "a+b")
ResourceWarning: Enable tracemalloc to get the object allocation traceback
[2026-09-26 20:31:47,699][INFO|community_auth_service.py-start:465] >> [community] 연결 요청을 만들었습니다(pc).
[2026-09-26 20:31:47,735][INFO|community_auth_service.py-_handle_code:663] >> [community] 로그인 결과를 받았습니다. 관리자 확인을 기다립니다.
[2026-09-26 20:31:47,752][INFO|community_auth_service.py-confirm:744] >> [community] 커뮤니티 계정을 이 서버에 연결했습니다.
[2026-09-26 20:31:47,763][WARNING|community_auth_service.py-get_access_token:863] >> [community] refresh 토큰이 거부되어 다시 로그인이 필요합니다: refresh_token_not_found
..[2026-09-26 20:31:48,797][INFO|community_auth_service.py-start:465] >> [community] 연결 요청을 만들었습니다(pc).
[2026-09-26 20:31:48,815][INFO|community_auth_service.py-_handle_code:663] >> [community] 로그인 결과를 받았습니다. 관리자 확인을 기다립니다.
[2026-09-26 20:31:48,828][INFO|community_auth_service.py-confirm:744] >> [community] 커뮤니티 계정을 이 서버에 연결했습니다.
[2026-09-26 20:31:48,858][INFO|community_auth_service.py-start:465] >> [community] 연결 요청을 만들었습니다(pc).
[2026-09-26 20:31:48,877][INFO|community_auth_service.py-_handle_code:663] >> [community] 로그인 결과를 받았습니다. 관리자 확인을 기다립니다.
[2026-09-26 20:31:48,896][INFO|community_auth_service.py-cancel:788] >> [community] 연결 요청을 취소했습니다.
[2026-09-26 20:31:48,910][INFO|community_auth_service.py-disconnect:826] >> [community] 커뮤니티 계정 연결을 해제했습니다(서버 로그아웃 확인: True).
.[2026-09-26 20:31:49,431][INFO|community_auth_service.py-start:465] >> [community] 연결 요청을 만들었습니다(pc).
[2026-09-26 20:31:49,512][INFO|community_auth_service.py-_handle_code:663] >> [community] 로그인 결과를 받았습니다. 관리자 확인을 기다립니다.
.[2026-09-26 20:31:50,028][INFO|community_auth_service.py-start:465] >> [community] 연결 요청을 만들었습니다(pc).
[2026-09-26 20:31:50,044][INFO|community_auth_service.py-start:465] >> [community] 연결 요청을 만들었습니다(pc).
.[2026-09-26 20:31:50,566][INFO|community_auth_service.py-start:465] >> [community] 연결 요청을 만들었습니다(pc).
[2026-09-26 20:31:50,576][INFO|community_auth_service.py-_fail_pending:697] >> [community] 연결 요청 종료: expired
.[2026-09-26 20:31:51,086][INFO|community_auth_service.py-start:465] >> [community] 연결 요청을 만들었습니다(pc).
[2026-09-26 20:31:51,106][INFO|community_auth_service.py-_handle_code:663] >> [community] 로그인 결과를 받았습니다. 관리자 확인을 기다립니다.
[2026-09-26 20:31:51,112][INFO|community_auth_service.py-confirm:744] >> [community] 커뮤니티 계정을 이 서버에 연결했습니다.
.[2026-09-26 20:31:51,636][INFO|community_auth_service.py-_fail_pending:697] >> [community] 연결 요청 종료: interrupted
[2026-09-26 20:31:51,639][INFO|community_auth_service.py-_safe_relay_cancel:806] >> [community] 중계 취소 실패(무시): not_found
.[2026-09-26 20:31:52,156][INFO|community_auth_service.py-start:465] >> [community] 연결 요청을 만들었습니다(pc).
[2026-09-26 20:31:52,179][INFO|community_auth_service.py-_handle_code:663] >> [community] 로그인 결과를 받았습니다. 관리자 확인을 기다립니다.
.[2026-09-26 20:31:52,689][INFO|community_auth_service.py-start:465] >> [community] 연결 요청을 만들었습니다(pc).
.[2026-09-26 20:31:53,210][INFO|community_auth_service.py-start:465] >> [community] 연결 요청을 만들었습니다(pc).
[2026-09-26 20:31:53,279][INFO|community_auth_service.py-_handle_code:663] >> [community] 로그인 결과를 받았습니다. 관리자 확인을 기다립니다.
[2026-09-26 20:31:53,437][INFO|community_auth_service.py-confirm:744] >> [community] 커뮤니티 계정을 이 서버에 연결했습니다.
.[2026-09-26 20:31:53,954][INFO|community_auth_service.py-start:465] >> [community] 연결 요청을 만들었습니다(pc).
.[2026-09-26 20:31:54,471][INFO|community_auth_service.py-start:465] >> [community] 연결 요청을 만들었습니다(pc).
[2026-09-26 20:31:54,509][INFO|community_auth_service.py-_handle_code:663] >> [community] 로그인 결과를 받았습니다. 관리자 확인을 기다립니다.
[2026-09-26 20:31:54,521][INFO|community_auth_service.py-confirm:744] >> [community] 커뮤니티 계정을 이 서버에 연결했습니다.
.[2026-09-26 20:31:55,053][INFO|community_auth_service.py-start:465] >> [community] 연결 요청을 만들었습니다(pc).
[2026-09-26 20:31:55,099][INFO|community_auth_service.py-_handle_code:663] >> [community] 로그인 결과를 받았습니다. 관리자 확인을 기다립니다.
[2026-09-26 20:31:55,104][INFO|community_auth_service.py-confirm:744] >> [community] 커뮤니티 계정을 이 서버에 연결했습니다.
[2026-09-26 20:31:55,108][WARNING|community_auth_store.py-reset_unreadable:264] >> [community] 읽을 수 없는 커뮤니티 세션 파일을 community_session.enc.unreadable-20260926203155 로 옮겼습니다.
.[2026-09-26 20:31:55,626][INFO|community_auth_service.py-start:465] >> [community] 연결 요청을 만들었습니다(pc).
[2026-09-26 20:31:55,662][INFO|community_auth_service.py-_handle_code:663] >> [community] 로그인 결과를 받았습니다. 관리자 확인을 기다립니다.
[2026-09-26 20:31:55,675][INFO|community_auth_service.py-confirm:744] >> [community] 커뮤니티 계정을 이 서버에 연결했습니다.
[2026-09-26 20:31:55,681][INFO|community_auth_service.py-disconnect:826] >> [community] 커뮤니티 계정 연결을 해제했습니다(서버 로그아웃 확인: True).
.......[2026-09-26 20:31:56,226][INFO|community_auth_service.py-start:465] >> [community] 연결 요청을 만들었습니다(pc).
[2026-09-26 20:31:56,243][INFO|community_auth_service.py-start:465] >> [community] 연결 요청을 만들었습니다(pc).
[2026-09-26 20:31:56,262][INFO|community_auth_service.py-_handle_code:663] >> [community] 로그인 결과를 받았습니다. 관리자 확인을 기다립니다.
[2026-09-26 20:31:56,290][INFO|community_auth_service.py-_handle_code:663] >> [community] 로그인 결과를 받았습니다. 관리자 확인을 기다립니다.
[2026-09-26 20:31:56,309][INFO|community_auth_service.py-confirm:744] >> [community] 커뮤니티 계정을 이 서버에 연결했습니다.
[2026-09-26 20:31:56,320][INFO|community_auth_service.py-confirm:744] >> [community] 커뮤니티 계정을 이 서버에 연결했습니다.
.sss........................./usr/lib/python3.14/unittest/mock.py:2259: ResourceWarning: unclosed database in <sqlite3.Connection object at 0x738de43e67a0>
  def __init__(self, name, parent):
ResourceWarning: Enable tracemalloc to get the object allocation traceback
/usr/lib/python3.14/unittest/mock.py:2259: ResourceWarning: unclosed database in <sqlite3.Connection object at 0x738de43e63e0>
  def __init__(self, name, parent):
ResourceWarning: Enable tracemalloc to get the object allocation traceback
/usr/lib/python3.14/unittest/mock.py:2259: ResourceWarning: unclosed database in <sqlite3.Connection object at 0x738de43e65c0>
  def __init__(self, name, parent):
ResourceWarning: Enable tracemalloc to get the object allocation traceback
/usr/lib/python3.14/unittest/mock.py:2259: ResourceWarning: unclosed database in <sqlite3.Connection object at 0x738de43e64d0>
  def __init__(self, name, parent):
ResourceWarning: Enable tracemalloc to get the object allocation traceback
../usr/lib/python3.14/unittest/mock.py:2259: ResourceWarning: unclosed database in <sqlite3.Connection object at 0x738e17785d50>
  def __init__(self, name, parent):
ResourceWarning: Enable tracemalloc to get the object allocation traceback
....[2026-09-26 20:31:58,081][WARNING|community_route.py-_contributions_delete:296] >> 공유 자료 삭제 뒤 writer 연결 파일을 지우지 못함 — 다음 게이트 확인 때 다시 등록 필요
....[2026-09-26 20:31:58,096][INFO|_client.py-_send_single_request:1025] >> HTTP Request: GET http://testserver/settings/ "HTTP/1.1 302 Found"
[2026-09-26 20:31:58,098][INFO|_client.py-_send_single_request:1025] >> HTTP Request: GET http://testserver/onboarding/community "HTTP/1.1 302 Found"
..[2026-09-26 20:31:59,103][INFO|_client.py-_send_single_request:1025] >> HTTP Request: GET http://testserver/api/v1/summary "HTTP/1.1 401 Unauthorized"
[2026-09-26 20:31:59,108][INFO|_client.py-_send_single_request:1025] >> HTTP Request: GET http://testserver/api/v1/summary "HTTP/1.1 403 Forbidden"
[2026-09-26 20:31:59,112][INFO|_client.py-_send_single_request:1025] >> HTTP Request: POST http://testserver/api/v1/crawl/start "HTTP/1.1 403 Forbidden"
[2026-09-26 20:31:59,120][INFO|_client.py-_send_single_request:1025] >> HTTP Request: GET http://testserver/api/v1/app/config "HTTP/1.1 200 OK"
[2026-09-26 20:31:59,177][INFO|_client.py-_send_single_request:1025] >> HTTP Request: GET http://testserver/api/v1/community/gate "HTTP/1.1 200 OK"
.[2026-09-26 20:31:59,602][INFO|ws_manager.py-disconnect:47] >> [WS] 클라이언트 종료: t-open (남은 0개)
.[2026-09-26 20:32:00,119][INFO|community_auth_service.py-start:465] >> [community] 연결 요청을 만들었습니다(pc).
[2026-09-26 20:32:00,136][INFO|community_auth_service.py-_handle_code:663] >> [community] 로그인 결과를 받았습니다. 관리자 확인을 기다립니다.
[2026-09-26 20:32:00,153][INFO|community_auth_service.py-confirm:744] >> [community] 커뮤니티 계정을 이 서버에 연결했습니다.
[2026-09-26 20:32:00,208][INFO|_client.py-_send_single_request:1025] >> HTTP Request: POST http://testserver/api/v1/community/upload/run "HTTP/1.1 403 Forbidden"
[2026-09-26 20:32:00,216][INFO|_client.py-_send_single_request:1025] >> HTTP Request: POST http://testserver/api/v1/community/upload/run "HTTP/1.1 403 Forbidden"
[2026-09-26 20:32:00,225][INFO|_client.py-_send_single_request:1025] >> HTTP Request: POST http://testserver/api/v1/community/upload/run "HTTP/1.1 200 OK"
[2026-09-26 20:32:00,230][INFO|_client.py-_send_single_request:1025] >> HTTP Request: POST http://testserver/api/v1/community/rebuild/start "HTTP/1.1 403 Forbidden"
./usr/lib/python3.14/asyncio/base_events.py:561: ResourceWarning: unclosed database in <sqlite3.Connection object at 0x738de550ad40>
  def _asyncgen_firstiter_hook(self, agen):
ResourceWarning: Enable tracemalloc to get the object allocation traceback
/usr/lib/python3.14/asyncio/base_events.py:561: ResourceWarning: unclosed database in <sqlite3.Connection object at 0x738de437b790>
  def _asyncgen_firstiter_hook(self, agen):
ResourceWarning: Enable tracemalloc to get the object allocation traceback
[2026-09-26 20:32:00,853][INFO|_client.py-_send_single_request:1025] >> HTTP Request: POST http://testserver/login "HTTP/1.1 303 See Other"
[2026-09-26 20:32:00,859][INFO|_client.py-_send_single_request:1025] >> HTTP Request: GET http://testserver/onboarding/community "HTTP/1.1 200 OK"
[2026-09-26 20:32:00,864][INFO|_client.py-_send_single_request:1025] >> HTTP Request: GET http://testserver/onboarding/community "HTTP/1.1 200 OK"
[2026-09-26 20:32:00,919][INFO|_client.py-_send_single_request:1025] >> HTTP Request: POST http://testserver/settings/community/settings "HTTP/1.1 200 OK"
.[2026-09-26 20:32:01,350][INFO|_client.py-_send_single_request:1025] >> HTTP Request: POST http://testserver/login "HTTP/1.1 303 See Other"
[2026-09-26 20:32:01,357][INFO|_client.py-_send_single_request:1025] >> HTTP Request: GET http://testserver/onboarding/community "HTTP/1.1 200 OK"
[2026-09-26 20:32:01,360][INFO|_client.py-_send_single_request:1025] >> HTTP Request: DELETE http://testserver/file-browser/delete "HTTP/1.1 403 Forbidden"
[2026-09-26 20:32:01,364][INFO|_client.py-_send_single_request:1025] >> HTTP Request: GET http://testserver/ "HTTP/1.1 403 Forbidden"
[2026-09-26 20:32:01,371][INFO|_client.py-_send_single_request:1025] >> HTTP Request: GET http://testserver/api/v1/address "HTTP/1.1 403 Forbidden"
[2026-09-26 20:32:01,381][INFO|_client.py-_send_single_request:1025] >> HTTP Request: GET http://testserver/api/v1/community/upload/status "HTTP/1.1 403 Forbidden"
[2026-09-26 20:32:01,385][INFO|_client.py-_send_single_request:1025] >> HTTP Request: GET http://testserver/api/v1/crawl/config "HTTP/1.1 403 Forbidden"
[2026-09-26 20:32:01,389][INFO|_client.py-_send_single_request:1025] >> HTTP Request: GET http://testserver/api/v1/crawl/done "HTTP/1.1 403 Forbidden"
[2026-09-26 20:32:01,392][INFO|_client.py-_send_single_request:1025] >> HTTP Request: GET http://testserver/api/v1/crawl/done/ext "HTTP/1.1 403 Forbidden"
/home/better0101/projects/safetyreport/.venv/lib/python3.14/site-packages/sqlalchemy/sql/cache_key.py:221: ResourceWarning: unclosed database in <sqlite3.Connection object at 0x738de43e4040>
  @util.preload_module("sqlalchemy.sql.elements")
ResourceWarning: Enable tracemalloc to get the object allocation traceback
[2026-09-26 20:32:01,398][INFO|_client.py-_send_single_request:1025] >> HTTP Request: GET http://testserver/api/v1/crawl/results "HTTP/1.1 403 Forbidden"
[2026-09-26 20:32:01,401][INFO|_client.py-_send_single_request:1025] >> HTTP Request: GET http://testserver/api/v1/crawl/status "HTTP/1.1 403 Forbidden"
[2026-09-26 20:32:01,405][INFO|_client.py-_send_single_request:1025] >> HTTP Request: GET http://testserver/api/v1/duplicates/groups "HTTP/1.1 403 Forbidden"
[2026-09-26 20:32:01,410][INFO|_client.py-_send_single_request:1025] >> HTTP Request: GET http://testserver/api/v1/editor/schema "HTTP/1.1 403 Forbidden"
[2026-09-26 20:32:01,413][INFO|_client.py-_send_single_request:1025] >> HTTP Request: GET http://testserver/api/v1/editor/category/record_id "HTTP/1.1 403 Forbidden"
[2026-09-26 20:32:01,417][INFO|_client.py-_send_single_request:1025] >> HTTP Request: GET http://testserver/api/v1/files "HTTP/1.1 403 Forbidden"
[2026-09-26 20:32:01,423][INFO|_client.py-_send_single_request:1025] >> HTTP Request: GET http://testserver/api/v1/files/download "HTTP/1.1 403 Forbidden"
[2026-09-26 20:32:01,427][INFO|_client.py-_send_single_request:1025] >> HTTP Request: GET http://testserver/api/v1/maintenance/status "HTTP/1.1 403 Forbidden"
[2026-09-26 20:32:01,431][INFO|_client.py-_send_single_request:1025] >> HTTP Request: GET http://testserver/api/v1/reports/category "HTTP/1.1 403 Forbidden"
[2026-09-26 20:32:01,435][INFO|_client.py-_send_single_request:1025] >> HTTP Request: GET http://testserver/api/v1/server/version "HTTP/1.1 403 Forbidden"
[2026-09-26 20:32:01,439][INFO|_client.py-_send_single_request:1025] >> HTTP Request: GET http://testserver/api/v1/settings/db "HTTP/1.1 403 Forbidden"
[2026-09-26 20:32:01,444][INFO|_client.py-_send_single_request:1025] >> HTTP Request: GET http://testserver/api/v1/stats "HTTP/1.1 403 Forbidden"
[2026-09-26 20:32:01,447][INFO|_client.py-_send_single_request:1025] >> HTTP Request: GET http://testserver/api/v1/stats/map "HTTP/1.1 403 Forbidden"
[2026-09-26 20:32:01,451][INFO|_client.py-_send_single_request:1025] >> HTTP Request: GET http://testserver/api/v1/stats/map/missing "HTTP/1.1 403 Forbidden"
[2026-09-26 20:32:01,455][INFO|_client.py-_send_single_request:1025] >> HTTP Request: GET http://testserver/api/v1/stats/map/progress "HTTP/1.1 403 Forbidden"
[2026-09-26 20:32:01,458][INFO|_client.py-_send_single_request:1025] >> HTTP Request: GET http://testserver/api/v1/stats/overview "HTTP/1.1 403 Forbidden"
[2026-09-26 20:32:01,461][INFO|_client.py-_send_single_request:1025] >> HTTP Request: GET http://testserver/api/v1/summary "HTTP/1.1 403 Forbidden"
[2026-09-26 20:32:01,464][INFO|_client.py-_send_single_request:1025] >> HTTP Request: GET http://testserver/api/v1/sunwi/payload "HTTP/1.1 403 Forbidden"
[2026-09-26 20:32:01,467][INFO|_client.py-_send_single_request:1025] >> HTTP Request: GET http://testserver/api/v1/vehicle/vehicle_number "HTTP/1.1 403 Forbidden"
[2026-09-26 20:32:01,470][INFO|_client.py-_send_single_request:1025] >> HTTP Request: GET http://testserver/api/v1/watchlist "HTTP/1.1 403 Forbidden"
[2026-09-26 20:32:01,476][INFO|_client.py-_send_single_request:1025] >> HTTP Request: GET http://testserver/backup "HTTP/1.1 403 Forbidden"
[2026-09-26 20:32:01,480][INFO|_client.py-_send_single_request:1025] >> HTTP Request: GET http://testserver/backup/download "HTTP/1.1 403 Forbidden"
[2026-09-26 20:32:01,484][INFO|_client.py-_send_single_request:1025] >> HTTP Request: GET http://testserver/community/upload/status "HTTP/1.1 403 Forbidden"
[2026-09-26 20:32:01,487][INFO|_client.py-_send_single_request:1025] >> HTTP Request: GET http://testserver/crawl/ "HTTP/1.1 403 Forbidden"
[2026-09-26 20:32:01,496][INFO|_client.py-_send_single_request:1025] >> HTTP Request: GET http://testserver/data/all "HTTP/1.1 403 Forbidden"
[2026-09-26 20:32:01,501][INFO|_client.py-_send_single_request:1025] >> HTTP Request: GET http://testserver/data/duplicates "HTTP/1.1 403 Forbidden"
[2026-09-26 20:32:01,504][INFO|_client.py-_send_single_request:1025] >> HTTP Request: GET http://testserver/data/other "HTTP/1.1 403 Forbidden"
[2026-09-26 20:32:01,507][INFO|_client.py-_send_single_request:1025] >> HTTP Request: GET http://testserver/data/parking "HTTP/1.1 403 Forbidden"
[2026-09-26 20:32:01,514][INFO|_client.py-_send_single_request:1025] >> HTTP Request: GET http://testserver/data/traffic "HTTP/1.1 403 Forbidden"
[2026-09-26 20:32:01,523][INFO|_client.py-_send_single_request:1025] >> HTTP Request: GET http://testserver/db-editor "HTTP/1.1 403 Forbidden"
[2026-09-26 20:32:01,527][INFO|_client.py-_send_single_request:1025] >> HTTP Request: GET http://testserver/db-editor/category/record_id "HTTP/1.1 403 Forbidden"
[2026-09-26 20:32:01,532][INFO|_client.py-_send_single_request:1025] >> HTTP Request: GET http://testserver/devices/ "HTTP/1.1 403 Forbidden"
[2026-09-26 20:32:01,536][INFO|_client.py-_send_single_request:1025] >> HTTP Request: GET http://testserver/devices/connected-clients "HTTP/1.1 403 Forbidden"
[2026-09-26 20:32:01,542][INFO|_client.py-_send_single_request:1025] >> HTTP Request: GET http://testserver/duplicates/manage "HTTP/1.1 403 Forbidden"
[2026-09-26 20:32:01,547][INFO|_client.py-_send_single_request:1025] >> HTTP Request: GET http://testserver/file-browser "HTTP/1.1 403 Forbidden"
[2026-09-26 20:32:01,550][INFO|_client.py-_send_single_request:1025] >> HTTP Request: GET http://testserver/file-browser/download "HTTP/1.1 403 Forbidden"
[2026-09-26 20:32:01,554][INFO|_client.py-_send_single_request:1025] >> HTTP Request: GET http://testserver/maintenance/status "HTTP/1.1 403 Forbidden"
[2026-09-26 20:32:01,557][INFO|_client.py-_send_single_request:1025] >> HTTP Request: GET http://testserver/media/proxy "HTTP/1.1 403 Forbidden"
[2026-09-26 20:32:01,560][INFO|_client.py-_send_single_request:1025] >> HTTP Request: GET http://testserver/media/status "HTTP/1.1 403 Forbidden"
[2026-09-26 20:32:01,562][INFO|_client.py-_send_single_request:1025] >> HTTP Request: GET http://testserver/rating/ "HTTP/1.1 403 Forbidden"
[2026-09-26 20:32:01,568][INFO|_client.py-_send_single_request:1025] >> HTTP Request: GET http://testserver/settings/ "HTTP/1.1 403 Forbidden"
[2026-09-26 20:32:01,575][INFO|_client.py-_send_single_request:1025] >> HTTP Request: GET http://testserver/settings/admin "HTTP/1.1 403 Forbidden"
[2026-09-26 20:32:01,580][INFO|_client.py-_send_single_request:1025] >> HTTP Request: GET http://testserver/stats "HTTP/1.1 403 Forbidden"
[2026-09-26 20:32:01,583][INFO|_client.py-_send_single_request:1025] >> HTTP Request: GET http://testserver/stats/map "HTTP/1.1 403 Forbidden"
[2026-09-26 20:32:01,586][INFO|_client.py-_send_single_request:1025] >> HTTP Request: GET http://testserver/stats/map/missing "HTTP/1.1 403 Forbidden"
[2026-09-26 20:32:01,588][INFO|_client.py-_send_single_request:1025] >> HTTP Request: GET http://testserver/stats/map/progress "HTTP/1.1 403 Forbidden"
[2026-09-26 20:32:01,591][INFO|_client.py-_send_single_request:1025] >> HTTP Request: GET http://testserver/sunwi/download/all "HTTP/1.1 403 Forbidden"
[2026-09-26 20:32:01,594][INFO|_client.py-_send_single_request:1025] >> HTTP Request: GET http://testserver/sunwi/download/top5 "HTTP/1.1 403 Forbidden"
[2026-09-26 20:32:01,597][INFO|_client.py-_send_single_request:1025] >> HTTP Request: GET http://testserver/sunwi/payload "HTTP/1.1 403 Forbidden"
[2026-09-26 20:32:01,600][INFO|_client.py-_send_single_request:1025] >> HTTP Request: GET http://testserver/version/latest "HTTP/1.1 403 Forbidden"
[2026-09-26 20:32:01,604][INFO|_client.py-_send_single_request:1025] >> HTTP Request: GET http://testserver/watchlist/ "HTTP/1.1 403 Forbidden"
[2026-09-26 20:32:01,609][INFO|_client.py-_send_single_request:1025] >> HTTP Request: POST http://testserver/api/v1/community/upload/run "HTTP/1.1 403 Forbidden"
[2026-09-26 20:32:01,615][INFO|_client.py-_send_single_request:1025] >> HTTP Request: POST http://testserver/api/v1/crawl/enqueue "HTTP/1.1 403 Forbidden"
[2026-09-26 20:32:01,620][INFO|_client.py-_send_single_request:1025] >> HTTP Request: POST http://testserver/api/v1/crawl/kill "HTTP/1.1 403 Forbidden"
[2026-09-26 20:32:01,624][INFO|_client.py-_send_single_request:1025] >> HTTP Request: POST http://testserver/api/v1/crawl/resume "HTTP/1.1 403 Forbidden"
[2026-09-26 20:32:01,628][INFO|_client.py-_send_single_request:1025] >> HTTP Request: POST http://testserver/api/v1/crawl/start "HTTP/1.1 403 Forbidden"
[2026-09-26 20:32:01,632][INFO|_client.py-_send_single_request:1025] >> HTTP Request: POST http://testserver/api/v1/duplicates/groups/bulk-status "HTTP/1.1 403 Forbidden"
[2026-09-26 20:32:01,636][INFO|_client.py-_send_single_request:1025] >> HTTP Request: POST http://testserver/api/v1/duplicates/groups/group_id "HTTP/1.1 403 Forbidden"
[2026-09-26 20:32:01,640][INFO|_client.py-_send_single_request:1025] >> HTTP Request: POST http://testserver/api/v1/editor/category/record_id "HTTP/1.1 403 Forbidden"
[2026-09-26 20:32:01,643][INFO|_client.py-_send_single_request:1025] >> HTTP Request: POST http://testserver/api/v1/files/delete-multi "HTTP/1.1 403 Forbidden"
[2026-09-26 20:32:01,654][INFO|_client.py-_send_single_request:1025] >> HTTP Request: POST http://testserver/api/v1/files/download-multi "HTTP/1.1 403 Forbidden"
[2026-09-26 20:32:01,658][INFO|_client.py-_send_single_request:1025] >> HTTP Request: POST http://testserver/api/v1/rating/start "HTTP/1.1 403 Forbidden"
[2026-09-26 20:32:01,662][INFO|_client.py-_send_single_request:1025] >> HTTP Request: POST http://testserver/api/v1/settings "HTTP/1.1 403 Forbidden"
[2026-09-26 20:32:01,667][INFO|_client.py-_send_single_request:1025] >> HTTP Request: POST http://testserver/api/v1/settings/db/upload "HTTP/1.1 403 Forbidden"
[2026-09-26 20:32:01,670][INFO|_client.py-_send_single_request:1025] >> HTTP Request: POST http://testserver/api/v1/sunwi/export/kind "HTTP/1.1 403 Forbidden"
[2026-09-26 20:32:01,676][INFO|_client.py-_send_single_request:1025] >> HTTP Request: POST http://testserver/api/v1/watchlist "HTTP/1.1 403 Forbidden"
[2026-09-26 20:32:01,687][INFO|_client.py-_send_single_request:1025] >> HTTP Request: POST http://testserver/backup/upload "HTTP/1.1 403 Forbidden"
[2026-09-26 20:32:01,691][INFO|_client.py-_send_single_request:1025] >> HTTP Request: POST http://testserver/change-admin "HTTP/1.1 403 Forbidden"
[2026-09-26 20:32:01,693][INFO|_client.py-_send_single_request:1025] >> HTTP Request: POST http://testserver/community/upload/reshare "HTTP/1.1 403 Forbidden"
[2026-09-26 20:32:01,696][INFO|_client.py-_send_single_request:1025] >> HTTP Request: POST http://testserver/community/upload/run "HTTP/1.1 403 Forbidden"
[2026-09-26 20:32:01,699][INFO|_client.py-_send_single_request:1025] >> HTTP Request: POST http://testserver/crawl/enqueue-selected "HTTP/1.1 403 Forbidden"
[2026-09-26 20:32:01,702][INFO|_client.py-_send_single_request:1025] >> HTTP Request: POST http://testserver/crawl/export/excel "HTTP/1.1 403 Forbidden"
[2026-09-26 20:32:01,705][INFO|_client.py-_send_single_request:1025] >> HTTP Request: POST http://testserver/crawl/export/sheet "HTTP/1.1 403 Forbidden"
[2026-09-26 20:32:01,711][INFO|_client.py-_send_single_request:1025] >> HTTP Request: POST http://testserver/crawl/kill "HTTP/1.1 403 Forbidden"
[2026-09-26 20:32:01,716][INFO|_client.py-_send_single_request:1025] >> HTTP Request: POST http://testserver/crawl/start "HTTP/1.1 403 Forbidden"
[2026-09-26 20:32:01,720][INFO|_client.py-_send_single_request:1025] >> HTTP Request: POST http://testserver/db-editor/category/record_id "HTTP/1.1 403 Forbidden"
[2026-09-26 20:32:01,723][INFO|_client.py-_send_single_request:1025] >> HTTP Request: POST http://testserver/devices/api-keys/create "HTTP/1.1 403 Forbidden"
[2026-09-26 20:32:01,727][INFO|_client.py-_send_single_request:1025] >> HTTP Request: POST http://testserver/devices/api-keys/delete "HTTP/1.1 403 Forbidden"
[2026-09-26 20:32:01,731][INFO|_client.py-_send_single_request:1025] >> HTTP Request: POST http://testserver/duplicates/manage/bulk-status "HTTP/1.1 403 Forbidden"
[2026-09-26 20:32:01,734][INFO|_client.py-_send_single_request:1025] >> HTTP Request: POST http://testserver/duplicates/manage/refresh "HTTP/1.1 403 Forbidden"
[2026-09-26 20:32:01,738][INFO|_client.py-_send_single_request:1025] >> HTTP Request: POST http://testserver/duplicates/manage/group_id/update "HTTP/1.1 403 Forbidden"
[2026-09-26 20:32:01,742][INFO|_client.py-_send_single_request:1025] >> HTTP Request: POST http://testserver/file-browser/delete-all "HTTP/1.1 403 Forbidden"
[2026-09-26 20:32:01,745][INFO|_client.py-_send_single_request:1025] >> HTTP Request: POST http://testserver/file-browser/delete-multi "HTTP/1.1 403 Forbidden"
[2026-09-26 20:32:01,749][INFO|_client.py-_send_single_request:1025] >> HTTP Request: POST http://testserver/file-browser/download-multi "HTTP/1.1 403 Forbidden"
[2026-09-26 20:32:01,752][INFO|_client.py-_send_single_request:1025] >> HTTP Request: POST http://testserver/media/prepare "HTTP/1.1 403 Forbidden"
[2026-09-26 20:32:01,756][INFO|_client.py-_send_single_request:1025] >> HTTP Request: POST http://testserver/rating/start "HTTP/1.1 403 Forbidden"
[2026-09-26 20:32:01,760][INFO|_client.py-_send_single_request:1025] >> HTTP Request: POST http://testserver/settings/community/rebuild/accept-gaps "HTTP/1.1 403 Forbidden"
[2026-09-26 20:32:01,764][INFO|_client.py-_send_single_request:1025] >> HTTP Request: POST http://testserver/settings/save "HTTP/1.1 403 Forbidden"
[2026-09-26 20:32:01,768][INFO|_client.py-_send_single_request:1025] >> HTTP Request: POST http://testserver/settings/upload_json "HTTP/1.1 403 Forbidden"
[2026-09-26 20:32:01,771][INFO|_client.py-_send_single_request:1025] >> HTTP Request: POST http://testserver/watchlist/add "HTTP/1.1 403 Forbidden"
[2026-09-26 20:32:01,774][INFO|_client.py-_send_single_request:1025] >> HTTP Request: POST http://testserver/watchlist/remove "HTTP/1.1 403 Forbidden"
..[2026-09-26 20:32:02,857][INFO|_client.py-_send_single_request:1025] >> HTTP Request: POST http://testserver/login "HTTP/1.1 303 See Other"
[2026-09-26 20:32:02,863][INFO|_client.py-_send_single_request:1025] >> HTTP Request: GET http://testserver/onboarding/community "HTTP/1.1 200 OK"
[2026-09-26 20:32:02,867][INFO|_client.py-_send_single_request:1025] >> HTTP Request: GET http://testserver/stats?law=all "HTTP/1.1 302 Found"
[2026-09-26 20:32:02,870][INFO|_client.py-_send_single_request:1025] >> HTTP Request: GET http://testserver/settings/ "HTTP/1.1 403 Forbidden"
[2026-09-26 20:32:02,872][INFO|_client.py-_send_single_request:1025] >> HTTP Request: POST http://testserver/crawl/start "HTTP/1.1 403 Forbidden"
[2026-09-26 20:32:02,876][INFO|_client.py-_send_single_request:1025] >> HTTP Request: GET http://testserver/onboarding/community "HTTP/1.1 200 OK"
[2026-09-26 20:32:02,881][INFO|_client.py-_send_single_request:1025] >> HTTP Request: GET http://testserver/settings/community/status "HTTP/1.1 200 OK"
[2026-09-26 20:32:02,885][INFO|_client.py-_send_single_request:1025] >> HTTP Request: GET http://testserver/settings/community/policy "HTTP/1.1 200 OK"
[2026-09-26 20:32:02,929][INFO|_client.py-_send_single_request:1025] >> HTTP Request: GET http://testserver/settings/community/gate "HTTP/1.1 200 OK"
[2026-09-26 20:32:02,934][INFO|_client.py-_send_single_request:1025] >> HTTP Request: GET http://testserver/health "HTTP/1.1 200 OK"
[2026-09-26 20:32:02,939][INFO|_client.py-_send_single_request:1025] >> HTTP Request: GET http://testserver/settings/community/policy "HTTP/1.1 200 OK"
.[2026-09-26 20:32:03,372][INFO|_client.py-_send_single_request:1025] >> HTTP Request: POST http://testserver/login "HTTP/1.1 303 See Other"
[2026-09-26 20:32:03,380][INFO|_client.py-_send_single_request:1025] >> HTTP Request: GET http://testserver/onboarding/community "HTTP/1.1 200 OK"
[2026-09-26 20:32:03,394][INFO|community_auth_service.py-start:465] >> [community] 연결 요청을 만들었습니다(pc).
[2026-09-26 20:32:03,408][INFO|community_auth_service.py-_handle_code:663] >> [community] 로그인 결과를 받았습니다. 관리자 확인을 기다립니다.
[2026-09-26 20:32:03,422][INFO|community_auth_service.py-confirm:744] >> [community] 커뮤니티 계정을 이 서버에 연결했습니다.
/home/better0101/projects/safetyreport/.venv/lib/python3.14/site-packages/fastapi/routing.py:137: ResourceWarning: unclosed database in <sqlite3.Connection object at 0x738de43e73d0>
  async def app(scope: Scope, receive: Receive, send: Send) -> None:
ResourceWarning: Enable tracemalloc to get the object allocation traceback
[2026-09-26 20:32:03,521][INFO|_client.py-_send_single_request:1025] >> HTTP Request: GET http://testserver/settings/ "HTTP/1.1 200 OK"
[2026-09-26 20:32:03,531][INFO|community_auth_service.py-disconnect:826] >> [community] 커뮤니티 계정 연결을 해제했습니다(서버 로그아웃 확인: True).
[2026-09-26 20:32:03,533][INFO|_client.py-_send_single_request:1025] >> HTTP Request: POST http://testserver/settings/community/disconnect "HTTP/1.1 200 OK"
[2026-09-26 20:32:03,541][INFO|_client.py-_send_single_request:1025] >> HTTP Request: GET http://testserver/settings/ "HTTP/1.1 302 Found"
.[2026-09-26 20:32:04,037][INFO|_client.py-_send_single_request:1025] >> HTTP Request: GET http://testserver/media/proxy?url=https://example.invalid/a.jpg "HTTP/1.1 401 Unauthorized"
[2026-09-26 20:32:04,041][INFO|_client.py-_send_single_request:1025] >> HTTP Request: GET http://testserver/media/proxy?url=https://example.invalid/a.jpg "HTTP/1.1 403 Forbidden"
..[2026-09-26 20:32:05,171][INFO|_client.py-_send_single_request:1025] >> HTTP Request: POST http://testserver/login "HTTP/1.1 303 See Other"
[2026-09-26 20:32:05,176][INFO|_client.py-_send_single_request:1025] >> HTTP Request: GET http://testserver/onboarding/community "HTTP/1.1 200 OK"
[2026-09-26 20:32:05,196][INFO|community_auth_service.py-start:465] >> [community] 연결 요청을 만들었습니다(pc).
[2026-09-26 20:32:05,236][INFO|community_auth_service.py-_handle_code:663] >> [community] 로그인 결과를 받았습니다. 관리자 확인을 기다립니다.
[2026-09-26 20:32:05,247][INFO|community_auth_service.py-confirm:744] >> [community] 커뮤니티 계정을 이 서버에 연결했습니다.
/usr/lib/python3.14/weakref.py:357: ResourceWarning: unclosed database in <sqlite3.Connection object at 0x738de4180c70>
  return self.data.get(ref(key),default)
ResourceWarning: Enable tracemalloc to get the object allocation traceback
/usr/lib/python3.14/weakref.py:357: ResourceWarning: unclosed database in <sqlite3.Connection object at 0x738de4183100>
  return self.data.get(ref(key),default)
ResourceWarning: Enable tracemalloc to get the object allocation traceback
[2026-09-26 20:32:05,319][INFO|_client.py-_send_single_request:1025] >> HTTP Request: POST http://testserver/crawl/start "HTTP/1.1 409 Conflict"
[2026-09-26 20:32:05,328][INFO|_client.py-_send_single_request:1025] >> HTTP Request: POST http://testserver/api/v1/crawl/enqueue "HTTP/1.1 409 Conflict"
[2026-09-26 20:32:05,333][INFO|_client.py-_send_single_request:1025] >> HTTP Request: POST http://testserver/crawl/start "HTTP/1.1 200 OK"
[2026-09-26 20:32:05,343][INFO|_client.py-_send_single_request:1025] >> HTTP Request: POST http://testserver/crawl/start "HTTP/1.1 403 Forbidden"
.[2026-09-26 20:32:05,967][INFO|_client.py-_send_single_request:1025] >> HTTP Request: POST http://testserver/login "HTTP/1.1 303 See Other"
/usr/lib/python3.14/collections/__init__.py:1036: ResourceWarning: unclosed database in <sqlite3.Connection object at 0x738de43e4040>
  d |= mapping                        # reuses stored hash values if possible
ResourceWarning: Enable tracemalloc to get the object allocation traceback
/usr/lib/python3.14/collections/__init__.py:1036: ResourceWarning: unclosed database in <sqlite3.Connection object at 0x738de40584f0>
  d |= mapping                        # reuses stored hash values if possible
ResourceWarning: Enable tracemalloc to get the object allocation traceback
[2026-09-26 20:32:05,974][INFO|_client.py-_send_single_request:1025] >> HTTP Request: GET http://testserver/onboarding/community "HTTP/1.1 200 OK"
[2026-09-26 20:32:05,985][INFO|community_auth_service.py-start:465] >> [community] 연결 요청을 만들었습니다(pc).
[2026-09-26 20:32:06,025][INFO|community_auth_service.py-_handle_code:663] >> [community] 로그인 결과를 받았습니다. 관리자 확인을 기다립니다.
[2026-09-26 20:32:06,042][INFO|community_auth_service.py-confirm:744] >> [community] 커뮤니티 계정을 이 서버에 연결했습니다.
[2026-09-26 20:32:06,087][INFO|_client.py-_send_single_request:1025] >> HTTP Request: POST http://testserver/settings/community/confirm "HTTP/1.1 200 OK"
[2026-09-26 20:32:06,096][INFO|_client.py-_send_single_request:1025] >> HTTP Request: POST http://testserver/settings/community/consent "HTTP/1.1 400 Bad Request"
[2026-09-26 20:32:06,100][INFO|_client.py-_send_single_request:1025] >> HTTP Request: POST http://testserver/settings/community/consent "HTTP/1.1 400 Bad Request"
[2026-09-26 20:32:06,104][INFO|_client.py-_send_single_request:1025] >> HTTP Request: POST http://testserver/settings/community/consent "HTTP/1.1 403 Forbidden"
[2026-09-26 20:32:06,131][INFO|_client.py-_send_single_request:1025] >> HTTP Request: POST http://testserver/settings/community/consent "HTTP/1.1 200 OK"
/home/better0101/projects/safetyreport/.venv/lib/python3.14/site-packages/jinja2/parser.py:560: ResourceWarning: unclosed database in <sqlite3.Connection object at 0x738e17741d50>
  def parse_compare(self) -> nodes.Expr:
ResourceWarning: Enable tracemalloc to get the object allocation traceback
/home/better0101/projects/safetyreport/.venv/lib/python3.14/site-packages/jinja2/parser.py:560: ResourceWarning: unclosed database in <sqlite3.Connection object at 0x738de558f4c0>
  def parse_compare(self) -> nodes.Expr:
ResourceWarning: Enable tracemalloc to get the object allocation traceback
/home/better0101/projects/safetyreport/.venv/lib/python3.14/site-packages/jinja2/parser.py:560: ResourceWarning: unclosed database in <sqlite3.Connection object at 0x738de4182b60>
  def parse_compare(self) -> nodes.Expr:
ResourceWarning: Enable tracemalloc to get the object allocation traceback
/home/better0101/projects/safetyreport/.venv/lib/python3.14/site-packages/jinja2/parser.py:560: ResourceWarning: unclosed database in <sqlite3.Connection object at 0x738de4183010>
  def parse_compare(self) -> nodes.Expr:
ResourceWarning: Enable tracemalloc to get the object allocation traceback
/home/better0101/projects/safetyreport/.venv/lib/python3.14/site-packages/jinja2/parser.py:560: ResourceWarning: unclosed database in <sqlite3.Connection object at 0x738de41817b0>
  def parse_compare(self) -> nodes.Expr:
ResourceWarning: Enable tracemalloc to get the object allocation traceback
/home/better0101/projects/safetyreport/.venv/lib/python3.14/site-packages/jinja2/parser.py:560: ResourceWarning: unclosed database in <sqlite3.Connection object at 0x738de4059300>
  def parse_compare(self) -> nodes.Expr:
ResourceWarning: Enable tracemalloc to get the object allocation traceback
[2026-09-26 20:32:06,183][INFO|_client.py-_send_single_request:1025] >> HTTP Request: GET http://testserver/settings/ "HTTP/1.1 200 OK"
[2026-09-26 20:32:06,204][INFO|_client.py-_send_single_request:1025] >> HTTP Request: GET http://testserver/api/v1/summary "HTTP/1.1 200 OK"
[2026-09-26 20:32:06,221][INFO|_client.py-_send_single_request:1025] >> HTTP Request: POST http://testserver/settings/community/consent-revoke "HTTP/1.1 200 OK"
[2026-09-26 20:32:06,224][INFO|_client.py-_send_single_request:1025] >> HTTP Request: GET http://testserver/settings/ "HTTP/1.1 302 Found"
.[2026-09-26 20:32:06,869][INFO|_client.py-_send_single_request:1025] >> HTTP Request: POST http://testserver/login "HTTP/1.1 303 See Other"
[2026-09-26 20:32:06,877][INFO|_client.py-_send_single_request:1025] >> HTTP Request: GET http://testserver/onboarding/community "HTTP/1.1 200 OK"
.[2026-09-26 20:32:07,235][INFO|community_auth_service.py-start:465] >> [community] 연결 요청을 만들었습니다(pc).
[2026-09-26 20:32:07,276][INFO|community_auth_service.py-_handle_code:663] >> [community] 로그인 결과를 받았습니다. 관리자 확인을 기다립니다.
[2026-09-26 20:32:07,288][INFO|community_auth_service.py-confirm:744] >> [community] 커뮤니티 계정을 이 서버에 연결했습니다.
.[2026-09-26 20:32:07,855][INFO|community_auth_service.py-start:465] >> [community] 연결 요청을 만들었습니다(pc).
[2026-09-26 20:32:07,871][INFO|community_auth_service.py-_handle_code:663] >> [community] 로그인 결과를 받았습니다. 관리자 확인을 기다립니다.
[2026-09-26 20:32:07,883][INFO|community_auth_service.py-confirm:744] >> [community] 커뮤니티 계정을 이 서버에 연결했습니다.
.[2026-09-26 20:32:08,460][INFO|community_auth_service.py-start:465] >> [community] 연결 요청을 만들었습니다(pc).
[2026-09-26 20:32:08,475][INFO|community_auth_service.py-_handle_code:663] >> [community] 로그인 결과를 받았습니다. 관리자 확인을 기다립니다.
[2026-09-26 20:32:08,489][INFO|community_auth_service.py-confirm:744] >> [community] 커뮤니티 계정을 이 서버에 연결했습니다.
.[2026-09-26 20:32:09,069][INFO|community_auth_service.py-start:465] >> [community] 연결 요청을 만들었습니다(pc).
[2026-09-26 20:32:09,116][INFO|community_auth_service.py-_handle_code:663] >> [community] 로그인 결과를 받았습니다. 관리자 확인을 기다립니다.
[2026-09-26 20:32:09,121][INFO|community_auth_service.py-confirm:744] >> [community] 커뮤니티 계정을 이 서버에 연결했습니다.
.[2026-09-26 20:32:09,650][INFO|community_auth_service.py-start:465] >> [community] 연결 요청을 만들었습니다(pc).
[2026-09-26 20:32:09,667][INFO|community_auth_service.py-_handle_code:663] >> [community] 로그인 결과를 받았습니다. 관리자 확인을 기다립니다.
[2026-09-26 20:32:09,679][INFO|community_auth_service.py-confirm:744] >> [community] 커뮤니티 계정을 이 서버에 연결했습니다.
[2026-09-26 20:32:09,733][INFO|community_auth_service.py-disconnect:826] >> [community] 커뮤니티 계정 연결을 해제했습니다(서버 로그아웃 확인: True).
[2026-09-26 20:32:09,742][INFO|community_auth_service.py-start:465] >> [community] 연결 요청을 만들었습니다(pc).
[2026-09-26 20:32:09,757][INFO|community_auth_service.py-_handle_code:663] >> [community] 로그인 결과를 받았습니다. 관리자 확인을 기다립니다.
[2026-09-26 20:32:09,770][INFO|community_auth_service.py-confirm:744] >> [community] 커뮤니티 계정을 이 서버에 연결했습니다.
.[2026-09-26 20:32:10,302][INFO|community_auth_service.py-start:465] >> [community] 연결 요청을 만들었습니다(pc).
[2026-09-26 20:32:10,348][INFO|community_auth_service.py-_handle_code:663] >> [community] 로그인 결과를 받았습니다. 관리자 확인을 기다립니다.
[2026-09-26 20:32:10,352][INFO|community_auth_service.py-confirm:744] >> [community] 커뮤니티 계정을 이 서버에 연결했습니다.
../home/better0101/projects/worktree/ci-20260926/safetyreport/audit-fix/services/community_auth_store.py:94: ResourceWarning: unclosed database in <sqlite3.Connection object at 0x738e17741d50>
  fh = open(self.path, "a+b")
ResourceWarning: Enable tracemalloc to get the object allocation traceback
/home/better0101/projects/worktree/ci-20260926/safetyreport/audit-fix/services/community_auth_store.py:94: ResourceWarning: unclosed database in <sqlite3.Connection object at 0x738de41806d0>
  fh = open(self.path, "a+b")
ResourceWarning: Enable tracemalloc to get the object allocation traceback
/home/better0101/projects/worktree/ci-20260926/safetyreport/audit-fix/services/community_auth_store.py:94: ResourceWarning: unclosed database in <sqlite3.Connection object at 0x738de41831f0>
  fh = open(self.path, "a+b")
ResourceWarning: Enable tracemalloc to get the object allocation traceback
/home/better0101/projects/worktree/ci-20260926/safetyreport/audit-fix/services/community_auth_store.py:94: ResourceWarning: unclosed database in <sqlite3.Connection object at 0x738de41823e0>
  fh = open(self.path, "a+b")
ResourceWarning: Enable tracemalloc to get the object allocation traceback
/home/better0101/projects/worktree/ci-20260926/safetyreport/audit-fix/services/community_auth_store.py:94: ResourceWarning: unclosed database in <sqlite3.Connection object at 0x738de4182110>
  fh = open(self.path, "a+b")
ResourceWarning: Enable tracemalloc to get the object allocation traceback
/home/better0101/projects/worktree/ci-20260926/safetyreport/audit-fix/services/community_auth_store.py:94: ResourceWarning: unclosed database in <sqlite3.Connection object at 0x738de4181f30>
  fh = open(self.path, "a+b")
ResourceWarning: Enable tracemalloc to get the object allocation traceback
/home/better0101/projects/worktree/ci-20260926/safetyreport/audit-fix/services/community_auth_store.py:94: ResourceWarning: unclosed database in <sqlite3.Connection object at 0x738de4182200>
  fh = open(self.path, "a+b")
ResourceWarning: Enable tracemalloc to get the object allocation traceback
/home/better0101/projects/worktree/ci-20260926/safetyreport/audit-fix/services/community_auth_store.py:94: ResourceWarning: unclosed database in <sqlite3.Connection object at 0x738de41833d0>
  fh = open(self.path, "a+b")
ResourceWarning: Enable tracemalloc to get the object allocation traceback
/home/better0101/projects/worktree/ci-20260926/safetyreport/audit-fix/services/community_auth_store.py:94: ResourceWarning: unclosed database in <sqlite3.Connection object at 0x738de41813f0>
  fh = open(self.path, "a+b")
ResourceWarning: Enable tracemalloc to get the object allocation traceback
[2026-09-26 20:32:11,422][INFO|community_auth_service.py-start:465] >> [community] 연결 요청을 만들었습니다(pc).
[2026-09-26 20:32:11,435][INFO|community_auth_service.py-_handle_code:663] >> [community] 로그인 결과를 받았습니다. 관리자 확인을 기다립니다.
[2026-09-26 20:32:11,449][INFO|community_auth_service.py-confirm:744] >> [community] 커뮤니티 계정을 이 서버에 연결했습니다.
.[2026-09-26 20:32:11,971][INFO|community_auth_service.py-start:465] >> [community] 연결 요청을 만들었습니다(pc).
[2026-09-26 20:32:12,020][INFO|community_auth_service.py-_handle_code:663] >> [community] 로그인 결과를 받았습니다. 관리자 확인을 기다립니다.
[2026-09-26 20:32:12,025][INFO|community_auth_service.py-confirm:744] >> [community] 커뮤니티 계정을 이 서버에 연결했습니다.
.[2026-09-26 20:32:12,581][INFO|community_auth_service.py-start:465] >> [community] 연결 요청을 만들었습니다(pc).
[2026-09-26 20:32:12,621][INFO|community_auth_service.py-_handle_code:663] >> [community] 로그인 결과를 받았습니다. 관리자 확인을 기다립니다.
[2026-09-26 20:32:12,639][INFO|community_auth_service.py-confirm:744] >> [community] 커뮤니티 계정을 이 서버에 연결했습니다.
[2026-09-26 20:32:12,700][INFO|community_auth_service.py-disconnect:826] >> [community] 커뮤니티 계정 연결을 해제했습니다(서버 로그아웃 확인: True).
[2026-09-26 20:32:12,717][INFO|community_auth_service.py-start:465] >> [community] 연결 요청을 만들었습니다(pc).
[2026-09-26 20:32:12,759][INFO|community_auth_service.py-_handle_code:663] >> [community] 로그인 결과를 받았습니다. 관리자 확인을 기다립니다.
[2026-09-26 20:32:12,771][INFO|community_auth_service.py-confirm:744] >> [community] 커뮤니티 계정을 이 서버에 연결했습니다.
.[2026-09-26 20:32:13,310][INFO|community_auth_service.py-start:465] >> [community] 연결 요청을 만들었습니다(pc).
[2026-09-26 20:32:13,326][INFO|community_auth_service.py-_handle_code:663] >> [community] 로그인 결과를 받았습니다. 관리자 확인을 기다립니다.
[2026-09-26 20:32:13,336][INFO|community_auth_service.py-confirm:744] >> [community] 커뮤니티 계정을 이 서버에 연결했습니다.
.[2026-09-26 20:32:13,920][INFO|community_auth_service.py-start:465] >> [community] 연결 요청을 만들었습니다(pc).
[2026-09-26 20:32:13,938][INFO|community_auth_service.py-_handle_code:663] >> [community] 로그인 결과를 받았습니다. 관리자 확인을 기다립니다.
[2026-09-26 20:32:13,947][INFO|community_auth_service.py-confirm:744] >> [community] 커뮤니티 계정을 이 서버에 연결했습니다.
.[2026-09-26 20:32:14,518][INFO|community_auth_service.py-start:465] >> [community] 연결 요청을 만들었습니다(pc).
[2026-09-26 20:32:14,541][INFO|community_auth_service.py-_handle_code:663] >> [community] 로그인 결과를 받았습니다. 관리자 확인을 기다립니다.
[2026-09-26 20:32:14,546][INFO|community_auth_service.py-confirm:744] >> [community] 커뮤니티 계정을 이 서버에 연결했습니다.
.[2026-09-26 20:32:15,076][INFO|community_auth_service.py-start:465] >> [community] 연결 요청을 만들었습니다(pc).
[2026-09-26 20:32:15,114][INFO|community_auth_service.py-_handle_code:663] >> [community] 로그인 결과를 받았습니다. 관리자 확인을 기다립니다.
[2026-09-26 20:32:15,132][INFO|community_auth_service.py-confirm:744] >> [community] 커뮤니티 계정을 이 서버에 연결했습니다.
..s...WARNING: COMMUNITY_SUPABASE_URL/COMMUNITY_PUBLISHABLE_KEY 없음 — 공개 설정을 번들하지 않습니다.
[2026-09-26 20:32:15,711][INFO|database.py-upgrade_schema:285] >> 테이블 'admin_users' 생성 중...
[2026-09-26 20:32:15,714][INFO|database.py-upgrade_schema:285] >> 테이블 'api_keys' 생성 중...
[2026-09-26 20:32:15,716][INFO|database.py-upgrade_schema:285] >> 테이블 'mysafety' 생성 중...
[2026-09-26 20:32:15,717][INFO|database.py-upgrade_schema:285] >> 테이블 'mysafety_change_cursor' 생성 중...
[2026-09-26 20:32:15,719][INFO|database.py-upgrade_schema:285] >> 테이블 'mysafety_change_log' 생성 중...
[2026-09-26 20:32:15,720][INFO|database.py-upgrade_schema:285] >> 테이블 'mysafety_duplicate_decision' 생성 중...
[2026-09-26 20:32:15,722][INFO|database.py-upgrade_schema:285] >> 테이블 'mysafety_duplicate_group' 생성 중...
[2026-09-26 20:32:15,723][INFO|database.py-upgrade_schema:285] >> 테이블 'mysafety_duplicate_member' 생성 중...
[2026-09-26 20:32:15,725][INFO|database.py-upgrade_schema:285] >> 테이블 'mysafety_entry_value' 생성 중...
[2026-09-26 20:32:15,726][INFO|database.py-upgrade_schema:285] >> 테이블 'mysafety_geocode_cache' 생성 중...
[2026-09-26 20:32:15,728][INFO|database.py-upgrade_schema:285] >> 테이블 'mysafety_raw_content' 생성 중...
[2026-09-26 20:32:15,729][INFO|database.py-upgrade_schema:285] >> 테이블 'mysafety_report_override' 생성 중...
[2026-09-26 20:32:15,731][INFO|database.py-upgrade_schema:285] >> 테이블 'mysafety_sync_meta' 생성 중...
[2026-09-26 20:32:15,732][INFO|database.py-upgrade_schema:285] >> 테이블 'mysafety_watchlist' 생성 중...
[2026-09-26 20:32:15,738][INFO|database.py-upgrade_schema:285] >> 테이블 'mysafetydetail_other' 생성 중...
[2026-09-26 20:32:15,744][INFO|database.py-upgrade_schema:285] >> 테이블 'mysafetydetail_parking' 생성 중...
[2026-09-26 20:32:15,747][INFO|database.py-upgrade_schema:285] >> 테이블 'mysafetydetail_traffic' 생성 중...
[2026-09-26 20:32:15,751][INFO|database.py-upgrade_schema:285] >> 테이블 'mysafetymerge_other' 생성 중...
[2026-09-26 20:32:15,753][INFO|database.py-upgrade_schema:285] >> 테이블 'mysafetymerge_parking' 생성 중...
[2026-09-26 20:32:15,756][INFO|database.py-upgrade_schema:285] >> 테이블 'mysafetymerge_traffic' 생성 중...
[2026-09-26 20:32:15,761][INFO|database.py-_apply_versioned_migrations:452] >> [schema] DB 스키마 버전 1 적용
[2026-09-26 20:32:15,769][INFO|database.py-_apply_versioned_migrations:452] >> [schema] DB 스키마 버전 2 적용
[2026-09-26 20:32:15,772][INFO|database.py-_apply_versioned_migrations:452] >> [schema] DB 스키마 버전 3 적용
[2026-09-26 20:32:15,787][INFO|database.py-_apply_versioned_migrations:452] >> [schema] DB 스키마 버전 4 적용
<string>:0: ResourceWarning: unclosed database in <sqlite3.Connection object at 0x738de554ba60>
ResourceWarning: Enable tracemalloc to get the object allocation traceback
<string>:0: ResourceWarning: unclosed database in <sqlite3.Connection object at 0x738de550a200>
ResourceWarning: Enable tracemalloc to get the object allocation traceback
<string>:0: ResourceWarning: unclosed database in <sqlite3.Connection object at 0x738de55085e0>
ResourceWarning: Enable tracemalloc to get the object allocation traceback
<string>:0: ResourceWarning: unclosed database in <sqlite3.Connection object at 0x738de550b2e0>
ResourceWarning: Enable tracemalloc to get the object allocation traceback
<string>:0: ResourceWarning: unclosed database in <sqlite3.Connection object at 0x738de41817b0>
ResourceWarning: Enable tracemalloc to get the object allocation traceback
<string>:0: ResourceWarning: unclosed database in <sqlite3.Connection object at 0x738de4183a60>
ResourceWarning: Enable tracemalloc to get the object allocation traceback
[2026-09-26 20:32:15,822][INFO|duplicate_group_service.py-_log_info:53] >> [duplicate] payload exact 중복군 0개, 멤버 0건 재생성
.[2026-09-26 20:32:15,883][INFO|database.py-upgrade_schema:285] >> 테이블 'admin_users' 생성 중...
[2026-09-26 20:32:15,887][INFO|database.py-upgrade_schema:285] >> 테이블 'api_keys' 생성 중...
[2026-09-26 20:32:15,889][INFO|database.py-upgrade_schema:285] >> 테이블 'mysafety' 생성 중...
[2026-09-26 20:32:15,890][INFO|database.py-upgrade_schema:285] >> 테이블 'mysafety_change_cursor' 생성 중...
[2026-09-26 20:32:15,892][INFO|database.py-upgrade_schema:285] >> 테이블 'mysafety_change_log' 생성 중...
[2026-09-26 20:32:15,894][INFO|database.py-upgrade_schema:285] >> 테이블 'mysafety_duplicate_decision' 생성 중...
[2026-09-26 20:32:15,895][INFO|database.py-upgrade_schema:285] >> 테이블 'mysafety_duplicate_group' 생성 중...
[2026-09-26 20:32:15,897][INFO|database.py-upgrade_schema:285] >> 테이블 'mysafety_duplicate_member' 생성 중...
[2026-09-26 20:32:15,899][INFO|database.py-upgrade_schema:285] >> 테이블 'mysafety_entry_value' 생성 중...
[2026-09-26 20:32:15,901][INFO|database.py-upgrade_schema:285] >> 테이블 'mysafety_geocode_cache' 생성 중...
[2026-09-26 20:32:15,905][INFO|database.py-upgrade_schema:285] >> 테이블 'mysafety_raw_content' 생성 중...
[2026-09-26 20:32:15,908][INFO|database.py-upgrade_schema:285] >> 테이블 'mysafety_report_override' 생성 중...
[2026-09-26 20:32:15,915][INFO|database.py-upgrade_schema:285] >> 테이블 'mysafety_sync_meta' 생성 중...
[2026-09-26 20:32:15,918][INFO|database.py-upgrade_schema:285] >> 테이블 'mysafety_watchlist' 생성 중...
[2026-09-26 20:32:15,921][INFO|database.py-upgrade_schema:285] >> 테이블 'mysafetydetail_other' 생성 중...
[2026-09-26 20:32:15,923][INFO|database.py-upgrade_schema:285] >> 테이블 'mysafetydetail_parking' 생성 중...
[2026-09-26 20:32:15,925][INFO|database.py-upgrade_schema:285] >> 테이블 'mysafetydetail_traffic' 생성 중...
[2026-09-26 20:32:15,927][INFO|database.py-upgrade_schema:285] >> 테이블 'mysafetymerge_other' 생성 중...
[2026-09-26 20:32:15,931][INFO|database.py-upgrade_schema:285] >> 테이블 'mysafetymerge_parking' 생성 중...
[2026-09-26 20:32:15,934][INFO|database.py-upgrade_schema:285] >> 테이블 'mysafetymerge_traffic' 생성 중...
[2026-09-26 20:32:15,939][INFO|database.py-_apply_versioned_migrations:452] >> [schema] DB 스키마 버전 1 적용
[2026-09-26 20:32:15,949][INFO|database.py-_apply_versioned_migrations:452] >> [schema] DB 스키마 버전 2 적용
[2026-09-26 20:32:15,952][INFO|database.py-_apply_versioned_migrations:452] >> [schema] DB 스키마 버전 3 적용
[2026-09-26 20:32:15,969][INFO|database.py-_apply_versioned_migrations:452] >> [schema] DB 스키마 버전 4 적용
[2026-09-26 20:32:16,000][INFO|duplicate_group_service.py-_log_info:53] >> [duplicate] payload exact 중복군 0개, 멤버 0건 재생성
.[2026-09-26 20:32:16,012][INFO|database.py-upgrade_schema:285] >> 테이블 'admin_users' 생성 중...
[2026-09-26 20:32:16,015][INFO|database.py-upgrade_schema:285] >> 테이블 'api_keys' 생성 중...
[2026-09-26 20:32:16,016][INFO|database.py-upgrade_schema:285] >> 테이블 'mysafety' 생성 중...
[2026-09-26 20:32:16,018][INFO|database.py-upgrade_schema:285] >> 테이블 'mysafety_change_cursor' 생성 중...
[2026-09-26 20:32:16,019][INFO|database.py-upgrade_schema:285] >> 테이블 'mysafety_change_log' 생성 중...
[2026-09-26 20:32:16,021][INFO|database.py-upgrade_schema:285] >> 테이블 'mysafety_duplicate_decision' 생성 중...
[2026-09-26 20:32:16,023][INFO|database.py-upgrade_schema:285] >> 테이블 'mysafety_duplicate_group' 생성 중...
[2026-09-26 20:32:16,024][INFO|database.py-upgrade_schema:285] >> 테이블 'mysafety_duplicate_member' 생성 중...
[2026-09-26 20:32:16,026][INFO|database.py-upgrade_schema:285] >> 테이블 'mysafety_entry_value' 생성 중...
[2026-09-26 20:32:16,028][INFO|database.py-upgrade_schema:285] >> 테이블 'mysafety_geocode_cache' 생성 중...
[2026-09-26 20:32:16,031][INFO|database.py-upgrade_schema:285] >> 테이블 'mysafety_raw_content' 생성 중...
[2026-09-26 20:32:16,034][INFO|database.py-upgrade_schema:285] >> 테이블 'mysafety_report_override' 생성 중...
[2026-09-26 20:32:16,037][INFO|database.py-upgrade_schema:285] >> 테이블 'mysafety_sync_meta' 생성 중...
[2026-09-26 20:32:16,040][INFO|database.py-upgrade_schema:285] >> 테이블 'mysafety_watchlist' 생성 중...
[2026-09-26 20:32:16,043][INFO|database.py-upgrade_schema:285] >> 테이블 'mysafetydetail_other' 생성 중...
[2026-09-26 20:32:16,045][INFO|database.py-upgrade_schema:285] >> 테이블 'mysafetydetail_parking' 생성 중...
[2026-09-26 20:32:16,048][INFO|database.py-upgrade_schema:285] >> 테이블 'mysafetydetail_traffic' 생성 중...
[2026-09-26 20:32:16,050][INFO|database.py-upgrade_schema:285] >> 테이블 'mysafetymerge_other' 생성 중...
[2026-09-26 20:32:16,052][INFO|database.py-upgrade_schema:285] >> 테이블 'mysafetymerge_parking' 생성 중...
[2026-09-26 20:32:16,054][INFO|database.py-upgrade_schema:285] >> 테이블 'mysafetymerge_traffic' 생성 중...
[2026-09-26 20:32:16,062][INFO|database.py-_apply_versioned_migrations:452] >> [schema] DB 스키마 버전 1 적용
[2026-09-26 20:32:16,073][INFO|database.py-_apply_versioned_migrations:452] >> [schema] DB 스키마 버전 2 적용
[2026-09-26 20:32:16,075][INFO|database.py-_apply_versioned_migrations:452] >> [schema] DB 스키마 버전 3 적용
[2026-09-26 20:32:16,089][INFO|database.py-_apply_versioned_migrations:452] >> [schema] DB 스키마 버전 4 적용
[2026-09-26 20:32:16,122][INFO|duplicate_group_service.py-_log_info:53] >> [duplicate] payload exact 중복군 0개, 멤버 0건 재생성
.[2026-09-26 20:32:16,185][INFO|database.py-upgrade_schema:285] >> 테이블 'admin_users' 생성 중...
[2026-09-26 20:32:16,188][INFO|database.py-upgrade_schema:285] >> 테이블 'api_keys' 생성 중...
[2026-09-26 20:32:16,190][INFO|database.py-upgrade_schema:285] >> 테이블 'mysafety' 생성 중...
[2026-09-26 20:32:16,192][INFO|database.py-upgrade_schema:285] >> 테이블 'mysafety_change_cursor' 생성 중...
[2026-09-26 20:32:16,193][INFO|database.py-upgrade_schema:285] >> 테이블 'mysafety_change_log' 생성 중...
[2026-09-26 20:32:16,195][INFO|database.py-upgrade_schema:285] >> 테이블 'mysafety_duplicate_decision' 생성 중...
[2026-09-26 20:32:16,197][INFO|database.py-upgrade_schema:285] >> 테이블 'mysafety_duplicate_group' 생성 중...
[2026-09-26 20:32:16,198][INFO|database.py-upgrade_schema:285] >> 테이블 'mysafety_duplicate_member' 생성 중...
[2026-09-26 20:32:16,200][INFO|database.py-upgrade_schema:285] >> 테이블 'mysafety_entry_value' 생성 중...
[2026-09-26 20:32:16,201][INFO|database.py-upgrade_schema:285] >> 테이블 'mysafety_geocode_cache' 생성 중...
[2026-09-26 20:32:16,206][INFO|database.py-upgrade_schema:285] >> 테이블 'mysafety_raw_content' 생성 중...
[2026-09-26 20:32:16,208][INFO|database.py-upgrade_schema:285] >> 테이블 'mysafety_report_override' 생성 중...
[2026-09-26 20:32:16,210][INFO|database.py-upgrade_schema:285] >> 테이블 'mysafety_sync_meta' 생성 중...
[2026-09-26 20:32:16,212][INFO|database.py-upgrade_schema:285] >> 테이블 'mysafety_watchlist' 생성 중...
[2026-09-26 20:32:16,213][INFO|database.py-upgrade_schema:285] >> 테이블 'mysafetydetail_other' 생성 중...
[2026-09-26 20:32:16,215][INFO|database.py-upgrade_schema:285] >> 테이블 'mysafetydetail_parking' 생성 중...
[2026-09-26 20:32:16,217][INFO|database.py-upgrade_schema:285] >> 테이블 'mysafetydetail_traffic' 생성 중...
[2026-09-26 20:32:16,223][INFO|database.py-upgrade_schema:285] >> 테이블 'mysafetymerge_other' 생성 중...
[2026-09-26 20:32:16,225][INFO|database.py-upgrade_schema:285] >> 테이블 'mysafetymerge_parking' 생성 중...
[2026-09-26 20:32:16,227][INFO|database.py-upgrade_schema:285] >> 테이블 'mysafetymerge_traffic' 생성 중...
[2026-09-26 20:32:16,233][INFO|database.py-_apply_versioned_migrations:452] >> [schema] DB 스키마 버전 1 적용
[2026-09-26 20:32:16,243][INFO|database.py-_apply_versioned_migrations:452] >> [schema] DB 스키마 버전 2 적용
[2026-09-26 20:32:16,246][INFO|database.py-_apply_versioned_migrations:452] >> [schema] DB 스키마 버전 3 적용
[2026-09-26 20:32:16,259][INFO|database.py-_apply_versioned_migrations:452] >> [schema] DB 스키마 버전 4 적용
/home/better0101/projects/safetyreport/.venv/lib/python3.14/site-packages/sqlalchemy/sql/base.py:749: ResourceWarning: unclosed database in <sqlite3.Connection object at 0x738de4181a80>
  @classmethod
ResourceWarning: Enable tracemalloc to get the object allocation traceback
/home/better0101/projects/safetyreport/.venv/lib/python3.14/site-packages/sqlalchemy/util/langhelpers.py:1397: ResourceWarning: unclosed database in <sqlite3.Connection object at 0x738de550a200>
  kw.update(
ResourceWarning: Enable tracemalloc to get the object allocation traceback
[2026-09-26 20:32:16,305][INFO|duplicate_group_service.py-_log_info:53] >> [duplicate] payload exact 중복군 0개, 멤버 0건 재생성
.[2026-09-26 20:32:16,363][INFO|database.py-upgrade_schema:285] >> 테이블 'admin_users' 생성 중...
[2026-09-26 20:32:16,366][INFO|database.py-upgrade_schema:285] >> 테이블 'api_keys' 생성 중...
[2026-09-26 20:32:16,367][INFO|database.py-upgrade_schema:285] >> 테이블 'mysafety' 생성 중...
[2026-09-26 20:32:16,369][INFO|database.py-upgrade_schema:285] >> 테이블 'mysafety_change_cursor' 생성 중...
[2026-09-26 20:32:16,371][INFO|database.py-upgrade_schema:285] >> 테이블 'mysafety_change_log' 생성 중...
[2026-09-26 20:32:16,375][INFO|database.py-upgrade_schema:285] >> 테이블 'mysafety_duplicate_decision' 생성 중...
[2026-09-26 20:32:16,377][INFO|database.py-upgrade_schema:285] >> 테이블 'mysafety_duplicate_group' 생성 중...
[2026-09-26 20:32:16,379][INFO|database.py-upgrade_schema:285] >> 테이블 'mysafety_duplicate_member' 생성 중...
[2026-09-26 20:32:16,385][INFO|database.py-upgrade_schema:285] >> 테이블 'mysafety_entry_value' 생성 중...
[2026-09-26 20:32:16,387][INFO|database.py-upgrade_schema:285] >> 테이블 'mysafety_geocode_cache' 생성 중...
[2026-09-26 20:32:16,389][INFO|database.py-upgrade_schema:285] >> 테이블 'mysafety_raw_content' 생성 중...
[2026-09-26 20:32:16,391][INFO|database.py-upgrade_schema:285] >> 테이블 'mysafety_report_override' 생성 중...
[2026-09-26 20:32:16,392][INFO|database.py-upgrade_schema:285] >> 테이블 'mysafety_sync_meta' 생성 중...
[2026-09-26 20:32:16,394][INFO|database.py-upgrade_schema:285] >> 테이블 'mysafety_watchlist' 생성 중...
[2026-09-26 20:32:16,395][INFO|database.py-upgrade_schema:285] >> 테이블 'mysafetydetail_other' 생성 중...
[2026-09-26 20:32:16,398][INFO|database.py-upgrade_schema:285] >> 테이블 'mysafetydetail_parking' 생성 중...
[2026-09-26 20:32:16,400][INFO|database.py-upgrade_schema:285] >> 테이블 'mysafetydetail_traffic' 생성 중...
[2026-09-26 20:32:16,401][INFO|database.py-upgrade_schema:285] >> 테이블 'mysafetymerge_other' 생성 중...
[2026-09-26 20:32:16,403][INFO|database.py-upgrade_schema:285] >> 테이블 'mysafetymerge_parking' 생성 중...
[2026-09-26 20:32:16,405][INFO|database.py-upgrade_schema:285] >> 테이블 'mysafetymerge_traffic' 생성 중...
[2026-09-26 20:32:16,408][INFO|database.py-_apply_versioned_migrations:452] >> [schema] DB 스키마 버전 1 적용
[2026-09-26 20:32:16,416][INFO|database.py-_apply_versioned_migrations:452] >> [schema] DB 스키마 버전 2 적용
[2026-09-26 20:32:16,424][INFO|database.py-_apply_versioned_migrations:452] >> [schema] DB 스키마 버전 3 적용
/home/better0101/projects/safetyreport/.venv/lib/python3.14/site-packages/sqlalchemy/sql/compiler.py:858: ResourceWarning: unclosed database in <sqlite3.Connection object at 0x738de43e74c0>
  def __init__(
ResourceWarning: Enable tracemalloc to get the object allocation traceback
[2026-09-26 20:32:16,450][INFO|database.py-_apply_versioned_migrations:452] >> [schema] DB 스키마 버전 4 적용
[2026-09-26 20:32:16,476][INFO|duplicate_group_service.py-_log_info:53] >> [duplicate] payload exact 중복군 0개, 멤버 0건 재생성
.[2026-09-26 20:32:16,549][INFO|database.py-upgrade_schema:285] >> 테이블 'admin_users' 생성 중...
[2026-09-26 20:32:16,553][INFO|database.py-upgrade_schema:285] >> 테이블 'api_keys' 생성 중...
[2026-09-26 20:32:16,555][INFO|database.py-upgrade_schema:285] >> 테이블 'mysafety' 생성 중...
[2026-09-26 20:32:16,557][INFO|database.py-upgrade_schema:285] >> 테이블 'mysafety_change_cursor' 생성 중...
[2026-09-26 20:32:16,558][INFO|database.py-upgrade_schema:285] >> 테이블 'mysafety_change_log' 생성 중...
[2026-09-26 20:32:16,560][INFO|database.py-upgrade_schema:285] >> 테이블 'mysafety_duplicate_decision' 생성 중...
[2026-09-26 20:32:16,561][INFO|database.py-upgrade_schema:285] >> 테이블 'mysafety_duplicate_group' 생성 중...
[2026-09-26 20:32:16,563][INFO|database.py-upgrade_schema:285] >> 테이블 'mysafety_duplicate_member' 생성 중...
[2026-09-26 20:32:16,565][INFO|database.py-upgrade_schema:285] >> 테이블 'mysafety_entry_value' 생성 중...
[2026-09-26 20:32:16,566][INFO|database.py-upgrade_schema:285] >> 테이블 'mysafety_geocode_cache' 생성 중...
[2026-09-26 20:32:16,568][INFO|database.py-upgrade_schema:285] >> 테이블 'mysafety_raw_content' 생성 중...
[2026-09-26 20:32:16,573][INFO|database.py-upgrade_schema:285] >> 테이블 'mysafety_report_override' 생성 중...
[2026-09-26 20:32:16,576][INFO|database.py-upgrade_schema:285] >> 테이블 'mysafety_sync_meta' 생성 중...
[2026-09-26 20:32:16,582][INFO|database.py-upgrade_schema:285] >> 테이블 'mysafety_watchlist' 생성 중...
[2026-09-26 20:32:16,584][INFO|database.py-upgrade_schema:285] >> 테이블 'mysafetydetail_other' 생성 중...
[2026-09-26 20:32:16,586][INFO|database.py-upgrade_schema:285] >> 테이블 'mysafetydetail_parking' 생성 중...
[2026-09-26 20:32:16,588][INFO|database.py-upgrade_schema:285] >> 테이블 'mysafetydetail_traffic' 생성 중...
[2026-09-26 20:32:16,590][INFO|database.py-upgrade_schema:285] >> 테이블 'mysafetymerge_other' 생성 중...
[2026-09-26 20:32:16,592][INFO|database.py-upgrade_schema:285] >> 테이블 'mysafetymerge_parking' 생성 중...
[2026-09-26 20:32:16,594][INFO|database.py-upgrade_schema:285] >> 테이블 'mysafetymerge_traffic' 생성 중...
[2026-09-26 20:32:16,597][INFO|database.py-_apply_versioned_migrations:452] >> [schema] DB 스키마 버전 1 적용
[2026-09-26 20:32:16,603][INFO|database.py-_apply_versioned_migrations:452] >> [schema] DB 스키마 버전 2 적용
[2026-09-26 20:32:16,605][INFO|database.py-_apply_versioned_migrations:452] >> [schema] DB 스키마 버전 3 적용
[2026-09-26 20:32:16,624][INFO|database.py-_apply_versioned_migrations:452] >> [schema] DB 스키마 버전 4 적용
/home/better0101/projects/safetyreport/.venv/lib/python3.14/site-packages/sqlalchemy/sql/compiler.py:4781: ResourceWarning: unclosed database in <sqlite3.Connection object at 0x738de41823e0>
  def visit_select(
ResourceWarning: Enable tracemalloc to get the object allocation traceback
[2026-09-26 20:32:16,658][INFO|duplicate_group_service.py-_log_info:53] >> [duplicate] payload exact 중복군 0개, 멤버 0건 재생성
./home/better0101/projects/safetyreport/.venv/lib/python3.14/site-packages/sqlalchemy/pool/base.py:1494: ResourceWarning: unclosed database in <sqlite3.Connection object at 0x738de550b1f0>
  return self.dbapi_connection.cursor(*args, **kwargs)
ResourceWarning: Enable tracemalloc to get the object allocation traceback
[2026-09-26 20:32:16,727][INFO|database.py-upgrade_schema:285] >> 테이블 'admin_users' 생성 중...
[2026-09-26 20:32:16,730][INFO|database.py-upgrade_schema:285] >> 테이블 'api_keys' 생성 중...
[2026-09-26 20:32:16,732][INFO|database.py-upgrade_schema:285] >> 테이블 'mysafety' 생성 중...
[2026-09-26 20:32:16,734][INFO|database.py-upgrade_schema:285] >> 테이블 'mysafety_change_cursor' 생성 중...
[2026-09-26 20:32:16,737][INFO|database.py-upgrade_schema:285] >> 테이블 'mysafety_change_log' 생성 중...
[2026-09-26 20:32:16,738][INFO|database.py-upgrade_schema:285] >> 테이블 'mysafety_duplicate_decision' 생성 중...
[2026-09-26 20:32:16,741][INFO|database.py-upgrade_schema:285] >> 테이블 'mysafety_duplicate_group' 생성 중...
[2026-09-26 20:32:16,743][INFO|database.py-upgrade_schema:285] >> 테이블 'mysafety_duplicate_member' 생성 중...
[2026-09-26 20:32:16,745][INFO|database.py-upgrade_schema:285] >> 테이블 'mysafety_entry_value' 생성 중...
[2026-09-26 20:32:16,750][INFO|database.py-upgrade_schema:285] >> 테이블 'mysafety_geocode_cache' 생성 중...
[2026-09-26 20:32:16,752][INFO|database.py-upgrade_schema:285] >> 테이블 'mysafety_raw_content' 생성 중...
[2026-09-26 20:32:16,757][INFO|database.py-upgrade_schema:285] >> 테이블 'mysafety_report_override' 생성 중...
[2026-09-26 20:32:16,760][INFO|database.py-upgrade_schema:285] >> 테이블 'mysafety_sync_meta' 생성 중...
[2026-09-26 20:32:16,762][INFO|database.py-upgrade_schema:285] >> 테이블 'mysafety_watchlist' 생성 중...
[2026-09-26 20:32:16,764][INFO|database.py-upgrade_schema:285] >> 테이블 'mysafetydetail_other' 생성 중...
[2026-09-26 20:32:16,766][INFO|database.py-upgrade_schema:285] >> 테이블 'mysafetydetail_parking' 생성 중...
[2026-09-26 20:32:16,767][INFO|database.py-upgrade_schema:285] >> 테이블 'mysafetydetail_traffic' 생성 중...
[2026-09-26 20:32:16,769][INFO|database.py-upgrade_schema:285] >> 테이블 'mysafetymerge_other' 생성 중...
[2026-09-26 20:32:16,771][INFO|database.py-upgrade_schema:285] >> 테이블 'mysafetymerge_parking' 생성 중...
[2026-09-26 20:32:16,773][INFO|database.py-upgrade_schema:285] >> 테이블 'mysafetymerge_traffic' 생성 중...
[2026-09-26 20:32:16,777][INFO|database.py-_apply_versioned_migrations:452] >> [schema] DB 스키마 버전 1 적용
[2026-09-26 20:32:16,785][INFO|database.py-_apply_versioned_migrations:452] >> [schema] DB 스키마 버전 2 적용
[2026-09-26 20:32:16,788][INFO|database.py-_apply_versioned_migrations:452] >> [schema] DB 스키마 버전 3 적용
[2026-09-26 20:32:16,806][INFO|database.py-_apply_versioned_migrations:452] >> [schema] DB 스키마 버전 4 적용
[2026-09-26 20:32:16,837][INFO|duplicate_group_service.py-_log_info:53] >> [duplicate] payload exact 중복군 0개, 멤버 0건 재생성
.[2026-09-26 20:32:16,909][INFO|database.py-upgrade_schema:285] >> 테이블 'admin_users' 생성 중...
[2026-09-26 20:32:16,912][INFO|database.py-upgrade_schema:285] >> 테이블 'api_keys' 생성 중...
[2026-09-26 20:32:16,914][INFO|database.py-upgrade_schema:285] >> 테이블 'mysafety' 생성 중...
[2026-09-26 20:32:16,917][INFO|database.py-upgrade_schema:285] >> 테이블 'mysafety_change_cursor' 생성 중...
[2026-09-26 20:32:16,919][INFO|database.py-upgrade_schema:285] >> 테이블 'mysafety_change_log' 생성 중...
[2026-09-26 20:32:16,921][INFO|database.py-upgrade_schema:285] >> 테이블 'mysafety_duplicate_decision' 생성 중...
[2026-09-26 20:32:16,923][INFO|database.py-upgrade_schema:285] >> 테이블 'mysafety_duplicate_group' 생성 중...
[2026-09-26 20:32:16,925][INFO|database.py-upgrade_schema:285] >> 테이블 'mysafety_duplicate_member' 생성 중...
[2026-09-26 20:32:16,927][INFO|database.py-upgrade_schema:285] >> 테이블 'mysafety_entry_value' 생성 중...
[2026-09-26 20:32:16,929][INFO|database.py-upgrade_schema:285] >> 테이블 'mysafety_geocode_cache' 생성 중...
[2026-09-26 20:32:16,934][INFO|database.py-upgrade_schema:285] >> 테이블 'mysafety_raw_content' 생성 중...
[2026-09-26 20:32:16,939][INFO|database.py-upgrade_schema:285] >> 테이블 'mysafety_report_override' 생성 중...
[2026-09-26 20:32:16,941][INFO|database.py-upgrade_schema:285] >> 테이블 'mysafety_sync_meta' 생성 중...
[2026-09-26 20:32:16,945][INFO|database.py-upgrade_schema:285] >> 테이블 'mysafety_watchlist' 생성 중...
[2026-09-26 20:32:16,947][INFO|database.py-upgrade_schema:285] >> 테이블 'mysafetydetail_other' 생성 중...
[2026-09-26 20:32:16,953][INFO|database.py-upgrade_schema:285] >> 테이블 'mysafetydetail_parking' 생성 중...
[2026-09-26 20:32:16,955][INFO|database.py-upgrade_schema:285] >> 테이블 'mysafetydetail_traffic' 생성 중...
[2026-09-26 20:32:16,964][INFO|database.py-upgrade_schema:285] >> 테이블 'mysafetymerge_other' 생성 중...
[2026-09-26 20:32:16,967][INFO|database.py-upgrade_schema:285] >> 테이블 'mysafetymerge_parking' 생성 중...
[2026-09-26 20:32:16,970][INFO|database.py-upgrade_schema:285] >> 테이블 'mysafetymerge_traffic' 생성 중...
[2026-09-26 20:32:16,974][INFO|database.py-_apply_versioned_migrations:452] >> [schema] DB 스키마 버전 1 적용
[2026-09-26 20:32:16,981][INFO|database.py-_apply_versioned_migrations:452] >> [schema] DB 스키마 버전 2 적용
[2026-09-26 20:32:16,986][INFO|database.py-_apply_versioned_migrations:452] >> [schema] DB 스키마 버전 3 적용
[2026-09-26 20:32:17,005][INFO|database.py-_apply_versioned_migrations:452] >> [schema] DB 스키마 버전 4 적용
/home/better0101/projects/safetyreport/.venv/lib/python3.14/site-packages/sqlalchemy/sql/elements.py:708: ResourceWarning: unclosed database in <sqlite3.Connection object at 0x738de41823e0>
  tuple(column_keys),
ResourceWarning: Enable tracemalloc to get the object allocation traceback
/home/better0101/projects/safetyreport/.venv/lib/python3.14/site-packages/sqlalchemy/sql/elements.py:708: ResourceWarning: unclosed database in <sqlite3.Connection object at 0x738de40596c0>
  tuple(column_keys),
ResourceWarning: Enable tracemalloc to get the object allocation traceback
[2026-09-26 20:32:17,038][INFO|duplicate_group_service.py-_log_info:53] >> [duplicate] payload exact 중복군 0개, 멤버 0건 재생성
.[2026-09-26 20:32:17,094][INFO|database.py-upgrade_schema:285] >> 테이블 'admin_users' 생성 중...
[2026-09-26 20:32:17,100][INFO|database.py-upgrade_schema:285] >> 테이블 'api_keys' 생성 중...
[2026-09-26 20:32:17,102][INFO|database.py-upgrade_schema:285] >> 테이블 'mysafety' 생성 중...
[2026-09-26 20:32:17,104][INFO|database.py-upgrade_schema:285] >> 테이블 'mysafety_change_cursor' 생성 중...
[2026-09-26 20:32:17,106][INFO|database.py-upgrade_schema:285] >> 테이블 'mysafety_change_log' 생성 중...
[2026-09-26 20:32:17,107][INFO|database.py-upgrade_schema:285] >> 테이블 'mysafety_duplicate_decision' 생성 중...
[2026-09-26 20:32:17,109][INFO|database.py-upgrade_schema:285] >> 테이블 'mysafety_duplicate_group' 생성 중...
[2026-09-26 20:32:17,110][INFO|database.py-upgrade_schema:285] >> 테이블 'mysafety_duplicate_member' 생성 중...
[2026-09-26 20:32:17,112][INFO|database.py-upgrade_schema:285] >> 테이블 'mysafety_entry_value' 생성 중...
[2026-09-26 20:32:17,113][INFO|database.py-upgrade_schema:285] >> 테이블 'mysafety_geocode_cache' 생성 중...
[2026-09-26 20:32:17,115][INFO|database.py-upgrade_schema:285] >> 테이블 'mysafety_raw_content' 생성 중...
[2026-09-26 20:32:17,119][INFO|database.py-upgrade_schema:285] >> 테이블 'mysafety_report_override' 생성 중...
[2026-09-26 20:32:17,122][INFO|database.py-upgrade_schema:285] >> 테이블 'mysafety_sync_meta' 생성 중...
[2026-09-26 20:32:17,124][INFO|database.py-upgrade_schema:285] >> 테이블 'mysafety_watchlist' 생성 중...
[2026-09-26 20:32:17,133][INFO|database.py-upgrade_schema:285] >> 테이블 'mysafetydetail_other' 생성 중...
[2026-09-26 20:32:17,138][INFO|database.py-upgrade_schema:285] >> 테이블 'mysafetydetail_parking' 생성 중...
[2026-09-26 20:32:17,140][INFO|database.py-upgrade_schema:285] >> 테이블 'mysafetydetail_traffic' 생성 중...
[2026-09-26 20:32:17,142][INFO|database.py-upgrade_schema:285] >> 테이블 'mysafetymerge_other' 생성 중...
[2026-09-26 20:32:17,145][INFO|database.py-upgrade_schema:285] >> 테이블 'mysafetymerge_parking' 생성 중...
[2026-09-26 20:32:17,147][INFO|database.py-upgrade_schema:285] >> 테이블 'mysafetymerge_traffic' 생성 중...
[2026-09-26 20:32:17,153][INFO|database.py-_apply_versioned_migrations:452] >> [schema] DB 스키마 버전 1 적용
[2026-09-26 20:32:17,165][INFO|database.py-_apply_versioned_migrations:452] >> [schema] DB 스키마 버전 2 적용
[2026-09-26 20:32:17,169][INFO|database.py-_apply_versioned_migrations:452] >> [schema] DB 스키마 버전 3 적용
[2026-09-26 20:32:17,182][INFO|database.py-_apply_versioned_migrations:452] >> [schema] DB 스키마 버전 4 적용
<string>:1: ResourceWarning: unclosed database in <sqlite3.Connection object at 0x738de40585e0>
ResourceWarning: Enable tracemalloc to get the object allocation traceback
[2026-09-26 20:32:17,218][INFO|duplicate_group_service.py-_log_info:53] >> [duplicate] payload exact 중복군 0개, 멤버 0건 재생성
.[2026-09-26 20:32:17,305][INFO|database.py-upgrade_schema:285] >> 테이블 'admin_users' 생성 중...
[2026-09-26 20:32:17,315][INFO|database.py-upgrade_schema:285] >> 테이블 'api_keys' 생성 중...
[2026-09-26 20:32:17,318][INFO|database.py-upgrade_schema:285] >> 테이블 'mysafety' 생성 중...
[2026-09-26 20:32:17,320][INFO|database.py-upgrade_schema:285] >> 테이블 'mysafety_change_cursor' 생성 중...
[2026-09-26 20:32:17,322][INFO|database.py-upgrade_schema:285] >> 테이블 'mysafety_change_log' 생성 중...
[2026-09-26 20:32:17,323][INFO|database.py-upgrade_schema:285] >> 테이블 'mysafety_duplicate_decision' 생성 중...
[2026-09-26 20:32:17,325][INFO|database.py-upgrade_schema:285] >> 테이블 'mysafety_duplicate_group' 생성 중...
[2026-09-26 20:32:17,327][INFO|database.py-upgrade_schema:285] >> 테이블 'mysafety_duplicate_member' 생성 중...
[2026-09-26 20:32:17,330][INFO|database.py-upgrade_schema:285] >> 테이블 'mysafety_entry_value' 생성 중...
[2026-09-26 20:32:17,331][INFO|database.py-upgrade_schema:285] >> 테이블 'mysafety_geocode_cache' 생성 중...
[2026-09-26 20:32:17,336][INFO|database.py-upgrade_schema:285] >> 테이블 'mysafety_raw_content' 생성 중...
[2026-09-26 20:32:17,338][INFO|database.py-upgrade_schema:285] >> 테이블 'mysafety_report_override' 생성 중...
[2026-09-26 20:32:17,347][INFO|database.py-upgrade_schema:285] >> 테이블 'mysafety_sync_meta' 생성 중...
[2026-09-26 20:32:17,349][INFO|database.py-upgrade_schema:285] >> 테이블 'mysafety_watchlist' 생성 중...
[2026-09-26 20:32:17,352][INFO|database.py-upgrade_schema:285] >> 테이블 'mysafetydetail_other' 생성 중...
[2026-09-26 20:32:17,358][INFO|database.py-upgrade_schema:285] >> 테이블 'mysafetydetail_parking' 생성 중...
[2026-09-26 20:32:17,361][INFO|database.py-upgrade_schema:285] >> 테이블 'mysafetydetail_traffic' 생성 중...
[2026-09-26 20:32:17,371][INFO|database.py-upgrade_schema:285] >> 테이블 'mysafetymerge_other' 생성 중...
[2026-09-26 20:32:17,375][INFO|database.py-upgrade_schema:285] >> 테이블 'mysafetymerge_parking' 생성 중...
[2026-09-26 20:32:17,377][INFO|database.py-upgrade_schema:285] >> 테이블 'mysafetymerge_traffic' 생성 중...
[2026-09-26 20:32:17,380][INFO|database.py-_apply_versioned_migrations:452] >> [schema] DB 스키마 버전 1 적용
[2026-09-26 20:32:17,395][INFO|database.py-_apply_versioned_migrations:452] >> [schema] DB 스키마 버전 2 적용
[2026-09-26 20:32:17,400][INFO|database.py-_apply_versioned_migrations:452] >> [schema] DB 스키마 버전 3 적용
/home/better0101/projects/safetyreport/.venv/lib/python3.14/site-packages/sqlalchemy/sql/compiler.py:858: ResourceWarning: unclosed database in <sqlite3.Connection object at 0x738de40589a0>
  def __init__(
ResourceWarning: Enable tracemalloc to get the object allocation traceback
[2026-09-26 20:32:17,418][INFO|database.py-_apply_versioned_migrations:452] >> [schema] DB 스키마 버전 4 적용
[2026-09-26 20:32:17,449][INFO|duplicate_group_service.py-_log_info:53] >> [duplicate] payload exact 중복군 0개, 멤버 0건 재생성
[2026-09-26 20:32:17,505][INFO|start.py-_run_rebuild_process:289] >> [rebuild] 목록 수집 시작 (run e050c17d49cf4b15b28d0dc7e5779e1a)
[2026-09-26 20:32:17,517][INFO|database.py-title_to_sql:694] >> 총 3건 title 테이블 upsert 완료. (신규: 3건)
[2026-09-26 20:32:17,519][INFO|start.py-_rebuild_register_list:187] >> [rebuild] 목록 등록 완료: 3건 (신규 3건)
[2026-09-26 20:32:17,521][INFO|start.py-_run_rebuild_process:318] >> [rebuild] 상세 크롤링 대상 3건 (checkpoint: 미완료만)
[2026-09-26 20:32:17,526][INFO|start.py-_rebuild_consume_details:275] >> [rebuild] 상세 저장 3건 (변경/신규 3건)
.[2026-09-26 20:32:17,553][INFO|database.py-upgrade_schema:285] >> 테이블 'admin_users' 생성 중...
[2026-09-26 20:32:17,556][INFO|database.py-upgrade_schema:285] >> 테이블 'api_keys' 생성 중...
[2026-09-26 20:32:17,558][INFO|database.py-upgrade_schema:285] >> 테이블 'mysafety' 생성 중...
[2026-09-26 20:32:17,560][INFO|database.py-upgrade_schema:285] >> 테이블 'mysafety_change_cursor' 생성 중...
[2026-09-26 20:32:17,562][INFO|database.py-upgrade_schema:285] >> 테이블 'mysafety_change_log' 생성 중...
[2026-09-26 20:32:17,564][INFO|database.py-upgrade_schema:285] >> 테이블 'mysafety_duplicate_decision' 생성 중...
[2026-09-26 20:32:17,565][INFO|database.py-upgrade_schema:285] >> 테이블 'mysafety_duplicate_group' 생성 중...
[2026-09-26 20:32:17,571][INFO|database.py-upgrade_schema:285] >> 테이블 'mysafety_duplicate_member' 생성 중...
[2026-09-26 20:32:17,576][INFO|database.py-upgrade_schema:285] >> 테이블 'mysafety_entry_value' 생성 중...
[2026-09-26 20:32:17,582][INFO|database.py-upgrade_schema:285] >> 테이블 'mysafety_geocode_cache' 생성 중...
[2026-09-26 20:32:17,584][INFO|database.py-upgrade_schema:285] >> 테이블 'mysafety_raw_content' 생성 중...
[2026-09-26 20:32:17,587][INFO|database.py-upgrade_schema:285] >> 테이블 'mysafety_report_override' 생성 중...
[2026-09-26 20:32:17,591][INFO|database.py-upgrade_schema:285] >> 테이블 'mysafety_sync_meta' 생성 중...
[2026-09-26 20:32:17,593][INFO|database.py-upgrade_schema:285] >> 테이블 'mysafety_watchlist' 생성 중...
[2026-09-26 20:32:17,602][INFO|database.py-upgrade_schema:285] >> 테이블 'mysafetydetail_other' 생성 중...
[2026-09-26 20:32:17,605][INFO|database.py-upgrade_schema:285] >> 테이블 'mysafetydetail_parking' 생성 중...
[2026-09-26 20:32:17,607][INFO|database.py-upgrade_schema:285] >> 테이블 'mysafetydetail_traffic' 생성 중...
[2026-09-26 20:32:17,609][INFO|database.py-upgrade_schema:285] >> 테이블 'mysafetymerge_other' 생성 중...
[2026-09-26 20:32:17,611][INFO|database.py-upgrade_schema:285] >> 테이블 'mysafetymerge_parking' 생성 중...
[2026-09-26 20:32:17,613][INFO|database.py-upgrade_schema:285] >> 테이블 'mysafetymerge_traffic' 생성 중...
[2026-09-26 20:32:17,617][INFO|database.py-_apply_versioned_migrations:452] >> [schema] DB 스키마 버전 1 적용
[2026-09-26 20:32:17,623][INFO|database.py-_apply_versioned_migrations:452] >> [schema] DB 스키마 버전 2 적용
[2026-09-26 20:32:17,628][INFO|database.py-_apply_versioned_migrations:452] >> [schema] DB 스키마 버전 3 적용
/home/better0101/projects/safetyreport/.venv/lib/python3.14/site-packages/sqlalchemy/sql/visitors.py:126: ResourceWarning: unclosed database in <sqlite3.Connection object at 0x738de405a7a0>
  def _compiler_dispatch(
ResourceWarning: Enable tracemalloc to get the object allocation traceback
[2026-09-26 20:32:17,653][INFO|database.py-_apply_versioned_migrations:452] >> [schema] DB 스키마 버전 4 적용
[2026-09-26 20:32:17,678][INFO|duplicate_group_service.py-_log_info:53] >> [duplicate] payload exact 중복군 0개, 멤버 0건 재생성
[2026-09-26 20:32:17,729][INFO|start.py-_run_rebuild_process:289] >> [rebuild] 목록 수집 시작 (run ea2d61793c8940929cd507c6bcb466b2)
[2026-09-26 20:32:17,738][INFO|database.py-title_to_sql:694] >> 총 3건 title 테이블 upsert 완료. (신규: 3건)
[2026-09-26 20:32:17,743][INFO|start.py-_rebuild_register_list:187] >> [rebuild] 목록 등록 완료: 3건 (신규 3건)
[2026-09-26 20:32:17,745][INFO|start.py-_run_rebuild_process:318] >> [rebuild] 상세 크롤링 대상 3건 (checkpoint: 미완료만)
[2026-09-26 20:32:17,751][INFO|start.py-_rebuild_consume_details:275] >> [rebuild] 상세 저장 2건 (변경/신규 2건)
.[2026-09-26 20:32:17,780][INFO|database.py-upgrade_schema:285] >> 테이블 'admin_users' 생성 중...
[2026-09-26 20:32:17,783][INFO|database.py-upgrade_schema:285] >> 테이블 'api_keys' 생성 중...
[2026-09-26 20:32:17,788][INFO|database.py-upgrade_schema:285] >> 테이블 'mysafety' 생성 중...
[2026-09-26 20:32:17,790][INFO|database.py-upgrade_schema:285] >> 테이블 'mysafety_change_cursor' 생성 중...
[2026-09-26 20:32:17,795][INFO|database.py-upgrade_schema:285] >> 테이블 'mysafety_change_log' 생성 중...
[2026-09-26 20:32:17,799][INFO|database.py-upgrade_schema:285] >> 테이블 'mysafety_duplicate_decision' 생성 중...
[2026-09-26 20:32:17,801][INFO|database.py-upgrade_schema:285] >> 테이블 'mysafety_duplicate_group' 생성 중...
[2026-09-26 20:32:17,803][INFO|database.py-upgrade_schema:285] >> 테이블 'mysafety_duplicate_member' 생성 중...
[2026-09-26 20:32:17,804][INFO|database.py-upgrade_schema:285] >> 테이블 'mysafety_entry_value' 생성 중...
[2026-09-26 20:32:17,806][INFO|database.py-upgrade_schema:285] >> 테이블 'mysafety_geocode_cache' 생성 중...
[2026-09-26 20:32:17,808][INFO|database.py-upgrade_schema:285] >> 테이블 'mysafety_raw_content' 생성 중...
[2026-09-26 20:32:17,811][INFO|database.py-upgrade_schema:285] >> 테이블 'mysafety_report_override' 생성 중...
[2026-09-26 20:32:17,813][INFO|database.py-upgrade_schema:285] >> 테이블 'mysafety_sync_meta' 생성 중...
[2026-09-26 20:32:17,815][INFO|database.py-upgrade_schema:285] >> 테이블 'mysafety_watchlist' 생성 중...
[2026-09-26 20:32:17,816][INFO|database.py-upgrade_schema:285] >> 테이블 'mysafetydetail_other' 생성 중...
[2026-09-26 20:32:17,818][INFO|database.py-upgrade_schema:285] >> 테이블 'mysafetydetail_parking' 생성 중...
[2026-09-26 20:32:17,820][INFO|database.py-upgrade_schema:285] >> 테이블 'mysafetydetail_traffic' 생성 중...
[2026-09-26 20:32:17,822][INFO|database.py-upgrade_schema:285] >> 테이블 'mysafetymerge_other' 생성 중...
[2026-09-26 20:32:17,828][INFO|database.py-upgrade_schema:285] >> 테이블 'mysafetymerge_parking' 생성 중...
[2026-09-26 20:32:17,830][INFO|database.py-upgrade_schema:285] >> 테이블 'mysafetymerge_traffic' 생성 중...
[2026-09-26 20:32:17,841][INFO|database.py-_apply_versioned_migrations:452] >> [schema] DB 스키마 버전 1 적용
[2026-09-26 20:32:17,847][INFO|database.py-_apply_versioned_migrations:452] >> [schema] DB 스키마 버전 2 적용
[2026-09-26 20:32:17,849][INFO|database.py-_apply_versioned_migrations:452] >> [schema] DB 스키마 버전 3 적용
[2026-09-26 20:32:17,865][INFO|database.py-_apply_versioned_migrations:452] >> [schema] DB 스키마 버전 4 적용
[2026-09-26 20:32:17,906][INFO|duplicate_group_service.py-_log_info:53] >> [duplicate] payload exact 중복군 0개, 멤버 0건 재생성
[2026-09-26 20:32:17,961][INFO|start.py-_run_rebuild_process:289] >> [rebuild] 목록 수집 시작 (run b10cfcbb23d645a89b55d0c99aabafe7)
[2026-09-26 20:32:17,974][INFO|database.py-title_to_sql:694] >> 총 3건 title 테이블 upsert 완료. (신규: 3건)
[2026-09-26 20:32:17,976][INFO|start.py-_rebuild_register_list:187] >> [rebuild] 목록 등록 완료: 3건 (신규 3건)
[2026-09-26 20:32:17,977][INFO|start.py-_run_rebuild_process:318] >> [rebuild] 상세 크롤링 대상 3건 (checkpoint: 미완료만)
[2026-09-26 20:32:17,982][INFO|start.py-_rebuild_consume_details:275] >> [rebuild] 상세 저장 3건 (변경/신규 3건)
.[2026-09-26 20:32:18,008][INFO|database.py-upgrade_schema:285] >> 테이블 'admin_users' 생성 중...
[2026-09-26 20:32:18,011][INFO|database.py-upgrade_schema:285] >> 테이블 'api_keys' 생성 중...
[2026-09-26 20:32:18,013][INFO|database.py-upgrade_schema:285] >> 테이블 'mysafety' 생성 중...
[2026-09-26 20:32:18,014][INFO|database.py-upgrade_schema:285] >> 테이블 'mysafety_change_cursor' 생성 중...
[2026-09-26 20:32:18,016][INFO|database.py-upgrade_schema:285] >> 테이블 'mysafety_change_log' 생성 중...
[2026-09-26 20:32:18,018][INFO|database.py-upgrade_schema:285] >> 테이블 'mysafety_duplicate_decision' 생성 중...
[2026-09-26 20:32:18,020][INFO|database.py-upgrade_schema:285] >> 테이블 'mysafety_duplicate_group' 생성 중...
[2026-09-26 20:32:18,024][INFO|database.py-upgrade_schema:285] >> 테이블 'mysafety_duplicate_member' 생성 중...
[2026-09-26 20:32:18,026][INFO|database.py-upgrade_schema:285] >> 테이블 'mysafety_entry_value' 생성 중...
[2026-09-26 20:32:18,028][INFO|database.py-upgrade_schema:285] >> 테이블 'mysafety_geocode_cache' 생성 중...
[2026-09-26 20:32:18,035][INFO|database.py-upgrade_schema:285] >> 테이블 'mysafety_raw_content' 생성 중...
[2026-09-26 20:32:18,038][INFO|database.py-upgrade_schema:285] >> 테이블 'mysafety_report_override' 생성 중...
[2026-09-26 20:32:18,040][INFO|database.py-upgrade_schema:285] >> 테이블 'mysafety_sync_meta' 생성 중...
[2026-09-26 20:32:18,042][INFO|database.py-upgrade_schema:285] >> 테이블 'mysafety_watchlist' 생성 중...
[2026-09-26 20:32:18,043][INFO|database.py-upgrade_schema:285] >> 테이블 'mysafetydetail_other' 생성 중...
[2026-09-26 20:32:18,045][INFO|database.py-upgrade_schema:285] >> 테이블 'mysafetydetail_parking' 생성 중...
[2026-09-26 20:32:18,047][INFO|database.py-upgrade_schema:285] >> 테이블 'mysafetydetail_traffic' 생성 중...
[2026-09-26 20:32:18,049][INFO|database.py-upgrade_schema:285] >> 테이블 'mysafetymerge_other' 생성 중...
[2026-09-26 20:32:18,051][INFO|database.py-upgrade_schema:285] >> 테이블 'mysafetymerge_parking' 생성 중...
[2026-09-26 20:32:18,054][INFO|database.py-upgrade_schema:285] >> 테이블 'mysafetymerge_traffic' 생성 중...
[2026-09-26 20:32:18,059][INFO|database.py-_apply_versioned_migrations:452] >> [schema] DB 스키마 버전 1 적용
[2026-09-26 20:32:18,066][INFO|database.py-_apply_versioned_migrations:452] >> [schema] DB 스키마 버전 2 적용
[2026-09-26 20:32:18,068][INFO|database.py-_apply_versioned_migrations:452] >> [schema] DB 스키마 버전 3 적용
[2026-09-26 20:32:18,085][INFO|database.py-_apply_versioned_migrations:452] >> [schema] DB 스키마 버전 4 적용
/home/better0101/projects/safetyreport/.venv/lib/python3.14/site-packages/sqlalchemy/sql/visitors.py:126: ResourceWarning: unclosed database in <sqlite3.Connection object at 0x738dd41cca90>
  def _compiler_dispatch(
ResourceWarning: Enable tracemalloc to get the object allocation traceback
[2026-09-26 20:32:18,123][INFO|duplicate_group_service.py-_log_info:53] >> [duplicate] payload exact 중복군 0개, 멤버 0건 재생성
.[2026-09-26 20:32:18,206][INFO|database.py-upgrade_schema:285] >> 테이블 'admin_users' 생성 중...
[2026-09-26 20:32:18,215][INFO|database.py-upgrade_schema:285] >> 테이블 'api_keys' 생성 중...
[2026-09-26 20:32:18,220][INFO|database.py-upgrade_schema:285] >> 테이블 'mysafety' 생성 중...
[2026-09-26 20:32:18,222][INFO|database.py-upgrade_schema:285] >> 테이블 'mysafety_change_cursor' 생성 중...
[2026-09-26 20:32:18,224][INFO|database.py-upgrade_schema:285] >> 테이블 'mysafety_change_log' 생성 중...
[2026-09-26 20:32:18,225][INFO|database.py-upgrade_schema:285] >> 테이블 'mysafety_duplicate_decision' 생성 중...
[2026-09-26 20:32:18,227][INFO|database.py-upgrade_schema:285] >> 테이블 'mysafety_duplicate_group' 생성 중...
[2026-09-26 20:32:18,229][INFO|database.py-upgrade_schema:285] >> 테이블 'mysafety_duplicate_member' 생성 중...
[2026-09-26 20:32:18,231][INFO|database.py-upgrade_schema:285] >> 테이블 'mysafety_entry_value' 생성 중...
[2026-09-26 20:32:18,233][INFO|database.py-upgrade_schema:285] >> 테이블 'mysafety_geocode_cache' 생성 중...
[2026-09-26 20:32:18,235][INFO|database.py-upgrade_schema:285] >> 테이블 'mysafety_raw_content' 생성 중...
[2026-09-26 20:32:18,238][INFO|database.py-upgrade_schema:285] >> 테이블 'mysafety_report_override' 생성 중...
[2026-09-26 20:32:18,240][INFO|database.py-upgrade_schema:285] >> 테이블 'mysafety_sync_meta' 생성 중...
[2026-09-26 20:32:18,248][INFO|database.py-upgrade_schema:285] >> 테이블 'mysafety_watchlist' 생성 중...
[2026-09-26 20:32:18,252][INFO|database.py-upgrade_schema:285] >> 테이블 'mysafetydetail_other' 생성 중...
[2026-09-26 20:32:18,255][INFO|database.py-upgrade_schema:285] >> 테이블 'mysafetydetail_parking' 생성 중...
[2026-09-26 20:32:18,258][INFO|database.py-upgrade_schema:285] >> 테이블 'mysafetydetail_traffic' 생성 중...
[2026-09-26 20:32:18,260][INFO|database.py-upgrade_schema:285] >> 테이블 'mysafetymerge_other' 생성 중...
/home/better0101/projects/safetyreport/.venv/lib/python3.14/site-packages/sqlalchemy/sql/schema.py:4470: ResourceWarning: unclosed database in <sqlite3.Connection object at 0x738dd41cd5d0>
  def __iter__(self) -> Iterator[Column[Any]]:
ResourceWarning: Enable tracemalloc to get the object allocation traceback
[2026-09-26 20:32:18,270][INFO|database.py-upgrade_schema:285] >> 테이블 'mysafetymerge_parking' 생성 중...
[2026-09-26 20:32:18,274][INFO|database.py-upgrade_schema:285] >> 테이블 'mysafetymerge_traffic' 생성 중...
[2026-09-26 20:32:18,285][INFO|database.py-_apply_versioned_migrations:452] >> [schema] DB 스키마 버전 1 적용
[2026-09-26 20:32:18,292][INFO|database.py-_apply_versioned_migrations:452] >> [schema] DB 스키마 버전 2 적용
[2026-09-26 20:32:18,294][INFO|database.py-_apply_versioned_migrations:452] >> [schema] DB 스키마 버전 3 적용
[2026-09-26 20:32:18,315][INFO|database.py-_apply_versioned_migrations:452] >> [schema] DB 스키마 버전 4 적용
[2026-09-26 20:32:18,346][INFO|duplicate_group_service.py-_log_info:53] >> [duplicate] payload exact 중복군 0개, 멤버 0건 재생성
.[2026-09-26 20:32:18,419][INFO|database.py-upgrade_schema:285] >> 테이블 'admin_users' 생성 중...
[2026-09-26 20:32:18,425][INFO|database.py-upgrade_schema:285] >> 테이블 'api_keys' 생성 중...
[2026-09-26 20:32:18,431][INFO|database.py-upgrade_schema:285] >> 테이블 'mysafety' 생성 중...
[2026-09-26 20:32:18,435][INFO|database.py-upgrade_schema:285] >> 테이블 'mysafety_change_cursor' 생성 중...
[2026-09-26 20:32:18,438][INFO|database.py-upgrade_schema:285] >> 테이블 'mysafety_change_log' 생성 중...
[2026-09-26 20:32:18,439][INFO|database.py-upgrade_schema:285] >> 테이블 'mysafety_duplicate_decision' 생성 중...
[2026-09-26 20:32:18,441][INFO|database.py-upgrade_schema:285] >> 테이블 'mysafety_duplicate_group' 생성 중...
[2026-09-26 20:32:18,442][INFO|database.py-upgrade_schema:285] >> 테이블 'mysafety_duplicate_member' 생성 중...
[2026-09-26 20:32:18,444][INFO|database.py-upgrade_schema:285] >> 테이블 'mysafety_entry_value' 생성 중...
[2026-09-26 20:32:18,445][INFO|database.py-upgrade_schema:285] >> 테이블 'mysafety_geocode_cache' 생성 중...
[2026-09-26 20:32:18,446][INFO|database.py-upgrade_schema:285] >> 테이블 'mysafety_raw_content' 생성 중...
[2026-09-26 20:32:18,448][INFO|database.py-upgrade_schema:285] >> 테이블 'mysafety_report_override' 생성 중...
[2026-09-26 20:32:18,453][INFO|database.py-upgrade_schema:285] >> 테이블 'mysafety_sync_meta' 생성 중...
[2026-09-26 20:32:18,455][INFO|database.py-upgrade_schema:285] >> 테이블 'mysafety_watchlist' 생성 중...
[2026-09-26 20:32:18,457][INFO|database.py-upgrade_schema:285] >> 테이블 'mysafetydetail_other' 생성 중...
[2026-09-26 20:32:18,465][INFO|database.py-upgrade_schema:285] >> 테이블 'mysafetydetail_parking' 생성 중...
[2026-09-26 20:32:18,468][INFO|database.py-upgrade_schema:285] >> 테이블 'mysafetydetail_traffic' 생성 중...
[2026-09-26 20:32:18,470][INFO|database.py-upgrade_schema:285] >> 테이블 'mysafetymerge_other' 생성 중...
[2026-09-26 20:32:18,472][INFO|database.py-upgrade_schema:285] >> 테이블 'mysafetymerge_parking' 생성 중...
[2026-09-26 20:32:18,474][INFO|database.py-upgrade_schema:285] >> 테이블 'mysafetymerge_traffic' 생성 중...
[2026-09-26 20:32:18,478][INFO|database.py-_apply_versioned_migrations:452] >> [schema] DB 스키마 버전 1 적용
[2026-09-26 20:32:18,486][INFO|database.py-_apply_versioned_migrations:452] >> [schema] DB 스키마 버전 2 적용
[2026-09-26 20:32:18,488][INFO|database.py-_apply_versioned_migrations:452] >> [schema] DB 스키마 버전 3 적용
[2026-09-26 20:32:18,518][INFO|database.py-_apply_versioned_migrations:452] >> [schema] DB 스키마 버전 4 적용
/home/better0101/projects/safetyreport/.venv/lib/python3.14/site-packages/sqlalchemy/sql/visitors.py:126: ResourceWarning: unclosed database in <sqlite3.Connection object at 0x738dd41cc4f0>
  def _compiler_dispatch(
ResourceWarning: Enable tracemalloc to get the object allocation traceback
[2026-09-26 20:32:18,553][INFO|duplicate_group_service.py-_log_info:53] >> [duplicate] payload exact 중복군 0개, 멤버 0건 재생성
[2026-09-26 20:32:18,605][INFO|start.py-_run_rebuild_process:289] >> [rebuild] 목록 수집 시작 (run 0cd652b2fcb04960bff06a219f734093)
[2026-09-26 20:32:18,605][ERROR|start.py-_rebuild_register_list:175] >> [rebuild] 목록 수집 실패 — job failed (page 2 timeout)
.[2026-09-26 20:32:18,629][INFO|database.py-upgrade_schema:285] >> 테이블 'admin_users' 생성 중...
[2026-09-26 20:32:18,632][INFO|database.py-upgrade_schema:285] >> 테이블 'api_keys' 생성 중...
[2026-09-26 20:32:18,636][INFO|database.py-upgrade_schema:285] >> 테이블 'mysafety' 생성 중...
[2026-09-26 20:32:18,638][INFO|database.py-upgrade_schema:285] >> 테이블 'mysafety_change_cursor' 생성 중...
[2026-09-26 20:32:18,640][INFO|database.py-upgrade_schema:285] >> 테이블 'mysafety_change_log' 생성 중...
[2026-09-26 20:32:18,648][INFO|database.py-upgrade_schema:285] >> 테이블 'mysafety_duplicate_decision' 생성 중...
[2026-09-26 20:32:18,650][INFO|database.py-upgrade_schema:285] >> 테이블 'mysafety_duplicate_group' 생성 중...
[2026-09-26 20:32:18,652][INFO|database.py-upgrade_schema:285] >> 테이블 'mysafety_duplicate_member' 생성 중...
[2026-09-26 20:32:18,654][INFO|database.py-upgrade_schema:285] >> 테이블 'mysafety_entry_value' 생성 중...
[2026-09-26 20:32:18,655][INFO|database.py-upgrade_schema:285] >> 테이블 'mysafety_geocode_cache' 생성 중...
[2026-09-26 20:32:18,657][INFO|database.py-upgrade_schema:285] >> 테이블 'mysafety_raw_content' 생성 중...
[2026-09-26 20:32:18,658][INFO|database.py-upgrade_schema:285] >> 테이블 'mysafety_report_override' 생성 중...
[2026-09-26 20:32:18,660][INFO|database.py-upgrade_schema:285] >> 테이블 'mysafety_sync_meta' 생성 중...
[2026-09-26 20:32:18,662][INFO|database.py-upgrade_schema:285] >> 테이블 'mysafety_watchlist' 생성 중...
[2026-09-26 20:32:18,663][INFO|database.py-upgrade_schema:285] >> 테이블 'mysafetydetail_other' 생성 중...
[2026-09-26 20:32:18,666][INFO|database.py-upgrade_schema:285] >> 테이블 'mysafetydetail_parking' 생성 중...
[2026-09-26 20:32:18,668][INFO|database.py-upgrade_schema:285] >> 테이블 'mysafetydetail_traffic' 생성 중...
[2026-09-26 20:32:18,673][INFO|database.py-upgrade_schema:285] >> 테이블 'mysafetymerge_other' 생성 중...
[2026-09-26 20:32:18,683][INFO|database.py-upgrade_schema:285] >> 테이블 'mysafetymerge_parking' 생성 중...
[2026-09-26 20:32:18,685][INFO|database.py-upgrade_schema:285] >> 테이블 'mysafetymerge_traffic' 생성 중...
[2026-09-26 20:32:18,689][INFO|database.py-_apply_versioned_migrations:452] >> [schema] DB 스키마 버전 1 적용
[2026-09-26 20:32:18,694][INFO|database.py-_apply_versioned_migrations:452] >> [schema] DB 스키마 버전 2 적용
[2026-09-26 20:32:18,696][INFO|database.py-_apply_versioned_migrations:452] >> [schema] DB 스키마 버전 3 적용
[2026-09-26 20:32:18,710][INFO|database.py-_apply_versioned_migrations:452] >> [schema] DB 스키마 버전 4 적용
/home/better0101/projects/safetyreport/.venv/lib/python3.14/site-packages/sqlalchemy/sql/elements.py:5319: ResourceWarning: unclosed database in <sqlite3.Connection object at 0x738dd41cc9a0>
  self = super().__new__(cls, value)
ResourceWarning: Enable tracemalloc to get the object allocation traceback
[2026-09-26 20:32:18,746][INFO|duplicate_group_service.py-_log_info:53] >> [duplicate] payload exact 중복군 0개, 멤버 0건 재생성
[2026-09-26 20:32:18,824][INFO|start.py-_run_rebuild_process:289] >> [rebuild] 목록 수집 시작 (run 108290f38ad04d1c93175aee7a789064)
[2026-09-26 20:32:18,826][INFO|start.py-_rebuild_register_list:187] >> [rebuild] 목록 등록 완료: 0건 (신규 0건)
[2026-09-26 20:32:18,826][INFO|start.py-_run_rebuild_process:315] >> [rebuild] 상세 대상 없음 (빈 목록 또는 전부 fetched)
.[2026-09-26 20:32:18,853][INFO|database.py-upgrade_schema:285] >> 테이블 'admin_users' 생성 중...
[2026-09-26 20:32:18,856][INFO|database.py-upgrade_schema:285] >> 테이블 'api_keys' 생성 중...
[2026-09-26 20:32:18,858][INFO|database.py-upgrade_schema:285] >> 테이블 'mysafety' 생성 중...
[2026-09-26 20:32:18,860][INFO|database.py-upgrade_schema:285] >> 테이블 'mysafety_change_cursor' 생성 중...
[2026-09-26 20:32:18,862][INFO|database.py-upgrade_schema:285] >> 테이블 'mysafety_change_log' 생성 중...
[2026-09-26 20:32:18,863][INFO|database.py-upgrade_schema:285] >> 테이블 'mysafety_duplicate_decision' 생성 중...
[2026-09-26 20:32:18,865][INFO|database.py-upgrade_schema:285] >> 테이블 'mysafety_duplicate_group' 생성 중...
[2026-09-26 20:32:18,866][INFO|database.py-upgrade_schema:285] >> 테이블 'mysafety_duplicate_member' 생성 중...
[2026-09-26 20:32:18,870][INFO|database.py-upgrade_schema:285] >> 테이블 'mysafety_entry_value' 생성 중...
[2026-09-26 20:32:18,872][INFO|database.py-upgrade_schema:285] >> 테이블 'mysafety_geocode_cache' 생성 중...
[2026-09-26 20:32:18,874][INFO|database.py-upgrade_schema:285] >> 테이블 'mysafety_raw_content' 생성 중...
[2026-09-26 20:32:18,881][INFO|database.py-upgrade_schema:285] >> 테이블 'mysafety_report_override' 생성 중...
[2026-09-26 20:32:18,883][INFO|database.py-upgrade_schema:285] >> 테이블 'mysafety_sync_meta' 생성 중...
[2026-09-26 20:32:18,885][INFO|database.py-upgrade_schema:285] >> 테이블 'mysafety_watchlist' 생성 중...
[2026-09-26 20:32:18,887][INFO|database.py-upgrade_schema:285] >> 테이블 'mysafetydetail_other' 생성 중...
[2026-09-26 20:32:18,888][INFO|database.py-upgrade_schema:285] >> 테이블 'mysafetydetail_parking' 생성 중...
[2026-09-26 20:32:18,890][INFO|database.py-upgrade_schema:285] >> 테이블 'mysafetydetail_traffic' 생성 중...
[2026-09-26 20:32:18,892][INFO|database.py-upgrade_schema:285] >> 테이블 'mysafetymerge_other' 생성 중...
[2026-09-26 20:32:18,894][INFO|database.py-upgrade_schema:285] >> 테이블 'mysafetymerge_parking' 생성 중...
[2026-09-26 20:32:18,895][INFO|database.py-upgrade_schema:285] >> 테이블 'mysafetymerge_traffic' 생성 중...
[2026-09-26 20:32:18,899][INFO|database.py-_apply_versioned_migrations:452] >> [schema] DB 스키마 버전 1 적용
/home/better0101/projects/safetyreport/.venv/lib/python3.14/site-packages/sqlalchemy/sql/compiler.py:1454: ResourceWarning: unclosed database in <sqlite3.Connection object at 0x738dd41ce020>
  self.anon_map = prefix_anon_map()
ResourceWarning: Enable tracemalloc to get the object allocation traceback
[2026-09-26 20:32:18,914][INFO|database.py-_apply_versioned_migrations:452] >> [schema] DB 스키마 버전 2 적용
[2026-09-26 20:32:18,919][INFO|database.py-_apply_versioned_migrations:452] >> [schema] DB 스키마 버전 3 적용
[2026-09-26 20:32:18,936][INFO|database.py-_apply_versioned_migrations:452] >> [schema] DB 스키마 버전 4 적용
[2026-09-26 20:32:18,966][INFO|duplicate_group_service.py-_log_info:53] >> [duplicate] payload exact 중복군 0개, 멤버 0건 재생성
[2026-09-26 20:32:19,022][INFO|start.py-_run_rebuild_process:289] >> [rebuild] 목록 수집 시작 (run 1b45a16f5b2946bd9e8d07021aa36acb)
[2026-09-26 20:32:19,031][INFO|database.py-title_to_sql:694] >> 총 3건 title 테이블 upsert 완료. (신규: 3건)
[2026-09-26 20:32:19,033][INFO|start.py-_rebuild_register_list:187] >> [rebuild] 목록 등록 완료: 3건 (신규 3건)
[2026-09-26 20:32:19,034][INFO|start.py-_run_rebuild_process:318] >> [rebuild] 상세 크롤링 대상 3건 (checkpoint: 미완료만)
[2026-09-26 20:32:19,046][INFO|start.py-_rebuild_consume_details:275] >> [rebuild] 상세 저장 3건 (변경/신규 3건)
.[2026-09-26 20:32:19,072][INFO|database.py-upgrade_schema:285] >> 테이블 'admin_users' 생성 중...
[2026-09-26 20:32:19,082][INFO|database.py-upgrade_schema:285] >> 테이블 'api_keys' 생성 중...
[2026-09-26 20:32:19,085][INFO|database.py-upgrade_schema:285] >> 테이블 'mysafety' 생성 중...
[2026-09-26 20:32:19,087][INFO|database.py-upgrade_schema:285] >> 테이블 'mysafety_change_cursor' 생성 중...
[2026-09-26 20:32:19,090][INFO|database.py-upgrade_schema:285] >> 테이블 'mysafety_change_log' 생성 중...
[2026-09-26 20:32:19,092][INFO|database.py-upgrade_schema:285] >> 테이블 'mysafety_duplicate_decision' 생성 중...
[2026-09-26 20:32:19,094][INFO|database.py-upgrade_schema:285] >> 테이블 'mysafety_duplicate_group' 생성 중...
[2026-09-26 20:32:19,096][INFO|database.py-upgrade_schema:285] >> 테이블 'mysafety_duplicate_member' 생성 중...
[2026-09-26 20:32:19,098][INFO|database.py-upgrade_schema:285] >> 테이블 'mysafety_entry_value' 생성 중...
[2026-09-26 20:32:19,100][INFO|database.py-upgrade_schema:285] >> 테이블 'mysafety_geocode_cache' 생성 중...
[2026-09-26 20:32:19,105][INFO|database.py-upgrade_schema:285] >> 테이블 'mysafety_raw_content' 생성 중...
[2026-09-26 20:32:19,107][INFO|database.py-upgrade_schema:285] >> 테이블 'mysafety_report_override' 생성 중...
[2026-09-26 20:32:19,110][INFO|database.py-upgrade_schema:285] >> 테이블 'mysafety_sync_meta' 생성 중...
[2026-09-26 20:32:19,113][INFO|database.py-upgrade_schema:285] >> 테이블 'mysafety_watchlist' 생성 중...
[2026-09-26 20:32:19,116][INFO|database.py-upgrade_schema:285] >> 테이블 'mysafetydetail_other' 생성 중...
[2026-09-26 20:32:19,119][INFO|database.py-upgrade_schema:285] >> 테이블 'mysafetydetail_parking' 생성 중...
[2026-09-26 20:32:19,121][INFO|database.py-upgrade_schema:285] >> 테이블 'mysafetydetail_traffic' 생성 중...
[2026-09-26 20:32:19,123][INFO|database.py-upgrade_schema:285] >> 테이블 'mysafetymerge_other' 생성 중...
[2026-09-26 20:32:19,126][INFO|database.py-upgrade_schema:285] >> 테이블 'mysafetymerge_parking' 생성 중...
[2026-09-26 20:32:19,128][INFO|database.py-upgrade_schema:285] >> 테이블 'mysafetymerge_traffic' 생성 중...
[2026-09-26 20:32:19,135][INFO|database.py-_apply_versioned_migrations:452] >> [schema] DB 스키마 버전 1 적용
[2026-09-26 20:32:19,143][INFO|database.py-_apply_versioned_migrations:452] >> [schema] DB 스키마 버전 2 적용
[2026-09-26 20:32:19,146][INFO|database.py-_apply_versioned_migrations:452] >> [schema] DB 스키마 버전 3 적용
/home/better0101/projects/safetyreport/.venv/lib/python3.14/site-packages/sqlalchemy/sql/visitors.py:126: ResourceWarning: unclosed database in <sqlite3.Connection object at 0x738dd41cd3f0>
  def _compiler_dispatch(
ResourceWarning: Enable tracemalloc to get the object allocation traceback
[2026-09-26 20:32:19,171][INFO|database.py-_apply_versioned_migrations:452] >> [schema] DB 스키마 버전 4 적용
[2026-09-26 20:32:19,196][INFO|duplicate_group_service.py-_log_info:53] >> [duplicate] payload exact 중복군 0개, 멤버 0건 재생성
.[2026-09-26 20:32:19,287][INFO|database.py-upgrade_schema:285] >> 테이블 'admin_users' 생성 중...
[2026-09-26 20:32:19,292][INFO|database.py-upgrade_schema:285] >> 테이블 'api_keys' 생성 중...
[2026-09-26 20:32:19,294][INFO|database.py-upgrade_schema:285] >> 테이블 'mysafety' 생성 중...
[2026-09-26 20:32:19,300][INFO|database.py-upgrade_schema:285] >> 테이블 'mysafety_change_cursor' 생성 중...
[2026-09-26 20:32:19,304][INFO|database.py-upgrade_schema:285] >> 테이블 'mysafety_change_log' 생성 중...
[2026-09-26 20:32:19,307][INFO|database.py-upgrade_schema:285] >> 테이블 'mysafety_duplicate_decision' 생성 중...
[2026-09-26 20:32:19,309][INFO|database.py-upgrade_schema:285] >> 테이블 'mysafety_duplicate_group' 생성 중...
[2026-09-26 20:32:19,311][INFO|database.py-upgrade_schema:285] >> 테이블 'mysafety_duplicate_member' 생성 중...
[2026-09-26 20:32:19,313][INFO|database.py-upgrade_schema:285] >> 테이블 'mysafety_entry_value' 생성 중...
[2026-09-26 20:32:19,315][INFO|database.py-upgrade_schema:285] >> 테이블 'mysafety_geocode_cache' 생성 중...
[2026-09-26 20:32:19,321][INFO|database.py-upgrade_schema:285] >> 테이블 'mysafety_raw_content' 생성 중...
[2026-09-26 20:32:19,323][INFO|database.py-upgrade_schema:285] >> 테이블 'mysafety_report_override' 생성 중...
[2026-09-26 20:32:19,325][INFO|database.py-upgrade_schema:285] >> 테이블 'mysafety_sync_meta' 생성 중...
[2026-09-26 20:32:19,331][INFO|database.py-upgrade_schema:285] >> 테이블 'mysafety_watchlist' 생성 중...
[2026-09-26 20:32:19,335][INFO|database.py-upgrade_schema:285] >> 테이블 'mysafetydetail_other' 생성 중...
[2026-09-26 20:32:19,338][INFO|database.py-upgrade_schema:285] >> 테이블 'mysafetydetail_parking' 생성 중...
[2026-09-26 20:32:19,341][INFO|database.py-upgrade_schema:285] >> 테이블 'mysafetydetail_traffic' 생성 중...
[2026-09-26 20:32:19,343][INFO|database.py-upgrade_schema:285] >> 테이블 'mysafetymerge_other' 생성 중...
[2026-09-26 20:32:19,346][INFO|database.py-upgrade_schema:285] >> 테이블 'mysafetymerge_parking' 생성 중...
[2026-09-26 20:32:19,348][INFO|database.py-upgrade_schema:285] >> 테이블 'mysafetymerge_traffic' 생성 중...
[2026-09-26 20:32:19,359][INFO|database.py-_apply_versioned_migrations:452] >> [schema] DB 스키마 버전 1 적용
[2026-09-26 20:32:19,370][INFO|database.py-_apply_versioned_migrations:452] >> [schema] DB 스키마 버전 2 적용
[2026-09-26 20:32:19,373][INFO|database.py-_apply_versioned_migrations:452] >> [schema] DB 스키마 버전 3 적용
[2026-09-26 20:32:19,391][INFO|database.py-_apply_versioned_migrations:452] >> [schema] DB 스키마 버전 4 적용
[2026-09-26 20:32:19,425][INFO|duplicate_group_service.py-_log_info:53] >> [duplicate] payload exact 중복군 0개, 멤버 0건 재생성
[2026-09-26 20:32:19,489][INFO|start.py-_run_rebuild_process:289] >> [rebuild] 목록 수집 시작 (run a4be32d2d1a7478e8d38ff7ab50356a1)
[2026-09-26 20:32:19,498][INFO|database.py-title_to_sql:694] >> 총 3건 title 테이블 upsert 완료. (신규: 3건)
[2026-09-26 20:32:19,500][INFO|start.py-_rebuild_register_list:187] >> [rebuild] 목록 등록 완료: 3건 (신규 3건)
[2026-09-26 20:32:19,501][INFO|start.py-_run_rebuild_process:318] >> [rebuild] 상세 크롤링 대상 3건 (checkpoint: 미완료만)
[2026-09-26 20:32:19,509][INFO|start.py-_rebuild_consume_details:275] >> [rebuild] 상세 저장 3건 (변경/신규 3건)
.[2026-09-26 20:32:19,534][INFO|database.py-upgrade_schema:285] >> 테이블 'admin_users' 생성 중...
[2026-09-26 20:32:19,539][INFO|database.py-upgrade_schema:285] >> 테이블 'api_keys' 생성 중...
[2026-09-26 20:32:19,548][INFO|database.py-upgrade_schema:285] >> 테이블 'mysafety' 생성 중...
[2026-09-26 20:32:19,550][INFO|database.py-upgrade_schema:285] >> 테이블 'mysafety_change_cursor' 생성 중...
[2026-09-26 20:32:19,552][INFO|database.py-upgrade_schema:285] >> 테이블 'mysafety_change_log' 생성 중...
[2026-09-26 20:32:19,554][INFO|database.py-upgrade_schema:285] >> 테이블 'mysafety_duplicate_decision' 생성 중...
[2026-09-26 20:32:19,556][INFO|database.py-upgrade_schema:285] >> 테이블 'mysafety_duplicate_group' 생성 중...
[2026-09-26 20:32:19,557][INFO|database.py-upgrade_schema:285] >> 테이블 'mysafety_duplicate_member' 생성 중...
[2026-09-26 20:32:19,559][INFO|database.py-upgrade_schema:285] >> 테이블 'mysafety_entry_value' 생성 중...
[2026-09-26 20:32:19,560][INFO|database.py-upgrade_schema:285] >> 테이블 'mysafety_geocode_cache' 생성 중...
[2026-09-26 20:32:19,562][INFO|database.py-upgrade_schema:285] >> 테이블 'mysafety_raw_content' 생성 중...
[2026-09-26 20:32:19,564][INFO|database.py-upgrade_schema:285] >> 테이블 'mysafety_report_override' 생성 중...
[2026-09-26 20:32:19,565][INFO|database.py-upgrade_schema:285] >> 테이블 'mysafety_sync_meta' 생성 중...
[2026-09-26 20:32:19,566][INFO|database.py-upgrade_schema:285] >> 테이블 'mysafety_watchlist' 생성 중...
[2026-09-26 20:32:19,568][INFO|database.py-upgrade_schema:285] >> 테이블 'mysafetydetail_other' 생성 중...
[2026-09-26 20:32:19,570][INFO|database.py-upgrade_schema:285] >> 테이블 'mysafetydetail_parking' 생성 중...
[2026-09-26 20:32:19,572][INFO|database.py-upgrade_schema:285] >> 테이블 'mysafetydetail_traffic' 생성 중...
[2026-09-26 20:32:19,575][INFO|database.py-upgrade_schema:285] >> 테이블 'mysafetymerge_other' 생성 중...
[2026-09-26 20:32:19,576][INFO|database.py-upgrade_schema:285] >> 테이블 'mysafetymerge_parking' 생성 중...
[2026-09-26 20:32:19,585][INFO|database.py-upgrade_schema:285] >> 테이블 'mysafetymerge_traffic' 생성 중...
[2026-09-26 20:32:19,590][INFO|database.py-_apply_versioned_migrations:452] >> [schema] DB 스키마 버전 1 적용
[2026-09-26 20:32:19,596][INFO|database.py-_apply_versioned_migrations:452] >> [schema] DB 스키마 버전 2 적용
[2026-09-26 20:32:19,598][INFO|database.py-_apply_versioned_migrations:452] >> [schema] DB 스키마 버전 3 적용
[2026-09-26 20:32:19,619][INFO|database.py-_apply_versioned_migrations:452] >> [schema] DB 스키마 버전 4 적용
[2026-09-26 20:32:19,646][INFO|duplicate_group_service.py-_log_info:53] >> [duplicate] payload exact 중복군 0개, 멤버 0건 재생성
[2026-09-26 20:32:19,687][WARNING|crawl_control.py-_refuse_ambiguous:94] >> [crawl] 요청 번호 모호성 검사 생략: DatabaseError
.[2026-09-26 20:32:19,698][INFO|database.py-upgrade_schema:285] >> 테이블 'admin_users' 생성 중...
[2026-09-26 20:32:19,701][INFO|database.py-upgrade_schema:285] >> 테이블 'api_keys' 생성 중...
[2026-09-26 20:32:19,703][INFO|database.py-upgrade_schema:285] >> 테이블 'mysafety' 생성 중...
[2026-09-26 20:32:19,704][INFO|database.py-upgrade_schema:285] >> 테이블 'mysafety_change_cursor' 생성 중...
[2026-09-26 20:32:19,709][INFO|database.py-upgrade_schema:285] >> 테이블 'mysafety_change_log' 생성 중...
[2026-09-26 20:32:19,711][INFO|database.py-upgrade_schema:285] >> 테이블 'mysafety_duplicate_decision' 생성 중...
[2026-09-26 20:32:19,718][INFO|database.py-upgrade_schema:285] >> 테이블 'mysafety_duplicate_group' 생성 중...
[2026-09-26 20:32:19,720][INFO|database.py-upgrade_schema:285] >> 테이블 'mysafety_duplicate_member' 생성 중...
[2026-09-26 20:32:19,722][INFO|database.py-upgrade_schema:285] >> 테이블 'mysafety_entry_value' 생성 중...
[2026-09-26 20:32:19,724][INFO|database.py-upgrade_schema:285] >> 테이블 'mysafety_geocode_cache' 생성 중...
[2026-09-26 20:32:19,725][INFO|database.py-upgrade_schema:285] >> 테이블 'mysafety_raw_content' 생성 중...
[2026-09-26 20:32:19,727][INFO|database.py-upgrade_schema:285] >> 테이블 'mysafety_report_override' 생성 중...
[2026-09-26 20:32:19,728][INFO|database.py-upgrade_schema:285] >> 테이블 'mysafety_sync_meta' 생성 중...
[2026-09-26 20:32:19,730][INFO|database.py-upgrade_schema:285] >> 테이블 'mysafety_watchlist' 생성 중...
[2026-09-26 20:32:19,732][INFO|database.py-upgrade_schema:285] >> 테이블 'mysafetydetail_other' 생성 중...
[2026-09-26 20:32:19,734][INFO|database.py-upgrade_schema:285] >> 테이블 'mysafetydetail_parking' 생성 중...
[2026-09-26 20:32:19,735][INFO|database.py-upgrade_schema:285] >> 테이블 'mysafetydetail_traffic' 생성 중...
[2026-09-26 20:32:19,737][INFO|database.py-upgrade_schema:285] >> 테이블 'mysafetymerge_other' 생성 중...
[2026-09-26 20:32:19,741][INFO|database.py-upgrade_schema:285] >> 테이블 'mysafetymerge_parking' 생성 중...
[2026-09-26 20:32:19,743][INFO|database.py-upgrade_schema:285] >> 테이블 'mysafetymerge_traffic' 생성 중...
[2026-09-26 20:32:19,751][INFO|database.py-_apply_versioned_migrations:452] >> [schema] DB 스키마 버전 1 적용
[2026-09-26 20:32:19,757][INFO|database.py-_apply_versioned_migrations:452] >> [schema] DB 스키마 버전 2 적용
/home/better0101/projects/safetyreport/.venv/lib/python3.14/site-packages/sqlalchemy/pool/base.py:1494: ResourceWarning: unclosed database in <sqlite3.Connection object at 0x738dcc345a80>
  return self.dbapi_connection.cursor(*args, **kwargs)
ResourceWarning: Enable tracemalloc to get the object allocation traceback
[2026-09-26 20:32:19,762][INFO|database.py-_apply_versioned_migrations:452] >> [schema] DB 스키마 버전 3 적용
[2026-09-26 20:32:19,774][INFO|database.py-_apply_versioned_migrations:452] >> [schema] DB 스키마 버전 4 적용
[2026-09-26 20:32:19,800][INFO|duplicate_group_service.py-_log_info:53] >> [duplicate] payload exact 중복군 0개, 멤버 0건 재생성
.[2026-09-26 20:32:19,813][INFO|database.py-upgrade_schema:285] >> 테이블 'admin_users' 생성 중...
[2026-09-26 20:32:19,816][INFO|database.py-upgrade_schema:285] >> 테이블 'api_keys' 생성 중...
[2026-09-26 20:32:19,822][INFO|database.py-upgrade_schema:285] >> 테이블 'mysafety' 생성 중...
[2026-09-26 20:32:19,825][INFO|database.py-upgrade_schema:285] >> 테이블 'mysafety_change_cursor' 생성 중...
[2026-09-26 20:32:19,826][INFO|database.py-upgrade_schema:285] >> 테이블 'mysafety_change_log' 생성 중...
[2026-09-26 20:32:19,828][INFO|database.py-upgrade_schema:285] >> 테이블 'mysafety_duplicate_decision' 생성 중...
[2026-09-26 20:32:19,829][INFO|database.py-upgrade_schema:285] >> 테이블 'mysafety_duplicate_group' 생성 중...
[2026-09-26 20:32:19,834][INFO|database.py-upgrade_schema:285] >> 테이블 'mysafety_duplicate_member' 생성 중...
[2026-09-26 20:32:19,836][INFO|database.py-upgrade_schema:285] >> 테이블 'mysafety_entry_value' 생성 중...
[2026-09-26 20:32:19,840][INFO|database.py-upgrade_schema:285] >> 테이블 'mysafety_geocode_cache' 생성 중...
[2026-09-26 20:32:19,845][INFO|database.py-upgrade_schema:285] >> 테이블 'mysafety_raw_content' 생성 중...
[2026-09-26 20:32:19,847][INFO|database.py-upgrade_schema:285] >> 테이블 'mysafety_report_override' 생성 중...
[2026-09-26 20:32:19,849][INFO|database.py-upgrade_schema:285] >> 테이블 'mysafety_sync_meta' 생성 중...
[2026-09-26 20:32:19,850][INFO|database.py-upgrade_schema:285] >> 테이블 'mysafety_watchlist' 생성 중...
[2026-09-26 20:32:19,852][INFO|database.py-upgrade_schema:285] >> 테이블 'mysafetydetail_other' 생성 중...
[2026-09-26 20:32:19,854][INFO|database.py-upgrade_schema:285] >> 테이블 'mysafetydetail_parking' 생성 중...
[2026-09-26 20:32:19,856][INFO|database.py-upgrade_schema:285] >> 테이블 'mysafetydetail_traffic' 생성 중...
[2026-09-26 20:32:19,857][INFO|database.py-upgrade_schema:285] >> 테이블 'mysafetymerge_other' 생성 중...
[2026-09-26 20:32:19,859][INFO|database.py-upgrade_schema:285] >> 테이블 'mysafetymerge_parking' 생성 중...
[2026-09-26 20:32:19,861][INFO|database.py-upgrade_schema:285] >> 테이블 'mysafetymerge_traffic' 생성 중...
[2026-09-26 20:32:19,864][INFO|database.py-_apply_versioned_migrations:452] >> [schema] DB 스키마 버전 1 적용
[2026-09-26 20:32:19,871][INFO|database.py-_apply_versioned_migrations:452] >> [schema] DB 스키마 버전 2 적용
[2026-09-26 20:32:19,880][INFO|database.py-_apply_versioned_migrations:452] >> [schema] DB 스키마 버전 3 적용
[2026-09-26 20:32:19,895][INFO|database.py-_apply_versioned_migrations:452] >> [schema] DB 스키마 버전 4 적용
/home/better0101/projects/safetyreport/.venv/lib/python3.14/site-packages/sqlalchemy/sql/compiler.py:3393: ResourceWarning: unclosed database in <sqlite3.Connection object at 0x738dd41cd3f0>
  def visit_binary(
ResourceWarning: Enable tracemalloc to get the object allocation traceback
[2026-09-26 20:32:19,938][INFO|duplicate_group_service.py-_log_info:53] >> [duplicate] payload exact 중복군 0개, 멤버 0건 재생성
.[2026-09-26 20:32:19,952][INFO|database.py-upgrade_schema:285] >> 테이블 'admin_users' 생성 중...
[2026-09-26 20:32:19,955][INFO|database.py-upgrade_schema:285] >> 테이블 'api_keys' 생성 중...
[2026-09-26 20:32:19,957][INFO|database.py-upgrade_schema:285] >> 테이블 'mysafety' 생성 중...
[2026-09-26 20:32:19,958][INFO|database.py-upgrade_schema:285] >> 테이블 'mysafety_change_cursor' 생성 중...
[2026-09-26 20:32:19,961][INFO|database.py-upgrade_schema:285] >> 테이블 'mysafety_change_log' 생성 중...
[2026-09-26 20:32:19,963][INFO|database.py-upgrade_schema:285] >> 테이블 'mysafety_duplicate_decision' 생성 중...
[2026-09-26 20:32:19,965][INFO|database.py-upgrade_schema:285] >> 테이블 'mysafety_duplicate_group' 생성 중...
[2026-09-26 20:32:19,967][INFO|database.py-upgrade_schema:285] >> 테이블 'mysafety_duplicate_member' 생성 중...
[2026-09-26 20:32:19,970][INFO|database.py-upgrade_schema:285] >> 테이블 'mysafety_entry_value' 생성 중...
[2026-09-26 20:32:19,974][INFO|database.py-upgrade_schema:285] >> 테이블 'mysafety_geocode_cache' 생성 중...
[2026-09-26 20:32:19,977][INFO|database.py-upgrade_schema:285] >> 테이블 'mysafety_raw_content' 생성 중...
[2026-09-26 20:32:19,979][INFO|database.py-upgrade_schema:285] >> 테이블 'mysafety_report_override' 생성 중...
[2026-09-26 20:32:19,981][INFO|database.py-upgrade_schema:285] >> 테이블 'mysafety_sync_meta' 생성 중...
[2026-09-26 20:32:19,983][INFO|database.py-upgrade_schema:285] >> 테이블 'mysafety_watchlist' 생성 중...
[2026-09-26 20:32:19,985][INFO|database.py-upgrade_schema:285] >> 테이블 'mysafetydetail_other' 생성 중...
[2026-09-26 20:32:19,987][INFO|database.py-upgrade_schema:285] >> 테이블 'mysafetydetail_parking' 생성 중...
[2026-09-26 20:32:19,992][INFO|database.py-upgrade_schema:285] >> 테이블 'mysafetydetail_traffic' 생성 중...
[2026-09-26 20:32:19,995][INFO|database.py-upgrade_schema:285] >> 테이블 'mysafetymerge_other' 생성 중...
[2026-09-26 20:32:19,997][INFO|database.py-upgrade_schema:285] >> 테이블 'mysafetymerge_parking' 생성 중...
[2026-09-26 20:32:19,999][INFO|database.py-upgrade_schema:285] >> 테이블 'mysafetymerge_traffic' 생성 중...
[2026-09-26 20:32:20,002][INFO|database.py-_apply_versioned_migrations:452] >> [schema] DB 스키마 버전 1 적용
[2026-09-26 20:32:20,011][INFO|database.py-_apply_versioned_migrations:452] >> [schema] DB 스키마 버전 2 적용
[2026-09-26 20:32:20,013][INFO|database.py-_apply_versioned_migrations:452] >> [schema] DB 스키마 버전 3 적용
[2026-09-26 20:32:20,032][INFO|database.py-_apply_versioned_migrations:452] >> [schema] DB 스키마 버전 4 적용
[2026-09-26 20:32:20,066][INFO|duplicate_group_service.py-_log_info:53] >> [duplicate] payload exact 중복군 0개, 멤버 0건 재생성
...[2026-09-26 20:32:20,082][INFO|database.py-upgrade_schema:285] >> 테이블 'admin_users' 생성 중...
[2026-09-26 20:32:20,086][INFO|database.py-upgrade_schema:285] >> 테이블 'api_keys' 생성 중...
[2026-09-26 20:32:20,088][INFO|database.py-upgrade_schema:285] >> 테이블 'mysafety' 생성 중...
[2026-09-26 20:32:20,090][INFO|database.py-upgrade_schema:285] >> 테이블 'mysafety_change_cursor' 생성 중...
[2026-09-26 20:32:20,092][INFO|database.py-upgrade_schema:285] >> 테이블 'mysafety_change_log' 생성 중...
[2026-09-26 20:32:20,093][INFO|database.py-upgrade_schema:285] >> 테이블 'mysafety_duplicate_decision' 생성 중...
[2026-09-26 20:32:20,095][INFO|database.py-upgrade_schema:285] >> 테이블 'mysafety_duplicate_group' 생성 중...
[2026-09-26 20:32:20,097][INFO|database.py-upgrade_schema:285] >> 테이블 'mysafety_duplicate_member' 생성 중...
[2026-09-26 20:32:20,099][INFO|database.py-upgrade_schema:285] >> 테이블 'mysafety_entry_value' 생성 중...
[2026-09-26 20:32:20,100][INFO|database.py-upgrade_schema:285] >> 테이블 'mysafety_geocode_cache' 생성 중...
[2026-09-26 20:32:20,102][INFO|database.py-upgrade_schema:285] >> 테이블 'mysafety_raw_content' 생성 중...
[2026-09-26 20:32:20,104][INFO|database.py-upgrade_schema:285] >> 테이블 'mysafety_report_override' 생성 중...
[2026-09-26 20:32:20,106][INFO|database.py-upgrade_schema:285] >> 테이블 'mysafety_sync_meta' 생성 중...
[2026-09-26 20:32:20,108][INFO|database.py-upgrade_schema:285] >> 테이블 'mysafety_watchlist' 생성 중...
[2026-09-26 20:32:20,109][INFO|database.py-upgrade_schema:285] >> 테이블 'mysafetydetail_other' 생성 중...
[2026-09-26 20:32:20,111][INFO|database.py-upgrade_schema:285] >> 테이블 'mysafetydetail_parking' 생성 중...
[2026-09-26 20:32:20,113][INFO|database.py-upgrade_schema:285] >> 테이블 'mysafetydetail_traffic' 생성 중...
[2026-09-26 20:32:20,114][INFO|database.py-upgrade_schema:285] >> 테이블 'mysafetymerge_other' 생성 중...
[2026-09-26 20:32:20,116][INFO|database.py-upgrade_schema:285] >> 테이블 'mysafetymerge_parking' 생성 중...
[2026-09-26 20:32:20,119][INFO|database.py-upgrade_schema:285] >> 테이블 'mysafetymerge_traffic' 생성 중...
[2026-09-26 20:32:20,123][INFO|database.py-_apply_versioned_migrations:452] >> [schema] DB 스키마 버전 1 적용
[2026-09-26 20:32:20,134][INFO|database.py-_apply_versioned_migrations:452] >> [schema] DB 스키마 버전 2 적용
[2026-09-26 20:32:20,138][INFO|database.py-_apply_versioned_migrations:452] >> [schema] DB 스키마 버전 3 적용
[2026-09-26 20:32:20,156][INFO|database.py-_apply_versioned_migrations:452] >> [schema] DB 스키마 버전 4 적용
[2026-09-26 20:32:20,187][INFO|duplicate_group_service.py-_log_info:53] >> [duplicate] payload exact 중복군 0개, 멤버 0건 재생성
[2026-09-26 20:32:20,241][INFO|_client.py-_send_single_request:1025] >> HTTP Request: GET http://testserver/api/v1/community/rebuild "HTTP/1.1 200 OK"
[2026-09-26 20:32:20,244][INFO|_client.py-_send_single_request:1025] >> HTTP Request: POST http://testserver/api/v1/community/rebuild/start "HTTP/1.1 403 Forbidden"
[2026-09-26 20:32:20,248][INFO|_client.py-_send_single_request:1025] >> HTTP Request: POST http://testserver/api/v1/community/rebuild/start "HTTP/1.1 403 Forbidden"
[2026-09-26 20:32:20,273][INFO|_client.py-_send_single_request:1025] >> HTTP Request: POST http://testserver/api/v1/community/rebuild/start "HTTP/1.1 200 OK"
.[2026-09-26 20:32:20,297][INFO|database.py-upgrade_schema:285] >> 테이블 'admin_users' 생성 중...
[2026-09-26 20:32:20,301][INFO|database.py-upgrade_schema:285] >> 테이블 'api_keys' 생성 중...
[2026-09-26 20:32:20,304][INFO|database.py-upgrade_schema:285] >> 테이블 'mysafety' 생성 중...
[2026-09-26 20:32:20,306][INFO|database.py-upgrade_schema:285] >> 테이블 'mysafety_change_cursor' 생성 중...
[2026-09-26 20:32:20,308][INFO|database.py-upgrade_schema:285] >> 테이블 'mysafety_change_log' 생성 중...
[2026-09-26 20:32:20,310][INFO|database.py-upgrade_schema:285] >> 테이블 'mysafety_duplicate_decision' 생성 중...
[2026-09-26 20:32:20,312][INFO|database.py-upgrade_schema:285] >> 테이블 'mysafety_duplicate_group' 생성 중...
[2026-09-26 20:32:20,314][INFO|database.py-upgrade_schema:285] >> 테이블 'mysafety_duplicate_member' 생성 중...
[2026-09-26 20:32:20,316][INFO|database.py-upgrade_schema:285] >> 테이블 'mysafety_entry_value' 생성 중...
[2026-09-26 20:32:20,321][INFO|database.py-upgrade_schema:285] >> 테이블 'mysafety_geocode_cache' 생성 중...
[2026-09-26 20:32:20,323][INFO|database.py-upgrade_schema:285] >> 테이블 'mysafety_raw_content' 생성 중...
[2026-09-26 20:32:20,331][INFO|database.py-upgrade_schema:285] >> 테이블 'mysafety_report_override' 생성 중...
[2026-09-26 20:32:20,334][INFO|database.py-upgrade_schema:285] >> 테이블 'mysafety_sync_meta' 생성 중...
[2026-09-26 20:32:20,336][INFO|database.py-upgrade_schema:285] >> 테이블 'mysafety_watchlist' 생성 중...
[2026-09-26 20:32:20,337][INFO|database.py-upgrade_schema:285] >> 테이블 'mysafetydetail_other' 생성 중...
[2026-09-26 20:32:20,340][INFO|database.py-upgrade_schema:285] >> 테이블 'mysafetydetail_parking' 생성 중...
[2026-09-26 20:32:20,342][INFO|database.py-upgrade_schema:285] >> 테이블 'mysafetydetail_traffic' 생성 중...
[2026-09-26 20:32:20,344][INFO|database.py-upgrade_schema:285] >> 테이블 'mysafetymerge_other' 생성 중...
[2026-09-26 20:32:20,346][INFO|database.py-upgrade_schema:285] >> 테이블 'mysafetymerge_parking' 생성 중...
[2026-09-26 20:32:20,348][INFO|database.py-upgrade_schema:285] >> 테이블 'mysafetymerge_traffic' 생성 중...
[2026-09-26 20:32:20,356][INFO|database.py-_apply_versioned_migrations:452] >> [schema] DB 스키마 버전 1 적용
[2026-09-26 20:32:20,369][INFO|database.py-_apply_versioned_migrations:452] >> [schema] DB 스키마 버전 2 적용
[2026-09-26 20:32:20,372][INFO|database.py-_apply_versioned_migrations:452] >> [schema] DB 스키마 버전 3 적용
/home/better0101/projects/safetyreport/.venv/lib/python3.14/site-packages/sqlalchemy/sql/compiler.py:1436: ResourceWarning: unclosed database in <sqlite3.Connection object at 0x738dc461f010>
  self._numeric_binds = nb = dialect.paramstyle.startswith("numeric")
ResourceWarning: Enable tracemalloc to get the object allocation traceback
/home/better0101/projects/safetyreport/.venv/lib/python3.14/site-packages/sqlalchemy/sql/compiler.py:1436: ResourceWarning: unclosed database in <sqlite3.Connection object at 0x738dc461f1f0>
  self._numeric_binds = nb = dialect.paramstyle.startswith("numeric")
ResourceWarning: Enable tracemalloc to get the object allocation traceback
[2026-09-26 20:32:20,402][INFO|database.py-_apply_versioned_migrations:452] >> [schema] DB 스키마 버전 4 적용
[2026-09-26 20:32:20,437][INFO|duplicate_group_service.py-_log_info:53] >> [duplicate] payload exact 중복군 0개, 멤버 0건 재생성
[2026-09-26 20:32:20,490][INFO|_client.py-_send_single_request:1025] >> HTTP Request: GET http://testserver/settings/community/rebuild "HTTP/1.1 200 OK"
.[2026-09-26 20:32:20,507][INFO|database.py-upgrade_schema:285] >> 테이블 'admin_users' 생성 중...
[2026-09-26 20:32:20,510][INFO|database.py-upgrade_schema:285] >> 테이블 'api_keys' 생성 중...
[2026-09-26 20:32:20,512][INFO|database.py-upgrade_schema:285] >> 테이블 'mysafety' 생성 중...
[2026-09-26 20:32:20,514][INFO|database.py-upgrade_schema:285] >> 테이블 'mysafety_change_cursor' 생성 중...
[2026-09-26 20:32:20,515][INFO|database.py-upgrade_schema:285] >> 테이블 'mysafety_change_log' 생성 중...
[2026-09-26 20:32:20,520][INFO|database.py-upgrade_schema:285] >> 테이블 'mysafety_duplicate_decision' 생성 중...
[2026-09-26 20:32:20,522][INFO|database.py-upgrade_schema:285] >> 테이블 'mysafety_duplicate_group' 생성 중...
[2026-09-26 20:32:20,524][INFO|database.py-upgrade_schema:285] >> 테이블 'mysafety_duplicate_member' 생성 중...
[2026-09-26 20:32:20,529][INFO|database.py-upgrade_schema:285] >> 테이블 'mysafety_entry_value' 생성 중...
[2026-09-26 20:32:20,533][INFO|database.py-upgrade_schema:285] >> 테이블 'mysafety_geocode_cache' 생성 중...
[2026-09-26 20:32:20,535][INFO|database.py-upgrade_schema:285] >> 테이블 'mysafety_raw_content' 생성 중...
[2026-09-26 20:32:20,537][INFO|database.py-upgrade_schema:285] >> 테이블 'mysafety_report_override' 생성 중...
[2026-09-26 20:32:20,538][INFO|database.py-upgrade_schema:285] >> 테이블 'mysafety_sync_meta' 생성 중...
[2026-09-26 20:32:20,539][INFO|database.py-upgrade_schema:285] >> 테이블 'mysafety_watchlist' 생성 중...
[2026-09-26 20:32:20,541][INFO|database.py-upgrade_schema:285] >> 테이블 'mysafetydetail_other' 생성 중...
[2026-09-26 20:32:20,543][INFO|database.py-upgrade_schema:285] >> 테이블 'mysafetydetail_parking' 생성 중...
[2026-09-26 20:32:20,544][INFO|database.py-upgrade_schema:285] >> 테이블 'mysafetydetail_traffic' 생성 중...
[2026-09-26 20:32:20,547][INFO|database.py-upgrade_schema:285] >> 테이블 'mysafetymerge_other' 생성 중...
[2026-09-26 20:32:20,549][INFO|database.py-upgrade_schema:285] >> 테이블 'mysafetymerge_parking' 생성 중...
[2026-09-26 20:32:20,554][INFO|database.py-upgrade_schema:285] >> 테이블 'mysafetymerge_traffic' 생성 중...
[2026-09-26 20:32:20,561][INFO|database.py-_apply_versioned_migrations:452] >> [schema] DB 스키마 버전 1 적용
[2026-09-26 20:32:20,570][INFO|database.py-_apply_versioned_migrations:452] >> [schema] DB 스키마 버전 2 적용
[2026-09-26 20:32:20,571][INFO|database.py-_apply_versioned_migrations:452] >> [schema] DB 스키마 버전 3 적용
[2026-09-26 20:32:20,582][INFO|database.py-_apply_versioned_migrations:452] >> [schema] DB 스키마 버전 4 적용
/home/better0101/projects/safetyreport/.venv/lib/python3.14/site-packages/sqlalchemy/sql/compiler.py:740: ResourceWarning: unclosed database in <sqlite3.Connection object at 0x738dc461dd50>
  stack.extendleft(edge[not edge.index(node)] for edge in to_remove)
ResourceWarning: Enable tracemalloc to get the object allocation traceback
[2026-09-26 20:32:20,621][INFO|duplicate_group_service.py-_log_info:53] >> [duplicate] payload exact 중복군 0개, 멤버 0건 재생성
[2026-09-26 20:32:20,631][INFO|_client.py-_send_single_request:1025] >> HTTP Request: POST http://testserver/settings/community/rebuild/start "HTTP/1.1 409 Conflict"
.[2026-09-26 20:32:20,644][INFO|database.py-upgrade_schema:285] >> 테이블 'admin_users' 생성 중...
[2026-09-26 20:32:20,648][INFO|database.py-upgrade_schema:285] >> 테이블 'api_keys' 생성 중...
[2026-09-26 20:32:20,653][INFO|database.py-upgrade_schema:285] >> 테이블 'mysafety' 생성 중...
[2026-09-26 20:32:20,656][INFO|database.py-upgrade_schema:285] >> 테이블 'mysafety_change_cursor' 생성 중...
[2026-09-26 20:32:20,664][INFO|database.py-upgrade_schema:285] >> 테이블 'mysafety_change_log' 생성 중...
[2026-09-26 20:32:20,666][INFO|database.py-upgrade_schema:285] >> 테이블 'mysafety_duplicate_decision' 생성 중...
[2026-09-26 20:32:20,667][INFO|database.py-upgrade_schema:285] >> 테이블 'mysafety_duplicate_group' 생성 중...
[2026-09-26 20:32:20,669][INFO|database.py-upgrade_schema:285] >> 테이블 'mysafety_duplicate_member' 생성 중...
[2026-09-26 20:32:20,671][INFO|database.py-upgrade_schema:285] >> 테이블 'mysafety_entry_value' 생성 중...
[2026-09-26 20:32:20,673][INFO|database.py-upgrade_schema:285] >> 테이블 'mysafety_geocode_cache' 생성 중...
[2026-09-26 20:32:20,675][INFO|database.py-upgrade_schema:285] >> 테이블 'mysafety_raw_content' 생성 중...
[2026-09-26 20:32:20,676][INFO|database.py-upgrade_schema:285] >> 테이블 'mysafety_report_override' 생성 중...
[2026-09-26 20:32:20,677][INFO|database.py-upgrade_schema:285] >> 테이블 'mysafety_sync_meta' 생성 중...
[2026-09-26 20:32:20,679][INFO|database.py-upgrade_schema:285] >> 테이블 'mysafety_watchlist' 생성 중...
[2026-09-26 20:32:20,680][INFO|database.py-upgrade_schema:285] >> 테이블 'mysafetydetail_other' 생성 중...
[2026-09-26 20:32:20,682][INFO|database.py-upgrade_schema:285] >> 테이블 'mysafetydetail_parking' 생성 중...
[2026-09-26 20:32:20,689][INFO|database.py-upgrade_schema:285] >> 테이블 'mysafetydetail_traffic' 생성 중...
[2026-09-26 20:32:20,691][INFO|database.py-upgrade_schema:285] >> 테이블 'mysafetymerge_other' 생성 중...
[2026-09-26 20:32:20,697][INFO|database.py-upgrade_schema:285] >> 테이블 'mysafetymerge_parking' 생성 중...
[2026-09-26 20:32:20,699][INFO|database.py-upgrade_schema:285] >> 테이블 'mysafetymerge_traffic' 생성 중...
[2026-09-26 20:32:20,703][INFO|database.py-_apply_versioned_migrations:452] >> [schema] DB 스키마 버전 1 적용
[2026-09-26 20:32:20,710][INFO|database.py-_apply_versioned_migrations:452] >> [schema] DB 스키마 버전 2 적용
[2026-09-26 20:32:20,712][INFO|database.py-_apply_versioned_migrations:452] >> [schema] DB 스키마 버전 3 적용
[2026-09-26 20:32:20,735][INFO|database.py-_apply_versioned_migrations:452] >> [schema] DB 스키마 버전 4 적용
[2026-09-26 20:32:20,764][INFO|duplicate_group_service.py-_log_info:53] >> [duplicate] payload exact 중복군 0개, 멤버 0건 재생성
[2026-09-26 20:32:20,818][INFO|_client.py-_send_single_request:1025] >> HTTP Request: GET http://testserver/settings/community/rebuild "HTTP/1.1 200 OK"
[2026-09-26 20:32:20,840][INFO|_client.py-_send_single_request:1025] >> HTTP Request: POST http://testserver/settings/community/rebuild/start "HTTP/1.1 200 OK"
[2026-09-26 20:32:20,846][INFO|_client.py-_send_single_request:1025] >> HTTP Request: POST http://testserver/settings/community/rebuild/pause "HTTP/1.1 200 OK"
[2026-09-26 20:32:20,856][INFO|_client.py-_send_single_request:1025] >> HTTP Request: POST http://testserver/settings/community/rebuild/resume "HTTP/1.1 200 OK"
[2026-09-26 20:32:20,859][INFO|_client.py-_send_single_request:1025] >> HTTP Request: POST http://testserver/settings/community/rebuild/start "HTTP/1.1 400 Bad Request"
.[2026-09-26 20:32:20,910][INFO|community_schedule.py-catch_up_on_start:187] >> [community] midnight catch-up: succeeded
.[2026-09-26 20:32:20,954][INFO|base.py-add_job:454] >> Adding job tentatively -- it will be properly scheduled when the scheduler starts
[2026-09-26 20:32:20,955][INFO|base.py-add_job:454] >> Adding job tentatively -- it will be properly scheduled when the scheduler starts
[2026-09-26 20:32:20,955][INFO|base.py-remove_job:641] >> Removed job community-midnight-upload
[2026-09-26 20:32:20,955][INFO|base.py-remove_job:641] >> Removed job community-gate-poll
[2026-09-26 20:32:20,955][INFO|base.py-add_job:454] >> Adding job tentatively -- it will be properly scheduled when the scheduler starts
[2026-09-26 20:32:20,955][INFO|base.py-add_job:454] >> Adding job tentatively -- it will be properly scheduled when the scheduler starts
............[2026-09-26 20:32:21,096][INFO|database.py-upgrade_schema:285] >> 테이블 'admin_users' 생성 중...
[2026-09-26 20:32:21,103][INFO|database.py-upgrade_schema:285] >> 테이블 'api_keys' 생성 중...
[2026-09-26 20:32:21,106][INFO|database.py-upgrade_schema:285] >> 테이블 'mysafety' 생성 중...
[2026-09-26 20:32:21,111][INFO|database.py-upgrade_schema:285] >> 테이블 'mysafety_change_cursor' 생성 중...
[2026-09-26 20:32:21,114][INFO|database.py-upgrade_schema:285] >> 테이블 'mysafety_change_log' 생성 중...
[2026-09-26 20:32:21,119][INFO|database.py-upgrade_schema:285] >> 테이블 'mysafety_duplicate_decision' 생성 중...
[2026-09-26 20:32:21,121][INFO|database.py-upgrade_schema:285] >> 테이블 'mysafety_duplicate_group' 생성 중...
[2026-09-26 20:32:21,125][INFO|database.py-upgrade_schema:285] >> 테이블 'mysafety_duplicate_member' 생성 중...
[2026-09-26 20:32:21,128][INFO|database.py-upgrade_schema:285] >> 테이블 'mysafety_entry_value' 생성 중...
[2026-09-26 20:32:21,129][INFO|database.py-upgrade_schema:285] >> 테이블 'mysafety_geocode_cache' 생성 중...
[2026-09-26 20:32:21,135][INFO|database.py-upgrade_schema:285] >> 테이블 'mysafety_raw_content' 생성 중...
[2026-09-26 20:32:21,137][INFO|database.py-upgrade_schema:285] >> 테이블 'mysafety_report_override' 생성 중...
[2026-09-26 20:32:21,139][INFO|database.py-upgrade_schema:285] >> 테이블 'mysafety_sync_meta' 생성 중...
[2026-09-26 20:32:21,141][INFO|database.py-upgrade_schema:285] >> 테이블 'mysafety_watchlist' 생성 중...
[2026-09-26 20:32:21,142][INFO|database.py-upgrade_schema:285] >> 테이블 'mysafetydetail_other' 생성 중...
[2026-09-26 20:32:21,145][INFO|database.py-upgrade_schema:285] >> 테이블 'mysafetydetail_parking' 생성 중...
[2026-09-26 20:32:21,149][INFO|database.py-upgrade_schema:285] >> 테이블 'mysafetydetail_traffic' 생성 중...
[2026-09-26 20:32:21,151][INFO|database.py-upgrade_schema:285] >> 테이블 'mysafetymerge_other' 생성 중...
[2026-09-26 20:32:21,153][INFO|database.py-upgrade_schema:285] >> 테이블 'mysafetymerge_parking' 생성 중...
[2026-09-26 20:32:21,155][INFO|database.py-upgrade_schema:285] >> 테이블 'mysafetymerge_traffic' 생성 중...
[2026-09-26 20:32:21,159][INFO|database.py-_apply_versioned_migrations:452] >> [schema] DB 스키마 버전 1 적용
[2026-09-26 20:32:21,164][INFO|database.py-_apply_versioned_migrations:452] >> [schema] DB 스키마 버전 2 적용
[2026-09-26 20:32:21,166][INFO|database.py-_apply_versioned_migrations:452] >> [schema] DB 스키마 버전 3 적용
[2026-09-26 20:32:21,192][INFO|database.py-_apply_versioned_migrations:452] >> [schema] DB 스키마 버전 4 적용
/home/better0101/projects/safetyreport/.venv/lib/python3.14/site-packages/sqlalchemy/sql/compiler.py:4781: ResourceWarning: unclosed database in <sqlite3.Connection object at 0x738dc4209120>
  def visit_select(
ResourceWarning: Enable tracemalloc to get the object allocation traceback
/home/better0101/projects/safetyreport/.venv/lib/python3.14/site-packages/sqlalchemy/sql/compiler.py:4781: ResourceWarning: unclosed database in <sqlite3.Connection object at 0x738dc4208b80>
  def visit_select(
ResourceWarning: Enable tracemalloc to get the object allocation traceback
/home/better0101/projects/safetyreport/.venv/lib/python3.14/site-packages/sqlalchemy/sql/compiler.py:4781: ResourceWarning: unclosed database in <sqlite3.Connection object at 0x738dc42096c0>
  def visit_select(
ResourceWarning: Enable tracemalloc to get the object allocation traceback
/home/better0101/projects/safetyreport/.venv/lib/python3.14/site-packages/sqlalchemy/sql/compiler.py:4781: ResourceWarning: unclosed database in <sqlite3.Connection object at 0x738dc4209b70>
  def visit_select(
ResourceWarning: Enable tracemalloc to get the object allocation traceback
[2026-09-26 20:32:21,224][INFO|duplicate_group_service.py-_log_info:53] >> [duplicate] payload exact 중복군 0개, 멤버 0건 재생성
[2026-09-26 20:32:21,266][INFO|database.py-backfill_synced_at:100] >> [migration] mysafetydetail_traffic synced_at 백필: 12건, 미해결 0건
[2026-09-26 20:32:21,271][INFO|database.py-backfill_synced_at:100] >> [migration] mysafetydetail_parking synced_at 백필: 6건, 미해결 0건
[2026-09-26 20:32:21,274][INFO|database.py-backfill_synced_at:100] >> [migration] mysafetydetail_other synced_at 백필: 6건, 미해결 0건
[2026-09-26 20:32:21,276][INFO|database.py-backfill_synced_at:105] >> [migration] synced_at 백필 완료: 총 24건 갱신, merge 재생성 시작
[2026-09-26 20:32:21,293][INFO|database.py-merge_final:736] >> 최종 데이터 병합 완료 (Traffic/Parking/Other 분리)
[2026-09-26 20:32:21,328][INFO|duplicate_group_service.py-_log_info:53] >> [duplicate] payload exact 중복군 1개, 멤버 2건 재생성
[2026-09-26 20:32:21,340][INFO|database.py-merge_final:736] >> 최종 데이터 병합 완료 (Traffic/Parking/Other 분리)
[2026-09-26 20:32:21,364][INFO|duplicate_group_service.py-_log_info:53] >> [duplicate] payload exact 중복군 1개, 멤버 2건 재생성
[2026-09-26 20:32:21,554][INFO|database.py-_normalize_processing_layers:188] >> [migration] raw/canonical 상태 정규화 완료: 총 5건 갱신
[2026-09-26 20:32:21,571][INFO|database.py-merge_final:736] >> 최종 데이터 병합 완료 (Traffic/Parking/Other 분리)
/home/better0101/projects/safetyreport/.venv/lib/python3.14/site-packages/pandas/core/internals/blocks.py:2216: ResourceWarning: unclosed database in <sqlite3.Connection object at 0x738de5508a90>
  def get_block_type(dtype: DtypeObj) -> type[Block]:
ResourceWarning: Enable tracemalloc to get the object allocation traceback
/home/better0101/projects/safetyreport/.venv/lib/python3.14/site-packages/pandas/core/internals/blocks.py:2216: ResourceWarning: unclosed database in <sqlite3.Connection object at 0x738de55096c0>
  def get_block_type(dtype: DtypeObj) -> type[Block]:
ResourceWarning: Enable tracemalloc to get the object allocation traceback
/home/better0101/projects/safetyreport/.venv/lib/python3.14/site-packages/pandas/core/internals/blocks.py:2216: ResourceWarning: unclosed database in <sqlite3.Connection object at 0x738de5508c70>
  def get_block_type(dtype: DtypeObj) -> type[Block]:
ResourceWarning: Enable tracemalloc to get the object allocation traceback
/home/better0101/projects/safetyreport/.venv/lib/python3.14/site-packages/pandas/core/internals/blocks.py:2216: ResourceWarning: unclosed database in <sqlite3.Connection object at 0x738e17785d50>
  def get_block_type(dtype: DtypeObj) -> type[Block]:
ResourceWarning: Enable tracemalloc to get the object allocation traceback
/home/better0101/projects/safetyreport/.venv/lib/python3.14/site-packages/pandas/core/internals/blocks.py:2216: ResourceWarning: unclosed database in <sqlite3.Connection object at 0x738e177853f0>
  def get_block_type(dtype: DtypeObj) -> type[Block]:
ResourceWarning: Enable tracemalloc to get the object allocation traceback
[2026-09-26 20:32:21,861][INFO|duplicate_group_service.py-_log_info:53] >> [duplicate] payload exact 중복군 1개, 멤버 2건 재생성
[2026-09-26 20:32:21,878][INFO|database.py-merge_final:736] >> 최종 데이터 병합 완료 (Traffic/Parking/Other 분리)
[2026-09-26 20:32:21,893][INFO|duplicate_group_service.py-_log_info:53] >> [duplicate] payload exact 중복군 0개, 멤버 0건 재생성
[2026-09-26 20:32:21,912][INFO|exchange.py-_restore_exclusive:413] >> mobile DB 복원 완료. 백업: /tmp/claude-1000/-home-better0101-projects-safetyreport/aa9d30e6-e7a5-4376-8fce-c9fb26682fbe/scratchpad/tmp.7Fe0hxNHL0/backups/data_before_restore_20260926_203221.db, 신고건수: 1
.[2026-09-26 20:32:21,920][INFO|database.py-upgrade_schema:285] >> 테이블 'admin_users' 생성 중...
[2026-09-26 20:32:21,925][INFO|database.py-upgrade_schema:285] >> 테이블 'api_keys' 생성 중...
[2026-09-26 20:32:21,926][INFO|database.py-upgrade_schema:285] >> 테이블 'mysafety' 생성 중...
[2026-09-26 20:32:21,931][INFO|database.py-upgrade_schema:285] >> 테이블 'mysafety_change_cursor' 생성 중...
[2026-09-26 20:32:21,934][INFO|database.py-upgrade_schema:285] >> 테이블 'mysafety_change_log' 생성 중...
[2026-09-26 20:32:21,936][INFO|database.py-upgrade_schema:285] >> 테이블 'mysafety_duplicate_decision' 생성 중...
[2026-09-26 20:32:21,938][INFO|database.py-upgrade_schema:285] >> 테이블 'mysafety_duplicate_group' 생성 중...
[2026-09-26 20:32:21,940][INFO|database.py-upgrade_schema:285] >> 테이블 'mysafety_duplicate_member' 생성 중...
[2026-09-26 20:32:21,944][INFO|database.py-upgrade_schema:285] >> 테이블 'mysafety_entry_value' 생성 중...
[2026-09-26 20:32:21,947][INFO|database.py-upgrade_schema:285] >> 테이블 'mysafety_geocode_cache' 생성 중...
[2026-09-26 20:32:21,950][INFO|database.py-upgrade_schema:285] >> 테이블 'mysafety_raw_content' 생성 중...
[2026-09-26 20:32:21,953][INFO|database.py-upgrade_schema:285] >> 테이블 'mysafety_report_override' 생성 중...
[2026-09-26 20:32:21,955][INFO|database.py-upgrade_schema:285] >> 테이블 'mysafety_sync_meta' 생성 중...
[2026-09-26 20:32:21,957][INFO|database.py-upgrade_schema:285] >> 테이블 'mysafety_watchlist' 생성 중...
[2026-09-26 20:32:21,960][INFO|database.py-upgrade_schema:285] >> 테이블 'mysafetydetail_other' 생성 중...
[2026-09-26 20:32:21,963][INFO|database.py-upgrade_schema:285] >> 테이블 'mysafetydetail_parking' 생성 중...
[2026-09-26 20:32:21,966][INFO|database.py-upgrade_schema:285] >> 테이블 'mysafetydetail_traffic' 생성 중...
[2026-09-26 20:32:21,967][INFO|database.py-upgrade_schema:285] >> 테이블 'mysafetymerge_other' 생성 중...
[2026-09-26 20:32:21,973][INFO|database.py-upgrade_schema:285] >> 테이블 'mysafetymerge_parking' 생성 중...
[2026-09-26 20:32:21,976][INFO|database.py-upgrade_schema:285] >> 테이블 'mysafetymerge_traffic' 생성 중...
[2026-09-26 20:32:21,984][INFO|database.py-_apply_versioned_migrations:452] >> [schema] DB 스키마 버전 1 적용
[2026-09-26 20:32:21,989][INFO|database.py-_apply_versioned_migrations:452] >> [schema] DB 스키마 버전 2 적용
[2026-09-26 20:32:21,991][INFO|database.py-_apply_versioned_migrations:452] >> [schema] DB 스키마 버전 3 적용
[2026-09-26 20:32:22,011][INFO|database.py-_apply_versioned_migrations:452] >> [schema] DB 스키마 버전 4 적용
[2026-09-26 20:32:22,030][INFO|duplicate_group_service.py-_log_info:53] >> [duplicate] payload exact 중복군 0개, 멤버 0건 재생성
[2026-09-26 20:32:22,066][INFO|database.py-backfill_synced_at:100] >> [migration] mysafetydetail_traffic synced_at 백필: 12건, 미해결 0건
[2026-09-26 20:32:22,069][INFO|database.py-backfill_synced_at:100] >> [migration] mysafetydetail_parking synced_at 백필: 6건, 미해결 0건
[2026-09-26 20:32:22,073][INFO|database.py-backfill_synced_at:100] >> [migration] mysafetydetail_other synced_at 백필: 6건, 미해결 0건
[2026-09-26 20:32:22,076][INFO|database.py-backfill_synced_at:105] >> [migration] synced_at 백필 완료: 총 24건 갱신, merge 재생성 시작
[2026-09-26 20:32:22,084][INFO|database.py-merge_final:736] >> 최종 데이터 병합 완료 (Traffic/Parking/Other 분리)
[2026-09-26 20:32:22,107][INFO|duplicate_group_service.py-_log_info:53] >> [duplicate] payload exact 중복군 1개, 멤버 2건 재생성
[2026-09-26 20:32:22,120][INFO|database.py-merge_final:736] >> 최종 데이터 병합 완료 (Traffic/Parking/Other 분리)
[2026-09-26 20:32:22,148][INFO|duplicate_group_service.py-_log_info:53] >> [duplicate] payload exact 중복군 1개, 멤버 2건 재생성
[2026-09-26 20:32:22,337][INFO|database.py-_normalize_processing_layers:188] >> [migration] raw/canonical 상태 정규화 완료: 총 5건 갱신
[2026-09-26 20:32:22,356][INFO|database.py-merge_final:736] >> 최종 데이터 병합 완료 (Traffic/Parking/Other 분리)
[2026-09-26 20:32:22,386][INFO|duplicate_group_service.py-_log_info:53] >> [duplicate] payload exact 중복군 1개, 멤버 2건 재생성
[2026-09-26 20:32:22,410][INFO|database.py-merge_final:736] >> 최종 데이터 병합 완료 (Traffic/Parking/Other 분리)
[2026-09-26 20:32:22,422][INFO|duplicate_group_service.py-_log_info:53] >> [duplicate] payload exact 중복군 0개, 멤버 0건 재생성
.[2026-09-26 20:32:22,444][INFO|scheduler.py-update_jobs:77] >> 스케줄러: 크롤 작업을 제거하고 설정을 초기화했습니다(커뮤니티 작업 유지).
[2026-09-26 20:32:22,444][INFO|scheduler.py-update_jobs:91] >> 스케줄러 업데이트 시작 (모드: cron)
[2026-09-26 20:32:22,445][INFO|base.py-add_job:454] >> Adding job tentatively -- it will be properly scheduled when the scheduler starts
[2026-09-26 20:32:22,445][INFO|scheduler.py-update_jobs:150] >> 스케줄러 등록: 매일 09:00 (ID: cron_09_00, 시스템 시각 기준)
[2026-09-26 20:32:22,445][INFO|base.py-add_job:454] >> Adding job tentatively -- it will be properly scheduled when the scheduler starts
[2026-09-26 20:32:22,445][INFO|scheduler.py-update_jobs:150] >> 스케줄러 등록: 매일 18:30 (ID: cron_18_30, 시스템 시각 기준)
[2026-09-26 20:32:22,445][INFO|base.py-add_job:454] >> Adding job tentatively -- it will be properly scheduled when the scheduler starts
[2026-09-26 20:32:22,445][INFO|base.py-add_job:454] >> Adding job tentatively -- it will be properly scheduled when the scheduler starts
[2026-09-26 20:32:22,446][INFO|scheduler.py-update_jobs:160] >> 현재 활성화된 스케줄러 작업 수: 4개
[2026-09-26 20:32:22,446][INFO|scheduler.py-update_jobs:163] >>  - 작업ID: cron_09_00, 다음 실행예정: None (시스템 시각 기준)
[2026-09-26 20:32:22,446][INFO|scheduler.py-update_jobs:163] >>  - 작업ID: cron_18_30, 다음 실행예정: None (시스템 시각 기준)
[2026-09-26 20:32:22,446][INFO|scheduler.py-update_jobs:163] >>  - 작업ID: community-midnight-upload, 다음 실행예정: None (시스템 시각 기준)
[2026-09-26 20:32:22,446][INFO|scheduler.py-update_jobs:163] >>  - 작업ID: community-gate-poll, 다음 실행예정: None (시스템 시각 기준)
.[2026-09-26 20:32:22,447][INFO|scheduler.py-update_jobs:77] >> 스케줄러: 크롤 작업을 제거하고 설정을 초기화했습니다(커뮤니티 작업 유지).
[2026-09-26 20:32:22,448][INFO|scheduler.py-update_jobs:91] >> 스케줄러 업데이트 시작 (모드: interval)
[2026-09-26 20:32:22,448][INFO|base.py-add_job:454] >> Adding job tentatively -- it will be properly scheduled when the scheduler starts
[2026-09-26 20:32:22,448][INFO|scheduler.py-update_jobs:117] >> 스케줄러: 24시간 간격으로 실행 예약됨. (시작 기준 시각: 00:00)
[2026-09-26 20:32:22,448][INFO|base.py-add_job:454] >> Adding job tentatively -- it will be properly scheduled when the scheduler starts
[2026-09-26 20:32:22,448][INFO|base.py-add_job:454] >> Adding job tentatively -- it will be properly scheduled when the scheduler starts
[2026-09-26 20:32:22,448][INFO|scheduler.py-update_jobs:160] >> 현재 활성화된 스케줄러 작업 수: 3개
[2026-09-26 20:32:22,448][INFO|scheduler.py-update_jobs:163] >>  - 작업ID: crawl_job_interval, 다음 실행예정: None (시스템 시각 기준)
[2026-09-26 20:32:22,448][INFO|scheduler.py-update_jobs:163] >>  - 작업ID: community-midnight-upload, 다음 실행예정: None (시스템 시각 기준)
[2026-09-26 20:32:22,448][INFO|scheduler.py-update_jobs:163] >>  - 작업ID: community-gate-poll, 다음 실행예정: None (시스템 시각 기준)
[2026-09-26 20:32:22,449][INFO|base.py-remove_job:641] >> Removed job crawl_job_interval
[2026-09-26 20:32:22,449][INFO|scheduler.py-update_jobs:77] >> 스케줄러: 크롤 작업을 제거하고 설정을 초기화했습니다(커뮤니티 작업 유지).
[2026-09-26 20:32:22,449][INFO|scheduler.py-update_jobs:86] >> 스케줄러가 비활성화되어 크롤 작업을 제거했습니다(커뮤니티 작업 유지).
[2026-09-26 20:32:22,449][INFO|base.py-add_job:454] >> Adding job tentatively -- it will be properly scheduled when the scheduler starts
[2026-09-26 20:32:22,449][INFO|base.py-add_job:454] >> Adding job tentatively -- it will be properly scheduled when the scheduler starts
.[2026-09-26 20:32:22,450][INFO|scheduler.py-update_jobs:77] >> 스케줄러: 크롤 작업을 제거하고 설정을 초기화했습니다(커뮤니티 작업 유지).
[2026-09-26 20:32:22,451][INFO|scheduler.py-update_jobs:91] >> 스케줄러 업데이트 시작 (모드: interval)
[2026-09-26 20:32:22,451][INFO|base.py-add_job:454] >> Adding job tentatively -- it will be properly scheduled when the scheduler starts
[2026-09-26 20:32:22,451][INFO|scheduler.py-update_jobs:117] >> 스케줄러: 24시간 간격으로 실행 예약됨. (시작 기준 시각: 00:00)
[2026-09-26 20:32:22,451][INFO|base.py-add_job:454] >> Adding job tentatively -- it will be properly scheduled when the scheduler starts
[2026-09-26 20:32:22,451][INFO|base.py-add_job:454] >> Adding job tentatively -- it will be properly scheduled when the scheduler starts
[2026-09-26 20:32:22,451][INFO|scheduler.py-update_jobs:160] >> 현재 활성화된 스케줄러 작업 수: 3개
[2026-09-26 20:32:22,451][INFO|scheduler.py-update_jobs:163] >>  - 작업ID: crawl_job_interval, 다음 실행예정: None (시스템 시각 기준)
[2026-09-26 20:32:22,451][INFO|scheduler.py-update_jobs:163] >>  - 작업ID: community-midnight-upload, 다음 실행예정: None (시스템 시각 기준)
[2026-09-26 20:32:22,451][INFO|scheduler.py-update_jobs:163] >>  - 작업ID: community-gate-poll, 다음 실행예정: None (시스템 시각 기준)
[2026-09-26 20:32:22,451][INFO|base.py-add_job:454] >> Adding job tentatively -- it will be properly scheduled when the scheduler starts
[2026-09-26 20:32:22,451][INFO|base.py-remove_job:641] >> Removed job crawl_job_interval
[2026-09-26 20:32:22,451][INFO|scheduler.py-update_jobs:77] >> 스케줄러: 크롤 작업을 제거하고 설정을 초기화했습니다(커뮤니티 작업 유지).
[2026-09-26 20:32:22,452][INFO|scheduler.py-update_jobs:91] >> 스케줄러 업데이트 시작 (모드: interval)
[2026-09-26 20:32:22,452][INFO|base.py-add_job:454] >> Adding job tentatively -- it will be properly scheduled when the scheduler starts
[2026-09-26 20:32:22,452][INFO|scheduler.py-update_jobs:117] >> 스케줄러: 24시간 간격으로 실행 예약됨. (시작 기준 시각: 00:00)
[2026-09-26 20:32:22,452][INFO|base.py-add_job:454] >> Adding job tentatively -- it will be properly scheduled when the scheduler starts
[2026-09-26 20:32:22,452][INFO|base.py-add_job:454] >> Adding job tentatively -- it will be properly scheduled when the scheduler starts
[2026-09-26 20:32:22,452][INFO|scheduler.py-update_jobs:160] >> 현재 활성화된 스케줄러 작업 수: 6개
[2026-09-26 20:32:22,452][INFO|scheduler.py-update_jobs:163] >>  - 작업ID: community-midnight-upload, 다음 실행예정: None (시스템 시각 기준)
[2026-09-26 20:32:22,452][INFO|scheduler.py-update_jobs:163] >>  - 작업ID: community-gate-poll, 다음 실행예정: None (시스템 시각 기준)
[2026-09-26 20:32:22,452][INFO|scheduler.py-update_jobs:163] >>  - 작업ID: other-owner, 다음 실행예정: None (시스템 시각 기준)
[2026-09-26 20:32:22,452][INFO|scheduler.py-update_jobs:163] >>  - 작업ID: crawl_job_interval, 다음 실행예정: None (시스템 시각 기준)
[2026-09-26 20:32:22,452][INFO|scheduler.py-update_jobs:163] >>  - 작업ID: community-midnight-upload, 다음 실행예정: None (시스템 시각 기준)
[2026-09-26 20:32:22,452][INFO|scheduler.py-update_jobs:163] >>  - 작업ID: community-gate-poll, 다음 실행예정: None (시스템 시각 기준)
.[2026-09-26 20:32:22,453][WARNING|scheduler.py-run_crawler:21] >> 스케줄러: 커뮤니티 게이트 미충족. 건너뜁니다.
....[2026-09-26 20:32:22,461][INFO|database.py-upgrade_schema:285] >> 테이블 'admin_users' 생성 중...
[2026-09-26 20:32:22,466][INFO|database.py-upgrade_schema:285] >> 테이블 'api_keys' 생성 중...
[2026-09-26 20:32:22,468][INFO|database.py-upgrade_schema:285] >> 테이블 'mysafety' 생성 중...
[2026-09-26 20:32:22,470][INFO|database.py-upgrade_schema:285] >> 테이블 'mysafety_change_cursor' 생성 중...
[2026-09-26 20:32:22,472][INFO|database.py-upgrade_schema:285] >> 테이블 'mysafety_change_log' 생성 중...
[2026-09-26 20:32:22,473][INFO|database.py-upgrade_schema:285] >> 테이블 'mysafety_duplicate_decision' 생성 중...
[2026-09-26 20:32:22,475][INFO|database.py-upgrade_schema:285] >> 테이블 'mysafety_duplicate_group' 생성 중...
[2026-09-26 20:32:22,477][INFO|database.py-upgrade_schema:285] >> 테이블 'mysafety_duplicate_member' 생성 중...
[2026-09-26 20:32:22,478][INFO|database.py-upgrade_schema:285] >> 테이블 'mysafety_entry_value' 생성 중...
[2026-09-26 20:32:22,479][INFO|database.py-upgrade_schema:285] >> 테이블 'mysafety_geocode_cache' 생성 중...
[2026-09-26 20:32:22,481][INFO|database.py-upgrade_schema:285] >> 테이블 'mysafety_raw_content' 생성 중...
[2026-09-26 20:32:22,483][INFO|database.py-upgrade_schema:285] >> 테이블 'mysafety_report_override' 생성 중...
[2026-09-26 20:32:22,484][INFO|database.py-upgrade_schema:285] >> 테이블 'mysafety_sync_meta' 생성 중...
[2026-09-26 20:32:22,486][INFO|database.py-upgrade_schema:285] >> 테이블 'mysafety_watchlist' 생성 중...
[2026-09-26 20:32:22,488][INFO|database.py-upgrade_schema:285] >> 테이블 'mysafetydetail_other' 생성 중...
[2026-09-26 20:32:22,494][INFO|database.py-upgrade_schema:285] >> 테이블 'mysafetydetail_parking' 생성 중...
[2026-09-26 20:32:22,498][INFO|database.py-upgrade_schema:285] >> 테이블 'mysafetydetail_traffic' 생성 중...
[2026-09-26 20:32:22,500][INFO|database.py-upgrade_schema:285] >> 테이블 'mysafetymerge_other' 생성 중...
[2026-09-26 20:32:22,502][INFO|database.py-upgrade_schema:285] >> 테이블 'mysafetymerge_parking' 생성 중...
[2026-09-26 20:32:22,503][INFO|database.py-upgrade_schema:285] >> 테이블 'mysafetymerge_traffic' 생성 중...
[2026-09-26 20:32:22,507][INFO|database.py-_apply_versioned_migrations:452] >> [schema] DB 스키마 버전 1 적용
[2026-09-26 20:32:22,511][INFO|database.py-_apply_versioned_migrations:452] >> [schema] DB 스키마 버전 2 적용
[2026-09-26 20:32:22,513][INFO|database.py-_apply_versioned_migrations:452] >> [schema] DB 스키마 버전 3 적용
[2026-09-26 20:32:22,532][INFO|database.py-_apply_versioned_migrations:452] >> [schema] DB 스키마 버전 4 적용
[2026-09-26 20:32:22,564][INFO|duplicate_group_service.py-_log_info:53] >> [duplicate] payload exact 중복군 0개, 멤버 0건 재생성
[2026-09-26 20:32:22,573][INFO|database.py-_get_title_ids_for_scan:455] >> 전체 신고 건을 다시 스캔합니다.
[2026-09-26 20:32:22,574][INFO|database.py-get_pending_detail_ids:618] >> 스캔대상 ID 총 10건
.[2026-09-26 20:32:22,589][INFO|database.py-upgrade_schema:285] >> 테이블 'admin_users' 생성 중...
[2026-09-26 20:32:22,592][INFO|database.py-upgrade_schema:285] >> 테이블 'api_keys' 생성 중...
[2026-09-26 20:32:22,594][INFO|database.py-upgrade_schema:285] >> 테이블 'mysafety' 생성 중...
[2026-09-26 20:32:22,595][INFO|database.py-upgrade_schema:285] >> 테이블 'mysafety_change_cursor' 생성 중...
[2026-09-26 20:32:22,597][INFO|database.py-upgrade_schema:285] >> 테이블 'mysafety_change_log' 생성 중...
[2026-09-26 20:32:22,599][INFO|database.py-upgrade_schema:285] >> 테이블 'mysafety_duplicate_decision' 생성 중...
[2026-09-26 20:32:22,600][INFO|database.py-upgrade_schema:285] >> 테이블 'mysafety_duplicate_group' 생성 중...
[2026-09-26 20:32:22,604][INFO|database.py-upgrade_schema:285] >> 테이블 'mysafety_duplicate_member' 생성 중...
[2026-09-26 20:32:22,606][INFO|database.py-upgrade_schema:285] >> 테이블 'mysafety_entry_value' 생성 중...
[2026-09-26 20:32:22,613][INFO|database.py-upgrade_schema:285] >> 테이블 'mysafety_geocode_cache' 생성 중...
[2026-09-26 20:32:22,615][INFO|database.py-upgrade_schema:285] >> 테이블 'mysafety_raw_content' 생성 중...
[2026-09-26 20:32:22,617][INFO|database.py-upgrade_schema:285] >> 테이블 'mysafety_report_override' 생성 중...
[2026-09-26 20:32:22,619][INFO|database.py-upgrade_schema:285] >> 테이블 'mysafety_sync_meta' 생성 중...
[2026-09-26 20:32:22,620][INFO|database.py-upgrade_schema:285] >> 테이블 'mysafety_watchlist' 생성 중...
[2026-09-26 20:32:22,622][INFO|database.py-upgrade_schema:285] >> 테이블 'mysafetydetail_other' 생성 중...
[2026-09-26 20:32:22,624][INFO|database.py-upgrade_schema:285] >> 테이블 'mysafetydetail_parking' 생성 중...
[2026-09-26 20:32:22,626][INFO|database.py-upgrade_schema:285] >> 테이블 'mysafetydetail_traffic' 생성 중...
[2026-09-26 20:32:22,627][INFO|database.py-upgrade_schema:285] >> 테이블 'mysafetymerge_other' 생성 중...
[2026-09-26 20:32:22,630][INFO|database.py-upgrade_schema:285] >> 테이블 'mysafetymerge_parking' 생성 중...
[2026-09-26 20:32:22,631][INFO|database.py-upgrade_schema:285] >> 테이블 'mysafetymerge_traffic' 생성 중...
[2026-09-26 20:32:22,640][INFO|database.py-_apply_versioned_migrations:452] >> [schema] DB 스키마 버전 1 적용
[2026-09-26 20:32:22,649][INFO|database.py-_apply_versioned_migrations:452] >> [schema] DB 스키마 버전 2 적용
[2026-09-26 20:32:22,651][INFO|database.py-_apply_versioned_migrations:452] >> [schema] DB 스키마 버전 3 적용
[2026-09-26 20:32:22,663][INFO|database.py-_apply_versioned_migrations:452] >> [schema] DB 스키마 버전 4 적용
[2026-09-26 20:32:22,691][INFO|duplicate_group_service.py-_log_info:53] >> [duplicate] payload exact 중복군 0개, 멤버 0건 재생성
[2026-09-26 20:32:22,700][INFO|database.py-_get_new_and_incomplete_ids:460] >> 신규, 미종결 신고 건 스캔 시작
[2026-09-26 20:32:22,709][INFO|database.py-get_pending_detail_ids:618] >> 스캔대상 ID 총 8건
................./usr/lib/python3.14/unittest/mock.py:504: ResourceWarning: unclosed database in <sqlite3.Connection object at 0x738dc461d8a0>
  _safe_super(NonCallableMock, self).__init__(
ResourceWarning: Enable tracemalloc to get the object allocation traceback
............/usr/lib/python3.14/unittest/mock.py:2259: ResourceWarning: unclosed database in <sqlite3.Connection object at 0x738dc461ed40>
  def __init__(self, name, parent):
ResourceWarning: Enable tracemalloc to get the object allocation traceback
............/usr/lib/python3.14/unittest/mock.py:806: ResourceWarning: unclosed database in <sqlite3.Connection object at 0x738dc461d120>
  def __setattr__(self, name, value):
ResourceWarning: Enable tracemalloc to get the object allocation traceback
........./usr/lib/python3.14/unittest/mock.py:2259: ResourceWarning: unclosed database in <sqlite3.Connection object at 0x738dc461df30>
  def __init__(self, name, parent):
ResourceWarning: Enable tracemalloc to get the object allocation traceback
......................[2026-09-26 20:32:27,452][WARNING|runtime_mode.py-block_if_fixture:47] >> [fixture] blocked: crawl subprocess
.[2026-09-26 20:32:27,453][WARNING|runtime_mode.py-block_if_fixture:47] >> [fixture] blocked: safetyreport direct login
[2026-09-26 20:32:27,453][INFO|runtime_mode.py-skip_in_fixture:57] >> [fixture] skipped: direct_login keep-alive
.[2026-09-26 20:32:27,462][INFO|database.py-upgrade_schema:285] >> 테이블 'admin_users' 생성 중...
[2026-09-26 20:32:27,465][INFO|database.py-upgrade_schema:285] >> 테이블 'api_keys' 생성 중...
[2026-09-26 20:32:27,467][INFO|database.py-upgrade_schema:285] >> 테이블 'mysafety' 생성 중...
[2026-09-26 20:32:27,469][INFO|database.py-upgrade_schema:285] >> 테이블 'mysafety_change_cursor' 생성 중...
[2026-09-26 20:32:27,471][INFO|database.py-upgrade_schema:285] >> 테이블 'mysafety_change_log' 생성 중...
[2026-09-26 20:32:27,472][INFO|database.py-upgrade_schema:285] >> 테이블 'mysafety_duplicate_decision' 생성 중...
[2026-09-26 20:32:27,474][INFO|database.py-upgrade_schema:285] >> 테이블 'mysafety_duplicate_group' 생성 중...
[2026-09-26 20:32:27,476][INFO|database.py-upgrade_schema:285] >> 테이블 'mysafety_duplicate_member' 생성 중...
[2026-09-26 20:32:27,478][INFO|database.py-upgrade_schema:285] >> 테이블 'mysafety_entry_value' 생성 중...
[2026-09-26 20:32:27,482][INFO|database.py-upgrade_schema:285] >> 테이블 'mysafety_geocode_cache' 생성 중...
[2026-09-26 20:32:27,492][INFO|database.py-upgrade_schema:285] >> 테이블 'mysafety_raw_content' 생성 중...
[2026-09-26 20:32:27,494][INFO|database.py-upgrade_schema:285] >> 테이블 'mysafety_report_override' 생성 중...
[2026-09-26 20:32:27,496][INFO|database.py-upgrade_schema:285] >> 테이블 'mysafety_sync_meta' 생성 중...
[2026-09-26 20:32:27,497][INFO|database.py-upgrade_schema:285] >> 테이블 'mysafety_watchlist' 생성 중...
[2026-09-26 20:32:27,499][INFO|database.py-upgrade_schema:285] >> 테이블 'mysafetydetail_other' 생성 중...
[2026-09-26 20:32:27,501][INFO|database.py-upgrade_schema:285] >> 테이블 'mysafetydetail_parking' 생성 중...
[2026-09-26 20:32:27,503][INFO|database.py-upgrade_schema:285] >> 테이블 'mysafetydetail_traffic' 생성 중...
[2026-09-26 20:32:27,504][INFO|database.py-upgrade_schema:285] >> 테이블 'mysafetymerge_other' 생성 중...
[2026-09-26 20:32:27,506][INFO|database.py-upgrade_schema:285] >> 테이블 'mysafetymerge_parking' 생성 중...
[2026-09-26 20:32:27,508][INFO|database.py-upgrade_schema:285] >> 테이블 'mysafetymerge_traffic' 생성 중...
[2026-09-26 20:32:27,512][INFO|database.py-_apply_versioned_migrations:452] >> [schema] DB 스키마 버전 1 적용
[2026-09-26 20:32:27,520][INFO|database.py-_apply_versioned_migrations:452] >> [schema] DB 스키마 버전 2 적용
[2026-09-26 20:32:27,522][INFO|database.py-_apply_versioned_migrations:452] >> [schema] DB 스키마 버전 3 적용
[2026-09-26 20:32:27,538][INFO|database.py-_apply_versioned_migrations:452] >> [schema] DB 스키마 버전 4 적용
[2026-09-26 20:32:27,567][INFO|duplicate_group_service.py-_log_info:53] >> [duplicate] payload exact 중복군 0개, 멤버 0건 재생성
[2026-09-26 20:32:27,569][WARNING|runtime_mode.py-block_if_fixture:47] >> [fixture] blocked: kakao geocode request
.[2026-09-26 20:32:27,574][WARNING|runtime_mode.py-block_if_fixture:47] >> [fixture] blocked: media upstream download
..[2026-09-26 20:32:27,576][WARNING|runtime_mode.py-block_if_fixture:47] >> [fixture] blocked: star rating batch
.[2026-09-26 20:32:27,577][WARNING|runtime_mode.py-block_if_fixture:47] >> [fixture] blocked: sunwi statistics fetch
[2026-09-26 20:32:27,577][INFO|runtime_mode.py-skip_in_fixture:57] >> [fixture] skipped: sunwi background refresh
.[2026-09-26 20:32:27,578][WARNING|runtime_mode.py-block_if_fixture:47] >> [fixture] blocked: github release request
.[2026-09-26 20:32:27,579][WARNING|runtime_mode.py-block_if_fixture:47] >> [fixture] blocked: x
....[2026-09-26 20:32:27,588][INFO|database.py-upgrade_schema:285] >> 테이블 'admin_users' 생성 중...
[2026-09-26 20:32:27,595][INFO|database.py-upgrade_schema:285] >> 테이블 'api_keys' 생성 중...
[2026-09-26 20:32:27,597][INFO|database.py-upgrade_schema:285] >> 테이블 'mysafety' 생성 중...
[2026-09-26 20:32:27,599][INFO|database.py-upgrade_schema:285] >> 테이블 'mysafety_change_cursor' 생성 중...
[2026-09-26 20:32:27,601][INFO|database.py-upgrade_schema:285] >> 테이블 'mysafety_change_log' 생성 중...
[2026-09-26 20:32:27,605][INFO|database.py-upgrade_schema:285] >> 테이블 'mysafety_duplicate_decision' 생성 중...
[2026-09-26 20:32:27,608][INFO|database.py-upgrade_schema:285] >> 테이블 'mysafety_duplicate_group' 생성 중...
[2026-09-26 20:32:27,610][INFO|database.py-upgrade_schema:285] >> 테이블 'mysafety_duplicate_member' 생성 중...
[2026-09-26 20:32:27,615][INFO|database.py-upgrade_schema:285] >> 테이블 'mysafety_entry_value' 생성 중...
[2026-09-26 20:32:27,617][INFO|database.py-upgrade_schema:285] >> 테이블 'mysafety_geocode_cache' 생성 중...
[2026-09-26 20:32:27,619][INFO|database.py-upgrade_schema:285] >> 테이블 'mysafety_raw_content' 생성 중...
[2026-09-26 20:32:27,627][INFO|database.py-upgrade_schema:285] >> 테이블 'mysafety_report_override' 생성 중...
[2026-09-26 20:32:27,629][INFO|database.py-upgrade_schema:285] >> 테이블 'mysafety_sync_meta' 생성 중...
[2026-09-26 20:32:27,631][INFO|database.py-upgrade_schema:285] >> 테이블 'mysafety_watchlist' 생성 중...
[2026-09-26 20:32:27,632][INFO|database.py-upgrade_schema:285] >> 테이블 'mysafetydetail_other' 생성 중...
[2026-09-26 20:32:27,637][INFO|database.py-upgrade_schema:285] >> 테이블 'mysafetydetail_parking' 생성 중...
[2026-09-26 20:32:27,640][INFO|database.py-upgrade_schema:285] >> 테이블 'mysafetydetail_traffic' 생성 중...
[2026-09-26 20:32:27,645][INFO|database.py-upgrade_schema:285] >> 테이블 'mysafetymerge_other' 생성 중...
[2026-09-26 20:32:27,647][INFO|database.py-upgrade_schema:285] >> 테이블 'mysafetymerge_parking' 생성 중...
[2026-09-26 20:32:27,650][INFO|database.py-upgrade_schema:285] >> 테이블 'mysafetymerge_traffic' 생성 중...
[2026-09-26 20:32:27,654][INFO|database.py-_apply_versioned_migrations:452] >> [schema] DB 스키마 버전 1 적용
[2026-09-26 20:32:27,659][INFO|database.py-_apply_versioned_migrations:452] >> [schema] DB 스키마 버전 2 적용
[2026-09-26 20:32:27,661][INFO|database.py-_apply_versioned_migrations:452] >> [schema] DB 스키마 버전 3 적용
[2026-09-26 20:32:27,674][INFO|database.py-_apply_versioned_migrations:452] >> [schema] DB 스키마 버전 4 적용
[2026-09-26 20:32:27,702][INFO|duplicate_group_service.py-_log_info:53] >> [duplicate] payload exact 중복군 0개, 멤버 0건 재생성
[2026-09-26 20:32:27,715][INFO|geocode_service.py-ensure_map_backfill_started:782] >> [geocode] 크롤링이 진행 중이라 지도 지오코딩 백필을 대기 상태로 둡니다.
.[2026-09-26 20:32:27,727][INFO|database.py-upgrade_schema:285] >> 테이블 'admin_users' 생성 중...
[2026-09-26 20:32:27,730][INFO|database.py-upgrade_schema:285] >> 테이블 'api_keys' 생성 중...
[2026-09-26 20:32:27,732][INFO|database.py-upgrade_schema:285] >> 테이블 'mysafety' 생성 중...
[2026-09-26 20:32:27,734][INFO|database.py-upgrade_schema:285] >> 테이블 'mysafety_change_cursor' 생성 중...
[2026-09-26 20:32:27,735][INFO|database.py-upgrade_schema:285] >> 테이블 'mysafety_change_log' 생성 중...
[2026-09-26 20:32:27,737][INFO|database.py-upgrade_schema:285] >> 테이블 'mysafety_duplicate_decision' 생성 중...
[2026-09-26 20:32:27,738][INFO|database.py-upgrade_schema:285] >> 테이블 'mysafety_duplicate_group' 생성 중...
[2026-09-26 20:32:27,743][INFO|database.py-upgrade_schema:285] >> 테이블 'mysafety_duplicate_member' 생성 중...
[2026-09-26 20:32:27,745][INFO|database.py-upgrade_schema:285] >> 테이블 'mysafety_entry_value' 생성 중...
[2026-09-26 20:32:27,752][INFO|database.py-upgrade_schema:285] >> 테이블 'mysafety_geocode_cache' 생성 중...
[2026-09-26 20:32:27,754][INFO|database.py-upgrade_schema:285] >> 테이블 'mysafety_raw_content' 생성 중...
[2026-09-26 20:32:27,756][INFO|database.py-upgrade_schema:285] >> 테이블 'mysafety_report_override' 생성 중...
[2026-09-26 20:32:27,757][INFO|database.py-upgrade_schema:285] >> 테이블 'mysafety_sync_meta' 생성 중...
[2026-09-26 20:32:27,759][INFO|database.py-upgrade_schema:285] >> 테이블 'mysafety_watchlist' 생성 중...
[2026-09-26 20:32:27,761][INFO|database.py-upgrade_schema:285] >> 테이블 'mysafetydetail_other' 생성 중...
[2026-09-26 20:32:27,763][INFO|database.py-upgrade_schema:285] >> 테이블 'mysafetydetail_parking' 생성 중...
[2026-09-26 20:32:27,764][INFO|database.py-upgrade_schema:285] >> 테이블 'mysafetydetail_traffic' 생성 중...
[2026-09-26 20:32:27,767][INFO|database.py-upgrade_schema:285] >> 테이블 'mysafetymerge_other' 생성 중...
[2026-09-26 20:32:27,769][INFO|database.py-upgrade_schema:285] >> 테이블 'mysafetymerge_parking' 생성 중...
[2026-09-26 20:32:27,772][INFO|database.py-upgrade_schema:285] >> 테이블 'mysafetymerge_traffic' 생성 중...
[2026-09-26 20:32:27,778][INFO|database.py-_apply_versioned_migrations:452] >> [schema] DB 스키마 버전 1 적용
[2026-09-26 20:32:27,788][INFO|database.py-_apply_versioned_migrations:452] >> [schema] DB 스키마 버전 2 적용
[2026-09-26 20:32:27,790][INFO|database.py-_apply_versioned_migrations:452] >> [schema] DB 스키마 버전 3 적용
[2026-09-26 20:32:27,801][INFO|database.py-_apply_versioned_migrations:452] >> [schema] DB 스키마 버전 4 적용
[2026-09-26 20:32:27,828][INFO|duplicate_group_service.py-_log_info:53] >> [duplicate] payload exact 중복군 0개, 멤버 0건 재생성
.[2026-09-26 20:32:27,894][INFO|database.py-upgrade_schema:285] >> 테이블 'admin_users' 생성 중...
[2026-09-26 20:32:27,897][INFO|database.py-upgrade_schema:285] >> 테이블 'api_keys' 생성 중...
[2026-09-26 20:32:27,898][INFO|database.py-upgrade_schema:285] >> 테이블 'mysafety' 생성 중...
[2026-09-26 20:32:27,900][INFO|database.py-upgrade_schema:285] >> 테이블 'mysafety_change_cursor' 생성 중...
[2026-09-26 20:32:27,901][INFO|database.py-upgrade_schema:285] >> 테이블 'mysafety_change_log' 생성 중...
[2026-09-26 20:32:27,903][INFO|database.py-upgrade_schema:285] >> 테이블 'mysafety_duplicate_decision' 생성 중...
[2026-09-26 20:32:27,904][INFO|database.py-upgrade_schema:285] >> 테이블 'mysafety_duplicate_group' 생성 중...
[2026-09-26 20:32:27,906][INFO|database.py-upgrade_schema:285] >> 테이블 'mysafety_duplicate_member' 생성 중...
[2026-09-26 20:32:27,907][INFO|database.py-upgrade_schema:285] >> 테이블 'mysafety_entry_value' 생성 중...
[2026-09-26 20:32:27,909][INFO|database.py-upgrade_schema:285] >> 테이블 'mysafety_geocode_cache' 생성 중...
[2026-09-26 20:32:27,910][INFO|database.py-upgrade_schema:285] >> 테이블 'mysafety_raw_content' 생성 중...
[2026-09-26 20:32:27,912][INFO|database.py-upgrade_schema:285] >> 테이블 'mysafety_report_override' 생성 중...
[2026-09-26 20:32:27,913][INFO|database.py-upgrade_schema:285] >> 테이블 'mysafety_sync_meta' 생성 중...
[2026-09-26 20:32:27,917][INFO|database.py-upgrade_schema:285] >> 테이블 'mysafety_watchlist' 생성 중...
[2026-09-26 20:32:27,918][INFO|database.py-upgrade_schema:285] >> 테이블 'mysafetydetail_other' 생성 중...
[2026-09-26 20:32:27,920][INFO|database.py-upgrade_schema:285] >> 테이블 'mysafetydetail_parking' 생성 중...
[2026-09-26 20:32:27,926][INFO|database.py-upgrade_schema:285] >> 테이블 'mysafetydetail_traffic' 생성 중...
[2026-09-26 20:32:27,928][INFO|database.py-upgrade_schema:285] >> 테이블 'mysafetymerge_other' 생성 중...
[2026-09-26 20:32:27,931][INFO|database.py-upgrade_schema:285] >> 테이블 'mysafetymerge_parking' 생성 중...
[2026-09-26 20:32:27,933][INFO|database.py-upgrade_schema:285] >> 테이블 'mysafetymerge_traffic' 생성 중...
[2026-09-26 20:32:27,936][INFO|database.py-_apply_versioned_migrations:452] >> [schema] DB 스키마 버전 1 적용
[2026-09-26 20:32:27,944][INFO|database.py-_apply_versioned_migrations:452] >> [schema] DB 스키마 버전 2 적용
[2026-09-26 20:32:27,946][INFO|database.py-_apply_versioned_migrations:452] >> [schema] DB 스키마 버전 3 적용
[2026-09-26 20:32:27,957][INFO|database.py-_apply_versioned_migrations:452] >> [schema] DB 스키마 버전 4 적용
[2026-09-26 20:32:27,983][INFO|duplicate_group_service.py-_log_info:53] >> [duplicate] payload exact 중복군 0개, 멤버 0건 재생성
[2026-09-26 20:32:28,038][INFO|duplicate_group_service.py-_log_info:53] >> [duplicate] payload exact 중복군 0개, 멤버 0건 재생성
[2026-09-26 20:32:28,042][INFO|database.py-detail_to_sql:723] >> 총 1건 detail 저장 완료. (변경/신규: 1건, 실패: 0건)
.[2026-09-26 20:32:28,053][INFO|database.py-upgrade_schema:285] >> 테이블 'admin_users' 생성 중...
[2026-09-26 20:32:28,056][INFO|database.py-upgrade_schema:285] >> 테이블 'api_keys' 생성 중...
[2026-09-26 20:32:28,058][INFO|database.py-upgrade_schema:285] >> 테이블 'mysafety' 생성 중...
[2026-09-26 20:32:28,060][INFO|database.py-upgrade_schema:285] >> 테이블 'mysafety_change_cursor' 생성 중...
[2026-09-26 20:32:28,062][INFO|database.py-upgrade_schema:285] >> 테이블 'mysafety_change_log' 생성 중...
[2026-09-26 20:32:28,063][INFO|database.py-upgrade_schema:285] >> 테이블 'mysafety_duplicate_decision' 생성 중...
[2026-09-26 20:32:28,068][INFO|database.py-upgrade_schema:285] >> 테이블 'mysafety_duplicate_group' 생성 중...
[2026-09-26 20:32:28,070][INFO|database.py-upgrade_schema:285] >> 테이블 'mysafety_duplicate_member' 생성 중...
[2026-09-26 20:32:28,077][INFO|database.py-upgrade_schema:285] >> 테이블 'mysafety_entry_value' 생성 중...
[2026-09-26 20:32:28,079][INFO|database.py-upgrade_schema:285] >> 테이블 'mysafety_geocode_cache' 생성 중...
[2026-09-26 20:32:28,082][INFO|database.py-upgrade_schema:285] >> 테이블 'mysafety_raw_content' 생성 중...
[2026-09-26 20:32:28,084][INFO|database.py-upgrade_schema:285] >> 테이블 'mysafety_report_override' 생성 중...
[2026-09-26 20:32:28,086][INFO|database.py-upgrade_schema:285] >> 테이블 'mysafety_sync_meta' 생성 중...
[2026-09-26 20:32:28,088][INFO|database.py-upgrade_schema:285] >> 테이블 'mysafety_watchlist' 생성 중...
[2026-09-26 20:32:28,090][INFO|database.py-upgrade_schema:285] >> 테이블 'mysafetydetail_other' 생성 중...
[2026-09-26 20:32:28,093][INFO|database.py-upgrade_schema:285] >> 테이블 'mysafetydetail_parking' 생성 중...
[2026-09-26 20:32:28,095][INFO|database.py-upgrade_schema:285] >> 테이블 'mysafetydetail_traffic' 생성 중...
[2026-09-26 20:32:28,097][INFO|database.py-upgrade_schema:285] >> 테이블 'mysafetymerge_other' 생성 중...
[2026-09-26 20:32:28,100][INFO|database.py-upgrade_schema:285] >> 테이블 'mysafetymerge_parking' 생성 중...
[2026-09-26 20:32:28,102][INFO|database.py-upgrade_schema:285] >> 테이블 'mysafetymerge_traffic' 생성 중...
[2026-09-26 20:32:28,107][INFO|database.py-_apply_versioned_migrations:452] >> [schema] DB 스키마 버전 1 적용
[2026-09-26 20:32:28,117][INFO|database.py-_apply_versioned_migrations:452] >> [schema] DB 스키마 버전 2 적용
[2026-09-26 20:32:28,119][INFO|database.py-_apply_versioned_migrations:452] >> [schema] DB 스키마 버전 3 적용
[2026-09-26 20:32:28,131][INFO|database.py-_apply_versioned_migrations:452] >> [schema] DB 스키마 버전 4 적용
[2026-09-26 20:32:28,159][INFO|duplicate_group_service.py-_log_info:53] >> [duplicate] payload exact 중복군 0개, 멤버 0건 재생성
.[2026-09-26 20:32:28,230][INFO|database.py-upgrade_schema:285] >> 테이블 'admin_users' 생성 중...
[2026-09-26 20:32:28,233][INFO|database.py-upgrade_schema:285] >> 테이블 'api_keys' 생성 중...
[2026-09-26 20:32:28,235][INFO|database.py-upgrade_schema:285] >> 테이블 'mysafety' 생성 중...
[2026-09-26 20:32:28,238][INFO|database.py-upgrade_schema:285] >> 테이블 'mysafety_change_cursor' 생성 중...
[2026-09-26 20:32:28,240][INFO|database.py-upgrade_schema:285] >> 테이블 'mysafety_change_log' 생성 중...
[2026-09-26 20:32:28,241][INFO|database.py-upgrade_schema:285] >> 테이블 'mysafety_duplicate_decision' 생성 중...
[2026-09-26 20:32:28,243][INFO|database.py-upgrade_schema:285] >> 테이블 'mysafety_duplicate_group' 생성 중...
[2026-09-26 20:32:28,251][INFO|database.py-upgrade_schema:285] >> 테이블 'mysafety_duplicate_member' 생성 중...
[2026-09-26 20:32:28,255][INFO|database.py-upgrade_schema:285] >> 테이블 'mysafety_entry_value' 생성 중...
[2026-09-26 20:32:28,259][INFO|database.py-upgrade_schema:285] >> 테이블 'mysafety_geocode_cache' 생성 중...
[2026-09-26 20:32:28,264][INFO|database.py-upgrade_schema:285] >> 테이블 'mysafety_raw_content' 생성 중...
[2026-09-26 20:32:28,271][INFO|database.py-upgrade_schema:285] >> 테이블 'mysafety_report_override' 생성 중...
[2026-09-26 20:32:28,273][INFO|database.py-upgrade_schema:285] >> 테이블 'mysafety_sync_meta' 생성 중...
[2026-09-26 20:32:28,276][INFO|database.py-upgrade_schema:285] >> 테이블 'mysafety_watchlist' 생성 중...
[2026-09-26 20:32:28,279][INFO|database.py-upgrade_schema:285] >> 테이블 'mysafetydetail_other' 생성 중...
[2026-09-26 20:32:28,284][INFO|database.py-upgrade_schema:285] >> 테이블 'mysafetydetail_parking' 생성 중...
[2026-09-26 20:32:28,288][INFO|database.py-upgrade_schema:285] >> 테이블 'mysafetydetail_traffic' 생성 중...
[2026-09-26 20:32:28,297][INFO|database.py-upgrade_schema:285] >> 테이블 'mysafetymerge_other' 생성 중...
[2026-09-26 20:32:28,304][INFO|database.py-upgrade_schema:285] >> 테이블 'mysafetymerge_parking' 생성 중...
[2026-09-26 20:32:28,309][INFO|database.py-upgrade_schema:285] >> 테이블 'mysafetymerge_traffic' 생성 중...
[2026-09-26 20:32:28,320][INFO|database.py-_apply_versioned_migrations:452] >> [schema] DB 스키마 버전 1 적용
[2026-09-26 20:32:28,340][INFO|database.py-_apply_versioned_migrations:452] >> [schema] DB 스키마 버전 2 적용
[2026-09-26 20:32:28,346][INFO|database.py-_apply_versioned_migrations:452] >> [schema] DB 스키마 버전 3 적용
[2026-09-26 20:32:28,385][INFO|database.py-_apply_versioned_migrations:452] >> [schema] DB 스키마 버전 4 적용
[2026-09-26 20:32:28,421][INFO|duplicate_group_service.py-_log_info:53] >> [duplicate] payload exact 중복군 0개, 멤버 0건 재생성
[2026-09-26 20:32:28,451][INFO|geocode_service.py-ensure_map_backfill_started:763] >> [geocode] 카카오 REST API 키가 없어 신규 지도 지오코딩 백필을 시작하지 않습니다.
.[2026-09-26 20:32:28,476][INFO|database.py-upgrade_schema:285] >> 테이블 'admin_users' 생성 중...
[2026-09-26 20:32:28,520][INFO|database.py-upgrade_schema:285] >> 테이블 'api_keys' 생성 중...
[2026-09-26 20:32:28,526][INFO|database.py-upgrade_schema:285] >> 테이블 'mysafety' 생성 중...
[2026-09-26 20:32:28,530][INFO|database.py-upgrade_schema:285] >> 테이블 'mysafety_change_cursor' 생성 중...
[2026-09-26 20:32:28,533][INFO|database.py-upgrade_schema:285] >> 테이블 'mysafety_change_log' 생성 중...
[2026-09-26 20:32:28,541][INFO|database.py-upgrade_schema:285] >> 테이블 'mysafety_duplicate_decision' 생성 중...
[2026-09-26 20:32:28,545][INFO|database.py-upgrade_schema:285] >> 테이블 'mysafety_duplicate_group' 생성 중...
[2026-09-26 20:32:28,554][INFO|database.py-upgrade_schema:285] >> 테이블 'mysafety_duplicate_member' 생성 중...
[2026-09-26 20:32:28,560][INFO|database.py-upgrade_schema:285] >> 테이블 'mysafety_entry_value' 생성 중...
[2026-09-26 20:32:28,564][INFO|database.py-upgrade_schema:285] >> 테이블 'mysafety_geocode_cache' 생성 중...
[2026-09-26 20:32:28,567][INFO|database.py-upgrade_schema:285] >> 테이블 'mysafety_raw_content' 생성 중...
[2026-09-26 20:32:28,573][INFO|database.py-upgrade_schema:285] >> 테이블 'mysafety_report_override' 생성 중...
[2026-09-26 20:32:28,577][INFO|database.py-upgrade_schema:285] >> 테이블 'mysafety_sync_meta' 생성 중...
[2026-09-26 20:32:28,582][INFO|database.py-upgrade_schema:285] >> 테이블 'mysafety_watchlist' 생성 중...
[2026-09-26 20:32:28,587][INFO|database.py-upgrade_schema:285] >> 테이블 'mysafetydetail_other' 생성 중...
[2026-09-26 20:32:28,590][INFO|database.py-upgrade_schema:285] >> 테이블 'mysafetydetail_parking' 생성 중...
[2026-09-26 20:32:28,594][INFO|database.py-upgrade_schema:285] >> 테이블 'mysafetydetail_traffic' 생성 중...
[2026-09-26 20:32:28,597][INFO|database.py-upgrade_schema:285] >> 테이블 'mysafetymerge_other' 생성 중...
[2026-09-26 20:32:28,607][INFO|database.py-upgrade_schema:285] >> 테이블 'mysafetymerge_parking' 생성 중...
[2026-09-26 20:32:28,615][INFO|database.py-upgrade_schema:285] >> 테이블 'mysafetymerge_traffic' 생성 중...
[2026-09-26 20:32:28,630][INFO|database.py-_apply_versioned_migrations:452] >> [schema] DB 스키마 버전 1 적용
[2026-09-26 20:32:28,645][INFO|database.py-_apply_versioned_migrations:452] >> [schema] DB 스키마 버전 2 적용
[2026-09-26 20:32:28,649][INFO|database.py-_apply_versioned_migrations:452] >> [schema] DB 스키마 버전 3 적용
[2026-09-26 20:32:28,705][INFO|database.py-_apply_versioned_migrations:452] >> [schema] DB 스키마 버전 4 적용
[2026-09-26 20:32:28,733][INFO|duplicate_group_service.py-_log_info:53] >> [duplicate] payload exact 중복군 0개, 멤버 0건 재생성
[2026-09-26 20:32:28,745][WARNING|geocode_service.py-get_backfill_progress:250] >> [geocode] 진행 상태 lease 만료로 간주하여 비동기 백필을 중단 처리합니다.
.[2026-09-26 20:32:28,782][INFO|database.py-upgrade_schema:285] >> 테이블 'admin_users' 생성 중...
[2026-09-26 20:32:28,792][INFO|database.py-upgrade_schema:285] >> 테이블 'api_keys' 생성 중...
[2026-09-26 20:32:28,796][INFO|database.py-upgrade_schema:285] >> 테이블 'mysafety' 생성 중...
[2026-09-26 20:32:28,800][INFO|database.py-upgrade_schema:285] >> 테이블 'mysafety_change_cursor' 생성 중...
[2026-09-26 20:32:28,807][INFO|database.py-upgrade_schema:285] >> 테이블 'mysafety_change_log' 생성 중...
[2026-09-26 20:32:28,812][INFO|database.py-upgrade_schema:285] >> 테이블 'mysafety_duplicate_decision' 생성 중...
[2026-09-26 20:32:28,818][INFO|database.py-upgrade_schema:285] >> 테이블 'mysafety_duplicate_group' 생성 중...
[2026-09-26 20:32:28,825][INFO|database.py-upgrade_schema:285] >> 테이블 'mysafety_duplicate_member' 생성 중...
[2026-09-26 20:32:28,831][INFO|database.py-upgrade_schema:285] >> 테이블 'mysafety_entry_value' 생성 중...
[2026-09-26 20:32:28,838][INFO|database.py-upgrade_schema:285] >> 테이블 'mysafety_geocode_cache' 생성 중...
[2026-09-26 20:32:28,842][INFO|database.py-upgrade_schema:285] >> 테이블 'mysafety_raw_content' 생성 중...
[2026-09-26 20:32:28,854][INFO|database.py-upgrade_schema:285] >> 테이블 'mysafety_report_override' 생성 중...
[2026-09-26 20:32:28,857][INFO|database.py-upgrade_schema:285] >> 테이블 'mysafety_sync_meta' 생성 중...
[2026-09-26 20:32:28,863][INFO|database.py-upgrade_schema:285] >> 테이블 'mysafety_watchlist' 생성 중...
[2026-09-26 20:32:28,869][INFO|database.py-upgrade_schema:285] >> 테이블 'mysafetydetail_other' 생성 중...
[2026-09-26 20:32:28,874][INFO|database.py-upgrade_schema:285] >> 테이블 'mysafetydetail_parking' 생성 중...
[2026-09-26 20:32:28,880][INFO|database.py-upgrade_schema:285] >> 테이블 'mysafetydetail_traffic' 생성 중...
[2026-09-26 20:32:28,887][INFO|database.py-upgrade_schema:285] >> 테이블 'mysafetymerge_other' 생성 중...
[2026-09-26 20:32:28,892][INFO|database.py-upgrade_schema:285] >> 테이블 'mysafetymerge_parking' 생성 중...
[2026-09-26 20:32:28,896][INFO|database.py-upgrade_schema:285] >> 테이블 'mysafetymerge_traffic' 생성 중...
[2026-09-26 20:32:28,910][INFO|database.py-_apply_versioned_migrations:452] >> [schema] DB 스키마 버전 1 적용
[2026-09-26 20:32:28,928][INFO|database.py-_apply_versioned_migrations:452] >> [schema] DB 스키마 버전 2 적용
[2026-09-26 20:32:28,931][INFO|database.py-_apply_versioned_migrations:452] >> [schema] DB 스키마 버전 3 적용
[2026-09-26 20:32:28,974][INFO|database.py-_apply_versioned_migrations:452] >> [schema] DB 스키마 버전 4 적용
[2026-09-26 20:32:29,008][INFO|duplicate_group_service.py-_log_info:53] >> [duplicate] payload exact 중복군 0개, 멤버 0건 재생성
[2026-09-26 20:32:29,091][INFO|database.py-backfill_synced_at:100] >> [migration] mysafetydetail_traffic synced_at 백필: 12건, 미해결 0건
[2026-09-26 20:32:29,095][INFO|database.py-backfill_synced_at:100] >> [migration] mysafetydetail_parking synced_at 백필: 6건, 미해결 0건
[2026-09-26 20:32:29,101][INFO|database.py-backfill_synced_at:100] >> [migration] mysafetydetail_other synced_at 백필: 6건, 미해결 0건
[2026-09-26 20:32:29,105][INFO|database.py-backfill_synced_at:105] >> [migration] synced_at 백필 완료: 총 24건 갱신, merge 재생성 시작
[2026-09-26 20:32:29,154][INFO|database.py-merge_final:736] >> 최종 데이터 병합 완료 (Traffic/Parking/Other 분리)
[2026-09-26 20:32:29,220][INFO|duplicate_group_service.py-_log_info:53] >> [duplicate] payload exact 중복군 1개, 멤버 2건 재생성
[2026-09-26 20:32:29,252][INFO|database.py-merge_final:736] >> 최종 데이터 병합 완료 (Traffic/Parking/Other 분리)
[2026-09-26 20:32:29,293][INFO|duplicate_group_service.py-_log_info:53] >> [duplicate] payload exact 중복군 1개, 멤버 2건 재생성
[2026-09-26 20:32:29,511][INFO|maintenance_service.py-repair_car_numbers:135] >> [maintenance] 차량번호 다시 뽑기: 1건
.[2026-09-26 20:32:29,541][INFO|database.py-upgrade_schema:285] >> 테이블 'admin_users' 생성 중...
[2026-09-26 20:32:29,549][INFO|database.py-upgrade_schema:285] >> 테이블 'api_keys' 생성 중...
[2026-09-26 20:32:29,560][INFO|database.py-upgrade_schema:285] >> 테이블 'mysafety' 생성 중...
[2026-09-26 20:32:29,567][INFO|database.py-upgrade_schema:285] >> 테이블 'mysafety_change_cursor' 생성 중...
[2026-09-26 20:32:29,572][INFO|database.py-upgrade_schema:285] >> 테이블 'mysafety_change_log' 생성 중...
[2026-09-26 20:32:29,576][INFO|database.py-upgrade_schema:285] >> 테이블 'mysafety_duplicate_decision' 생성 중...
[2026-09-26 20:32:29,579][INFO|database.py-upgrade_schema:285] >> 테이블 'mysafety_duplicate_group' 생성 중...
[2026-09-26 20:32:29,586][INFO|database.py-upgrade_schema:285] >> 테이블 'mysafety_duplicate_member' 생성 중...
[2026-09-26 20:32:29,590][INFO|database.py-upgrade_schema:285] >> 테이블 'mysafety_entry_value' 생성 중...
[2026-09-26 20:32:29,593][INFO|database.py-upgrade_schema:285] >> 테이블 'mysafety_geocode_cache' 생성 중...
[2026-09-26 20:32:29,596][INFO|database.py-upgrade_schema:285] >> 테이블 'mysafety_raw_content' 생성 중...
[2026-09-26 20:32:29,599][INFO|database.py-upgrade_schema:285] >> 테이블 'mysafety_report_override' 생성 중...
[2026-09-26 20:32:29,605][INFO|database.py-upgrade_schema:285] >> 테이블 'mysafety_sync_meta' 생성 중...
[2026-09-26 20:32:29,609][INFO|database.py-upgrade_schema:285] >> 테이블 'mysafety_watchlist' 생성 중...
[2026-09-26 20:32:29,615][INFO|database.py-upgrade_schema:285] >> 테이블 'mysafetydetail_other' 생성 중...
[2026-09-26 20:32:29,626][INFO|database.py-upgrade_schema:285] >> 테이블 'mysafetydetail_parking' 생성 중...
[2026-09-26 20:32:29,632][INFO|database.py-upgrade_schema:285] >> 테이블 'mysafetydetail_traffic' 생성 중...
[2026-09-26 20:32:29,637][INFO|database.py-upgrade_schema:285] >> 테이블 'mysafetymerge_other' 생성 중...
[2026-09-26 20:32:29,642][INFO|database.py-upgrade_schema:285] >> 테이블 'mysafetymerge_parking' 생성 중...
[2026-09-26 20:32:29,647][INFO|database.py-upgrade_schema:285] >> 테이블 'mysafetymerge_traffic' 생성 중...
[2026-09-26 20:32:29,657][INFO|database.py-_apply_versioned_migrations:452] >> [schema] DB 스키마 버전 1 적용
[2026-09-26 20:32:29,673][INFO|database.py-_apply_versioned_migrations:452] >> [schema] DB 스키마 버전 2 적용
[2026-09-26 20:32:29,676][INFO|database.py-_apply_versioned_migrations:452] >> [schema] DB 스키마 버전 3 적용
[2026-09-26 20:32:29,713][INFO|database.py-_apply_versioned_migrations:452] >> [schema] DB 스키마 버전 4 적용
[2026-09-26 20:32:29,768][INFO|duplicate_group_service.py-_log_info:53] >> [duplicate] payload exact 중복군 0개, 멤버 0건 재생성
[2026-09-26 20:32:29,869][INFO|database.py-backfill_synced_at:100] >> [migration] mysafetydetail_traffic synced_at 백필: 12건, 미해결 0건
[2026-09-26 20:32:29,873][INFO|database.py-backfill_synced_at:100] >> [migration] mysafetydetail_parking synced_at 백필: 6건, 미해결 0건
[2026-09-26 20:32:29,878][INFO|database.py-backfill_synced_at:100] >> [migration] mysafetydetail_other synced_at 백필: 6건, 미해결 0건
[2026-09-26 20:32:29,885][INFO|database.py-backfill_synced_at:105] >> [migration] synced_at 백필 완료: 총 24건 갱신, merge 재생성 시작
[2026-09-26 20:32:29,911][INFO|database.py-merge_final:736] >> 최종 데이터 병합 완료 (Traffic/Parking/Other 분리)
[2026-09-26 20:32:29,968][INFO|duplicate_group_service.py-_log_info:53] >> [duplicate] payload exact 중복군 1개, 멤버 2건 재생성
[2026-09-26 20:32:29,990][INFO|database.py-merge_final:736] >> 최종 데이터 병합 완료 (Traffic/Parking/Other 분리)
[2026-09-26 20:32:30,040][INFO|duplicate_group_service.py-_log_info:53] >> [duplicate] payload exact 중복군 1개, 멤버 2건 재생성
[2026-09-26 20:32:30,322][INFO|maintenance_service.py-start_photo_backfill:95] >> [maintenance] 사진 촬영 시각 한 번 훑기 시작: 3건
[2026-09-26 20:32:30,363][INFO|maintenance_service.py-_run_photo_job:78] >> [maintenance] 사진 촬영 시각 한 번 훑기 끝: 채움 2, 실패 1
[2026-09-26 20:32:30,364][INFO|maintenance_service.py-start_photo_backfill:95] >> [maintenance] 사진 촬영 시각 한 번 훑기 시작: 1건
[2026-09-26 20:32:30,373][INFO|maintenance_service.py-_run_photo_job:78] >> [maintenance] 사진 촬영 시각 한 번 훑기 끝: 채움 1, 실패 0
.[2026-09-26 20:32:30,393][INFO|database.py-upgrade_schema:285] >> 테이블 'admin_users' 생성 중...
[2026-09-26 20:32:30,402][INFO|database.py-upgrade_schema:285] >> 테이블 'api_keys' 생성 중...
[2026-09-26 20:32:30,444][INFO|database.py-upgrade_schema:285] >> 테이블 'mysafety' 생성 중...
[2026-09-26 20:32:30,447][INFO|database.py-upgrade_schema:285] >> 테이블 'mysafety_change_cursor' 생성 중...
[2026-09-26 20:32:30,456][INFO|database.py-upgrade_schema:285] >> 테이블 'mysafety_change_log' 생성 중...
[2026-09-26 20:32:30,459][INFO|database.py-upgrade_schema:285] >> 테이블 'mysafety_duplicate_decision' 생성 중...
[2026-09-26 20:32:30,468][INFO|database.py-upgrade_schema:285] >> 테이블 'mysafety_duplicate_group' 생성 중...
[2026-09-26 20:32:30,479][INFO|database.py-upgrade_schema:285] >> 테이블 'mysafety_duplicate_member' 생성 중...
[2026-09-26 20:32:30,487][INFO|database.py-upgrade_schema:285] >> 테이블 'mysafety_entry_value' 생성 중...
[2026-09-26 20:32:30,492][INFO|database.py-upgrade_schema:285] >> 테이블 'mysafety_geocode_cache' 생성 중...
[2026-09-26 20:32:30,496][INFO|database.py-upgrade_schema:285] >> 테이블 'mysafety_raw_content' 생성 중...
[2026-09-26 20:32:30,499][INFO|database.py-upgrade_schema:285] >> 테이블 'mysafety_report_override' 생성 중...
[2026-09-26 20:32:30,509][INFO|database.py-upgrade_schema:285] >> 테이블 'mysafety_sync_meta' 생성 중...
[2026-09-26 20:32:30,518][INFO|database.py-upgrade_schema:285] >> 테이블 'mysafety_watchlist' 생성 중...
[2026-09-26 20:32:30,522][INFO|database.py-upgrade_schema:285] >> 테이블 'mysafetydetail_other' 생성 중...
[2026-09-26 20:32:30,526][INFO|database.py-upgrade_schema:285] >> 테이블 'mysafetydetail_parking' 생성 중...
[2026-09-26 20:32:30,532][INFO|database.py-upgrade_schema:285] >> 테이블 'mysafetydetail_traffic' 생성 중...
[2026-09-26 20:32:30,539][INFO|database.py-upgrade_schema:285] >> 테이블 'mysafetymerge_other' 생성 중...
[2026-09-26 20:32:30,543][INFO|database.py-upgrade_schema:285] >> 테이블 'mysafetymerge_parking' 생성 중...
[2026-09-26 20:32:30,546][INFO|database.py-upgrade_schema:285] >> 테이블 'mysafetymerge_traffic' 생성 중...
[2026-09-26 20:32:30,556][INFO|database.py-_apply_versioned_migrations:452] >> [schema] DB 스키마 버전 1 적용
[2026-09-26 20:32:30,566][INFO|database.py-_apply_versioned_migrations:452] >> [schema] DB 스키마 버전 2 적용
[2026-09-26 20:32:30,569][INFO|database.py-_apply_versioned_migrations:452] >> [schema] DB 스키마 버전 3 적용
[2026-09-26 20:32:30,618][INFO|database.py-_apply_versioned_migrations:452] >> [schema] DB 스키마 버전 4 적용
[2026-09-26 20:32:30,701][INFO|duplicate_group_service.py-_log_info:53] >> [duplicate] payload exact 중복군 0개, 멤버 0건 재생성
[2026-09-26 20:32:30,745][INFO|database.py-backfill_synced_at:100] >> [migration] mysafetydetail_traffic synced_at 백필: 12건, 미해결 0건
[2026-09-26 20:32:30,748][INFO|database.py-backfill_synced_at:100] >> [migration] mysafetydetail_parking synced_at 백필: 6건, 미해결 0건
[2026-09-26 20:32:30,752][INFO|database.py-backfill_synced_at:100] >> [migration] mysafetydetail_other synced_at 백필: 6건, 미해결 0건
[2026-09-26 20:32:30,756][INFO|database.py-backfill_synced_at:105] >> [migration] synced_at 백필 완료: 총 24건 갱신, merge 재생성 시작
[2026-09-26 20:32:30,772][INFO|database.py-merge_final:736] >> 최종 데이터 병합 완료 (Traffic/Parking/Other 분리)
[2026-09-26 20:32:30,809][INFO|duplicate_group_service.py-_log_info:53] >> [duplicate] payload exact 중복군 1개, 멤버 2건 재생성
[2026-09-26 20:32:30,823][INFO|database.py-merge_final:736] >> 최종 데이터 병합 완료 (Traffic/Parking/Other 분리)
[2026-09-26 20:32:30,853][INFO|duplicate_group_service.py-_log_info:53] >> [duplicate] payload exact 중복군 1개, 멤버 2건 재생성
[2026-09-26 20:32:31,038][INFO|maintenance_service.py-start_photo_backfill:95] >> [maintenance] 사진 촬영 시각 한 번 훑기 시작: 3건
[2026-09-26 20:32:31,104][INFO|maintenance_service.py-_run_photo_job:78] >> [maintenance] 사진 촬영 시각 한 번 훑기 끝: 채움 3, 실패 0
.[2026-09-26 20:32:31,124][INFO|database.py-upgrade_schema:285] >> 테이블 'admin_users' 생성 중...
[2026-09-26 20:32:31,131][INFO|database.py-upgrade_schema:285] >> 테이블 'api_keys' 생성 중...
[2026-09-26 20:32:31,135][INFO|database.py-upgrade_schema:285] >> 테이블 'mysafety' 생성 중...
[2026-09-26 20:32:31,141][INFO|database.py-upgrade_schema:285] >> 테이블 'mysafety_change_cursor' 생성 중...
[2026-09-26 20:32:31,147][INFO|database.py-upgrade_schema:285] >> 테이블 'mysafety_change_log' 생성 중...
[2026-09-26 20:32:31,151][INFO|database.py-upgrade_schema:285] >> 테이블 'mysafety_duplicate_decision' 생성 중...
[2026-09-26 20:32:31,156][INFO|database.py-upgrade_schema:285] >> 테이블 'mysafety_duplicate_group' 생성 중...
[2026-09-26 20:32:31,160][INFO|database.py-upgrade_schema:285] >> 테이블 'mysafety_duplicate_member' 생성 중...
[2026-09-26 20:32:31,166][INFO|database.py-upgrade_schema:285] >> 테이블 'mysafety_entry_value' 생성 중...
[2026-09-26 20:32:31,169][INFO|database.py-upgrade_schema:285] >> 테이블 'mysafety_geocode_cache' 생성 중...
[2026-09-26 20:32:31,175][INFO|database.py-upgrade_schema:285] >> 테이블 'mysafety_raw_content' 생성 중...
[2026-09-26 20:32:31,181][INFO|database.py-upgrade_schema:285] >> 테이블 'mysafety_report_override' 생성 중...
[2026-09-26 20:32:31,184][INFO|database.py-upgrade_schema:285] >> 테이블 'mysafety_sync_meta' 생성 중...
[2026-09-26 20:32:31,187][INFO|database.py-upgrade_schema:285] >> 테이블 'mysafety_watchlist' 생성 중...
[2026-09-26 20:32:31,190][INFO|database.py-upgrade_schema:285] >> 테이블 'mysafetydetail_other' 생성 중...
[2026-09-26 20:32:31,193][INFO|database.py-upgrade_schema:285] >> 테이블 'mysafetydetail_parking' 생성 중...
[2026-09-26 20:32:31,200][INFO|database.py-upgrade_schema:285] >> 테이블 'mysafetydetail_traffic' 생성 중...
[2026-09-26 20:32:31,204][INFO|database.py-upgrade_schema:285] >> 테이블 'mysafetymerge_other' 생성 중...
[2026-09-26 20:32:31,211][INFO|database.py-upgrade_schema:285] >> 테이블 'mysafetymerge_parking' 생성 중...
[2026-09-26 20:32:31,214][INFO|database.py-upgrade_schema:285] >> 테이블 'mysafetymerge_traffic' 생성 중...
[2026-09-26 20:32:31,221][INFO|database.py-_apply_versioned_migrations:452] >> [schema] DB 스키마 버전 1 적용
[2026-09-26 20:32:31,229][INFO|database.py-_apply_versioned_migrations:452] >> [schema] DB 스키마 버전 2 적용
[2026-09-26 20:32:31,234][INFO|database.py-_apply_versioned_migrations:452] >> [schema] DB 스키마 버전 3 적용
[2026-09-26 20:32:31,264][INFO|database.py-_apply_versioned_migrations:452] >> [schema] DB 스키마 버전 4 적용
[2026-09-26 20:32:31,295][INFO|duplicate_group_service.py-_log_info:53] >> [duplicate] payload exact 중복군 0개, 멤버 0건 재생성
[2026-09-26 20:32:31,331][INFO|database.py-backfill_synced_at:100] >> [migration] mysafetydetail_traffic synced_at 백필: 12건, 미해결 0건
[2026-09-26 20:32:31,335][INFO|database.py-backfill_synced_at:100] >> [migration] mysafetydetail_parking synced_at 백필: 6건, 미해결 0건
[2026-09-26 20:32:31,338][INFO|database.py-backfill_synced_at:100] >> [migration] mysafetydetail_other synced_at 백필: 6건, 미해결 0건
[2026-09-26 20:32:31,340][INFO|database.py-backfill_synced_at:105] >> [migration] synced_at 백필 완료: 총 24건 갱신, merge 재생성 시작
[2026-09-26 20:32:31,356][INFO|database.py-merge_final:736] >> 최종 데이터 병합 완료 (Traffic/Parking/Other 분리)
[2026-09-26 20:32:31,391][INFO|duplicate_group_service.py-_log_info:53] >> [duplicate] payload exact 중복군 1개, 멤버 2건 재생성
[2026-09-26 20:32:31,408][INFO|database.py-merge_final:736] >> 최종 데이터 병합 완료 (Traffic/Parking/Other 분리)
[2026-09-26 20:32:31,440][INFO|duplicate_group_service.py-_log_info:53] >> [duplicate] payload exact 중복군 1개, 멤버 2건 재생성
....[2026-09-26 20:32:31,611][WARNING|runtime_mode.py-block_if_fixture:47] >> [fixture] blocked: photo capture fetch
....[2026-09-26 20:32:31,629][INFO|database.py-upgrade_schema:285] >> 테이블 'admin_users' 생성 중...
[2026-09-26 20:32:31,645][INFO|database.py-upgrade_schema:285] >> 테이블 'api_keys' 생성 중...
[2026-09-26 20:32:31,649][INFO|database.py-upgrade_schema:285] >> 테이블 'mysafety' 생성 중...
[2026-09-26 20:32:31,652][INFO|database.py-upgrade_schema:285] >> 테이블 'mysafety_change_cursor' 생성 중...
[2026-09-26 20:32:31,654][INFO|database.py-upgrade_schema:285] >> 테이블 'mysafety_change_log' 생성 중...
[2026-09-26 20:32:31,657][INFO|database.py-upgrade_schema:285] >> 테이블 'mysafety_duplicate_decision' 생성 중...
[2026-09-26 20:32:31,659][INFO|database.py-upgrade_schema:285] >> 테이블 'mysafety_duplicate_group' 생성 중...
[2026-09-26 20:32:31,662][INFO|database.py-upgrade_schema:285] >> 테이블 'mysafety_duplicate_member' 생성 중...
[2026-09-26 20:32:31,664][INFO|database.py-upgrade_schema:285] >> 테이블 'mysafety_entry_value' 생성 중...
[2026-09-26 20:32:31,667][INFO|database.py-upgrade_schema:285] >> 테이블 'mysafety_geocode_cache' 생성 중...
[2026-09-26 20:32:31,670][INFO|database.py-upgrade_schema:285] >> 테이블 'mysafety_raw_content' 생성 중...
[2026-09-26 20:32:31,672][INFO|database.py-upgrade_schema:285] >> 테이블 'mysafety_report_override' 생성 중...
[2026-09-26 20:32:31,675][INFO|database.py-upgrade_schema:285] >> 테이블 'mysafety_sync_meta' 생성 중...
[2026-09-26 20:32:31,678][INFO|database.py-upgrade_schema:285] >> 테이블 'mysafety_watchlist' 생성 중...
[2026-09-26 20:32:31,681][INFO|database.py-upgrade_schema:285] >> 테이블 'mysafetydetail_other' 생성 중...
[2026-09-26 20:32:31,685][INFO|database.py-upgrade_schema:285] >> 테이블 'mysafetydetail_parking' 생성 중...
[2026-09-26 20:32:31,691][INFO|database.py-upgrade_schema:285] >> 테이블 'mysafetydetail_traffic' 생성 중...
[2026-09-26 20:32:31,700][INFO|database.py-upgrade_schema:285] >> 테이블 'mysafetymerge_other' 생성 중...
[2026-09-26 20:32:31,707][INFO|database.py-upgrade_schema:285] >> 테이블 'mysafetymerge_parking' 생성 중...
[2026-09-26 20:32:31,711][INFO|database.py-upgrade_schema:285] >> 테이블 'mysafetymerge_traffic' 생성 중...
[2026-09-26 20:32:31,715][INFO|database.py-_apply_versioned_migrations:452] >> [schema] DB 스키마 버전 1 적용
[2026-09-26 20:32:31,725][INFO|database.py-_apply_versioned_migrations:452] >> [schema] DB 스키마 버전 2 적용
[2026-09-26 20:32:31,727][INFO|database.py-_apply_versioned_migrations:452] >> [schema] DB 스키마 버전 3 적용
[2026-09-26 20:32:31,764][INFO|database.py-_apply_versioned_migrations:452] >> [schema] DB 스키마 버전 4 적용
[2026-09-26 20:32:31,790][INFO|duplicate_group_service.py-_log_info:53] >> [duplicate] payload exact 중복군 0개, 멤버 0건 재생성
[2026-09-26 20:32:31,850][INFO|duplicate_group_service.py-_log_info:53] >> [duplicate] payload exact 중복군 0개, 멤버 0건 재생성
[2026-09-26 20:32:31,852][INFO|database.py-detail_to_sql:723] >> 총 1건 detail 저장 완료. (변경/신규: 1건, 실패: 0건)
[2026-09-26 20:32:31,895][INFO|duplicate_group_service.py-_log_info:53] >> [duplicate] payload exact 중복군 0개, 멤버 0건 재생성
[2026-09-26 20:32:31,897][INFO|database.py-detail_to_sql:723] >> 총 1건 detail 저장 완료. (변경/신규: 0건, 실패: 0건)
.[2026-09-26 20:32:31,912][INFO|database.py-upgrade_schema:285] >> 테이블 'admin_users' 생성 중...
[2026-09-26 20:32:31,917][INFO|database.py-upgrade_schema:285] >> 테이블 'api_keys' 생성 중...
[2026-09-26 20:32:31,923][INFO|database.py-upgrade_schema:285] >> 테이블 'mysafety' 생성 중...
[2026-09-26 20:32:31,926][INFO|database.py-upgrade_schema:285] >> 테이블 'mysafety_change_cursor' 생성 중...
[2026-09-26 20:32:31,929][INFO|database.py-upgrade_schema:285] >> 테이블 'mysafety_change_log' 생성 중...
[2026-09-26 20:32:31,932][INFO|database.py-upgrade_schema:285] >> 테이블 'mysafety_duplicate_decision' 생성 중...
[2026-09-26 20:32:31,935][INFO|database.py-upgrade_schema:285] >> 테이블 'mysafety_duplicate_group' 생성 중...
[2026-09-26 20:32:31,937][INFO|database.py-upgrade_schema:285] >> 테이블 'mysafety_duplicate_member' 생성 중...
[2026-09-26 20:32:31,939][INFO|database.py-upgrade_schema:285] >> 테이블 'mysafety_entry_value' 생성 중...
[2026-09-26 20:32:31,942][INFO|database.py-upgrade_schema:285] >> 테이블 'mysafety_geocode_cache' 생성 중...
[2026-09-26 20:32:31,944][INFO|database.py-upgrade_schema:285] >> 테이블 'mysafety_raw_content' 생성 중...
[2026-09-26 20:32:31,946][INFO|database.py-upgrade_schema:285] >> 테이블 'mysafety_report_override' 생성 중...
[2026-09-26 20:32:31,948][INFO|database.py-upgrade_schema:285] >> 테이블 'mysafety_sync_meta' 생성 중...
[2026-09-26 20:32:31,950][INFO|database.py-upgrade_schema:285] >> 테이블 'mysafety_watchlist' 생성 중...
[2026-09-26 20:32:31,952][INFO|database.py-upgrade_schema:285] >> 테이블 'mysafetydetail_other' 생성 중...
[2026-09-26 20:32:31,954][INFO|database.py-upgrade_schema:285] >> 테이블 'mysafetydetail_parking' 생성 중...
[2026-09-26 20:32:31,956][INFO|database.py-upgrade_schema:285] >> 테이블 'mysafetydetail_traffic' 생성 중...
[2026-09-26 20:32:31,958][INFO|database.py-upgrade_schema:285] >> 테이블 'mysafetymerge_other' 생성 중...
[2026-09-26 20:32:31,960][INFO|database.py-upgrade_schema:285] >> 테이블 'mysafetymerge_parking' 생성 중...
[2026-09-26 20:32:31,962][INFO|database.py-upgrade_schema:285] >> 테이블 'mysafetymerge_traffic' 생성 중...
[2026-09-26 20:32:31,967][INFO|database.py-_apply_versioned_migrations:452] >> [schema] DB 스키마 버전 1 적용
[2026-09-26 20:32:31,976][INFO|database.py-_apply_versioned_migrations:452] >> [schema] DB 스키마 버전 2 적용
[2026-09-26 20:32:31,979][INFO|database.py-_apply_versioned_migrations:452] >> [schema] DB 스키마 버전 3 적용
[2026-09-26 20:32:32,006][INFO|database.py-_apply_versioned_migrations:452] >> [schema] DB 스키마 버전 4 적용
[2026-09-26 20:32:32,033][INFO|duplicate_group_service.py-_log_info:53] >> [duplicate] payload exact 중복군 0개, 멤버 0건 재생성
[2026-09-26 20:32:32,091][INFO|duplicate_group_service.py-_log_info:53] >> [duplicate] payload exact 중복군 0개, 멤버 0건 재생성
[2026-09-26 20:32:32,093][INFO|database.py-detail_to_sql:723] >> 총 1건 detail 저장 완료. (변경/신규: 1건, 실패: 0건)
[2026-09-26 20:32:32,109][INFO|database.py-merge_final:736] >> 최종 데이터 병합 완료 (Traffic/Parking/Other 분리)
[2026-09-26 20:32:32,122][INFO|duplicate_group_service.py-_log_info:53] >> [duplicate] payload exact 중복군 0개, 멤버 0건 재생성
.[2026-09-26 20:32:32,148][INFO|database.py-upgrade_schema:285] >> 테이블 'admin_users' 생성 중...
[2026-09-26 20:32:32,153][INFO|database.py-upgrade_schema:285] >> 테이블 'api_keys' 생성 중...
[2026-09-26 20:32:32,155][INFO|database.py-upgrade_schema:285] >> 테이블 'mysafety' 생성 중...
[2026-09-26 20:32:32,157][INFO|database.py-upgrade_schema:285] >> 테이블 'mysafety_change_cursor' 생성 중...
[2026-09-26 20:32:32,162][INFO|database.py-upgrade_schema:285] >> 테이블 'mysafety_change_log' 생성 중...
[2026-09-26 20:32:32,165][INFO|database.py-upgrade_schema:285] >> 테이블 'mysafety_duplicate_decision' 생성 중...
[2026-09-26 20:32:32,175][INFO|database.py-upgrade_schema:285] >> 테이블 'mysafety_duplicate_group' 생성 중...
[2026-09-26 20:32:32,178][INFO|database.py-upgrade_schema:285] >> 테이블 'mysafety_duplicate_member' 생성 중...
[2026-09-26 20:32:32,180][INFO|database.py-upgrade_schema:285] >> 테이블 'mysafety_entry_value' 생성 중...
[2026-09-26 20:32:32,183][INFO|database.py-upgrade_schema:285] >> 테이블 'mysafety_geocode_cache' 생성 중...
[2026-09-26 20:32:32,185][INFO|database.py-upgrade_schema:285] >> 테이블 'mysafety_raw_content' 생성 중...
[2026-09-26 20:32:32,187][INFO|database.py-upgrade_schema:285] >> 테이블 'mysafety_report_override' 생성 중...
[2026-09-26 20:32:32,189][INFO|database.py-upgrade_schema:285] >> 테이블 'mysafety_sync_meta' 생성 중...
[2026-09-26 20:32:32,191][INFO|database.py-upgrade_schema:285] >> 테이블 'mysafety_watchlist' 생성 중...
[2026-09-26 20:32:32,198][INFO|database.py-upgrade_schema:285] >> 테이블 'mysafetydetail_other' 생성 중...
[2026-09-26 20:32:32,208][INFO|database.py-upgrade_schema:285] >> 테이블 'mysafetydetail_parking' 생성 중...
[2026-09-26 20:32:32,212][INFO|database.py-upgrade_schema:285] >> 테이블 'mysafetydetail_traffic' 생성 중...
[2026-09-26 20:32:32,214][INFO|database.py-upgrade_schema:285] >> 테이블 'mysafetymerge_other' 생성 중...
[2026-09-26 20:32:32,218][INFO|database.py-upgrade_schema:285] >> 테이블 'mysafetymerge_parking' 생성 중...
[2026-09-26 20:32:32,224][INFO|database.py-upgrade_schema:285] >> 테이블 'mysafetymerge_traffic' 생성 중...
[2026-09-26 20:32:32,234][INFO|database.py-_apply_versioned_migrations:452] >> [schema] DB 스키마 버전 1 적용
[2026-09-26 20:32:32,243][INFO|database.py-_apply_versioned_migrations:452] >> [schema] DB 스키마 버전 2 적용
[2026-09-26 20:32:32,246][INFO|database.py-_apply_versioned_migrations:452] >> [schema] DB 스키마 버전 3 적용
[2026-09-26 20:32:32,276][INFO|database.py-_apply_versioned_migrations:452] >> [schema] DB 스키마 버전 4 적용
[2026-09-26 20:32:32,308][INFO|duplicate_group_service.py-_log_info:53] >> [duplicate] payload exact 중복군 0개, 멤버 0건 재생성
[2026-09-26 20:32:32,376][INFO|duplicate_group_service.py-_log_info:53] >> [duplicate] payload exact 중복군 0개, 멤버 0건 재생성
[2026-09-26 20:32:32,379][INFO|database.py-detail_to_sql:723] >> 총 1건 detail 저장 완료. (변경/신규: 1건, 실패: 0건)
....[2026-09-26 20:32:32,401][INFO|database.py-upgrade_schema:285] >> 테이블 'admin_users' 생성 중...
[2026-09-26 20:32:32,404][INFO|database.py-upgrade_schema:285] >> 테이블 'api_keys' 생성 중...
[2026-09-26 20:32:32,406][INFO|database.py-upgrade_schema:285] >> 테이블 'mysafety' 생성 중...
[2026-09-26 20:32:32,407][INFO|database.py-upgrade_schema:285] >> 테이블 'mysafety_change_cursor' 생성 중...
[2026-09-26 20:32:32,409][INFO|database.py-upgrade_schema:285] >> 테이블 'mysafety_change_log' 생성 중...
[2026-09-26 20:32:32,410][INFO|database.py-upgrade_schema:285] >> 테이블 'mysafety_duplicate_decision' 생성 중...
[2026-09-26 20:32:32,412][INFO|database.py-upgrade_schema:285] >> 테이블 'mysafety_duplicate_group' 생성 중...
[2026-09-26 20:32:32,414][INFO|database.py-upgrade_schema:285] >> 테이블 'mysafety_duplicate_member' 생성 중...
[2026-09-26 20:32:32,416][INFO|database.py-upgrade_schema:285] >> 테이블 'mysafety_entry_value' 생성 중...
[2026-09-26 20:32:32,417][INFO|database.py-upgrade_schema:285] >> 테이블 'mysafety_geocode_cache' 생성 중...
[2026-09-26 20:32:32,420][INFO|database.py-upgrade_schema:285] >> 테이블 'mysafety_raw_content' 생성 중...
[2026-09-26 20:32:32,422][INFO|database.py-upgrade_schema:285] >> 테이블 'mysafety_report_override' 생성 중...
[2026-09-26 20:32:32,424][INFO|database.py-upgrade_schema:285] >> 테이블 'mysafety_sync_meta' 생성 중...
[2026-09-26 20:32:32,426][INFO|database.py-upgrade_schema:285] >> 테이블 'mysafety_watchlist' 생성 중...
[2026-09-26 20:32:32,427][INFO|database.py-upgrade_schema:285] >> 테이블 'mysafetydetail_other' 생성 중...
[2026-09-26 20:32:32,430][WARNING|database.py-upgrade_schema:304] >> 'mysafetydetail_parking' 테이블에 '차량번호' 컬럼을 추가합니다.
[2026-09-26 20:32:32,432][WARNING|database.py-upgrade_schema:304] >> 'mysafetydetail_parking' 테이블에 '위반법규' 컬럼을 추가합니다.
[2026-09-26 20:32:32,433][WARNING|database.py-upgrade_schema:304] >> 'mysafetydetail_parking' 테이블에 '범칙금_과태료' 컬럼을 추가합니다.
[2026-09-26 20:32:32,435][WARNING|database.py-upgrade_schema:304] >> 'mysafetydetail_parking' 테이블에 '벌점' 컬럼을 추가합니다.
[2026-09-26 20:32:32,436][WARNING|database.py-upgrade_schema:304] >> 'mysafetydetail_parking' 테이블에 '처리기관' 컬럼을 추가합니다.
[2026-09-26 20:32:32,438][WARNING|database.py-upgrade_schema:304] >> 'mysafetydetail_parking' 테이블에 '담당자' 컬럼을 추가합니다.
[2026-09-26 20:32:32,439][WARNING|database.py-upgrade_schema:304] >> 'mysafetydetail_parking' 테이블에 '답변일' 컬럼을 추가합니다.
[2026-09-26 20:32:32,441][WARNING|database.py-upgrade_schema:304] >> 'mysafetydetail_parking' 테이블에 '발생일자' 컬럼을 추가합니다.
[2026-09-26 20:32:32,442][WARNING|database.py-upgrade_schema:304] >> 'mysafetydetail_parking' 테이블에 '발생시각' 컬럼을 추가합니다.
[2026-09-26 20:32:32,444][WARNING|database.py-upgrade_schema:304] >> 'mysafetydetail_parking' 테이블에 '위반장소' 컬럼을 추가합니다.
[2026-09-26 20:32:32,446][WARNING|database.py-upgrade_schema:304] >> 'mysafetydetail_parking' 테이블에 '주소정규화' 컬럼을 추가합니다.
[2026-09-26 20:32:32,447][WARNING|database.py-upgrade_schema:304] >> 'mysafetydetail_parking' 테이블에 '행정구역' 컬럼을 추가합니다.
[2026-09-26 20:32:32,449][WARNING|database.py-upgrade_schema:304] >> 'mysafetydetail_parking' 테이블에 '위도' 컬럼을 추가합니다.
[2026-09-26 20:32:32,451][WARNING|database.py-upgrade_schema:304] >> 'mysafetydetail_parking' 테이블에 '경도' 컬럼을 추가합니다.
[2026-09-26 20:32:32,452][WARNING|database.py-upgrade_schema:304] >> 'mysafetydetail_parking' 테이블에 '지오코딩상태' 컬럼을 추가합니다.
[2026-09-26 20:32:32,454][WARNING|database.py-upgrade_schema:304] >> 'mysafetydetail_parking' 테이블에 '종결여부' 컬럼을 추가합니다.
[2026-09-26 20:32:32,456][WARNING|database.py-upgrade_schema:304] >> 'mysafetydetail_parking' 테이블에 '신고내용' 컬럼을 추가합니다.
[2026-09-26 20:32:32,458][WARNING|database.py-upgrade_schema:304] >> 'mysafetydetail_parking' 테이블에 '처리내용' 컬럼을 추가합니다.
[2026-09-26 20:32:32,460][WARNING|database.py-upgrade_schema:304] >> 'mysafetydetail_parking' 테이블에 '지도' 컬럼을 추가합니다.
[2026-09-26 20:32:32,461][WARNING|database.py-upgrade_schema:304] >> 'mysafetydetail_parking' 테이블에 '첨부사진' 컬럼을 추가합니다.
[2026-09-26 20:32:32,463][WARNING|database.py-upgrade_schema:304] >> 'mysafetydetail_parking' 테이블에 '첨부파일' 컬럼을 추가합니다.
[2026-09-26 20:32:32,465][WARNING|database.py-upgrade_schema:304] >> 'mysafetydetail_parking' 테이블에 'synced_at' 컬럼을 추가합니다.
[2026-09-26 20:32:32,468][WARNING|database.py-upgrade_schema:304] >> 'mysafetydetail_parking' 테이블에 '보완횟수' 컬럼을 추가합니다.
[2026-09-26 20:32:32,470][WARNING|database.py-upgrade_schema:304] >> 'mysafetydetail_parking' 테이블에 '보완_미응답' 컬럼을 추가합니다.
[2026-09-26 20:32:32,472][WARNING|database.py-upgrade_schema:304] >> 'mysafetydetail_parking' 테이블에 '보완_요청자' 컬럼을 추가합니다.
[2026-09-26 20:32:32,476][WARNING|database.py-upgrade_schema:304] >> 'mysafetydetail_parking' 테이블에 '보완_요청일시' 컬럼을 추가합니다.
[2026-09-26 20:32:32,486][WARNING|database.py-upgrade_schema:304] >> 'mysafetydetail_parking' 테이블에 '보완_완료일시' 컬럼을 추가합니다.
[2026-09-26 20:32:32,489][WARNING|database.py-upgrade_schema:304] >> 'mysafetydetail_parking' 테이블에 '보완_요청_내용' 컬럼을 추가합니다.
[2026-09-26 20:32:32,491][WARNING|database.py-upgrade_schema:304] >> 'mysafetydetail_parking' 테이블에 '보완_신고자_의견' 컬럼을 추가합니다.
[2026-09-26 20:32:32,492][WARNING|database.py-upgrade_schema:304] >> 'mysafetydetail_parking' 테이블에 '사진_첫촬영' 컬럼을 추가합니다.
[2026-09-26 20:32:32,494][WARNING|database.py-upgrade_schema:304] >> 'mysafetydetail_parking' 테이블에 '사진_끝촬영' 컬럼을 추가합니다.
[2026-09-26 20:32:32,496][WARNING|database.py-upgrade_schema:304] >> 'mysafetydetail_parking' 테이블에 '사진_촬영수' 컬럼을 추가합니다.
[2026-09-26 20:32:32,497][INFO|database.py-upgrade_schema:285] >> 테이블 'mysafetydetail_traffic' 생성 중...
[2026-09-26 20:32:32,499][INFO|database.py-upgrade_schema:285] >> 테이블 'mysafetymerge_other' 생성 중...
[2026-09-26 20:32:32,501][INFO|database.py-upgrade_schema:285] >> 테이블 'mysafetymerge_parking' 생성 중...
[2026-09-26 20:32:32,503][INFO|database.py-upgrade_schema:285] >> 테이블 'mysafetymerge_traffic' 생성 중...
[2026-09-26 20:32:32,507][INFO|database.py-_apply_versioned_migrations:452] >> [schema] DB 스키마 버전 1 적용
[2026-09-26 20:32:32,513][INFO|database.py-_apply_versioned_migrations:452] >> [schema] DB 스키마 버전 2 적용
[2026-09-26 20:32:32,516][INFO|database.py-_apply_versioned_migrations:452] >> [schema] DB 스키마 버전 3 적용
[2026-09-26 20:32:32,531][INFO|database.py-_apply_versioned_migrations:452] >> [schema] DB 스키마 버전 4 적용
[2026-09-26 20:32:32,563][INFO|duplicate_group_service.py-_log_info:53] >> [duplicate] payload exact 중복군 0개, 멤버 0건 재생성
.......[2026-09-26 20:32:32,585][INFO|database.py-upgrade_schema:285] >> 테이블 'admin_users' 생성 중...
[2026-09-26 20:32:32,591][INFO|database.py-upgrade_schema:285] >> 테이블 'api_keys' 생성 중...
[2026-09-26 20:32:32,594][INFO|database.py-upgrade_schema:285] >> 테이블 'mysafety' 생성 중...
[2026-09-26 20:32:32,597][INFO|database.py-upgrade_schema:285] >> 테이블 'mysafety_change_cursor' 생성 중...
[2026-09-26 20:32:32,599][INFO|database.py-upgrade_schema:285] >> 테이블 'mysafety_change_log' 생성 중...
[2026-09-26 20:32:32,601][INFO|database.py-upgrade_schema:285] >> 테이블 'mysafety_duplicate_decision' 생성 중...
[2026-09-26 20:32:32,603][INFO|database.py-upgrade_schema:285] >> 테이블 'mysafety_duplicate_group' 생성 중...
[2026-09-26 20:32:32,605][INFO|database.py-upgrade_schema:285] >> 테이블 'mysafety_duplicate_member' 생성 중...
[2026-09-26 20:32:32,607][INFO|database.py-upgrade_schema:285] >> 테이블 'mysafety_entry_value' 생성 중...
[2026-09-26 20:32:32,609][INFO|database.py-upgrade_schema:285] >> 테이블 'mysafety_geocode_cache' 생성 중...
[2026-09-26 20:32:32,612][INFO|database.py-upgrade_schema:285] >> 테이블 'mysafety_raw_content' 생성 중...
[2026-09-26 20:32:32,615][INFO|database.py-upgrade_schema:285] >> 테이블 'mysafety_report_override' 생성 중...
[2026-09-26 20:32:32,617][INFO|database.py-upgrade_schema:285] >> 테이블 'mysafety_sync_meta' 생성 중...
[2026-09-26 20:32:32,619][INFO|database.py-upgrade_schema:285] >> 테이블 'mysafety_watchlist' 생성 중...
[2026-09-26 20:32:32,624][INFO|database.py-upgrade_schema:285] >> 테이블 'mysafetydetail_other' 생성 중...
[2026-09-26 20:32:32,631][INFO|database.py-upgrade_schema:285] >> 테이블 'mysafetydetail_parking' 생성 중...
[2026-09-26 20:32:32,633][INFO|database.py-upgrade_schema:285] >> 테이블 'mysafetydetail_traffic' 생성 중...
[2026-09-26 20:32:32,636][INFO|database.py-upgrade_schema:285] >> 테이블 'mysafetymerge_other' 생성 중...
[2026-09-26 20:32:32,639][INFO|database.py-upgrade_schema:285] >> 테이블 'mysafetymerge_parking' 생성 중...
[2026-09-26 20:32:32,641][INFO|database.py-upgrade_schema:285] >> 테이블 'mysafetymerge_traffic' 생성 중...
[2026-09-26 20:32:32,644][INFO|database.py-_apply_versioned_migrations:452] >> [schema] DB 스키마 버전 1 적용
[2026-09-26 20:32:32,651][INFO|database.py-_apply_versioned_migrations:452] >> [schema] DB 스키마 버전 2 적용
[2026-09-26 20:32:32,653][INFO|database.py-_apply_versioned_migrations:452] >> [schema] DB 스키마 버전 3 적용
[2026-09-26 20:32:32,664][INFO|database.py-_apply_versioned_migrations:452] >> [schema] DB 스키마 버전 4 적용
[2026-09-26 20:32:32,698][INFO|duplicate_group_service.py-_log_info:53] >> [duplicate] payload exact 중복군 0개, 멤버 0건 재생성
[2026-09-26 20:32:32,742][INFO|database.py-backfill_synced_at:100] >> [migration] mysafetydetail_traffic synced_at 백필: 12건, 미해결 0건
[2026-09-26 20:32:32,745][INFO|database.py-backfill_synced_at:100] >> [migration] mysafetydetail_parking synced_at 백필: 6건, 미해결 0건
[2026-09-26 20:32:32,749][INFO|database.py-backfill_synced_at:100] >> [migration] mysafetydetail_other synced_at 백필: 6건, 미해결 0건
[2026-09-26 20:32:32,750][INFO|database.py-backfill_synced_at:105] >> [migration] synced_at 백필 완료: 총 24건 갱신, merge 재생성 시작
[2026-09-26 20:32:32,764][INFO|database.py-merge_final:736] >> 최종 데이터 병합 완료 (Traffic/Parking/Other 분리)
[2026-09-26 20:32:32,793][INFO|duplicate_group_service.py-_log_info:53] >> [duplicate] payload exact 중복군 1개, 멤버 2건 재생성
[2026-09-26 20:32:32,805][INFO|database.py-merge_final:736] >> 최종 데이터 병합 완료 (Traffic/Parking/Other 분리)
[2026-09-26 20:32:32,828][INFO|duplicate_group_service.py-_log_info:53] >> [duplicate] payload exact 중복군 1개, 멤버 2건 재생성
..................[2026-09-26 20:32:33,079][INFO|database.py-upgrade_schema:285] >> 테이블 'admin_users' 생성 중...
[2026-09-26 20:32:33,083][INFO|database.py-upgrade_schema:285] >> 테이블 'api_keys' 생성 중...
[2026-09-26 20:32:33,084][INFO|database.py-upgrade_schema:285] >> 테이블 'mysafety' 생성 중...
[2026-09-26 20:32:33,086][INFO|database.py-upgrade_schema:285] >> 테이블 'mysafety_change_cursor' 생성 중...
[2026-09-26 20:32:33,087][INFO|database.py-upgrade_schema:285] >> 테이블 'mysafety_change_log' 생성 중...
[2026-09-26 20:32:33,089][INFO|database.py-upgrade_schema:285] >> 테이블 'mysafety_duplicate_decision' 생성 중...
[2026-09-26 20:32:33,090][INFO|database.py-upgrade_schema:285] >> 테이블 'mysafety_duplicate_group' 생성 중...
[2026-09-26 20:32:33,092][INFO|database.py-upgrade_schema:285] >> 테이블 'mysafety_duplicate_member' 생성 중...
[2026-09-26 20:32:33,097][INFO|database.py-upgrade_schema:285] >> 테이블 'mysafety_entry_value' 생성 중...
[2026-09-26 20:32:33,099][INFO|database.py-upgrade_schema:285] >> 테이블 'mysafety_geocode_cache' 생성 중...
[2026-09-26 20:32:33,108][INFO|database.py-upgrade_schema:285] >> 테이블 'mysafety_raw_content' 생성 중...
[2026-09-26 20:32:33,110][INFO|database.py-upgrade_schema:285] >> 테이블 'mysafety_report_override' 생성 중...
[2026-09-26 20:32:33,112][INFO|database.py-upgrade_schema:285] >> 테이블 'mysafety_sync_meta' 생성 중...
[2026-09-26 20:32:33,115][INFO|database.py-upgrade_schema:285] >> 테이블 'mysafety_watchlist' 생성 중...
[2026-09-26 20:32:33,116][INFO|database.py-upgrade_schema:285] >> 테이블 'mysafetydetail_other' 생성 중...
[2026-09-26 20:32:33,118][INFO|database.py-upgrade_schema:285] >> 테이블 'mysafetydetail_parking' 생성 중...
[2026-09-26 20:32:33,127][INFO|database.py-upgrade_schema:285] >> 테이블 'mysafetydetail_traffic' 생성 중...
[2026-09-26 20:32:33,133][INFO|database.py-upgrade_schema:285] >> 테이블 'mysafetymerge_other' 생성 중...
[2026-09-26 20:32:33,137][INFO|database.py-upgrade_schema:285] >> 테이블 'mysafetymerge_parking' 생성 중...
[2026-09-26 20:32:33,140][INFO|database.py-upgrade_schema:285] >> 테이블 'mysafetymerge_traffic' 생성 중...
[2026-09-26 20:32:33,144][INFO|database.py-_apply_versioned_migrations:452] >> [schema] DB 스키마 버전 1 적용
[2026-09-26 20:32:33,150][INFO|database.py-_apply_versioned_migrations:452] >> [schema] DB 스키마 버전 2 적용
[2026-09-26 20:32:33,156][INFO|database.py-_apply_versioned_migrations:452] >> [schema] DB 스키마 버전 3 적용
[2026-09-26 20:32:33,169][INFO|database.py-_apply_versioned_migrations:452] >> [schema] DB 스키마 버전 4 적용
[2026-09-26 20:32:33,209][INFO|duplicate_group_service.py-_log_info:53] >> [duplicate] payload exact 중복군 0개, 멤버 0건 재생성
[2026-09-26 20:32:33,213][WARNING|start.py-_prepare_database:63] >> --reset 옵션이 사용되어 크롤링 데이터 테이블을 초기화합니다.
[2026-09-26 20:32:33,214][INFO|start.py-_prepare_database:82] >> --reset에서도 mysafety_geocode_cache는 유지합니다. 재크롤링 시 같은 주소는 캐시 좌표를 재사용합니다.
[2026-09-26 20:32:33,246][INFO|database.py-upgrade_schema:285] >> 테이블 'mysafety' 생성 중...
[2026-09-26 20:32:33,250][INFO|database.py-upgrade_schema:285] >> 테이블 'mysafety_duplicate_group' 생성 중...
[2026-09-26 20:32:33,251][INFO|database.py-upgrade_schema:285] >> 테이블 'mysafety_duplicate_member' 생성 중...
[2026-09-26 20:32:33,253][INFO|database.py-upgrade_schema:285] >> 테이블 'mysafety_entry_value' 생성 중...
[2026-09-26 20:32:33,262][INFO|database.py-upgrade_schema:285] >> 테이블 'mysafety_raw_content' 생성 중...
[2026-09-26 20:32:33,265][INFO|database.py-upgrade_schema:285] >> 테이블 'mysafetydetail_other' 생성 중...
[2026-09-26 20:32:33,267][INFO|database.py-upgrade_schema:285] >> 테이블 'mysafetydetail_parking' 생성 중...
[2026-09-26 20:32:33,272][INFO|database.py-upgrade_schema:285] >> 테이블 'mysafetydetail_traffic' 생성 중...
[2026-09-26 20:32:33,275][INFO|database.py-upgrade_schema:285] >> 테이블 'mysafetymerge_other' 생성 중...
[2026-09-26 20:32:33,279][INFO|database.py-upgrade_schema:285] >> 테이블 'mysafetymerge_parking' 생성 중...
[2026-09-26 20:32:33,289][INFO|database.py-upgrade_schema:285] >> 테이블 'mysafetymerge_traffic' 생성 중...
.[2026-09-26 20:32:33,304][INFO|database.py-upgrade_schema:285] >> 테이블 'admin_users' 생성 중...
[2026-09-26 20:32:33,307][INFO|database.py-upgrade_schema:285] >> 테이블 'api_keys' 생성 중...
[2026-09-26 20:32:33,308][INFO|database.py-upgrade_schema:285] >> 테이블 'mysafety' 생성 중...
[2026-09-26 20:32:33,311][INFO|database.py-upgrade_schema:285] >> 테이블 'mysafety_change_cursor' 생성 중...
[2026-09-26 20:32:33,316][INFO|database.py-upgrade_schema:285] >> 테이블 'mysafety_change_log' 생성 중...
[2026-09-26 20:32:33,318][INFO|database.py-upgrade_schema:285] >> 테이블 'mysafety_duplicate_decision' 생성 중...
[2026-09-26 20:32:33,320][INFO|database.py-upgrade_schema:285] >> 테이블 'mysafety_duplicate_group' 생성 중...
[2026-09-26 20:32:33,322][INFO|database.py-upgrade_schema:285] >> 테이블 'mysafety_duplicate_member' 생성 중...
[2026-09-26 20:32:33,329][INFO|database.py-upgrade_schema:285] >> 테이블 'mysafety_entry_value' 생성 중...
[2026-09-26 20:32:33,333][INFO|database.py-upgrade_schema:285] >> 테이블 'mysafety_geocode_cache' 생성 중...
[2026-09-26 20:32:33,335][INFO|database.py-upgrade_schema:285] >> 테이블 'mysafety_raw_content' 생성 중...
[2026-09-26 20:32:33,337][INFO|database.py-upgrade_schema:285] >> 테이블 'mysafety_report_override' 생성 중...
[2026-09-26 20:32:33,339][INFO|database.py-upgrade_schema:285] >> 테이블 'mysafety_sync_meta' 생성 중...
[2026-09-26 20:32:33,342][INFO|database.py-upgrade_schema:285] >> 테이블 'mysafety_watchlist' 생성 중...
[2026-09-26 20:32:33,344][INFO|database.py-upgrade_schema:285] >> 테이블 'mysafetydetail_other' 생성 중...
[2026-09-26 20:32:33,347][INFO|database.py-upgrade_schema:285] >> 테이블 'mysafetydetail_parking' 생성 중...
[2026-09-26 20:32:33,353][INFO|database.py-upgrade_schema:285] >> 테이블 'mysafetydetail_traffic' 생성 중...
[2026-09-26 20:32:33,356][INFO|database.py-upgrade_schema:285] >> 테이블 'mysafetymerge_other' 생성 중...
[2026-09-26 20:32:33,359][INFO|database.py-upgrade_schema:285] >> 테이블 'mysafetymerge_parking' 생성 중...
[2026-09-26 20:32:33,361][INFO|database.py-upgrade_schema:285] >> 테이블 'mysafetymerge_traffic' 생성 중...
[2026-09-26 20:32:33,365][INFO|database.py-_apply_versioned_migrations:452] >> [schema] DB 스키마 버전 1 적용
[2026-09-26 20:32:33,373][INFO|database.py-_apply_versioned_migrations:452] >> [schema] DB 스키마 버전 2 적용
[2026-09-26 20:32:33,380][INFO|database.py-_apply_versioned_migrations:452] >> [schema] DB 스키마 버전 3 적용
[2026-09-26 20:32:33,397][INFO|database.py-_apply_versioned_migrations:452] >> [schema] DB 스키마 버전 4 적용
[2026-09-26 20:32:33,425][INFO|duplicate_group_service.py-_log_info:53] >> [duplicate] payload exact 중복군 0개, 멤버 0건 재생성
[2026-09-26 20:32:33,466][INFO|database.py-backfill_synced_at:100] >> [migration] mysafetydetail_traffic synced_at 백필: 12건, 미해결 0건
[2026-09-26 20:32:33,469][INFO|database.py-backfill_synced_at:100] >> [migration] mysafetydetail_parking synced_at 백필: 6건, 미해결 0건
[2026-09-26 20:32:33,473][INFO|database.py-backfill_synced_at:100] >> [migration] mysafetydetail_other synced_at 백필: 6건, 미해결 0건
[2026-09-26 20:32:33,477][INFO|database.py-backfill_synced_at:105] >> [migration] synced_at 백필 완료: 총 24건 갱신, merge 재생성 시작
[2026-09-26 20:32:33,495][INFO|database.py-merge_final:736] >> 최종 데이터 병합 완료 (Traffic/Parking/Other 분리)
[2026-09-26 20:32:33,519][INFO|duplicate_group_service.py-_log_info:53] >> [duplicate] payload exact 중복군 1개, 멤버 2건 재생성
[2026-09-26 20:32:33,527][INFO|database.py-merge_final:736] >> 최종 데이터 병합 완료 (Traffic/Parking/Other 분리)
[2026-09-26 20:32:33,557][INFO|duplicate_group_service.py-_log_info:53] >> [duplicate] payload exact 중복군 1개, 멤버 2건 재생성
........[2026-09-26 20:32:34,983][INFO|database.py-upgrade_schema:285] >> 테이블 'admin_users' 생성 중...
[2026-09-26 20:32:34,992][INFO|database.py-upgrade_schema:285] >> 테이블 'api_keys' 생성 중...
[2026-09-26 20:32:34,994][INFO|database.py-upgrade_schema:285] >> 테이블 'mysafety' 생성 중...
[2026-09-26 20:32:34,996][INFO|database.py-upgrade_schema:285] >> 테이블 'mysafety_change_cursor' 생성 중...
[2026-09-26 20:32:34,997][INFO|database.py-upgrade_schema:285] >> 테이블 'mysafety_change_log' 생성 중...
[2026-09-26 20:32:34,999][INFO|database.py-upgrade_schema:285] >> 테이블 'mysafety_duplicate_decision' 생성 중...
[2026-09-26 20:32:35,000][INFO|database.py-upgrade_schema:285] >> 테이블 'mysafety_duplicate_group' 생성 중...
[2026-09-26 20:32:35,002][INFO|database.py-upgrade_schema:285] >> 테이블 'mysafety_duplicate_member' 생성 중...
[2026-09-26 20:32:35,007][INFO|database.py-upgrade_schema:285] >> 테이블 'mysafety_entry_value' 생성 중...
[2026-09-26 20:32:35,010][INFO|database.py-upgrade_schema:285] >> 테이블 'mysafety_geocode_cache' 생성 중...
[2026-09-26 20:32:35,012][INFO|database.py-upgrade_schema:285] >> 테이블 'mysafety_raw_content' 생성 중...
[2026-09-26 20:32:35,017][INFO|database.py-upgrade_schema:285] >> 테이블 'mysafety_report_override' 생성 중...
[2026-09-26 20:32:35,019][INFO|database.py-upgrade_schema:285] >> 테이블 'mysafety_sync_meta' 생성 중...
[2026-09-26 20:32:35,027][INFO|database.py-upgrade_schema:285] >> 테이블 'mysafety_watchlist' 생성 중...
[2026-09-26 20:32:35,029][INFO|database.py-upgrade_schema:285] >> 테이블 'mysafetydetail_other' 생성 중...
[2026-09-26 20:32:35,032][INFO|database.py-upgrade_schema:285] >> 테이블 'mysafetydetail_parking' 생성 중...
[2026-09-26 20:32:35,037][INFO|database.py-upgrade_schema:285] >> 테이블 'mysafetydetail_traffic' 생성 중...
[2026-09-26 20:32:35,040][INFO|database.py-upgrade_schema:285] >> 테이블 'mysafetymerge_other' 생성 중...
[2026-09-26 20:32:35,042][INFO|database.py-upgrade_schema:285] >> 테이블 'mysafetymerge_parking' 생성 중...
[2026-09-26 20:32:35,045][INFO|database.py-upgrade_schema:285] >> 테이블 'mysafetymerge_traffic' 생성 중...
[2026-09-26 20:32:35,051][INFO|database.py-_apply_versioned_migrations:452] >> [schema] DB 스키마 버전 1 적용
[2026-09-26 20:32:35,065][INFO|database.py-_apply_versioned_migrations:452] >> [schema] DB 스키마 버전 2 적용
[2026-09-26 20:32:35,067][INFO|database.py-_apply_versioned_migrations:452] >> [schema] DB 스키마 버전 3 적용
[2026-09-26 20:32:35,093][INFO|database.py-_apply_versioned_migrations:452] >> [schema] DB 스키마 버전 4 적용
[2026-09-26 20:32:35,121][INFO|duplicate_group_service.py-_log_info:53] >> [duplicate] payload exact 중복군 0개, 멤버 0건 재생성
[2026-09-26 20:32:35,163][INFO|database.py-backfill_synced_at:100] >> [migration] mysafetydetail_traffic synced_at 백필: 12건, 미해결 0건
[2026-09-26 20:32:35,166][INFO|database.py-backfill_synced_at:100] >> [migration] mysafetydetail_parking synced_at 백필: 6건, 미해결 0건
[2026-09-26 20:32:35,169][INFO|database.py-backfill_synced_at:100] >> [migration] mysafetydetail_other synced_at 백필: 6건, 미해결 0건
[2026-09-26 20:32:35,171][INFO|database.py-backfill_synced_at:105] >> [migration] synced_at 백필 완료: 총 24건 갱신, merge 재생성 시작
[2026-09-26 20:32:35,183][INFO|database.py-merge_final:736] >> 최종 데이터 병합 완료 (Traffic/Parking/Other 분리)
[2026-09-26 20:32:35,206][INFO|duplicate_group_service.py-_log_info:53] >> [duplicate] payload exact 중복군 1개, 멤버 2건 재생성
[2026-09-26 20:32:35,216][INFO|database.py-merge_final:736] >> 최종 데이터 병합 완료 (Traffic/Parking/Other 분리)
[2026-09-26 20:32:35,246][INFO|duplicate_group_service.py-_log_info:53] >> [duplicate] payload exact 중복군 1개, 멤버 2건 재생성
.[2026-09-26 20:32:35,796][INFO|database.py-upgrade_schema:285] >> 테이블 'admin_users' 생성 중...
[2026-09-26 20:32:35,804][INFO|database.py-upgrade_schema:285] >> 테이블 'api_keys' 생성 중...
[2026-09-26 20:32:35,807][INFO|database.py-upgrade_schema:285] >> 테이블 'mysafety' 생성 중...
[2026-09-26 20:32:35,810][INFO|database.py-upgrade_schema:285] >> 테이블 'mysafety_change_cursor' 생성 중...
[2026-09-26 20:32:35,812][INFO|database.py-upgrade_schema:285] >> 테이블 'mysafety_change_log' 생성 중...
[2026-09-26 20:32:35,815][INFO|database.py-upgrade_schema:285] >> 테이블 'mysafety_duplicate_decision' 생성 중...
[2026-09-26 20:32:35,818][INFO|database.py-upgrade_schema:285] >> 테이블 'mysafety_duplicate_group' 생성 중...
[2026-09-26 20:32:35,822][INFO|database.py-upgrade_schema:285] >> 테이블 'mysafety_duplicate_member' 생성 중...
[2026-09-26 20:32:35,827][INFO|database.py-upgrade_schema:285] >> 테이블 'mysafety_entry_value' 생성 중...
[2026-09-26 20:32:35,829][INFO|database.py-upgrade_schema:285] >> 테이블 'mysafety_geocode_cache' 생성 중...
[2026-09-26 20:32:35,834][INFO|database.py-upgrade_schema:285] >> 테이블 'mysafety_raw_content' 생성 중...
[2026-09-26 20:32:35,836][INFO|database.py-upgrade_schema:285] >> 테이블 'mysafety_report_override' 생성 중...
[2026-09-26 20:32:35,841][INFO|database.py-upgrade_schema:285] >> 테이블 'mysafety_sync_meta' 생성 중...
[2026-09-26 20:32:35,844][INFO|database.py-upgrade_schema:285] >> 테이블 'mysafety_watchlist' 생성 중...
[2026-09-26 20:32:35,846][INFO|database.py-upgrade_schema:285] >> 테이블 'mysafetydetail_other' 생성 중...
[2026-09-26 20:32:35,848][INFO|database.py-upgrade_schema:285] >> 테이블 'mysafetydetail_parking' 생성 중...
[2026-09-26 20:32:35,850][INFO|database.py-upgrade_schema:285] >> 테이블 'mysafetydetail_traffic' 생성 중...
[2026-09-26 20:32:35,852][INFO|database.py-upgrade_schema:285] >> 테이블 'mysafetymerge_other' 생성 중...
[2026-09-26 20:32:35,857][INFO|database.py-upgrade_schema:285] >> 테이블 'mysafetymerge_parking' 생성 중...
[2026-09-26 20:32:35,863][INFO|database.py-upgrade_schema:285] >> 테이블 'mysafetymerge_traffic' 생성 중...
[2026-09-26 20:32:35,870][INFO|database.py-_apply_versioned_migrations:452] >> [schema] DB 스키마 버전 1 적용
[2026-09-26 20:32:35,885][INFO|database.py-_apply_versioned_migrations:452] >> [schema] DB 스키마 버전 2 적용
[2026-09-26 20:32:35,890][INFO|database.py-_apply_versioned_migrations:452] >> [schema] DB 스키마 버전 3 적용
[2026-09-26 20:32:35,924][INFO|database.py-_apply_versioned_migrations:452] >> [schema] DB 스키마 버전 4 적용
[2026-09-26 20:32:35,973][INFO|duplicate_group_service.py-_log_info:53] >> [duplicate] payload exact 중복군 0개, 멤버 0건 재생성
[2026-09-26 20:32:36,036][INFO|database.py-backfill_synced_at:100] >> [migration] mysafetydetail_traffic synced_at 백필: 12건, 미해결 0건
[2026-09-26 20:32:36,041][INFO|database.py-backfill_synced_at:100] >> [migration] mysafetydetail_parking synced_at 백필: 6건, 미해결 0건
[2026-09-26 20:32:36,045][INFO|database.py-backfill_synced_at:100] >> [migration] mysafetydetail_other synced_at 백필: 6건, 미해결 0건
[2026-09-26 20:32:36,050][INFO|database.py-backfill_synced_at:105] >> [migration] synced_at 백필 완료: 총 24건 갱신, merge 재생성 시작
[2026-09-26 20:32:36,070][INFO|database.py-merge_final:736] >> 최종 데이터 병합 완료 (Traffic/Parking/Other 분리)
[2026-09-26 20:32:36,098][INFO|duplicate_group_service.py-_log_info:53] >> [duplicate] payload exact 중복군 1개, 멤버 2건 재생성
[2026-09-26 20:32:36,112][INFO|database.py-merge_final:736] >> 최종 데이터 병합 완료 (Traffic/Parking/Other 분리)
[2026-09-26 20:32:36,138][INFO|duplicate_group_service.py-_log_info:53] >> [duplicate] payload exact 중복군 1개, 멤버 2건 재생성
.[2026-09-26 20:32:36,917][INFO|database.py-upgrade_schema:285] >> 테이블 'admin_users' 생성 중...
[2026-09-26 20:32:36,944][INFO|database.py-upgrade_schema:285] >> 테이블 'api_keys' 생성 중...
[2026-09-26 20:32:36,947][INFO|database.py-upgrade_schema:285] >> 테이블 'mysafety' 생성 중...
[2026-09-26 20:32:36,953][INFO|database.py-upgrade_schema:285] >> 테이블 'mysafety_change_cursor' 생성 중...
[2026-09-26 20:32:36,957][INFO|database.py-upgrade_schema:285] >> 테이블 'mysafety_change_log' 생성 중...
[2026-09-26 20:32:36,964][INFO|database.py-upgrade_schema:285] >> 테이블 'mysafety_duplicate_decision' 생성 중...
[2026-09-26 20:32:36,973][INFO|database.py-upgrade_schema:285] >> 테이블 'mysafety_duplicate_group' 생성 중...
[2026-09-26 20:32:36,979][INFO|database.py-upgrade_schema:285] >> 테이블 'mysafety_duplicate_member' 생성 중...
[2026-09-26 20:32:36,982][INFO|database.py-upgrade_schema:285] >> 테이블 'mysafety_entry_value' 생성 중...
[2026-09-26 20:32:36,989][INFO|database.py-upgrade_schema:285] >> 테이블 'mysafety_geocode_cache' 생성 중...
[2026-09-26 20:32:36,996][INFO|database.py-upgrade_schema:285] >> 테이블 'mysafety_raw_content' 생성 중...
[2026-09-26 20:32:37,000][INFO|database.py-upgrade_schema:285] >> 테이블 'mysafety_report_override' 생성 중...
[2026-09-26 20:32:37,003][INFO|database.py-upgrade_schema:285] >> 테이블 'mysafety_sync_meta' 생성 중...
[2026-09-26 20:32:37,006][INFO|database.py-upgrade_schema:285] >> 테이블 'mysafety_watchlist' 생성 중...
[2026-09-26 20:32:37,010][INFO|database.py-upgrade_schema:285] >> 테이블 'mysafetydetail_other' 생성 중...
[2026-09-26 20:32:37,017][INFO|database.py-upgrade_schema:285] >> 테이블 'mysafetydetail_parking' 생성 중...
[2026-09-26 20:32:37,020][INFO|database.py-upgrade_schema:285] >> 테이블 'mysafetydetail_traffic' 생성 중...
[2026-09-26 20:32:37,025][INFO|database.py-upgrade_schema:285] >> 테이블 'mysafetymerge_other' 생성 중...
[2026-09-26 20:32:37,031][INFO|database.py-upgrade_schema:285] >> 테이블 'mysafetymerge_parking' 생성 중...
[2026-09-26 20:32:37,033][INFO|database.py-upgrade_schema:285] >> 테이블 'mysafetymerge_traffic' 생성 중...
[2026-09-26 20:32:37,042][INFO|database.py-_apply_versioned_migrations:452] >> [schema] DB 스키마 버전 1 적용
[2026-09-26 20:32:37,057][INFO|database.py-_apply_versioned_migrations:452] >> [schema] DB 스키마 버전 2 적용
[2026-09-26 20:32:37,064][INFO|database.py-_apply_versioned_migrations:452] >> [schema] DB 스키마 버전 3 적용
[2026-09-26 20:32:37,113][INFO|database.py-_apply_versioned_migrations:452] >> [schema] DB 스키마 버전 4 적용
.[2026-09-26 20:32:37,170][INFO|database.py-upgrade_schema:285] >> 테이블 'admin_users' 생성 중...
[2026-09-26 20:32:37,180][INFO|database.py-upgrade_schema:285] >> 테이블 'api_keys' 생성 중...
[2026-09-26 20:32:37,183][INFO|database.py-upgrade_schema:285] >> 테이블 'mysafety' 생성 중...
[2026-09-26 20:32:37,192][INFO|database.py-upgrade_schema:285] >> 테이블 'mysafety_change_cursor' 생성 중...
[2026-09-26 20:32:37,196][INFO|database.py-upgrade_schema:285] >> 테이블 'mysafety_change_log' 생성 중...
[2026-09-26 20:32:37,203][INFO|database.py-upgrade_schema:285] >> 테이블 'mysafety_duplicate_decision' 생성 중...
[2026-09-26 20:32:37,208][INFO|database.py-upgrade_schema:285] >> 테이블 'mysafety_duplicate_group' 생성 중...
[2026-09-26 20:32:37,212][INFO|database.py-upgrade_schema:285] >> 테이블 'mysafety_duplicate_member' 생성 중...
[2026-09-26 20:32:37,218][INFO|database.py-upgrade_schema:285] >> 테이블 'mysafety_entry_value' 생성 중...
[2026-09-26 20:32:37,222][INFO|database.py-upgrade_schema:285] >> 테이블 'mysafety_geocode_cache' 생성 중...
[2026-09-26 20:32:37,227][INFO|database.py-upgrade_schema:285] >> 테이블 'mysafety_raw_content' 생성 중...
[2026-09-26 20:32:37,229][INFO|database.py-upgrade_schema:285] >> 테이블 'mysafety_report_override' 생성 중...
[2026-09-26 20:32:37,233][INFO|database.py-upgrade_schema:285] >> 테이블 'mysafety_sync_meta' 생성 중...
[2026-09-26 20:32:37,237][INFO|database.py-upgrade_schema:285] >> 테이블 'mysafety_watchlist' 생성 중...
[2026-09-26 20:32:37,239][INFO|database.py-upgrade_schema:285] >> 테이블 'mysafetydetail_other' 생성 중...
[2026-09-26 20:32:37,243][INFO|database.py-upgrade_schema:285] >> 테이블 'mysafetydetail_parking' 생성 중...
[2026-09-26 20:32:37,247][INFO|database.py-upgrade_schema:285] >> 테이블 'mysafetydetail_traffic' 생성 중...
[2026-09-26 20:32:37,253][INFO|database.py-upgrade_schema:285] >> 테이블 'mysafetymerge_other' 생성 중...
[2026-09-26 20:32:37,256][INFO|database.py-upgrade_schema:285] >> 테이블 'mysafetymerge_parking' 생성 중...
[2026-09-26 20:32:37,260][INFO|database.py-upgrade_schema:285] >> 테이블 'mysafetymerge_traffic' 생성 중...
[2026-09-26 20:32:37,267][INFO|database.py-_apply_versioned_migrations:452] >> [schema] DB 스키마 버전 1 적용
[2026-09-26 20:32:37,281][INFO|database.py-_apply_versioned_migrations:452] >> [schema] DB 스키마 버전 2 적용
[2026-09-26 20:32:37,284][INFO|database.py-_apply_versioned_migrations:452] >> [schema] DB 스키마 버전 3 적용
[2026-09-26 20:32:37,314][INFO|database.py-_apply_versioned_migrations:452] >> [schema] DB 스키마 버전 4 적용
.[2026-09-26 20:32:37,353][INFO|database.py-upgrade_schema:285] >> 테이블 'admin_users' 생성 중...
[2026-09-26 20:32:37,365][INFO|database.py-upgrade_schema:285] >> 테이블 'api_keys' 생성 중...
[2026-09-26 20:32:37,369][INFO|database.py-upgrade_schema:285] >> 테이블 'mysafety' 생성 중...
[2026-09-26 20:32:37,374][INFO|database.py-upgrade_schema:285] >> 테이블 'mysafety_change_cursor' 생성 중...
[2026-09-26 20:32:37,379][INFO|database.py-upgrade_schema:285] >> 테이블 'mysafety_change_log' 생성 중...
[2026-09-26 20:32:37,381][INFO|database.py-upgrade_schema:285] >> 테이블 'mysafety_duplicate_decision' 생성 중...
[2026-09-26 20:32:37,383][INFO|database.py-upgrade_schema:285] >> 테이블 'mysafety_duplicate_group' 생성 중...
[2026-09-26 20:32:37,387][INFO|database.py-upgrade_schema:285] >> 테이블 'mysafety_duplicate_member' 생성 중...
[2026-09-26 20:32:37,389][INFO|database.py-upgrade_schema:285] >> 테이블 'mysafety_entry_value' 생성 중...
[2026-09-26 20:32:37,391][INFO|database.py-upgrade_schema:285] >> 테이블 'mysafety_geocode_cache' 생성 중...
[2026-09-26 20:32:37,394][INFO|database.py-upgrade_schema:285] >> 테이블 'mysafety_raw_content' 생성 중...
[2026-09-26 20:32:37,397][INFO|database.py-upgrade_schema:285] >> 테이블 'mysafety_report_override' 생성 중...
[2026-09-26 20:32:37,402][INFO|database.py-upgrade_schema:285] >> 테이블 'mysafety_sync_meta' 생성 중...
[2026-09-26 20:32:37,406][INFO|database.py-upgrade_schema:285] >> 테이블 'mysafety_watchlist' 생성 중...
[2026-09-26 20:32:37,410][INFO|database.py-upgrade_schema:285] >> 테이블 'mysafetydetail_other' 생성 중...
[2026-09-26 20:32:37,416][INFO|database.py-upgrade_schema:285] >> 테이블 'mysafetydetail_parking' 생성 중...
[2026-09-26 20:32:37,423][INFO|database.py-upgrade_schema:285] >> 테이블 'mysafetydetail_traffic' 생성 중...
[2026-09-26 20:32:37,432][INFO|database.py-upgrade_schema:285] >> 테이블 'mysafetymerge_other' 생성 중...
[2026-09-26 20:32:37,440][INFO|database.py-upgrade_schema:285] >> 테이블 'mysafetymerge_parking' 생성 중...
[2026-09-26 20:32:37,455][INFO|database.py-upgrade_schema:285] >> 테이블 'mysafetymerge_traffic' 생성 중...
[2026-09-26 20:32:37,472][INFO|database.py-_apply_versioned_migrations:452] >> [schema] DB 스키마 버전 1 적용
[2026-09-26 20:32:37,524][INFO|database.py-_apply_versioned_migrations:452] >> [schema] DB 스키마 버전 2 적용
[2026-09-26 20:32:37,528][INFO|database.py-_apply_versioned_migrations:452] >> [schema] DB 스키마 버전 3 적용
[2026-09-26 20:32:37,545][INFO|database.py-_apply_versioned_migrations:452] >> [schema] DB 스키마 버전 4 적용
.[2026-09-26 20:32:37,585][INFO|database.py-upgrade_schema:285] >> 테이블 'admin_users' 생성 중...
[2026-09-26 20:32:37,593][INFO|database.py-upgrade_schema:285] >> 테이블 'api_keys' 생성 중...
[2026-09-26 20:32:37,596][INFO|database.py-upgrade_schema:285] >> 테이블 'mysafety' 생성 중...
[2026-09-26 20:32:37,603][INFO|database.py-upgrade_schema:285] >> 테이블 'mysafety_change_cursor' 생성 중...
[2026-09-26 20:32:37,609][INFO|database.py-upgrade_schema:285] >> 테이블 'mysafety_change_log' 생성 중...
[2026-09-26 20:32:37,613][INFO|database.py-upgrade_schema:285] >> 테이블 'mysafety_duplicate_decision' 생성 중...
[2026-09-26 20:32:37,616][INFO|database.py-upgrade_schema:285] >> 테이블 'mysafety_duplicate_group' 생성 중...
[2026-09-26 20:32:37,619][INFO|database.py-upgrade_schema:285] >> 테이블 'mysafety_duplicate_member' 생성 중...
[2026-09-26 20:32:37,622][INFO|database.py-upgrade_schema:285] >> 테이블 'mysafety_entry_value' 생성 중...
[2026-09-26 20:32:37,628][INFO|database.py-upgrade_schema:285] >> 테이블 'mysafety_geocode_cache' 생성 중...
[2026-09-26 20:32:37,632][INFO|database.py-upgrade_schema:285] >> 테이블 'mysafety_raw_content' 생성 중...
[2026-09-26 20:32:37,636][INFO|database.py-upgrade_schema:285] >> 테이블 'mysafety_report_override' 생성 중...
[2026-09-26 20:32:37,642][INFO|database.py-upgrade_schema:285] >> 테이블 'mysafety_sync_meta' 생성 중...
[2026-09-26 20:32:37,648][INFO|database.py-upgrade_schema:285] >> 테이블 'mysafety_watchlist' 생성 중...
[2026-09-26 20:32:37,654][INFO|database.py-upgrade_schema:285] >> 테이블 'mysafetydetail_other' 생성 중...
[2026-09-26 20:32:37,661][INFO|database.py-upgrade_schema:285] >> 테이블 'mysafetydetail_parking' 생성 중...
[2026-09-26 20:32:37,668][INFO|database.py-upgrade_schema:285] >> 테이블 'mysafetydetail_traffic' 생성 중...
[2026-09-26 20:32:37,671][INFO|database.py-upgrade_schema:285] >> 테이블 'mysafetymerge_other' 생성 중...
[2026-09-26 20:32:37,673][INFO|database.py-upgrade_schema:285] >> 테이블 'mysafetymerge_parking' 생성 중...
[2026-09-26 20:32:37,676][INFO|database.py-upgrade_schema:285] >> 테이블 'mysafetymerge_traffic' 생성 중...
[2026-09-26 20:32:37,691][INFO|database.py-_apply_versioned_migrations:452] >> [schema] DB 스키마 버전 1 적용
[2026-09-26 20:32:37,707][INFO|database.py-_apply_versioned_migrations:452] >> [schema] DB 스키마 버전 2 적용
[2026-09-26 20:32:37,712][INFO|database.py-_apply_versioned_migrations:452] >> [schema] DB 스키마 버전 3 적용
[2026-09-26 20:32:37,761][INFO|database.py-_apply_versioned_migrations:452] >> [schema] DB 스키마 버전 4 적용
.[2026-09-26 20:32:37,834][INFO|database.py-upgrade_schema:285] >> 테이블 'admin_users' 생성 중...
[2026-09-26 20:32:37,839][INFO|database.py-upgrade_schema:285] >> 테이블 'api_keys' 생성 중...
[2026-09-26 20:32:37,841][INFO|database.py-upgrade_schema:285] >> 테이블 'mysafety' 생성 중...
[2026-09-26 20:32:37,845][INFO|database.py-upgrade_schema:285] >> 테이블 'mysafety_change_cursor' 생성 중...
[2026-09-26 20:32:37,847][INFO|database.py-upgrade_schema:285] >> 테이블 'mysafety_change_log' 생성 중...
[2026-09-26 20:32:37,853][INFO|database.py-upgrade_schema:285] >> 테이블 'mysafety_duplicate_decision' 생성 중...
[2026-09-26 20:32:37,857][INFO|database.py-upgrade_schema:285] >> 테이블 'mysafety_duplicate_group' 생성 중...
[2026-09-26 20:32:37,863][INFO|database.py-upgrade_schema:285] >> 테이블 'mysafety_duplicate_member' 생성 중...
[2026-09-26 20:32:37,865][INFO|database.py-upgrade_schema:285] >> 테이블 'mysafety_entry_value' 생성 중...
[2026-09-26 20:32:37,867][INFO|database.py-upgrade_schema:285] >> 테이블 'mysafety_geocode_cache' 생성 중...
[2026-09-26 20:32:37,869][INFO|database.py-upgrade_schema:285] >> 테이블 'mysafety_raw_content' 생성 중...
[2026-09-26 20:32:37,873][INFO|database.py-upgrade_schema:285] >> 테이블 'mysafety_report_override' 생성 중...
[2026-09-26 20:32:37,878][INFO|database.py-upgrade_schema:285] >> 테이블 'mysafety_sync_meta' 생성 중...
[2026-09-26 20:32:37,885][INFO|database.py-upgrade_schema:285] >> 테이블 'mysafety_watchlist' 생성 중...
[2026-09-26 20:32:37,897][INFO|database.py-upgrade_schema:285] >> 테이블 'mysafetydetail_other' 생성 중...
[2026-09-26 20:32:37,926][INFO|database.py-upgrade_schema:285] >> 테이블 'mysafetydetail_parking' 생성 중...
[2026-09-26 20:32:37,932][INFO|database.py-upgrade_schema:285] >> 테이블 'mysafetydetail_traffic' 생성 중...
[2026-09-26 20:32:37,939][INFO|database.py-upgrade_schema:285] >> 테이블 'mysafetymerge_other' 생성 중...
[2026-09-26 20:32:37,942][INFO|database.py-upgrade_schema:285] >> 테이블 'mysafetymerge_parking' 생성 중...
[2026-09-26 20:32:37,944][INFO|database.py-upgrade_schema:285] >> 테이블 'mysafetymerge_traffic' 생성 중...
[2026-09-26 20:32:37,948][INFO|database.py-_apply_versioned_migrations:452] >> [schema] DB 스키마 버전 1 적용
[2026-09-26 20:32:37,970][INFO|database.py-_apply_versioned_migrations:452] >> [schema] DB 스키마 버전 2 적용
[2026-09-26 20:32:37,974][INFO|database.py-_apply_versioned_migrations:452] >> [schema] DB 스키마 버전 3 적용
[2026-09-26 20:32:38,021][INFO|database.py-_apply_versioned_migrations:452] >> [schema] DB 스키마 버전 4 적용
[2026-09-26 20:32:38,071][INFO|duplicate_group_service.py-_log_info:53] >> [duplicate] payload exact 중복군 0개, 멤버 0건 재생성
[2026-09-26 20:32:38,123][INFO|database.py-backfill_synced_at:100] >> [migration] mysafetydetail_traffic synced_at 백필: 12건, 미해결 0건
[2026-09-26 20:32:38,130][INFO|database.py-backfill_synced_at:100] >> [migration] mysafetydetail_parking synced_at 백필: 6건, 미해결 0건
[2026-09-26 20:32:38,137][INFO|database.py-backfill_synced_at:100] >> [migration] mysafetydetail_other synced_at 백필: 6건, 미해결 0건
[2026-09-26 20:32:38,148][INFO|database.py-backfill_synced_at:105] >> [migration] synced_at 백필 완료: 총 24건 갱신, merge 재생성 시작
[2026-09-26 20:32:38,163][INFO|database.py-merge_final:736] >> 최종 데이터 병합 완료 (Traffic/Parking/Other 분리)
[2026-09-26 20:32:38,218][INFO|duplicate_group_service.py-_log_info:53] >> [duplicate] payload exact 중복군 1개, 멤버 2건 재생성
[2026-09-26 20:32:38,230][INFO|database.py-merge_final:736] >> 최종 데이터 병합 완료 (Traffic/Parking/Other 분리)
[2026-09-26 20:32:38,279][INFO|duplicate_group_service.py-_log_info:53] >> [duplicate] payload exact 중복군 1개, 멤버 2건 재생성
.[2026-09-26 20:32:38,468][INFO|database.py-upgrade_schema:285] >> 테이블 'admin_users' 생성 중...
[2026-09-26 20:32:38,471][INFO|database.py-upgrade_schema:285] >> 테이블 'api_keys' 생성 중...
[2026-09-26 20:32:38,473][INFO|database.py-upgrade_schema:285] >> 테이블 'mysafety' 생성 중...
[2026-09-26 20:32:38,474][INFO|database.py-upgrade_schema:285] >> 테이블 'mysafety_change_cursor' 생성 중...
[2026-09-26 20:32:38,476][INFO|database.py-upgrade_schema:285] >> 테이블 'mysafety_change_log' 생성 중...
[2026-09-26 20:32:38,477][INFO|database.py-upgrade_schema:285] >> 테이블 'mysafety_duplicate_decision' 생성 중...
[2026-09-26 20:32:38,479][INFO|database.py-upgrade_schema:285] >> 테이블 'mysafety_duplicate_group' 생성 중...
[2026-09-26 20:32:38,481][INFO|database.py-upgrade_schema:285] >> 테이블 'mysafety_duplicate_member' 생성 중...
[2026-09-26 20:32:38,484][INFO|database.py-upgrade_schema:285] >> 테이블 'mysafety_entry_value' 생성 중...
[2026-09-26 20:32:38,485][INFO|database.py-upgrade_schema:285] >> 테이블 'mysafety_geocode_cache' 생성 중...
[2026-09-26 20:32:38,486][INFO|database.py-upgrade_schema:285] >> 테이블 'mysafety_raw_content' 생성 중...
[2026-09-26 20:32:38,488][INFO|database.py-upgrade_schema:285] >> 테이블 'mysafety_report_override' 생성 중...
[2026-09-26 20:32:38,492][INFO|database.py-upgrade_schema:285] >> 테이블 'mysafety_sync_meta' 생성 중...
[2026-09-26 20:32:38,493][INFO|database.py-upgrade_schema:285] >> 테이블 'mysafety_watchlist' 생성 중...
[2026-09-26 20:32:38,499][INFO|database.py-upgrade_schema:285] >> 테이블 'mysafetydetail_other' 생성 중...
[2026-09-26 20:32:38,502][INFO|database.py-upgrade_schema:285] >> 테이블 'mysafetydetail_parking' 생성 중...
[2026-09-26 20:32:38,505][INFO|database.py-upgrade_schema:285] >> 테이블 'mysafetydetail_traffic' 생성 중...
[2026-09-26 20:32:38,508][INFO|database.py-upgrade_schema:285] >> 테이블 'mysafetymerge_other' 생성 중...
[2026-09-26 20:32:38,511][INFO|database.py-upgrade_schema:285] >> 테이블 'mysafetymerge_parking' 생성 중...
[2026-09-26 20:32:38,515][INFO|database.py-upgrade_schema:285] >> 테이블 'mysafetymerge_traffic' 생성 중...
[2026-09-26 20:32:38,521][INFO|database.py-_apply_versioned_migrations:452] >> [schema] DB 스키마 버전 1 적용
[2026-09-26 20:32:38,532][INFO|database.py-_apply_versioned_migrations:452] >> [schema] DB 스키마 버전 2 적용
[2026-09-26 20:32:38,535][INFO|database.py-_apply_versioned_migrations:452] >> [schema] DB 스키마 버전 3 적용
[2026-09-26 20:32:38,558][INFO|database.py-_apply_versioned_migrations:452] >> [schema] DB 스키마 버전 4 적용
......[2026-09-26 20:32:38,586][INFO|database.py-upgrade_schema:285] >> 테이블 'admin_users' 생성 중...
[2026-09-26 20:32:38,589][INFO|database.py-upgrade_schema:285] >> 테이블 'api_keys' 생성 중...
[2026-09-26 20:32:38,592][INFO|database.py-upgrade_schema:285] >> 테이블 'mysafety' 생성 중...
[2026-09-26 20:32:38,594][INFO|database.py-upgrade_schema:285] >> 테이블 'mysafety_change_cursor' 생성 중...
[2026-09-26 20:32:38,596][INFO|database.py-upgrade_schema:285] >> 테이블 'mysafety_change_log' 생성 중...
[2026-09-26 20:32:38,597][INFO|database.py-upgrade_schema:285] >> 테이블 'mysafety_duplicate_decision' 생성 중...
[2026-09-26 20:32:38,599][INFO|database.py-upgrade_schema:285] >> 테이블 'mysafety_duplicate_group' 생성 중...
[2026-09-26 20:32:38,601][INFO|database.py-upgrade_schema:285] >> 테이블 'mysafety_duplicate_member' 생성 중...
[2026-09-26 20:32:38,602][INFO|database.py-upgrade_schema:285] >> 테이블 'mysafety_entry_value' 생성 중...
[2026-09-26 20:32:38,604][INFO|database.py-upgrade_schema:285] >> 테이블 'mysafety_geocode_cache' 생성 중...
[2026-09-26 20:32:38,605][INFO|database.py-upgrade_schema:285] >> 테이블 'mysafety_raw_content' 생성 중...
[2026-09-26 20:32:38,607][INFO|database.py-upgrade_schema:285] >> 테이블 'mysafety_report_override' 생성 중...
[2026-09-26 20:32:38,608][INFO|database.py-upgrade_schema:285] >> 테이블 'mysafety_sync_meta' 생성 중...
[2026-09-26 20:32:38,610][INFO|database.py-upgrade_schema:285] >> 테이블 'mysafety_watchlist' 생성 중...
[2026-09-26 20:32:38,613][INFO|database.py-upgrade_schema:285] >> 테이블 'mysafetydetail_other' 생성 중...
[2026-09-26 20:32:38,618][INFO|database.py-upgrade_schema:285] >> 테이블 'mysafetydetail_parking' 생성 중...
[2026-09-26 20:32:38,623][INFO|database.py-upgrade_schema:285] >> 테이블 'mysafetydetail_traffic' 생성 중...
[2026-09-26 20:32:38,625][INFO|database.py-upgrade_schema:285] >> 테이블 'mysafetymerge_other' 생성 중...
[2026-09-26 20:32:38,627][INFO|database.py-upgrade_schema:285] >> 테이블 'mysafetymerge_parking' 생성 중...
[2026-09-26 20:32:38,631][INFO|database.py-upgrade_schema:285] >> 테이블 'mysafetymerge_traffic' 생성 중...
[2026-09-26 20:32:38,641][INFO|database.py-_apply_versioned_migrations:452] >> [schema] DB 스키마 버전 1 적용
[2026-09-26 20:32:38,656][INFO|database.py-_apply_versioned_migrations:452] >> [schema] DB 스키마 버전 2 적용
[2026-09-26 20:32:38,659][INFO|database.py-_apply_versioned_migrations:452] >> [schema] DB 스키마 버전 3 적용
[2026-09-26 20:32:38,677][INFO|database.py-_apply_versioned_migrations:452] >> [schema] DB 스키마 버전 4 적용
[2026-09-26 20:32:38,706][INFO|duplicate_group_service.py-_log_info:53] >> [duplicate] payload exact 중복군 0개, 멤버 0건 재생성
[2026-09-26 20:32:38,767][INFO|database.py-backfill_synced_at:100] >> [migration] mysafetydetail_traffic synced_at 백필: 12건, 미해결 0건
[2026-09-26 20:32:38,770][INFO|database.py-backfill_synced_at:100] >> [migration] mysafetydetail_parking synced_at 백필: 6건, 미해결 0건
[2026-09-26 20:32:38,774][INFO|database.py-backfill_synced_at:100] >> [migration] mysafetydetail_other synced_at 백필: 6건, 미해결 0건
[2026-09-26 20:32:38,776][INFO|database.py-backfill_synced_at:105] >> [migration] synced_at 백필 완료: 총 24건 갱신, merge 재생성 시작
[2026-09-26 20:32:38,795][INFO|database.py-merge_final:736] >> 최종 데이터 병합 완료 (Traffic/Parking/Other 분리)
[2026-09-26 20:32:38,820][INFO|duplicate_group_service.py-_log_info:53] >> [duplicate] payload exact 중복군 1개, 멤버 2건 재생성
[2026-09-26 20:32:38,836][INFO|database.py-merge_final:736] >> 최종 데이터 병합 완료 (Traffic/Parking/Other 분리)
[2026-09-26 20:32:38,866][INFO|duplicate_group_service.py-_log_info:53] >> [duplicate] payload exact 중복군 1개, 멤버 2건 재생성
.[2026-09-26 20:32:39,112][INFO|database.py-upgrade_schema:285] >> 테이블 'admin_users' 생성 중...
[2026-09-26 20:32:39,120][INFO|database.py-upgrade_schema:285] >> 테이블 'api_keys' 생성 중...
[2026-09-26 20:32:39,122][INFO|database.py-upgrade_schema:285] >> 테이블 'mysafety' 생성 중...
[2026-09-26 20:32:39,126][INFO|database.py-upgrade_schema:285] >> 테이블 'mysafety_change_cursor' 생성 중...
[2026-09-26 20:32:39,133][INFO|database.py-upgrade_schema:285] >> 테이블 'mysafety_change_log' 생성 중...
[2026-09-26 20:32:39,135][INFO|database.py-upgrade_schema:285] >> 테이블 'mysafety_duplicate_decision' 생성 중...
[2026-09-26 20:32:39,138][INFO|database.py-upgrade_schema:285] >> 테이블 'mysafety_duplicate_group' 생성 중...
[2026-09-26 20:32:39,148][INFO|database.py-upgrade_schema:285] >> 테이블 'mysafety_duplicate_member' 생성 중...
[2026-09-26 20:32:39,157][INFO|database.py-upgrade_schema:285] >> 테이블 'mysafety_entry_value' 생성 중...
[2026-09-26 20:32:39,161][INFO|database.py-upgrade_schema:285] >> 테이블 'mysafety_geocode_cache' 생성 중...
[2026-09-26 20:32:39,164][INFO|database.py-upgrade_schema:285] >> 테이블 'mysafety_raw_content' 생성 중...
[2026-09-26 20:32:39,166][INFO|database.py-upgrade_schema:285] >> 테이블 'mysafety_report_override' 생성 중...
[2026-09-26 20:32:39,170][INFO|database.py-upgrade_schema:285] >> 테이블 'mysafety_sync_meta' 생성 중...
[2026-09-26 20:32:39,173][INFO|database.py-upgrade_schema:285] >> 테이블 'mysafety_watchlist' 생성 중...
[2026-09-26 20:32:39,175][INFO|database.py-upgrade_schema:285] >> 테이블 'mysafetydetail_other' 생성 중...
[2026-09-26 20:32:39,177][INFO|database.py-upgrade_schema:285] >> 테이블 'mysafetydetail_parking' 생성 중...
[2026-09-26 20:32:39,183][INFO|database.py-upgrade_schema:285] >> 테이블 'mysafetydetail_traffic' 생성 중...
[2026-09-26 20:32:39,187][INFO|database.py-upgrade_schema:285] >> 테이블 'mysafetymerge_other' 생성 중...
[2026-09-26 20:32:39,190][INFO|database.py-upgrade_schema:285] >> 테이블 'mysafetymerge_parking' 생성 중...
[2026-09-26 20:32:39,196][INFO|database.py-upgrade_schema:285] >> 테이블 'mysafetymerge_traffic' 생성 중...
[2026-09-26 20:32:39,200][INFO|database.py-_apply_versioned_migrations:452] >> [schema] DB 스키마 버전 1 적용
[2026-09-26 20:32:39,217][INFO|database.py-_apply_versioned_migrations:452] >> [schema] DB 스키마 버전 2 적용
[2026-09-26 20:32:39,220][INFO|database.py-_apply_versioned_migrations:452] >> [schema] DB 스키마 버전 3 적용
[2026-09-26 20:32:39,266][INFO|database.py-_apply_versioned_migrations:452] >> [schema] DB 스키마 버전 4 적용
[2026-09-26 20:32:39,294][INFO|duplicate_group_service.py-_log_info:53] >> [duplicate] payload exact 중복군 0개, 멤버 0건 재생성
[2026-09-26 20:32:39,392][INFO|database.py-backfill_synced_at:100] >> [migration] mysafetydetail_traffic synced_at 백필: 12건, 미해결 0건
[2026-09-26 20:32:39,396][INFO|database.py-backfill_synced_at:100] >> [migration] mysafetydetail_parking synced_at 백필: 6건, 미해결 0건
[2026-09-26 20:32:39,405][INFO|database.py-backfill_synced_at:100] >> [migration] mysafetydetail_other synced_at 백필: 6건, 미해결 0건
[2026-09-26 20:32:39,411][INFO|database.py-backfill_synced_at:105] >> [migration] synced_at 백필 완료: 총 24건 갱신, merge 재생성 시작
[2026-09-26 20:32:39,431][INFO|database.py-merge_final:736] >> 최종 데이터 병합 완료 (Traffic/Parking/Other 분리)
[2026-09-26 20:32:39,490][INFO|duplicate_group_service.py-_log_info:53] >> [duplicate] payload exact 중복군 1개, 멤버 2건 재생성
[2026-09-26 20:32:39,523][INFO|database.py-merge_final:736] >> 최종 데이터 병합 완료 (Traffic/Parking/Other 분리)
[2026-09-26 20:32:39,559][INFO|duplicate_group_service.py-_log_info:53] >> [duplicate] payload exact 중복군 1개, 멤버 2건 재생성
[2026-09-26 20:32:39,905][INFO|duplicate_group_service.py-_log_info:53] >> [duplicate] payload exact 중복군 1개, 멤버 2건 재생성
.[2026-09-26 20:32:39,947][INFO|database.py-upgrade_schema:285] >> 테이블 'admin_users' 생성 중...
[2026-09-26 20:32:39,954][INFO|database.py-upgrade_schema:285] >> 테이블 'api_keys' 생성 중...
[2026-09-26 20:32:39,960][INFO|database.py-upgrade_schema:285] >> 테이블 'mysafety' 생성 중...
[2026-09-26 20:32:39,963][INFO|database.py-upgrade_schema:285] >> 테이블 'mysafety_change_cursor' 생성 중...
[2026-09-26 20:32:39,969][INFO|database.py-upgrade_schema:285] >> 테이블 'mysafety_change_log' 생성 중...
[2026-09-26 20:32:39,976][INFO|database.py-upgrade_schema:285] >> 테이블 'mysafety_duplicate_decision' 생성 중...
[2026-09-26 20:32:39,981][INFO|database.py-upgrade_schema:285] >> 테이블 'mysafety_duplicate_group' 생성 중...
[2026-09-26 20:32:39,986][INFO|database.py-upgrade_schema:285] >> 테이블 'mysafety_duplicate_member' 생성 중...
[2026-09-26 20:32:39,989][INFO|database.py-upgrade_schema:285] >> 테이블 'mysafety_entry_value' 생성 중...
[2026-09-26 20:32:39,996][INFO|database.py-upgrade_schema:285] >> 테이블 'mysafety_geocode_cache' 생성 중...
[2026-09-26 20:32:40,003][INFO|database.py-upgrade_schema:285] >> 테이블 'mysafety_raw_content' 생성 중...
[2026-09-26 20:32:40,007][INFO|database.py-upgrade_schema:285] >> 테이블 'mysafety_report_override' 생성 중...
[2026-09-26 20:32:40,013][INFO|database.py-upgrade_schema:285] >> 테이블 'mysafety_sync_meta' 생성 중...
[2026-09-26 20:32:40,022][INFO|database.py-upgrade_schema:285] >> 테이블 'mysafety_watchlist' 생성 중...
[2026-09-26 20:32:40,027][INFO|database.py-upgrade_schema:285] >> 테이블 'mysafetydetail_other' 생성 중...
[2026-09-26 20:32:40,036][INFO|database.py-upgrade_schema:285] >> 테이블 'mysafetydetail_parking' 생성 중...
[2026-09-26 20:32:40,040][INFO|database.py-upgrade_schema:285] >> 테이블 'mysafetydetail_traffic' 생성 중...
[2026-09-26 20:32:40,047][INFO|database.py-upgrade_schema:285] >> 테이블 'mysafetymerge_other' 생성 중...
[2026-09-26 20:32:40,055][INFO|database.py-upgrade_schema:285] >> 테이블 'mysafetymerge_parking' 생성 중...
[2026-09-26 20:32:40,058][INFO|database.py-upgrade_schema:285] >> 테이블 'mysafetymerge_traffic' 생성 중...
[2026-09-26 20:32:40,069][INFO|database.py-_apply_versioned_migrations:452] >> [schema] DB 스키마 버전 1 적용
[2026-09-26 20:32:40,081][INFO|database.py-_apply_versioned_migrations:452] >> [schema] DB 스키마 버전 2 적용
[2026-09-26 20:32:40,086][INFO|database.py-_apply_versioned_migrations:452] >> [schema] DB 스키마 버전 3 적용
[2026-09-26 20:32:40,148][INFO|database.py-_apply_versioned_migrations:452] >> [schema] DB 스키마 버전 4 적용
[2026-09-26 20:32:40,336][INFO|duplicate_group_service.py-_log_info:53] >> [duplicate] payload exact 중복군 0개, 멤버 0건 재생성
[2026-09-26 20:32:40,377][INFO|database.py-backfill_synced_at:100] >> [migration] mysafetydetail_traffic synced_at 백필: 12건, 미해결 0건
[2026-09-26 20:32:40,381][INFO|database.py-backfill_synced_at:100] >> [migration] mysafetydetail_parking synced_at 백필: 6건, 미해결 0건
[2026-09-26 20:32:40,385][INFO|database.py-backfill_synced_at:100] >> [migration] mysafetydetail_other synced_at 백필: 6건, 미해결 0건
[2026-09-26 20:32:40,389][INFO|database.py-backfill_synced_at:105] >> [migration] synced_at 백필 완료: 총 24건 갱신, merge 재생성 시작
[2026-09-26 20:32:40,410][INFO|database.py-merge_final:736] >> 최종 데이터 병합 완료 (Traffic/Parking/Other 분리)
[2026-09-26 20:32:40,437][INFO|duplicate_group_service.py-_log_info:53] >> [duplicate] payload exact 중복군 1개, 멤버 2건 재생성
[2026-09-26 20:32:40,459][INFO|database.py-merge_final:736] >> 최종 데이터 병합 완료 (Traffic/Parking/Other 분리)
[2026-09-26 20:32:40,483][INFO|duplicate_group_service.py-_log_info:53] >> [duplicate] payload exact 중복군 1개, 멤버 2건 재생성
.[2026-09-26 20:32:40,756][INFO|database.py-upgrade_schema:285] >> 테이블 'admin_users' 생성 중...
[2026-09-26 20:32:40,768][INFO|database.py-upgrade_schema:285] >> 테이블 'api_keys' 생성 중...
[2026-09-26 20:32:40,772][INFO|database.py-upgrade_schema:285] >> 테이블 'mysafety' 생성 중...
[2026-09-26 20:32:40,776][INFO|database.py-upgrade_schema:285] >> 테이블 'mysafety_change_cursor' 생성 중...
[2026-09-26 20:32:40,778][INFO|database.py-upgrade_schema:285] >> 테이블 'mysafety_change_log' 생성 중...
[2026-09-26 20:32:40,786][INFO|database.py-upgrade_schema:285] >> 테이블 'mysafety_duplicate_decision' 생성 중...
[2026-09-26 20:32:40,789][INFO|database.py-upgrade_schema:285] >> 테이블 'mysafety_duplicate_group' 생성 중...
[2026-09-26 20:32:40,798][INFO|database.py-upgrade_schema:285] >> 테이블 'mysafety_duplicate_member' 생성 중...
[2026-09-26 20:32:40,801][INFO|database.py-upgrade_schema:285] >> 테이블 'mysafety_entry_value' 생성 중...
[2026-09-26 20:32:40,807][INFO|database.py-upgrade_schema:285] >> 테이블 'mysafety_geocode_cache' 생성 중...
[2026-09-26 20:32:40,813][INFO|database.py-upgrade_schema:285] >> 테이블 'mysafety_raw_content' 생성 중...
[2026-09-26 20:32:40,817][INFO|database.py-upgrade_schema:285] >> 테이블 'mysafety_report_override' 생성 중...
[2026-09-26 20:32:40,820][INFO|database.py-upgrade_schema:285] >> 테이블 'mysafety_sync_meta' 생성 중...
[2026-09-26 20:32:40,824][INFO|database.py-upgrade_schema:285] >> 테이블 'mysafety_watchlist' 생성 중...
[2026-09-26 20:32:40,827][INFO|database.py-upgrade_schema:285] >> 테이블 'mysafetydetail_other' 생성 중...
[2026-09-26 20:32:40,832][INFO|database.py-upgrade_schema:285] >> 테이블 'mysafetydetail_parking' 생성 중...
[2026-09-26 20:32:40,837][INFO|database.py-upgrade_schema:285] >> 테이블 'mysafetydetail_traffic' 생성 중...
[2026-09-26 20:32:40,847][INFO|database.py-upgrade_schema:285] >> 테이블 'mysafetymerge_other' 생성 중...
[2026-09-26 20:32:40,852][INFO|database.py-upgrade_schema:285] >> 테이블 'mysafetymerge_parking' 생성 중...
[2026-09-26 20:32:40,860][INFO|database.py-upgrade_schema:285] >> 테이블 'mysafetymerge_traffic' 생성 중...
[2026-09-26 20:32:40,873][INFO|database.py-_apply_versioned_migrations:452] >> [schema] DB 스키마 버전 1 적용
[2026-09-26 20:32:40,882][INFO|database.py-_apply_versioned_migrations:452] >> [schema] DB 스키마 버전 2 적용
[2026-09-26 20:32:40,887][INFO|database.py-_apply_versioned_migrations:452] >> [schema] DB 스키마 버전 3 적용
[2026-09-26 20:32:40,926][INFO|database.py-_apply_versioned_migrations:452] >> [schema] DB 스키마 버전 4 적용
[2026-09-26 20:32:40,955][INFO|duplicate_group_service.py-_log_info:53] >> [duplicate] payload exact 중복군 0개, 멤버 0건 재생성
[2026-09-26 20:32:40,996][INFO|database.py-backfill_synced_at:100] >> [migration] mysafetydetail_traffic synced_at 백필: 12건, 미해결 0건
[2026-09-26 20:32:41,000][INFO|database.py-backfill_synced_at:100] >> [migration] mysafetydetail_parking synced_at 백필: 6건, 미해결 0건
[2026-09-26 20:32:41,004][INFO|database.py-backfill_synced_at:100] >> [migration] mysafetydetail_other synced_at 백필: 6건, 미해결 0건
[2026-09-26 20:32:41,008][INFO|database.py-backfill_synced_at:105] >> [migration] synced_at 백필 완료: 총 24건 갱신, merge 재생성 시작
[2026-09-26 20:32:41,036][INFO|database.py-merge_final:736] >> 최종 데이터 병합 완료 (Traffic/Parking/Other 분리)
[2026-09-26 20:32:41,068][INFO|duplicate_group_service.py-_log_info:53] >> [duplicate] payload exact 중복군 1개, 멤버 2건 재생성
[2026-09-26 20:32:41,098][INFO|database.py-merge_final:736] >> 최종 데이터 병합 완료 (Traffic/Parking/Other 분리)
[2026-09-26 20:32:41,138][INFO|duplicate_group_service.py-_log_info:53] >> [duplicate] payload exact 중복군 1개, 멤버 2건 재생성
[2026-09-26 20:32:41,314][INFO|duplicate_group_service.py-_log_info:53] >> [duplicate] payload exact 중복군 1개, 멤버 2건 재생성
.[2026-09-26 20:32:41,332][INFO|database.py-upgrade_schema:285] >> 테이블 'admin_users' 생성 중...
[2026-09-26 20:32:41,349][INFO|database.py-upgrade_schema:285] >> 테이블 'api_keys' 생성 중...
[2026-09-26 20:32:41,353][INFO|database.py-upgrade_schema:285] >> 테이블 'mysafety' 생성 중...
[2026-09-26 20:32:41,356][INFO|database.py-upgrade_schema:285] >> 테이블 'mysafety_change_cursor' 생성 중...
[2026-09-26 20:32:41,359][INFO|database.py-upgrade_schema:285] >> 테이블 'mysafety_change_log' 생성 중...
[2026-09-26 20:32:41,363][INFO|database.py-upgrade_schema:285] >> 테이블 'mysafety_duplicate_decision' 생성 중...
[2026-09-26 20:32:41,370][INFO|database.py-upgrade_schema:285] >> 테이블 'mysafety_duplicate_group' 생성 중...
[2026-09-26 20:32:41,373][INFO|database.py-upgrade_schema:285] >> 테이블 'mysafety_duplicate_member' 생성 중...
[2026-09-26 20:32:41,378][INFO|database.py-upgrade_schema:285] >> 테이블 'mysafety_entry_value' 생성 중...
[2026-09-26 20:32:41,383][INFO|database.py-upgrade_schema:285] >> 테이블 'mysafety_geocode_cache' 생성 중...
[2026-09-26 20:32:41,386][INFO|database.py-upgrade_schema:285] >> 테이블 'mysafety_raw_content' 생성 중...
[2026-09-26 20:32:41,392][INFO|database.py-upgrade_schema:285] >> 테이블 'mysafety_report_override' 생성 중...
[2026-09-26 20:32:41,396][INFO|database.py-upgrade_schema:285] >> 테이블 'mysafety_sync_meta' 생성 중...
[2026-09-26 20:32:41,404][INFO|database.py-upgrade_schema:285] >> 테이블 'mysafety_watchlist' 생성 중...
[2026-09-26 20:32:41,412][INFO|database.py-upgrade_schema:285] >> 테이블 'mysafetydetail_other' 생성 중...
[2026-09-26 20:32:41,418][INFO|database.py-upgrade_schema:285] >> 테이블 'mysafetydetail_parking' 생성 중...
[2026-09-26 20:32:41,422][INFO|database.py-upgrade_schema:285] >> 테이블 'mysafetydetail_traffic' 생성 중...
[2026-09-26 20:32:41,425][INFO|database.py-upgrade_schema:285] >> 테이블 'mysafetymerge_other' 생성 중...
[2026-09-26 20:32:41,429][INFO|database.py-upgrade_schema:285] >> 테이블 'mysafetymerge_parking' 생성 중...
[2026-09-26 20:32:41,433][INFO|database.py-upgrade_schema:285] >> 테이블 'mysafetymerge_traffic' 생성 중...
[2026-09-26 20:32:41,438][INFO|database.py-_apply_versioned_migrations:452] >> [schema] DB 스키마 버전 1 적용
[2026-09-26 20:32:41,448][INFO|database.py-_apply_versioned_migrations:452] >> [schema] DB 스키마 버전 2 적용
[2026-09-26 20:32:41,452][INFO|database.py-_apply_versioned_migrations:452] >> [schema] DB 스키마 버전 3 적용
[2026-09-26 20:32:41,496][INFO|database.py-_apply_versioned_migrations:452] >> [schema] DB 스키마 버전 4 적용
[2026-09-26 20:32:41,527][INFO|duplicate_group_service.py-_log_info:53] >> [duplicate] payload exact 중복군 0개, 멤버 0건 재생성
[2026-09-26 20:32:41,570][INFO|database.py-backfill_synced_at:100] >> [migration] mysafetydetail_traffic synced_at 백필: 12건, 미해결 0건
[2026-09-26 20:32:41,573][INFO|database.py-backfill_synced_at:100] >> [migration] mysafetydetail_parking synced_at 백필: 6건, 미해결 0건
[2026-09-26 20:32:41,577][INFO|database.py-backfill_synced_at:100] >> [migration] mysafetydetail_other synced_at 백필: 6건, 미해결 0건
[2026-09-26 20:32:41,580][INFO|database.py-backfill_synced_at:105] >> [migration] synced_at 백필 완료: 총 24건 갱신, merge 재생성 시작
[2026-09-26 20:32:41,597][INFO|database.py-merge_final:736] >> 최종 데이터 병합 완료 (Traffic/Parking/Other 분리)
[2026-09-26 20:32:41,632][INFO|duplicate_group_service.py-_log_info:53] >> [duplicate] payload exact 중복군 1개, 멤버 2건 재생성
[2026-09-26 20:32:41,667][INFO|database.py-merge_final:736] >> 최종 데이터 병합 완료 (Traffic/Parking/Other 분리)
[2026-09-26 20:32:41,707][INFO|duplicate_group_service.py-_log_info:53] >> [duplicate] payload exact 중복군 1개, 멤버 2건 재생성
.[2026-09-26 20:32:41,874][INFO|database.py-upgrade_schema:285] >> 테이블 'admin_users' 생성 중...
[2026-09-26 20:32:41,888][INFO|database.py-upgrade_schema:285] >> 테이블 'api_keys' 생성 중...
[2026-09-26 20:32:41,893][INFO|database.py-upgrade_schema:285] >> 테이블 'mysafety' 생성 중...
[2026-09-26 20:32:41,897][INFO|database.py-upgrade_schema:285] >> 테이블 'mysafety_change_cursor' 생성 중...
[2026-09-26 20:32:41,902][INFO|database.py-upgrade_schema:285] >> 테이블 'mysafety_change_log' 생성 중...
[2026-09-26 20:32:41,911][INFO|database.py-upgrade_schema:285] >> 테이블 'mysafety_duplicate_decision' 생성 중...
[2026-09-26 20:32:41,916][INFO|database.py-upgrade_schema:285] >> 테이블 'mysafety_duplicate_group' 생성 중...
[2026-09-26 20:32:41,921][INFO|database.py-upgrade_schema:285] >> 테이블 'mysafety_duplicate_member' 생성 중...
[2026-09-26 20:32:41,926][INFO|database.py-upgrade_schema:285] >> 테이블 'mysafety_entry_value' 생성 중...
[2026-09-26 20:32:41,930][INFO|database.py-upgrade_schema:285] >> 테이블 'mysafety_geocode_cache' 생성 중...
[2026-09-26 20:32:41,937][INFO|database.py-upgrade_schema:285] >> 테이블 'mysafety_raw_content' 생성 중...
[2026-09-26 20:32:41,940][INFO|database.py-upgrade_schema:285] >> 테이블 'mysafety_report_override' 생성 중...
[2026-09-26 20:32:41,943][INFO|database.py-upgrade_schema:285] >> 테이블 'mysafety_sync_meta' 생성 중...
[2026-09-26 20:32:41,946][INFO|database.py-upgrade_schema:285] >> 테이블 'mysafety_watchlist' 생성 중...
[2026-09-26 20:32:41,949][INFO|database.py-upgrade_schema:285] >> 테이블 'mysafetydetail_other' 생성 중...
[2026-09-26 20:32:41,953][INFO|database.py-upgrade_schema:285] >> 테이블 'mysafetydetail_parking' 생성 중...
[2026-09-26 20:32:41,957][INFO|database.py-upgrade_schema:285] >> 테이블 'mysafetydetail_traffic' 생성 중...
[2026-09-26 20:32:41,963][INFO|database.py-upgrade_schema:285] >> 테이블 'mysafetymerge_other' 생성 중...
[2026-09-26 20:32:41,966][INFO|database.py-upgrade_schema:285] >> 테이블 'mysafetymerge_parking' 생성 중...
[2026-09-26 20:32:41,969][INFO|database.py-upgrade_schema:285] >> 테이블 'mysafetymerge_traffic' 생성 중...
[2026-09-26 20:32:41,980][INFO|database.py-_apply_versioned_migrations:452] >> [schema] DB 스키마 버전 1 적용
[2026-09-26 20:32:42,000][INFO|database.py-_apply_versioned_migrations:452] >> [schema] DB 스키마 버전 2 적용
[2026-09-26 20:32:42,007][INFO|database.py-_apply_versioned_migrations:452] >> [schema] DB 스키마 버전 3 적용
[2026-09-26 20:32:42,054][INFO|database.py-_apply_versioned_migrations:452] >> [schema] DB 스키마 버전 4 적용
[2026-09-26 20:32:42,082][INFO|duplicate_group_service.py-_log_info:53] >> [duplicate] payload exact 중복군 0개, 멤버 0건 재생성
[2026-09-26 20:32:42,139][INFO|database.py-backfill_synced_at:100] >> [migration] mysafetydetail_traffic synced_at 백필: 12건, 미해결 0건
[2026-09-26 20:32:42,142][INFO|database.py-backfill_synced_at:100] >> [migration] mysafetydetail_parking synced_at 백필: 6건, 미해결 0건
[2026-09-26 20:32:42,147][INFO|database.py-backfill_synced_at:100] >> [migration] mysafetydetail_other synced_at 백필: 6건, 미해결 0건
[2026-09-26 20:32:42,150][INFO|database.py-backfill_synced_at:105] >> [migration] synced_at 백필 완료: 총 24건 갱신, merge 재생성 시작
[2026-09-26 20:32:42,170][INFO|database.py-merge_final:736] >> 최종 데이터 병합 완료 (Traffic/Parking/Other 분리)
[2026-09-26 20:32:42,199][INFO|duplicate_group_service.py-_log_info:53] >> [duplicate] payload exact 중복군 1개, 멤버 2건 재생성
[2026-09-26 20:32:42,214][INFO|database.py-merge_final:736] >> 최종 데이터 병합 완료 (Traffic/Parking/Other 분리)
[2026-09-26 20:32:42,246][INFO|duplicate_group_service.py-_log_info:53] >> [duplicate] payload exact 중복군 1개, 멤버 2건 재생성
[2026-09-26 20:32:42,443][WARNING|start.py-_prepare_database:63] >> --reset 옵션이 사용되어 크롤링 데이터 테이블을 초기화합니다.
[2026-09-26 20:32:42,443][INFO|start.py-_prepare_database:82] >> --reset에서도 mysafety_geocode_cache는 유지합니다. 재크롤링 시 같은 주소는 캐시 좌표를 재사용합니다.
[2026-09-26 20:32:42,519][INFO|database.py-upgrade_schema:285] >> 테이블 'mysafety' 생성 중...
[2026-09-26 20:32:42,535][INFO|database.py-upgrade_schema:285] >> 테이블 'mysafety_duplicate_group' 생성 중...
[2026-09-26 20:32:42,545][INFO|database.py-upgrade_schema:285] >> 테이블 'mysafety_duplicate_member' 생성 중...
[2026-09-26 20:32:42,568][INFO|database.py-upgrade_schema:285] >> 테이블 'mysafety_entry_value' 생성 중...
[2026-09-26 20:32:42,580][INFO|database.py-upgrade_schema:285] >> 테이블 'mysafety_raw_content' 생성 중...
[2026-09-26 20:32:42,591][INFO|database.py-upgrade_schema:285] >> 테이블 'mysafetydetail_other' 생성 중...
[2026-09-26 20:32:42,595][INFO|database.py-upgrade_schema:285] >> 테이블 'mysafetydetail_parking' 생성 중...
[2026-09-26 20:32:42,599][INFO|database.py-upgrade_schema:285] >> 테이블 'mysafetydetail_traffic' 생성 중...
[2026-09-26 20:32:42,622][INFO|database.py-upgrade_schema:285] >> 테이블 'mysafetymerge_other' 생성 중...
[2026-09-26 20:32:42,634][INFO|database.py-upgrade_schema:285] >> 테이블 'mysafetymerge_parking' 생성 중...
[2026-09-26 20:32:42,639][INFO|database.py-upgrade_schema:285] >> 테이블 'mysafetymerge_traffic' 생성 중...
.[2026-09-26 20:32:42,683][INFO|database.py-upgrade_schema:285] >> 테이블 'admin_users' 생성 중...
[2026-09-26 20:32:42,693][INFO|database.py-upgrade_schema:285] >> 테이블 'api_keys' 생성 중...
[2026-09-26 20:32:42,705][INFO|database.py-upgrade_schema:285] >> 테이블 'mysafety' 생성 중...
[2026-09-26 20:32:42,717][INFO|database.py-upgrade_schema:285] >> 테이블 'mysafety_change_cursor' 생성 중...
[2026-09-26 20:32:42,732][INFO|database.py-upgrade_schema:285] >> 테이블 'mysafety_change_log' 생성 중...
[2026-09-26 20:32:42,736][INFO|database.py-upgrade_schema:285] >> 테이블 'mysafety_duplicate_decision' 생성 중...
[2026-09-26 20:32:42,742][INFO|database.py-upgrade_schema:285] >> 테이블 'mysafety_duplicate_group' 생성 중...
[2026-09-26 20:32:42,758][INFO|database.py-upgrade_schema:285] >> 테이블 'mysafety_duplicate_member' 생성 중...
[2026-09-26 20:32:42,762][INFO|database.py-upgrade_schema:285] >> 테이블 'mysafety_entry_value' 생성 중...
[2026-09-26 20:32:42,770][INFO|database.py-upgrade_schema:285] >> 테이블 'mysafety_geocode_cache' 생성 중...
[2026-09-26 20:32:42,776][INFO|database.py-upgrade_schema:285] >> 테이블 'mysafety_raw_content' 생성 중...
[2026-09-26 20:32:42,779][INFO|database.py-upgrade_schema:285] >> 테이블 'mysafety_report_override' 생성 중...
[2026-09-26 20:32:42,782][INFO|database.py-upgrade_schema:285] >> 테이블 'mysafety_sync_meta' 생성 중...
[2026-09-26 20:32:42,785][INFO|database.py-upgrade_schema:285] >> 테이블 'mysafety_watchlist' 생성 중...
[2026-09-26 20:32:42,788][INFO|database.py-upgrade_schema:285] >> 테이블 'mysafetydetail_other' 생성 중...
[2026-09-26 20:32:42,791][INFO|database.py-upgrade_schema:285] >> 테이블 'mysafetydetail_parking' 생성 중...
[2026-09-26 20:32:42,801][INFO|database.py-upgrade_schema:285] >> 테이블 'mysafetydetail_traffic' 생성 중...
[2026-09-26 20:32:42,806][INFO|database.py-upgrade_schema:285] >> 테이블 'mysafetymerge_other' 생성 중...
[2026-09-26 20:32:42,811][INFO|database.py-upgrade_schema:285] >> 테이블 'mysafetymerge_parking' 생성 중...
[2026-09-26 20:32:42,816][INFO|database.py-upgrade_schema:285] >> 테이블 'mysafetymerge_traffic' 생성 중...
[2026-09-26 20:32:42,836][INFO|database.py-_apply_versioned_migrations:452] >> [schema] DB 스키마 버전 1 적용
[2026-09-26 20:32:42,860][INFO|database.py-_apply_versioned_migrations:452] >> [schema] DB 스키마 버전 2 적용
[2026-09-26 20:32:42,868][INFO|database.py-_apply_versioned_migrations:452] >> [schema] DB 스키마 버전 3 적용
[2026-09-26 20:32:42,936][INFO|database.py-_apply_versioned_migrations:452] >> [schema] DB 스키마 버전 4 적용
[2026-09-26 20:32:42,960][INFO|duplicate_group_service.py-_log_info:53] >> [duplicate] payload exact 중복군 0개, 멤버 0건 재생성
[2026-09-26 20:32:43,031][INFO|database.py-backfill_synced_at:100] >> [migration] mysafetydetail_traffic synced_at 백필: 12건, 미해결 0건
[2026-09-26 20:32:43,039][INFO|database.py-backfill_synced_at:100] >> [migration] mysafetydetail_parking synced_at 백필: 6건, 미해결 0건
[2026-09-26 20:32:43,044][INFO|database.py-backfill_synced_at:100] >> [migration] mysafetydetail_other synced_at 백필: 6건, 미해결 0건
[2026-09-26 20:32:43,048][INFO|database.py-backfill_synced_at:105] >> [migration] synced_at 백필 완료: 총 24건 갱신, merge 재생성 시작
[2026-09-26 20:32:43,065][INFO|database.py-merge_final:736] >> 최종 데이터 병합 완료 (Traffic/Parking/Other 분리)
[2026-09-26 20:32:43,135][INFO|duplicate_group_service.py-_log_info:53] >> [duplicate] payload exact 중복군 1개, 멤버 2건 재생성
[2026-09-26 20:32:43,153][INFO|database.py-merge_final:736] >> 최종 데이터 병합 완료 (Traffic/Parking/Other 분리)
[2026-09-26 20:32:43,202][INFO|duplicate_group_service.py-_log_info:53] >> [duplicate] payload exact 중복군 1개, 멤버 2건 재생성
[2026-09-26 20:32:43,442][INFO|crawl_manager.py-launch_pending_crawl:434] >> [crawl] 대기 큐 1건 보류: COMMUNITY_REBUILD_REQUIRED
.[2026-09-26 20:32:43,673][INFO|database.py-upgrade_schema:285] >> 테이블 'admin_users' 생성 중...
[2026-09-26 20:32:43,709][INFO|database.py-upgrade_schema:285] >> 테이블 'api_keys' 생성 중...
[2026-09-26 20:32:43,711][INFO|database.py-upgrade_schema:285] >> 테이블 'mysafety' 생성 중...
[2026-09-26 20:32:43,717][INFO|database.py-upgrade_schema:285] >> 테이블 'mysafety_change_cursor' 생성 중...
[2026-09-26 20:32:43,754][INFO|database.py-upgrade_schema:285] >> 테이블 'mysafety_change_log' 생성 중...
[2026-09-26 20:32:43,773][INFO|database.py-upgrade_schema:285] >> 테이블 'mysafety_duplicate_decision' 생성 중...
[2026-09-26 20:32:43,817][INFO|database.py-upgrade_schema:285] >> 테이블 'mysafety_duplicate_group' 생성 중...
[2026-09-26 20:32:43,862][INFO|database.py-upgrade_schema:285] >> 테이블 'mysafety_duplicate_member' 생성 중...
[2026-09-26 20:32:43,900][INFO|database.py-upgrade_schema:285] >> 테이블 'mysafety_entry_value' 생성 중...
[2026-09-26 20:32:43,904][INFO|database.py-upgrade_schema:285] >> 테이블 'mysafety_geocode_cache' 생성 중...
[2026-09-26 20:32:43,916][INFO|database.py-upgrade_schema:285] >> 테이블 'mysafety_raw_content' 생성 중...
[2026-09-26 20:32:43,934][INFO|database.py-upgrade_schema:285] >> 테이블 'mysafety_report_override' 생성 중...
[2026-09-26 20:32:43,952][INFO|database.py-upgrade_schema:285] >> 테이블 'mysafety_sync_meta' 생성 중...
[2026-09-26 20:32:43,964][INFO|database.py-upgrade_schema:285] >> 테이블 'mysafety_watchlist' 생성 중...
[2026-09-26 20:32:44,001][INFO|database.py-upgrade_schema:285] >> 테이블 'mysafetydetail_other' 생성 중...
[2026-09-26 20:32:44,021][INFO|database.py-upgrade_schema:285] >> 테이블 'mysafetydetail_parking' 생성 중...
[2026-09-26 20:32:44,043][INFO|database.py-upgrade_schema:285] >> 테이블 'mysafetydetail_traffic' 생성 중...
[2026-09-26 20:32:44,076][INFO|database.py-upgrade_schema:285] >> 테이블 'mysafetymerge_other' 생성 중...
[2026-09-26 20:32:44,080][INFO|database.py-upgrade_schema:285] >> 테이블 'mysafetymerge_parking' 생성 중...
[2026-09-26 20:32:44,084][INFO|database.py-upgrade_schema:285] >> 테이블 'mysafetymerge_traffic' 생성 중...
[2026-09-26 20:32:44,093][INFO|database.py-_apply_versioned_migrations:452] >> [schema] DB 스키마 버전 1 적용
[2026-09-26 20:32:44,139][INFO|database.py-_apply_versioned_migrations:452] >> [schema] DB 스키마 버전 2 적용
[2026-09-26 20:32:44,159][INFO|database.py-_apply_versioned_migrations:452] >> [schema] DB 스키마 버전 3 적용
[2026-09-26 20:32:44,221][INFO|database.py-_apply_versioned_migrations:452] >> [schema] DB 스키마 버전 4 적용
[2026-09-26 20:32:44,250][INFO|duplicate_group_service.py-_log_info:53] >> [duplicate] payload exact 중복군 0개, 멤버 0건 재생성
[2026-09-26 20:32:44,323][INFO|database.py-backfill_synced_at:100] >> [migration] mysafetydetail_traffic synced_at 백필: 12건, 미해결 0건
[2026-09-26 20:32:44,328][INFO|database.py-backfill_synced_at:100] >> [migration] mysafetydetail_parking synced_at 백필: 6건, 미해결 0건
[2026-09-26 20:32:44,331][INFO|database.py-backfill_synced_at:100] >> [migration] mysafetydetail_other synced_at 백필: 6건, 미해결 0건
[2026-09-26 20:32:44,336][INFO|database.py-backfill_synced_at:105] >> [migration] synced_at 백필 완료: 총 24건 갱신, merge 재생성 시작
[2026-09-26 20:32:44,351][INFO|database.py-merge_final:736] >> 최종 데이터 병합 완료 (Traffic/Parking/Other 분리)
[2026-09-26 20:32:44,382][INFO|duplicate_group_service.py-_log_info:53] >> [duplicate] payload exact 중복군 1개, 멤버 2건 재생성
[2026-09-26 20:32:44,408][INFO|database.py-merge_final:736] >> 최종 데이터 병합 완료 (Traffic/Parking/Other 분리)
[2026-09-26 20:32:44,442][INFO|duplicate_group_service.py-_log_info:53] >> [duplicate] payload exact 중복군 1개, 멤버 2건 재생성
.[2026-09-26 20:32:44,692][INFO|database.py-upgrade_schema:285] >> 테이블 'admin_users' 생성 중...
[2026-09-26 20:32:44,712][INFO|database.py-upgrade_schema:285] >> 테이블 'api_keys' 생성 중...
[2026-09-26 20:32:44,716][INFO|database.py-upgrade_schema:285] >> 테이블 'mysafety' 생성 중...
[2026-09-26 20:32:44,719][INFO|database.py-upgrade_schema:285] >> 테이블 'mysafety_change_cursor' 생성 중...
[2026-09-26 20:32:44,723][INFO|database.py-upgrade_schema:285] >> 테이블 'mysafety_change_log' 생성 중...
[2026-09-26 20:32:44,725][INFO|database.py-upgrade_schema:285] >> 테이블 'mysafety_duplicate_decision' 생성 중...
[2026-09-26 20:32:44,729][INFO|database.py-upgrade_schema:285] >> 테이블 'mysafety_duplicate_group' 생성 중...
[2026-09-26 20:32:44,733][INFO|database.py-upgrade_schema:285] >> 테이블 'mysafety_duplicate_member' 생성 중...
[2026-09-26 20:32:44,741][INFO|database.py-upgrade_schema:285] >> 테이블 'mysafety_entry_value' 생성 중...
[2026-09-26 20:32:44,745][INFO|database.py-upgrade_schema:285] >> 테이블 'mysafety_geocode_cache' 생성 중...
[2026-09-26 20:32:44,753][INFO|database.py-upgrade_schema:285] >> 테이블 'mysafety_raw_content' 생성 중...
[2026-09-26 20:32:44,762][INFO|database.py-upgrade_schema:285] >> 테이블 'mysafety_report_override' 생성 중...
[2026-09-26 20:32:44,765][INFO|database.py-upgrade_schema:285] >> 테이블 'mysafety_sync_meta' 생성 중...
[2026-09-26 20:32:44,772][INFO|database.py-upgrade_schema:285] >> 테이블 'mysafety_watchlist' 생성 중...
[2026-09-26 20:32:44,782][INFO|database.py-upgrade_schema:285] >> 테이블 'mysafetydetail_other' 생성 중...
[2026-09-26 20:32:44,789][INFO|database.py-upgrade_schema:285] >> 테이블 'mysafetydetail_parking' 생성 중...
[2026-09-26 20:32:44,792][INFO|database.py-upgrade_schema:285] >> 테이블 'mysafetydetail_traffic' 생성 중...
[2026-09-26 20:32:44,798][INFO|database.py-upgrade_schema:285] >> 테이블 'mysafetymerge_other' 생성 중...
[2026-09-26 20:32:44,809][INFO|database.py-upgrade_schema:285] >> 테이블 'mysafetymerge_parking' 생성 중...
[2026-09-26 20:32:44,814][INFO|database.py-upgrade_schema:285] >> 테이블 'mysafetymerge_traffic' 생성 중...
[2026-09-26 20:32:44,820][INFO|database.py-_apply_versioned_migrations:452] >> [schema] DB 스키마 버전 1 적용
[2026-09-26 20:32:44,830][INFO|database.py-_apply_versioned_migrations:452] >> [schema] DB 스키마 버전 2 적용
[2026-09-26 20:32:44,833][INFO|database.py-_apply_versioned_migrations:452] >> [schema] DB 스키마 버전 3 적용
[2026-09-26 20:32:44,867][INFO|database.py-_apply_versioned_migrations:452] >> [schema] DB 스키마 버전 4 적용
[2026-09-26 20:32:44,889][INFO|duplicate_group_service.py-_log_info:53] >> [duplicate] payload exact 중복군 0개, 멤버 0건 재생성
[2026-09-26 20:32:44,948][INFO|database.py-backfill_synced_at:100] >> [migration] mysafetydetail_traffic synced_at 백필: 12건, 미해결 0건
[2026-09-26 20:32:44,952][INFO|database.py-backfill_synced_at:100] >> [migration] mysafetydetail_parking synced_at 백필: 6건, 미해결 0건
[2026-09-26 20:32:44,955][INFO|database.py-backfill_synced_at:100] >> [migration] mysafetydetail_other synced_at 백필: 6건, 미해결 0건
[2026-09-26 20:32:44,959][INFO|database.py-backfill_synced_at:105] >> [migration] synced_at 백필 완료: 총 24건 갱신, merge 재생성 시작
[2026-09-26 20:32:44,975][INFO|database.py-merge_final:736] >> 최종 데이터 병합 완료 (Traffic/Parking/Other 분리)
[2026-09-26 20:32:45,006][INFO|duplicate_group_service.py-_log_info:53] >> [duplicate] payload exact 중복군 1개, 멤버 2건 재생성
[2026-09-26 20:32:45,019][INFO|database.py-merge_final:736] >> 최종 데이터 병합 완료 (Traffic/Parking/Other 분리)
[2026-09-26 20:32:45,049][INFO|duplicate_group_service.py-_log_info:53] >> [duplicate] payload exact 중복군 1개, 멤버 2건 재생성
[2026-09-26 20:32:45,224][WARNING|crawl_manager.py-launch_pending_crawl:512] >> [crawl] 대기 큐 시작 알림 실패: RuntimeError
.[2026-09-26 20:32:45,377][INFO|database.py-upgrade_schema:285] >> 테이블 'admin_users' 생성 중...
[2026-09-26 20:32:45,384][INFO|database.py-upgrade_schema:285] >> 테이블 'api_keys' 생성 중...
[2026-09-26 20:32:45,390][INFO|database.py-upgrade_schema:285] >> 테이블 'mysafety' 생성 중...
[2026-09-26 20:32:45,393][INFO|database.py-upgrade_schema:285] >> 테이블 'mysafety_change_cursor' 생성 중...
[2026-09-26 20:32:45,397][INFO|database.py-upgrade_schema:285] >> 테이블 'mysafety_change_log' 생성 중...
[2026-09-26 20:32:45,400][INFO|database.py-upgrade_schema:285] >> 테이블 'mysafety_duplicate_decision' 생성 중...
[2026-09-26 20:32:45,403][INFO|database.py-upgrade_schema:285] >> 테이블 'mysafety_duplicate_group' 생성 중...
[2026-09-26 20:32:45,407][INFO|database.py-upgrade_schema:285] >> 테이블 'mysafety_duplicate_member' 생성 중...
[2026-09-26 20:32:45,410][INFO|database.py-upgrade_schema:285] >> 테이블 'mysafety_entry_value' 생성 중...
[2026-09-26 20:32:45,414][INFO|database.py-upgrade_schema:285] >> 테이블 'mysafety_geocode_cache' 생성 중...
[2026-09-26 20:32:45,418][INFO|database.py-upgrade_schema:285] >> 테이블 'mysafety_raw_content' 생성 중...
[2026-09-26 20:32:45,425][INFO|database.py-upgrade_schema:285] >> 테이블 'mysafety_report_override' 생성 중...
[2026-09-26 20:32:45,432][INFO|database.py-upgrade_schema:285] >> 테이블 'mysafety_sync_meta' 생성 중...
[2026-09-26 20:32:45,439][INFO|database.py-upgrade_schema:285] >> 테이블 'mysafety_watchlist' 생성 중...
[2026-09-26 20:32:45,442][INFO|database.py-upgrade_schema:285] >> 테이블 'mysafetydetail_other' 생성 중...
[2026-09-26 20:32:45,445][INFO|database.py-upgrade_schema:285] >> 테이블 'mysafetydetail_parking' 생성 중...
[2026-09-26 20:32:45,448][INFO|database.py-upgrade_schema:285] >> 테이블 'mysafetydetail_traffic' 생성 중...
[2026-09-26 20:32:45,451][INFO|database.py-upgrade_schema:285] >> 테이블 'mysafetymerge_other' 생성 중...
[2026-09-26 20:32:45,460][INFO|database.py-upgrade_schema:285] >> 테이블 'mysafetymerge_parking' 생성 중...
[2026-09-26 20:32:45,468][INFO|database.py-upgrade_schema:285] >> 테이블 'mysafetymerge_traffic' 생성 중...
[2026-09-26 20:32:45,478][INFO|database.py-_apply_versioned_migrations:452] >> [schema] DB 스키마 버전 1 적용
[2026-09-26 20:32:45,500][INFO|database.py-_apply_versioned_migrations:452] >> [schema] DB 스키마 버전 2 적용
[2026-09-26 20:32:45,503][INFO|database.py-_apply_versioned_migrations:452] >> [schema] DB 스키마 버전 3 적용
[2026-09-26 20:32:45,553][INFO|database.py-_apply_versioned_migrations:452] >> [schema] DB 스키마 버전 4 적용
[2026-09-26 20:32:45,568][INFO|duplicate_group_service.py-_log_info:53] >> [duplicate] payload exact 중복군 0개, 멤버 0건 재생성
[2026-09-26 20:32:45,604][INFO|database.py-backfill_synced_at:100] >> [migration] mysafetydetail_traffic synced_at 백필: 12건, 미해결 0건
[2026-09-26 20:32:45,607][INFO|database.py-backfill_synced_at:100] >> [migration] mysafetydetail_parking synced_at 백필: 6건, 미해결 0건
[2026-09-26 20:32:45,610][INFO|database.py-backfill_synced_at:100] >> [migration] mysafetydetail_other synced_at 백필: 6건, 미해결 0건
[2026-09-26 20:32:45,615][INFO|database.py-backfill_synced_at:105] >> [migration] synced_at 백필 완료: 총 24건 갱신, merge 재생성 시작
[2026-09-26 20:32:45,622][INFO|database.py-merge_final:736] >> 최종 데이터 병합 완료 (Traffic/Parking/Other 분리)
/home/better0101/projects/safetyreport/.venv/lib/python3.14/site-packages/pandas/core/generic.py:6172: ResourceWarning: unclosed file <_io.FileIO name='/tmp/claude-1000/-home-better0101-projects-safetyreport/aa9d30e6-e7a5-4376-8fce-c9fb26682fbe/scratchpad/tmp.7Fe0hxNHL0/logs/current_crawl.log' mode='ab' closefd=True>
  for name in set(self._metadata) & set(other._metadata):
ResourceWarning: Enable tracemalloc to get the object allocation traceback
[2026-09-26 20:32:45,649][INFO|duplicate_group_service.py-_log_info:53] >> [duplicate] payload exact 중복군 1개, 멤버 2건 재생성
[2026-09-26 20:32:45,664][INFO|database.py-merge_final:736] >> 최종 데이터 병합 완료 (Traffic/Parking/Other 분리)
[2026-09-26 20:32:45,689][INFO|duplicate_group_service.py-_log_info:53] >> [duplicate] payload exact 중복군 1개, 멤버 2건 재생성
[2026-09-26 20:32:45,845][INFO|start.py-_run_crawling_process:338] >> 큐 지정 크롤링 모드입니다. 전체 목록 갱신을 건너뜁니다.
[2026-09-26 20:32:45,847][WARNING|start.py-extract_ids_from_queue:129] >> 큐 신고번호 SPP-0000-NOPE이(가) 정확히 일치하지 않습니다. 목록 전체를 받은 뒤 다시 찾습니다.
[2026-09-26 20:32:45,847][INFO|start.py-_run_crawling_process:383] >> 미확인 신고번호 1건을 목록 전체에서 찾습니다.
[2026-09-26 20:32:45,847][INFO|crawltitle_api.py-crawl_titles:74] >> API 방식으로 목록 데이터를 호출합니다. (direct_login 세션)
[2026-09-26 20:32:45,847][ERROR|crawltitle_api.py-crawl_titles:86] >> API 목록 첫 페이지 호출 실패: network down
[2026-09-26 20:32:45,847][WARNING|start.py-_run_crawling_process:398] >> 목록 탐색을 끝내지 못했습니다: network: network down
[2026-09-26 20:32:45,847][WARNING|start.py-_run_crawling_process:429] >> 목록 탐색을 끝내지 못해 다음에 다시 찾습니다: ['SPP-0000-NOPE']
[2026-09-26 20:32:45,848][INFO|start.py-_run_crawling_process:431] >> 큐 파일에서 0개의 아이템 크롤링 시작.
[2026-09-26 20:32:45,848][INFO|start.py-_run_crawling_process:440] >> 크롤링할 상세 내역 없음.
[2026-09-26 20:32:45,854][INFO|start.py-_run_crawling_process:338] >> 큐 지정 크롤링 모드입니다. 전체 목록 갱신을 건너뜁니다.
[2026-09-26 20:32:45,854][WARNING|start.py-extract_ids_from_queue:129] >> 큐 신고번호 SPP-0000-NOPE이(가) 정확히 일치하지 않습니다. 목록 전체를 받은 뒤 다시 찾습니다.
[2026-09-26 20:32:45,854][INFO|start.py-_run_crawling_process:383] >> 미확인 신고번호 1건을 목록 전체에서 찾습니다.
[2026-09-26 20:32:45,854][INFO|crawltitle_api.py-crawl_titles:74] >> API 방식으로 목록 데이터를 호출합니다. (direct_login 세션)
[2026-09-26 20:32:45,854][ERROR|crawltitle_api.py-crawl_titles:91] >> API 목록 호출 실패: server busy
[2026-09-26 20:32:45,854][WARNING|start.py-_run_crawling_process:398] >> 목록 탐색을 끝내지 못했습니다: server busy
[2026-09-26 20:32:45,855][WARNING|start.py-_run_crawling_process:429] >> 목록 탐색을 끝내지 못해 다음에 다시 찾습니다: ['SPP-0000-NOPE']
[2026-09-26 20:32:45,855][INFO|start.py-_run_crawling_process:431] >> 큐 파일에서 0개의 아이템 크롤링 시작.
[2026-09-26 20:32:45,855][INFO|start.py-_run_crawling_process:440] >> 크롤링할 상세 내역 없음.
[2026-09-26 20:32:45,862][INFO|start.py-_run_crawling_process:338] >> 큐 지정 크롤링 모드입니다. 전체 목록 갱신을 건너뜁니다.
[2026-09-26 20:32:45,867][WARNING|start.py-extract_ids_from_queue:129] >> 큐 신고번호 SPP-0000-NOPE이(가) 정확히 일치하지 않습니다. 목록 전체를 받은 뒤 다시 찾습니다.
[2026-09-26 20:32:45,875][INFO|start.py-_run_crawling_process:383] >> 미확인 신고번호 1건을 목록 전체에서 찾습니다.
[2026-09-26 20:32:45,875][INFO|crawltitle_api.py-crawl_titles:74] >> API 방식으로 목록 데이터를 호출합니다. (direct_login 세션)
[2026-09-26 20:32:45,875][INFO|crawltitle_api.py-crawl_titles:104] >> API 확인됨: 총 600건 (3페이지 분량)
[2026-09-26 20:32:45,875][INFO|crawltitle_api.py-crawl_titles:117] >> API 목록 로드 중: 1 페이지 (1~200건)
[2026-09-26 20:32:45,958][INFO|crawltitle_api.py-crawl_titles:117] >> API 목록 로드 중: 2 페이지 (201~400건)
[2026-09-26 20:32:45,959][WARNING|crawltitle_api.py-crawl_titles:122] >> 페이지 2 호출 실패: network down
[2026-09-26 20:32:45,959][INFO|crawltitle_api.py-crawl_titles:117] >> API 목록 로드 중: 3 페이지 (401~600건)
[2026-09-26 20:32:46,068][WARNING|start.py-_run_crawling_process:398] >> 목록 탐색을 끝내지 못했습니다: network: network down
[2026-09-26 20:32:46,166][INFO|database.py-title_to_sql:694] >> 총 400건 title 테이블 upsert 완료. (신규: 376건)
[2026-09-26 20:32:46,169][WARNING|start.py-_run_crawling_process:429] >> 목록 탐색을 끝내지 못해 다음에 다시 찾습니다: ['SPP-0000-NOPE']
[2026-09-26 20:32:46,169][INFO|start.py-_run_crawling_process:431] >> 큐 파일에서 0개의 아이템 크롤링 시작.
[2026-09-26 20:32:46,169][INFO|start.py-_run_crawling_process:440] >> 크롤링할 상세 내역 없음.
[2026-09-26 20:32:46,181][INFO|start.py-_run_crawling_process:338] >> 큐 지정 크롤링 모드입니다. 전체 목록 갱신을 건너뜁니다.
[2026-09-26 20:32:46,182][WARNING|start.py-extract_ids_from_queue:129] >> 큐 신고번호 SPP-0000-NOPE이(가) 정확히 일치하지 않습니다. 목록 전체를 받은 뒤 다시 찾습니다.
[2026-09-26 20:32:46,183][INFO|start.py-_run_crawling_process:383] >> 미확인 신고번호 1건을 목록 전체에서 찾습니다.
[2026-09-26 20:32:46,183][INFO|crawltitle_api.py-crawl_titles:74] >> API 방식으로 목록 데이터를 호출합니다. (direct_login 세션)
[2026-09-26 20:32:46,183][INFO|crawltitle_api.py-crawl_titles:104] >> API 확인됨: 총 600건 (3페이지 분량)
[2026-09-26 20:32:46,183][INFO|crawltitle_api.py-crawl_titles:117] >> API 목록 로드 중: 1 페이지 (1~200건)
[2026-09-26 20:32:46,257][INFO|crawltitle_api.py-crawl_titles:117] >> API 목록 로드 중: 2 페이지 (201~400건)
[2026-09-26 20:32:46,328][INFO|crawltitle_api.py-crawl_titles:117] >> API 목록 로드 중: 3 페이지 (401~600건)
[2026-09-26 20:32:46,329][WARNING|start.py-_run_crawling_process:398] >> 목록 탐색을 끝내지 못했습니다: None
[2026-09-26 20:32:46,401][INFO|database.py-title_to_sql:694] >> 총 400건 title 테이블 upsert 완료. (신규: 200건)
[2026-09-26 20:32:46,401][WARNING|start.py-_run_crawling_process:429] >> 목록 탐색을 끝내지 못해 다음에 다시 찾습니다: ['SPP-0000-NOPE']
[2026-09-26 20:32:46,401][INFO|start.py-_run_crawling_process:431] >> 큐 파일에서 0개의 아이템 크롤링 시작.
[2026-09-26 20:32:46,401][INFO|start.py-_run_crawling_process:440] >> 크롤링할 상세 내역 없음.
[2026-09-26 20:32:46,411][INFO|start.py-_run_crawling_process:338] >> 큐 지정 크롤링 모드입니다. 전체 목록 갱신을 건너뜁니다.
[2026-09-26 20:32:46,411][WARNING|start.py-extract_ids_from_queue:129] >> 큐 신고번호 SPP-0000-NOPE이(가) 정확히 일치하지 않습니다. 목록 전체를 받은 뒤 다시 찾습니다.
[2026-09-26 20:32:46,412][INFO|start.py-_run_crawling_process:383] >> 미확인 신고번호 1건을 목록 전체에서 찾습니다.
[2026-09-26 20:32:46,412][INFO|crawltitle_api.py-crawl_titles:74] >> API 방식으로 목록 데이터를 호출합니다. (direct_login 세션)
[2026-09-26 20:32:46,412][WARNING|crawltitle_api.py-crawl_titles:98] >> 조회된 신고 내역이 없습니다.
[2026-09-26 20:32:46,413][WARNING|start.py-_run_crawling_process:427] >> 목록 전체를 찾아도 없는 신고번호: ['SPP-0000-NOPE']
[2026-09-26 20:32:46,413][INFO|start.py-_run_crawling_process:431] >> 큐 파일에서 0개의 아이템 크롤링 시작.
[2026-09-26 20:32:46,413][INFO|start.py-_run_crawling_process:440] >> 크롤링할 상세 내역 없음.
.[2026-09-26 20:32:46,437][INFO|database.py-upgrade_schema:285] >> 테이블 'admin_users' 생성 중...
[2026-09-26 20:32:46,447][INFO|database.py-upgrade_schema:285] >> 테이블 'api_keys' 생성 중...
[2026-09-26 20:32:46,455][INFO|database.py-upgrade_schema:285] >> 테이블 'mysafety' 생성 중...
[2026-09-26 20:32:46,465][INFO|database.py-upgrade_schema:285] >> 테이블 'mysafety_change_cursor' 생성 중...
[2026-09-26 20:32:46,470][INFO|database.py-upgrade_schema:285] >> 테이블 'mysafety_change_log' 생성 중...
[2026-09-26 20:32:46,476][INFO|database.py-upgrade_schema:285] >> 테이블 'mysafety_duplicate_decision' 생성 중...
[2026-09-26 20:32:46,482][INFO|database.py-upgrade_schema:285] >> 테이블 'mysafety_duplicate_group' 생성 중...
[2026-09-26 20:32:46,488][INFO|database.py-upgrade_schema:285] >> 테이블 'mysafety_duplicate_member' 생성 중...
[2026-09-26 20:32:46,498][INFO|database.py-upgrade_schema:285] >> 테이블 'mysafety_entry_value' 생성 중...
[2026-09-26 20:32:46,503][INFO|database.py-upgrade_schema:285] >> 테이블 'mysafety_geocode_cache' 생성 중...
[2026-09-26 20:32:46,508][INFO|database.py-upgrade_schema:285] >> 테이블 'mysafety_raw_content' 생성 중...
[2026-09-26 20:32:46,517][INFO|database.py-upgrade_schema:285] >> 테이블 'mysafety_report_override' 생성 중...
[2026-09-26 20:32:46,521][INFO|database.py-upgrade_schema:285] >> 테이블 'mysafety_sync_meta' 생성 중...
[2026-09-26 20:32:46,524][INFO|database.py-upgrade_schema:285] >> 테이블 'mysafety_watchlist' 생성 중...
[2026-09-26 20:32:46,526][INFO|database.py-upgrade_schema:285] >> 테이블 'mysafetydetail_other' 생성 중...
[2026-09-26 20:32:46,529][INFO|database.py-upgrade_schema:285] >> 테이블 'mysafetydetail_parking' 생성 중...
[2026-09-26 20:32:46,532][INFO|database.py-upgrade_schema:285] >> 테이블 'mysafetydetail_traffic' 생성 중...
[2026-09-26 20:32:46,534][INFO|database.py-upgrade_schema:285] >> 테이블 'mysafetymerge_other' 생성 중...
[2026-09-26 20:32:46,539][INFO|database.py-upgrade_schema:285] >> 테이블 'mysafetymerge_parking' 생성 중...
[2026-09-26 20:32:46,543][INFO|database.py-upgrade_schema:285] >> 테이블 'mysafetymerge_traffic' 생성 중...
[2026-09-26 20:32:46,549][INFO|database.py-_apply_versioned_migrations:452] >> [schema] DB 스키마 버전 1 적용
[2026-09-26 20:32:46,557][INFO|database.py-_apply_versioned_migrations:452] >> [schema] DB 스키마 버전 2 적용
[2026-09-26 20:32:46,561][INFO|database.py-_apply_versioned_migrations:452] >> [schema] DB 스키마 버전 3 적용
[2026-09-26 20:32:46,588][INFO|database.py-_apply_versioned_migrations:452] >> [schema] DB 스키마 버전 4 적용
[2026-09-26 20:32:46,606][INFO|duplicate_group_service.py-_log_info:53] >> [duplicate] payload exact 중복군 0개, 멤버 0건 재생성
[2026-09-26 20:32:46,647][INFO|database.py-backfill_synced_at:100] >> [migration] mysafetydetail_traffic synced_at 백필: 12건, 미해결 0건
[2026-09-26 20:32:46,650][INFO|database.py-backfill_synced_at:100] >> [migration] mysafetydetail_parking synced_at 백필: 6건, 미해결 0건
[2026-09-26 20:32:46,653][INFO|database.py-backfill_synced_at:100] >> [migration] mysafetydetail_other synced_at 백필: 6건, 미해결 0건
[2026-09-26 20:32:46,656][INFO|database.py-backfill_synced_at:105] >> [migration] synced_at 백필 완료: 총 24건 갱신, merge 재생성 시작
[2026-09-26 20:32:46,665][INFO|database.py-merge_final:736] >> 최종 데이터 병합 완료 (Traffic/Parking/Other 분리)
[2026-09-26 20:32:46,692][INFO|duplicate_group_service.py-_log_info:53] >> [duplicate] payload exact 중복군 1개, 멤버 2건 재생성
[2026-09-26 20:32:46,704][INFO|database.py-merge_final:736] >> 최종 데이터 병합 완료 (Traffic/Parking/Other 분리)
[2026-09-26 20:32:46,734][INFO|duplicate_group_service.py-_log_info:53] >> [duplicate] payload exact 중복군 1개, 멤버 2건 재생성
Exception in thread crawl-pending-after:
Traceback (most recent call last):
  File "/usr/lib/python3.14/threading.py", line 1082, in _bootstrap_inner
    self._context.run(self.run)
    ~~~~~~~~~~~~~~~~~^^^^^^^^^^
  File "/usr/lib/python3.14/threading.py", line 1024, in run
    self._target(*self._args, **self._kwargs)
    ~~~~~~~~~~~~^^^^^^^^^^^^^^^^^^^^^^^^^^^^^
  File "/home/better0101/projects/worktree/ci-20260926/safetyreport/audit-fix/services/crawl_manager.py", line 487, in _after
    self.run_after_crawl(proc, log_file)
    ~~~~~~~~~~~~~~~~~~~~^^^^^^^^^^^^^^^^
  File "/usr/lib/python3.14/unittest/mock.py", line 1176, in __call__
    return self._mock_call(*args, **kwargs)
           ~~~~~~~~~~~~~~~^^^^^^^^^^^^^^^^^
  File "/usr/lib/python3.14/unittest/mock.py", line 1180, in _mock_call
    return self._execute_mock_call(*args, **kwargs)
           ~~~~~~~~~~~~~~~~~~~~~~~^^^^^^^^^^^^^^^^^
  File "/usr/lib/python3.14/unittest/mock.py", line 1241, in _execute_mock_call
    raise effect
RuntimeError: hook failed
.[2026-09-26 20:32:47,059][INFO|database.py-upgrade_schema:285] >> 테이블 'admin_users' 생성 중...
[2026-09-26 20:32:47,076][INFO|database.py-upgrade_schema:285] >> 테이블 'api_keys' 생성 중...
[2026-09-26 20:32:47,080][INFO|database.py-upgrade_schema:285] >> 테이블 'mysafety' 생성 중...
[2026-09-26 20:32:47,087][INFO|database.py-upgrade_schema:285] >> 테이블 'mysafety_change_cursor' 생성 중...
[2026-09-26 20:32:47,090][INFO|database.py-upgrade_schema:285] >> 테이블 'mysafety_change_log' 생성 중...
[2026-09-26 20:32:47,095][INFO|database.py-upgrade_schema:285] >> 테이블 'mysafety_duplicate_decision' 생성 중...
[2026-09-26 20:32:47,101][INFO|database.py-upgrade_schema:285] >> 테이블 'mysafety_duplicate_group' 생성 중...
[2026-09-26 20:32:47,106][INFO|database.py-upgrade_schema:285] >> 테이블 'mysafety_duplicate_member' 생성 중...
[2026-09-26 20:32:47,110][INFO|database.py-upgrade_schema:285] >> 테이블 'mysafety_entry_value' 생성 중...
[2026-09-26 20:32:47,121][INFO|database.py-upgrade_schema:285] >> 테이블 'mysafety_geocode_cache' 생성 중...
[2026-09-26 20:32:47,125][INFO|database.py-upgrade_schema:285] >> 테이블 'mysafety_raw_content' 생성 중...
[2026-09-26 20:32:47,130][INFO|database.py-upgrade_schema:285] >> 테이블 'mysafety_report_override' 생성 중...
[2026-09-26 20:32:47,133][INFO|database.py-upgrade_schema:285] >> 테이블 'mysafety_sync_meta' 생성 중...
[2026-09-26 20:32:47,141][INFO|database.py-upgrade_schema:285] >> 테이블 'mysafety_watchlist' 생성 중...
[2026-09-26 20:32:47,148][INFO|database.py-upgrade_schema:285] >> 테이블 'mysafetydetail_other' 생성 중...
[2026-09-26 20:32:47,152][INFO|database.py-upgrade_schema:285] >> 테이블 'mysafetydetail_parking' 생성 중...
[2026-09-26 20:32:47,156][INFO|database.py-upgrade_schema:285] >> 테이블 'mysafetydetail_traffic' 생성 중...
[2026-09-26 20:32:47,162][INFO|database.py-upgrade_schema:285] >> 테이블 'mysafetymerge_other' 생성 중...
[2026-09-26 20:32:47,168][INFO|database.py-upgrade_schema:285] >> 테이블 'mysafetymerge_parking' 생성 중...
[2026-09-26 20:32:47,172][INFO|database.py-upgrade_schema:285] >> 테이블 'mysafetymerge_traffic' 생성 중...
[2026-09-26 20:32:47,201][INFO|database.py-_apply_versioned_migrations:452] >> [schema] DB 스키마 버전 1 적용
[2026-09-26 20:32:47,226][INFO|database.py-_apply_versioned_migrations:452] >> [schema] DB 스키마 버전 2 적용
[2026-09-26 20:32:47,236][INFO|database.py-_apply_versioned_migrations:452] >> [schema] DB 스키마 버전 3 적용
[2026-09-26 20:32:47,302][INFO|database.py-_apply_versioned_migrations:452] >> [schema] DB 스키마 버전 4 적용
[2026-09-26 20:32:47,325][INFO|duplicate_group_service.py-_log_info:53] >> [duplicate] payload exact 중복군 0개, 멤버 0건 재생성
[2026-09-26 20:32:47,371][INFO|database.py-backfill_synced_at:100] >> [migration] mysafetydetail_traffic synced_at 백필: 12건, 미해결 0건
[2026-09-26 20:32:47,374][INFO|database.py-backfill_synced_at:100] >> [migration] mysafetydetail_parking synced_at 백필: 6건, 미해결 0건
[2026-09-26 20:32:47,378][INFO|database.py-backfill_synced_at:100] >> [migration] mysafetydetail_other synced_at 백필: 6건, 미해결 0건
[2026-09-26 20:32:47,382][INFO|database.py-backfill_synced_at:105] >> [migration] synced_at 백필 완료: 총 24건 갱신, merge 재생성 시작
[2026-09-26 20:32:47,392][INFO|database.py-merge_final:736] >> 최종 데이터 병합 완료 (Traffic/Parking/Other 분리)
/home/better0101/projects/safetyreport/.venv/lib/python3.14/site-packages/pandas/core/internals/managers.py:2410: ResourceWarning: unclosed file <_io.FileIO name='/tmp/claude-1000/-home-better0101-projects-safetyreport/aa9d30e6-e7a5-4376-8fce-c9fb26682fbe/scratchpad/tmp.7Fe0hxNHL0/logs/current_crawl.log' mode='ab' closefd=True>
  block_type(x[1], placement=BlockPlacement(x[0]), ndim=2)
ResourceWarning: Enable tracemalloc to get the object allocation traceback
[2026-09-26 20:32:47,425][INFO|duplicate_group_service.py-_log_info:53] >> [duplicate] payload exact 중복군 1개, 멤버 2건 재생성
[2026-09-26 20:32:47,442][INFO|database.py-merge_final:736] >> 최종 데이터 병합 완료 (Traffic/Parking/Other 분리)
[2026-09-26 20:32:47,469][INFO|duplicate_group_service.py-_log_info:53] >> [duplicate] payload exact 중복군 1개, 멤버 2건 재생성
[2026-09-26 20:32:47,611][INFO|start.py-_run_crawling_process:338] >> 큐 지정 크롤링 모드입니다. 전체 목록 갱신을 건너뜁니다.
[2026-09-26 20:32:47,611][WARNING|start.py-extract_ids_from_queue:129] >> 큐 신고번호 SPP-2609-7999999이(가) 정확히 일치하지 않습니다. 목록 전체를 받은 뒤 다시 찾습니다.
[2026-09-26 20:32:47,612][WARNING|start.py-extract_ids_from_queue:129] >> 큐 신고번호 SPP-0000-NOPE이(가) 정확히 일치하지 않습니다. 목록 전체를 받은 뒤 다시 찾습니다.
[2026-09-26 20:32:47,612][INFO|start.py-_run_crawling_process:383] >> 미확인 신고번호 2건을 목록 전체에서 찾습니다.
[2026-09-26 20:32:47,612][INFO|crawltitle_api.py-crawl_titles:74] >> API 방식으로 목록 데이터를 호출합니다. (direct_login 세션)
[2026-09-26 20:32:47,613][INFO|crawltitle_api.py-crawl_titles:104] >> API 확인됨: 총 400건 (2페이지 분량)
[2026-09-26 20:32:47,613][INFO|crawltitle_api.py-crawl_titles:117] >> API 목록 로드 중: 1 페이지 (1~200건)
[2026-09-26 20:32:47,682][INFO|crawltitle_api.py-crawl_titles:117] >> API 목록 로드 중: 2 페이지 (201~400건)
[2026-09-26 20:32:47,865][INFO|database.py-title_to_sql:694] >> 총 400건 title 테이블 upsert 완료. (신규: 376건)
[2026-09-26 20:32:47,866][INFO|start.py-_run_crawling_process:414] >> 신고번호 SPP-2609-7999999 → ID 79999999 발견
[2026-09-26 20:32:47,867][WARNING|start.py-_run_crawling_process:427] >> 목록 전체를 찾아도 없는 신고번호: ['SPP-0000-NOPE']
[2026-09-26 20:32:47,867][INFO|start.py-_run_crawling_process:431] >> 큐 파일에서 1개의 아이템 크롤링 시작.
[2026-09-26 20:32:47,867][INFO|start.py-_run_crawling_process:445] >> 상세 크롤링 대상 ID: 1 건 (순차 처리)
[2026-09-26 20:32:47,867][INFO|start.py-_run_crawling_process:450] >> [API 방식] 상세 데이터 추출 시작
[2026-09-26 20:32:47,916][INFO|start.py-_save_details_as_they_arrive:493] >> 상세 저장 1건 (변경/신규 1건, 실패 0건)
[2026-09-26 20:32:47,942][INFO|start.py-_run_crawling_process:338] >> 큐 지정 크롤링 모드입니다. 전체 목록 갱신을 건너뜁니다.
[2026-09-26 20:32:47,943][WARNING|start.py-extract_ids_from_queue:129] >> 큐 신고번호 SPP-0000-NOPE이(가) 정확히 일치하지 않습니다. 목록 전체를 받은 뒤 다시 찾습니다.
[2026-09-26 20:32:47,943][INFO|start.py-_run_crawling_process:383] >> 미확인 신고번호 1건을 목록 전체에서 찾습니다.
[2026-09-26 20:32:47,943][INFO|crawltitle_api.py-crawl_titles:74] >> API 방식으로 목록 데이터를 호출합니다. (direct_login 세션)
[2026-09-26 20:32:47,943][INFO|crawltitle_api.py-crawl_titles:104] >> API 확인됨: 총 20200건 (101페이지 분량)
[2026-09-26 20:32:47,944][INFO|crawltitle_api.py-crawl_titles:117] >> API 목록 로드 중: 1 페이지 (1~200건)
[2026-09-26 20:32:48,021][INFO|crawltitle_api.py-crawl_titles:117] >> API 목록 로드 중: 2 페이지 (201~400건)
[2026-09-26 20:32:48,109][INFO|crawltitle_api.py-crawl_titles:117] >> API 목록 로드 중: 3 페이지 (401~600건)
[2026-09-26 20:32:48,188][INFO|crawltitle_api.py-crawl_titles:117] >> API 목록 로드 중: 4 페이지 (601~800건)
[2026-09-26 20:32:48,253][INFO|crawltitle_api.py-crawl_titles:117] >> API 목록 로드 중: 5 페이지 (801~1000건)
[2026-09-26 20:32:48,541][INFO|crawltitle_api.py-crawl_titles:117] >> API 목록 로드 중: 6 페이지 (1001~1200건)
[2026-09-26 20:32:48,614][INFO|crawltitle_api.py-crawl_titles:117] >> API 목록 로드 중: 7 페이지 (1201~1400건)
[2026-09-26 20:32:48,694][INFO|crawltitle_api.py-crawl_titles:117] >> API 목록 로드 중: 8 페이지 (1401~1600건)
[2026-09-26 20:32:48,763][INFO|crawltitle_api.py-crawl_titles:117] >> API 목록 로드 중: 9 페이지 (1601~1800건)
[2026-09-26 20:32:48,836][INFO|crawltitle_api.py-crawl_titles:117] >> API 목록 로드 중: 10 페이지 (1801~2000건)
[2026-09-26 20:32:48,901][INFO|crawltitle_api.py-crawl_titles:117] >> API 목록 로드 중: 11 페이지 (2001~2200건)
[2026-09-26 20:32:48,981][INFO|crawltitle_api.py-crawl_titles:117] >> API 목록 로드 중: 12 페이지 (2201~2400건)
[2026-09-26 20:32:49,061][INFO|crawltitle_api.py-crawl_titles:117] >> API 목록 로드 중: 13 페이지 (2401~2600건)
[2026-09-26 20:32:49,138][INFO|crawltitle_api.py-crawl_titles:117] >> API 목록 로드 중: 14 페이지 (2601~2800건)
[2026-09-26 20:32:49,253][INFO|crawltitle_api.py-crawl_titles:117] >> API 목록 로드 중: 15 페이지 (2801~3000건)
[2026-09-26 20:32:49,360][INFO|crawltitle_api.py-crawl_titles:117] >> API 목록 로드 중: 16 페이지 (3001~3200건)
[2026-09-26 20:32:49,438][INFO|crawltitle_api.py-crawl_titles:117] >> API 목록 로드 중: 17 페이지 (3201~3400건)
[2026-09-26 20:32:49,529][INFO|crawltitle_api.py-crawl_titles:117] >> API 목록 로드 중: 18 페이지 (3401~3600건)
[2026-09-26 20:32:49,628][INFO|crawltitle_api.py-crawl_titles:117] >> API 목록 로드 중: 19 페이지 (3601~3800건)
[2026-09-26 20:32:49,710][INFO|crawltitle_api.py-crawl_titles:117] >> API 목록 로드 중: 20 페이지 (3801~4000건)
[2026-09-26 20:32:49,787][INFO|crawltitle_api.py-crawl_titles:117] >> API 목록 로드 중: 21 페이지 (4001~4200건)
[2026-09-26 20:32:49,865][INFO|crawltitle_api.py-crawl_titles:117] >> API 목록 로드 중: 22 페이지 (4201~4400건)
[2026-09-26 20:32:50,162][INFO|crawltitle_api.py-crawl_titles:117] >> API 목록 로드 중: 23 페이지 (4401~4600건)
[2026-09-26 20:32:50,227][INFO|crawltitle_api.py-crawl_titles:117] >> API 목록 로드 중: 24 페이지 (4601~4800건)
[2026-09-26 20:32:50,329][INFO|crawltitle_api.py-crawl_titles:117] >> API 목록 로드 중: 25 페이지 (4801~5000건)
[2026-09-26 20:32:50,458][INFO|crawltitle_api.py-crawl_titles:117] >> API 목록 로드 중: 26 페이지 (5001~5200건)
[2026-09-26 20:32:50,605][INFO|crawltitle_api.py-crawl_titles:117] >> API 목록 로드 중: 27 페이지 (5201~5400건)
[2026-09-26 20:32:50,669][INFO|crawltitle_api.py-crawl_titles:117] >> API 목록 로드 중: 28 페이지 (5401~5600건)
[2026-09-26 20:32:50,735][INFO|crawltitle_api.py-crawl_titles:117] >> API 목록 로드 중: 29 페이지 (5601~5800건)
[2026-09-26 20:32:50,815][INFO|crawltitle_api.py-crawl_titles:117] >> API 목록 로드 중: 30 페이지 (5801~6000건)
[2026-09-26 20:32:50,880][INFO|crawltitle_api.py-crawl_titles:117] >> API 목록 로드 중: 31 페이지 (6001~6200건)
[2026-09-26 20:32:50,946][INFO|crawltitle_api.py-crawl_titles:117] >> API 목록 로드 중: 32 페이지 (6201~6400건)
[2026-09-26 20:32:51,033][INFO|crawltitle_api.py-crawl_titles:117] >> API 목록 로드 중: 33 페이지 (6401~6600건)
[2026-09-26 20:32:51,128][INFO|crawltitle_api.py-crawl_titles:117] >> API 목록 로드 중: 34 페이지 (6601~6800건)
[2026-09-26 20:32:51,197][INFO|crawltitle_api.py-crawl_titles:117] >> API 목록 로드 중: 35 페이지 (6801~7000건)
[2026-09-26 20:32:51,285][INFO|crawltitle_api.py-crawl_titles:117] >> API 목록 로드 중: 36 페이지 (7001~7200건)
[2026-09-26 20:32:51,388][INFO|crawltitle_api.py-crawl_titles:117] >> API 목록 로드 중: 37 페이지 (7201~7400건)
[2026-09-26 20:32:51,461][INFO|crawltitle_api.py-crawl_titles:117] >> API 목록 로드 중: 38 페이지 (7401~7600건)
[2026-09-26 20:32:51,891][INFO|crawltitle_api.py-crawl_titles:117] >> API 목록 로드 중: 39 페이지 (7601~7800건)
[2026-09-26 20:32:51,954][INFO|crawltitle_api.py-crawl_titles:117] >> API 목록 로드 중: 40 페이지 (7801~8000건)
[2026-09-26 20:32:52,026][INFO|crawltitle_api.py-crawl_titles:117] >> API 목록 로드 중: 41 페이지 (8001~8200건)
[2026-09-26 20:32:52,091][INFO|crawltitle_api.py-crawl_titles:117] >> API 목록 로드 중: 42 페이지 (8201~8400건)
[2026-09-26 20:32:52,171][INFO|crawltitle_api.py-crawl_titles:117] >> API 목록 로드 중: 43 페이지 (8401~8600건)
[2026-09-26 20:32:52,288][INFO|crawltitle_api.py-crawl_titles:117] >> API 목록 로드 중: 44 페이지 (8601~8800건)
[2026-09-26 20:32:52,355][INFO|crawltitle_api.py-crawl_titles:117] >> API 목록 로드 중: 45 페이지 (8801~9000건)
[2026-09-26 20:32:52,419][INFO|crawltitle_api.py-crawl_titles:117] >> API 목록 로드 중: 46 페이지 (9001~9200건)
[2026-09-26 20:32:52,528][INFO|crawltitle_api.py-crawl_titles:117] >> API 목록 로드 중: 47 페이지 (9201~9400건)
[2026-09-26 20:32:52,646][INFO|crawltitle_api.py-crawl_titles:117] >> API 목록 로드 중: 48 페이지 (9401~9600건)
[2026-09-26 20:32:52,756][INFO|crawltitle_api.py-crawl_titles:117] >> API 목록 로드 중: 49 페이지 (9601~9800건)
[2026-09-26 20:32:52,821][INFO|crawltitle_api.py-crawl_titles:117] >> API 목록 로드 중: 50 페이지 (9801~10000건)
[2026-09-26 20:32:52,885][INFO|crawltitle_api.py-crawl_titles:117] >> API 목록 로드 중: 51 페이지 (10001~10200건)
[2026-09-26 20:32:52,997][INFO|crawltitle_api.py-crawl_titles:117] >> API 목록 로드 중: 52 페이지 (10201~10400건)
[2026-09-26 20:32:53,089][INFO|crawltitle_api.py-crawl_titles:117] >> API 목록 로드 중: 53 페이지 (10401~10600건)
[2026-09-26 20:32:53,158][INFO|crawltitle_api.py-crawl_titles:117] >> API 목록 로드 중: 54 페이지 (10601~10800건)
[2026-09-26 20:32:53,225][INFO|crawltitle_api.py-crawl_titles:117] >> API 목록 로드 중: 55 페이지 (10801~11000건)
[2026-09-26 20:32:53,784][INFO|crawltitle_api.py-crawl_titles:117] >> API 목록 로드 중: 56 페이지 (11001~11200건)
[2026-09-26 20:32:53,845][INFO|crawltitle_api.py-crawl_titles:117] >> API 목록 로드 중: 57 페이지 (11201~11400건)
[2026-09-26 20:32:53,908][INFO|crawltitle_api.py-crawl_titles:117] >> API 목록 로드 중: 58 페이지 (11401~11600건)
[2026-09-26 20:32:53,997][INFO|crawltitle_api.py-crawl_titles:117] >> API 목록 로드 중: 59 페이지 (11601~11800건)
[2026-09-26 20:32:54,076][INFO|crawltitle_api.py-crawl_titles:117] >> API 목록 로드 중: 60 페이지 (11801~12000건)
[2026-09-26 20:32:54,142][INFO|crawltitle_api.py-crawl_titles:117] >> API 목록 로드 중: 61 페이지 (12001~12200건)
[2026-09-26 20:32:54,208][INFO|crawltitle_api.py-crawl_titles:117] >> API 목록 로드 중: 62 페이지 (12201~12400건)
[2026-09-26 20:32:54,280][INFO|crawltitle_api.py-crawl_titles:117] >> API 목록 로드 중: 63 페이지 (12401~12600건)
[2026-09-26 20:32:54,387][INFO|crawltitle_api.py-crawl_titles:117] >> API 목록 로드 중: 64 페이지 (12601~12800건)
[2026-09-26 20:32:54,452][INFO|crawltitle_api.py-crawl_titles:117] >> API 목록 로드 중: 65 페이지 (12801~13000건)
[2026-09-26 20:32:54,523][INFO|crawltitle_api.py-crawl_titles:117] >> API 목록 로드 중: 66 페이지 (13001~13200건)
[2026-09-26 20:32:54,589][INFO|crawltitle_api.py-crawl_titles:117] >> API 목록 로드 중: 67 페이지 (13201~13400건)
[2026-09-26 20:32:54,666][INFO|crawltitle_api.py-crawl_titles:117] >> API 목록 로드 중: 68 페이지 (13401~13600건)
[2026-09-26 20:32:54,738][INFO|crawltitle_api.py-crawl_titles:117] >> API 목록 로드 중: 69 페이지 (13601~13800건)
[2026-09-26 20:32:54,810][INFO|crawltitle_api.py-crawl_titles:117] >> API 목록 로드 중: 70 페이지 (13801~14000건)
[2026-09-26 20:32:54,879][INFO|crawltitle_api.py-crawl_titles:117] >> API 목록 로드 중: 71 페이지 (14001~14200건)
[2026-09-26 20:32:54,950][INFO|crawltitle_api.py-crawl_titles:117] >> API 목록 로드 중: 72 페이지 (14201~14400건)
[2026-09-26 20:32:55,019][INFO|crawltitle_api.py-crawl_titles:117] >> API 목록 로드 중: 73 페이지 (14401~14600건)
[2026-09-26 20:32:55,544][INFO|crawltitle_api.py-crawl_titles:117] >> API 목록 로드 중: 74 페이지 (14601~14800건)
[2026-09-26 20:32:55,614][INFO|crawltitle_api.py-crawl_titles:117] >> API 목록 로드 중: 75 페이지 (14801~15000건)
[2026-09-26 20:32:55,689][INFO|crawltitle_api.py-crawl_titles:117] >> API 목록 로드 중: 76 페이지 (15001~15200건)
[2026-09-26 20:32:55,774][INFO|crawltitle_api.py-crawl_titles:117] >> API 목록 로드 중: 77 페이지 (15201~15400건)
[2026-09-26 20:32:55,856][INFO|crawltitle_api.py-crawl_titles:117] >> API 목록 로드 중: 78 페이지 (15401~15600건)
[2026-09-26 20:32:55,931][INFO|crawltitle_api.py-crawl_titles:117] >> API 목록 로드 중: 79 페이지 (15601~15800건)
[2026-09-26 20:32:56,007][INFO|crawltitle_api.py-crawl_titles:117] >> API 목록 로드 중: 80 페이지 (15801~16000건)
[2026-09-26 20:32:56,080][INFO|crawltitle_api.py-crawl_titles:117] >> API 목록 로드 중: 81 페이지 (16001~16200건)
[2026-09-26 20:32:56,155][INFO|crawltitle_api.py-crawl_titles:117] >> API 목록 로드 중: 82 페이지 (16201~16400건)
[2026-09-26 20:32:56,225][INFO|crawltitle_api.py-crawl_titles:117] >> API 목록 로드 중: 83 페이지 (16401~16600건)
[2026-09-26 20:32:56,291][INFO|crawltitle_api.py-crawl_titles:117] >> API 목록 로드 중: 84 페이지 (16601~16800건)
[2026-09-26 20:32:56,360][INFO|crawltitle_api.py-crawl_titles:117] >> API 목록 로드 중: 85 페이지 (16801~17000건)
[2026-09-26 20:32:56,427][INFO|crawltitle_api.py-crawl_titles:117] >> API 목록 로드 중: 86 페이지 (17001~17200건)
[2026-09-26 20:32:56,505][INFO|crawltitle_api.py-crawl_titles:117] >> API 목록 로드 중: 87 페이지 (17201~17400건)
[2026-09-26 20:32:56,576][INFO|crawltitle_api.py-crawl_titles:117] >> API 목록 로드 중: 88 페이지 (17401~17600건)
[2026-09-26 20:32:56,647][INFO|crawltitle_api.py-crawl_titles:117] >> API 목록 로드 중: 89 페이지 (17601~17800건)
[2026-09-26 20:32:56,709][INFO|crawltitle_api.py-crawl_titles:117] >> API 목록 로드 중: 90 페이지 (17801~18000건)
[2026-09-26 20:32:56,803][INFO|crawltitle_api.py-crawl_titles:117] >> API 목록 로드 중: 91 페이지 (18001~18200건)
[2026-09-26 20:32:56,904][INFO|crawltitle_api.py-crawl_titles:117] >> API 목록 로드 중: 92 페이지 (18201~18400건)
[2026-09-26 20:32:56,981][INFO|crawltitle_api.py-crawl_titles:117] >> API 목록 로드 중: 93 페이지 (18401~18600건)
[2026-09-26 20:32:57,049][INFO|crawltitle_api.py-crawl_titles:117] >> API 목록 로드 중: 94 페이지 (18601~18800건)
[2026-09-26 20:32:57,115][INFO|crawltitle_api.py-crawl_titles:117] >> API 목록 로드 중: 95 페이지 (18801~19000건)
[2026-09-26 20:32:57,190][INFO|crawltitle_api.py-crawl_titles:117] >> API 목록 로드 중: 96 페이지 (19001~19200건)
[2026-09-26 20:32:57,892][INFO|crawltitle_api.py-crawl_titles:117] >> API 목록 로드 중: 97 페이지 (19201~19400건)
[2026-09-26 20:32:57,959][INFO|crawltitle_api.py-crawl_titles:117] >> API 목록 로드 중: 98 페이지 (19401~19600건)
[2026-09-26 20:32:58,023][INFO|crawltitle_api.py-crawl_titles:117] >> API 목록 로드 중: 99 페이지 (19601~19800건)
[2026-09-26 20:32:58,096][INFO|crawltitle_api.py-crawl_titles:117] >> API 목록 로드 중: 100 페이지 (19801~20000건)
[2026-09-26 20:32:58,170][INFO|crawltitle_api.py-crawl_titles:117] >> API 목록 로드 중: 101 페이지 (20001~20200건)
[2026-09-26 20:33:02,795][INFO|database.py-title_to_sql:694] >> 총 20200건 title 테이블 upsert 완료. (신규: 19800건)
[2026-09-26 20:33:02,806][WARNING|start.py-_run_crawling_process:427] >> 목록 전체를 찾아도 없는 신고번호: ['SPP-0000-NOPE']
[2026-09-26 20:33:02,806][INFO|start.py-_run_crawling_process:431] >> 큐 파일에서 1개의 아이템 크롤링 시작.
[2026-09-26 20:33:02,806][INFO|start.py-_run_crawling_process:445] >> 상세 크롤링 대상 ID: 1 건 (순차 처리)
[2026-09-26 20:33:02,806][INFO|start.py-_run_crawling_process:450] >> [API 방식] 상세 데이터 추출 시작
[2026-09-26 20:33:02,826][INFO|start.py-_save_details_as_they_arrive:493] >> 상세 저장 1건 (변경/신규 0건, 실패 0건)
.[2026-09-26 20:33:03,034][INFO|database.py-upgrade_schema:285] >> 테이블 'admin_users' 생성 중...
[2026-09-26 20:33:03,038][INFO|database.py-upgrade_schema:285] >> 테이블 'api_keys' 생성 중...
[2026-09-26 20:33:03,040][INFO|database.py-upgrade_schema:285] >> 테이블 'mysafety' 생성 중...
[2026-09-26 20:33:03,042][INFO|database.py-upgrade_schema:285] >> 테이블 'mysafety_change_cursor' 생성 중...
[2026-09-26 20:33:03,044][INFO|database.py-upgrade_schema:285] >> 테이블 'mysafety_change_log' 생성 중...
[2026-09-26 20:33:03,045][INFO|database.py-upgrade_schema:285] >> 테이블 'mysafety_duplicate_decision' 생성 중...
[2026-09-26 20:33:03,047][INFO|database.py-upgrade_schema:285] >> 테이블 'mysafety_duplicate_group' 생성 중...
[2026-09-26 20:33:03,049][INFO|database.py-upgrade_schema:285] >> 테이블 'mysafety_duplicate_member' 생성 중...
[2026-09-26 20:33:03,050][INFO|database.py-upgrade_schema:285] >> 테이블 'mysafety_entry_value' 생성 중...
[2026-09-26 20:33:03,052][INFO|database.py-upgrade_schema:285] >> 테이블 'mysafety_geocode_cache' 생성 중...
[2026-09-26 20:33:03,057][INFO|database.py-upgrade_schema:285] >> 테이블 'mysafety_raw_content' 생성 중...
[2026-09-26 20:33:03,058][INFO|database.py-upgrade_schema:285] >> 테이블 'mysafety_report_override' 생성 중...
[2026-09-26 20:33:03,060][INFO|database.py-upgrade_schema:285] >> 테이블 'mysafety_sync_meta' 생성 중...
[2026-09-26 20:33:03,062][INFO|database.py-upgrade_schema:285] >> 테이블 'mysafety_watchlist' 생성 중...
[2026-09-26 20:33:03,063][INFO|database.py-upgrade_schema:285] >> 테이블 'mysafetydetail_other' 생성 중...
[2026-09-26 20:33:03,065][INFO|database.py-upgrade_schema:285] >> 테이블 'mysafetydetail_parking' 생성 중...
[2026-09-26 20:33:03,067][INFO|database.py-upgrade_schema:285] >> 테이블 'mysafetydetail_traffic' 생성 중...
[2026-09-26 20:33:03,069][INFO|database.py-upgrade_schema:285] >> 테이블 'mysafetymerge_other' 생성 중...
[2026-09-26 20:33:03,071][INFO|database.py-upgrade_schema:285] >> 테이블 'mysafetymerge_parking' 생성 중...
[2026-09-26 20:33:03,078][INFO|database.py-upgrade_schema:285] >> 테이블 'mysafetymerge_traffic' 생성 중...
[2026-09-26 20:33:03,083][INFO|database.py-_apply_versioned_migrations:452] >> [schema] DB 스키마 버전 1 적용
[2026-09-26 20:33:03,090][INFO|database.py-_apply_versioned_migrations:452] >> [schema] DB 스키마 버전 2 적용
[2026-09-26 20:33:03,092][INFO|database.py-_apply_versioned_migrations:452] >> [schema] DB 스키마 버전 3 적용
[2026-09-26 20:33:03,110][INFO|database.py-_apply_versioned_migrations:452] >> [schema] DB 스키마 버전 4 적용
[2026-09-26 20:33:03,124][INFO|duplicate_group_service.py-_log_info:53] >> [duplicate] payload exact 중복군 0개, 멤버 0건 재생성
[2026-09-26 20:33:03,158][INFO|database.py-backfill_synced_at:100] >> [migration] mysafetydetail_traffic synced_at 백필: 12건, 미해결 0건
[2026-09-26 20:33:03,162][INFO|database.py-backfill_synced_at:100] >> [migration] mysafetydetail_parking synced_at 백필: 6건, 미해결 0건
[2026-09-26 20:33:03,165][INFO|database.py-backfill_synced_at:100] >> [migration] mysafetydetail_other synced_at 백필: 6건, 미해결 0건
[2026-09-26 20:33:03,167][INFO|database.py-backfill_synced_at:105] >> [migration] synced_at 백필 완료: 총 24건 갱신, merge 재생성 시작
[2026-09-26 20:33:03,177][INFO|database.py-merge_final:736] >> 최종 데이터 병합 완료 (Traffic/Parking/Other 분리)
[2026-09-26 20:33:03,203][INFO|duplicate_group_service.py-_log_info:53] >> [duplicate] payload exact 중복군 1개, 멤버 2건 재생성
[2026-09-26 20:33:03,212][INFO|database.py-merge_final:736] >> 최종 데이터 병합 완료 (Traffic/Parking/Other 분리)
[2026-09-26 20:33:03,237][INFO|duplicate_group_service.py-_log_info:53] >> [duplicate] payload exact 중복군 1개, 멤버 2건 재생성
.[2026-09-26 20:33:03,519][INFO|database.py-upgrade_schema:285] >> 테이블 'admin_users' 생성 중...
[2026-09-26 20:33:03,524][INFO|database.py-upgrade_schema:285] >> 테이블 'api_keys' 생성 중...
[2026-09-26 20:33:03,525][INFO|database.py-upgrade_schema:285] >> 테이블 'mysafety' 생성 중...
[2026-09-26 20:33:03,527][INFO|database.py-upgrade_schema:285] >> 테이블 'mysafety_change_cursor' 생성 중...
[2026-09-26 20:33:03,529][INFO|database.py-upgrade_schema:285] >> 테이블 'mysafety_change_log' 생성 중...
[2026-09-26 20:33:03,530][INFO|database.py-upgrade_schema:285] >> 테이블 'mysafety_duplicate_decision' 생성 중...
[2026-09-26 20:33:03,532][INFO|database.py-upgrade_schema:285] >> 테이블 'mysafety_duplicate_group' 생성 중...
[2026-09-26 20:33:03,534][INFO|database.py-upgrade_schema:285] >> 테이블 'mysafety_duplicate_member' 생성 중...
[2026-09-26 20:33:03,536][INFO|database.py-upgrade_schema:285] >> 테이블 'mysafety_entry_value' 생성 중...
[2026-09-26 20:33:03,537][INFO|database.py-upgrade_schema:285] >> 테이블 'mysafety_geocode_cache' 생성 중...
[2026-09-26 20:33:03,539][INFO|database.py-upgrade_schema:285] >> 테이블 'mysafety_raw_content' 생성 중...
[2026-09-26 20:33:03,541][INFO|database.py-upgrade_schema:285] >> 테이블 'mysafety_report_override' 생성 중...
[2026-09-26 20:33:03,544][INFO|database.py-upgrade_schema:285] >> 테이블 'mysafety_sync_meta' 생성 중...
[2026-09-26 20:33:03,546][INFO|database.py-upgrade_schema:285] >> 테이블 'mysafety_watchlist' 생성 중...
[2026-09-26 20:33:03,547][INFO|database.py-upgrade_schema:285] >> 테이블 'mysafetydetail_other' 생성 중...
[2026-09-26 20:33:03,551][INFO|database.py-upgrade_schema:285] >> 테이블 'mysafetydetail_parking' 생성 중...
[2026-09-26 20:33:03,554][INFO|database.py-upgrade_schema:285] >> 테이블 'mysafetydetail_traffic' 생성 중...
[2026-09-26 20:33:03,557][INFO|database.py-upgrade_schema:285] >> 테이블 'mysafetymerge_other' 생성 중...
[2026-09-26 20:33:03,559][INFO|database.py-upgrade_schema:285] >> 테이블 'mysafetymerge_parking' 생성 중...
[2026-09-26 20:33:03,561][INFO|database.py-upgrade_schema:285] >> 테이블 'mysafetymerge_traffic' 생성 중...
[2026-09-26 20:33:03,565][INFO|database.py-_apply_versioned_migrations:452] >> [schema] DB 스키마 버전 1 적용
[2026-09-26 20:33:03,570][INFO|database.py-_apply_versioned_migrations:452] >> [schema] DB 스키마 버전 2 적용
[2026-09-26 20:33:03,572][INFO|database.py-_apply_versioned_migrations:452] >> [schema] DB 스키마 버전 3 적용
[2026-09-26 20:33:03,603][INFO|database.py-_apply_versioned_migrations:452] >> [schema] DB 스키마 버전 4 적용
[2026-09-26 20:33:03,620][INFO|duplicate_group_service.py-_log_info:53] >> [duplicate] payload exact 중복군 0개, 멤버 0건 재생성
[2026-09-26 20:33:03,656][INFO|database.py-backfill_synced_at:100] >> [migration] mysafetydetail_traffic synced_at 백필: 12건, 미해결 0건
[2026-09-26 20:33:03,659][INFO|database.py-backfill_synced_at:100] >> [migration] mysafetydetail_parking synced_at 백필: 6건, 미해결 0건
[2026-09-26 20:33:03,662][INFO|database.py-backfill_synced_at:100] >> [migration] mysafetydetail_other synced_at 백필: 6건, 미해결 0건
[2026-09-26 20:33:03,666][INFO|database.py-backfill_synced_at:105] >> [migration] synced_at 백필 완료: 총 24건 갱신, merge 재생성 시작
[2026-09-26 20:33:03,674][INFO|database.py-merge_final:736] >> 최종 데이터 병합 완료 (Traffic/Parking/Other 분리)
/home/better0101/projects/safetyreport/.venv/lib/python3.14/site-packages/pandas/core/arrays/string_.py:789: ResourceWarning: unclosed file <_io.FileIO name='/tmp/claude-1000/-home-better0101-projects-safetyreport/aa9d30e6-e7a5-4376-8fce-c9fb26682fbe/scratchpad/tmp.7Fe0hxNHL0/logs/current_crawl.log' mode='ab' closefd=True>
  new_string_array = cls.__new__(cls)
ResourceWarning: Enable tracemalloc to get the object allocation traceback
[2026-09-26 20:33:03,697][INFO|duplicate_group_service.py-_log_info:53] >> [duplicate] payload exact 중복군 1개, 멤버 2건 재생성
[2026-09-26 20:33:03,719][INFO|database.py-merge_final:736] >> 최종 데이터 병합 완료 (Traffic/Parking/Other 분리)
[2026-09-26 20:33:03,760][INFO|duplicate_group_service.py-_log_info:53] >> [duplicate] payload exact 중복군 1개, 멤버 2건 재생성
[2026-09-26 20:33:03,931][INFO|start.py-_run_crawling_process:338] >> 큐 지정 크롤링 모드입니다. 전체 목록 갱신을 건너뜁니다.
[2026-09-26 20:33:03,931][WARNING|start.py-extract_ids_from_queue:129] >> 큐 신고번호 SPP-2609-777100이(가) 정확히 일치하지 않습니다. 목록 전체를 받은 뒤 다시 찾습니다.
[2026-09-26 20:33:03,931][INFO|start.py-_run_crawling_process:383] >> 미확인 신고번호 1건을 목록 전체에서 찾습니다.
[2026-09-26 20:33:03,931][INFO|crawltitle_api.py-crawl_titles:74] >> API 방식으로 목록 데이터를 호출합니다. (direct_login 세션)
[2026-09-26 20:33:03,931][INFO|crawltitle_api.py-crawl_titles:104] >> API 확인됨: 총 201건 (2페이지 분량)
[2026-09-26 20:33:03,932][INFO|crawltitle_api.py-crawl_titles:117] >> API 목록 로드 중: 1 페이지 (1~200건)
[2026-09-26 20:33:04,000][INFO|crawltitle_api.py-crawl_titles:117] >> API 목록 로드 중: 2 페이지 (201~201건)
[2026-09-26 20:33:04,001][WARNING|crawltitle_api.py-crawl_titles:122] >> 페이지 2 호출 실패: network down
[2026-09-26 20:33:04,001][WARNING|start.py-_run_crawling_process:398] >> 목록 탐색을 끝내지 못했습니다: network: network down
[2026-09-26 20:33:04,050][INFO|database.py-title_to_sql:694] >> 총 200건 title 테이블 upsert 완료. (신규: 176건)
[2026-09-26 20:33:04,051][WARNING|start.py-_run_crawling_process:429] >> 목록 탐색을 끝내지 못해 다음에 다시 찾습니다: ['SPP-2609-777100']
[2026-09-26 20:33:04,052][INFO|start.py-_run_crawling_process:431] >> 큐 파일에서 0개의 아이템 크롤링 시작.
[2026-09-26 20:33:04,052][INFO|start.py-_run_crawling_process:440] >> 크롤링할 상세 내역 없음.
[2026-09-26 20:33:04,061][INFO|start.py-_run_crawling_process:338] >> 큐 지정 크롤링 모드입니다. 전체 목록 갱신을 건너뜁니다.
[2026-09-26 20:33:04,062][WARNING|start.py-extract_ids_from_queue:129] >> 큐 신고번호 SPP-2609-777100이(가) 정확히 일치하지 않습니다. 목록 전체를 받은 뒤 다시 찾습니다.
[2026-09-26 20:33:04,062][INFO|start.py-_run_crawling_process:383] >> 미확인 신고번호 1건을 목록 전체에서 찾습니다.
[2026-09-26 20:33:04,062][INFO|crawltitle_api.py-crawl_titles:74] >> API 방식으로 목록 데이터를 호출합니다. (direct_login 세션)
[2026-09-26 20:33:04,062][INFO|crawltitle_api.py-crawl_titles:104] >> API 확인됨: 총 201건 (2페이지 분량)
[2026-09-26 20:33:04,062][INFO|crawltitle_api.py-crawl_titles:117] >> API 목록 로드 중: 1 페이지 (1~200건)
[2026-09-26 20:33:04,153][INFO|crawltitle_api.py-crawl_titles:117] >> API 목록 로드 중: 2 페이지 (201~201건)
[2026-09-26 20:33:04,154][WARNING|crawltitle_api.py-crawl_titles:122] >> 페이지 2 호출 실패: network down
[2026-09-26 20:33:04,154][WARNING|start.py-_run_crawling_process:398] >> 목록 탐색을 끝내지 못했습니다: network: network down
[2026-09-26 20:33:04,193][INFO|database.py-title_to_sql:694] >> 총 200건 title 테이블 upsert 완료. (신규: 0건)
[2026-09-26 20:33:04,194][WARNING|start.py-_run_crawling_process:429] >> 목록 탐색을 끝내지 못해 다음에 다시 찾습니다: ['SPP-2609-777100']
[2026-09-26 20:33:04,194][INFO|start.py-_run_crawling_process:431] >> 큐 파일에서 0개의 아이템 크롤링 시작.
[2026-09-26 20:33:04,194][INFO|start.py-_run_crawling_process:440] >> 크롤링할 상세 내역 없음.
[2026-09-26 20:33:04,199][INFO|start.py-_run_crawling_process:338] >> 큐 지정 크롤링 모드입니다. 전체 목록 갱신을 건너뜁니다.
[2026-09-26 20:33:04,200][WARNING|start.py-extract_ids_from_queue:129] >> 큐 신고번호 SPP-2609-777100이(가) 정확히 일치하지 않습니다. 목록 전체를 받은 뒤 다시 찾습니다.
[2026-09-26 20:33:04,200][INFO|start.py-_run_crawling_process:383] >> 미확인 신고번호 1건을 목록 전체에서 찾습니다.
[2026-09-26 20:33:04,200][INFO|crawltitle_api.py-crawl_titles:74] >> API 방식으로 목록 데이터를 호출합니다. (direct_login 세션)
[2026-09-26 20:33:04,200][INFO|crawltitle_api.py-crawl_titles:104] >> API 확인됨: 총 201건 (2페이지 분량)
[2026-09-26 20:33:04,201][INFO|crawltitle_api.py-crawl_titles:117] >> API 목록 로드 중: 1 페이지 (1~200건)
[2026-09-26 20:33:04,281][INFO|crawltitle_api.py-crawl_titles:117] >> API 목록 로드 중: 2 페이지 (201~201건)
[2026-09-26 20:33:04,324][INFO|database.py-title_to_sql:694] >> 총 201건 title 테이블 upsert 완료. (신규: 1건)
[2026-09-26 20:33:04,326][ERROR|start.py-_run_crawling_process:424] >> 여러 신고에 걸리는 번호라 어느 신고인지 정할 수 없습니다 — 정확한 신고번호로 다시 요청하세요: ['SPP-2609-777100']
[2026-09-26 20:33:04,326][INFO|start.py-_run_crawling_process:431] >> 큐 파일에서 0개의 아이템 크롤링 시작.
[2026-09-26 20:33:04,326][INFO|start.py-_run_crawling_process:440] >> 크롤링할 상세 내역 없음.
[2026-09-26 20:33:04,333][INFO|start.py-_run_crawling_process:338] >> 큐 지정 크롤링 모드입니다. 전체 목록 갱신을 건너뜁니다.
[2026-09-26 20:33:04,334][INFO|start.py-_run_crawling_process:431] >> 큐 파일에서 1개의 아이템 크롤링 시작.
[2026-09-26 20:33:04,334][INFO|start.py-_run_crawling_process:445] >> 상세 크롤링 대상 ID: 1 건 (순차 처리)
[2026-09-26 20:33:04,334][INFO|start.py-_run_crawling_process:450] >> [API 방식] 상세 데이터 추출 시작
[2026-09-26 20:33:04,355][INFO|start.py-_save_details_as_they_arrive:493] >> 상세 저장 1건 (변경/신규 1건, 실패 0건)
.[2026-09-26 20:33:04,381][INFO|database.py-upgrade_schema:285] >> 테이블 'admin_users' 생성 중...
[2026-09-26 20:33:04,388][INFO|database.py-upgrade_schema:285] >> 테이블 'api_keys' 생성 중...
[2026-09-26 20:33:04,397][INFO|database.py-upgrade_schema:285] >> 테이블 'mysafety' 생성 중...
[2026-09-26 20:33:04,401][INFO|database.py-upgrade_schema:285] >> 테이블 'mysafety_change_cursor' 생성 중...
[2026-09-26 20:33:04,404][INFO|database.py-upgrade_schema:285] >> 테이블 'mysafety_change_log' 생성 중...
[2026-09-26 20:33:04,406][INFO|database.py-upgrade_schema:285] >> 테이블 'mysafety_duplicate_decision' 생성 중...
[2026-09-26 20:33:04,408][INFO|database.py-upgrade_schema:285] >> 테이블 'mysafety_duplicate_group' 생성 중...
[2026-09-26 20:33:04,410][INFO|database.py-upgrade_schema:285] >> 테이블 'mysafety_duplicate_member' 생성 중...
[2026-09-26 20:33:04,416][INFO|database.py-upgrade_schema:285] >> 테이블 'mysafety_entry_value' 생성 중...
[2026-09-26 20:33:04,421][INFO|database.py-upgrade_schema:285] >> 테이블 'mysafety_geocode_cache' 생성 중...
[2026-09-26 20:33:04,424][INFO|database.py-upgrade_schema:285] >> 테이블 'mysafety_raw_content' 생성 중...
[2026-09-26 20:33:04,428][INFO|database.py-upgrade_schema:285] >> 테이블 'mysafety_report_override' 생성 중...
[2026-09-26 20:33:04,439][INFO|database.py-upgrade_schema:285] >> 테이블 'mysafety_sync_meta' 생성 중...
[2026-09-26 20:33:04,442][INFO|database.py-upgrade_schema:285] >> 테이블 'mysafety_watchlist' 생성 중...
[2026-09-26 20:33:04,444][INFO|database.py-upgrade_schema:285] >> 테이블 'mysafetydetail_other' 생성 중...
[2026-09-26 20:33:04,447][INFO|database.py-upgrade_schema:285] >> 테이블 'mysafetydetail_parking' 생성 중...
[2026-09-26 20:33:04,452][INFO|database.py-upgrade_schema:285] >> 테이블 'mysafetydetail_traffic' 생성 중...
[2026-09-26 20:33:04,454][INFO|database.py-upgrade_schema:285] >> 테이블 'mysafetymerge_other' 생성 중...
[2026-09-26 20:33:04,457][INFO|database.py-upgrade_schema:285] >> 테이블 'mysafetymerge_parking' 생성 중...
[2026-09-26 20:33:04,459][INFO|database.py-upgrade_schema:285] >> 테이블 'mysafetymerge_traffic' 생성 중...
[2026-09-26 20:33:04,463][INFO|database.py-_apply_versioned_migrations:452] >> [schema] DB 스키마 버전 1 적용
[2026-09-26 20:33:04,468][INFO|database.py-_apply_versioned_migrations:452] >> [schema] DB 스키마 버전 2 적용
[2026-09-26 20:33:04,470][INFO|database.py-_apply_versioned_migrations:452] >> [schema] DB 스키마 버전 3 적용
[2026-09-26 20:33:04,482][INFO|database.py-_apply_versioned_migrations:452] >> [schema] DB 스키마 버전 4 적용
[2026-09-26 20:33:04,497][INFO|duplicate_group_service.py-_log_info:53] >> [duplicate] payload exact 중복군 0개, 멤버 0건 재생성
[2026-09-26 20:33:04,530][INFO|database.py-backfill_synced_at:100] >> [migration] mysafetydetail_traffic synced_at 백필: 12건, 미해결 0건
[2026-09-26 20:33:04,534][INFO|database.py-backfill_synced_at:100] >> [migration] mysafetydetail_parking synced_at 백필: 6건, 미해결 0건
[2026-09-26 20:33:04,537][INFO|database.py-backfill_synced_at:100] >> [migration] mysafetydetail_other synced_at 백필: 6건, 미해결 0건
[2026-09-26 20:33:04,542][INFO|database.py-backfill_synced_at:105] >> [migration] synced_at 백필 완료: 총 24건 갱신, merge 재생성 시작
[2026-09-26 20:33:04,550][INFO|database.py-merge_final:736] >> 최종 데이터 병합 완료 (Traffic/Parking/Other 분리)
[2026-09-26 20:33:04,580][INFO|duplicate_group_service.py-_log_info:53] >> [duplicate] payload exact 중복군 1개, 멤버 2건 재생성
[2026-09-26 20:33:04,590][INFO|database.py-merge_final:736] >> 최종 데이터 병합 완료 (Traffic/Parking/Other 분리)
[2026-09-26 20:33:04,619][INFO|duplicate_group_service.py-_log_info:53] >> [duplicate] payload exact 중복군 1개, 멤버 2건 재생성
.[2026-09-26 20:33:04,793][INFO|database.py-upgrade_schema:285] >> 테이블 'admin_users' 생성 중...
[2026-09-26 20:33:04,802][INFO|database.py-upgrade_schema:285] >> 테이블 'api_keys' 생성 중...
[2026-09-26 20:33:04,811][INFO|database.py-upgrade_schema:285] >> 테이블 'mysafety' 생성 중...
[2026-09-26 20:33:04,818][INFO|database.py-upgrade_schema:285] >> 테이블 'mysafety_change_cursor' 생성 중...
[2026-09-26 20:33:04,822][INFO|database.py-upgrade_schema:285] >> 테이블 'mysafety_change_log' 생성 중...
[2026-09-26 20:33:04,832][INFO|database.py-upgrade_schema:285] >> 테이블 'mysafety_duplicate_decision' 생성 중...
[2026-09-26 20:33:04,840][INFO|database.py-upgrade_schema:285] >> 테이블 'mysafety_duplicate_group' 생성 중...
[2026-09-26 20:33:04,844][INFO|database.py-upgrade_schema:285] >> 테이블 'mysafety_duplicate_member' 생성 중...
[2026-09-26 20:33:04,850][INFO|database.py-upgrade_schema:285] >> 테이블 'mysafety_entry_value' 생성 중...
[2026-09-26 20:33:04,864][INFO|database.py-upgrade_schema:285] >> 테이블 'mysafety_geocode_cache' 생성 중...
[2026-09-26 20:33:04,871][INFO|database.py-upgrade_schema:285] >> 테이블 'mysafety_raw_content' 생성 중...
[2026-09-26 20:33:04,878][INFO|database.py-upgrade_schema:285] >> 테이블 'mysafety_report_override' 생성 중...
[2026-09-26 20:33:04,895][INFO|database.py-upgrade_schema:285] >> 테이블 'mysafety_sync_meta' 생성 중...
[2026-09-26 20:33:04,898][INFO|database.py-upgrade_schema:285] >> 테이블 'mysafety_watchlist' 생성 중...
[2026-09-26 20:33:04,907][INFO|database.py-upgrade_schema:285] >> 테이블 'mysafetydetail_other' 생성 중...
[2026-09-26 20:33:04,914][INFO|database.py-upgrade_schema:285] >> 테이블 'mysafetydetail_parking' 생성 중...
[2026-09-26 20:33:04,921][INFO|database.py-upgrade_schema:285] >> 테이블 'mysafetydetail_traffic' 생성 중...
[2026-09-26 20:33:04,924][INFO|database.py-upgrade_schema:285] >> 테이블 'mysafetymerge_other' 생성 중...
[2026-09-26 20:33:04,927][INFO|database.py-upgrade_schema:285] >> 테이블 'mysafetymerge_parking' 생성 중...
[2026-09-26 20:33:04,929][INFO|database.py-upgrade_schema:285] >> 테이블 'mysafetymerge_traffic' 생성 중...
[2026-09-26 20:33:04,934][INFO|database.py-_apply_versioned_migrations:452] >> [schema] DB 스키마 버전 1 적용
[2026-09-26 20:33:04,946][INFO|database.py-_apply_versioned_migrations:452] >> [schema] DB 스키마 버전 2 적용
[2026-09-26 20:33:04,951][INFO|database.py-_apply_versioned_migrations:452] >> [schema] DB 스키마 버전 3 적용
[2026-09-26 20:33:04,982][INFO|database.py-_apply_versioned_migrations:452] >> [schema] DB 스키마 버전 4 적용
[2026-09-26 20:33:04,999][INFO|duplicate_group_service.py-_log_info:53] >> [duplicate] payload exact 중복군 0개, 멤버 0건 재생성
[2026-09-26 20:33:05,031][INFO|database.py-backfill_synced_at:100] >> [migration] mysafetydetail_traffic synced_at 백필: 12건, 미해결 0건
[2026-09-26 20:33:05,035][INFO|database.py-backfill_synced_at:100] >> [migration] mysafetydetail_parking synced_at 백필: 6건, 미해결 0건
[2026-09-26 20:33:05,038][INFO|database.py-backfill_synced_at:100] >> [migration] mysafetydetail_other synced_at 백필: 6건, 미해결 0건
[2026-09-26 20:33:05,039][INFO|database.py-backfill_synced_at:105] >> [migration] synced_at 백필 완료: 총 24건 갱신, merge 재생성 시작
[2026-09-26 20:33:05,046][INFO|database.py-merge_final:736] >> 최종 데이터 병합 완료 (Traffic/Parking/Other 분리)
[2026-09-26 20:33:05,074][INFO|duplicate_group_service.py-_log_info:53] >> [duplicate] payload exact 중복군 1개, 멤버 2건 재생성
[2026-09-26 20:33:05,089][INFO|database.py-merge_final:736] >> 최종 데이터 병합 완료 (Traffic/Parking/Other 분리)
[2026-09-26 20:33:05,113][INFO|duplicate_group_service.py-_log_info:53] >> [duplicate] payload exact 중복군 1개, 멤버 2건 재생성
.[2026-09-26 20:33:05,342][INFO|database.py-upgrade_schema:285] >> 테이블 'admin_users' 생성 중...
[2026-09-26 20:33:05,350][INFO|database.py-upgrade_schema:285] >> 테이블 'api_keys' 생성 중...
[2026-09-26 20:33:05,357][INFO|database.py-upgrade_schema:285] >> 테이블 'mysafety' 생성 중...
[2026-09-26 20:33:05,359][INFO|database.py-upgrade_schema:285] >> 테이블 'mysafety_change_cursor' 생성 중...
[2026-09-26 20:33:05,363][INFO|database.py-upgrade_schema:285] >> 테이블 'mysafety_change_log' 생성 중...
[2026-09-26 20:33:05,365][INFO|database.py-upgrade_schema:285] >> 테이블 'mysafety_duplicate_decision' 생성 중...
[2026-09-26 20:33:05,367][INFO|database.py-upgrade_schema:285] >> 테이블 'mysafety_duplicate_group' 생성 중...
[2026-09-26 20:33:05,374][INFO|database.py-upgrade_schema:285] >> 테이블 'mysafety_duplicate_member' 생성 중...
[2026-09-26 20:33:05,377][INFO|database.py-upgrade_schema:285] >> 테이블 'mysafety_entry_value' 생성 중...
[2026-09-26 20:33:05,379][INFO|database.py-upgrade_schema:285] >> 테이블 'mysafety_geocode_cache' 생성 중...
[2026-09-26 20:33:05,388][INFO|database.py-upgrade_schema:285] >> 테이블 'mysafety_raw_content' 생성 중...
[2026-09-26 20:33:05,394][INFO|database.py-upgrade_schema:285] >> 테이블 'mysafety_report_override' 생성 중...
[2026-09-26 20:33:05,398][INFO|database.py-upgrade_schema:285] >> 테이블 'mysafety_sync_meta' 생성 중...
[2026-09-26 20:33:05,400][INFO|database.py-upgrade_schema:285] >> 테이블 'mysafety_watchlist' 생성 중...
[2026-09-26 20:33:05,408][INFO|database.py-upgrade_schema:285] >> 테이블 'mysafetydetail_other' 생성 중...
[2026-09-26 20:33:05,419][INFO|database.py-upgrade_schema:285] >> 테이블 'mysafetydetail_parking' 생성 중...
[2026-09-26 20:33:05,427][INFO|database.py-upgrade_schema:285] >> 테이블 'mysafetydetail_traffic' 생성 중...
[2026-09-26 20:33:05,430][INFO|database.py-upgrade_schema:285] >> 테이블 'mysafetymerge_other' 생성 중...
[2026-09-26 20:33:05,443][INFO|database.py-upgrade_schema:285] >> 테이블 'mysafetymerge_parking' 생성 중...
[2026-09-26 20:33:05,449][INFO|database.py-upgrade_schema:285] >> 테이블 'mysafetymerge_traffic' 생성 중...
[2026-09-26 20:33:05,459][INFO|database.py-_apply_versioned_migrations:452] >> [schema] DB 스키마 버전 1 적용
[2026-09-26 20:33:05,472][INFO|database.py-_apply_versioned_migrations:452] >> [schema] DB 스키마 버전 2 적용
[2026-09-26 20:33:05,478][INFO|database.py-_apply_versioned_migrations:452] >> [schema] DB 스키마 버전 3 적용
[2026-09-26 20:33:05,502][INFO|database.py-_apply_versioned_migrations:452] >> [schema] DB 스키마 버전 4 적용
[2026-09-26 20:33:05,517][INFO|duplicate_group_service.py-_log_info:53] >> [duplicate] payload exact 중복군 0개, 멤버 0건 재생성
[2026-09-26 20:33:05,563][INFO|database.py-backfill_synced_at:100] >> [migration] mysafetydetail_traffic synced_at 백필: 12건, 미해결 0건
[2026-09-26 20:33:05,567][INFO|database.py-backfill_synced_at:100] >> [migration] mysafetydetail_parking synced_at 백필: 6건, 미해결 0건
[2026-09-26 20:33:05,586][INFO|database.py-backfill_synced_at:100] >> [migration] mysafetydetail_other synced_at 백필: 6건, 미해결 0건
[2026-09-26 20:33:05,600][INFO|database.py-backfill_synced_at:105] >> [migration] synced_at 백필 완료: 총 24건 갱신, merge 재생성 시작
[2026-09-26 20:33:05,620][INFO|database.py-merge_final:736] >> 최종 데이터 병합 완료 (Traffic/Parking/Other 분리)
[2026-09-26 20:33:05,657][INFO|duplicate_group_service.py-_log_info:53] >> [duplicate] payload exact 중복군 1개, 멤버 2건 재생성
[2026-09-26 20:33:05,667][INFO|database.py-merge_final:736] >> 최종 데이터 병합 완료 (Traffic/Parking/Other 분리)
[2026-09-26 20:33:05,694][INFO|duplicate_group_service.py-_log_info:53] >> [duplicate] payload exact 중복군 1개, 멤버 2건 재생성
[2026-09-26 20:33:05,842][INFO|crawl_manager.py-launch_pending_crawl:457] >> [crawl] 대기 큐 1건 보류: DB 가 복원되어 공유 데이터 확인을 다시 해야 합니다. 다시 시작하세요.
.[2026-09-26 20:33:05,964][INFO|database.py-upgrade_schema:285] >> 테이블 'admin_users' 생성 중...
[2026-09-26 20:33:05,979][INFO|database.py-upgrade_schema:285] >> 테이블 'api_keys' 생성 중...
[2026-09-26 20:33:05,983][INFO|database.py-upgrade_schema:285] >> 테이블 'mysafety' 생성 중...
[2026-09-26 20:33:05,990][INFO|database.py-upgrade_schema:285] >> 테이블 'mysafety_change_cursor' 생성 중...
[2026-09-26 20:33:05,992][INFO|database.py-upgrade_schema:285] >> 테이블 'mysafety_change_log' 생성 중...
[2026-09-26 20:33:05,996][INFO|database.py-upgrade_schema:285] >> 테이블 'mysafety_duplicate_decision' 생성 중...
[2026-09-26 20:33:05,999][INFO|database.py-upgrade_schema:285] >> 테이블 'mysafety_duplicate_group' 생성 중...
[2026-09-26 20:33:06,000][INFO|database.py-upgrade_schema:285] >> 테이블 'mysafety_duplicate_member' 생성 중...
[2026-09-26 20:33:06,004][INFO|database.py-upgrade_schema:285] >> 테이블 'mysafety_entry_value' 생성 중...
[2026-09-26 20:33:06,012][INFO|database.py-upgrade_schema:285] >> 테이블 'mysafety_geocode_cache' 생성 중...
[2026-09-26 20:33:06,015][INFO|database.py-upgrade_schema:285] >> 테이블 'mysafety_raw_content' 생성 중...
[2026-09-26 20:33:06,018][INFO|database.py-upgrade_schema:285] >> 테이블 'mysafety_report_override' 생성 중...
[2026-09-26 20:33:06,022][INFO|database.py-upgrade_schema:285] >> 테이블 'mysafety_sync_meta' 생성 중...
[2026-09-26 20:33:06,024][INFO|database.py-upgrade_schema:285] >> 테이블 'mysafety_watchlist' 생성 중...
[2026-09-26 20:33:06,042][INFO|database.py-upgrade_schema:285] >> 테이블 'mysafetydetail_other' 생성 중...
[2026-09-26 20:33:06,051][INFO|database.py-upgrade_schema:285] >> 테이블 'mysafetydetail_parking' 생성 중...
[2026-09-26 20:33:06,057][INFO|database.py-upgrade_schema:285] >> 테이블 'mysafetydetail_traffic' 생성 중...
[2026-09-26 20:33:06,061][INFO|database.py-upgrade_schema:285] >> 테이블 'mysafetymerge_other' 생성 중...
[2026-09-26 20:33:06,085][INFO|database.py-upgrade_schema:285] >> 테이블 'mysafetymerge_parking' 생성 중...
[2026-09-26 20:33:06,091][INFO|database.py-upgrade_schema:285] >> 테이블 'mysafetymerge_traffic' 생성 중...
[2026-09-26 20:33:06,105][INFO|database.py-_apply_versioned_migrations:452] >> [schema] DB 스키마 버전 1 적용
[2026-09-26 20:33:06,119][INFO|database.py-_apply_versioned_migrations:452] >> [schema] DB 스키마 버전 2 적용
[2026-09-26 20:33:06,122][INFO|database.py-_apply_versioned_migrations:452] >> [schema] DB 스키마 버전 3 적용
[2026-09-26 20:33:06,143][INFO|database.py-_apply_versioned_migrations:452] >> [schema] DB 스키마 버전 4 적용
[2026-09-26 20:33:06,159][INFO|duplicate_group_service.py-_log_info:53] >> [duplicate] payload exact 중복군 0개, 멤버 0건 재생성
[2026-09-26 20:33:06,199][INFO|database.py-backfill_synced_at:100] >> [migration] mysafetydetail_traffic synced_at 백필: 12건, 미해결 0건
[2026-09-26 20:33:06,203][INFO|database.py-backfill_synced_at:100] >> [migration] mysafetydetail_parking synced_at 백필: 6건, 미해결 0건
[2026-09-26 20:33:06,206][INFO|database.py-backfill_synced_at:100] >> [migration] mysafetydetail_other synced_at 백필: 6건, 미해결 0건
[2026-09-26 20:33:06,209][INFO|database.py-backfill_synced_at:105] >> [migration] synced_at 백필 완료: 총 24건 갱신, merge 재생성 시작
[2026-09-26 20:33:06,217][INFO|database.py-merge_final:736] >> 최종 데이터 병합 완료 (Traffic/Parking/Other 분리)
[2026-09-26 20:33:06,242][INFO|duplicate_group_service.py-_log_info:53] >> [duplicate] payload exact 중복군 1개, 멤버 2건 재생성
[2026-09-26 20:33:06,251][INFO|database.py-merge_final:736] >> 최종 데이터 병합 완료 (Traffic/Parking/Other 분리)
[2026-09-26 20:33:06,283][INFO|duplicate_group_service.py-_log_info:53] >> [duplicate] payload exact 중복군 1개, 멤버 2건 재생성
[2026-09-26 20:33:06,507][INFO|database.py-_normalize_processing_layers:188] >> [migration] raw/canonical 상태 정규화 완료: 총 5건 갱신
[2026-09-26 20:33:06,520][INFO|database.py-merge_final:736] >> 최종 데이터 병합 완료 (Traffic/Parking/Other 분리)
[2026-09-26 20:33:06,550][INFO|duplicate_group_service.py-_log_info:53] >> [duplicate] payload exact 중복군 1개, 멤버 2건 재생성
[2026-09-26 20:33:06,574][INFO|database.py-merge_final:736] >> 최종 데이터 병합 완료 (Traffic/Parking/Other 분리)
[2026-09-26 20:33:06,589][INFO|duplicate_group_service.py-_log_info:53] >> [duplicate] payload exact 중복군 0개, 멤버 0건 재생성
[2026-09-26 20:33:06,617][INFO|exchange.py-_restore_exclusive:413] >> mobile DB 복원 완료. 백업: /tmp/claude-1000/-home-better0101-projects-safetyreport/aa9d30e6-e7a5-4376-8fce-c9fb26682fbe/scratchpad/tmp.7Fe0hxNHL0/backups/data_before_restore_20260926_203306.db, 신고건수: 1
.[2026-09-26 20:33:06,628][INFO|database.py-upgrade_schema:285] >> 테이블 'admin_users' 생성 중...
[2026-09-26 20:33:06,635][INFO|database.py-upgrade_schema:285] >> 테이블 'api_keys' 생성 중...
[2026-09-26 20:33:06,637][INFO|database.py-upgrade_schema:285] >> 테이블 'mysafety' 생성 중...
[2026-09-26 20:33:06,639][INFO|database.py-upgrade_schema:285] >> 테이블 'mysafety_change_cursor' 생성 중...
[2026-09-26 20:33:06,643][INFO|database.py-upgrade_schema:285] >> 테이블 'mysafety_change_log' 생성 중...
[2026-09-26 20:33:06,649][INFO|database.py-upgrade_schema:285] >> 테이블 'mysafety_duplicate_decision' 생성 중...
[2026-09-26 20:33:06,657][INFO|database.py-upgrade_schema:285] >> 테이블 'mysafety_duplicate_group' 생성 중...
[2026-09-26 20:33:06,659][INFO|database.py-upgrade_schema:285] >> 테이블 'mysafety_duplicate_member' 생성 중...
[2026-09-26 20:33:06,661][INFO|database.py-upgrade_schema:285] >> 테이블 'mysafety_entry_value' 생성 중...
[2026-09-26 20:33:06,663][INFO|database.py-upgrade_schema:285] >> 테이블 'mysafety_geocode_cache' 생성 중...
[2026-09-26 20:33:06,665][INFO|database.py-upgrade_schema:285] >> 테이블 'mysafety_raw_content' 생성 중...
[2026-09-26 20:33:06,670][INFO|database.py-upgrade_schema:285] >> 테이블 'mysafety_report_override' 생성 중...
[2026-09-26 20:33:06,672][INFO|database.py-upgrade_schema:285] >> 테이블 'mysafety_sync_meta' 생성 중...
[2026-09-26 20:33:06,678][INFO|database.py-upgrade_schema:285] >> 테이블 'mysafety_watchlist' 생성 중...
[2026-09-26 20:33:06,684][INFO|database.py-upgrade_schema:285] >> 테이블 'mysafetydetail_other' 생성 중...
[2026-09-26 20:33:06,688][INFO|database.py-upgrade_schema:285] >> 테이블 'mysafetydetail_parking' 생성 중...
[2026-09-26 20:33:06,694][INFO|database.py-upgrade_schema:285] >> 테이블 'mysafetydetail_traffic' 생성 중...
[2026-09-26 20:33:06,701][INFO|database.py-upgrade_schema:285] >> 테이블 'mysafetymerge_other' 생성 중...
[2026-09-26 20:33:06,705][INFO|database.py-upgrade_schema:285] >> 테이블 'mysafetymerge_parking' 생성 중...
[2026-09-26 20:33:06,714][INFO|database.py-upgrade_schema:285] >> 테이블 'mysafetymerge_traffic' 생성 중...
[2026-09-26 20:33:06,721][INFO|database.py-_apply_versioned_migrations:452] >> [schema] DB 스키마 버전 1 적용
[2026-09-26 20:33:06,750][INFO|database.py-_apply_versioned_migrations:452] >> [schema] DB 스키마 버전 2 적용
[2026-09-26 20:33:06,761][INFO|database.py-_apply_versioned_migrations:452] >> [schema] DB 스키마 버전 3 적용
[2026-09-26 20:33:06,796][INFO|database.py-_apply_versioned_migrations:452] >> [schema] DB 스키마 버전 4 적용
[2026-09-26 20:33:06,810][INFO|duplicate_group_service.py-_log_info:53] >> [duplicate] payload exact 중복군 0개, 멤버 0건 재생성
[2026-09-26 20:33:06,853][INFO|database.py-backfill_synced_at:100] >> [migration] mysafetydetail_traffic synced_at 백필: 12건, 미해결 0건
[2026-09-26 20:33:06,859][INFO|database.py-backfill_synced_at:100] >> [migration] mysafetydetail_parking synced_at 백필: 6건, 미해결 0건
[2026-09-26 20:33:06,865][INFO|database.py-backfill_synced_at:100] >> [migration] mysafetydetail_other synced_at 백필: 6건, 미해결 0건
[2026-09-26 20:33:06,872][INFO|database.py-backfill_synced_at:105] >> [migration] synced_at 백필 완료: 총 24건 갱신, merge 재생성 시작
[2026-09-26 20:33:06,885][INFO|database.py-merge_final:736] >> 최종 데이터 병합 완료 (Traffic/Parking/Other 분리)
[2026-09-26 20:33:06,924][INFO|duplicate_group_service.py-_log_info:53] >> [duplicate] payload exact 중복군 1개, 멤버 2건 재생성
[2026-09-26 20:33:06,934][INFO|database.py-merge_final:736] >> 최종 데이터 병합 완료 (Traffic/Parking/Other 분리)
[2026-09-26 20:33:06,959][INFO|duplicate_group_service.py-_log_info:53] >> [duplicate] payload exact 중복군 1개, 멤버 2건 재생성
.[2026-09-26 20:33:07,164][INFO|database.py-upgrade_schema:285] >> 테이블 'admin_users' 생성 중...
[2026-09-26 20:33:07,170][INFO|database.py-upgrade_schema:285] >> 테이블 'api_keys' 생성 중...
[2026-09-26 20:33:07,173][INFO|database.py-upgrade_schema:285] >> 테이블 'mysafety' 생성 중...
[2026-09-26 20:33:07,176][INFO|database.py-upgrade_schema:285] >> 테이블 'mysafety_change_cursor' 생성 중...
[2026-09-26 20:33:07,179][INFO|database.py-upgrade_schema:285] >> 테이블 'mysafety_change_log' 생성 중...
[2026-09-26 20:33:07,181][INFO|database.py-upgrade_schema:285] >> 테이블 'mysafety_duplicate_decision' 생성 중...
[2026-09-26 20:33:07,186][INFO|database.py-upgrade_schema:285] >> 테이블 'mysafety_duplicate_group' 생성 중...
[2026-09-26 20:33:07,188][INFO|database.py-upgrade_schema:285] >> 테이블 'mysafety_duplicate_member' 생성 중...
[2026-09-26 20:33:07,191][INFO|database.py-upgrade_schema:285] >> 테이블 'mysafety_entry_value' 생성 중...
[2026-09-26 20:33:07,194][INFO|database.py-upgrade_schema:285] >> 테이블 'mysafety_geocode_cache' 생성 중...
[2026-09-26 20:33:07,198][INFO|database.py-upgrade_schema:285] >> 테이블 'mysafety_raw_content' 생성 중...
[2026-09-26 20:33:07,204][INFO|database.py-upgrade_schema:285] >> 테이블 'mysafety_report_override' 생성 중...
[2026-09-26 20:33:07,210][INFO|database.py-upgrade_schema:285] >> 테이블 'mysafety_sync_meta' 생성 중...
[2026-09-26 20:33:07,212][INFO|database.py-upgrade_schema:285] >> 테이블 'mysafety_watchlist' 생성 중...
[2026-09-26 20:33:07,215][INFO|database.py-upgrade_schema:285] >> 테이블 'mysafetydetail_other' 생성 중...
[2026-09-26 20:33:07,217][INFO|database.py-upgrade_schema:285] >> 테이블 'mysafetydetail_parking' 생성 중...
[2026-09-26 20:33:07,218][INFO|database.py-upgrade_schema:285] >> 테이블 'mysafetydetail_traffic' 생성 중...
[2026-09-26 20:33:07,221][INFO|database.py-upgrade_schema:285] >> 테이블 'mysafetymerge_other' 생성 중...
[2026-09-26 20:33:07,226][INFO|database.py-upgrade_schema:285] >> 테이블 'mysafetymerge_parking' 생성 중...
[2026-09-26 20:33:07,229][INFO|database.py-upgrade_schema:285] >> 테이블 'mysafetymerge_traffic' 생성 중...
[2026-09-26 20:33:07,235][INFO|database.py-_apply_versioned_migrations:452] >> [schema] DB 스키마 버전 1 적용
[2026-09-26 20:33:07,244][INFO|database.py-_apply_versioned_migrations:452] >> [schema] DB 스키마 버전 2 적용
[2026-09-26 20:33:07,252][INFO|database.py-_apply_versioned_migrations:452] >> [schema] DB 스키마 버전 3 적용
[2026-09-26 20:33:07,286][INFO|database.py-_apply_versioned_migrations:452] >> [schema] DB 스키마 버전 4 적용
[2026-09-26 20:33:07,301][INFO|duplicate_group_service.py-_log_info:53] >> [duplicate] payload exact 중복군 0개, 멤버 0건 재생성
[2026-09-26 20:33:07,338][INFO|database.py-backfill_synced_at:100] >> [migration] mysafetydetail_traffic synced_at 백필: 12건, 미해결 0건
[2026-09-26 20:33:07,341][INFO|database.py-backfill_synced_at:100] >> [migration] mysafetydetail_parking synced_at 백필: 6건, 미해결 0건
[2026-09-26 20:33:07,344][INFO|database.py-backfill_synced_at:100] >> [migration] mysafetydetail_other synced_at 백필: 6건, 미해결 0건
[2026-09-26 20:33:07,346][INFO|database.py-backfill_synced_at:105] >> [migration] synced_at 백필 완료: 총 24건 갱신, merge 재생성 시작
[2026-09-26 20:33:07,353][INFO|database.py-merge_final:736] >> 최종 데이터 병합 완료 (Traffic/Parking/Other 분리)
[2026-09-26 20:33:07,387][INFO|duplicate_group_service.py-_log_info:53] >> [duplicate] payload exact 중복군 1개, 멤버 2건 재생성
[2026-09-26 20:33:07,404][INFO|database.py-merge_final:736] >> 최종 데이터 병합 완료 (Traffic/Parking/Other 분리)
[2026-09-26 20:33:07,461][INFO|duplicate_group_service.py-_log_info:53] >> [duplicate] payload exact 중복군 1개, 멤버 2건 재생성
[2026-09-26 20:33:07,599][INFO|start.py-_run_crawling_process:338] >> 큐 지정 크롤링 모드입니다. 전체 목록 갱신을 건너뜁니다.
[2026-09-26 20:33:07,599][WARNING|start.py-extract_ids_from_queue:129] >> 큐 신고번호 SPP-이(가) 정확히 일치하지 않습니다. 목록 전체를 받은 뒤 다시 찾습니다.
[2026-09-26 20:33:07,599][INFO|start.py-_run_crawling_process:383] >> 미확인 신고번호 1건을 목록 전체에서 찾습니다.
[2026-09-26 20:33:07,599][INFO|crawltitle_api.py-crawl_titles:74] >> API 방식으로 목록 데이터를 호출합니다. (direct_login 세션)
[2026-09-26 20:33:07,599][INFO|crawltitle_api.py-crawl_titles:104] >> API 확인됨: 총 24건 (1페이지 분량)
[2026-09-26 20:33:07,599][INFO|crawltitle_api.py-crawl_titles:117] >> API 목록 로드 중: 1 페이지 (1~24건)
[2026-09-26 20:33:07,634][INFO|database.py-title_to_sql:694] >> 총 24건 title 테이블 upsert 완료. (신규: 0건)
[2026-09-26 20:33:07,635][ERROR|start.py-_run_crawling_process:424] >> 여러 신고에 걸리는 번호라 어느 신고인지 정할 수 없습니다 — 정확한 신고번호로 다시 요청하세요: ['SPP-']
[2026-09-26 20:33:07,635][INFO|start.py-_run_crawling_process:431] >> 큐 파일에서 0개의 아이템 크롤링 시작.
[2026-09-26 20:33:07,635][INFO|start.py-_run_crawling_process:440] >> 크롤링할 상세 내역 없음.
.[2026-09-26 20:33:07,650][INFO|database.py-upgrade_schema:285] >> 테이블 'admin_users' 생성 중...
[2026-09-26 20:33:07,653][INFO|database.py-upgrade_schema:285] >> 테이블 'api_keys' 생성 중...
[2026-09-26 20:33:07,655][INFO|database.py-upgrade_schema:285] >> 테이블 'mysafety' 생성 중...
[2026-09-26 20:33:07,657][INFO|database.py-upgrade_schema:285] >> 테이블 'mysafety_change_cursor' 생성 중...
[2026-09-26 20:33:07,658][INFO|database.py-upgrade_schema:285] >> 테이블 'mysafety_change_log' 생성 중...
[2026-09-26 20:33:07,660][INFO|database.py-upgrade_schema:285] >> 테이블 'mysafety_duplicate_decision' 생성 중...
[2026-09-26 20:33:07,662][INFO|database.py-upgrade_schema:285] >> 테이블 'mysafety_duplicate_group' 생성 중...
[2026-09-26 20:33:07,663][INFO|database.py-upgrade_schema:285] >> 테이블 'mysafety_duplicate_member' 생성 중...
[2026-09-26 20:33:07,665][INFO|database.py-upgrade_schema:285] >> 테이블 'mysafety_entry_value' 생성 중...
[2026-09-26 20:33:07,666][INFO|database.py-upgrade_schema:285] >> 테이블 'mysafety_geocode_cache' 생성 중...
[2026-09-26 20:33:07,667][INFO|database.py-upgrade_schema:285] >> 테이블 'mysafety_raw_content' 생성 중...
[2026-09-26 20:33:07,669][INFO|database.py-upgrade_schema:285] >> 테이블 'mysafety_report_override' 생성 중...
[2026-09-26 20:33:07,671][INFO|database.py-upgrade_schema:285] >> 테이블 'mysafety_sync_meta' 생성 중...
[2026-09-26 20:33:07,673][INFO|database.py-upgrade_schema:285] >> 테이블 'mysafety_watchlist' 생성 중...
[2026-09-26 20:33:07,675][INFO|database.py-upgrade_schema:285] >> 테이블 'mysafetydetail_other' 생성 중...
[2026-09-26 20:33:07,680][INFO|database.py-upgrade_schema:285] >> 테이블 'mysafetydetail_parking' 생성 중...
[2026-09-26 20:33:07,683][INFO|database.py-upgrade_schema:285] >> 테이블 'mysafetydetail_traffic' 생성 중...
[2026-09-26 20:33:07,688][INFO|database.py-upgrade_schema:285] >> 테이블 'mysafetymerge_other' 생성 중...
[2026-09-26 20:33:07,693][INFO|database.py-upgrade_schema:285] >> 테이블 'mysafetymerge_parking' 생성 중...
[2026-09-26 20:33:07,696][INFO|database.py-upgrade_schema:285] >> 테이블 'mysafetymerge_traffic' 생성 중...
[2026-09-26 20:33:07,701][INFO|database.py-_apply_versioned_migrations:452] >> [schema] DB 스키마 버전 1 적용
[2026-09-26 20:33:07,710][INFO|database.py-_apply_versioned_migrations:452] >> [schema] DB 스키마 버전 2 적용
[2026-09-26 20:33:07,712][INFO|database.py-_apply_versioned_migrations:452] >> [schema] DB 스키마 버전 3 적용
[2026-09-26 20:33:07,731][INFO|database.py-_apply_versioned_migrations:452] >> [schema] DB 스키마 버전 4 적용
[2026-09-26 20:33:07,746][INFO|duplicate_group_service.py-_log_info:53] >> [duplicate] payload exact 중복군 0개, 멤버 0건 재생성
[2026-09-26 20:33:07,803][INFO|database.py-backfill_synced_at:100] >> [migration] mysafetydetail_traffic synced_at 백필: 12건, 미해결 0건
[2026-09-26 20:33:07,806][INFO|database.py-backfill_synced_at:100] >> [migration] mysafetydetail_parking synced_at 백필: 6건, 미해결 0건
[2026-09-26 20:33:07,810][INFO|database.py-backfill_synced_at:100] >> [migration] mysafetydetail_other synced_at 백필: 6건, 미해결 0건
[2026-09-26 20:33:07,813][INFO|database.py-backfill_synced_at:105] >> [migration] synced_at 백필 완료: 총 24건 갱신, merge 재생성 시작
[2026-09-26 20:33:07,820][INFO|database.py-merge_final:736] >> 최종 데이터 병합 완료 (Traffic/Parking/Other 분리)
[2026-09-26 20:33:07,845][INFO|duplicate_group_service.py-_log_info:53] >> [duplicate] payload exact 중복군 1개, 멤버 2건 재생성
[2026-09-26 20:33:07,869][INFO|database.py-merge_final:736] >> 최종 데이터 병합 완료 (Traffic/Parking/Other 분리)
[2026-09-26 20:33:07,904][INFO|duplicate_group_service.py-_log_info:53] >> [duplicate] payload exact 중복군 1개, 멤버 2건 재생성
.[2026-09-26 20:33:08,089][INFO|database.py-upgrade_schema:285] >> 테이블 'admin_users' 생성 중...
[2026-09-26 20:33:08,092][INFO|database.py-upgrade_schema:285] >> 테이블 'api_keys' 생성 중...
[2026-09-26 20:33:08,094][INFO|database.py-upgrade_schema:285] >> 테이블 'mysafety' 생성 중...
[2026-09-26 20:33:08,095][INFO|database.py-upgrade_schema:285] >> 테이블 'mysafety_change_cursor' 생성 중...
[2026-09-26 20:33:08,097][INFO|database.py-upgrade_schema:285] >> 테이블 'mysafety_change_log' 생성 중...
[2026-09-26 20:33:08,098][INFO|database.py-upgrade_schema:285] >> 테이블 'mysafety_duplicate_decision' 생성 중...
[2026-09-26 20:33:08,102][INFO|database.py-upgrade_schema:285] >> 테이블 'mysafety_duplicate_group' 생성 중...
[2026-09-26 20:33:08,106][INFO|database.py-upgrade_schema:285] >> 테이블 'mysafety_duplicate_member' 생성 중...
[2026-09-26 20:33:08,109][INFO|database.py-upgrade_schema:285] >> 테이블 'mysafety_entry_value' 생성 중...
[2026-09-26 20:33:08,110][INFO|database.py-upgrade_schema:285] >> 테이블 'mysafety_geocode_cache' 생성 중...
[2026-09-26 20:33:08,111][INFO|database.py-upgrade_schema:285] >> 테이블 'mysafety_raw_content' 생성 중...
[2026-09-26 20:33:08,113][INFO|database.py-upgrade_schema:285] >> 테이블 'mysafety_report_override' 생성 중...
[2026-09-26 20:33:08,114][INFO|database.py-upgrade_schema:285] >> 테이블 'mysafety_sync_meta' 생성 중...
[2026-09-26 20:33:08,116][INFO|database.py-upgrade_schema:285] >> 테이블 'mysafety_watchlist' 생성 중...
[2026-09-26 20:33:08,117][INFO|database.py-upgrade_schema:285] >> 테이블 'mysafetydetail_other' 생성 중...
[2026-09-26 20:33:08,119][INFO|database.py-upgrade_schema:285] >> 테이블 'mysafetydetail_parking' 생성 중...
[2026-09-26 20:33:08,120][INFO|database.py-upgrade_schema:285] >> 테이블 'mysafetydetail_traffic' 생성 중...
[2026-09-26 20:33:08,122][INFO|database.py-upgrade_schema:285] >> 테이블 'mysafetymerge_other' 생성 중...
[2026-09-26 20:33:08,123][INFO|database.py-upgrade_schema:285] >> 테이블 'mysafetymerge_parking' 생성 중...
[2026-09-26 20:33:08,125][INFO|database.py-upgrade_schema:285] >> 테이블 'mysafetymerge_traffic' 생성 중...
[2026-09-26 20:33:08,128][INFO|database.py-_apply_versioned_migrations:452] >> [schema] DB 스키마 버전 1 적용
[2026-09-26 20:33:08,133][INFO|database.py-_apply_versioned_migrations:452] >> [schema] DB 스키마 버전 2 적용
[2026-09-26 20:33:08,135][INFO|database.py-_apply_versioned_migrations:452] >> [schema] DB 스키마 버전 3 적용
[2026-09-26 20:33:08,160][INFO|database.py-_apply_versioned_migrations:452] >> [schema] DB 스키마 버전 4 적용
[2026-09-26 20:33:08,174][INFO|duplicate_group_service.py-_log_info:53] >> [duplicate] payload exact 중복군 0개, 멤버 0건 재생성
[2026-09-26 20:33:08,219][INFO|database.py-backfill_synced_at:100] >> [migration] mysafetydetail_traffic synced_at 백필: 12건, 미해결 0건
[2026-09-26 20:33:08,222][INFO|database.py-backfill_synced_at:100] >> [migration] mysafetydetail_parking synced_at 백필: 6건, 미해결 0건
[2026-09-26 20:33:08,226][INFO|database.py-backfill_synced_at:100] >> [migration] mysafetydetail_other synced_at 백필: 6건, 미해결 0건
[2026-09-26 20:33:08,227][INFO|database.py-backfill_synced_at:105] >> [migration] synced_at 백필 완료: 총 24건 갱신, merge 재생성 시작
[2026-09-26 20:33:08,234][INFO|database.py-merge_final:736] >> 최종 데이터 병합 완료 (Traffic/Parking/Other 분리)
[2026-09-26 20:33:08,259][INFO|duplicate_group_service.py-_log_info:53] >> [duplicate] payload exact 중복군 1개, 멤버 2건 재생성
[2026-09-26 20:33:08,267][INFO|database.py-merge_final:736] >> 최종 데이터 병합 완료 (Traffic/Parking/Other 분리)
[2026-09-26 20:33:08,291][INFO|duplicate_group_service.py-_log_info:53] >> [duplicate] payload exact 중복군 1개, 멤버 2건 재생성
.[2026-09-26 20:33:08,551][INFO|database.py-upgrade_schema:285] >> 테이블 'admin_users' 생성 중...
[2026-09-26 20:33:08,553][INFO|database.py-upgrade_schema:285] >> 테이블 'api_keys' 생성 중...
[2026-09-26 20:33:08,555][INFO|database.py-upgrade_schema:285] >> 테이블 'mysafety' 생성 중...
[2026-09-26 20:33:08,556][INFO|database.py-upgrade_schema:285] >> 테이블 'mysafety_change_cursor' 생성 중...
[2026-09-26 20:33:08,558][INFO|database.py-upgrade_schema:285] >> 테이블 'mysafety_change_log' 생성 중...
[2026-09-26 20:33:08,560][INFO|database.py-upgrade_schema:285] >> 테이블 'mysafety_duplicate_decision' 생성 중...
[2026-09-26 20:33:08,562][INFO|database.py-upgrade_schema:285] >> 테이블 'mysafety_duplicate_group' 생성 중...
[2026-09-26 20:33:08,567][INFO|database.py-upgrade_schema:285] >> 테이블 'mysafety_duplicate_member' 생성 중...
[2026-09-26 20:33:08,570][INFO|database.py-upgrade_schema:285] >> 테이블 'mysafety_entry_value' 생성 중...
[2026-09-26 20:33:08,572][INFO|database.py-upgrade_schema:285] >> 테이블 'mysafety_geocode_cache' 생성 중...
[2026-09-26 20:33:08,574][INFO|database.py-upgrade_schema:285] >> 테이블 'mysafety_raw_content' 생성 중...
[2026-09-26 20:33:08,576][INFO|database.py-upgrade_schema:285] >> 테이블 'mysafety_report_override' 생성 중...
[2026-09-26 20:33:08,577][INFO|database.py-upgrade_schema:285] >> 테이블 'mysafety_sync_meta' 생성 중...
[2026-09-26 20:33:08,579][INFO|database.py-upgrade_schema:285] >> 테이블 'mysafety_watchlist' 생성 중...
[2026-09-26 20:33:08,581][INFO|database.py-upgrade_schema:285] >> 테이블 'mysafetydetail_other' 생성 중...
[2026-09-26 20:33:08,583][INFO|database.py-upgrade_schema:285] >> 테이블 'mysafetydetail_parking' 생성 중...
[2026-09-26 20:33:08,584][INFO|database.py-upgrade_schema:285] >> 테이블 'mysafetydetail_traffic' 생성 중...
[2026-09-26 20:33:08,586][INFO|database.py-upgrade_schema:285] >> 테이블 'mysafetymerge_other' 생성 중...
[2026-09-26 20:33:08,588][INFO|database.py-upgrade_schema:285] >> 테이블 'mysafetymerge_parking' 생성 중...
[2026-09-26 20:33:08,590][INFO|database.py-upgrade_schema:285] >> 테이블 'mysafetymerge_traffic' 생성 중...
[2026-09-26 20:33:08,594][INFO|database.py-_apply_versioned_migrations:452] >> [schema] DB 스키마 버전 1 적용
[2026-09-26 20:33:08,600][INFO|database.py-_apply_versioned_migrations:452] >> [schema] DB 스키마 버전 2 적용
[2026-09-26 20:33:08,602][INFO|database.py-_apply_versioned_migrations:452] >> [schema] DB 스키마 버전 3 적용
[2026-09-26 20:33:08,613][INFO|database.py-_apply_versioned_migrations:452] >> [schema] DB 스키마 버전 4 적용
[2026-09-26 20:33:08,628][INFO|duplicate_group_service.py-_log_info:53] >> [duplicate] payload exact 중복군 0개, 멤버 0건 재생성
[2026-09-26 20:33:08,663][INFO|database.py-backfill_synced_at:100] >> [migration] mysafetydetail_traffic synced_at 백필: 12건, 미해결 0건
[2026-09-26 20:33:08,666][INFO|database.py-backfill_synced_at:100] >> [migration] mysafetydetail_parking synced_at 백필: 6건, 미해결 0건
[2026-09-26 20:33:08,669][INFO|database.py-backfill_synced_at:100] >> [migration] mysafetydetail_other synced_at 백필: 6건, 미해결 0건
[2026-09-26 20:33:08,671][INFO|database.py-backfill_synced_at:105] >> [migration] synced_at 백필 완료: 총 24건 갱신, merge 재생성 시작
[2026-09-26 20:33:08,677][INFO|database.py-merge_final:736] >> 최종 데이터 병합 완료 (Traffic/Parking/Other 분리)
/home/better0101/projects/safetyreport/.venv/lib/python3.14/site-packages/pandas/core/arrays/string_.py:197: ResourceWarning: unclosed file <_io.FileIO name='/tmp/claude-1000/-home-better0101-projects-safetyreport/aa9d30e6-e7a5-4376-8fce-c9fb26682fbe/scratchpad/tmp.7Fe0hxNHL0/logs/current_crawl.log' mode='ab' closefd=True>
  def __init__(
ResourceWarning: Enable tracemalloc to get the object allocation traceback
[2026-09-26 20:33:08,702][INFO|duplicate_group_service.py-_log_info:53] >> [duplicate] payload exact 중복군 1개, 멤버 2건 재생성
[2026-09-26 20:33:08,710][INFO|database.py-merge_final:736] >> 최종 데이터 병합 완료 (Traffic/Parking/Other 분리)
[2026-09-26 20:33:08,731][INFO|duplicate_group_service.py-_log_info:53] >> [duplicate] payload exact 중복군 1개, 멤버 2건 재생성
[2026-09-26 20:33:08,954][INFO|database.py-_normalize_processing_layers:188] >> [migration] raw/canonical 상태 정규화 완료: 총 5건 갱신
[2026-09-26 20:33:08,971][INFO|database.py-merge_final:736] >> 최종 데이터 병합 완료 (Traffic/Parking/Other 분리)
[2026-09-26 20:33:09,012][INFO|duplicate_group_service.py-_log_info:53] >> [duplicate] payload exact 중복군 1개, 멤버 2건 재생성
[2026-09-26 20:33:09,034][INFO|database.py-merge_final:736] >> 최종 데이터 병합 완료 (Traffic/Parking/Other 분리)
[2026-09-26 20:33:09,047][INFO|duplicate_group_service.py-_log_info:53] >> [duplicate] payload exact 중복군 0개, 멤버 0건 재생성
[2026-09-26 20:33:09,578][INFO|exchange.py-_restore_exclusive:413] >> mobile DB 복원 완료. 백업: /tmp/claude-1000/-home-better0101-projects-safetyreport/aa9d30e6-e7a5-4376-8fce-c9fb26682fbe/scratchpad/tmp.7Fe0hxNHL0/backups/data_before_restore_20260926_203309.db, 신고건수: 1
.[2026-09-26 20:33:09,591][INFO|database.py-upgrade_schema:285] >> 테이블 'admin_users' 생성 중...
[2026-09-26 20:33:09,594][INFO|database.py-upgrade_schema:285] >> 테이블 'api_keys' 생성 중...
[2026-09-26 20:33:09,595][INFO|database.py-upgrade_schema:285] >> 테이블 'mysafety' 생성 중...
[2026-09-26 20:33:09,597][INFO|database.py-upgrade_schema:285] >> 테이블 'mysafety_change_cursor' 생성 중...
[2026-09-26 20:33:09,599][INFO|database.py-upgrade_schema:285] >> 테이블 'mysafety_change_log' 생성 중...
[2026-09-26 20:33:09,600][INFO|database.py-upgrade_schema:285] >> 테이블 'mysafety_duplicate_decision' 생성 중...
[2026-09-26 20:33:09,602][INFO|database.py-upgrade_schema:285] >> 테이블 'mysafety_duplicate_group' 생성 중...
[2026-09-26 20:33:09,603][INFO|database.py-upgrade_schema:285] >> 테이블 'mysafety_duplicate_member' 생성 중...
[2026-09-26 20:33:09,605][INFO|database.py-upgrade_schema:285] >> 테이블 'mysafety_entry_value' 생성 중...
[2026-09-26 20:33:09,606][INFO|database.py-upgrade_schema:285] >> 테이블 'mysafety_geocode_cache' 생성 중...
[2026-09-26 20:33:09,607][INFO|database.py-upgrade_schema:285] >> 테이블 'mysafety_raw_content' 생성 중...
[2026-09-26 20:33:09,612][INFO|database.py-upgrade_schema:285] >> 테이블 'mysafety_report_override' 생성 중...
[2026-09-26 20:33:09,619][INFO|database.py-upgrade_schema:285] >> 테이블 'mysafety_sync_meta' 생성 중...
[2026-09-26 20:33:09,622][INFO|database.py-upgrade_schema:285] >> 테이블 'mysafety_watchlist' 생성 중...
[2026-09-26 20:33:09,624][INFO|database.py-upgrade_schema:285] >> 테이블 'mysafetydetail_other' 생성 중...
[2026-09-26 20:33:09,626][INFO|database.py-upgrade_schema:285] >> 테이블 'mysafetydetail_parking' 생성 중...
[2026-09-26 20:33:09,628][INFO|database.py-upgrade_schema:285] >> 테이블 'mysafetydetail_traffic' 생성 중...
[2026-09-26 20:33:09,630][INFO|database.py-upgrade_schema:285] >> 테이블 'mysafetymerge_other' 생성 중...
[2026-09-26 20:33:09,632][INFO|database.py-upgrade_schema:285] >> 테이블 'mysafetymerge_parking' 생성 중...
[2026-09-26 20:33:09,633][INFO|database.py-upgrade_schema:285] >> 테이블 'mysafetymerge_traffic' 생성 중...
[2026-09-26 20:33:09,637][INFO|database.py-_apply_versioned_migrations:452] >> [schema] DB 스키마 버전 1 적용
[2026-09-26 20:33:09,641][INFO|database.py-_apply_versioned_migrations:452] >> [schema] DB 스키마 버전 2 적용
[2026-09-26 20:33:09,646][INFO|database.py-_apply_versioned_migrations:452] >> [schema] DB 스키마 버전 3 적용
[2026-09-26 20:33:09,661][INFO|database.py-_apply_versioned_migrations:452] >> [schema] DB 스키마 버전 4 적용
[2026-09-26 20:33:09,675][INFO|duplicate_group_service.py-_log_info:53] >> [duplicate] payload exact 중복군 0개, 멤버 0건 재생성
[2026-09-26 20:33:09,711][INFO|database.py-backfill_synced_at:100] >> [migration] mysafetydetail_traffic synced_at 백필: 12건, 미해결 0건
[2026-09-26 20:33:09,715][INFO|database.py-backfill_synced_at:100] >> [migration] mysafetydetail_parking synced_at 백필: 6건, 미해결 0건
[2026-09-26 20:33:09,719][INFO|database.py-backfill_synced_at:100] >> [migration] mysafetydetail_other synced_at 백필: 6건, 미해결 0건
[2026-09-26 20:33:09,720][INFO|database.py-backfill_synced_at:105] >> [migration] synced_at 백필 완료: 총 24건 갱신, merge 재생성 시작
[2026-09-26 20:33:09,731][INFO|database.py-merge_final:736] >> 최종 데이터 병합 완료 (Traffic/Parking/Other 분리)
[2026-09-26 20:33:09,759][INFO|duplicate_group_service.py-_log_info:53] >> [duplicate] payload exact 중복군 1개, 멤버 2건 재생성
[2026-09-26 20:33:09,772][INFO|database.py-merge_final:736] >> 최종 데이터 병합 완료 (Traffic/Parking/Other 분리)
[2026-09-26 20:33:09,797][INFO|duplicate_group_service.py-_log_info:53] >> [duplicate] payload exact 중복군 1개, 멤버 2건 재생성
[2026-09-26 20:33:09,937][INFO|crawl_manager.py-launch_pending_crawl:434] >> [crawl] 대기 큐 1건 보류: COMMUNITY_REBUILD_REQUIRED
.[2026-09-26 20:33:10,056][INFO|database.py-upgrade_schema:285] >> 테이블 'admin_users' 생성 중...
[2026-09-26 20:33:10,065][INFO|database.py-upgrade_schema:285] >> 테이블 'api_keys' 생성 중...
[2026-09-26 20:33:10,069][INFO|database.py-upgrade_schema:285] >> 테이블 'mysafety' 생성 중...
[2026-09-26 20:33:10,071][INFO|database.py-upgrade_schema:285] >> 테이블 'mysafety_change_cursor' 생성 중...
[2026-09-26 20:33:10,073][INFO|database.py-upgrade_schema:285] >> 테이블 'mysafety_change_log' 생성 중...
[2026-09-26 20:33:10,075][INFO|database.py-upgrade_schema:285] >> 테이블 'mysafety_duplicate_decision' 생성 중...
[2026-09-26 20:33:10,077][INFO|database.py-upgrade_schema:285] >> 테이블 'mysafety_duplicate_group' 생성 중...
[2026-09-26 20:33:10,078][INFO|database.py-upgrade_schema:285] >> 테이블 'mysafety_duplicate_member' 생성 중...
[2026-09-26 20:33:10,082][INFO|database.py-upgrade_schema:285] >> 테이블 'mysafety_entry_value' 생성 중...
[2026-09-26 20:33:10,086][INFO|database.py-upgrade_schema:285] >> 테이블 'mysafety_geocode_cache' 생성 중...
[2026-09-26 20:33:10,092][INFO|database.py-upgrade_schema:285] >> 테이블 'mysafety_raw_content' 생성 중...
[2026-09-26 20:33:10,094][INFO|database.py-upgrade_schema:285] >> 테이블 'mysafety_report_override' 생성 중...
[2026-09-26 20:33:10,095][INFO|database.py-upgrade_schema:285] >> 테이블 'mysafety_sync_meta' 생성 중...
[2026-09-26 20:33:10,101][INFO|database.py-upgrade_schema:285] >> 테이블 'mysafety_watchlist' 생성 중...
[2026-09-26 20:33:10,103][INFO|database.py-upgrade_schema:285] >> 테이블 'mysafetydetail_other' 생성 중...
[2026-09-26 20:33:10,105][INFO|database.py-upgrade_schema:285] >> 테이블 'mysafetydetail_parking' 생성 중...
[2026-09-26 20:33:10,109][INFO|database.py-upgrade_schema:285] >> 테이블 'mysafetydetail_traffic' 생성 중...
[2026-09-26 20:33:10,111][INFO|database.py-upgrade_schema:285] >> 테이블 'mysafetymerge_other' 생성 중...
[2026-09-26 20:33:10,113][INFO|database.py-upgrade_schema:285] >> 테이블 'mysafetymerge_parking' 생성 중...
[2026-09-26 20:33:10,115][INFO|database.py-upgrade_schema:285] >> 테이블 'mysafetymerge_traffic' 생성 중...
[2026-09-26 20:33:10,119][INFO|database.py-_apply_versioned_migrations:452] >> [schema] DB 스키마 버전 1 적용
[2026-09-26 20:33:10,124][INFO|database.py-_apply_versioned_migrations:452] >> [schema] DB 스키마 버전 2 적용
[2026-09-26 20:33:10,129][INFO|database.py-_apply_versioned_migrations:452] >> [schema] DB 스키마 버전 3 적용
[2026-09-26 20:33:10,142][INFO|database.py-_apply_versioned_migrations:452] >> [schema] DB 스키마 버전 4 적용
[2026-09-26 20:33:10,159][INFO|duplicate_group_service.py-_log_info:53] >> [duplicate] payload exact 중복군 0개, 멤버 0건 재생성
[2026-09-26 20:33:10,192][INFO|database.py-backfill_synced_at:100] >> [migration] mysafetydetail_traffic synced_at 백필: 12건, 미해결 0건
[2026-09-26 20:33:10,195][INFO|database.py-backfill_synced_at:100] >> [migration] mysafetydetail_parking synced_at 백필: 6건, 미해결 0건
[2026-09-26 20:33:10,198][INFO|database.py-backfill_synced_at:100] >> [migration] mysafetydetail_other synced_at 백필: 6건, 미해결 0건
[2026-09-26 20:33:10,199][INFO|database.py-backfill_synced_at:105] >> [migration] synced_at 백필 완료: 총 24건 갱신, merge 재생성 시작
[2026-09-26 20:33:10,209][INFO|database.py-merge_final:736] >> 최종 데이터 병합 완료 (Traffic/Parking/Other 분리)
[2026-09-26 20:33:10,232][INFO|duplicate_group_service.py-_log_info:53] >> [duplicate] payload exact 중복군 1개, 멤버 2건 재생성
[2026-09-26 20:33:10,241][INFO|database.py-merge_final:736] >> 최종 데이터 병합 완료 (Traffic/Parking/Other 분리)
[2026-09-26 20:33:10,264][INFO|duplicate_group_service.py-_log_info:53] >> [duplicate] payload exact 중복군 1개, 멤버 2건 재생성
[2026-09-26 20:33:10,477][INFO|database.py-_normalize_processing_layers:188] >> [migration] raw/canonical 상태 정규화 완료: 총 5건 갱신
[2026-09-26 20:33:10,488][INFO|database.py-merge_final:736] >> 최종 데이터 병합 완료 (Traffic/Parking/Other 분리)
[2026-09-26 20:33:10,517][INFO|duplicate_group_service.py-_log_info:53] >> [duplicate] payload exact 중복군 1개, 멤버 2건 재생성
[2026-09-26 20:33:10,537][INFO|database.py-merge_final:736] >> 최종 데이터 병합 완료 (Traffic/Parking/Other 분리)
[2026-09-26 20:33:10,551][INFO|duplicate_group_service.py-_log_info:53] >> [duplicate] payload exact 중복군 0개, 멤버 0건 재생성
[2026-09-26 20:33:10,564][INFO|crawl_manager.py-launch_pending_crawl:457] >> [crawl] 대기 큐 2건 보류: DB 복원이 진행 중입니다. 끝난 뒤 다시 시작하세요.
[2026-09-26 20:33:10,569][INFO|exchange.py-_restore_exclusive:413] >> mobile DB 복원 완료. 백업: /tmp/claude-1000/-home-better0101-projects-safetyreport/aa9d30e6-e7a5-4376-8fce-c9fb26682fbe/scratchpad/tmp.7Fe0hxNHL0/backups/data_before_restore_20260926_203310.db, 신고건수: 1
[2026-09-26 20:33:10,569][INFO|crawl_manager.py-launch_pending_crawl:434] >> [crawl] 대기 큐 2건 보류: COMMUNITY_REBUILD_REQUIRED
.[2026-09-26 20:33:10,576][INFO|database.py-upgrade_schema:285] >> 테이블 'admin_users' 생성 중...
[2026-09-26 20:33:10,579][INFO|database.py-upgrade_schema:285] >> 테이블 'api_keys' 생성 중...
[2026-09-26 20:33:10,580][INFO|database.py-upgrade_schema:285] >> 테이블 'mysafety' 생성 중...
[2026-09-26 20:33:10,581][INFO|database.py-upgrade_schema:285] >> 테이블 'mysafety_change_cursor' 생성 중...
[2026-09-26 20:33:10,583][INFO|database.py-upgrade_schema:285] >> 테이블 'mysafety_change_log' 생성 중...
[2026-09-26 20:33:10,584][INFO|database.py-upgrade_schema:285] >> 테이블 'mysafety_duplicate_decision' 생성 중...
[2026-09-26 20:33:10,586][INFO|database.py-upgrade_schema:285] >> 테이블 'mysafety_duplicate_group' 생성 중...
[2026-09-26 20:33:10,588][INFO|database.py-upgrade_schema:285] >> 테이블 'mysafety_duplicate_member' 생성 중...
[2026-09-26 20:33:10,590][INFO|database.py-upgrade_schema:285] >> 테이블 'mysafety_entry_value' 생성 중...
[2026-09-26 20:33:10,591][INFO|database.py-upgrade_schema:285] >> 테이블 'mysafety_geocode_cache' 생성 중...
[2026-09-26 20:33:10,592][INFO|database.py-upgrade_schema:285] >> 테이블 'mysafety_raw_content' 생성 중...
[2026-09-26 20:33:10,594][INFO|database.py-upgrade_schema:285] >> 테이블 'mysafety_report_override' 생성 중...
[2026-09-26 20:33:10,595][INFO|database.py-upgrade_schema:285] >> 테이블 'mysafety_sync_meta' 생성 중...
[2026-09-26 20:33:10,596][INFO|database.py-upgrade_schema:285] >> 테이블 'mysafety_watchlist' 생성 중...
[2026-09-26 20:33:10,598][INFO|database.py-upgrade_schema:285] >> 테이블 'mysafetydetail_other' 생성 중...
[2026-09-26 20:33:10,600][INFO|database.py-upgrade_schema:285] >> 테이블 'mysafetydetail_parking' 생성 중...
[2026-09-26 20:33:10,601][INFO|database.py-upgrade_schema:285] >> 테이블 'mysafetydetail_traffic' 생성 중...
[2026-09-26 20:33:10,603][INFO|database.py-upgrade_schema:285] >> 테이블 'mysafetymerge_other' 생성 중...
[2026-09-26 20:33:10,605][INFO|database.py-upgrade_schema:285] >> 테이블 'mysafetymerge_parking' 생성 중...
[2026-09-26 20:33:10,606][INFO|database.py-upgrade_schema:285] >> 테이블 'mysafetymerge_traffic' 생성 중...
[2026-09-26 20:33:10,609][INFO|database.py-_apply_versioned_migrations:452] >> [schema] DB 스키마 버전 1 적용
[2026-09-26 20:33:10,613][INFO|database.py-_apply_versioned_migrations:452] >> [schema] DB 스키마 버전 2 적용
[2026-09-26 20:33:10,615][INFO|database.py-_apply_versioned_migrations:452] >> [schema] DB 스키마 버전 3 적용
[2026-09-26 20:33:10,630][INFO|database.py-_apply_versioned_migrations:452] >> [schema] DB 스키마 버전 4 적용
[2026-09-26 20:33:10,645][INFO|duplicate_group_service.py-_log_info:53] >> [duplicate] payload exact 중복군 0개, 멤버 0건 재생성
[2026-09-26 20:33:10,676][INFO|database.py-backfill_synced_at:100] >> [migration] mysafetydetail_traffic synced_at 백필: 12건, 미해결 0건
[2026-09-26 20:33:10,679][INFO|database.py-backfill_synced_at:100] >> [migration] mysafetydetail_parking synced_at 백필: 6건, 미해결 0건
[2026-09-26 20:33:10,682][INFO|database.py-backfill_synced_at:100] >> [migration] mysafetydetail_other synced_at 백필: 6건, 미해결 0건
[2026-09-26 20:33:10,684][INFO|database.py-backfill_synced_at:105] >> [migration] synced_at 백필 완료: 총 24건 갱신, merge 재생성 시작
[2026-09-26 20:33:10,690][INFO|database.py-merge_final:736] >> 최종 데이터 병합 완료 (Traffic/Parking/Other 분리)
/home/better0101/projects/safetyreport/.venv/lib/python3.14/site-packages/pandas/core/internals/managers.py:2410: ResourceWarning: unclosed database in <sqlite3.Connection object at 0x738de7619300>
  block_type(x[1], placement=BlockPlacement(x[0]), ndim=2)
ResourceWarning: Enable tracemalloc to get the object allocation traceback
[2026-09-26 20:33:10,715][INFO|duplicate_group_service.py-_log_info:53] >> [duplicate] payload exact 중복군 1개, 멤버 2건 재생성
[2026-09-26 20:33:10,722][INFO|database.py-merge_final:736] >> 최종 데이터 병합 완료 (Traffic/Parking/Other 분리)
[2026-09-26 20:33:10,745][INFO|duplicate_group_service.py-_log_info:53] >> [duplicate] payload exact 중복군 1개, 멤버 2건 재생성
[2026-09-26 20:33:10,885][WARNING|crawl_queue_report.py-record_unresolved:85] >> [crawl] 처리하지 못한 번호 기록을 저장하지 못함
.[2026-09-26 20:33:10,898][INFO|database.py-upgrade_schema:285] >> 테이블 'admin_users' 생성 중...
[2026-09-26 20:33:10,904][INFO|database.py-upgrade_schema:285] >> 테이블 'api_keys' 생성 중...
[2026-09-26 20:33:10,906][INFO|database.py-upgrade_schema:285] >> 테이블 'mysafety' 생성 중...
[2026-09-26 20:33:10,908][INFO|database.py-upgrade_schema:285] >> 테이블 'mysafety_change_cursor' 생성 중...
[2026-09-26 20:33:10,910][INFO|database.py-upgrade_schema:285] >> 테이블 'mysafety_change_log' 생성 중...
[2026-09-26 20:33:10,912][INFO|database.py-upgrade_schema:285] >> 테이블 'mysafety_duplicate_decision' 생성 중...
[2026-09-26 20:33:10,916][INFO|database.py-upgrade_schema:285] >> 테이블 'mysafety_duplicate_group' 생성 중...
[2026-09-26 20:33:10,918][INFO|database.py-upgrade_schema:285] >> 테이블 'mysafety_duplicate_member' 생성 중...
[2026-09-26 20:33:10,920][INFO|database.py-upgrade_schema:285] >> 테이블 'mysafety_entry_value' 생성 중...
[2026-09-26 20:33:10,922][INFO|database.py-upgrade_schema:285] >> 테이블 'mysafety_geocode_cache' 생성 중...
[2026-09-26 20:33:10,927][INFO|database.py-upgrade_schema:285] >> 테이블 'mysafety_raw_content' 생성 중...
[2026-09-26 20:33:10,932][INFO|database.py-upgrade_schema:285] >> 테이블 'mysafety_report_override' 생성 중...
[2026-09-26 20:33:10,933][INFO|database.py-upgrade_schema:285] >> 테이블 'mysafety_sync_meta' 생성 중...
[2026-09-26 20:33:10,935][INFO|database.py-upgrade_schema:285] >> 테이블 'mysafety_watchlist' 생성 중...
[2026-09-26 20:33:10,936][INFO|database.py-upgrade_schema:285] >> 테이블 'mysafetydetail_other' 생성 중...
[2026-09-26 20:33:10,937][INFO|database.py-upgrade_schema:285] >> 테이블 'mysafetydetail_parking' 생성 중...
[2026-09-26 20:33:10,939][INFO|database.py-upgrade_schema:285] >> 테이블 'mysafetydetail_traffic' 생성 중...
[2026-09-26 20:33:10,941][INFO|database.py-upgrade_schema:285] >> 테이블 'mysafetymerge_other' 생성 중...
[2026-09-26 20:33:10,946][INFO|database.py-upgrade_schema:285] >> 테이블 'mysafetymerge_parking' 생성 중...
[2026-09-26 20:33:10,951][INFO|database.py-upgrade_schema:285] >> 테이블 'mysafetymerge_traffic' 생성 중...
[2026-09-26 20:33:10,955][INFO|database.py-_apply_versioned_migrations:452] >> [schema] DB 스키마 버전 1 적용
[2026-09-26 20:33:10,969][INFO|database.py-_apply_versioned_migrations:452] >> [schema] DB 스키마 버전 2 적용
[2026-09-26 20:33:10,973][INFO|database.py-_apply_versioned_migrations:452] >> [schema] DB 스키마 버전 3 적용
[2026-09-26 20:33:10,995][INFO|database.py-_apply_versioned_migrations:452] >> [schema] DB 스키마 버전 4 적용
[2026-09-26 20:33:11,010][INFO|duplicate_group_service.py-_log_info:53] >> [duplicate] payload exact 중복군 0개, 멤버 0건 재생성
[2026-09-26 20:33:11,045][INFO|database.py-backfill_synced_at:100] >> [migration] mysafetydetail_traffic synced_at 백필: 12건, 미해결 0건
[2026-09-26 20:33:11,049][INFO|database.py-backfill_synced_at:100] >> [migration] mysafetydetail_parking synced_at 백필: 6건, 미해결 0건
[2026-09-26 20:33:11,053][INFO|database.py-backfill_synced_at:100] >> [migration] mysafetydetail_other synced_at 백필: 6건, 미해결 0건
[2026-09-26 20:33:11,055][INFO|database.py-backfill_synced_at:105] >> [migration] synced_at 백필 완료: 총 24건 갱신, merge 재생성 시작
[2026-09-26 20:33:11,061][INFO|database.py-merge_final:736] >> 최종 데이터 병합 완료 (Traffic/Parking/Other 분리)
[2026-09-26 20:33:11,091][INFO|duplicate_group_service.py-_log_info:53] >> [duplicate] payload exact 중복군 1개, 멤버 2건 재생성
[2026-09-26 20:33:11,100][INFO|database.py-merge_final:736] >> 최종 데이터 병합 완료 (Traffic/Parking/Other 분리)
[2026-09-26 20:33:11,129][INFO|duplicate_group_service.py-_log_info:53] >> [duplicate] payload exact 중복군 1개, 멤버 2건 재생성
[2026-09-26 20:33:11,367][INFO|database.py-_normalize_processing_layers:188] >> [migration] raw/canonical 상태 정규화 완료: 총 5건 갱신
[2026-09-26 20:33:11,384][INFO|database.py-merge_final:736] >> 최종 데이터 병합 완료 (Traffic/Parking/Other 분리)
/home/better0101/projects/safetyreport/.venv/lib/python3.14/site-packages/pandas/core/internals/concat.py:302: ResourceWarning: unclosed file <_io.TextIOWrapper name='/tmp/claude-1000/-home-better0101-projects-safetyreport/aa9d30e6-e7a5-4376-8fce-c9fb26682fbe/scratchpad/tmp.7Fe0hxNHL0/logs/t.log' mode='a' encoding='utf-8'>
  def __init__(self, block: Block) -> None:
ResourceWarning: Enable tracemalloc to get the object allocation traceback
[2026-09-26 20:33:11,427][INFO|duplicate_group_service.py-_log_info:53] >> [duplicate] payload exact 중복군 1개, 멤버 2건 재생성
[2026-09-26 20:33:11,454][INFO|database.py-merge_final:736] >> 최종 데이터 병합 완료 (Traffic/Parking/Other 분리)
[2026-09-26 20:33:11,473][INFO|duplicate_group_service.py-_log_info:53] >> [duplicate] payload exact 중복군 1개, 멤버 2건 재생성
[2026-09-26 20:33:11,496][INFO|exchange.py-_restore_exclusive:413] >> mobile DB 복원 완료. 백업: /tmp/claude-1000/-home-better0101-projects-safetyreport/aa9d30e6-e7a5-4376-8fce-c9fb26682fbe/scratchpad/tmp.7Fe0hxNHL0/backups/data_before_restore_20260926_203311.db, 신고건수: 2
.[2026-09-26 20:33:11,509][INFO|database.py-upgrade_schema:285] >> 테이블 'admin_users' 생성 중...
[2026-09-26 20:33:11,512][INFO|database.py-upgrade_schema:285] >> 테이블 'api_keys' 생성 중...
[2026-09-26 20:33:11,514][INFO|database.py-upgrade_schema:285] >> 테이블 'mysafety' 생성 중...
[2026-09-26 20:33:11,516][INFO|database.py-upgrade_schema:285] >> 테이블 'mysafety_change_cursor' 생성 중...
[2026-09-26 20:33:11,517][INFO|database.py-upgrade_schema:285] >> 테이블 'mysafety_change_log' 생성 중...
[2026-09-26 20:33:11,519][INFO|database.py-upgrade_schema:285] >> 테이블 'mysafety_duplicate_decision' 생성 중...
[2026-09-26 20:33:11,520][INFO|database.py-upgrade_schema:285] >> 테이블 'mysafety_duplicate_group' 생성 중...
[2026-09-26 20:33:11,522][INFO|database.py-upgrade_schema:285] >> 테이블 'mysafety_duplicate_member' 생성 중...
[2026-09-26 20:33:11,524][INFO|database.py-upgrade_schema:285] >> 테이블 'mysafety_entry_value' 생성 중...
[2026-09-26 20:33:11,525][INFO|database.py-upgrade_schema:285] >> 테이블 'mysafety_geocode_cache' 생성 중...
[2026-09-26 20:33:11,527][INFO|database.py-upgrade_schema:285] >> 테이블 'mysafety_raw_content' 생성 중...
[2026-09-26 20:33:11,528][INFO|database.py-upgrade_schema:285] >> 테이블 'mysafety_report_override' 생성 중...
[2026-09-26 20:33:11,530][INFO|database.py-upgrade_schema:285] >> 테이블 'mysafety_sync_meta' 생성 중...
[2026-09-26 20:33:11,532][INFO|database.py-upgrade_schema:285] >> 테이블 'mysafety_watchlist' 생성 중...
[2026-09-26 20:33:11,533][INFO|database.py-upgrade_schema:285] >> 테이블 'mysafetydetail_other' 생성 중...
[2026-09-26 20:33:11,539][INFO|database.py-upgrade_schema:285] >> 테이블 'mysafetydetail_parking' 생성 중...
[2026-09-26 20:33:11,544][INFO|database.py-upgrade_schema:285] >> 테이블 'mysafetydetail_traffic' 생성 중...
[2026-09-26 20:33:11,547][INFO|database.py-upgrade_schema:285] >> 테이블 'mysafetymerge_other' 생성 중...
[2026-09-26 20:33:11,551][INFO|database.py-upgrade_schema:285] >> 테이블 'mysafetymerge_parking' 생성 중...
[2026-09-26 20:33:11,554][INFO|database.py-upgrade_schema:285] >> 테이블 'mysafetymerge_traffic' 생성 중...
[2026-09-26 20:33:11,557][INFO|database.py-_apply_versioned_migrations:452] >> [schema] DB 스키마 버전 1 적용
[2026-09-26 20:33:11,565][INFO|database.py-_apply_versioned_migrations:452] >> [schema] DB 스키마 버전 2 적용
[2026-09-26 20:33:11,567][INFO|database.py-_apply_versioned_migrations:452] >> [schema] DB 스키마 버전 3 적용
[2026-09-26 20:33:11,583][INFO|database.py-_apply_versioned_migrations:452] >> [schema] DB 스키마 버전 4 적용
[2026-09-26 20:33:11,599][INFO|duplicate_group_service.py-_log_info:53] >> [duplicate] payload exact 중복군 0개, 멤버 0건 재생성
[2026-09-26 20:33:11,638][INFO|database.py-backfill_synced_at:100] >> [migration] mysafetydetail_traffic synced_at 백필: 12건, 미해결 0건
[2026-09-26 20:33:11,642][INFO|database.py-backfill_synced_at:100] >> [migration] mysafetydetail_parking synced_at 백필: 6건, 미해결 0건
[2026-09-26 20:33:11,646][INFO|database.py-backfill_synced_at:100] >> [migration] mysafetydetail_other synced_at 백필: 6건, 미해결 0건
[2026-09-26 20:33:11,648][INFO|database.py-backfill_synced_at:105] >> [migration] synced_at 백필 완료: 총 24건 갱신, merge 재생성 시작
[2026-09-26 20:33:11,655][INFO|database.py-merge_final:736] >> 최종 데이터 병합 완료 (Traffic/Parking/Other 분리)
[2026-09-26 20:33:11,680][INFO|duplicate_group_service.py-_log_info:53] >> [duplicate] payload exact 중복군 1개, 멤버 2건 재생성
[2026-09-26 20:33:11,688][INFO|database.py-merge_final:736] >> 최종 데이터 병합 완료 (Traffic/Parking/Other 분리)
[2026-09-26 20:33:11,715][INFO|duplicate_group_service.py-_log_info:53] >> [duplicate] payload exact 중복군 1개, 멤버 2건 재생성
[2026-09-26 20:33:11,916][INFO|database.py-_normalize_processing_layers:188] >> [migration] raw/canonical 상태 정규화 완료: 총 5건 갱신
[2026-09-26 20:33:11,931][INFO|database.py-merge_final:736] >> 최종 데이터 병합 완료 (Traffic/Parking/Other 분리)
[2026-09-26 20:33:11,969][INFO|duplicate_group_service.py-_log_info:53] >> [duplicate] payload exact 중복군 1개, 멤버 2건 재생성
[2026-09-26 20:33:11,995][INFO|database.py-merge_final:736] >> 최종 데이터 병합 완료 (Traffic/Parking/Other 분리)
[2026-09-26 20:33:12,012][INFO|duplicate_group_service.py-_log_info:53] >> [duplicate] payload exact 중복군 0개, 멤버 0건 재생성
[2026-09-26 20:33:12,039][INFO|exchange.py-_restore_exclusive:413] >> mobile DB 복원 완료. 백업: /tmp/claude-1000/-home-better0101-projects-safetyreport/aa9d30e6-e7a5-4376-8fce-c9fb26682fbe/scratchpad/tmp.7Fe0hxNHL0/backups/data_before_restore_20260926_203312.db, 신고건수: 1
[2026-09-26 20:33:12,063][INFO|database.py-migrate_by_entry_value:254] >> [migrate] ID=m1 traffic → other (entry_value: 이전 값)
[2026-09-26 20:33:12,071][INFO|database.py-migrate_by_entry_value:261] >> [migrate] entry_value 기반 1건 재분류 완료. merge_final 재실행.
[2026-09-26 20:33:12,087][INFO|database.py-merge_final:736] >> 최종 데이터 병합 완료 (Traffic/Parking/Other 분리)
[2026-09-26 20:33:12,112][INFO|duplicate_group_service.py-_log_info:53] >> [duplicate] payload exact 중복군 0개, 멤버 0건 재생성
[2026-09-26 20:33:12,123][INFO|database.py-backfill_synced_at:100] >> [migration] mysafetydetail_other synced_at 백필: 1건, 미해결 0건
[2026-09-26 20:33:12,126][INFO|database.py-backfill_synced_at:105] >> [migration] synced_at 백필 완료: 총 1건 갱신, merge 재생성 시작
[2026-09-26 20:33:12,139][INFO|database.py-merge_final:736] >> 최종 데이터 병합 완료 (Traffic/Parking/Other 분리)
[2026-09-26 20:33:12,160][INFO|duplicate_group_service.py-_log_info:53] >> [duplicate] payload exact 중복군 0개, 멤버 0건 재생성
[2026-09-26 20:33:12,196][INFO|duplicate_group_service.py-_log_info:53] >> [duplicate] payload exact 중복군 0개, 멤버 0건 재생성
[2026-09-26 20:33:12,217][INFO|database.py-merge_final:736] >> 최종 데이터 병합 완료 (Traffic/Parking/Other 분리)
[2026-09-26 20:33:12,231][INFO|duplicate_group_service.py-_log_info:53] >> [duplicate] payload exact 중복군 0개, 멤버 0건 재생성
[2026-09-26 20:33:12,250][INFO|exchange.py-_restore_exclusive:413] >> mobile DB 복원 완료. 백업: /tmp/claude-1000/-home-better0101-projects-safetyreport/aa9d30e6-e7a5-4376-8fce-c9fb26682fbe/scratchpad/tmp.7Fe0hxNHL0/backups/data_before_restore_20260926_203312.db, 신고건수: 1
[2026-09-26 20:33:12,280][INFO|database.py-migrate_by_entry_value:254] >> [migrate] ID=m1 traffic → other (entry_value: 이전 값)
[2026-09-26 20:33:12,284][INFO|database.py-migrate_by_entry_value:261] >> [migrate] entry_value 기반 1건 재분류 완료. merge_final 재실행.
[2026-09-26 20:33:12,302][INFO|database.py-merge_final:736] >> 최종 데이터 병합 완료 (Traffic/Parking/Other 분리)
[2026-09-26 20:33:12,329][INFO|duplicate_group_service.py-_log_info:53] >> [duplicate] payload exact 중복군 0개, 멤버 0건 재생성
[2026-09-26 20:33:12,334][INFO|database.py-backfill_synced_at:100] >> [migration] mysafetydetail_other synced_at 백필: 1건, 미해결 0건
[2026-09-26 20:33:12,336][INFO|database.py-backfill_synced_at:105] >> [migration] synced_at 백필 완료: 총 1건 갱신, merge 재생성 시작
[2026-09-26 20:33:12,344][INFO|database.py-merge_final:736] >> 최종 데이터 병합 완료 (Traffic/Parking/Other 분리)
[2026-09-26 20:33:12,370][INFO|duplicate_group_service.py-_log_info:53] >> [duplicate] payload exact 중복군 0개, 멤버 0건 재생성
[2026-09-26 20:33:12,408][INFO|duplicate_group_service.py-_log_info:53] >> [duplicate] payload exact 중복군 0개, 멤버 0건 재생성
[2026-09-26 20:33:12,429][INFO|database.py-merge_final:736] >> 최종 데이터 병합 완료 (Traffic/Parking/Other 분리)
[2026-09-26 20:33:12,442][INFO|duplicate_group_service.py-_log_info:53] >> [duplicate] payload exact 중복군 0개, 멤버 0건 재생성
[2026-09-26 20:33:12,463][INFO|exchange.py-_restore_exclusive:413] >> mobile DB 복원 완료. 백업: /tmp/claude-1000/-home-better0101-projects-safetyreport/aa9d30e6-e7a5-4376-8fce-c9fb26682fbe/scratchpad/tmp.7Fe0hxNHL0/backups/data_before_restore_20260926_203312.db, 신고건수: 1
.[2026-09-26 20:33:12,475][INFO|database.py-upgrade_schema:285] >> 테이블 'admin_users' 생성 중...
[2026-09-26 20:33:12,484][INFO|database.py-upgrade_schema:285] >> 테이블 'api_keys' 생성 중...
[2026-09-26 20:33:12,488][INFO|database.py-upgrade_schema:285] >> 테이블 'mysafety' 생성 중...
[2026-09-26 20:33:12,491][INFO|database.py-upgrade_schema:285] >> 테이블 'mysafety_change_cursor' 생성 중...
[2026-09-26 20:33:12,494][INFO|database.py-upgrade_schema:285] >> 테이블 'mysafety_change_log' 생성 중...
[2026-09-26 20:33:12,496][INFO|database.py-upgrade_schema:285] >> 테이블 'mysafety_duplicate_decision' 생성 중...
[2026-09-26 20:33:12,497][INFO|database.py-upgrade_schema:285] >> 테이블 'mysafety_duplicate_group' 생성 중...
[2026-09-26 20:33:12,499][INFO|database.py-upgrade_schema:285] >> 테이블 'mysafety_duplicate_member' 생성 중...
[2026-09-26 20:33:12,501][INFO|database.py-upgrade_schema:285] >> 테이블 'mysafety_entry_value' 생성 중...
[2026-09-26 20:33:12,506][INFO|database.py-upgrade_schema:285] >> 테이블 'mysafety_geocode_cache' 생성 중...
[2026-09-26 20:33:12,508][INFO|database.py-upgrade_schema:285] >> 테이블 'mysafety_raw_content' 생성 중...
[2026-09-26 20:33:12,510][INFO|database.py-upgrade_schema:285] >> 테이블 'mysafety_report_override' 생성 중...
[2026-09-26 20:33:12,512][INFO|database.py-upgrade_schema:285] >> 테이블 'mysafety_sync_meta' 생성 중...
[2026-09-26 20:33:12,518][INFO|database.py-upgrade_schema:285] >> 테이블 'mysafety_watchlist' 생성 중...
[2026-09-26 20:33:12,524][INFO|database.py-upgrade_schema:285] >> 테이블 'mysafetydetail_other' 생성 중...
[2026-09-26 20:33:12,527][INFO|database.py-upgrade_schema:285] >> 테이블 'mysafetydetail_parking' 생성 중...
[2026-09-26 20:33:12,529][INFO|database.py-upgrade_schema:285] >> 테이블 'mysafetydetail_traffic' 생성 중...
[2026-09-26 20:33:12,531][INFO|database.py-upgrade_schema:285] >> 테이블 'mysafetymerge_other' 생성 중...
[2026-09-26 20:33:12,533][INFO|database.py-upgrade_schema:285] >> 테이블 'mysafetymerge_parking' 생성 중...
[2026-09-26 20:33:12,536][INFO|database.py-upgrade_schema:285] >> 테이블 'mysafetymerge_traffic' 생성 중...
[2026-09-26 20:33:12,540][INFO|database.py-_apply_versioned_migrations:452] >> [schema] DB 스키마 버전 1 적용
[2026-09-26 20:33:12,545][INFO|database.py-_apply_versioned_migrations:452] >> [schema] DB 스키마 버전 2 적용
[2026-09-26 20:33:12,548][INFO|database.py-_apply_versioned_migrations:452] >> [schema] DB 스키마 버전 3 적용
[2026-09-26 20:33:12,563][INFO|database.py-_apply_versioned_migrations:452] >> [schema] DB 스키마 버전 4 적용
[2026-09-26 20:33:12,580][INFO|duplicate_group_service.py-_log_info:53] >> [duplicate] payload exact 중복군 0개, 멤버 0건 재생성
[2026-09-26 20:33:12,614][INFO|database.py-backfill_synced_at:100] >> [migration] mysafetydetail_traffic synced_at 백필: 12건, 미해결 0건
[2026-09-26 20:33:12,617][INFO|database.py-backfill_synced_at:100] >> [migration] mysafetydetail_parking synced_at 백필: 6건, 미해결 0건
[2026-09-26 20:33:12,621][INFO|database.py-backfill_synced_at:100] >> [migration] mysafetydetail_other synced_at 백필: 6건, 미해결 0건
[2026-09-26 20:33:12,624][INFO|database.py-backfill_synced_at:105] >> [migration] synced_at 백필 완료: 총 24건 갱신, merge 재생성 시작
[2026-09-26 20:33:12,632][INFO|database.py-merge_final:736] >> 최종 데이터 병합 완료 (Traffic/Parking/Other 분리)
[2026-09-26 20:33:12,657][INFO|duplicate_group_service.py-_log_info:53] >> [duplicate] payload exact 중복군 1개, 멤버 2건 재생성
[2026-09-26 20:33:12,711][INFO|database.py-merge_final:736] >> 최종 데이터 병합 완료 (Traffic/Parking/Other 분리)
[2026-09-26 20:33:12,737][INFO|duplicate_group_service.py-_log_info:53] >> [duplicate] payload exact 중복군 1개, 멤버 2건 재생성
.[2026-09-26 20:33:13,007][INFO|database.py-upgrade_schema:285] >> 테이블 'admin_users' 생성 중...
[2026-09-26 20:33:13,011][INFO|database.py-upgrade_schema:285] >> 테이블 'api_keys' 생성 중...
[2026-09-26 20:33:13,013][INFO|database.py-upgrade_schema:285] >> 테이블 'mysafety' 생성 중...
[2026-09-26 20:33:13,015][INFO|database.py-upgrade_schema:285] >> 테이블 'mysafety_change_cursor' 생성 중...
[2026-09-26 20:33:13,016][INFO|database.py-upgrade_schema:285] >> 테이블 'mysafety_change_log' 생성 중...
[2026-09-26 20:33:13,018][INFO|database.py-upgrade_schema:285] >> 테이블 'mysafety_duplicate_decision' 생성 중...
[2026-09-26 20:33:13,020][INFO|database.py-upgrade_schema:285] >> 테이블 'mysafety_duplicate_group' 생성 중...
[2026-09-26 20:33:13,025][INFO|database.py-upgrade_schema:285] >> 테이블 'mysafety_duplicate_member' 생성 중...
[2026-09-26 20:33:13,027][INFO|database.py-upgrade_schema:285] >> 테이블 'mysafety_entry_value' 생성 중...
[2026-09-26 20:33:13,031][INFO|database.py-upgrade_schema:285] >> 테이블 'mysafety_geocode_cache' 생성 중...
[2026-09-26 20:33:13,034][INFO|database.py-upgrade_schema:285] >> 테이블 'mysafety_raw_content' 생성 중...
[2026-09-26 20:33:13,036][INFO|database.py-upgrade_schema:285] >> 테이블 'mysafety_report_override' 생성 중...
[2026-09-26 20:33:13,038][INFO|database.py-upgrade_schema:285] >> 테이블 'mysafety_sync_meta' 생성 중...
[2026-09-26 20:33:13,039][INFO|database.py-upgrade_schema:285] >> 테이블 'mysafety_watchlist' 생성 중...
[2026-09-26 20:33:13,041][INFO|database.py-upgrade_schema:285] >> 테이블 'mysafetydetail_other' 생성 중...
[2026-09-26 20:33:13,043][INFO|database.py-upgrade_schema:285] >> 테이블 'mysafetydetail_parking' 생성 중...
[2026-09-26 20:33:13,046][INFO|database.py-upgrade_schema:285] >> 테이블 'mysafetydetail_traffic' 생성 중...
[2026-09-26 20:33:13,049][INFO|database.py-upgrade_schema:285] >> 테이블 'mysafetymerge_other' 생성 중...
[2026-09-26 20:33:13,051][INFO|database.py-upgrade_schema:285] >> 테이블 'mysafetymerge_parking' 생성 중...
[2026-09-26 20:33:13,054][INFO|database.py-upgrade_schema:285] >> 테이블 'mysafetymerge_traffic' 생성 중...
[2026-09-26 20:33:13,058][INFO|database.py-_apply_versioned_migrations:452] >> [schema] DB 스키마 버전 1 적용
[2026-09-26 20:33:13,064][INFO|database.py-_apply_versioned_migrations:452] >> [schema] DB 스키마 버전 2 적용
[2026-09-26 20:33:13,066][INFO|database.py-_apply_versioned_migrations:452] >> [schema] DB 스키마 버전 3 적용
[2026-09-26 20:33:13,079][INFO|database.py-_apply_versioned_migrations:452] >> [schema] DB 스키마 버전 4 적용
[2026-09-26 20:33:13,101][INFO|duplicate_group_service.py-_log_info:53] >> [duplicate] payload exact 중복군 0개, 멤버 0건 재생성
[2026-09-26 20:33:13,140][INFO|database.py-backfill_synced_at:100] >> [migration] mysafetydetail_traffic synced_at 백필: 12건, 미해결 0건
[2026-09-26 20:33:13,143][INFO|database.py-backfill_synced_at:100] >> [migration] mysafetydetail_parking synced_at 백필: 6건, 미해결 0건
[2026-09-26 20:33:13,146][INFO|database.py-backfill_synced_at:100] >> [migration] mysafetydetail_other synced_at 백필: 6건, 미해결 0건
[2026-09-26 20:33:13,148][INFO|database.py-backfill_synced_at:105] >> [migration] synced_at 백필 완료: 총 24건 갱신, merge 재생성 시작
[2026-09-26 20:33:13,158][INFO|database.py-merge_final:736] >> 최종 데이터 병합 완료 (Traffic/Parking/Other 분리)
/home/better0101/projects/safetyreport/.venv/lib/python3.14/site-packages/pandas/core/internals/managers.py:2410: ResourceWarning: unclosed file <_io.FileIO name='/tmp/claude-1000/-home-better0101-projects-safetyreport/aa9d30e6-e7a5-4376-8fce-c9fb26682fbe/scratchpad/tmp.7Fe0hxNHL0/logs/current_crawl.log' mode='ab' closefd=True>
  block_type(x[1], placement=BlockPlacement(x[0]), ndim=2)
ResourceWarning: Enable tracemalloc to get the object allocation traceback
[2026-09-26 20:33:13,184][INFO|duplicate_group_service.py-_log_info:53] >> [duplicate] payload exact 중복군 1개, 멤버 2건 재생성
[2026-09-26 20:33:13,198][INFO|database.py-merge_final:736] >> 최종 데이터 병합 완료 (Traffic/Parking/Other 분리)
[2026-09-26 20:33:13,226][INFO|duplicate_group_service.py-_log_info:53] >> [duplicate] payload exact 중복군 1개, 멤버 2건 재생성
.[2026-09-26 20:33:13,377][INFO|database.py-upgrade_schema:285] >> 테이블 'admin_users' 생성 중...
[2026-09-26 20:33:13,380][INFO|database.py-upgrade_schema:285] >> 테이블 'api_keys' 생성 중...
[2026-09-26 20:33:13,381][INFO|database.py-upgrade_schema:285] >> 테이블 'mysafety' 생성 중...
[2026-09-26 20:33:13,384][INFO|database.py-upgrade_schema:285] >> 테이블 'mysafety_change_cursor' 생성 중...
[2026-09-26 20:33:13,386][INFO|database.py-upgrade_schema:285] >> 테이블 'mysafety_change_log' 생성 중...
[2026-09-26 20:33:13,391][INFO|database.py-upgrade_schema:285] >> 테이블 'mysafety_duplicate_decision' 생성 중...
[2026-09-26 20:33:13,393][INFO|database.py-upgrade_schema:285] >> 테이블 'mysafety_duplicate_group' 생성 중...
[2026-09-26 20:33:13,401][INFO|database.py-upgrade_schema:285] >> 테이블 'mysafety_duplicate_member' 생성 중...
[2026-09-26 20:33:13,404][INFO|database.py-upgrade_schema:285] >> 테이블 'mysafety_entry_value' 생성 중...
[2026-09-26 20:33:13,407][INFO|database.py-upgrade_schema:285] >> 테이블 'mysafety_geocode_cache' 생성 중...
[2026-09-26 20:33:13,409][INFO|database.py-upgrade_schema:285] >> 테이블 'mysafety_raw_content' 생성 중...
[2026-09-26 20:33:13,411][INFO|database.py-upgrade_schema:285] >> 테이블 'mysafety_report_override' 생성 중...
[2026-09-26 20:33:13,413][INFO|database.py-upgrade_schema:285] >> 테이블 'mysafety_sync_meta' 생성 중...
[2026-09-26 20:33:13,415][INFO|database.py-upgrade_schema:285] >> 테이블 'mysafety_watchlist' 생성 중...
[2026-09-26 20:33:13,416][INFO|database.py-upgrade_schema:285] >> 테이블 'mysafetydetail_other' 생성 중...
[2026-09-26 20:33:13,419][INFO|database.py-upgrade_schema:285] >> 테이블 'mysafetydetail_parking' 생성 중...
[2026-09-26 20:33:13,420][INFO|database.py-upgrade_schema:285] >> 테이블 'mysafetydetail_traffic' 생성 중...
[2026-09-26 20:33:13,422][INFO|database.py-upgrade_schema:285] >> 테이블 'mysafetymerge_other' 생성 중...
[2026-09-26 20:33:13,425][INFO|database.py-upgrade_schema:285] >> 테이블 'mysafetymerge_parking' 생성 중...
[2026-09-26 20:33:13,428][INFO|database.py-upgrade_schema:285] >> 테이블 'mysafetymerge_traffic' 생성 중...
[2026-09-26 20:33:13,436][INFO|database.py-_apply_versioned_migrations:452] >> [schema] DB 스키마 버전 1 적용
[2026-09-26 20:33:13,442][INFO|database.py-_apply_versioned_migrations:452] >> [schema] DB 스키마 버전 2 적용
[2026-09-26 20:33:13,445][INFO|database.py-_apply_versioned_migrations:452] >> [schema] DB 스키마 버전 3 적용
[2026-09-26 20:33:13,460][INFO|database.py-_apply_versioned_migrations:452] >> [schema] DB 스키마 버전 4 적용
[2026-09-26 20:33:13,477][INFO|duplicate_group_service.py-_log_info:53] >> [duplicate] payload exact 중복군 0개, 멤버 0건 재생성
[2026-09-26 20:33:13,511][INFO|database.py-backfill_synced_at:100] >> [migration] mysafetydetail_traffic synced_at 백필: 12건, 미해결 0건
[2026-09-26 20:33:13,514][INFO|database.py-backfill_synced_at:100] >> [migration] mysafetydetail_parking synced_at 백필: 6건, 미해결 0건
[2026-09-26 20:33:13,517][INFO|database.py-backfill_synced_at:100] >> [migration] mysafetydetail_other synced_at 백필: 6건, 미해결 0건
[2026-09-26 20:33:13,519][INFO|database.py-backfill_synced_at:105] >> [migration] synced_at 백필 완료: 총 24건 갱신, merge 재생성 시작
[2026-09-26 20:33:13,526][INFO|database.py-merge_final:736] >> 최종 데이터 병합 완료 (Traffic/Parking/Other 분리)
[2026-09-26 20:33:13,551][INFO|duplicate_group_service.py-_log_info:53] >> [duplicate] payload exact 중복군 1개, 멤버 2건 재생성
[2026-09-26 20:33:13,567][INFO|database.py-merge_final:736] >> 최종 데이터 병합 완료 (Traffic/Parking/Other 분리)
[2026-09-26 20:33:13,592][INFO|duplicate_group_service.py-_log_info:53] >> [duplicate] payload exact 중복군 1개, 멤버 2건 재생성
.[2026-09-26 20:33:13,761][INFO|database.py-upgrade_schema:285] >> 테이블 'admin_users' 생성 중...
[2026-09-26 20:33:13,767][INFO|database.py-upgrade_schema:285] >> 테이블 'api_keys' 생성 중...
[2026-09-26 20:33:13,769][INFO|database.py-upgrade_schema:285] >> 테이블 'mysafety' 생성 중...
[2026-09-26 20:33:13,771][INFO|database.py-upgrade_schema:285] >> 테이블 'mysafety_change_cursor' 생성 중...
[2026-09-26 20:33:13,778][INFO|database.py-upgrade_schema:285] >> 테이블 'mysafety_change_log' 생성 중...
[2026-09-26 20:33:13,780][INFO|database.py-upgrade_schema:285] >> 테이블 'mysafety_duplicate_decision' 생성 중...
[2026-09-26 20:33:13,782][INFO|database.py-upgrade_schema:285] >> 테이블 'mysafety_duplicate_group' 생성 중...
[2026-09-26 20:33:13,784][INFO|database.py-upgrade_schema:285] >> 테이블 'mysafety_duplicate_member' 생성 중...
[2026-09-26 20:33:13,785][INFO|database.py-upgrade_schema:285] >> 테이블 'mysafety_entry_value' 생성 중...
[2026-09-26 20:33:13,786][INFO|database.py-upgrade_schema:285] >> 테이블 'mysafety_geocode_cache' 생성 중...
[2026-09-26 20:33:13,788][INFO|database.py-upgrade_schema:285] >> 테이블 'mysafety_raw_content' 생성 중...
[2026-09-26 20:33:13,790][INFO|database.py-upgrade_schema:285] >> 테이블 'mysafety_report_override' 생성 중...
[2026-09-26 20:33:13,791][INFO|database.py-upgrade_schema:285] >> 테이블 'mysafety_sync_meta' 생성 중...
[2026-09-26 20:33:13,793][INFO|database.py-upgrade_schema:285] >> 테이블 'mysafety_watchlist' 생성 중...
[2026-09-26 20:33:13,794][INFO|database.py-upgrade_schema:285] >> 테이블 'mysafetydetail_other' 생성 중...
[2026-09-26 20:33:13,796][INFO|database.py-upgrade_schema:285] >> 테이블 'mysafetydetail_parking' 생성 중...
[2026-09-26 20:33:13,798][INFO|database.py-upgrade_schema:285] >> 테이블 'mysafetydetail_traffic' 생성 중...
[2026-09-26 20:33:13,799][INFO|database.py-upgrade_schema:285] >> 테이블 'mysafetymerge_other' 생성 중...
[2026-09-26 20:33:13,801][INFO|database.py-upgrade_schema:285] >> 테이블 'mysafetymerge_parking' 생성 중...
[2026-09-26 20:33:13,803][INFO|database.py-upgrade_schema:285] >> 테이블 'mysafetymerge_traffic' 생성 중...
[2026-09-26 20:33:13,810][INFO|database.py-_apply_versioned_migrations:452] >> [schema] DB 스키마 버전 1 적용
[2026-09-26 20:33:13,817][INFO|database.py-_apply_versioned_migrations:452] >> [schema] DB 스키마 버전 2 적용
[2026-09-26 20:33:13,818][INFO|database.py-_apply_versioned_migrations:452] >> [schema] DB 스키마 버전 3 적용
[2026-09-26 20:33:13,833][INFO|database.py-_apply_versioned_migrations:452] >> [schema] DB 스키마 버전 4 적용
[2026-09-26 20:33:13,849][INFO|duplicate_group_service.py-_log_info:53] >> [duplicate] payload exact 중복군 0개, 멤버 0건 재생성
[2026-09-26 20:33:13,891][INFO|database.py-backfill_synced_at:100] >> [migration] mysafetydetail_traffic synced_at 백필: 12건, 미해결 0건
[2026-09-26 20:33:13,894][INFO|database.py-backfill_synced_at:100] >> [migration] mysafetydetail_parking synced_at 백필: 6건, 미해결 0건
[2026-09-26 20:33:13,897][INFO|database.py-backfill_synced_at:100] >> [migration] mysafetydetail_other synced_at 백필: 6건, 미해결 0건
[2026-09-26 20:33:13,902][INFO|database.py-backfill_synced_at:105] >> [migration] synced_at 백필 완료: 총 24건 갱신, merge 재생성 시작
[2026-09-26 20:33:13,915][INFO|database.py-merge_final:736] >> 최종 데이터 병합 완료 (Traffic/Parking/Other 분리)
[2026-09-26 20:33:13,942][INFO|duplicate_group_service.py-_log_info:53] >> [duplicate] payload exact 중복군 1개, 멤버 2건 재생성
[2026-09-26 20:33:13,955][INFO|database.py-merge_final:736] >> 최종 데이터 병합 완료 (Traffic/Parking/Other 분리)
[2026-09-26 20:33:13,984][INFO|duplicate_group_service.py-_log_info:53] >> [duplicate] payload exact 중복군 1개, 멤버 2건 재생성
[2026-09-26 20:33:14,235][INFO|database.py-_normalize_processing_layers:188] >> [migration] raw/canonical 상태 정규화 완료: 총 5건 갱신
[2026-09-26 20:33:14,251][INFO|database.py-merge_final:736] >> 최종 데이터 병합 완료 (Traffic/Parking/Other 분리)
[2026-09-26 20:33:14,287][INFO|duplicate_group_service.py-_log_info:53] >> [duplicate] payload exact 중복군 1개, 멤버 2건 재생성
[2026-09-26 20:33:14,311][INFO|database.py-merge_final:736] >> 최종 데이터 병합 완료 (Traffic/Parking/Other 분리)
[2026-09-26 20:33:14,336][INFO|duplicate_group_service.py-_log_info:53] >> [duplicate] payload exact 중복군 1개, 멤버 2건 재생성
[2026-09-26 20:33:14,362][INFO|exchange.py-_restore_exclusive:413] >> mobile DB 복원 완료. 백업: /tmp/claude-1000/-home-better0101-projects-safetyreport/aa9d30e6-e7a5-4376-8fce-c9fb26682fbe/scratchpad/tmp.7Fe0hxNHL0/backups/data_before_restore_20260926_203314.db, 신고건수: 2
.[2026-09-26 20:33:14,372][INFO|database.py-upgrade_schema:285] >> 테이블 'admin_users' 생성 중...
[2026-09-26 20:33:14,375][INFO|database.py-upgrade_schema:285] >> 테이블 'api_keys' 생성 중...
[2026-09-26 20:33:14,377][INFO|database.py-upgrade_schema:285] >> 테이블 'mysafety' 생성 중...
[2026-09-26 20:33:14,378][INFO|database.py-upgrade_schema:285] >> 테이블 'mysafety_change_cursor' 생성 중...
[2026-09-26 20:33:14,380][INFO|database.py-upgrade_schema:285] >> 테이블 'mysafety_change_log' 생성 중...
[2026-09-26 20:33:14,381][INFO|database.py-upgrade_schema:285] >> 테이블 'mysafety_duplicate_decision' 생성 중...
[2026-09-26 20:33:14,383][INFO|database.py-upgrade_schema:285] >> 테이블 'mysafety_duplicate_group' 생성 중...
[2026-09-26 20:33:14,385][INFO|database.py-upgrade_schema:285] >> 테이블 'mysafety_duplicate_member' 생성 중...
[2026-09-26 20:33:14,387][INFO|database.py-upgrade_schema:285] >> 테이블 'mysafety_entry_value' 생성 중...
[2026-09-26 20:33:14,388][INFO|database.py-upgrade_schema:285] >> 테이블 'mysafety_geocode_cache' 생성 중...
[2026-09-26 20:33:14,390][INFO|database.py-upgrade_schema:285] >> 테이블 'mysafety_raw_content' 생성 중...
[2026-09-26 20:33:14,391][INFO|database.py-upgrade_schema:285] >> 테이블 'mysafety_report_override' 생성 중...
[2026-09-26 20:33:14,393][INFO|database.py-upgrade_schema:285] >> 테이블 'mysafety_sync_meta' 생성 중...
[2026-09-26 20:33:14,395][INFO|database.py-upgrade_schema:285] >> 테이블 'mysafety_watchlist' 생성 중...
[2026-09-26 20:33:14,398][INFO|database.py-upgrade_schema:285] >> 테이블 'mysafetydetail_other' 생성 중...
[2026-09-26 20:33:14,400][INFO|database.py-upgrade_schema:285] >> 테이블 'mysafetydetail_parking' 생성 중...
[2026-09-26 20:33:14,402][INFO|database.py-upgrade_schema:285] >> 테이블 'mysafetydetail_traffic' 생성 중...
[2026-09-26 20:33:14,404][INFO|database.py-upgrade_schema:285] >> 테이블 'mysafetymerge_other' 생성 중...
[2026-09-26 20:33:14,406][INFO|database.py-upgrade_schema:285] >> 테이블 'mysafetymerge_parking' 생성 중...
[2026-09-26 20:33:14,413][INFO|database.py-upgrade_schema:285] >> 테이블 'mysafetymerge_traffic' 생성 중...
[2026-09-26 20:33:14,418][INFO|database.py-_apply_versioned_migrations:452] >> [schema] DB 스키마 버전 1 적용
[2026-09-26 20:33:14,423][INFO|database.py-_apply_versioned_migrations:452] >> [schema] DB 스키마 버전 2 적용
[2026-09-26 20:33:14,424][INFO|database.py-_apply_versioned_migrations:452] >> [schema] DB 스키마 버전 3 적용
[2026-09-26 20:33:14,435][INFO|database.py-_apply_versioned_migrations:452] >> [schema] DB 스키마 버전 4 적용
[2026-09-26 20:33:14,449][INFO|duplicate_group_service.py-_log_info:53] >> [duplicate] payload exact 중복군 0개, 멤버 0건 재생성
[2026-09-26 20:33:14,484][INFO|database.py-backfill_synced_at:100] >> [migration] mysafetydetail_traffic synced_at 백필: 12건, 미해결 0건
[2026-09-26 20:33:14,487][INFO|database.py-backfill_synced_at:100] >> [migration] mysafetydetail_parking synced_at 백필: 6건, 미해결 0건
[2026-09-26 20:33:14,490][INFO|database.py-backfill_synced_at:100] >> [migration] mysafetydetail_other synced_at 백필: 6건, 미해결 0건
[2026-09-26 20:33:14,492][INFO|database.py-backfill_synced_at:105] >> [migration] synced_at 백필 완료: 총 24건 갱신, merge 재생성 시작
[2026-09-26 20:33:14,498][INFO|database.py-merge_final:736] >> 최종 데이터 병합 완료 (Traffic/Parking/Other 분리)
[2026-09-26 20:33:14,522][INFO|duplicate_group_service.py-_log_info:53] >> [duplicate] payload exact 중복군 1개, 멤버 2건 재생성
[2026-09-26 20:33:14,536][INFO|database.py-merge_final:736] >> 최종 데이터 병합 완료 (Traffic/Parking/Other 분리)
[2026-09-26 20:33:14,559][INFO|duplicate_group_service.py-_log_info:53] >> [duplicate] payload exact 중복군 1개, 멤버 2건 재생성
[2026-09-26 20:33:14,755][INFO|database.py-_normalize_processing_layers:188] >> [migration] raw/canonical 상태 정규화 완료: 총 5건 갱신
[2026-09-26 20:33:14,778][INFO|database.py-merge_final:736] >> 최종 데이터 병합 완료 (Traffic/Parking/Other 분리)
[2026-09-26 20:33:14,812][INFO|duplicate_group_service.py-_log_info:53] >> [duplicate] payload exact 중복군 1개, 멤버 2건 재생성
[2026-09-26 20:33:14,830][INFO|database.py-merge_final:736] >> 최종 데이터 병합 완료 (Traffic/Parking/Other 분리)
[2026-09-26 20:33:14,843][INFO|duplicate_group_service.py-_log_info:53] >> [duplicate] payload exact 중복군 0개, 멤버 0건 재생성
[2026-09-26 20:33:14,863][INFO|exchange.py-_restore_exclusive:413] >> mobile DB 복원 완료. 백업: /tmp/claude-1000/-home-better0101-projects-safetyreport/aa9d30e6-e7a5-4376-8fce-c9fb26682fbe/scratchpad/tmp.7Fe0hxNHL0/backups/data_before_restore_20260926_203314.db, 신고건수: 1
.[2026-09-26 20:33:14,873][INFO|database.py-upgrade_schema:285] >> 테이블 'admin_users' 생성 중...
[2026-09-26 20:33:14,881][INFO|database.py-upgrade_schema:285] >> 테이블 'api_keys' 생성 중...
[2026-09-26 20:33:14,883][INFO|database.py-upgrade_schema:285] >> 테이블 'mysafety' 생성 중...
[2026-09-26 20:33:14,884][INFO|database.py-upgrade_schema:285] >> 테이블 'mysafety_change_cursor' 생성 중...
[2026-09-26 20:33:14,886][INFO|database.py-upgrade_schema:285] >> 테이블 'mysafety_change_log' 생성 중...
[2026-09-26 20:33:14,888][INFO|database.py-upgrade_schema:285] >> 테이블 'mysafety_duplicate_decision' 생성 중...
[2026-09-26 20:33:14,889][INFO|database.py-upgrade_schema:285] >> 테이블 'mysafety_duplicate_group' 생성 중...
[2026-09-26 20:33:14,891][INFO|database.py-upgrade_schema:285] >> 테이블 'mysafety_duplicate_member' 생성 중...
[2026-09-26 20:33:14,892][INFO|database.py-upgrade_schema:285] >> 테이블 'mysafety_entry_value' 생성 중...
[2026-09-26 20:33:14,894][INFO|database.py-upgrade_schema:285] >> 테이블 'mysafety_geocode_cache' 생성 중...
[2026-09-26 20:33:14,895][INFO|database.py-upgrade_schema:285] >> 테이블 'mysafety_raw_content' 생성 중...
[2026-09-26 20:33:14,897][INFO|database.py-upgrade_schema:285] >> 테이블 'mysafety_report_override' 생성 중...
[2026-09-26 20:33:14,898][INFO|database.py-upgrade_schema:285] >> 테이블 'mysafety_sync_meta' 생성 중...
[2026-09-26 20:33:14,899][INFO|database.py-upgrade_schema:285] >> 테이블 'mysafety_watchlist' 생성 중...
[2026-09-26 20:33:14,901][INFO|database.py-upgrade_schema:285] >> 테이블 'mysafetydetail_other' 생성 중...
[2026-09-26 20:33:14,903][INFO|database.py-upgrade_schema:285] >> 테이블 'mysafetydetail_parking' 생성 중...
[2026-09-26 20:33:14,904][INFO|database.py-upgrade_schema:285] >> 테이블 'mysafetydetail_traffic' 생성 중...
[2026-09-26 20:33:14,906][INFO|database.py-upgrade_schema:285] >> 테이블 'mysafetymerge_other' 생성 중...
[2026-09-26 20:33:14,909][INFO|database.py-upgrade_schema:285] >> 테이블 'mysafetymerge_parking' 생성 중...
[2026-09-26 20:33:14,911][INFO|database.py-upgrade_schema:285] >> 테이블 'mysafetymerge_traffic' 생성 중...
[2026-09-26 20:33:14,921][INFO|database.py-_apply_versioned_migrations:452] >> [schema] DB 스키마 버전 1 적용
[2026-09-26 20:33:14,927][INFO|database.py-_apply_versioned_migrations:452] >> [schema] DB 스키마 버전 2 적용
[2026-09-26 20:33:14,928][INFO|database.py-_apply_versioned_migrations:452] >> [schema] DB 스키마 버전 3 적용
[2026-09-26 20:33:14,942][INFO|database.py-_apply_versioned_migrations:452] >> [schema] DB 스키마 버전 4 적용
[2026-09-26 20:33:14,960][INFO|duplicate_group_service.py-_log_info:53] >> [duplicate] payload exact 중복군 0개, 멤버 0건 재생성
[2026-09-26 20:33:15,005][INFO|database.py-backfill_synced_at:100] >> [migration] mysafetydetail_traffic synced_at 백필: 12건, 미해결 0건
[2026-09-26 20:33:15,010][INFO|database.py-backfill_synced_at:100] >> [migration] mysafetydetail_parking synced_at 백필: 6건, 미해결 0건
[2026-09-26 20:33:15,015][INFO|database.py-backfill_synced_at:100] >> [migration] mysafetydetail_other synced_at 백필: 6건, 미해결 0건
[2026-09-26 20:33:15,022][INFO|database.py-backfill_synced_at:105] >> [migration] synced_at 백필 완료: 총 24건 갱신, merge 재생성 시작
[2026-09-26 20:33:15,038][INFO|database.py-merge_final:736] >> 최종 데이터 병합 완료 (Traffic/Parking/Other 분리)
[2026-09-26 20:33:15,072][INFO|duplicate_group_service.py-_log_info:53] >> [duplicate] payload exact 중복군 1개, 멤버 2건 재생성
[2026-09-26 20:33:15,085][INFO|database.py-merge_final:736] >> 최종 데이터 병합 완료 (Traffic/Parking/Other 분리)
[2026-09-26 20:33:15,116][INFO|duplicate_group_service.py-_log_info:53] >> [duplicate] payload exact 중복군 1개, 멤버 2건 재생성
.[2026-09-26 20:33:15,310][INFO|database.py-upgrade_schema:285] >> 테이블 'admin_users' 생성 중...
[2026-09-26 20:33:15,314][INFO|database.py-upgrade_schema:285] >> 테이블 'api_keys' 생성 중...
[2026-09-26 20:33:15,315][INFO|database.py-upgrade_schema:285] >> 테이블 'mysafety' 생성 중...
[2026-09-26 20:33:15,317][INFO|database.py-upgrade_schema:285] >> 테이블 'mysafety_change_cursor' 생성 중...
[2026-09-26 20:33:15,320][INFO|database.py-upgrade_schema:285] >> 테이블 'mysafety_change_log' 생성 중...
[2026-09-26 20:33:15,324][INFO|database.py-upgrade_schema:285] >> 테이블 'mysafety_duplicate_decision' 생성 중...
[2026-09-26 20:33:15,327][INFO|database.py-upgrade_schema:285] >> 테이블 'mysafety_duplicate_group' 생성 중...
[2026-09-26 20:33:15,330][INFO|database.py-upgrade_schema:285] >> 테이블 'mysafety_duplicate_member' 생성 중...
[2026-09-26 20:33:15,332][INFO|database.py-upgrade_schema:285] >> 테이블 'mysafety_entry_value' 생성 중...
[2026-09-26 20:33:15,334][INFO|database.py-upgrade_schema:285] >> 테이블 'mysafety_geocode_cache' 생성 중...
[2026-09-26 20:33:15,337][INFO|database.py-upgrade_schema:285] >> 테이블 'mysafety_raw_content' 생성 중...
[2026-09-26 20:33:15,339][INFO|database.py-upgrade_schema:285] >> 테이블 'mysafety_report_override' 생성 중...
[2026-09-26 20:33:15,341][INFO|database.py-upgrade_schema:285] >> 테이블 'mysafety_sync_meta' 생성 중...
[2026-09-26 20:33:15,343][INFO|database.py-upgrade_schema:285] >> 테이블 'mysafety_watchlist' 생성 중...
[2026-09-26 20:33:15,346][INFO|database.py-upgrade_schema:285] >> 테이블 'mysafetydetail_other' 생성 중...
[2026-09-26 20:33:15,350][INFO|database.py-upgrade_schema:285] >> 테이블 'mysafetydetail_parking' 생성 중...
[2026-09-26 20:33:15,352][INFO|database.py-upgrade_schema:285] >> 테이블 'mysafetydetail_traffic' 생성 중...
[2026-09-26 20:33:15,359][INFO|database.py-upgrade_schema:285] >> 테이블 'mysafetymerge_other' 생성 중...
[2026-09-26 20:33:15,363][INFO|database.py-upgrade_schema:285] >> 테이블 'mysafetymerge_parking' 생성 중...
[2026-09-26 20:33:15,369][INFO|database.py-upgrade_schema:285] >> 테이블 'mysafetymerge_traffic' 생성 중...
[2026-09-26 20:33:15,376][INFO|database.py-_apply_versioned_migrations:452] >> [schema] DB 스키마 버전 1 적용
[2026-09-26 20:33:15,389][INFO|database.py-_apply_versioned_migrations:452] >> [schema] DB 스키마 버전 2 적용
[2026-09-26 20:33:15,395][INFO|database.py-_apply_versioned_migrations:452] >> [schema] DB 스키마 버전 3 적용
[2026-09-26 20:33:15,418][INFO|database.py-_apply_versioned_migrations:452] >> [schema] DB 스키마 버전 4 적용
[2026-09-26 20:33:15,432][INFO|duplicate_group_service.py-_log_info:53] >> [duplicate] payload exact 중복군 0개, 멤버 0건 재생성
[2026-09-26 20:33:15,485][INFO|database.py-backfill_synced_at:100] >> [migration] mysafetydetail_traffic synced_at 백필: 12건, 미해결 0건
[2026-09-26 20:33:15,488][INFO|database.py-backfill_synced_at:100] >> [migration] mysafetydetail_parking synced_at 백필: 6건, 미해결 0건
[2026-09-26 20:33:15,491][INFO|database.py-backfill_synced_at:100] >> [migration] mysafetydetail_other synced_at 백필: 6건, 미해결 0건
[2026-09-26 20:33:15,492][INFO|database.py-backfill_synced_at:105] >> [migration] synced_at 백필 완료: 총 24건 갱신, merge 재생성 시작
[2026-09-26 20:33:15,502][INFO|database.py-merge_final:736] >> 최종 데이터 병합 완료 (Traffic/Parking/Other 분리)
[2026-09-26 20:33:15,525][INFO|duplicate_group_service.py-_log_info:53] >> [duplicate] payload exact 중복군 1개, 멤버 2건 재생성
[2026-09-26 20:33:15,533][INFO|database.py-merge_final:736] >> 최종 데이터 병합 완료 (Traffic/Parking/Other 분리)
[2026-09-26 20:33:15,564][INFO|duplicate_group_service.py-_log_info:53] >> [duplicate] payload exact 중복군 1개, 멤버 2건 재생성
[2026-09-26 20:33:15,712][WARNING|crawl_manager.py-_read_queue_report:210] >> [crawl] 대기 큐에서 목록 전체에 없는 신고번호 제외: ['SPP-GONE']
[2026-09-26 20:33:15,712][ERROR|crawl_manager.py-_read_queue_report:212] >> [crawl] 여러 신고에 걸리는 번호라 대기 큐에서 제외 — 정확한 신고번호로 다시 요청하세요: ['SPP-AMB']
[2026-09-26 20:33:15,714][WARNING|crawl_queue_report.py-record_unresolved:85] >> [crawl] 처리하지 못한 번호 기록을 저장하지 못함
.[2026-09-26 20:33:15,740][INFO|database.py-upgrade_schema:285] >> 테이블 'admin_users' 생성 중...
[2026-09-26 20:33:15,744][INFO|database.py-upgrade_schema:285] >> 테이블 'api_keys' 생성 중...
[2026-09-26 20:33:15,748][INFO|database.py-upgrade_schema:285] >> 테이블 'mysafety' 생성 중...
[2026-09-26 20:33:15,751][INFO|database.py-upgrade_schema:285] >> 테이블 'mysafety_change_cursor' 생성 중...
[2026-09-26 20:33:15,752][INFO|database.py-upgrade_schema:285] >> 테이블 'mysafety_change_log' 생성 중...
[2026-09-26 20:33:15,757][INFO|database.py-upgrade_schema:285] >> 테이블 'mysafety_duplicate_decision' 생성 중...
[2026-09-26 20:33:15,761][INFO|database.py-upgrade_schema:285] >> 테이블 'mysafety_duplicate_group' 생성 중...
[2026-09-26 20:33:15,763][INFO|database.py-upgrade_schema:285] >> 테이블 'mysafety_duplicate_member' 생성 중...
[2026-09-26 20:33:15,764][INFO|database.py-upgrade_schema:285] >> 테이블 'mysafety_entry_value' 생성 중...
[2026-09-26 20:33:15,766][INFO|database.py-upgrade_schema:285] >> 테이블 'mysafety_geocode_cache' 생성 중...
[2026-09-26 20:33:15,767][INFO|database.py-upgrade_schema:285] >> 테이블 'mysafety_raw_content' 생성 중...
[2026-09-26 20:33:15,769][INFO|database.py-upgrade_schema:285] >> 테이블 'mysafety_report_override' 생성 중...
[2026-09-26 20:33:15,771][INFO|database.py-upgrade_schema:285] >> 테이블 'mysafety_sync_meta' 생성 중...
[2026-09-26 20:33:15,772][INFO|database.py-upgrade_schema:285] >> 테이블 'mysafety_watchlist' 생성 중...
[2026-09-26 20:33:15,774][INFO|database.py-upgrade_schema:285] >> 테이블 'mysafetydetail_other' 생성 중...
[2026-09-26 20:33:15,775][INFO|database.py-upgrade_schema:285] >> 테이블 'mysafetydetail_parking' 생성 중...
[2026-09-26 20:33:15,777][INFO|database.py-upgrade_schema:285] >> 테이블 'mysafetydetail_traffic' 생성 중...
[2026-09-26 20:33:15,778][INFO|database.py-upgrade_schema:285] >> 테이블 'mysafetymerge_other' 생성 중...
[2026-09-26 20:33:15,780][INFO|database.py-upgrade_schema:285] >> 테이블 'mysafetymerge_parking' 생성 중...
[2026-09-26 20:33:15,785][INFO|database.py-upgrade_schema:285] >> 테이블 'mysafetymerge_traffic' 생성 중...
[2026-09-26 20:33:15,789][INFO|database.py-_apply_versioned_migrations:452] >> [schema] DB 스키마 버전 1 적용
[2026-09-26 20:33:15,799][INFO|database.py-_apply_versioned_migrations:452] >> [schema] DB 스키마 버전 2 적용
[2026-09-26 20:33:15,801][INFO|database.py-_apply_versioned_migrations:452] >> [schema] DB 스키마 버전 3 적용
[2026-09-26 20:33:15,813][INFO|database.py-_apply_versioned_migrations:452] >> [schema] DB 스키마 버전 4 적용
[2026-09-26 20:33:15,826][INFO|duplicate_group_service.py-_log_info:53] >> [duplicate] payload exact 중복군 0개, 멤버 0건 재생성
[2026-09-26 20:33:15,867][INFO|database.py-backfill_synced_at:100] >> [migration] mysafetydetail_traffic synced_at 백필: 12건, 미해결 0건
[2026-09-26 20:33:15,870][INFO|database.py-backfill_synced_at:100] >> [migration] mysafetydetail_parking synced_at 백필: 6건, 미해결 0건
[2026-09-26 20:33:15,873][INFO|database.py-backfill_synced_at:100] >> [migration] mysafetydetail_other synced_at 백필: 6건, 미해결 0건
[2026-09-26 20:33:15,874][INFO|database.py-backfill_synced_at:105] >> [migration] synced_at 백필 완료: 총 24건 갱신, merge 재생성 시작
[2026-09-26 20:33:15,880][INFO|database.py-merge_final:736] >> 최종 데이터 병합 완료 (Traffic/Parking/Other 분리)
[2026-09-26 20:33:15,903][INFO|duplicate_group_service.py-_log_info:53] >> [duplicate] payload exact 중복군 1개, 멤버 2건 재생성
[2026-09-26 20:33:15,911][INFO|database.py-merge_final:736] >> 최종 데이터 병합 완료 (Traffic/Parking/Other 분리)
[2026-09-26 20:33:15,933][INFO|duplicate_group_service.py-_log_info:53] >> [duplicate] payload exact 중복군 1개, 멤버 2건 재생성
[2026-09-26 20:33:16,142][INFO|database.py-_normalize_processing_layers:188] >> [migration] raw/canonical 상태 정규화 완료: 총 5건 갱신
[2026-09-26 20:33:16,159][INFO|database.py-merge_final:736] >> 최종 데이터 병합 완료 (Traffic/Parking/Other 분리)
[2026-09-26 20:33:16,193][INFO|duplicate_group_service.py-_log_info:53] >> [duplicate] payload exact 중복군 1개, 멤버 2건 재생성
[2026-09-26 20:33:16,212][INFO|database.py-merge_final:736] >> 최종 데이터 병합 완료 (Traffic/Parking/Other 분리)
[2026-09-26 20:33:16,224][INFO|duplicate_group_service.py-_log_info:53] >> [duplicate] payload exact 중복군 0개, 멤버 0건 재생성
[2026-09-26 20:33:16,245][INFO|exchange.py-_restore_exclusive:413] >> mobile DB 복원 완료. 백업: /tmp/claude-1000/-home-better0101-projects-safetyreport/aa9d30e6-e7a5-4376-8fce-c9fb26682fbe/scratchpad/tmp.7Fe0hxNHL0/backups/data_before_restore_20260926_203316.db, 신고건수: 1
.[2026-09-26 20:33:16,255][INFO|database.py-upgrade_schema:285] >> 테이블 'admin_users' 생성 중...
[2026-09-26 20:33:16,259][INFO|database.py-upgrade_schema:285] >> 테이블 'api_keys' 생성 중...
[2026-09-26 20:33:16,262][INFO|database.py-upgrade_schema:285] >> 테이블 'mysafety' 생성 중...
[2026-09-26 20:33:16,263][INFO|database.py-upgrade_schema:285] >> 테이블 'mysafety_change_cursor' 생성 중...
[2026-09-26 20:33:16,265][INFO|database.py-upgrade_schema:285] >> 테이블 'mysafety_change_log' 생성 중...
[2026-09-26 20:33:16,274][INFO|database.py-upgrade_schema:285] >> 테이블 'mysafety_duplicate_decision' 생성 중...
[2026-09-26 20:33:16,276][INFO|database.py-upgrade_schema:285] >> 테이블 'mysafety_duplicate_group' 생성 중...
[2026-09-26 20:33:16,278][INFO|database.py-upgrade_schema:285] >> 테이블 'mysafety_duplicate_member' 생성 중...
[2026-09-26 20:33:16,281][INFO|database.py-upgrade_schema:285] >> 테이블 'mysafety_entry_value' 생성 중...
[2026-09-26 20:33:16,283][INFO|database.py-upgrade_schema:285] >> 테이블 'mysafety_geocode_cache' 생성 중...
[2026-09-26 20:33:16,286][INFO|database.py-upgrade_schema:285] >> 테이블 'mysafety_raw_content' 생성 중...
[2026-09-26 20:33:16,288][INFO|database.py-upgrade_schema:285] >> 테이블 'mysafety_report_override' 생성 중...
[2026-09-26 20:33:16,290][INFO|database.py-upgrade_schema:285] >> 테이블 'mysafety_sync_meta' 생성 중...
[2026-09-26 20:33:16,291][INFO|database.py-upgrade_schema:285] >> 테이블 'mysafety_watchlist' 생성 중...
[2026-09-26 20:33:16,293][INFO|database.py-upgrade_schema:285] >> 테이블 'mysafetydetail_other' 생성 중...
[2026-09-26 20:33:16,295][INFO|database.py-upgrade_schema:285] >> 테이블 'mysafetydetail_parking' 생성 중...
[2026-09-26 20:33:16,297][INFO|database.py-upgrade_schema:285] >> 테이블 'mysafetydetail_traffic' 생성 중...
[2026-09-26 20:33:16,302][INFO|database.py-upgrade_schema:285] >> 테이블 'mysafetymerge_other' 생성 중...
[2026-09-26 20:33:16,304][INFO|database.py-upgrade_schema:285] >> 테이블 'mysafetymerge_parking' 생성 중...
[2026-09-26 20:33:16,312][INFO|database.py-upgrade_schema:285] >> 테이블 'mysafetymerge_traffic' 생성 중...
[2026-09-26 20:33:16,317][INFO|database.py-_apply_versioned_migrations:452] >> [schema] DB 스키마 버전 1 적용
[2026-09-26 20:33:16,323][INFO|database.py-_apply_versioned_migrations:452] >> [schema] DB 스키마 버전 2 적용
[2026-09-26 20:33:16,325][INFO|database.py-_apply_versioned_migrations:452] >> [schema] DB 스키마 버전 3 적용
[2026-09-26 20:33:16,349][INFO|database.py-_apply_versioned_migrations:452] >> [schema] DB 스키마 버전 4 적용
[2026-09-26 20:33:16,366][INFO|duplicate_group_service.py-_log_info:53] >> [duplicate] payload exact 중복군 0개, 멤버 0건 재생성
[2026-09-26 20:33:16,402][INFO|database.py-backfill_synced_at:100] >> [migration] mysafetydetail_traffic synced_at 백필: 12건, 미해결 0건
[2026-09-26 20:33:16,405][INFO|database.py-backfill_synced_at:100] >> [migration] mysafetydetail_parking synced_at 백필: 6건, 미해결 0건
[2026-09-26 20:33:16,408][INFO|database.py-backfill_synced_at:100] >> [migration] mysafetydetail_other synced_at 백필: 6건, 미해결 0건
[2026-09-26 20:33:16,410][INFO|database.py-backfill_synced_at:105] >> [migration] synced_at 백필 완료: 총 24건 갱신, merge 재생성 시작
[2026-09-26 20:33:16,416][INFO|database.py-merge_final:736] >> 최종 데이터 병합 완료 (Traffic/Parking/Other 분리)
[2026-09-26 20:33:16,441][INFO|duplicate_group_service.py-_log_info:53] >> [duplicate] payload exact 중복군 1개, 멤버 2건 재생성
[2026-09-26 20:33:16,456][INFO|database.py-merge_final:736] >> 최종 데이터 병합 완료 (Traffic/Parking/Other 분리)
[2026-09-26 20:33:16,481][INFO|duplicate_group_service.py-_log_info:53] >> [duplicate] payload exact 중복군 1개, 멤버 2건 재생성
[2026-09-26 20:33:16,613][WARNING|crawl_manager.py-_read_queue_report:210] >> [crawl] 대기 큐에서 목록 전체에 없는 신고번호 제외: ['SPP-NONE']
.[2026-09-26 20:33:16,750][INFO|database.py-upgrade_schema:285] >> 테이블 'admin_users' 생성 중...
[2026-09-26 20:33:16,753][INFO|database.py-upgrade_schema:285] >> 테이블 'api_keys' 생성 중...
[2026-09-26 20:33:16,755][INFO|database.py-upgrade_schema:285] >> 테이블 'mysafety' 생성 중...
[2026-09-26 20:33:16,757][INFO|database.py-upgrade_schema:285] >> 테이블 'mysafety_change_cursor' 생성 중...
[2026-09-26 20:33:16,759][INFO|database.py-upgrade_schema:285] >> 테이블 'mysafety_change_log' 생성 중...
[2026-09-26 20:33:16,761][INFO|database.py-upgrade_schema:285] >> 테이블 'mysafety_duplicate_decision' 생성 중...
[2026-09-26 20:33:16,763][INFO|database.py-upgrade_schema:285] >> 테이블 'mysafety_duplicate_group' 생성 중...
[2026-09-26 20:33:16,764][INFO|database.py-upgrade_schema:285] >> 테이블 'mysafety_duplicate_member' 생성 중...
[2026-09-26 20:33:16,766][INFO|database.py-upgrade_schema:285] >> 테이블 'mysafety_entry_value' 생성 중...
[2026-09-26 20:33:16,771][INFO|database.py-upgrade_schema:285] >> 테이블 'mysafety_geocode_cache' 생성 중...
[2026-09-26 20:33:16,773][INFO|database.py-upgrade_schema:285] >> 테이블 'mysafety_raw_content' 생성 중...
[2026-09-26 20:33:16,780][INFO|database.py-upgrade_schema:285] >> 테이블 'mysafety_report_override' 생성 중...
[2026-09-26 20:33:16,782][INFO|database.py-upgrade_schema:285] >> 테이블 'mysafety_sync_meta' 생성 중...
[2026-09-26 20:33:16,784][INFO|database.py-upgrade_schema:285] >> 테이블 'mysafety_watchlist' 생성 중...
[2026-09-26 20:33:16,786][INFO|database.py-upgrade_schema:285] >> 테이블 'mysafetydetail_other' 생성 중...
[2026-09-26 20:33:16,788][INFO|database.py-upgrade_schema:285] >> 테이블 'mysafetydetail_parking' 생성 중...
[2026-09-26 20:33:16,790][INFO|database.py-upgrade_schema:285] >> 테이블 'mysafetydetail_traffic' 생성 중...
[2026-09-26 20:33:16,792][INFO|database.py-upgrade_schema:285] >> 테이블 'mysafetymerge_other' 생성 중...
[2026-09-26 20:33:16,794][INFO|database.py-upgrade_schema:285] >> 테이블 'mysafetymerge_parking' 생성 중...
[2026-09-26 20:33:16,796][INFO|database.py-upgrade_schema:285] >> 테이블 'mysafetymerge_traffic' 생성 중...
[2026-09-26 20:33:16,803][INFO|database.py-_apply_versioned_migrations:452] >> [schema] DB 스키마 버전 1 적용
[2026-09-26 20:33:16,811][INFO|database.py-_apply_versioned_migrations:452] >> [schema] DB 스키마 버전 2 적용
[2026-09-26 20:33:16,816][INFO|database.py-_apply_versioned_migrations:452] >> [schema] DB 스키마 버전 3 적용
[2026-09-26 20:33:16,830][INFO|database.py-_apply_versioned_migrations:452] >> [schema] DB 스키마 버전 4 적용
[2026-09-26 20:33:16,846][INFO|duplicate_group_service.py-_log_info:53] >> [duplicate] payload exact 중복군 0개, 멤버 0건 재생성
[2026-09-26 20:33:16,877][INFO|database.py-backfill_synced_at:100] >> [migration] mysafetydetail_traffic synced_at 백필: 12건, 미해결 0건
[2026-09-26 20:33:16,880][INFO|database.py-backfill_synced_at:100] >> [migration] mysafetydetail_parking synced_at 백필: 6건, 미해결 0건
[2026-09-26 20:33:16,883][INFO|database.py-backfill_synced_at:100] >> [migration] mysafetydetail_other synced_at 백필: 6건, 미해결 0건
[2026-09-26 20:33:16,885][INFO|database.py-backfill_synced_at:105] >> [migration] synced_at 백필 완료: 총 24건 갱신, merge 재생성 시작
[2026-09-26 20:33:16,891][INFO|database.py-merge_final:736] >> 최종 데이터 병합 완료 (Traffic/Parking/Other 분리)
/home/better0101/projects/safetyreport/.venv/lib/python3.14/site-packages/numpy/_core/fromnumeric.py:54: ResourceWarning: unclosed file <_io.FileIO name='/tmp/claude-1000/-home-better0101-projects-safetyreport/aa9d30e6-e7a5-4376-8fce-c9fb26682fbe/scratchpad/tmp.7Fe0hxNHL0/logs/current_crawl.log' mode='ab' closefd=True>
  return bound(*args, **kwds)
ResourceWarning: Enable tracemalloc to get the object allocation traceback
[2026-09-26 20:33:16,914][INFO|duplicate_group_service.py-_log_info:53] >> [duplicate] payload exact 중복군 1개, 멤버 2건 재생성
[2026-09-26 20:33:16,923][INFO|database.py-merge_final:736] >> 최종 데이터 병합 완료 (Traffic/Parking/Other 분리)
[2026-09-26 20:33:16,947][INFO|duplicate_group_service.py-_log_info:53] >> [duplicate] payload exact 중복군 1개, 멤버 2건 재생성
.[2026-09-26 20:33:17,230][INFO|database.py-upgrade_schema:285] >> 테이블 'admin_users' 생성 중...
[2026-09-26 20:33:17,237][INFO|database.py-upgrade_schema:285] >> 테이블 'api_keys' 생성 중...
[2026-09-26 20:33:17,239][INFO|database.py-upgrade_schema:285] >> 테이블 'mysafety' 생성 중...
[2026-09-26 20:33:17,242][INFO|database.py-upgrade_schema:285] >> 테이블 'mysafety_change_cursor' 생성 중...
[2026-09-26 20:33:17,245][INFO|database.py-upgrade_schema:285] >> 테이블 'mysafety_change_log' 생성 중...
[2026-09-26 20:33:17,247][INFO|database.py-upgrade_schema:285] >> 테이블 'mysafety_duplicate_decision' 생성 중...
[2026-09-26 20:33:17,251][INFO|database.py-upgrade_schema:285] >> 테이블 'mysafety_duplicate_group' 생성 중...
[2026-09-26 20:33:17,257][INFO|database.py-upgrade_schema:285] >> 테이블 'mysafety_duplicate_member' 생성 중...
[2026-09-26 20:33:17,260][INFO|database.py-upgrade_schema:285] >> 테이블 'mysafety_entry_value' 생성 중...
[2026-09-26 20:33:17,263][INFO|database.py-upgrade_schema:285] >> 테이블 'mysafety_geocode_cache' 생성 중...
[2026-09-26 20:33:17,268][INFO|database.py-upgrade_schema:285] >> 테이블 'mysafety_raw_content' 생성 중...
[2026-09-26 20:33:17,270][INFO|database.py-upgrade_schema:285] >> 테이블 'mysafety_report_override' 생성 중...
[2026-09-26 20:33:17,272][INFO|database.py-upgrade_schema:285] >> 테이블 'mysafety_sync_meta' 생성 중...
[2026-09-26 20:33:17,273][INFO|database.py-upgrade_schema:285] >> 테이블 'mysafety_watchlist' 생성 중...
[2026-09-26 20:33:17,275][INFO|database.py-upgrade_schema:285] >> 테이블 'mysafetydetail_other' 생성 중...
[2026-09-26 20:33:17,277][INFO|database.py-upgrade_schema:285] >> 테이블 'mysafetydetail_parking' 생성 중...
[2026-09-26 20:33:17,279][INFO|database.py-upgrade_schema:285] >> 테이블 'mysafetydetail_traffic' 생성 중...
[2026-09-26 20:33:17,280][INFO|database.py-upgrade_schema:285] >> 테이블 'mysafetymerge_other' 생성 중...
[2026-09-26 20:33:17,283][INFO|database.py-upgrade_schema:285] >> 테이블 'mysafetymerge_parking' 생성 중...
[2026-09-26 20:33:17,284][INFO|database.py-upgrade_schema:285] >> 테이블 'mysafetymerge_traffic' 생성 중...
[2026-09-26 20:33:17,288][INFO|database.py-_apply_versioned_migrations:452] >> [schema] DB 스키마 버전 1 적용
[2026-09-26 20:33:17,295][INFO|database.py-_apply_versioned_migrations:452] >> [schema] DB 스키마 버전 2 적용
[2026-09-26 20:33:17,298][INFO|database.py-_apply_versioned_migrations:452] >> [schema] DB 스키마 버전 3 적용
[2026-09-26 20:33:17,313][INFO|database.py-_apply_versioned_migrations:452] >> [schema] DB 스키마 버전 4 적용
[2026-09-26 20:33:17,328][INFO|duplicate_group_service.py-_log_info:53] >> [duplicate] payload exact 중복군 0개, 멤버 0건 재생성
[2026-09-26 20:33:17,361][INFO|database.py-backfill_synced_at:100] >> [migration] mysafetydetail_traffic synced_at 백필: 12건, 미해결 0건
[2026-09-26 20:33:17,364][INFO|database.py-backfill_synced_at:100] >> [migration] mysafetydetail_parking synced_at 백필: 6건, 미해결 0건
[2026-09-26 20:33:17,367][INFO|database.py-backfill_synced_at:100] >> [migration] mysafetydetail_other synced_at 백필: 6건, 미해결 0건
[2026-09-26 20:33:17,373][INFO|database.py-backfill_synced_at:105] >> [migration] synced_at 백필 완료: 총 24건 갱신, merge 재생성 시작
[2026-09-26 20:33:17,379][INFO|database.py-merge_final:736] >> 최종 데이터 병합 완료 (Traffic/Parking/Other 분리)
/home/better0101/projects/safetyreport/.venv/lib/python3.14/site-packages/pandas/core/internals/managers.py:2410: ResourceWarning: unclosed file <_io.FileIO name='/tmp/claude-1000/-home-better0101-projects-safetyreport/aa9d30e6-e7a5-4376-8fce-c9fb26682fbe/scratchpad/tmp.7Fe0hxNHL0/logs/current_crawl.log' mode='ab' closefd=True>
  block_type(x[1], placement=BlockPlacement(x[0]), ndim=2)
ResourceWarning: Enable tracemalloc to get the object allocation traceback
[2026-09-26 20:33:17,409][INFO|duplicate_group_service.py-_log_info:53] >> [duplicate] payload exact 중복군 1개, 멤버 2건 재생성
[2026-09-26 20:33:17,416][INFO|database.py-merge_final:736] >> 최종 데이터 병합 완료 (Traffic/Parking/Other 분리)
[2026-09-26 20:33:17,439][INFO|duplicate_group_service.py-_log_info:53] >> [duplicate] payload exact 중복군 1개, 멤버 2건 재생성
[2026-09-26 20:33:17,644][INFO|database.py-_normalize_processing_layers:188] >> [migration] raw/canonical 상태 정규화 완료: 총 5건 갱신
[2026-09-26 20:33:17,656][INFO|database.py-merge_final:736] >> 최종 데이터 병합 완료 (Traffic/Parking/Other 분리)
[2026-09-26 20:33:17,684][INFO|duplicate_group_service.py-_log_info:53] >> [duplicate] payload exact 중복군 1개, 멤버 2건 재생성
[2026-09-26 20:33:17,703][INFO|database.py-merge_final:736] >> 최종 데이터 병합 완료 (Traffic/Parking/Other 분리)
[2026-09-26 20:33:17,716][INFO|duplicate_group_service.py-_log_info:53] >> [duplicate] payload exact 중복군 0개, 멤버 0건 재생성
[2026-09-26 20:33:17,742][INFO|exchange.py-_restore_exclusive:413] >> mobile DB 복원 완료. 백업: /tmp/claude-1000/-home-better0101-projects-safetyreport/aa9d30e6-e7a5-4376-8fce-c9fb26682fbe/scratchpad/tmp.7Fe0hxNHL0/backups/data_before_restore_20260926_203317.db, 신고건수: 1
.[2026-09-26 20:33:17,894][INFO|database.py-upgrade_schema:285] >> 테이블 'admin_users' 생성 중...
[2026-09-26 20:33:17,897][INFO|database.py-upgrade_schema:285] >> 테이블 'api_keys' 생성 중...
[2026-09-26 20:33:17,900][INFO|database.py-upgrade_schema:285] >> 테이블 'mysafety' 생성 중...
[2026-09-26 20:33:17,901][INFO|database.py-upgrade_schema:285] >> 테이블 'mysafety_change_cursor' 생성 중...
[2026-09-26 20:33:17,903][INFO|database.py-upgrade_schema:285] >> 테이블 'mysafety_change_log' 생성 중...
[2026-09-26 20:33:17,905][INFO|database.py-upgrade_schema:285] >> 테이블 'mysafety_duplicate_decision' 생성 중...
[2026-09-26 20:33:17,906][INFO|database.py-upgrade_schema:285] >> 테이블 'mysafety_duplicate_group' 생성 중...
[2026-09-26 20:33:17,908][INFO|database.py-upgrade_schema:285] >> 테이블 'mysafety_duplicate_member' 생성 중...
[2026-09-26 20:33:17,910][INFO|database.py-upgrade_schema:285] >> 테이블 'mysafety_entry_value' 생성 중...
[2026-09-26 20:33:17,914][INFO|database.py-upgrade_schema:285] >> 테이블 'mysafety_geocode_cache' 생성 중...
[2026-09-26 20:33:17,917][INFO|database.py-upgrade_schema:285] >> 테이블 'mysafety_raw_content' 생성 중...
[2026-09-26 20:33:17,924][INFO|database.py-upgrade_schema:285] >> 테이블 'mysafety_report_override' 생성 중...
[2026-09-26 20:33:17,928][INFO|database.py-upgrade_schema:285] >> 테이블 'mysafety_sync_meta' 생성 중...
[2026-09-26 20:33:17,929][INFO|database.py-upgrade_schema:285] >> 테이블 'mysafety_watchlist' 생성 중...
[2026-09-26 20:33:17,931][INFO|database.py-upgrade_schema:285] >> 테이블 'mysafetydetail_other' 생성 중...
[2026-09-26 20:33:17,933][INFO|database.py-upgrade_schema:285] >> 테이블 'mysafetydetail_parking' 생성 중...
[2026-09-26 20:33:17,937][INFO|database.py-upgrade_schema:285] >> 테이블 'mysafetydetail_traffic' 생성 중...
[2026-09-26 20:33:17,939][INFO|database.py-upgrade_schema:285] >> 테이블 'mysafetymerge_other' 생성 중...
[2026-09-26 20:33:17,948][INFO|database.py-upgrade_schema:285] >> 테이블 'mysafetymerge_parking' 생성 중...
[2026-09-26 20:33:17,951][INFO|database.py-upgrade_schema:285] >> 테이블 'mysafetymerge_traffic' 생성 중...
[2026-09-26 20:33:17,954][INFO|database.py-_apply_versioned_migrations:452] >> [schema] DB 스키마 버전 1 적용
[2026-09-26 20:33:17,959][INFO|database.py-_apply_versioned_migrations:452] >> [schema] DB 스키마 버전 2 적용
[2026-09-26 20:33:17,961][INFO|database.py-_apply_versioned_migrations:452] >> [schema] DB 스키마 버전 3 적용
[2026-09-26 20:33:17,984][INFO|database.py-_apply_versioned_migrations:452] >> [schema] DB 스키마 버전 4 적용
[2026-09-26 20:33:18,003][INFO|duplicate_group_service.py-_log_info:53] >> [duplicate] payload exact 중복군 0개, 멤버 0건 재생성
[2026-09-26 20:33:18,051][INFO|database.py-backfill_synced_at:100] >> [migration] mysafetydetail_traffic synced_at 백필: 12건, 미해결 0건
[2026-09-26 20:33:18,054][INFO|database.py-backfill_synced_at:100] >> [migration] mysafetydetail_parking synced_at 백필: 6건, 미해결 0건
[2026-09-26 20:33:18,057][INFO|database.py-backfill_synced_at:100] >> [migration] mysafetydetail_other synced_at 백필: 6건, 미해결 0건
[2026-09-26 20:33:18,062][INFO|database.py-backfill_synced_at:105] >> [migration] synced_at 백필 완료: 총 24건 갱신, merge 재생성 시작
[2026-09-26 20:33:18,068][INFO|database.py-merge_final:736] >> 최종 데이터 병합 완료 (Traffic/Parking/Other 분리)
[2026-09-26 20:33:18,102][INFO|duplicate_group_service.py-_log_info:53] >> [duplicate] payload exact 중복군 1개, 멤버 2건 재생성
[2026-09-26 20:33:18,111][INFO|database.py-merge_final:736] >> 최종 데이터 병합 완료 (Traffic/Parking/Other 분리)
[2026-09-26 20:33:18,141][INFO|duplicate_group_service.py-_log_info:53] >> [duplicate] payload exact 중복군 1개, 멤버 2건 재생성
.[2026-09-26 20:33:18,318][INFO|database.py-upgrade_schema:285] >> 테이블 'admin_users' 생성 중...
[2026-09-26 20:33:18,321][INFO|database.py-upgrade_schema:285] >> 테이블 'api_keys' 생성 중...
[2026-09-26 20:33:18,323][INFO|database.py-upgrade_schema:285] >> 테이블 'mysafety' 생성 중...
[2026-09-26 20:33:18,325][INFO|database.py-upgrade_schema:285] >> 테이블 'mysafety_change_cursor' 생성 중...
[2026-09-26 20:33:18,326][INFO|database.py-upgrade_schema:285] >> 테이블 'mysafety_change_log' 생성 중...
[2026-09-26 20:33:18,328][INFO|database.py-upgrade_schema:285] >> 테이블 'mysafety_duplicate_decision' 생성 중...
[2026-09-26 20:33:18,332][INFO|database.py-upgrade_schema:285] >> 테이블 'mysafety_duplicate_group' 생성 중...
[2026-09-26 20:33:18,335][INFO|database.py-upgrade_schema:285] >> 테이블 'mysafety_duplicate_member' 생성 중...
[2026-09-26 20:33:18,337][INFO|database.py-upgrade_schema:285] >> 테이블 'mysafety_entry_value' 생성 중...
[2026-09-26 20:33:18,339][INFO|database.py-upgrade_schema:285] >> 테이블 'mysafety_geocode_cache' 생성 중...
[2026-09-26 20:33:18,343][INFO|database.py-upgrade_schema:285] >> 테이블 'mysafety_raw_content' 생성 중...
[2026-09-26 20:33:18,346][INFO|database.py-upgrade_schema:285] >> 테이블 'mysafety_report_override' 생성 중...
[2026-09-26 20:33:18,349][INFO|database.py-upgrade_schema:285] >> 테이블 'mysafety_sync_meta' 생성 중...
[2026-09-26 20:33:18,351][INFO|database.py-upgrade_schema:285] >> 테이블 'mysafety_watchlist' 생성 중...
[2026-09-26 20:33:18,352][INFO|database.py-upgrade_schema:285] >> 테이블 'mysafetydetail_other' 생성 중...
[2026-09-26 20:33:18,358][INFO|database.py-upgrade_schema:285] >> 테이블 'mysafetydetail_parking' 생성 중...
[2026-09-26 20:33:18,364][INFO|database.py-upgrade_schema:285] >> 테이블 'mysafetydetail_traffic' 생성 중...
[2026-09-26 20:33:18,370][INFO|database.py-upgrade_schema:285] >> 테이블 'mysafetymerge_other' 생성 중...
[2026-09-26 20:33:18,372][INFO|database.py-upgrade_schema:285] >> 테이블 'mysafetymerge_parking' 생성 중...
[2026-09-26 20:33:18,376][INFO|database.py-upgrade_schema:285] >> 테이블 'mysafetymerge_traffic' 생성 중...
[2026-09-26 20:33:18,388][INFO|database.py-_apply_versioned_migrations:452] >> [schema] DB 스키마 버전 1 적용
[2026-09-26 20:33:18,393][INFO|database.py-_apply_versioned_migrations:452] >> [schema] DB 스키마 버전 2 적용
[2026-09-26 20:33:18,395][INFO|database.py-_apply_versioned_migrations:452] >> [schema] DB 스키마 버전 3 적용
[2026-09-26 20:33:18,414][INFO|database.py-_apply_versioned_migrations:452] >> [schema] DB 스키마 버전 4 적용
[2026-09-26 20:33:18,428][INFO|duplicate_group_service.py-_log_info:53] >> [duplicate] payload exact 중복군 0개, 멤버 0건 재생성
[2026-09-26 20:33:18,465][INFO|database.py-backfill_synced_at:100] >> [migration] mysafetydetail_traffic synced_at 백필: 12건, 미해결 0건
[2026-09-26 20:33:18,469][INFO|database.py-backfill_synced_at:100] >> [migration] mysafetydetail_parking synced_at 백필: 6건, 미해결 0건
[2026-09-26 20:33:18,473][INFO|database.py-backfill_synced_at:100] >> [migration] mysafetydetail_other synced_at 백필: 6건, 미해결 0건
[2026-09-26 20:33:18,475][INFO|database.py-backfill_synced_at:105] >> [migration] synced_at 백필 완료: 총 24건 갱신, merge 재생성 시작
[2026-09-26 20:33:18,482][INFO|database.py-merge_final:736] >> 최종 데이터 병합 완료 (Traffic/Parking/Other 분리)
[2026-09-26 20:33:18,510][INFO|duplicate_group_service.py-_log_info:53] >> [duplicate] payload exact 중복군 1개, 멤버 2건 재생성
[2026-09-26 20:33:18,523][INFO|database.py-merge_final:736] >> 최종 데이터 병합 완료 (Traffic/Parking/Other 분리)
[2026-09-26 20:33:18,548][INFO|duplicate_group_service.py-_log_info:53] >> [duplicate] payload exact 중복군 1개, 멤버 2건 재생성
.[2026-09-26 20:33:18,711][INFO|database.py-upgrade_schema:285] >> 테이블 'admin_users' 생성 중...
[2026-09-26 20:33:18,715][INFO|database.py-upgrade_schema:285] >> 테이블 'api_keys' 생성 중...
[2026-09-26 20:33:18,717][INFO|database.py-upgrade_schema:285] >> 테이블 'mysafety' 생성 중...
[2026-09-26 20:33:18,719][INFO|database.py-upgrade_schema:285] >> 테이블 'mysafety_change_cursor' 생성 중...
[2026-09-26 20:33:18,721][INFO|database.py-upgrade_schema:285] >> 테이블 'mysafety_change_log' 생성 중...
[2026-09-26 20:33:18,726][INFO|database.py-upgrade_schema:285] >> 테이블 'mysafety_duplicate_decision' 생성 중...
[2026-09-26 20:33:18,728][INFO|database.py-upgrade_schema:285] >> 테이블 'mysafety_duplicate_group' 생성 중...
[2026-09-26 20:33:18,730][INFO|database.py-upgrade_schema:285] >> 테이블 'mysafety_duplicate_member' 생성 중...
[2026-09-26 20:33:18,732][INFO|database.py-upgrade_schema:285] >> 테이블 'mysafety_entry_value' 생성 중...
[2026-09-26 20:33:18,733][INFO|database.py-upgrade_schema:285] >> 테이블 'mysafety_geocode_cache' 생성 중...
[2026-09-26 20:33:18,736][INFO|database.py-upgrade_schema:285] >> 테이블 'mysafety_raw_content' 생성 중...
[2026-09-26 20:33:18,738][INFO|database.py-upgrade_schema:285] >> 테이블 'mysafety_report_override' 생성 중...
[2026-09-26 20:33:18,739][INFO|database.py-upgrade_schema:285] >> 테이블 'mysafety_sync_meta' 생성 중...
[2026-09-26 20:33:18,741][INFO|database.py-upgrade_schema:285] >> 테이블 'mysafety_watchlist' 생성 중...
[2026-09-26 20:33:18,742][INFO|database.py-upgrade_schema:285] >> 테이블 'mysafetydetail_other' 생성 중...
[2026-09-26 20:33:18,744][INFO|database.py-upgrade_schema:285] >> 테이블 'mysafetydetail_parking' 생성 중...
[2026-09-26 20:33:18,746][INFO|database.py-upgrade_schema:285] >> 테이블 'mysafetydetail_traffic' 생성 중...
[2026-09-26 20:33:18,751][INFO|database.py-upgrade_schema:285] >> 테이블 'mysafetymerge_other' 생성 중...
[2026-09-26 20:33:18,753][INFO|database.py-upgrade_schema:285] >> 테이블 'mysafetymerge_parking' 생성 중...
[2026-09-26 20:33:18,755][INFO|database.py-upgrade_schema:285] >> 테이블 'mysafetymerge_traffic' 생성 중...
[2026-09-26 20:33:18,758][INFO|database.py-_apply_versioned_migrations:452] >> [schema] DB 스키마 버전 1 적용
[2026-09-26 20:33:18,763][INFO|database.py-_apply_versioned_migrations:452] >> [schema] DB 스키마 버전 2 적용
[2026-09-26 20:33:18,765][INFO|database.py-_apply_versioned_migrations:452] >> [schema] DB 스키마 버전 3 적용
[2026-09-26 20:33:18,776][INFO|database.py-_apply_versioned_migrations:452] >> [schema] DB 스키마 버전 4 적용
[2026-09-26 20:33:18,790][INFO|duplicate_group_service.py-_log_info:53] >> [duplicate] payload exact 중복군 0개, 멤버 0건 재생성
[2026-09-26 20:33:18,825][INFO|database.py-backfill_synced_at:100] >> [migration] mysafetydetail_traffic synced_at 백필: 12건, 미해결 0건
[2026-09-26 20:33:18,828][INFO|database.py-backfill_synced_at:100] >> [migration] mysafetydetail_parking synced_at 백필: 6건, 미해결 0건
[2026-09-26 20:33:18,832][INFO|database.py-backfill_synced_at:100] >> [migration] mysafetydetail_other synced_at 백필: 6건, 미해결 0건
[2026-09-26 20:33:18,835][INFO|database.py-backfill_synced_at:105] >> [migration] synced_at 백필 완료: 총 24건 갱신, merge 재생성 시작
[2026-09-26 20:33:18,842][INFO|database.py-merge_final:736] >> 최종 데이터 병합 완료 (Traffic/Parking/Other 분리)
[2026-09-26 20:33:18,868][INFO|duplicate_group_service.py-_log_info:53] >> [duplicate] payload exact 중복군 1개, 멤버 2건 재생성
[2026-09-26 20:33:18,876][INFO|database.py-merge_final:736] >> 최종 데이터 병합 완료 (Traffic/Parking/Other 분리)
[2026-09-26 20:33:18,898][INFO|duplicate_group_service.py-_log_info:53] >> [duplicate] payload exact 중복군 1개, 멤버 2건 재생성
.[2026-09-26 20:33:19,360][INFO|database.py-upgrade_schema:285] >> 테이블 'admin_users' 생성 중...
[2026-09-26 20:33:19,366][INFO|database.py-upgrade_schema:285] >> 테이블 'api_keys' 생성 중...
[2026-09-26 20:33:19,369][INFO|database.py-upgrade_schema:285] >> 테이블 'mysafety' 생성 중...
[2026-09-26 20:33:19,372][INFO|database.py-upgrade_schema:285] >> 테이블 'mysafety_change_cursor' 생성 중...
[2026-09-26 20:33:19,376][INFO|database.py-upgrade_schema:285] >> 테이블 'mysafety_change_log' 생성 중...
[2026-09-26 20:33:19,380][INFO|database.py-upgrade_schema:285] >> 테이블 'mysafety_duplicate_decision' 생성 중...
[2026-09-26 20:33:19,382][INFO|database.py-upgrade_schema:285] >> 테이블 'mysafety_duplicate_group' 생성 중...
[2026-09-26 20:33:19,385][INFO|database.py-upgrade_schema:285] >> 테이블 'mysafety_duplicate_member' 생성 중...
[2026-09-26 20:33:19,387][INFO|database.py-upgrade_schema:285] >> 테이블 'mysafety_entry_value' 생성 중...
[2026-09-26 20:33:19,389][INFO|database.py-upgrade_schema:285] >> 테이블 'mysafety_geocode_cache' 생성 중...
[2026-09-26 20:33:19,391][INFO|database.py-upgrade_schema:285] >> 테이블 'mysafety_raw_content' 생성 중...
[2026-09-26 20:33:19,393][INFO|database.py-upgrade_schema:285] >> 테이블 'mysafety_report_override' 생성 중...
[2026-09-26 20:33:19,394][INFO|database.py-upgrade_schema:285] >> 테이블 'mysafety_sync_meta' 생성 중...
[2026-09-26 20:33:19,396][INFO|database.py-upgrade_schema:285] >> 테이블 'mysafety_watchlist' 생성 중...
[2026-09-26 20:33:19,397][INFO|database.py-upgrade_schema:285] >> 테이블 'mysafetydetail_other' 생성 중...
[2026-09-26 20:33:19,399][INFO|database.py-upgrade_schema:285] >> 테이블 'mysafetydetail_parking' 생성 중...
[2026-09-26 20:33:19,401][INFO|database.py-upgrade_schema:285] >> 테이블 'mysafetydetail_traffic' 생성 중...
[2026-09-26 20:33:19,406][INFO|database.py-upgrade_schema:285] >> 테이블 'mysafetymerge_other' 생성 중...
[2026-09-26 20:33:19,408][INFO|database.py-upgrade_schema:285] >> 테이블 'mysafetymerge_parking' 생성 중...
[2026-09-26 20:33:19,416][INFO|database.py-upgrade_schema:285] >> 테이블 'mysafetymerge_traffic' 생성 중...
[2026-09-26 20:33:19,421][INFO|database.py-_apply_versioned_migrations:452] >> [schema] DB 스키마 버전 1 적용
[2026-09-26 20:33:19,427][INFO|database.py-_apply_versioned_migrations:452] >> [schema] DB 스키마 버전 2 적용
[2026-09-26 20:33:19,429][INFO|database.py-_apply_versioned_migrations:452] >> [schema] DB 스키마 버전 3 적용
[2026-09-26 20:33:19,449][INFO|database.py-_apply_versioned_migrations:452] >> [schema] DB 스키마 버전 4 적용
[2026-09-26 20:33:19,463][INFO|duplicate_group_service.py-_log_info:53] >> [duplicate] payload exact 중복군 0개, 멤버 0건 재생성
[2026-09-26 20:33:19,491][INFO|database.py-backfill_synced_at:100] >> [migration] mysafetydetail_traffic synced_at 백필: 12건, 미해결 0건
[2026-09-26 20:33:19,494][INFO|database.py-backfill_synced_at:100] >> [migration] mysafetydetail_parking synced_at 백필: 6건, 미해결 0건
[2026-09-26 20:33:19,497][INFO|database.py-backfill_synced_at:100] >> [migration] mysafetydetail_other synced_at 백필: 6건, 미해결 0건
[2026-09-26 20:33:19,499][INFO|database.py-backfill_synced_at:105] >> [migration] synced_at 백필 완료: 총 24건 갱신, merge 재생성 시작
[2026-09-26 20:33:19,505][INFO|database.py-merge_final:736] >> 최종 데이터 병합 완료 (Traffic/Parking/Other 분리)
[2026-09-26 20:33:19,527][INFO|duplicate_group_service.py-_log_info:53] >> [duplicate] payload exact 중복군 1개, 멤버 2건 재생성
[2026-09-26 20:33:19,534][INFO|database.py-merge_final:736] >> 최종 데이터 병합 완료 (Traffic/Parking/Other 분리)
[2026-09-26 20:33:19,564][INFO|duplicate_group_service.py-_log_info:53] >> [duplicate] payload exact 중복군 1개, 멤버 2건 재생성
.[2026-09-26 20:33:19,731][INFO|database.py-upgrade_schema:285] >> 테이블 'admin_users' 생성 중...
[2026-09-26 20:33:19,739][INFO|database.py-upgrade_schema:285] >> 테이블 'api_keys' 생성 중...
[2026-09-26 20:33:19,746][INFO|database.py-upgrade_schema:285] >> 테이블 'mysafety' 생성 중...
[2026-09-26 20:33:19,751][INFO|database.py-upgrade_schema:285] >> 테이블 'mysafety_change_cursor' 생성 중...
[2026-09-26 20:33:19,752][INFO|database.py-upgrade_schema:285] >> 테이블 'mysafety_change_log' 생성 중...
[2026-09-26 20:33:19,754][INFO|database.py-upgrade_schema:285] >> 테이블 'mysafety_duplicate_decision' 생성 중...
[2026-09-26 20:33:19,756][INFO|database.py-upgrade_schema:285] >> 테이블 'mysafety_duplicate_group' 생성 중...
[2026-09-26 20:33:19,757][INFO|database.py-upgrade_schema:285] >> 테이블 'mysafety_duplicate_member' 생성 중...
[2026-09-26 20:33:19,759][INFO|database.py-upgrade_schema:285] >> 테이블 'mysafety_entry_value' 생성 중...
[2026-09-26 20:33:19,761][INFO|database.py-upgrade_schema:285] >> 테이블 'mysafety_geocode_cache' 생성 중...
[2026-09-26 20:33:19,762][INFO|database.py-upgrade_schema:285] >> 테이블 'mysafety_raw_content' 생성 중...
[2026-09-26 20:33:19,764][INFO|database.py-upgrade_schema:285] >> 테이블 'mysafety_report_override' 생성 중...
[2026-09-26 20:33:19,766][INFO|database.py-upgrade_schema:285] >> 테이블 'mysafety_sync_meta' 생성 중...
[2026-09-26 20:33:19,767][INFO|database.py-upgrade_schema:285] >> 테이블 'mysafety_watchlist' 생성 중...
[2026-09-26 20:33:19,772][INFO|database.py-upgrade_schema:285] >> 테이블 'mysafetydetail_other' 생성 중...
[2026-09-26 20:33:19,774][INFO|database.py-upgrade_schema:285] >> 테이블 'mysafetydetail_parking' 생성 중...
[2026-09-26 20:33:19,783][INFO|database.py-upgrade_schema:285] >> 테이블 'mysafetydetail_traffic' 생성 중...
[2026-09-26 20:33:19,785][INFO|database.py-upgrade_schema:285] >> 테이블 'mysafetymerge_other' 생성 중...
[2026-09-26 20:33:19,787][INFO|database.py-upgrade_schema:285] >> 테이블 'mysafetymerge_parking' 생성 중...
[2026-09-26 20:33:19,789][INFO|database.py-upgrade_schema:285] >> 테이블 'mysafetymerge_traffic' 생성 중...
[2026-09-26 20:33:19,792][INFO|database.py-_apply_versioned_migrations:452] >> [schema] DB 스키마 버전 1 적용
[2026-09-26 20:33:19,797][INFO|database.py-_apply_versioned_migrations:452] >> [schema] DB 스키마 버전 2 적용
[2026-09-26 20:33:19,798][INFO|database.py-_apply_versioned_migrations:452] >> [schema] DB 스키마 버전 3 적용
[2026-09-26 20:33:19,818][INFO|database.py-_apply_versioned_migrations:452] >> [schema] DB 스키마 버전 4 적용
[2026-09-26 20:33:19,834][INFO|duplicate_group_service.py-_log_info:53] >> [duplicate] payload exact 중복군 0개, 멤버 0건 재생성
[2026-09-26 20:33:19,870][INFO|database.py-backfill_synced_at:100] >> [migration] mysafetydetail_traffic synced_at 백필: 12건, 미해결 0건
[2026-09-26 20:33:19,873][INFO|database.py-backfill_synced_at:100] >> [migration] mysafetydetail_parking synced_at 백필: 6건, 미해결 0건
[2026-09-26 20:33:19,876][INFO|database.py-backfill_synced_at:100] >> [migration] mysafetydetail_other synced_at 백필: 6건, 미해결 0건
[2026-09-26 20:33:19,877][INFO|database.py-backfill_synced_at:105] >> [migration] synced_at 백필 완료: 총 24건 갱신, merge 재생성 시작
[2026-09-26 20:33:19,885][INFO|database.py-merge_final:736] >> 최종 데이터 병합 완료 (Traffic/Parking/Other 분리)
[2026-09-26 20:33:19,909][INFO|duplicate_group_service.py-_log_info:53] >> [duplicate] payload exact 중복군 1개, 멤버 2건 재생성
[2026-09-26 20:33:19,920][INFO|database.py-merge_final:736] >> 최종 데이터 병합 완료 (Traffic/Parking/Other 분리)
[2026-09-26 20:33:19,944][INFO|duplicate_group_service.py-_log_info:53] >> [duplicate] payload exact 중복군 1개, 멤버 2건 재생성
.[2026-09-26 20:33:20,077][INFO|database.py-upgrade_schema:285] >> 테이블 'admin_users' 생성 중...
[2026-09-26 20:33:20,081][INFO|database.py-upgrade_schema:285] >> 테이블 'api_keys' 생성 중...
[2026-09-26 20:33:20,083][INFO|database.py-upgrade_schema:285] >> 테이블 'mysafety' 생성 중...
[2026-09-26 20:33:20,085][INFO|database.py-upgrade_schema:285] >> 테이블 'mysafety_change_cursor' 생성 중...
[2026-09-26 20:33:20,090][INFO|database.py-upgrade_schema:285] >> 테이블 'mysafety_change_log' 생성 중...
[2026-09-26 20:33:20,091][INFO|database.py-upgrade_schema:285] >> 테이블 'mysafety_duplicate_decision' 생성 중...
[2026-09-26 20:33:20,093][INFO|database.py-upgrade_schema:285] >> 테이블 'mysafety_duplicate_group' 생성 중...
[2026-09-26 20:33:20,095][INFO|database.py-upgrade_schema:285] >> 테이블 'mysafety_duplicate_member' 생성 중...
[2026-09-26 20:33:20,101][INFO|database.py-upgrade_schema:285] >> 테이블 'mysafety_entry_value' 생성 중...
[2026-09-26 20:33:20,104][INFO|database.py-upgrade_schema:285] >> 테이블 'mysafety_geocode_cache' 생성 중...
[2026-09-26 20:33:20,109][INFO|database.py-upgrade_schema:285] >> 테이블 'mysafety_raw_content' 생성 중...
[2026-09-26 20:33:20,111][INFO|database.py-upgrade_schema:285] >> 테이블 'mysafety_report_override' 생성 중...
[2026-09-26 20:33:20,115][INFO|database.py-upgrade_schema:285] >> 테이블 'mysafety_sync_meta' 생성 중...
[2026-09-26 20:33:20,118][INFO|database.py-upgrade_schema:285] >> 테이블 'mysafety_watchlist' 생성 중...
[2026-09-26 20:33:20,123][INFO|database.py-upgrade_schema:285] >> 테이블 'mysafetydetail_other' 생성 중...
[2026-09-26 20:33:20,125][INFO|database.py-upgrade_schema:285] >> 테이블 'mysafetydetail_parking' 생성 중...
[2026-09-26 20:33:20,127][INFO|database.py-upgrade_schema:285] >> 테이블 'mysafetydetail_traffic' 생성 중...
[2026-09-26 20:33:20,129][INFO|database.py-upgrade_schema:285] >> 테이블 'mysafetymerge_other' 생성 중...
[2026-09-26 20:33:20,133][INFO|database.py-upgrade_schema:285] >> 테이블 'mysafetymerge_parking' 생성 중...
[2026-09-26 20:33:20,136][INFO|database.py-upgrade_schema:285] >> 테이블 'mysafetymerge_traffic' 생성 중...
[2026-09-26 20:33:20,140][INFO|database.py-_apply_versioned_migrations:452] >> [schema] DB 스키마 버전 1 적용
[2026-09-26 20:33:20,145][INFO|database.py-_apply_versioned_migrations:452] >> [schema] DB 스키마 버전 2 적용
[2026-09-26 20:33:20,147][INFO|database.py-_apply_versioned_migrations:452] >> [schema] DB 스키마 버전 3 적용
[2026-09-26 20:33:20,165][INFO|database.py-_apply_versioned_migrations:452] >> [schema] DB 스키마 버전 4 적용
[2026-09-26 20:33:20,181][INFO|duplicate_group_service.py-_log_info:53] >> [duplicate] payload exact 중복군 0개, 멤버 0건 재생성
[2026-09-26 20:33:20,225][INFO|database.py-backfill_synced_at:100] >> [migration] mysafetydetail_traffic synced_at 백필: 12건, 미해결 0건
[2026-09-26 20:33:20,230][INFO|database.py-backfill_synced_at:100] >> [migration] mysafetydetail_parking synced_at 백필: 6건, 미해결 0건
[2026-09-26 20:33:20,235][INFO|database.py-backfill_synced_at:100] >> [migration] mysafetydetail_other synced_at 백필: 6건, 미해결 0건
[2026-09-26 20:33:20,240][INFO|database.py-backfill_synced_at:105] >> [migration] synced_at 백필 완료: 총 24건 갱신, merge 재생성 시작
[2026-09-26 20:33:20,248][INFO|database.py-merge_final:736] >> 최종 데이터 병합 완료 (Traffic/Parking/Other 분리)
[2026-09-26 20:33:20,272][INFO|duplicate_group_service.py-_log_info:53] >> [duplicate] payload exact 중복군 1개, 멤버 2건 재생성
[2026-09-26 20:33:20,285][INFO|database.py-merge_final:736] >> 최종 데이터 병합 완료 (Traffic/Parking/Other 분리)
[2026-09-26 20:33:20,312][INFO|duplicate_group_service.py-_log_info:53] >> [duplicate] payload exact 중복군 1개, 멤버 2건 재생성
[2026-09-26 20:33:20,443][INFO|start.py-_run_crawling_process:338] >> 큐 지정 크롤링 모드입니다. 전체 목록 갱신을 건너뜁니다.
[2026-09-26 20:33:20,444][WARNING|start.py-extract_ids_from_queue:129] >> 큐 신고번호 SPP-0000-NOPE이(가) 정확히 일치하지 않습니다. 목록 전체를 받은 뒤 다시 찾습니다.
[2026-09-26 20:33:20,444][INFO|start.py-_run_crawling_process:383] >> 미확인 신고번호 1건을 목록 전체에서 찾습니다.
[2026-09-26 20:33:20,444][INFO|crawltitle_api.py-crawl_titles:74] >> API 방식으로 목록 데이터를 호출합니다. (direct_login 세션)
[2026-09-26 20:33:20,444][INFO|crawltitle_api.py-crawl_titles:104] >> API 확인됨: 총 24건 (1페이지 분량)
[2026-09-26 20:33:20,444][INFO|crawltitle_api.py-crawl_titles:117] >> API 목록 로드 중: 1 페이지 (1~24건)
[2026-09-26 20:33:20,465][INFO|database.py-title_to_sql:694] >> 총 24건 title 테이블 upsert 완료. (신규: 0건)
[2026-09-26 20:33:20,466][WARNING|start.py-_run_crawling_process:427] >> 목록 전체를 찾아도 없는 신고번호: ['SPP-0000-NOPE']
[2026-09-26 20:33:20,466][INFO|start.py-_run_crawling_process:431] >> 큐 파일에서 2개의 아이템 크롤링 시작.
[2026-09-26 20:33:20,466][INFO|start.py-_run_crawling_process:445] >> 상세 크롤링 대상 ID: 2 건 (순차 처리)
[2026-09-26 20:33:20,466][INFO|start.py-_run_crawling_process:450] >> [API 방식] 상세 데이터 추출 시작
[2026-09-26 20:33:20,490][ERROR|start.py-_save_details_as_they_arrive:492] >> 상세 크롤링이 중간에 멈췄습니다(1건까지 저장됨): 네트워크 끊김
[2026-09-26 20:33:20,490][INFO|start.py-_save_details_as_they_arrive:493] >> 상세 저장 1건 (변경/신규 1건, 실패 0건)
[2026-09-26 20:33:20,502][WARNING|crawl_manager.py-_read_queue_report:210] >> [crawl] 대기 큐에서 목록 전체에 없는 신고번호 제외: ['SPP-0000-NOPE']
[2026-09-26 20:33:20,507][ERROR|start.py-main:586] >> 직접 로그인 실패: login failed
[2026-09-26 20:33:20,507][WARNING|start.py-main:587] >> 직접 로그인 최대 재시도(5) 실패. Selenium 로그인 후 브라우저 기반 API 호출 fallback으로 진행합니다.
[2026-09-26 20:33:20,507][ERROR|start.py-main:609] >> 실행 중 치명적 오류 발생: no browser
[2026-09-26 20:33:20,507][INFO|start.py-main:625] >> ====== 크롤링 작업 완료 ======
.[2026-09-26 20:33:20,521][INFO|database.py-upgrade_schema:285] >> 테이블 'admin_users' 생성 중...
[2026-09-26 20:33:20,524][INFO|database.py-upgrade_schema:285] >> 테이블 'api_keys' 생성 중...
[2026-09-26 20:33:20,526][INFO|database.py-upgrade_schema:285] >> 테이블 'mysafety' 생성 중...
[2026-09-26 20:33:20,527][INFO|database.py-upgrade_schema:285] >> 테이블 'mysafety_change_cursor' 생성 중...
[2026-09-26 20:33:20,528][INFO|database.py-upgrade_schema:285] >> 테이블 'mysafety_change_log' 생성 중...
[2026-09-26 20:33:20,530][INFO|database.py-upgrade_schema:285] >> 테이블 'mysafety_duplicate_decision' 생성 중...
[2026-09-26 20:33:20,536][INFO|database.py-upgrade_schema:285] >> 테이블 'mysafety_duplicate_group' 생성 중...
[2026-09-26 20:33:20,538][INFO|database.py-upgrade_schema:285] >> 테이블 'mysafety_duplicate_member' 생성 중...
[2026-09-26 20:33:20,543][INFO|database.py-upgrade_schema:285] >> 테이블 'mysafety_entry_value' 생성 중...
[2026-09-26 20:33:20,545][INFO|database.py-upgrade_schema:285] >> 테이블 'mysafety_geocode_cache' 생성 중...
[2026-09-26 20:33:20,547][INFO|database.py-upgrade_schema:285] >> 테이블 'mysafety_raw_content' 생성 중...
[2026-09-26 20:33:20,549][INFO|database.py-upgrade_schema:285] >> 테이블 'mysafety_report_override' 생성 중...
[2026-09-26 20:33:20,551][INFO|database.py-upgrade_schema:285] >> 테이블 'mysafety_sync_meta' 생성 중...
[2026-09-26 20:33:20,553][INFO|database.py-upgrade_schema:285] >> 테이블 'mysafety_watchlist' 생성 중...
[2026-09-26 20:33:20,555][INFO|database.py-upgrade_schema:285] >> 테이블 'mysafetydetail_other' 생성 중...
[2026-09-26 20:33:20,557][INFO|database.py-upgrade_schema:285] >> 테이블 'mysafetydetail_parking' 생성 중...
[2026-09-26 20:33:20,559][INFO|database.py-upgrade_schema:285] >> 테이블 'mysafetydetail_traffic' 생성 중...
[2026-09-26 20:33:20,561][INFO|database.py-upgrade_schema:285] >> 테이블 'mysafetymerge_other' 생성 중...
[2026-09-26 20:33:20,563][INFO|database.py-upgrade_schema:285] >> 테이블 'mysafetymerge_parking' 생성 중...
[2026-09-26 20:33:20,565][INFO|database.py-upgrade_schema:285] >> 테이블 'mysafetymerge_traffic' 생성 중...
[2026-09-26 20:33:20,569][INFO|database.py-_apply_versioned_migrations:452] >> [schema] DB 스키마 버전 1 적용
[2026-09-26 20:33:20,575][INFO|database.py-_apply_versioned_migrations:452] >> [schema] DB 스키마 버전 2 적용
[2026-09-26 20:33:20,577][INFO|database.py-_apply_versioned_migrations:452] >> [schema] DB 스키마 버전 3 적용
[2026-09-26 20:33:20,592][INFO|database.py-_apply_versioned_migrations:452] >> [schema] DB 스키마 버전 4 적용
[2026-09-26 20:33:20,608][INFO|duplicate_group_service.py-_log_info:53] >> [duplicate] payload exact 중복군 0개, 멤버 0건 재생성
[2026-09-26 20:33:20,642][INFO|database.py-backfill_synced_at:100] >> [migration] mysafetydetail_traffic synced_at 백필: 12건, 미해결 0건
[2026-09-26 20:33:20,645][INFO|database.py-backfill_synced_at:100] >> [migration] mysafetydetail_parking synced_at 백필: 6건, 미해결 0건
[2026-09-26 20:33:20,648][INFO|database.py-backfill_synced_at:100] >> [migration] mysafetydetail_other synced_at 백필: 6건, 미해결 0건
[2026-09-26 20:33:20,650][INFO|database.py-backfill_synced_at:105] >> [migration] synced_at 백필 완료: 총 24건 갱신, merge 재생성 시작
[2026-09-26 20:33:20,658][INFO|database.py-merge_final:736] >> 최종 데이터 병합 완료 (Traffic/Parking/Other 분리)
[2026-09-26 20:33:20,682][INFO|duplicate_group_service.py-_log_info:53] >> [duplicate] payload exact 중복군 1개, 멤버 2건 재생성
[2026-09-26 20:33:20,689][INFO|database.py-merge_final:736] >> 최종 데이터 병합 완료 (Traffic/Parking/Other 분리)
[2026-09-26 20:33:20,710][INFO|duplicate_group_service.py-_log_info:53] >> [duplicate] payload exact 중복군 1개, 멤버 2건 재생성
.[2026-09-26 20:33:21,264][INFO|database.py-upgrade_schema:285] >> 테이블 'admin_users' 생성 중...
[2026-09-26 20:33:21,271][INFO|database.py-upgrade_schema:285] >> 테이블 'api_keys' 생성 중...
[2026-09-26 20:33:21,273][INFO|database.py-upgrade_schema:285] >> 테이블 'mysafety' 생성 중...
[2026-09-26 20:33:21,282][INFO|database.py-upgrade_schema:285] >> 테이블 'mysafety_change_cursor' 생성 중...
[2026-09-26 20:33:21,285][INFO|database.py-upgrade_schema:285] >> 테이블 'mysafety_change_log' 생성 중...
[2026-09-26 20:33:21,287][INFO|database.py-upgrade_schema:285] >> 테이블 'mysafety_duplicate_decision' 생성 중...
[2026-09-26 20:33:21,288][INFO|database.py-upgrade_schema:285] >> 테이블 'mysafety_duplicate_group' 생성 중...
[2026-09-26 20:33:21,290][INFO|database.py-upgrade_schema:285] >> 테이블 'mysafety_duplicate_member' 생성 중...
[2026-09-26 20:33:21,291][INFO|database.py-upgrade_schema:285] >> 테이블 'mysafety_entry_value' 생성 중...
[2026-09-26 20:33:21,292][INFO|database.py-upgrade_schema:285] >> 테이블 'mysafety_geocode_cache' 생성 중...
[2026-09-26 20:33:21,294][INFO|database.py-upgrade_schema:285] >> 테이블 'mysafety_raw_content' 생성 중...
[2026-09-26 20:33:21,296][INFO|database.py-upgrade_schema:285] >> 테이블 'mysafety_report_override' 생성 중...
[2026-09-26 20:33:21,299][INFO|database.py-upgrade_schema:285] >> 테이블 'mysafety_sync_meta' 생성 중...
[2026-09-26 20:33:21,301][INFO|database.py-upgrade_schema:285] >> 테이블 'mysafety_watchlist' 생성 중...
[2026-09-26 20:33:21,302][INFO|database.py-upgrade_schema:285] >> 테이블 'mysafetydetail_other' 생성 중...
[2026-09-26 20:33:21,304][INFO|database.py-upgrade_schema:285] >> 테이블 'mysafetydetail_parking' 생성 중...
[2026-09-26 20:33:21,307][INFO|database.py-upgrade_schema:285] >> 테이블 'mysafetydetail_traffic' 생성 중...
[2026-09-26 20:33:21,309][INFO|database.py-upgrade_schema:285] >> 테이블 'mysafetymerge_other' 생성 중...
[2026-09-26 20:33:21,311][INFO|database.py-upgrade_schema:285] >> 테이블 'mysafetymerge_parking' 생성 중...
[2026-09-26 20:33:21,314][INFO|database.py-upgrade_schema:285] >> 테이블 'mysafetymerge_traffic' 생성 중...
[2026-09-26 20:33:21,320][INFO|database.py-_apply_versioned_migrations:452] >> [schema] DB 스키마 버전 1 적용
[2026-09-26 20:33:21,325][INFO|database.py-_apply_versioned_migrations:452] >> [schema] DB 스키마 버전 2 적용
[2026-09-26 20:33:21,328][INFO|database.py-_apply_versioned_migrations:452] >> [schema] DB 스키마 버전 3 적용
[2026-09-26 20:33:21,344][INFO|database.py-_apply_versioned_migrations:452] >> [schema] DB 스키마 버전 4 적용
[2026-09-26 20:33:21,364][INFO|duplicate_group_service.py-_log_info:53] >> [duplicate] payload exact 중복군 0개, 멤버 0건 재생성
[2026-09-26 20:33:21,400][INFO|database.py-backfill_synced_at:100] >> [migration] mysafetydetail_traffic synced_at 백필: 12건, 미해결 0건
[2026-09-26 20:33:21,405][INFO|database.py-backfill_synced_at:100] >> [migration] mysafetydetail_parking synced_at 백필: 6건, 미해결 0건
[2026-09-26 20:33:21,409][INFO|database.py-backfill_synced_at:100] >> [migration] mysafetydetail_other synced_at 백필: 6건, 미해결 0건
[2026-09-26 20:33:21,411][INFO|database.py-backfill_synced_at:105] >> [migration] synced_at 백필 완료: 총 24건 갱신, merge 재생성 시작
[2026-09-26 20:33:21,418][INFO|database.py-merge_final:736] >> 최종 데이터 병합 완료 (Traffic/Parking/Other 분리)
/home/better0101/projects/safetyreport/.venv/lib/python3.14/site-packages/pandas/core/internals/managers.py:2410: ResourceWarning: unclosed file <_io.FileIO name='/tmp/claude-1000/-home-better0101-projects-safetyreport/aa9d30e6-e7a5-4376-8fce-c9fb26682fbe/scratchpad/tmp.7Fe0hxNHL0/logs/current_crawl.log' mode='ab' closefd=True>
  block_type(x[1], placement=BlockPlacement(x[0]), ndim=2)
ResourceWarning: Enable tracemalloc to get the object allocation traceback
[2026-09-26 20:33:21,453][INFO|duplicate_group_service.py-_log_info:53] >> [duplicate] payload exact 중복군 1개, 멤버 2건 재생성
[2026-09-26 20:33:21,462][INFO|database.py-merge_final:736] >> 최종 데이터 병합 완료 (Traffic/Parking/Other 분리)
[2026-09-26 20:33:21,487][INFO|duplicate_group_service.py-_log_info:53] >> [duplicate] payload exact 중복군 1개, 멤버 2건 재생성
[2026-09-26 20:33:21,712][INFO|database.py-_normalize_processing_layers:188] >> [migration] raw/canonical 상태 정규화 완료: 총 5건 갱신
[2026-09-26 20:33:21,727][INFO|database.py-merge_final:736] >> 최종 데이터 병합 완료 (Traffic/Parking/Other 분리)
[2026-09-26 20:33:21,765][INFO|duplicate_group_service.py-_log_info:53] >> [duplicate] payload exact 중복군 1개, 멤버 2건 재생성
[2026-09-26 20:33:21,785][INFO|database.py-merge_final:736] >> 최종 데이터 병합 완료 (Traffic/Parking/Other 분리)
[2026-09-26 20:33:21,800][INFO|duplicate_group_service.py-_log_info:53] >> [duplicate] payload exact 중복군 0개, 멤버 0건 재생성
[2026-09-26 20:33:21,815][INFO|exchange.py-_restore_exclusive:413] >> mobile DB 복원 완료. 백업: /tmp/claude-1000/-home-better0101-projects-safetyreport/aa9d30e6-e7a5-4376-8fce-c9fb26682fbe/scratchpad/tmp.7Fe0hxNHL0/backups/data_before_restore_20260926_203321.db, 신고건수: 1
.[2026-09-26 20:33:21,825][INFO|database.py-upgrade_schema:285] >> 테이블 'admin_users' 생성 중...
[2026-09-26 20:33:21,838][INFO|database.py-upgrade_schema:285] >> 테이블 'api_keys' 생성 중...
[2026-09-26 20:33:21,840][INFO|database.py-upgrade_schema:285] >> 테이블 'mysafety' 생성 중...
[2026-09-26 20:33:21,842][INFO|database.py-upgrade_schema:285] >> 테이블 'mysafety_change_cursor' 생성 중...
[2026-09-26 20:33:21,843][INFO|database.py-upgrade_schema:285] >> 테이블 'mysafety_change_log' 생성 중...
[2026-09-26 20:33:21,845][INFO|database.py-upgrade_schema:285] >> 테이블 'mysafety_duplicate_decision' 생성 중...
[2026-09-26 20:33:21,850][INFO|database.py-upgrade_schema:285] >> 테이블 'mysafety_duplicate_group' 생성 중...
[2026-09-26 20:33:21,852][INFO|database.py-upgrade_schema:285] >> 테이블 'mysafety_duplicate_member' 생성 중...
[2026-09-26 20:33:21,860][INFO|database.py-upgrade_schema:285] >> 테이블 'mysafety_entry_value' 생성 중...
[2026-09-26 20:33:21,863][INFO|database.py-upgrade_schema:285] >> 테이블 'mysafety_geocode_cache' 생성 중...
[2026-09-26 20:33:21,866][INFO|database.py-upgrade_schema:285] >> 테이블 'mysafety_raw_content' 생성 중...
[2026-09-26 20:33:21,867][INFO|database.py-upgrade_schema:285] >> 테이블 'mysafety_report_override' 생성 중...
[2026-09-26 20:33:21,869][INFO|database.py-upgrade_schema:285] >> 테이블 'mysafety_sync_meta' 생성 중...
[2026-09-26 20:33:21,870][INFO|database.py-upgrade_schema:285] >> 테이블 'mysafety_watchlist' 생성 중...
[2026-09-26 20:33:21,872][INFO|database.py-upgrade_schema:285] >> 테이블 'mysafetydetail_other' 생성 중...
[2026-09-26 20:33:21,873][INFO|database.py-upgrade_schema:285] >> 테이블 'mysafetydetail_parking' 생성 중...
[2026-09-26 20:33:21,875][INFO|database.py-upgrade_schema:285] >> 테이블 'mysafetydetail_traffic' 생성 중...
[2026-09-26 20:33:21,877][INFO|database.py-upgrade_schema:285] >> 테이블 'mysafetymerge_other' 생성 중...
[2026-09-26 20:33:21,879][INFO|database.py-upgrade_schema:285] >> 테이블 'mysafetymerge_parking' 생성 중...
[2026-09-26 20:33:21,880][INFO|database.py-upgrade_schema:285] >> 테이블 'mysafetymerge_traffic' 생성 중...
[2026-09-26 20:33:21,894][INFO|database.py-_apply_versioned_migrations:452] >> [schema] DB 스키마 버전 1 적용
[2026-09-26 20:33:21,901][INFO|database.py-_apply_versioned_migrations:452] >> [schema] DB 스키마 버전 2 적용
[2026-09-26 20:33:21,903][INFO|database.py-_apply_versioned_migrations:452] >> [schema] DB 스키마 버전 3 적용
[2026-09-26 20:33:21,914][INFO|database.py-_apply_versioned_migrations:452] >> [schema] DB 스키마 버전 4 적용
[2026-09-26 20:33:21,928][INFO|duplicate_group_service.py-_log_info:53] >> [duplicate] payload exact 중복군 0개, 멤버 0건 재생성
[2026-09-26 20:33:21,960][INFO|database.py-backfill_synced_at:100] >> [migration] mysafetydetail_traffic synced_at 백필: 12건, 미해결 0건
[2026-09-26 20:33:21,964][INFO|database.py-backfill_synced_at:100] >> [migration] mysafetydetail_parking synced_at 백필: 6건, 미해결 0건
[2026-09-26 20:33:21,968][INFO|database.py-backfill_synced_at:100] >> [migration] mysafetydetail_other synced_at 백필: 6건, 미해결 0건
[2026-09-26 20:33:21,970][INFO|database.py-backfill_synced_at:105] >> [migration] synced_at 백필 완료: 총 24건 갱신, merge 재생성 시작
[2026-09-26 20:33:21,976][INFO|database.py-merge_final:736] >> 최종 데이터 병합 완료 (Traffic/Parking/Other 분리)
[2026-09-26 20:33:21,999][INFO|duplicate_group_service.py-_log_info:53] >> [duplicate] payload exact 중복군 1개, 멤버 2건 재생성
[2026-09-26 20:33:22,011][INFO|database.py-merge_final:736] >> 최종 데이터 병합 완료 (Traffic/Parking/Other 분리)
[2026-09-26 20:33:22,040][INFO|duplicate_group_service.py-_log_info:53] >> [duplicate] payload exact 중복군 1개, 멤버 2건 재생성
.[2026-09-26 20:33:22,224][INFO|database.py-upgrade_schema:285] >> 테이블 'admin_users' 생성 중...
[2026-09-26 20:33:22,228][INFO|database.py-upgrade_schema:285] >> 테이블 'api_keys' 생성 중...
[2026-09-26 20:33:22,230][INFO|database.py-upgrade_schema:285] >> 테이블 'mysafety' 생성 중...
[2026-09-26 20:33:22,237][INFO|database.py-upgrade_schema:285] >> 테이블 'mysafety_change_cursor' 생성 중...
[2026-09-26 20:33:22,240][INFO|database.py-upgrade_schema:285] >> 테이블 'mysafety_change_log' 생성 중...
[2026-09-26 20:33:22,241][INFO|database.py-upgrade_schema:285] >> 테이블 'mysafety_duplicate_decision' 생성 중...
[2026-09-26 20:33:22,243][INFO|database.py-upgrade_schema:285] >> 테이블 'mysafety_duplicate_group' 생성 중...
[2026-09-26 20:33:22,244][INFO|database.py-upgrade_schema:285] >> 테이블 'mysafety_duplicate_member' 생성 중...
[2026-09-26 20:33:22,245][INFO|database.py-upgrade_schema:285] >> 테이블 'mysafety_entry_value' 생성 중...
[2026-09-26 20:33:22,247][INFO|database.py-upgrade_schema:285] >> 테이블 'mysafety_geocode_cache' 생성 중...
[2026-09-26 20:33:22,249][INFO|database.py-upgrade_schema:285] >> 테이블 'mysafety_raw_content' 생성 중...
[2026-09-26 20:33:22,251][INFO|database.py-upgrade_schema:285] >> 테이블 'mysafety_report_override' 생성 중...
[2026-09-26 20:33:22,253][INFO|database.py-upgrade_schema:285] >> 테이블 'mysafety_sync_meta' 생성 중...
[2026-09-26 20:33:22,255][INFO|database.py-upgrade_schema:285] >> 테이블 'mysafety_watchlist' 생성 중...
[2026-09-26 20:33:22,257][INFO|database.py-upgrade_schema:285] >> 테이블 'mysafetydetail_other' 생성 중...
[2026-09-26 20:33:22,260][INFO|database.py-upgrade_schema:285] >> 테이블 'mysafetydetail_parking' 생성 중...
[2026-09-26 20:33:22,273][INFO|database.py-upgrade_schema:285] >> 테이블 'mysafetydetail_traffic' 생성 중...
[2026-09-26 20:33:22,277][INFO|database.py-upgrade_schema:285] >> 테이블 'mysafetymerge_other' 생성 중...
[2026-09-26 20:33:22,280][INFO|database.py-upgrade_schema:285] >> 테이블 'mysafetymerge_parking' 생성 중...
[2026-09-26 20:33:22,283][INFO|database.py-upgrade_schema:285] >> 테이블 'mysafetymerge_traffic' 생성 중...
[2026-09-26 20:33:22,287][INFO|database.py-_apply_versioned_migrations:452] >> [schema] DB 스키마 버전 1 적용
[2026-09-26 20:33:22,293][INFO|database.py-_apply_versioned_migrations:452] >> [schema] DB 스키마 버전 2 적용
[2026-09-26 20:33:22,295][INFO|database.py-_apply_versioned_migrations:452] >> [schema] DB 스키마 버전 3 적용
[2026-09-26 20:33:22,315][INFO|database.py-_apply_versioned_migrations:452] >> [schema] DB 스키마 버전 4 적용
[2026-09-26 20:33:22,331][INFO|duplicate_group_service.py-_log_info:53] >> [duplicate] payload exact 중복군 0개, 멤버 0건 재생성
[2026-09-26 20:33:22,370][INFO|database.py-backfill_synced_at:100] >> [migration] mysafetydetail_traffic synced_at 백필: 12건, 미해결 0건
[2026-09-26 20:33:22,374][INFO|database.py-backfill_synced_at:100] >> [migration] mysafetydetail_parking synced_at 백필: 6건, 미해결 0건
[2026-09-26 20:33:22,378][INFO|database.py-backfill_synced_at:100] >> [migration] mysafetydetail_other synced_at 백필: 6건, 미해결 0건
[2026-09-26 20:33:22,382][INFO|database.py-backfill_synced_at:105] >> [migration] synced_at 백필 완료: 총 24건 갱신, merge 재생성 시작
[2026-09-26 20:33:22,389][INFO|database.py-merge_final:736] >> 최종 데이터 병합 완료 (Traffic/Parking/Other 분리)
[2026-09-26 20:33:22,418][INFO|duplicate_group_service.py-_log_info:53] >> [duplicate] payload exact 중복군 1개, 멤버 2건 재생성
[2026-09-26 20:33:22,428][INFO|database.py-merge_final:736] >> 최종 데이터 병합 완료 (Traffic/Parking/Other 분리)
[2026-09-26 20:33:22,453][INFO|duplicate_group_service.py-_log_info:53] >> [duplicate] payload exact 중복군 1개, 멤버 2건 재생성
[2026-09-26 20:33:23,145][INFO|database.py-_normalize_processing_layers:188] >> [migration] raw/canonical 상태 정규화 완료: 총 5건 갱신
[2026-09-26 20:33:23,156][INFO|database.py-merge_final:736] >> 최종 데이터 병합 완료 (Traffic/Parking/Other 분리)
[2026-09-26 20:33:23,185][INFO|duplicate_group_service.py-_log_info:53] >> [duplicate] payload exact 중복군 1개, 멤버 2건 재생성
[2026-09-26 20:33:23,201][INFO|database.py-merge_final:736] >> 최종 데이터 병합 완료 (Traffic/Parking/Other 분리)
[2026-09-26 20:33:23,217][INFO|duplicate_group_service.py-_log_info:53] >> [duplicate] payload exact 중복군 0개, 멤버 0건 재생성
[2026-09-26 20:33:23,236][INFO|exchange.py-_restore_exclusive:413] >> mobile DB 복원 완료. 백업: /tmp/claude-1000/-home-better0101-projects-safetyreport/aa9d30e6-e7a5-4376-8fce-c9fb26682fbe/scratchpad/tmp.7Fe0hxNHL0/backups/data_before_restore_20260926_203323.db, 신고건수: 1
.[2026-09-26 20:33:23,255][INFO|database.py-upgrade_schema:285] >> 테이블 'admin_users' 생성 중...
[2026-09-26 20:33:23,258][INFO|database.py-upgrade_schema:285] >> 테이블 'api_keys' 생성 중...
[2026-09-26 20:33:23,262][INFO|database.py-upgrade_schema:285] >> 테이블 'mysafety' 생성 중...
[2026-09-26 20:33:23,265][INFO|database.py-upgrade_schema:285] >> 테이블 'mysafety_change_cursor' 생성 중...
[2026-09-26 20:33:23,267][INFO|database.py-upgrade_schema:285] >> 테이블 'mysafety_change_log' 생성 중...
[2026-09-26 20:33:23,268][INFO|database.py-upgrade_schema:285] >> 테이블 'mysafety_duplicate_decision' 생성 중...
[2026-09-26 20:33:23,271][INFO|database.py-upgrade_schema:285] >> 테이블 'mysafety_duplicate_group' 생성 중...
[2026-09-26 20:33:23,273][INFO|database.py-upgrade_schema:285] >> 테이블 'mysafety_duplicate_member' 생성 중...
[2026-09-26 20:33:23,274][INFO|database.py-upgrade_schema:285] >> 테이블 'mysafety_entry_value' 생성 중...
[2026-09-26 20:33:23,276][INFO|database.py-upgrade_schema:285] >> 테이블 'mysafety_geocode_cache' 생성 중...
[2026-09-26 20:33:23,278][INFO|database.py-upgrade_schema:285] >> 테이블 'mysafety_raw_content' 생성 중...
[2026-09-26 20:33:23,280][INFO|database.py-upgrade_schema:285] >> 테이블 'mysafety_report_override' 생성 중...
[2026-09-26 20:33:23,281][INFO|database.py-upgrade_schema:285] >> 테이블 'mysafety_sync_meta' 생성 중...
[2026-09-26 20:33:23,285][INFO|database.py-upgrade_schema:285] >> 테이블 'mysafety_watchlist' 생성 중...
[2026-09-26 20:33:23,287][INFO|database.py-upgrade_schema:285] >> 테이블 'mysafetydetail_other' 생성 중...
[2026-09-26 20:33:23,289][INFO|database.py-upgrade_schema:285] >> 테이블 'mysafetydetail_parking' 생성 중...
[2026-09-26 20:33:23,293][INFO|database.py-upgrade_schema:285] >> 테이블 'mysafetydetail_traffic' 생성 중...
[2026-09-26 20:33:23,296][INFO|database.py-upgrade_schema:285] >> 테이블 'mysafetymerge_other' 생성 중...
[2026-09-26 20:33:23,299][INFO|database.py-upgrade_schema:285] >> 테이블 'mysafetymerge_parking' 생성 중...
[2026-09-26 20:33:23,302][INFO|database.py-upgrade_schema:285] >> 테이블 'mysafetymerge_traffic' 생성 중...
[2026-09-26 20:33:23,307][INFO|database.py-_apply_versioned_migrations:452] >> [schema] DB 스키마 버전 1 적용
[2026-09-26 20:33:23,313][INFO|database.py-_apply_versioned_migrations:452] >> [schema] DB 스키마 버전 2 적용
[2026-09-26 20:33:23,318][INFO|database.py-_apply_versioned_migrations:452] >> [schema] DB 스키마 버전 3 적용
[2026-09-26 20:33:23,337][INFO|database.py-_apply_versioned_migrations:452] >> [schema] DB 스키마 버전 4 적용
/home/better0101/projects/safetyreport/.venv/lib/python3.14/site-packages/sqlalchemy/sql/compiler.py:726: ResourceWarning: unclosed database in <sqlite3.Connection object at 0x738dc461dd50>
  stack = collections.deque([start_with])
ResourceWarning: Enable tracemalloc to get the object allocation traceback
[2026-09-26 20:33:23,363][INFO|duplicate_group_service.py-_log_info:53] >> [duplicate] payload exact 중복군 0개, 멤버 0건 재생성
[2026-09-26 20:33:23,421][INFO|database.py-backfill_synced_at:100] >> [migration] mysafetydetail_traffic synced_at 백필: 12건, 미해결 0건
[2026-09-26 20:33:23,425][INFO|database.py-backfill_synced_at:100] >> [migration] mysafetydetail_parking synced_at 백필: 6건, 미해결 0건
[2026-09-26 20:33:23,429][INFO|database.py-backfill_synced_at:100] >> [migration] mysafetydetail_other synced_at 백필: 6건, 미해결 0건
[2026-09-26 20:33:23,433][INFO|database.py-backfill_synced_at:105] >> [migration] synced_at 백필 완료: 총 24건 갱신, merge 재생성 시작
[2026-09-26 20:33:23,452][INFO|database.py-merge_final:736] >> 최종 데이터 병합 완료 (Traffic/Parking/Other 분리)
[2026-09-26 20:33:23,486][INFO|duplicate_group_service.py-_log_info:53] >> [duplicate] payload exact 중복군 1개, 멤버 2건 재생성
[2026-09-26 20:33:23,497][INFO|database.py-merge_final:736] >> 최종 데이터 병합 완료 (Traffic/Parking/Other 분리)
[2026-09-26 20:33:23,523][INFO|duplicate_group_service.py-_log_info:53] >> [duplicate] payload exact 중복군 1개, 멤버 2건 재생성
.[2026-09-26 20:33:23,673][INFO|database.py-upgrade_schema:285] >> 테이블 'admin_users' 생성 중...
[2026-09-26 20:33:23,676][INFO|database.py-upgrade_schema:285] >> 테이블 'api_keys' 생성 중...
[2026-09-26 20:33:23,677][INFO|database.py-upgrade_schema:285] >> 테이블 'mysafety' 생성 중...
[2026-09-26 20:33:23,679][INFO|database.py-upgrade_schema:285] >> 테이블 'mysafety_change_cursor' 생성 중...
[2026-09-26 20:33:23,680][INFO|database.py-upgrade_schema:285] >> 테이블 'mysafety_change_log' 생성 중...
[2026-09-26 20:33:23,682][INFO|database.py-upgrade_schema:285] >> 테이블 'mysafety_duplicate_decision' 생성 중...
[2026-09-26 20:33:23,683][INFO|database.py-upgrade_schema:285] >> 테이블 'mysafety_duplicate_group' 생성 중...
[2026-09-26 20:33:23,685][INFO|database.py-upgrade_schema:285] >> 테이블 'mysafety_duplicate_member' 생성 중...
[2026-09-26 20:33:23,686][INFO|database.py-upgrade_schema:285] >> 테이블 'mysafety_entry_value' 생성 중...
[2026-09-26 20:33:23,688][INFO|database.py-upgrade_schema:285] >> 테이블 'mysafety_geocode_cache' 생성 중...
[2026-09-26 20:33:23,690][INFO|database.py-upgrade_schema:285] >> 테이블 'mysafety_raw_content' 생성 중...
[2026-09-26 20:33:23,692][INFO|database.py-upgrade_schema:285] >> 테이블 'mysafety_report_override' 생성 중...
[2026-09-26 20:33:23,694][INFO|database.py-upgrade_schema:285] >> 테이블 'mysafety_sync_meta' 생성 중...
[2026-09-26 20:33:23,696][INFO|database.py-upgrade_schema:285] >> 테이블 'mysafety_watchlist' 생성 중...
[2026-09-26 20:33:23,702][INFO|database.py-upgrade_schema:285] >> 테이블 'mysafetydetail_other' 생성 중...
[2026-09-26 20:33:23,707][INFO|database.py-upgrade_schema:285] >> 테이블 'mysafetydetail_parking' 생성 중...
[2026-09-26 20:33:23,709][INFO|database.py-upgrade_schema:285] >> 테이블 'mysafetydetail_traffic' 생성 중...
[2026-09-26 20:33:23,710][INFO|database.py-upgrade_schema:285] >> 테이블 'mysafetymerge_other' 생성 중...
[2026-09-26 20:33:23,712][INFO|database.py-upgrade_schema:285] >> 테이블 'mysafetymerge_parking' 생성 중...
[2026-09-26 20:33:23,714][INFO|database.py-upgrade_schema:285] >> 테이블 'mysafetymerge_traffic' 생성 중...
[2026-09-26 20:33:23,718][INFO|database.py-_apply_versioned_migrations:452] >> [schema] DB 스키마 버전 1 적용
[2026-09-26 20:33:23,723][INFO|database.py-_apply_versioned_migrations:452] >> [schema] DB 스키마 버전 2 적용
[2026-09-26 20:33:23,725][INFO|database.py-_apply_versioned_migrations:452] >> [schema] DB 스키마 버전 3 적용
[2026-09-26 20:33:23,741][INFO|database.py-_apply_versioned_migrations:452] >> [schema] DB 스키마 버전 4 적용
[2026-09-26 20:33:23,766][INFO|duplicate_group_service.py-_log_info:53] >> [duplicate] payload exact 중복군 0개, 멤버 0건 재생성
[2026-09-26 20:33:23,802][INFO|database.py-backfill_synced_at:100] >> [migration] mysafetydetail_traffic synced_at 백필: 12건, 미해결 0건
[2026-09-26 20:33:23,805][INFO|database.py-backfill_synced_at:100] >> [migration] mysafetydetail_parking synced_at 백필: 6건, 미해결 0건
[2026-09-26 20:33:23,808][INFO|database.py-backfill_synced_at:100] >> [migration] mysafetydetail_other synced_at 백필: 6건, 미해결 0건
[2026-09-26 20:33:23,810][INFO|database.py-backfill_synced_at:105] >> [migration] synced_at 백필 완료: 총 24건 갱신, merge 재생성 시작
[2026-09-26 20:33:23,821][INFO|database.py-merge_final:736] >> 최종 데이터 병합 완료 (Traffic/Parking/Other 분리)
[2026-09-26 20:33:23,845][INFO|duplicate_group_service.py-_log_info:53] >> [duplicate] payload exact 중복군 1개, 멤버 2건 재생성
[2026-09-26 20:33:23,853][INFO|database.py-merge_final:736] >> 최종 데이터 병합 완료 (Traffic/Parking/Other 분리)
[2026-09-26 20:33:23,874][INFO|duplicate_group_service.py-_log_info:53] >> [duplicate] payload exact 중복군 1개, 멤버 2건 재생성
[2026-09-26 20:33:24,003][INFO|database.py-_get_new_and_incomplete_ids:460] >> 신규, 미종결 신고 건 스캔 시작
[2026-09-26 20:33:24,010][INFO|database.py-get_pending_detail_ids:618] >> 스캔대상 ID 총 24건
[2026-09-26 20:33:24,012][INFO|database.py-_get_new_and_incomplete_ids:460] >> 신규, 미종결 신고 건 스캔 시작
[2026-09-26 20:33:24,016][INFO|database.py-get_pending_detail_ids:618] >> 스캔대상 ID 총 24건
.[2026-09-26 20:33:24,031][INFO|database.py-upgrade_schema:285] >> 테이블 'admin_users' 생성 중...
[2026-09-26 20:33:24,036][INFO|database.py-upgrade_schema:285] >> 테이블 'api_keys' 생성 중...
[2026-09-26 20:33:24,038][INFO|database.py-upgrade_schema:285] >> 테이블 'mysafety' 생성 중...
[2026-09-26 20:33:24,040][INFO|database.py-upgrade_schema:285] >> 테이블 'mysafety_change_cursor' 생성 중...
[2026-09-26 20:33:24,041][INFO|database.py-upgrade_schema:285] >> 테이블 'mysafety_change_log' 생성 중...
[2026-09-26 20:33:24,042][INFO|database.py-upgrade_schema:285] >> 테이블 'mysafety_duplicate_decision' 생성 중...
[2026-09-26 20:33:24,044][INFO|database.py-upgrade_schema:285] >> 테이블 'mysafety_duplicate_group' 생성 중...
[2026-09-26 20:33:24,046][INFO|database.py-upgrade_schema:285] >> 테이블 'mysafety_duplicate_member' 생성 중...
[2026-09-26 20:33:24,048][INFO|database.py-upgrade_schema:285] >> 테이블 'mysafety_entry_value' 생성 중...
[2026-09-26 20:33:24,052][INFO|database.py-upgrade_schema:285] >> 테이블 'mysafety_geocode_cache' 생성 중...
[2026-09-26 20:33:24,054][INFO|database.py-upgrade_schema:285] >> 테이블 'mysafety_raw_content' 생성 중...
[2026-09-26 20:33:24,058][INFO|database.py-upgrade_schema:285] >> 테이블 'mysafety_report_override' 생성 중...
[2026-09-26 20:33:24,060][INFO|database.py-upgrade_schema:285] >> 테이블 'mysafety_sync_meta' 생성 중...
[2026-09-26 20:33:24,063][INFO|database.py-upgrade_schema:285] >> 테이블 'mysafety_watchlist' 생성 중...
[2026-09-26 20:33:24,066][INFO|database.py-upgrade_schema:285] >> 테이블 'mysafetydetail_other' 생성 중...
[2026-09-26 20:33:24,068][INFO|database.py-upgrade_schema:285] >> 테이블 'mysafetydetail_parking' 생성 중...
[2026-09-26 20:33:24,070][INFO|database.py-upgrade_schema:285] >> 테이블 'mysafetydetail_traffic' 생성 중...
[2026-09-26 20:33:24,072][INFO|database.py-upgrade_schema:285] >> 테이블 'mysafetymerge_other' 생성 중...
[2026-09-26 20:33:24,074][INFO|database.py-upgrade_schema:285] >> 테이블 'mysafetymerge_parking' 생성 중...
[2026-09-26 20:33:24,075][INFO|database.py-upgrade_schema:285] >> 테이블 'mysafetymerge_traffic' 생성 중...
[2026-09-26 20:33:24,079][INFO|database.py-_apply_versioned_migrations:452] >> [schema] DB 스키마 버전 1 적용
[2026-09-26 20:33:24,089][INFO|database.py-_apply_versioned_migrations:452] >> [schema] DB 스키마 버전 2 적용
[2026-09-26 20:33:24,092][INFO|database.py-_apply_versioned_migrations:452] >> [schema] DB 스키마 버전 3 적용
[2026-09-26 20:33:24,110][INFO|database.py-_apply_versioned_migrations:452] >> [schema] DB 스키마 버전 4 적용
[2026-09-26 20:33:24,136][INFO|duplicate_group_service.py-_log_info:53] >> [duplicate] payload exact 중복군 0개, 멤버 0건 재생성
[2026-09-26 20:33:24,171][INFO|database.py-backfill_synced_at:100] >> [migration] mysafetydetail_traffic synced_at 백필: 12건, 미해결 0건
[2026-09-26 20:33:24,182][INFO|database.py-backfill_synced_at:100] >> [migration] mysafetydetail_parking synced_at 백필: 6건, 미해결 0건
[2026-09-26 20:33:24,186][INFO|database.py-backfill_synced_at:100] >> [migration] mysafetydetail_other synced_at 백필: 6건, 미해결 0건
[2026-09-26 20:33:24,188][INFO|database.py-backfill_synced_at:105] >> [migration] synced_at 백필 완료: 총 24건 갱신, merge 재생성 시작
[2026-09-26 20:33:24,199][INFO|database.py-merge_final:736] >> 최종 데이터 병합 완료 (Traffic/Parking/Other 분리)
[2026-09-26 20:33:24,224][INFO|duplicate_group_service.py-_log_info:53] >> [duplicate] payload exact 중복군 1개, 멤버 2건 재생성
[2026-09-26 20:33:24,235][INFO|database.py-merge_final:736] >> 최종 데이터 병합 완료 (Traffic/Parking/Other 분리)
[2026-09-26 20:33:24,258][INFO|duplicate_group_service.py-_log_info:53] >> [duplicate] payload exact 중복군 1개, 멤버 2건 재생성
[2026-09-26 20:33:24,406][INFO|geocode_service.py-prepare_geo_payload:590] >> [geocode] 설정 누락으로 지오코딩 보류: 카카오 REST API 키가 비어 있습니다.
[2026-09-26 20:33:24,453][INFO|duplicate_group_service.py-_log_info:53] >> [duplicate] payload exact 중복군 1개, 멤버 2건 재생성
[2026-09-26 20:33:24,455][INFO|database.py-detail_to_sql:723] >> 총 1건 detail 저장 완료. (변경/신규: 1건, 실패: 0건)
[2026-09-26 20:33:24,461][INFO|database.py-merge_final:736] >> 최종 데이터 병합 완료 (Traffic/Parking/Other 분리)
[2026-09-26 20:33:24,485][INFO|duplicate_group_service.py-_log_info:53] >> [duplicate] payload exact 중복군 1개, 멤버 2건 재생성
.[2026-09-26 20:33:24,499][INFO|database.py-upgrade_schema:285] >> 테이블 'admin_users' 생성 중...
[2026-09-26 20:33:24,502][INFO|database.py-upgrade_schema:285] >> 테이블 'api_keys' 생성 중...
[2026-09-26 20:33:24,504][INFO|database.py-upgrade_schema:285] >> 테이블 'mysafety' 생성 중...
[2026-09-26 20:33:24,510][INFO|database.py-upgrade_schema:285] >> 테이블 'mysafety_change_cursor' 생성 중...
[2026-09-26 20:33:24,512][INFO|database.py-upgrade_schema:285] >> 테이블 'mysafety_change_log' 생성 중...
[2026-09-26 20:33:24,515][INFO|database.py-upgrade_schema:285] >> 테이블 'mysafety_duplicate_decision' 생성 중...
[2026-09-26 20:33:24,517][INFO|database.py-upgrade_schema:285] >> 테이블 'mysafety_duplicate_group' 생성 중...
[2026-09-26 20:33:24,519][INFO|database.py-upgrade_schema:285] >> 테이블 'mysafety_duplicate_member' 생성 중...
[2026-09-26 20:33:24,521][INFO|database.py-upgrade_schema:285] >> 테이블 'mysafety_entry_value' 생성 중...
[2026-09-26 20:33:24,523][INFO|database.py-upgrade_schema:285] >> 테이블 'mysafety_geocode_cache' 생성 중...
[2026-09-26 20:33:24,525][INFO|database.py-upgrade_schema:285] >> 테이블 'mysafety_raw_content' 생성 중...
[2026-09-26 20:33:24,527][INFO|database.py-upgrade_schema:285] >> 테이블 'mysafety_report_override' 생성 중...
[2026-09-26 20:33:24,529][INFO|database.py-upgrade_schema:285] >> 테이블 'mysafety_sync_meta' 생성 중...
[2026-09-26 20:33:24,535][INFO|database.py-upgrade_schema:285] >> 테이블 'mysafety_watchlist' 생성 중...
[2026-09-26 20:33:24,538][INFO|database.py-upgrade_schema:285] >> 테이블 'mysafetydetail_other' 생성 중...
[2026-09-26 20:33:24,540][INFO|database.py-upgrade_schema:285] >> 테이블 'mysafetydetail_parking' 생성 중...
[2026-09-26 20:33:24,542][INFO|database.py-upgrade_schema:285] >> 테이블 'mysafetydetail_traffic' 생성 중...
[2026-09-26 20:33:24,544][INFO|database.py-upgrade_schema:285] >> 테이블 'mysafetymerge_other' 생성 중...
[2026-09-26 20:33:24,546][INFO|database.py-upgrade_schema:285] >> 테이블 'mysafetymerge_parking' 생성 중...
[2026-09-26 20:33:24,547][INFO|database.py-upgrade_schema:285] >> 테이블 'mysafetymerge_traffic' 생성 중...
[2026-09-26 20:33:24,551][INFO|database.py-_apply_versioned_migrations:452] >> [schema] DB 스키마 버전 1 적용
[2026-09-26 20:33:24,555][INFO|database.py-_apply_versioned_migrations:452] >> [schema] DB 스키마 버전 2 적용
[2026-09-26 20:33:24,557][INFO|database.py-_apply_versioned_migrations:452] >> [schema] DB 스키마 버전 3 적용
[2026-09-26 20:33:24,567][INFO|database.py-_apply_versioned_migrations:452] >> [schema] DB 스키마 버전 4 적용
[2026-09-26 20:33:24,592][INFO|duplicate_group_service.py-_log_info:53] >> [duplicate] payload exact 중복군 0개, 멤버 0건 재생성
[2026-09-26 20:33:24,629][INFO|database.py-backfill_synced_at:100] >> [migration] mysafetydetail_traffic synced_at 백필: 12건, 미해결 0건
[2026-09-26 20:33:24,633][INFO|database.py-backfill_synced_at:100] >> [migration] mysafetydetail_parking synced_at 백필: 6건, 미해결 0건
[2026-09-26 20:33:24,637][INFO|database.py-backfill_synced_at:100] >> [migration] mysafetydetail_other synced_at 백필: 6건, 미해결 0건
[2026-09-26 20:33:24,639][INFO|database.py-backfill_synced_at:105] >> [migration] synced_at 백필 완료: 총 24건 갱신, merge 재생성 시작
[2026-09-26 20:33:24,651][INFO|database.py-merge_final:736] >> 최종 데이터 병합 완료 (Traffic/Parking/Other 분리)
[2026-09-26 20:33:24,679][INFO|duplicate_group_service.py-_log_info:53] >> [duplicate] payload exact 중복군 1개, 멤버 2건 재생성
[2026-09-26 20:33:24,686][INFO|database.py-merge_final:736] >> 최종 데이터 병합 완료 (Traffic/Parking/Other 분리)
[2026-09-26 20:33:24,710][INFO|duplicate_group_service.py-_log_info:53] >> [duplicate] payload exact 중복군 1개, 멤버 2건 재생성
[2026-09-26 20:33:24,843][INFO|database.py-title_to_sql:694] >> 총 1건 title 테이블 upsert 완료. (신규: 0건)
[2026-09-26 20:33:24,848][INFO|database.py-title_to_sql:694] >> 총 1건 title 테이블 upsert 완료. (신규: 0건)
.[2026-09-26 20:33:24,860][INFO|database.py-upgrade_schema:285] >> 테이블 'admin_users' 생성 중...
[2026-09-26 20:33:24,870][INFO|database.py-upgrade_schema:285] >> 테이블 'api_keys' 생성 중...
[2026-09-26 20:33:24,872][INFO|database.py-upgrade_schema:285] >> 테이블 'mysafety' 생성 중...
[2026-09-26 20:33:24,873][INFO|database.py-upgrade_schema:285] >> 테이블 'mysafety_change_cursor' 생성 중...
[2026-09-26 20:33:24,875][INFO|database.py-upgrade_schema:285] >> 테이블 'mysafety_change_log' 생성 중...
[2026-09-26 20:33:24,876][INFO|database.py-upgrade_schema:285] >> 테이블 'mysafety_duplicate_decision' 생성 중...
[2026-09-26 20:33:24,878][INFO|database.py-upgrade_schema:285] >> 테이블 'mysafety_duplicate_group' 생성 중...
[2026-09-26 20:33:24,879][INFO|database.py-upgrade_schema:285] >> 테이블 'mysafety_duplicate_member' 생성 중...
[2026-09-26 20:33:24,881][INFO|database.py-upgrade_schema:285] >> 테이블 'mysafety_entry_value' 생성 중...
[2026-09-26 20:33:24,882][INFO|database.py-upgrade_schema:285] >> 테이블 'mysafety_geocode_cache' 생성 중...
[2026-09-26 20:33:24,884][INFO|database.py-upgrade_schema:285] >> 테이블 'mysafety_raw_content' 생성 중...
[2026-09-26 20:33:24,885][INFO|database.py-upgrade_schema:285] >> 테이블 'mysafety_report_override' 생성 중...
[2026-09-26 20:33:24,887][INFO|database.py-upgrade_schema:285] >> 테이블 'mysafety_sync_meta' 생성 중...
[2026-09-26 20:33:24,888][INFO|database.py-upgrade_schema:285] >> 테이블 'mysafety_watchlist' 생성 중...
[2026-09-26 20:33:24,889][INFO|database.py-upgrade_schema:285] >> 테이블 'mysafetydetail_other' 생성 중...
[2026-09-26 20:33:24,894][INFO|database.py-upgrade_schema:285] >> 테이블 'mysafetydetail_parking' 생성 중...
[2026-09-26 20:33:24,896][INFO|database.py-upgrade_schema:285] >> 테이블 'mysafetydetail_traffic' 생성 중...
[2026-09-26 20:33:24,898][INFO|database.py-upgrade_schema:285] >> 테이블 'mysafetymerge_other' 생성 중...
[2026-09-26 20:33:24,903][INFO|database.py-upgrade_schema:285] >> 테이블 'mysafetymerge_parking' 생성 중...
[2026-09-26 20:33:24,906][INFO|database.py-upgrade_schema:285] >> 테이블 'mysafetymerge_traffic' 생성 중...
[2026-09-26 20:33:24,910][INFO|database.py-_apply_versioned_migrations:452] >> [schema] DB 스키마 버전 1 적용
[2026-09-26 20:33:24,917][INFO|database.py-_apply_versioned_migrations:452] >> [schema] DB 스키마 버전 2 적용
[2026-09-26 20:33:24,919][INFO|database.py-_apply_versioned_migrations:452] >> [schema] DB 스키마 버전 3 적용
[2026-09-26 20:33:24,930][INFO|database.py-_apply_versioned_migrations:452] >> [schema] DB 스키마 버전 4 적용
[2026-09-26 20:33:24,960][INFO|duplicate_group_service.py-_log_info:53] >> [duplicate] payload exact 중복군 0개, 멤버 0건 재생성
[2026-09-26 20:33:24,996][INFO|database.py-backfill_synced_at:100] >> [migration] mysafetydetail_traffic synced_at 백필: 12건, 미해결 0건
[2026-09-26 20:33:24,999][INFO|database.py-backfill_synced_at:100] >> [migration] mysafetydetail_parking synced_at 백필: 6건, 미해결 0건
[2026-09-26 20:33:25,002][INFO|database.py-backfill_synced_at:100] >> [migration] mysafetydetail_other synced_at 백필: 6건, 미해결 0건
[2026-09-26 20:33:25,004][INFO|database.py-backfill_synced_at:105] >> [migration] synced_at 백필 완료: 총 24건 갱신, merge 재생성 시작
[2026-09-26 20:33:25,022][INFO|database.py-merge_final:736] >> 최종 데이터 병합 완료 (Traffic/Parking/Other 분리)
[2026-09-26 20:33:25,045][INFO|duplicate_group_service.py-_log_info:53] >> [duplicate] payload exact 중복군 1개, 멤버 2건 재생성
[2026-09-26 20:33:25,052][INFO|database.py-merge_final:736] >> 최종 데이터 병합 완료 (Traffic/Parking/Other 분리)
[2026-09-26 20:33:25,073][INFO|duplicate_group_service.py-_log_info:53] >> [duplicate] payload exact 중복군 1개, 멤버 2건 재생성
.[2026-09-26 20:33:25,229][INFO|database.py-upgrade_schema:285] >> 테이블 'admin_users' 생성 중...
[2026-09-26 20:33:25,233][INFO|database.py-upgrade_schema:285] >> 테이블 'api_keys' 생성 중...
[2026-09-26 20:33:25,235][INFO|database.py-upgrade_schema:285] >> 테이블 'mysafety' 생성 중...
[2026-09-26 20:33:25,237][INFO|database.py-upgrade_schema:285] >> 테이블 'mysafety_change_cursor' 생성 중...
[2026-09-26 20:33:25,242][INFO|database.py-upgrade_schema:285] >> 테이블 'mysafety_change_log' 생성 중...
[2026-09-26 20:33:25,246][INFO|database.py-upgrade_schema:285] >> 테이블 'mysafety_duplicate_decision' 생성 중...
[2026-09-26 20:33:25,248][INFO|database.py-upgrade_schema:285] >> 테이블 'mysafety_duplicate_group' 생성 중...
[2026-09-26 20:33:25,250][INFO|database.py-upgrade_schema:285] >> 테이블 'mysafety_duplicate_member' 생성 중...
[2026-09-26 20:33:25,252][INFO|database.py-upgrade_schema:285] >> 테이블 'mysafety_entry_value' 생성 중...
[2026-09-26 20:33:25,254][INFO|database.py-upgrade_schema:285] >> 테이블 'mysafety_geocode_cache' 생성 중...
[2026-09-26 20:33:25,255][INFO|database.py-upgrade_schema:285] >> 테이블 'mysafety_raw_content' 생성 중...
[2026-09-26 20:33:25,257][INFO|database.py-upgrade_schema:285] >> 테이블 'mysafety_report_override' 생성 중...
[2026-09-26 20:33:25,258][INFO|database.py-upgrade_schema:285] >> 테이블 'mysafety_sync_meta' 생성 중...
[2026-09-26 20:33:25,260][INFO|database.py-upgrade_schema:285] >> 테이블 'mysafety_watchlist' 생성 중...
[2026-09-26 20:33:25,261][INFO|database.py-upgrade_schema:285] >> 테이블 'mysafetydetail_other' 생성 중...
[2026-09-26 20:33:25,263][INFO|database.py-upgrade_schema:285] >> 테이블 'mysafetydetail_parking' 생성 중...
[2026-09-26 20:33:25,265][INFO|database.py-upgrade_schema:285] >> 테이블 'mysafetydetail_traffic' 생성 중...
[2026-09-26 20:33:25,266][INFO|database.py-upgrade_schema:285] >> 테이블 'mysafetymerge_other' 생성 중...
[2026-09-26 20:33:25,268][INFO|database.py-upgrade_schema:285] >> 테이블 'mysafetymerge_parking' 생성 중...
[2026-09-26 20:33:25,274][INFO|database.py-upgrade_schema:285] >> 테이블 'mysafetymerge_traffic' 생성 중...
[2026-09-26 20:33:25,283][INFO|database.py-_apply_versioned_migrations:452] >> [schema] DB 스키마 버전 1 적용
[2026-09-26 20:33:25,292][INFO|database.py-_apply_versioned_migrations:452] >> [schema] DB 스키마 버전 2 적용
[2026-09-26 20:33:25,294][INFO|database.py-_apply_versioned_migrations:452] >> [schema] DB 스키마 버전 3 적용
[2026-09-26 20:33:25,309][INFO|database.py-_apply_versioned_migrations:452] >> [schema] DB 스키마 버전 4 적용
[2026-09-26 20:33:25,337][INFO|duplicate_group_service.py-_log_info:53] >> [duplicate] payload exact 중복군 0개, 멤버 0건 재생성
[2026-09-26 20:33:25,383][INFO|database.py-backfill_synced_at:100] >> [migration] mysafetydetail_traffic synced_at 백필: 12건, 미해결 0건
[2026-09-26 20:33:25,387][INFO|database.py-backfill_synced_at:100] >> [migration] mysafetydetail_parking synced_at 백필: 6건, 미해결 0건
[2026-09-26 20:33:25,390][INFO|database.py-backfill_synced_at:100] >> [migration] mysafetydetail_other synced_at 백필: 6건, 미해결 0건
[2026-09-26 20:33:25,392][INFO|database.py-backfill_synced_at:105] >> [migration] synced_at 백필 완료: 총 24건 갱신, merge 재생성 시작
[2026-09-26 20:33:25,404][INFO|database.py-merge_final:736] >> 최종 데이터 병합 완료 (Traffic/Parking/Other 분리)
[2026-09-26 20:33:25,434][INFO|duplicate_group_service.py-_log_info:53] >> [duplicate] payload exact 중복군 1개, 멤버 2건 재생성
[2026-09-26 20:33:25,448][INFO|database.py-merge_final:736] >> 최종 데이터 병합 완료 (Traffic/Parking/Other 분리)
[2026-09-26 20:33:25,477][INFO|duplicate_group_service.py-_log_info:53] >> [duplicate] payload exact 중복군 1개, 멤버 2건 재생성
.[2026-09-26 20:33:25,651][INFO|database.py-upgrade_schema:285] >> 테이블 'admin_users' 생성 중...
[2026-09-26 20:33:25,654][INFO|database.py-upgrade_schema:285] >> 테이블 'api_keys' 생성 중...
[2026-09-26 20:33:25,657][INFO|database.py-upgrade_schema:285] >> 테이블 'mysafety' 생성 중...
[2026-09-26 20:33:25,658][INFO|database.py-upgrade_schema:285] >> 테이블 'mysafety_change_cursor' 생성 중...
[2026-09-26 20:33:25,665][INFO|database.py-upgrade_schema:285] >> 테이블 'mysafety_change_log' 생성 중...
[2026-09-26 20:33:25,669][INFO|database.py-upgrade_schema:285] >> 테이블 'mysafety_duplicate_decision' 생성 중...
[2026-09-26 20:33:25,673][INFO|database.py-upgrade_schema:285] >> 테이블 'mysafety_duplicate_group' 생성 중...
[2026-09-26 20:33:25,676][INFO|database.py-upgrade_schema:285] >> 테이블 'mysafety_duplicate_member' 생성 중...
[2026-09-26 20:33:25,678][INFO|database.py-upgrade_schema:285] >> 테이블 'mysafety_entry_value' 생성 중...
[2026-09-26 20:33:25,681][INFO|database.py-upgrade_schema:285] >> 테이블 'mysafety_geocode_cache' 생성 중...
[2026-09-26 20:33:25,683][INFO|database.py-upgrade_schema:285] >> 테이블 'mysafety_raw_content' 생성 중...
[2026-09-26 20:33:25,686][INFO|database.py-upgrade_schema:285] >> 테이블 'mysafety_report_override' 생성 중...
[2026-09-26 20:33:25,688][INFO|database.py-upgrade_schema:285] >> 테이블 'mysafety_sync_meta' 생성 중...
[2026-09-26 20:33:25,690][INFO|database.py-upgrade_schema:285] >> 테이블 'mysafety_watchlist' 생성 중...
[2026-09-26 20:33:25,696][INFO|database.py-upgrade_schema:285] >> 테이블 'mysafetydetail_other' 생성 중...
[2026-09-26 20:33:25,701][INFO|database.py-upgrade_schema:285] >> 테이블 'mysafetydetail_parking' 생성 중...
[2026-09-26 20:33:25,705][INFO|database.py-upgrade_schema:285] >> 테이블 'mysafetydetail_traffic' 생성 중...
[2026-09-26 20:33:25,708][INFO|database.py-upgrade_schema:285] >> 테이블 'mysafetymerge_other' 생성 중...
[2026-09-26 20:33:25,711][INFO|database.py-upgrade_schema:285] >> 테이블 'mysafetymerge_parking' 생성 중...
[2026-09-26 20:33:25,712][INFO|database.py-upgrade_schema:285] >> 테이블 'mysafetymerge_traffic' 생성 중...
[2026-09-26 20:33:25,720][INFO|database.py-_apply_versioned_migrations:452] >> [schema] DB 스키마 버전 1 적용
[2026-09-26 20:33:25,731][INFO|database.py-_apply_versioned_migrations:452] >> [schema] DB 스키마 버전 2 적용
[2026-09-26 20:33:25,734][INFO|database.py-_apply_versioned_migrations:452] >> [schema] DB 스키마 버전 3 적용
[2026-09-26 20:33:25,754][INFO|database.py-_apply_versioned_migrations:452] >> [schema] DB 스키마 버전 4 적용
[2026-09-26 20:33:25,783][INFO|duplicate_group_service.py-_log_info:53] >> [duplicate] payload exact 중복군 0개, 멤버 0건 재생성
[2026-09-26 20:33:25,826][INFO|database.py-backfill_synced_at:100] >> [migration] mysafetydetail_traffic synced_at 백필: 12건, 미해결 0건
[2026-09-26 20:33:25,830][INFO|database.py-backfill_synced_at:100] >> [migration] mysafetydetail_parking synced_at 백필: 6건, 미해결 0건
[2026-09-26 20:33:25,834][INFO|database.py-backfill_synced_at:100] >> [migration] mysafetydetail_other synced_at 백필: 6건, 미해결 0건
[2026-09-26 20:33:25,836][INFO|database.py-backfill_synced_at:105] >> [migration] synced_at 백필 완료: 총 24건 갱신, merge 재생성 시작
[2026-09-26 20:33:25,853][INFO|database.py-merge_final:736] >> 최종 데이터 병합 완료 (Traffic/Parking/Other 분리)
[2026-09-26 20:33:25,887][INFO|duplicate_group_service.py-_log_info:53] >> [duplicate] payload exact 중복군 1개, 멤버 2건 재생성
[2026-09-26 20:33:25,896][INFO|database.py-merge_final:736] >> 최종 데이터 병합 완료 (Traffic/Parking/Other 분리)
[2026-09-26 20:33:25,922][INFO|duplicate_group_service.py-_log_info:53] >> [duplicate] payload exact 중복군 1개, 멤버 2건 재생성
.[2026-09-26 20:33:26,104][INFO|database.py-upgrade_schema:285] >> 테이블 'admin_users' 생성 중...
[2026-09-26 20:33:26,108][INFO|database.py-upgrade_schema:285] >> 테이블 'api_keys' 생성 중...
[2026-09-26 20:33:26,110][INFO|database.py-upgrade_schema:285] >> 테이블 'mysafety' 생성 중...
[2026-09-26 20:33:26,112][INFO|database.py-upgrade_schema:285] >> 테이블 'mysafety_change_cursor' 생성 중...
[2026-09-26 20:33:26,114][INFO|database.py-upgrade_schema:285] >> 테이블 'mysafety_change_log' 생성 중...
[2026-09-26 20:33:26,115][INFO|database.py-upgrade_schema:285] >> 테이블 'mysafety_duplicate_decision' 생성 중...
[2026-09-26 20:33:26,120][INFO|database.py-upgrade_schema:285] >> 테이블 'mysafety_duplicate_group' 생성 중...
[2026-09-26 20:33:26,122][INFO|database.py-upgrade_schema:285] >> 테이블 'mysafety_duplicate_member' 생성 중...
[2026-09-26 20:33:26,131][INFO|database.py-upgrade_schema:285] >> 테이블 'mysafety_entry_value' 생성 중...
[2026-09-26 20:33:26,135][INFO|database.py-upgrade_schema:285] >> 테이블 'mysafety_geocode_cache' 생성 중...
[2026-09-26 20:33:26,137][INFO|database.py-upgrade_schema:285] >> 테이블 'mysafety_raw_content' 생성 중...
[2026-09-26 20:33:26,139][INFO|database.py-upgrade_schema:285] >> 테이블 'mysafety_report_override' 생성 중...
[2026-09-26 20:33:26,140][INFO|database.py-upgrade_schema:285] >> 테이블 'mysafety_sync_meta' 생성 중...
[2026-09-26 20:33:26,142][INFO|database.py-upgrade_schema:285] >> 테이블 'mysafety_watchlist' 생성 중...
[2026-09-26 20:33:26,143][INFO|database.py-upgrade_schema:285] >> 테이블 'mysafetydetail_other' 생성 중...
[2026-09-26 20:33:26,145][INFO|database.py-upgrade_schema:285] >> 테이블 'mysafetydetail_parking' 생성 중...
[2026-09-26 20:33:26,147][INFO|database.py-upgrade_schema:285] >> 테이블 'mysafetydetail_traffic' 생성 중...
[2026-09-26 20:33:26,149][INFO|database.py-upgrade_schema:285] >> 테이블 'mysafetymerge_other' 생성 중...
[2026-09-26 20:33:26,152][INFO|database.py-upgrade_schema:285] >> 테이블 'mysafetymerge_parking' 생성 중...
[2026-09-26 20:33:26,154][INFO|database.py-upgrade_schema:285] >> 테이블 'mysafetymerge_traffic' 생성 중...
[2026-09-26 20:33:26,165][INFO|database.py-_apply_versioned_migrations:452] >> [schema] DB 스키마 버전 1 적용
[2026-09-26 20:33:26,173][INFO|database.py-_apply_versioned_migrations:452] >> [schema] DB 스키마 버전 2 적용
[2026-09-26 20:33:26,175][INFO|database.py-_apply_versioned_migrations:452] >> [schema] DB 스키마 버전 3 적용
[2026-09-26 20:33:26,200][INFO|database.py-_apply_versioned_migrations:452] >> [schema] DB 스키마 버전 4 적용
[2026-09-26 20:33:26,229][INFO|duplicate_group_service.py-_log_info:53] >> [duplicate] payload exact 중복군 0개, 멤버 0건 재생성
[2026-09-26 20:33:26,269][INFO|database.py-backfill_synced_at:100] >> [migration] mysafetydetail_traffic synced_at 백필: 12건, 미해결 0건
[2026-09-26 20:33:26,272][INFO|database.py-backfill_synced_at:100] >> [migration] mysafetydetail_parking synced_at 백필: 6건, 미해결 0건
[2026-09-26 20:33:26,276][INFO|database.py-backfill_synced_at:100] >> [migration] mysafetydetail_other synced_at 백필: 6건, 미해결 0건
[2026-09-26 20:33:26,277][INFO|database.py-backfill_synced_at:105] >> [migration] synced_at 백필 완료: 총 24건 갱신, merge 재생성 시작
[2026-09-26 20:33:26,292][INFO|database.py-merge_final:736] >> 최종 데이터 병합 완료 (Traffic/Parking/Other 분리)
[2026-09-26 20:33:26,320][INFO|duplicate_group_service.py-_log_info:53] >> [duplicate] payload exact 중복군 1개, 멤버 2건 재생성
[2026-09-26 20:33:26,328][INFO|database.py-merge_final:736] >> 최종 데이터 병합 완료 (Traffic/Parking/Other 분리)
[2026-09-26 20:33:26,352][INFO|duplicate_group_service.py-_log_info:53] >> [duplicate] payload exact 중복군 1개, 멤버 2건 재생성
.[2026-09-26 20:33:26,571][INFO|database.py-upgrade_schema:285] >> 테이블 'admin_users' 생성 중...
[2026-09-26 20:33:26,574][INFO|database.py-upgrade_schema:285] >> 테이블 'api_keys' 생성 중...
[2026-09-26 20:33:26,576][INFO|database.py-upgrade_schema:285] >> 테이블 'mysafety' 생성 중...
[2026-09-26 20:33:26,578][INFO|database.py-upgrade_schema:285] >> 테이블 'mysafety_change_cursor' 생성 중...
[2026-09-26 20:33:26,580][INFO|database.py-upgrade_schema:285] >> 테이블 'mysafety_change_log' 생성 중...
[2026-09-26 20:33:26,582][INFO|database.py-upgrade_schema:285] >> 테이블 'mysafety_duplicate_decision' 생성 중...
[2026-09-26 20:33:26,585][INFO|database.py-upgrade_schema:285] >> 테이블 'mysafety_duplicate_group' 생성 중...
[2026-09-26 20:33:26,587][INFO|database.py-upgrade_schema:285] >> 테이블 'mysafety_duplicate_member' 생성 중...
[2026-09-26 20:33:26,588][INFO|database.py-upgrade_schema:285] >> 테이블 'mysafety_entry_value' 생성 중...
[2026-09-26 20:33:26,590][INFO|database.py-upgrade_schema:285] >> 테이블 'mysafety_geocode_cache' 생성 중...
[2026-09-26 20:33:26,591][INFO|database.py-upgrade_schema:285] >> 테이블 'mysafety_raw_content' 생성 중...
[2026-09-26 20:33:26,593][INFO|database.py-upgrade_schema:285] >> 테이블 'mysafety_report_override' 생성 중...
[2026-09-26 20:33:26,594][INFO|database.py-upgrade_schema:285] >> 테이블 'mysafety_sync_meta' 생성 중...
[2026-09-26 20:33:26,595][INFO|database.py-upgrade_schema:285] >> 테이블 'mysafety_watchlist' 생성 중...
[2026-09-26 20:33:26,597][INFO|database.py-upgrade_schema:285] >> 테이블 'mysafetydetail_other' 생성 중...
[2026-09-26 20:33:26,599][INFO|database.py-upgrade_schema:285] >> 테이블 'mysafetydetail_parking' 생성 중...
[2026-09-26 20:33:26,601][INFO|database.py-upgrade_schema:285] >> 테이블 'mysafetydetail_traffic' 생성 중...
[2026-09-26 20:33:26,602][INFO|database.py-upgrade_schema:285] >> 테이블 'mysafetymerge_other' 생성 중...
[2026-09-26 20:33:26,604][INFO|database.py-upgrade_schema:285] >> 테이블 'mysafetymerge_parking' 생성 중...
[2026-09-26 20:33:26,606][INFO|database.py-upgrade_schema:285] >> 테이블 'mysafetymerge_traffic' 생성 중...
[2026-09-26 20:33:26,610][INFO|database.py-_apply_versioned_migrations:452] >> [schema] DB 스키마 버전 1 적용
[2026-09-26 20:33:26,618][INFO|database.py-_apply_versioned_migrations:452] >> [schema] DB 스키마 버전 2 적용
[2026-09-26 20:33:26,627][INFO|database.py-_apply_versioned_migrations:452] >> [schema] DB 스키마 버전 3 적용
[2026-09-26 20:33:26,643][INFO|database.py-_apply_versioned_migrations:452] >> [schema] DB 스키마 버전 4 적용
[2026-09-26 20:33:26,670][INFO|duplicate_group_service.py-_log_info:53] >> [duplicate] payload exact 중복군 0개, 멤버 0건 재생성
[2026-09-26 20:33:26,708][INFO|database.py-backfill_synced_at:100] >> [migration] mysafetydetail_traffic synced_at 백필: 12건, 미해결 0건
[2026-09-26 20:33:26,711][INFO|database.py-backfill_synced_at:100] >> [migration] mysafetydetail_parking synced_at 백필: 6건, 미해결 0건
[2026-09-26 20:33:26,714][INFO|database.py-backfill_synced_at:100] >> [migration] mysafetydetail_other synced_at 백필: 6건, 미해결 0건
[2026-09-26 20:33:26,716][INFO|database.py-backfill_synced_at:105] >> [migration] synced_at 백필 완료: 총 24건 갱신, merge 재생성 시작
[2026-09-26 20:33:26,734][INFO|database.py-merge_final:736] >> 최종 데이터 병합 완료 (Traffic/Parking/Other 분리)
[2026-09-26 20:33:26,773][INFO|duplicate_group_service.py-_log_info:53] >> [duplicate] payload exact 중복군 1개, 멤버 2건 재생성
[2026-09-26 20:33:26,780][INFO|database.py-merge_final:736] >> 최종 데이터 병합 완료 (Traffic/Parking/Other 분리)
[2026-09-26 20:33:26,807][INFO|duplicate_group_service.py-_log_info:53] >> [duplicate] payload exact 중복군 1개, 멤버 2건 재생성
[2026-09-26 20:33:26,937][INFO|geocode_service.py-prepare_geo_payload:590] >> [geocode] 설정 누락으로 지오코딩 보류: 카카오 REST API 키가 비어 있습니다.
[2026-09-26 20:33:26,992][INFO|duplicate_group_service.py-_log_info:53] >> [duplicate] payload exact 중복군 1개, 멤버 2건 재생성
[2026-09-26 20:33:26,994][INFO|database.py-detail_to_sql:723] >> 총 1건 detail 저장 완료. (변경/신규: 1건, 실패: 0건)
[2026-09-26 20:33:26,996][INFO|geocode_service.py-prepare_geo_payload:590] >> [geocode] 설정 누락으로 지오코딩 보류: 카카오 REST API 키가 비어 있습니다.
[2026-09-26 20:33:27,038][INFO|duplicate_group_service.py-_log_info:53] >> [duplicate] payload exact 중복군 1개, 멤버 2건 재생성
[2026-09-26 20:33:27,041][INFO|database.py-detail_to_sql:723] >> 총 1건 detail 저장 완료. (변경/신규: 0건, 실패: 0건)
[2026-09-26 20:33:27,045][INFO|geocode_service.py-prepare_geo_payload:590] >> [geocode] 설정 누락으로 지오코딩 보류: 카카오 REST API 키가 비어 있습니다.
[2026-09-26 20:33:27,086][INFO|duplicate_group_service.py-_log_info:53] >> [duplicate] payload exact 중복군 1개, 멤버 2건 재생성
[2026-09-26 20:33:27,088][INFO|database.py-detail_to_sql:723] >> 총 1건 detail 저장 완료. (변경/신규: 0건, 실패: 0건)
[2026-09-26 20:33:27,091][INFO|geocode_service.py-prepare_geo_payload:590] >> [geocode] 설정 누락으로 지오코딩 보류: 카카오 REST API 키가 비어 있습니다.
[2026-09-26 20:33:27,133][INFO|duplicate_group_service.py-_log_info:53] >> [duplicate] payload exact 중복군 1개, 멤버 2건 재생성
[2026-09-26 20:33:27,137][INFO|database.py-detail_to_sql:723] >> 총 1건 detail 저장 완료. (변경/신규: 1건, 실패: 0건)
.[2026-09-26 20:33:27,153][INFO|database.py-upgrade_schema:285] >> 테이블 'admin_users' 생성 중...
[2026-09-26 20:33:27,158][INFO|database.py-upgrade_schema:285] >> 테이블 'api_keys' 생성 중...
[2026-09-26 20:33:27,159][INFO|database.py-upgrade_schema:285] >> 테이블 'mysafety' 생성 중...
[2026-09-26 20:33:27,161][INFO|database.py-upgrade_schema:285] >> 테이블 'mysafety_change_cursor' 생성 중...
[2026-09-26 20:33:27,162][INFO|database.py-upgrade_schema:285] >> 테이블 'mysafety_change_log' 생성 중...
[2026-09-26 20:33:27,164][INFO|database.py-upgrade_schema:285] >> 테이블 'mysafety_duplicate_decision' 생성 중...
[2026-09-26 20:33:27,165][INFO|database.py-upgrade_schema:285] >> 테이블 'mysafety_duplicate_group' 생성 중...
[2026-09-26 20:33:27,170][INFO|database.py-upgrade_schema:285] >> 테이블 'mysafety_duplicate_member' 생성 중...
[2026-09-26 20:33:27,172][INFO|database.py-upgrade_schema:285] >> 테이블 'mysafety_entry_value' 생성 중...
[2026-09-26 20:33:27,173][INFO|database.py-upgrade_schema:285] >> 테이블 'mysafety_geocode_cache' 생성 중...
[2026-09-26 20:33:27,175][INFO|database.py-upgrade_schema:285] >> 테이블 'mysafety_raw_content' 생성 중...
[2026-09-26 20:33:27,176][INFO|database.py-upgrade_schema:285] >> 테이블 'mysafety_report_override' 생성 중...
[2026-09-26 20:33:27,178][INFO|database.py-upgrade_schema:285] >> 테이블 'mysafety_sync_meta' 생성 중...
[2026-09-26 20:33:27,179][INFO|database.py-upgrade_schema:285] >> 테이블 'mysafety_watchlist' 생성 중...
[2026-09-26 20:33:27,184][INFO|database.py-upgrade_schema:285] >> 테이블 'mysafetydetail_other' 생성 중...
[2026-09-26 20:33:27,188][INFO|database.py-upgrade_schema:285] >> 테이블 'mysafetydetail_parking' 생성 중...
[2026-09-26 20:33:27,190][INFO|database.py-upgrade_schema:285] >> 테이블 'mysafetydetail_traffic' 생성 중...
[2026-09-26 20:33:27,192][INFO|database.py-upgrade_schema:285] >> 테이블 'mysafetymerge_other' 생성 중...
[2026-09-26 20:33:27,194][INFO|database.py-upgrade_schema:285] >> 테이블 'mysafetymerge_parking' 생성 중...
[2026-09-26 20:33:27,196][INFO|database.py-upgrade_schema:285] >> 테이블 'mysafetymerge_traffic' 생성 중...
[2026-09-26 20:33:27,212][INFO|database.py-_apply_versioned_migrations:452] >> [schema] DB 스키마 버전 1 적용
[2026-09-26 20:33:27,219][INFO|database.py-_apply_versioned_migrations:452] >> [schema] DB 스키마 버전 2 적용
[2026-09-26 20:33:27,221][INFO|database.py-_apply_versioned_migrations:452] >> [schema] DB 스키마 버전 3 적용
[2026-09-26 20:33:27,231][INFO|database.py-_apply_versioned_migrations:452] >> [schema] DB 스키마 버전 4 적용
[2026-09-26 20:33:27,259][INFO|duplicate_group_service.py-_log_info:53] >> [duplicate] payload exact 중복군 0개, 멤버 0건 재생성
[2026-09-26 20:33:27,295][INFO|database.py-backfill_synced_at:100] >> [migration] mysafetydetail_traffic synced_at 백필: 12건, 미해결 0건
[2026-09-26 20:33:27,298][INFO|database.py-backfill_synced_at:100] >> [migration] mysafetydetail_parking synced_at 백필: 6건, 미해결 0건
[2026-09-26 20:33:27,302][INFO|database.py-backfill_synced_at:100] >> [migration] mysafetydetail_other synced_at 백필: 6건, 미해결 0건
[2026-09-26 20:33:27,307][INFO|database.py-backfill_synced_at:105] >> [migration] synced_at 백필 완료: 총 24건 갱신, merge 재생성 시작
[2026-09-26 20:33:27,325][INFO|database.py-merge_final:736] >> 최종 데이터 병합 완료 (Traffic/Parking/Other 분리)
[2026-09-26 20:33:27,368][INFO|duplicate_group_service.py-_log_info:53] >> [duplicate] payload exact 중복군 1개, 멤버 2건 재생성
[2026-09-26 20:33:27,380][INFO|database.py-merge_final:736] >> 최종 데이터 병합 완료 (Traffic/Parking/Other 분리)
[2026-09-26 20:33:27,407][INFO|duplicate_group_service.py-_log_info:53] >> [duplicate] payload exact 중복군 1개, 멤버 2건 재생성
.[2026-09-26 20:33:27,607][INFO|database.py-upgrade_schema:285] >> 테이블 'admin_users' 생성 중...
[2026-09-26 20:33:27,611][INFO|database.py-upgrade_schema:285] >> 테이블 'api_keys' 생성 중...
[2026-09-26 20:33:27,613][INFO|database.py-upgrade_schema:285] >> 테이블 'mysafety' 생성 중...
[2026-09-26 20:33:27,618][INFO|database.py-upgrade_schema:285] >> 테이블 'mysafety_change_cursor' 생성 중...
[2026-09-26 20:33:27,619][INFO|database.py-upgrade_schema:285] >> 테이블 'mysafety_change_log' 생성 중...
[2026-09-26 20:33:27,622][INFO|database.py-upgrade_schema:285] >> 테이블 'mysafety_duplicate_decision' 생성 중...
[2026-09-26 20:33:27,627][INFO|database.py-upgrade_schema:285] >> 테이블 'mysafety_duplicate_group' 생성 중...
[2026-09-26 20:33:27,630][INFO|database.py-upgrade_schema:285] >> 테이블 'mysafety_duplicate_member' 생성 중...
[2026-09-26 20:33:27,633][INFO|database.py-upgrade_schema:285] >> 테이블 'mysafety_entry_value' 생성 중...
[2026-09-26 20:33:27,635][INFO|database.py-upgrade_schema:285] >> 테이블 'mysafety_geocode_cache' 생성 중...
[2026-09-26 20:33:27,637][INFO|database.py-upgrade_schema:285] >> 테이블 'mysafety_raw_content' 생성 중...
[2026-09-26 20:33:27,639][INFO|database.py-upgrade_schema:285] >> 테이블 'mysafety_report_override' 생성 중...
[2026-09-26 20:33:27,640][INFO|database.py-upgrade_schema:285] >> 테이블 'mysafety_sync_meta' 생성 중...
[2026-09-26 20:33:27,643][INFO|database.py-upgrade_schema:285] >> 테이블 'mysafety_watchlist' 생성 중...
[2026-09-26 20:33:27,645][INFO|database.py-upgrade_schema:285] >> 테이블 'mysafetydetail_other' 생성 중...
[2026-09-26 20:33:27,647][INFO|database.py-upgrade_schema:285] >> 테이블 'mysafetydetail_parking' 생성 중...
[2026-09-26 20:33:27,651][INFO|database.py-upgrade_schema:285] >> 테이블 'mysafetydetail_traffic' 생성 중...
[2026-09-26 20:33:27,653][INFO|database.py-upgrade_schema:285] >> 테이블 'mysafetymerge_other' 생성 중...
[2026-09-26 20:33:27,662][INFO|database.py-upgrade_schema:285] >> 테이블 'mysafetymerge_parking' 생성 중...
[2026-09-26 20:33:27,664][INFO|database.py-upgrade_schema:285] >> 테이블 'mysafetymerge_traffic' 생성 중...
[2026-09-26 20:33:27,667][INFO|database.py-_apply_versioned_migrations:452] >> [schema] DB 스키마 버전 1 적용
[2026-09-26 20:33:27,683][INFO|database.py-_apply_versioned_migrations:452] >> [schema] DB 스키마 버전 2 적용
[2026-09-26 20:33:27,687][INFO|database.py-_apply_versioned_migrations:452] >> [schema] DB 스키마 버전 3 적용
[2026-09-26 20:33:27,703][INFO|database.py-_apply_versioned_migrations:452] >> [schema] DB 스키마 버전 4 적용
[2026-09-26 20:33:27,742][INFO|duplicate_group_service.py-_log_info:53] >> [duplicate] payload exact 중복군 0개, 멤버 0건 재생성
[2026-09-26 20:33:27,795][INFO|database.py-backfill_synced_at:100] >> [migration] mysafetydetail_traffic synced_at 백필: 12건, 미해결 0건
[2026-09-26 20:33:27,798][INFO|database.py-backfill_synced_at:100] >> [migration] mysafetydetail_parking synced_at 백필: 6건, 미해결 0건
[2026-09-26 20:33:27,801][INFO|database.py-backfill_synced_at:100] >> [migration] mysafetydetail_other synced_at 백필: 6건, 미해결 0건
[2026-09-26 20:33:27,802][INFO|database.py-backfill_synced_at:105] >> [migration] synced_at 백필 완료: 총 24건 갱신, merge 재생성 시작
[2026-09-26 20:33:27,820][INFO|database.py-merge_final:736] >> 최종 데이터 병합 완료 (Traffic/Parking/Other 분리)
[2026-09-26 20:33:27,846][INFO|duplicate_group_service.py-_log_info:53] >> [duplicate] payload exact 중복군 1개, 멤버 2건 재생성
[2026-09-26 20:33:27,854][INFO|database.py-merge_final:736] >> 최종 데이터 병합 완료 (Traffic/Parking/Other 분리)
[2026-09-26 20:33:27,877][INFO|duplicate_group_service.py-_log_info:53] >> [duplicate] payload exact 중복군 1개, 멤버 2건 재생성
[2026-09-26 20:33:28,027][INFO|database.py-title_to_sql:694] >> 총 1건 title 테이블 upsert 완료. (신규: 0건)
[2026-09-26 20:33:28,033][INFO|database.py-title_to_sql:694] >> 총 1건 title 테이블 upsert 완료. (신규: 0건)
..[2026-09-26 20:33:28,223][INFO|database.py-upgrade_schema:285] >> 테이블 'mysafety_change_cursor' 생성 중...
[2026-09-26 20:33:28,225][INFO|database.py-upgrade_schema:285] >> 테이블 'mysafety_change_log' 생성 중...
[2026-09-26 20:33:28,227][INFO|database.py-upgrade_schema:285] >> 테이블 'mysafety_duplicate_decision' 생성 중...
[2026-09-26 20:33:28,229][INFO|database.py-upgrade_schema:285] >> 테이블 'mysafety_geocode_cache' 생성 중...
[2026-09-26 20:33:28,231][INFO|database.py-upgrade_schema:285] >> 테이블 'mysafety_report_override' 생성 중...
[2026-09-26 20:33:28,233][WARNING|database.py-upgrade_schema:304] >> 'mysafetydetail_other' 테이블에 '주소정규화' 컬럼을 추가합니다.
[2026-09-26 20:33:28,237][WARNING|database.py-upgrade_schema:304] >> 'mysafetydetail_other' 테이블에 '행정구역' 컬럼을 추가합니다.
[2026-09-26 20:33:28,239][WARNING|database.py-upgrade_schema:304] >> 'mysafetydetail_other' 테이블에 '위도' 컬럼을 추가합니다.
[2026-09-26 20:33:28,248][WARNING|database.py-upgrade_schema:304] >> 'mysafetydetail_other' 테이블에 '경도' 컬럼을 추가합니다.
[2026-09-26 20:33:28,250][WARNING|database.py-upgrade_schema:304] >> 'mysafetydetail_other' 테이블에 '지오코딩상태' 컬럼을 추가합니다.
[2026-09-26 20:33:28,252][WARNING|database.py-upgrade_schema:304] >> 'mysafetydetail_other' 테이블에 '사진_첫촬영' 컬럼을 추가합니다.
[2026-09-26 20:33:28,253][WARNING|database.py-upgrade_schema:304] >> 'mysafetydetail_other' 테이블에 '사진_끝촬영' 컬럼을 추가합니다.
[2026-09-26 20:33:28,255][WARNING|database.py-upgrade_schema:304] >> 'mysafetydetail_other' 테이블에 '사진_촬영수' 컬럼을 추가합니다.
[2026-09-26 20:33:28,258][WARNING|database.py-upgrade_schema:304] >> 'mysafetydetail_parking' 테이블에 '주소정규화' 컬럼을 추가합니다.
[2026-09-26 20:33:28,259][WARNING|database.py-upgrade_schema:304] >> 'mysafetydetail_parking' 테이블에 '행정구역' 컬럼을 추가합니다.
[2026-09-26 20:33:28,261][WARNING|database.py-upgrade_schema:304] >> 'mysafetydetail_parking' 테이블에 '위도' 컬럼을 추가합니다.
[2026-09-26 20:33:28,263][WARNING|database.py-upgrade_schema:304] >> 'mysafetydetail_parking' 테이블에 '경도' 컬럼을 추가합니다.
[2026-09-26 20:33:28,265][WARNING|database.py-upgrade_schema:304] >> 'mysafetydetail_parking' 테이블에 '지오코딩상태' 컬럼을 추가합니다.
[2026-09-26 20:33:28,269][WARNING|database.py-upgrade_schema:304] >> 'mysafetydetail_parking' 테이블에 '사진_첫촬영' 컬럼을 추가합니다.
[2026-09-26 20:33:28,271][WARNING|database.py-upgrade_schema:304] >> 'mysafetydetail_parking' 테이블에 '사진_끝촬영' 컬럼을 추가합니다.
[2026-09-26 20:33:28,277][WARNING|database.py-upgrade_schema:304] >> 'mysafetydetail_parking' 테이블에 '사진_촬영수' 컬럼을 추가합니다.
[2026-09-26 20:33:28,280][WARNING|database.py-upgrade_schema:304] >> 'mysafetydetail_traffic' 테이블에 '주소정규화' 컬럼을 추가합니다.
[2026-09-26 20:33:28,282][WARNING|database.py-upgrade_schema:304] >> 'mysafetydetail_traffic' 테이블에 '행정구역' 컬럼을 추가합니다.
[2026-09-26 20:33:28,283][WARNING|database.py-upgrade_schema:304] >> 'mysafetydetail_traffic' 테이블에 '위도' 컬럼을 추가합니다.
[2026-09-26 20:33:28,285][WARNING|database.py-upgrade_schema:304] >> 'mysafetydetail_traffic' 테이블에 '경도' 컬럼을 추가합니다.
[2026-09-26 20:33:28,287][WARNING|database.py-upgrade_schema:304] >> 'mysafetydetail_traffic' 테이블에 '지오코딩상태' 컬럼을 추가합니다.
[2026-09-26 20:33:28,289][WARNING|database.py-upgrade_schema:304] >> 'mysafetydetail_traffic' 테이블에 '사진_첫촬영' 컬럼을 추가합니다.
[2026-09-26 20:33:28,290][WARNING|database.py-upgrade_schema:304] >> 'mysafetydetail_traffic' 테이블에 '사진_끝촬영' 컬럼을 추가합니다.
[2026-09-26 20:33:28,292][WARNING|database.py-upgrade_schema:304] >> 'mysafetydetail_traffic' 테이블에 '사진_촬영수' 컬럼을 추가합니다.
[2026-09-26 20:33:28,295][WARNING|database.py-upgrade_schema:304] >> 'mysafetymerge_other' 테이블에 '주소정규화' 컬럼을 추가합니다.
[2026-09-26 20:33:28,297][WARNING|database.py-upgrade_schema:304] >> 'mysafetymerge_other' 테이블에 '행정구역' 컬럼을 추가합니다.
[2026-09-26 20:33:28,299][WARNING|database.py-upgrade_schema:304] >> 'mysafetymerge_other' 테이블에 '위도' 컬럼을 추가합니다.
[2026-09-26 20:33:28,301][WARNING|database.py-upgrade_schema:304] >> 'mysafetymerge_other' 테이블에 '경도' 컬럼을 추가합니다.
[2026-09-26 20:33:28,303][WARNING|database.py-upgrade_schema:304] >> 'mysafetymerge_other' 테이블에 '지오코딩상태' 컬럼을 추가합니다.
[2026-09-26 20:33:28,306][WARNING|database.py-upgrade_schema:304] >> 'mysafetymerge_other' 테이블에 '사진_첫촬영' 컬럼을 추가합니다.
[2026-09-26 20:33:28,308][WARNING|database.py-upgrade_schema:304] >> 'mysafetymerge_other' 테이블에 '사진_끝촬영' 컬럼을 추가합니다.
[2026-09-26 20:33:28,311][WARNING|database.py-upgrade_schema:304] >> 'mysafetymerge_other' 테이블에 '사진_촬영수' 컬럼을 추가합니다.
[2026-09-26 20:33:28,317][WARNING|database.py-upgrade_schema:304] >> 'mysafetymerge_parking' 테이블에 '주소정규화' 컬럼을 추가합니다.
[2026-09-26 20:33:28,322][WARNING|database.py-upgrade_schema:304] >> 'mysafetymerge_parking' 테이블에 '행정구역' 컬럼을 추가합니다.
[2026-09-26 20:33:28,325][WARNING|database.py-upgrade_schema:304] >> 'mysafetymerge_parking' 테이블에 '위도' 컬럼을 추가합니다.
[2026-09-26 20:33:28,328][WARNING|database.py-upgrade_schema:304] >> 'mysafetymerge_parking' 테이블에 '경도' 컬럼을 추가합니다.
[2026-09-26 20:33:28,330][WARNING|database.py-upgrade_schema:304] >> 'mysafetymerge_parking' 테이블에 '지오코딩상태' 컬럼을 추가합니다.
[2026-09-26 20:33:28,332][WARNING|database.py-upgrade_schema:304] >> 'mysafetymerge_parking' 테이블에 '사진_첫촬영' 컬럼을 추가합니다.
[2026-09-26 20:33:28,334][WARNING|database.py-upgrade_schema:304] >> 'mysafetymerge_parking' 테이블에 '사진_끝촬영' 컬럼을 추가합니다.
[2026-09-26 20:33:28,336][WARNING|database.py-upgrade_schema:304] >> 'mysafetymerge_parking' 테이블에 '사진_촬영수' 컬럼을 추가합니다.
[2026-09-26 20:33:28,342][WARNING|database.py-upgrade_schema:304] >> 'mysafetymerge_traffic' 테이블에 '주소정규화' 컬럼을 추가합니다.
[2026-09-26 20:33:28,344][WARNING|database.py-upgrade_schema:304] >> 'mysafetymerge_traffic' 테이블에 '행정구역' 컬럼을 추가합니다.
[2026-09-26 20:33:28,350][WARNING|database.py-upgrade_schema:304] >> 'mysafetymerge_traffic' 테이블에 '위도' 컬럼을 추가합니다.
[2026-09-26 20:33:28,354][WARNING|database.py-upgrade_schema:304] >> 'mysafetymerge_traffic' 테이블에 '경도' 컬럼을 추가합니다.
[2026-09-26 20:33:28,356][WARNING|database.py-upgrade_schema:304] >> 'mysafetymerge_traffic' 테이블에 '지오코딩상태' 컬럼을 추가합니다.
[2026-09-26 20:33:28,358][WARNING|database.py-upgrade_schema:304] >> 'mysafetymerge_traffic' 테이블에 '사진_첫촬영' 컬럼을 추가합니다.
[2026-09-26 20:33:28,361][WARNING|database.py-upgrade_schema:304] >> 'mysafetymerge_traffic' 테이블에 '사진_끝촬영' 컬럼을 추가합니다.
[2026-09-26 20:33:28,362][WARNING|database.py-upgrade_schema:304] >> 'mysafetymerge_traffic' 테이블에 '사진_촬영수' 컬럼을 추가합니다.
[2026-09-26 20:33:28,367][INFO|database.py-_apply_versioned_migrations:452] >> [schema] DB 스키마 버전 1 적용
[2026-09-26 20:33:28,377][INFO|database.py-_apply_versioned_migrations:452] >> [schema] DB 스키마 버전 2 적용
[2026-09-26 20:33:28,382][INFO|database.py-_apply_versioned_migrations:452] >> [schema] DB 스키마 버전 3 적용
[2026-09-26 20:33:28,401][INFO|database.py-_apply_versioned_migrations:452] >> [schema] DB 스키마 버전 4 적용
.[2026-09-26 20:33:28,480][INFO|database.py-upgrade_schema:285] >> 테이블 'admin_users' 생성 중...
[2026-09-26 20:33:28,484][INFO|database.py-upgrade_schema:285] >> 테이블 'api_keys' 생성 중...
[2026-09-26 20:33:28,486][INFO|database.py-upgrade_schema:285] >> 테이블 'mysafety' 생성 중...
[2026-09-26 20:33:28,488][INFO|database.py-upgrade_schema:285] >> 테이블 'mysafety_change_cursor' 생성 중...
[2026-09-26 20:33:28,490][INFO|database.py-upgrade_schema:285] >> 테이블 'mysafety_change_log' 생성 중...
[2026-09-26 20:33:28,492][INFO|database.py-upgrade_schema:285] >> 테이블 'mysafety_duplicate_decision' 생성 중...
[2026-09-26 20:33:28,494][INFO|database.py-upgrade_schema:285] >> 테이블 'mysafety_duplicate_group' 생성 중...
[2026-09-26 20:33:28,496][INFO|database.py-upgrade_schema:285] >> 테이블 'mysafety_duplicate_member' 생성 중...
[2026-09-26 20:33:28,498][INFO|database.py-upgrade_schema:285] >> 테이블 'mysafety_entry_value' 생성 중...
[2026-09-26 20:33:28,500][INFO|database.py-upgrade_schema:285] >> 테이블 'mysafety_geocode_cache' 생성 중...
[2026-09-26 20:33:28,502][INFO|database.py-upgrade_schema:285] >> 테이블 'mysafety_raw_content' 생성 중...
[2026-09-26 20:33:28,504][INFO|database.py-upgrade_schema:285] >> 테이블 'mysafety_report_override' 생성 중...
[2026-09-26 20:33:28,506][INFO|database.py-upgrade_schema:285] >> 테이블 'mysafety_sync_meta' 생성 중...
[2026-09-26 20:33:28,508][INFO|database.py-upgrade_schema:285] >> 테이블 'mysafety_watchlist' 생성 중...
[2026-09-26 20:33:28,509][INFO|database.py-upgrade_schema:285] >> 테이블 'mysafetydetail_other' 생성 중...
[2026-09-26 20:33:28,511][INFO|database.py-upgrade_schema:285] >> 테이블 'mysafetydetail_parking' 생성 중...
[2026-09-26 20:33:28,513][INFO|database.py-upgrade_schema:285] >> 테이블 'mysafetydetail_traffic' 생성 중...
[2026-09-26 20:33:28,515][INFO|database.py-upgrade_schema:285] >> 테이블 'mysafetymerge_other' 생성 중...
[2026-09-26 20:33:28,520][INFO|database.py-upgrade_schema:285] >> 테이블 'mysafetymerge_parking' 생성 중...
[2026-09-26 20:33:28,523][INFO|database.py-upgrade_schema:285] >> 테이블 'mysafetymerge_traffic' 생성 중...
[2026-09-26 20:33:28,534][INFO|database.py-_apply_versioned_migrations:452] >> [schema] DB 스키마 버전 1 적용
[2026-09-26 20:33:28,541][INFO|database.py-_apply_versioned_migrations:452] >> [schema] DB 스키마 버전 2 적용
[2026-09-26 20:33:28,543][INFO|database.py-_apply_versioned_migrations:452] >> [schema] DB 스키마 버전 3 적용
[2026-09-26 20:33:28,555][INFO|database.py-_apply_versioned_migrations:452] >> [schema] DB 스키마 버전 4 적용
[2026-09-26 20:33:28,584][INFO|duplicate_group_service.py-_log_info:53] >> [duplicate] payload exact 중복군 0개, 멤버 0건 재생성
..[2026-09-26 20:33:28,745][INFO|database.py-backup_before_upgrade:436] >> [schema] 버전 0 → 4 올리기 전 DB 백업: /tmp/tmplsyn_32s/backups/before_schema_v0_20260926_203328.db
[2026-09-26 20:33:28,752][INFO|database.py-upgrade_schema:285] >> 테이블 'mysafety_change_cursor' 생성 중...
[2026-09-26 20:33:28,756][INFO|database.py-upgrade_schema:285] >> 테이블 'mysafety_change_log' 생성 중...
[2026-09-26 20:33:28,762][INFO|database.py-upgrade_schema:285] >> 테이블 'mysafety_duplicate_decision' 생성 중...
[2026-09-26 20:33:28,766][INFO|database.py-upgrade_schema:285] >> 테이블 'mysafety_geocode_cache' 생성 중...
[2026-09-26 20:33:28,769][INFO|database.py-upgrade_schema:285] >> 테이블 'mysafety_report_override' 생성 중...
[2026-09-26 20:33:28,773][WARNING|database.py-upgrade_schema:304] >> 'mysafetydetail_other' 테이블에 '주소정규화' 컬럼을 추가합니다.
[2026-09-26 20:33:28,775][WARNING|database.py-upgrade_schema:304] >> 'mysafetydetail_other' 테이블에 '행정구역' 컬럼을 추가합니다.
[2026-09-26 20:33:28,778][WARNING|database.py-upgrade_schema:304] >> 'mysafetydetail_other' 테이블에 '위도' 컬럼을 추가합니다.
[2026-09-26 20:33:28,780][WARNING|database.py-upgrade_schema:304] >> 'mysafetydetail_other' 테이블에 '경도' 컬럼을 추가합니다.
[2026-09-26 20:33:28,784][WARNING|database.py-upgrade_schema:304] >> 'mysafetydetail_other' 테이블에 '지오코딩상태' 컬럼을 추가합니다.
[2026-09-26 20:33:28,788][WARNING|database.py-upgrade_schema:304] >> 'mysafetydetail_other' 테이블에 '사진_첫촬영' 컬럼을 추가합니다.
[2026-09-26 20:33:28,796][WARNING|database.py-upgrade_schema:304] >> 'mysafetydetail_other' 테이블에 '사진_끝촬영' 컬럼을 추가합니다.
[2026-09-26 20:33:28,800][WARNING|database.py-upgrade_schema:304] >> 'mysafetydetail_other' 테이블에 '사진_촬영수' 컬럼을 추가합니다.
[2026-09-26 20:33:28,802][WARNING|database.py-upgrade_schema:304] >> 'mysafetydetail_parking' 테이블에 '주소정규화' 컬럼을 추가합니다.
[2026-09-26 20:33:28,804][WARNING|database.py-upgrade_schema:304] >> 'mysafetydetail_parking' 테이블에 '행정구역' 컬럼을 추가합니다.
[2026-09-26 20:33:28,805][WARNING|database.py-upgrade_schema:304] >> 'mysafetydetail_parking' 테이블에 '위도' 컬럼을 추가합니다.
[2026-09-26 20:33:28,807][WARNING|database.py-upgrade_schema:304] >> 'mysafetydetail_parking' 테이블에 '경도' 컬럼을 추가합니다.
[2026-09-26 20:33:28,812][WARNING|database.py-upgrade_schema:304] >> 'mysafetydetail_parking' 테이블에 '지오코딩상태' 컬럼을 추가합니다.
[2026-09-26 20:33:28,814][WARNING|database.py-upgrade_schema:304] >> 'mysafetydetail_parking' 테이블에 '사진_첫촬영' 컬럼을 추가합니다.
[2026-09-26 20:33:28,817][WARNING|database.py-upgrade_schema:304] >> 'mysafetydetail_parking' 테이블에 '사진_끝촬영' 컬럼을 추가합니다.
[2026-09-26 20:33:28,819][WARNING|database.py-upgrade_schema:304] >> 'mysafetydetail_parking' 테이블에 '사진_촬영수' 컬럼을 추가합니다.
[2026-09-26 20:33:28,826][WARNING|database.py-upgrade_schema:304] >> 'mysafetydetail_traffic' 테이블에 '주소정규화' 컬럼을 추가합니다.
[2026-09-26 20:33:28,831][WARNING|database.py-upgrade_schema:304] >> 'mysafetydetail_traffic' 테이블에 '행정구역' 컬럼을 추가합니다.
[2026-09-26 20:33:28,834][WARNING|database.py-upgrade_schema:304] >> 'mysafetydetail_traffic' 테이블에 '위도' 컬럼을 추가합니다.
[2026-09-26 20:33:28,836][WARNING|database.py-upgrade_schema:304] >> 'mysafetydetail_traffic' 테이블에 '경도' 컬럼을 추가합니다.
[2026-09-26 20:33:28,838][WARNING|database.py-upgrade_schema:304] >> 'mysafetydetail_traffic' 테이블에 '지오코딩상태' 컬럼을 추가합니다.
[2026-09-26 20:33:28,840][WARNING|database.py-upgrade_schema:304] >> 'mysafetydetail_traffic' 테이블에 '사진_첫촬영' 컬럼을 추가합니다.
[2026-09-26 20:33:28,842][WARNING|database.py-upgrade_schema:304] >> 'mysafetydetail_traffic' 테이블에 '사진_끝촬영' 컬럼을 추가합니다.
[2026-09-26 20:33:28,844][WARNING|database.py-upgrade_schema:304] >> 'mysafetydetail_traffic' 테이블에 '사진_촬영수' 컬럼을 추가합니다.
[2026-09-26 20:33:28,846][WARNING|database.py-upgrade_schema:304] >> 'mysafetymerge_other' 테이블에 '주소정규화' 컬럼을 추가합니다.
[2026-09-26 20:33:28,848][WARNING|database.py-upgrade_schema:304] >> 'mysafetymerge_other' 테이블에 '행정구역' 컬럼을 추가합니다.
[2026-09-26 20:33:28,853][WARNING|database.py-upgrade_schema:304] >> 'mysafetymerge_other' 테이블에 '위도' 컬럼을 추가합니다.
[2026-09-26 20:33:28,855][WARNING|database.py-upgrade_schema:304] >> 'mysafetymerge_other' 테이블에 '경도' 컬럼을 추가합니다.
[2026-09-26 20:33:28,863][WARNING|database.py-upgrade_schema:304] >> 'mysafetymerge_other' 테이블에 '지오코딩상태' 컬럼을 추가합니다.
[2026-09-26 20:33:28,866][WARNING|database.py-upgrade_schema:304] >> 'mysafetymerge_other' 테이블에 '사진_첫촬영' 컬럼을 추가합니다.
[2026-09-26 20:33:28,868][WARNING|database.py-upgrade_schema:304] >> 'mysafetymerge_other' 테이블에 '사진_끝촬영' 컬럼을 추가합니다.
[2026-09-26 20:33:28,870][WARNING|database.py-upgrade_schema:304] >> 'mysafetymerge_other' 테이블에 '사진_촬영수' 컬럼을 추가합니다.
[2026-09-26 20:33:28,872][WARNING|database.py-upgrade_schema:304] >> 'mysafetymerge_parking' 테이블에 '주소정규화' 컬럼을 추가합니다.
[2026-09-26 20:33:28,874][WARNING|database.py-upgrade_schema:304] >> 'mysafetymerge_parking' 테이블에 '행정구역' 컬럼을 추가합니다.
[2026-09-26 20:33:28,876][WARNING|database.py-upgrade_schema:304] >> 'mysafetymerge_parking' 테이블에 '위도' 컬럼을 추가합니다.
[2026-09-26 20:33:28,878][WARNING|database.py-upgrade_schema:304] >> 'mysafetymerge_parking' 테이블에 '경도' 컬럼을 추가합니다.
[2026-09-26 20:33:28,880][WARNING|database.py-upgrade_schema:304] >> 'mysafetymerge_parking' 테이블에 '지오코딩상태' 컬럼을 추가합니다.
[2026-09-26 20:33:28,881][WARNING|database.py-upgrade_schema:304] >> 'mysafetymerge_parking' 테이블에 '사진_첫촬영' 컬럼을 추가합니다.
[2026-09-26 20:33:28,883][WARNING|database.py-upgrade_schema:304] >> 'mysafetymerge_parking' 테이블에 '사진_끝촬영' 컬럼을 추가합니다.
[2026-09-26 20:33:28,885][WARNING|database.py-upgrade_schema:304] >> 'mysafetymerge_parking' 테이블에 '사진_촬영수' 컬럼을 추가합니다.
[2026-09-26 20:33:28,890][WARNING|database.py-upgrade_schema:304] >> 'mysafetymerge_traffic' 테이블에 '주소정규화' 컬럼을 추가합니다.
[2026-09-26 20:33:28,896][WARNING|database.py-upgrade_schema:304] >> 'mysafetymerge_traffic' 테이블에 '행정구역' 컬럼을 추가합니다.
[2026-09-26 20:33:28,899][WARNING|database.py-upgrade_schema:304] >> 'mysafetymerge_traffic' 테이블에 '위도' 컬럼을 추가합니다.
[2026-09-26 20:33:28,901][WARNING|database.py-upgrade_schema:304] >> 'mysafetymerge_traffic' 테이블에 '경도' 컬럼을 추가합니다.
[2026-09-26 20:33:28,903][WARNING|database.py-upgrade_schema:304] >> 'mysafetymerge_traffic' 테이블에 '지오코딩상태' 컬럼을 추가합니다.
[2026-09-26 20:33:28,904][WARNING|database.py-upgrade_schema:304] >> 'mysafetymerge_traffic' 테이블에 '사진_첫촬영' 컬럼을 추가합니다.
[2026-09-26 20:33:28,906][WARNING|database.py-upgrade_schema:304] >> 'mysafetymerge_traffic' 테이블에 '사진_끝촬영' 컬럼을 추가합니다.
[2026-09-26 20:33:28,908][WARNING|database.py-upgrade_schema:304] >> 'mysafetymerge_traffic' 테이블에 '사진_촬영수' 컬럼을 추가합니다.
[2026-09-26 20:33:28,911][INFO|database.py-_apply_versioned_migrations:452] >> [schema] DB 스키마 버전 1 적용
[2026-09-26 20:33:28,917][INFO|database.py-_apply_versioned_migrations:452] >> [schema] DB 스키마 버전 2 적용
[2026-09-26 20:33:28,920][INFO|database.py-_apply_versioned_migrations:452] >> [schema] DB 스키마 버전 3 적용
[2026-09-26 20:33:28,943][INFO|database.py-_apply_versioned_migrations:452] >> [schema] DB 스키마 버전 4 적용
[2026-09-26 20:33:28,980][INFO|duplicate_group_service.py-_log_info:53] >> [duplicate] payload exact 중복군 0개, 멤버 0건 재생성
[2026-09-26 20:33:29,009][INFO|duplicate_group_service.py-_log_info:53] >> [duplicate] payload exact 중복군 0개, 멤버 0건 재생성
.[2026-09-26 20:33:29,115][INFO|database.py-backup_before_upgrade:436] >> [schema] 버전 0 → 4 올리기 전 DB 백업: /tmp/tmp7ucg9gjx/backups/before_schema_v0_20260926_203329.db
[2026-09-26 20:33:29,122][INFO|database.py-upgrade_schema:285] >> 테이블 'mysafety_change_cursor' 생성 중...
[2026-09-26 20:33:29,132][INFO|database.py-upgrade_schema:285] >> 테이블 'mysafety_change_log' 생성 중...
[2026-09-26 20:33:29,135][INFO|database.py-upgrade_schema:285] >> 테이블 'mysafety_duplicate_decision' 생성 중...
[2026-09-26 20:33:29,138][INFO|database.py-upgrade_schema:285] >> 테이블 'mysafety_geocode_cache' 생성 중...
[2026-09-26 20:33:29,140][INFO|database.py-upgrade_schema:285] >> 테이블 'mysafety_report_override' 생성 중...
[2026-09-26 20:33:29,142][WARNING|database.py-upgrade_schema:304] >> 'mysafetydetail_other' 테이블에 '주소정규화' 컬럼을 추가합니다.
[2026-09-26 20:33:29,144][WARNING|database.py-upgrade_schema:304] >> 'mysafetydetail_other' 테이블에 '행정구역' 컬럼을 추가합니다.
[2026-09-26 20:33:29,146][WARNING|database.py-upgrade_schema:304] >> 'mysafetydetail_other' 테이블에 '위도' 컬럼을 추가합니다.
[2026-09-26 20:33:29,148][WARNING|database.py-upgrade_schema:304] >> 'mysafetydetail_other' 테이블에 '경도' 컬럼을 추가합니다.
[2026-09-26 20:33:29,151][WARNING|database.py-upgrade_schema:304] >> 'mysafetydetail_other' 테이블에 '지오코딩상태' 컬럼을 추가합니다.
[2026-09-26 20:33:29,153][WARNING|database.py-upgrade_schema:304] >> 'mysafetydetail_other' 테이블에 '사진_첫촬영' 컬럼을 추가합니다.
[2026-09-26 20:33:29,155][WARNING|database.py-upgrade_schema:304] >> 'mysafetydetail_other' 테이블에 '사진_끝촬영' 컬럼을 추가합니다.
[2026-09-26 20:33:29,159][WARNING|database.py-upgrade_schema:304] >> 'mysafetydetail_other' 테이블에 '사진_촬영수' 컬럼을 추가합니다.
[2026-09-26 20:33:29,166][WARNING|database.py-upgrade_schema:304] >> 'mysafetydetail_parking' 테이블에 '주소정규화' 컬럼을 추가합니다.
[2026-09-26 20:33:29,171][WARNING|database.py-upgrade_schema:304] >> 'mysafetydetail_parking' 테이블에 '행정구역' 컬럼을 추가합니다.
[2026-09-26 20:33:29,174][WARNING|database.py-upgrade_schema:304] >> 'mysafetydetail_parking' 테이블에 '위도' 컬럼을 추가합니다.
[2026-09-26 20:33:29,176][WARNING|database.py-upgrade_schema:304] >> 'mysafetydetail_parking' 테이블에 '경도' 컬럼을 추가합니다.
[2026-09-26 20:33:29,179][WARNING|database.py-upgrade_schema:304] >> 'mysafetydetail_parking' 테이블에 '지오코딩상태' 컬럼을 추가합니다.
[2026-09-26 20:33:29,181][WARNING|database.py-upgrade_schema:304] >> 'mysafetydetail_parking' 테이블에 '사진_첫촬영' 컬럼을 추가합니다.
[2026-09-26 20:33:29,183][WARNING|database.py-upgrade_schema:304] >> 'mysafetydetail_parking' 테이블에 '사진_끝촬영' 컬럼을 추가합니다.
[2026-09-26 20:33:29,184][WARNING|database.py-upgrade_schema:304] >> 'mysafetydetail_parking' 테이블에 '사진_촬영수' 컬럼을 추가합니다.
[2026-09-26 20:33:29,187][WARNING|database.py-upgrade_schema:304] >> 'mysafetydetail_traffic' 테이블에 '주소정규화' 컬럼을 추가합니다.
[2026-09-26 20:33:29,193][WARNING|database.py-upgrade_schema:304] >> 'mysafetydetail_traffic' 테이블에 '행정구역' 컬럼을 추가합니다.
[2026-09-26 20:33:29,195][WARNING|database.py-upgrade_schema:304] >> 'mysafetydetail_traffic' 테이블에 '위도' 컬럼을 추가합니다.
[2026-09-26 20:33:29,202][WARNING|database.py-upgrade_schema:304] >> 'mysafetydetail_traffic' 테이블에 '경도' 컬럼을 추가합니다.
[2026-09-26 20:33:29,205][WARNING|database.py-upgrade_schema:304] >> 'mysafetydetail_traffic' 테이블에 '지오코딩상태' 컬럼을 추가합니다.
[2026-09-26 20:33:29,207][WARNING|database.py-upgrade_schema:304] >> 'mysafetydetail_traffic' 테이블에 '사진_첫촬영' 컬럼을 추가합니다.
[2026-09-26 20:33:29,209][WARNING|database.py-upgrade_schema:304] >> 'mysafetydetail_traffic' 테이블에 '사진_끝촬영' 컬럼을 추가합니다.
[2026-09-26 20:33:29,211][WARNING|database.py-upgrade_schema:304] >> 'mysafetydetail_traffic' 테이블에 '사진_촬영수' 컬럼을 추가합니다.
[2026-09-26 20:33:29,213][WARNING|database.py-upgrade_schema:304] >> 'mysafetymerge_other' 테이블에 '주소정규화' 컬럼을 추가합니다.
[2026-09-26 20:33:29,215][WARNING|database.py-upgrade_schema:304] >> 'mysafetymerge_other' 테이블에 '행정구역' 컬럼을 추가합니다.
[2026-09-26 20:33:29,217][WARNING|database.py-upgrade_schema:304] >> 'mysafetymerge_other' 테이블에 '위도' 컬럼을 추가합니다.
[2026-09-26 20:33:29,218][WARNING|database.py-upgrade_schema:304] >> 'mysafetymerge_other' 테이블에 '경도' 컬럼을 추가합니다.
[2026-09-26 20:33:29,220][WARNING|database.py-upgrade_schema:304] >> 'mysafetymerge_other' 테이블에 '지오코딩상태' 컬럼을 추가합니다.
[2026-09-26 20:33:29,222][WARNING|database.py-upgrade_schema:304] >> 'mysafetymerge_other' 테이블에 '사진_첫촬영' 컬럼을 추가합니다.
[2026-09-26 20:33:29,223][WARNING|database.py-upgrade_schema:304] >> 'mysafetymerge_other' 테이블에 '사진_끝촬영' 컬럼을 추가합니다.
[2026-09-26 20:33:29,225][WARNING|database.py-upgrade_schema:304] >> 'mysafetymerge_other' 테이블에 '사진_촬영수' 컬럼을 추가합니다.
[2026-09-26 20:33:29,227][WARNING|database.py-upgrade_schema:304] >> 'mysafetymerge_parking' 테이블에 '주소정규화' 컬럼을 추가합니다.
[2026-09-26 20:33:29,231][WARNING|database.py-upgrade_schema:304] >> 'mysafetymerge_parking' 테이블에 '행정구역' 컬럼을 추가합니다.
[2026-09-26 20:33:29,233][WARNING|database.py-upgrade_schema:304] >> 'mysafetymerge_parking' 테이블에 '위도' 컬럼을 추가합니다.
[2026-09-26 20:33:29,241][WARNING|database.py-upgrade_schema:304] >> 'mysafetymerge_parking' 테이블에 '경도' 컬럼을 추가합니다.
[2026-09-26 20:33:29,244][WARNING|database.py-upgrade_schema:304] >> 'mysafetymerge_parking' 테이블에 '지오코딩상태' 컬럼을 추가합니다.
[2026-09-26 20:33:29,246][WARNING|database.py-upgrade_schema:304] >> 'mysafetymerge_parking' 테이블에 '사진_첫촬영' 컬럼을 추가합니다.
[2026-09-26 20:33:29,248][WARNING|database.py-upgrade_schema:304] >> 'mysafetymerge_parking' 테이블에 '사진_끝촬영' 컬럼을 추가합니다.
[2026-09-26 20:33:29,250][WARNING|database.py-upgrade_schema:304] >> 'mysafetymerge_parking' 테이블에 '사진_촬영수' 컬럼을 추가합니다.
[2026-09-26 20:33:29,253][WARNING|database.py-upgrade_schema:304] >> 'mysafetymerge_traffic' 테이블에 '주소정규화' 컬럼을 추가합니다.
[2026-09-26 20:33:29,254][WARNING|database.py-upgrade_schema:304] >> 'mysafetymerge_traffic' 테이블에 '행정구역' 컬럼을 추가합니다.
[2026-09-26 20:33:29,256][WARNING|database.py-upgrade_schema:304] >> 'mysafetymerge_traffic' 테이블에 '위도' 컬럼을 추가합니다.
[2026-09-26 20:33:29,258][WARNING|database.py-upgrade_schema:304] >> 'mysafetymerge_traffic' 테이블에 '경도' 컬럼을 추가합니다.
[2026-09-26 20:33:29,260][WARNING|database.py-upgrade_schema:304] >> 'mysafetymerge_traffic' 테이블에 '지오코딩상태' 컬럼을 추가합니다.
[2026-09-26 20:33:29,261][WARNING|database.py-upgrade_schema:304] >> 'mysafetymerge_traffic' 테이블에 '사진_첫촬영' 컬럼을 추가합니다.
[2026-09-26 20:33:29,263][WARNING|database.py-upgrade_schema:304] >> 'mysafetymerge_traffic' 테이블에 '사진_끝촬영' 컬럼을 추가합니다.
[2026-09-26 20:33:29,265][WARNING|database.py-upgrade_schema:304] >> 'mysafetymerge_traffic' 테이블에 '사진_촬영수' 컬럼을 추가합니다.
[2026-09-26 20:33:29,272][INFO|database.py-_apply_versioned_migrations:452] >> [schema] DB 스키마 버전 1 적용
[2026-09-26 20:33:29,284][INFO|database.py-_apply_versioned_migrations:452] >> [schema] DB 스키마 버전 2 적용
[2026-09-26 20:33:29,286][INFO|database.py-_apply_versioned_migrations:452] >> [schema] DB 스키마 버전 3 적용
[2026-09-26 20:33:29,309][INFO|database.py-_apply_versioned_migrations:452] >> [schema] DB 스키마 버전 4 적용
[2026-09-26 20:33:29,340][INFO|duplicate_group_service.py-_log_info:53] >> [duplicate] payload exact 중복군 0개, 멤버 0건 재생성
.[2026-09-26 20:33:29,437][INFO|database.py-upgrade_schema:285] >> 테이블 'mysafety_change_cursor' 생성 중...
[2026-09-26 20:33:29,441][INFO|database.py-upgrade_schema:285] >> 테이블 'mysafety_change_log' 생성 중...
[2026-09-26 20:33:29,443][INFO|database.py-upgrade_schema:285] >> 테이블 'mysafety_duplicate_decision' 생성 중...
[2026-09-26 20:33:29,446][INFO|database.py-upgrade_schema:285] >> 테이블 'mysafety_geocode_cache' 생성 중...
[2026-09-26 20:33:29,449][INFO|database.py-upgrade_schema:285] >> 테이블 'mysafety_report_override' 생성 중...
[2026-09-26 20:33:29,454][WARNING|database.py-upgrade_schema:304] >> 'mysafetydetail_other' 테이블에 '주소정규화' 컬럼을 추가합니다.
[2026-09-26 20:33:29,458][WARNING|database.py-upgrade_schema:304] >> 'mysafetydetail_other' 테이블에 '행정구역' 컬럼을 추가합니다.
[2026-09-26 20:33:29,461][WARNING|database.py-upgrade_schema:304] >> 'mysafetydetail_other' 테이블에 '위도' 컬럼을 추가합니다.
[2026-09-26 20:33:29,463][WARNING|database.py-upgrade_schema:304] >> 'mysafetydetail_other' 테이블에 '경도' 컬럼을 추가합니다.
[2026-09-26 20:33:29,464][WARNING|database.py-upgrade_schema:304] >> 'mysafetydetail_other' 테이블에 '지오코딩상태' 컬럼을 추가합니다.
[2026-09-26 20:33:29,467][WARNING|database.py-upgrade_schema:304] >> 'mysafetydetail_other' 테이블에 '사진_첫촬영' 컬럼을 추가합니다.
[2026-09-26 20:33:29,471][WARNING|database.py-upgrade_schema:304] >> 'mysafetydetail_other' 테이블에 '사진_끝촬영' 컬럼을 추가합니다.
[2026-09-26 20:33:29,472][WARNING|database.py-upgrade_schema:304] >> 'mysafetydetail_other' 테이블에 '사진_촬영수' 컬럼을 추가합니다.
[2026-09-26 20:33:29,476][WARNING|database.py-upgrade_schema:304] >> 'mysafetydetail_parking' 테이블에 '주소정규화' 컬럼을 추가합니다.
[2026-09-26 20:33:29,478][WARNING|database.py-upgrade_schema:304] >> 'mysafetydetail_parking' 테이블에 '행정구역' 컬럼을 추가합니다.
[2026-09-26 20:33:29,480][WARNING|database.py-upgrade_schema:304] >> 'mysafetydetail_parking' 테이블에 '위도' 컬럼을 추가합니다.
[2026-09-26 20:33:29,482][WARNING|database.py-upgrade_schema:304] >> 'mysafetydetail_parking' 테이블에 '경도' 컬럼을 추가합니다.
[2026-09-26 20:33:29,488][WARNING|database.py-upgrade_schema:304] >> 'mysafetydetail_parking' 테이블에 '지오코딩상태' 컬럼을 추가합니다.
[2026-09-26 20:33:29,491][WARNING|database.py-upgrade_schema:304] >> 'mysafetydetail_parking' 테이블에 '사진_첫촬영' 컬럼을 추가합니다.
[2026-09-26 20:33:29,497][WARNING|database.py-upgrade_schema:304] >> 'mysafetydetail_parking' 테이블에 '사진_끝촬영' 컬럼을 추가합니다.
[2026-09-26 20:33:29,501][WARNING|database.py-upgrade_schema:304] >> 'mysafetydetail_parking' 테이블에 '사진_촬영수' 컬럼을 추가합니다.
[2026-09-26 20:33:29,506][WARNING|database.py-upgrade_schema:304] >> 'mysafetydetail_traffic' 테이블에 '주소정규화' 컬럼을 추가합니다.
[2026-09-26 20:33:29,508][WARNING|database.py-upgrade_schema:304] >> 'mysafetydetail_traffic' 테이블에 '행정구역' 컬럼을 추가합니다.
[2026-09-26 20:33:29,510][WARNING|database.py-upgrade_schema:304] >> 'mysafetydetail_traffic' 테이블에 '위도' 컬럼을 추가합니다.
[2026-09-26 20:33:29,513][WARNING|database.py-upgrade_schema:304] >> 'mysafetydetail_traffic' 테이블에 '경도' 컬럼을 추가합니다.
[2026-09-26 20:33:29,516][WARNING|database.py-upgrade_schema:304] >> 'mysafetydetail_traffic' 테이블에 '지오코딩상태' 컬럼을 추가합니다.
[2026-09-26 20:33:29,518][WARNING|database.py-upgrade_schema:304] >> 'mysafetydetail_traffic' 테이블에 '사진_첫촬영' 컬럼을 추가합니다.
[2026-09-26 20:33:29,520][WARNING|database.py-upgrade_schema:304] >> 'mysafetydetail_traffic' 테이블에 '사진_끝촬영' 컬럼을 추가합니다.
[2026-09-26 20:33:29,524][WARNING|database.py-upgrade_schema:304] >> 'mysafetydetail_traffic' 테이블에 '사진_촬영수' 컬럼을 추가합니다.
[2026-09-26 20:33:29,528][WARNING|database.py-upgrade_schema:304] >> 'mysafetymerge_other' 테이블에 '주소정규화' 컬럼을 추가합니다.
[2026-09-26 20:33:29,530][WARNING|database.py-upgrade_schema:304] >> 'mysafetymerge_other' 테이블에 '행정구역' 컬럼을 추가합니다.
[2026-09-26 20:33:29,533][WARNING|database.py-upgrade_schema:304] >> 'mysafetymerge_other' 테이블에 '위도' 컬럼을 추가합니다.
[2026-09-26 20:33:29,534][WARNING|database.py-upgrade_schema:304] >> 'mysafetymerge_other' 테이블에 '경도' 컬럼을 추가합니다.
[2026-09-26 20:33:29,536][WARNING|database.py-upgrade_schema:304] >> 'mysafetymerge_other' 테이블에 '지오코딩상태' 컬럼을 추가합니다.
[2026-09-26 20:33:29,539][WARNING|database.py-upgrade_schema:304] >> 'mysafetymerge_other' 테이블에 '사진_첫촬영' 컬럼을 추가합니다.
[2026-09-26 20:33:29,541][WARNING|database.py-upgrade_schema:304] >> 'mysafetymerge_other' 테이블에 '사진_끝촬영' 컬럼을 추가합니다.
[2026-09-26 20:33:29,543][WARNING|database.py-upgrade_schema:304] >> 'mysafetymerge_other' 테이블에 '사진_촬영수' 컬럼을 추가합니다.
[2026-09-26 20:33:29,545][WARNING|database.py-upgrade_schema:304] >> 'mysafetymerge_parking' 테이블에 '주소정규화' 컬럼을 추가합니다.
[2026-09-26 20:33:29,547][WARNING|database.py-upgrade_schema:304] >> 'mysafetymerge_parking' 테이블에 '행정구역' 컬럼을 추가합니다.
[2026-09-26 20:33:29,551][WARNING|database.py-upgrade_schema:304] >> 'mysafetymerge_parking' 테이블에 '위도' 컬럼을 추가합니다.
[2026-09-26 20:33:29,553][WARNING|database.py-upgrade_schema:304] >> 'mysafetymerge_parking' 테이블에 '경도' 컬럼을 추가합니다.
[2026-09-26 20:33:29,556][WARNING|database.py-upgrade_schema:304] >> 'mysafetymerge_parking' 테이블에 '지오코딩상태' 컬럼을 추가합니다.
[2026-09-26 20:33:29,566][WARNING|database.py-upgrade_schema:304] >> 'mysafetymerge_parking' 테이블에 '사진_첫촬영' 컬럼을 추가합니다.
[2026-09-26 20:33:29,568][WARNING|database.py-upgrade_schema:304] >> 'mysafetymerge_parking' 테이블에 '사진_끝촬영' 컬럼을 추가합니다.
[2026-09-26 20:33:29,569][WARNING|database.py-upgrade_schema:304] >> 'mysafetymerge_parking' 테이블에 '사진_촬영수' 컬럼을 추가합니다.
[2026-09-26 20:33:29,572][WARNING|database.py-upgrade_schema:304] >> 'mysafetymerge_traffic' 테이블에 '주소정규화' 컬럼을 추가합니다.
[2026-09-26 20:33:29,574][WARNING|database.py-upgrade_schema:304] >> 'mysafetymerge_traffic' 테이블에 '행정구역' 컬럼을 추가합니다.
[2026-09-26 20:33:29,576][WARNING|database.py-upgrade_schema:304] >> 'mysafetymerge_traffic' 테이블에 '위도' 컬럼을 추가합니다.
[2026-09-26 20:33:29,579][WARNING|database.py-upgrade_schema:304] >> 'mysafetymerge_traffic' 테이블에 '경도' 컬럼을 추가합니다.
[2026-09-26 20:33:29,581][WARNING|database.py-upgrade_schema:304] >> 'mysafetymerge_traffic' 테이블에 '지오코딩상태' 컬럼을 추가합니다.
[2026-09-26 20:33:29,586][WARNING|database.py-upgrade_schema:304] >> 'mysafetymerge_traffic' 테이블에 '사진_첫촬영' 컬럼을 추가합니다.
[2026-09-26 20:33:29,588][WARNING|database.py-upgrade_schema:304] >> 'mysafetymerge_traffic' 테이블에 '사진_끝촬영' 컬럼을 추가합니다.
[2026-09-26 20:33:29,595][WARNING|database.py-upgrade_schema:304] >> 'mysafetymerge_traffic' 테이블에 '사진_촬영수' 컬럼을 추가합니다.
[2026-09-26 20:33:29,602][INFO|database.py-_apply_versioned_migrations:452] >> [schema] DB 스키마 버전 1 적용
[2026-09-26 20:33:29,609][INFO|database.py-_apply_versioned_migrations:452] >> [schema] DB 스키마 버전 2 적용
[2026-09-26 20:33:29,611][INFO|database.py-_apply_versioned_migrations:452] >> [schema] DB 스키마 버전 3 적용
[2026-09-26 20:33:29,631][INFO|database.py-_apply_versioned_migrations:452] >> [schema] DB 스키마 버전 4 적용
[2026-09-26 20:33:29,675][INFO|duplicate_group_service.py-_log_info:53] >> [duplicate] payload exact 중복군 0개, 멤버 0건 재생성
.[2026-09-26 20:33:29,776][INFO|database.py-upgrade_schema:285] >> 테이블 'mysafety_change_cursor' 생성 중...
[2026-09-26 20:33:29,780][INFO|database.py-upgrade_schema:285] >> 테이블 'mysafety_change_log' 생성 중...
[2026-09-26 20:33:29,781][INFO|database.py-upgrade_schema:285] >> 테이블 'mysafety_duplicate_decision' 생성 중...
[2026-09-26 20:33:29,784][INFO|database.py-upgrade_schema:285] >> 테이블 'mysafety_geocode_cache' 생성 중...
[2026-09-26 20:33:29,786][INFO|database.py-upgrade_schema:285] >> 테이블 'mysafety_report_override' 생성 중...
[2026-09-26 20:33:29,789][WARNING|database.py-upgrade_schema:304] >> 'mysafetydetail_other' 테이블에 '주소정규화' 컬럼을 추가합니다.
[2026-09-26 20:33:29,791][WARNING|database.py-upgrade_schema:304] >> 'mysafetydetail_other' 테이블에 '행정구역' 컬럼을 추가합니다.
[2026-09-26 20:33:29,793][WARNING|database.py-upgrade_schema:304] >> 'mysafetydetail_other' 테이블에 '위도' 컬럼을 추가합니다.
[2026-09-26 20:33:29,796][WARNING|database.py-upgrade_schema:304] >> 'mysafetydetail_other' 테이블에 '경도' 컬럼을 추가합니다.
[2026-09-26 20:33:29,798][WARNING|database.py-upgrade_schema:304] >> 'mysafetydetail_other' 테이블에 '지오코딩상태' 컬럼을 추가합니다.
[2026-09-26 20:33:29,802][WARNING|database.py-upgrade_schema:304] >> 'mysafetydetail_other' 테이블에 '사진_첫촬영' 컬럼을 추가합니다.
[2026-09-26 20:33:29,804][WARNING|database.py-upgrade_schema:304] >> 'mysafetydetail_other' 테이블에 '사진_끝촬영' 컬럼을 추가합니다.
[2026-09-26 20:33:29,806][WARNING|database.py-upgrade_schema:304] >> 'mysafetydetail_other' 테이블에 '사진_촬영수' 컬럼을 추가합니다.
[2026-09-26 20:33:29,809][WARNING|database.py-upgrade_schema:304] >> 'mysafetydetail_parking' 테이블에 '주소정규화' 컬럼을 추가합니다.
[2026-09-26 20:33:29,810][WARNING|database.py-upgrade_schema:304] >> 'mysafetydetail_parking' 테이블에 '행정구역' 컬럼을 추가합니다.
[2026-09-26 20:33:29,812][WARNING|database.py-upgrade_schema:304] >> 'mysafetydetail_parking' 테이블에 '위도' 컬럼을 추가합니다.
[2026-09-26 20:33:29,814][WARNING|database.py-upgrade_schema:304] >> 'mysafetydetail_parking' 테이블에 '경도' 컬럼을 추가합니다.
[2026-09-26 20:33:29,815][WARNING|database.py-upgrade_schema:304] >> 'mysafetydetail_parking' 테이블에 '지오코딩상태' 컬럼을 추가합니다.
[2026-09-26 20:33:29,820][WARNING|database.py-upgrade_schema:304] >> 'mysafetydetail_parking' 테이블에 '사진_첫촬영' 컬럼을 추가합니다.
[2026-09-26 20:33:29,823][WARNING|database.py-upgrade_schema:304] >> 'mysafetydetail_parking' 테이블에 '사진_끝촬영' 컬럼을 추가합니다.
[2026-09-26 20:33:29,828][WARNING|database.py-upgrade_schema:304] >> 'mysafetydetail_parking' 테이블에 '사진_촬영수' 컬럼을 추가합니다.
[2026-09-26 20:33:29,834][WARNING|database.py-upgrade_schema:304] >> 'mysafetydetail_traffic' 테이블에 '주소정규화' 컬럼을 추가합니다.
[2026-09-26 20:33:29,836][WARNING|database.py-upgrade_schema:304] >> 'mysafetydetail_traffic' 테이블에 '행정구역' 컬럼을 추가합니다.
[2026-09-26 20:33:29,838][WARNING|database.py-upgrade_schema:304] >> 'mysafetydetail_traffic' 테이블에 '위도' 컬럼을 추가합니다.
[2026-09-26 20:33:29,840][WARNING|database.py-upgrade_schema:304] >> 'mysafetydetail_traffic' 테이블에 '경도' 컬럼을 추가합니다.
[2026-09-26 20:33:29,842][WARNING|database.py-upgrade_schema:304] >> 'mysafetydetail_traffic' 테이블에 '지오코딩상태' 컬럼을 추가합니다.
[2026-09-26 20:33:29,844][WARNING|database.py-upgrade_schema:304] >> 'mysafetydetail_traffic' 테이블에 '사진_첫촬영' 컬럼을 추가합니다.
[2026-09-26 20:33:29,845][WARNING|database.py-upgrade_schema:304] >> 'mysafetydetail_traffic' 테이블에 '사진_끝촬영' 컬럼을 추가합니다.
[2026-09-26 20:33:29,848][WARNING|database.py-upgrade_schema:304] >> 'mysafetydetail_traffic' 테이블에 '사진_촬영수' 컬럼을 추가합니다.
[2026-09-26 20:33:29,855][WARNING|database.py-upgrade_schema:304] >> 'mysafetymerge_other' 테이블에 '주소정규화' 컬럼을 추가합니다.
[2026-09-26 20:33:29,857][WARNING|database.py-upgrade_schema:304] >> 'mysafetymerge_other' 테이블에 '행정구역' 컬럼을 추가합니다.
[2026-09-26 20:33:29,864][WARNING|database.py-upgrade_schema:304] >> 'mysafetymerge_other' 테이블에 '위도' 컬럼을 추가합니다.
[2026-09-26 20:33:29,867][WARNING|database.py-upgrade_schema:304] >> 'mysafetymerge_other' 테이블에 '경도' 컬럼을 추가합니다.
[2026-09-26 20:33:29,869][WARNING|database.py-upgrade_schema:304] >> 'mysafetymerge_other' 테이블에 '지오코딩상태' 컬럼을 추가합니다.
[2026-09-26 20:33:29,871][WARNING|database.py-upgrade_schema:304] >> 'mysafetymerge_other' 테이블에 '사진_첫촬영' 컬럼을 추가합니다.
[2026-09-26 20:33:29,873][WARNING|database.py-upgrade_schema:304] >> 'mysafetymerge_other' 테이블에 '사진_끝촬영' 컬럼을 추가합니다.
[2026-09-26 20:33:29,875][WARNING|database.py-upgrade_schema:304] >> 'mysafetymerge_other' 테이블에 '사진_촬영수' 컬럼을 추가합니다.
[2026-09-26 20:33:29,877][WARNING|database.py-upgrade_schema:304] >> 'mysafetymerge_parking' 테이블에 '주소정규화' 컬럼을 추가합니다.
[2026-09-26 20:33:29,879][WARNING|database.py-upgrade_schema:304] >> 'mysafetymerge_parking' 테이블에 '행정구역' 컬럼을 추가합니다.
[2026-09-26 20:33:29,881][WARNING|database.py-upgrade_schema:304] >> 'mysafetymerge_parking' 테이블에 '위도' 컬럼을 추가합니다.
[2026-09-26 20:33:29,887][WARNING|database.py-upgrade_schema:304] >> 'mysafetymerge_parking' 테이블에 '경도' 컬럼을 추가합니다.
[2026-09-26 20:33:29,889][WARNING|database.py-upgrade_schema:304] >> 'mysafetymerge_parking' 테이블에 '지오코딩상태' 컬럼을 추가합니다.
[2026-09-26 20:33:29,895][WARNING|database.py-upgrade_schema:304] >> 'mysafetymerge_parking' 테이블에 '사진_첫촬영' 컬럼을 추가합니다.
[2026-09-26 20:33:29,899][WARNING|database.py-upgrade_schema:304] >> 'mysafetymerge_parking' 테이블에 '사진_끝촬영' 컬럼을 추가합니다.
[2026-09-26 20:33:29,901][WARNING|database.py-upgrade_schema:304] >> 'mysafetymerge_parking' 테이블에 '사진_촬영수' 컬럼을 추가합니다.
[2026-09-26 20:33:29,904][WARNING|database.py-upgrade_schema:304] >> 'mysafetymerge_traffic' 테이블에 '주소정규화' 컬럼을 추가합니다.
[2026-09-26 20:33:29,906][WARNING|database.py-upgrade_schema:304] >> 'mysafetymerge_traffic' 테이블에 '행정구역' 컬럼을 추가합니다.
[2026-09-26 20:33:29,908][WARNING|database.py-upgrade_schema:304] >> 'mysafetymerge_traffic' 테이블에 '위도' 컬럼을 추가합니다.
[2026-09-26 20:33:29,910][WARNING|database.py-upgrade_schema:304] >> 'mysafetymerge_traffic' 테이블에 '경도' 컬럼을 추가합니다.
[2026-09-26 20:33:29,912][WARNING|database.py-upgrade_schema:304] >> 'mysafetymerge_traffic' 테이블에 '지오코딩상태' 컬럼을 추가합니다.
[2026-09-26 20:33:29,915][WARNING|database.py-upgrade_schema:304] >> 'mysafetymerge_traffic' 테이블에 '사진_첫촬영' 컬럼을 추가합니다.
[2026-09-26 20:33:29,917][WARNING|database.py-upgrade_schema:304] >> 'mysafetymerge_traffic' 테이블에 '사진_끝촬영' 컬럼을 추가합니다.
[2026-09-26 20:33:29,920][WARNING|database.py-upgrade_schema:304] >> 'mysafetymerge_traffic' 테이블에 '사진_촬영수' 컬럼을 추가합니다.
[2026-09-26 20:33:29,929][INFO|database.py-_apply_versioned_migrations:452] >> [schema] DB 스키마 버전 1 적용
[2026-09-26 20:33:29,936][INFO|database.py-_apply_versioned_migrations:452] >> [schema] DB 스키마 버전 2 적용
[2026-09-26 20:33:29,940][INFO|database.py-_apply_versioned_migrations:452] >> [schema] DB 스키마 버전 3 적용
[2026-09-26 20:33:29,962][INFO|database.py-_apply_versioned_migrations:452] >> [schema] DB 스키마 버전 4 적용
[2026-09-26 20:33:29,999][INFO|duplicate_group_service.py-_log_info:53] >> [duplicate] payload exact 중복군 0개, 멤버 0건 재생성
[2026-09-26 20:33:30,024][INFO|duplicate_group_service.py-_log_info:53] >> [duplicate] payload exact 중복군 0개, 멤버 0건 재생성
.[2026-09-26 20:33:30,042][INFO|database.py-upgrade_schema:285] >> 테이블 'admin_users' 생성 중...
[2026-09-26 20:33:30,053][INFO|database.py-upgrade_schema:285] >> 테이블 'api_keys' 생성 중...
[2026-09-26 20:33:30,055][INFO|database.py-upgrade_schema:285] >> 테이블 'mysafety' 생성 중...
[2026-09-26 20:33:30,057][INFO|database.py-upgrade_schema:285] >> 테이블 'mysafety_change_cursor' 생성 중...
[2026-09-26 20:33:30,059][INFO|database.py-upgrade_schema:285] >> 테이블 'mysafety_change_log' 생성 중...
[2026-09-26 20:33:30,061][INFO|database.py-upgrade_schema:285] >> 테이블 'mysafety_duplicate_decision' 생성 중...
[2026-09-26 20:33:30,062][INFO|database.py-upgrade_schema:285] >> 테이블 'mysafety_duplicate_group' 생성 중...
[2026-09-26 20:33:30,064][INFO|database.py-upgrade_schema:285] >> 테이블 'mysafety_duplicate_member' 생성 중...
[2026-09-26 20:33:30,068][INFO|database.py-upgrade_schema:285] >> 테이블 'mysafety_entry_value' 생성 중...
[2026-09-26 20:33:30,071][INFO|database.py-upgrade_schema:285] >> 테이블 'mysafety_geocode_cache' 생성 중...
[2026-09-26 20:33:30,072][INFO|database.py-upgrade_schema:285] >> 테이블 'mysafety_raw_content' 생성 중...
[2026-09-26 20:33:30,079][INFO|database.py-upgrade_schema:285] >> 테이블 'mysafety_report_override' 생성 중...
[2026-09-26 20:33:30,081][INFO|database.py-upgrade_schema:285] >> 테이블 'mysafety_sync_meta' 생성 중...
[2026-09-26 20:33:30,083][INFO|database.py-upgrade_schema:285] >> 테이블 'mysafety_watchlist' 생성 중...
[2026-09-26 20:33:30,085][INFO|database.py-upgrade_schema:285] >> 테이블 'mysafetydetail_other' 생성 중...
[2026-09-26 20:33:30,086][INFO|database.py-upgrade_schema:285] >> 테이블 'mysafetydetail_parking' 생성 중...
[2026-09-26 20:33:30,089][INFO|database.py-upgrade_schema:285] >> 테이블 'mysafetydetail_traffic' 생성 중...
[2026-09-26 20:33:30,091][INFO|database.py-upgrade_schema:285] >> 테이블 'mysafetymerge_other' 생성 중...
[2026-09-26 20:33:30,093][INFO|database.py-upgrade_schema:285] >> 테이블 'mysafetymerge_parking' 생성 중...
[2026-09-26 20:33:30,095][INFO|database.py-upgrade_schema:285] >> 테이블 'mysafetymerge_traffic' 생성 중...
[2026-09-26 20:33:30,099][INFO|database.py-_apply_versioned_migrations:452] >> [schema] DB 스키마 버전 1 적용
[2026-09-26 20:33:30,108][INFO|database.py-_apply_versioned_migrations:452] >> [schema] DB 스키마 버전 2 적용
[2026-09-26 20:33:30,110][INFO|database.py-_apply_versioned_migrations:452] >> [schema] DB 스키마 버전 3 적용
[2026-09-26 20:33:30,128][INFO|database.py-_apply_versioned_migrations:452] >> [schema] DB 스키마 버전 4 적용
[2026-09-26 20:33:30,155][INFO|duplicate_group_service.py-_log_info:53] >> [duplicate] payload exact 중복군 0개, 멤버 0건 재생성
[2026-09-26 20:33:30,195][INFO|database.py-backfill_synced_at:100] >> [migration] mysafetydetail_traffic synced_at 백필: 12건, 미해결 0건
[2026-09-26 20:33:30,199][INFO|database.py-backfill_synced_at:100] >> [migration] mysafetydetail_parking synced_at 백필: 6건, 미해결 0건
[2026-09-26 20:33:30,202][INFO|database.py-backfill_synced_at:100] >> [migration] mysafetydetail_other synced_at 백필: 6건, 미해결 0건
[2026-09-26 20:33:30,204][INFO|database.py-backfill_synced_at:105] >> [migration] synced_at 백필 완료: 총 24건 갱신, merge 재생성 시작
[2026-09-26 20:33:30,221][INFO|database.py-merge_final:736] >> 최종 데이터 병합 완료 (Traffic/Parking/Other 분리)
[2026-09-26 20:33:30,255][INFO|duplicate_group_service.py-_log_info:53] >> [duplicate] payload exact 중복군 1개, 멤버 2건 재생성
[2026-09-26 20:33:30,268][INFO|database.py-merge_final:736] >> 최종 데이터 병합 완료 (Traffic/Parking/Other 분리)
[2026-09-26 20:33:30,292][INFO|duplicate_group_service.py-_log_info:53] >> [duplicate] payload exact 중복군 1개, 멤버 2건 재생성
[2026-09-26 20:33:30,432][INFO|database.py-merge_final:736] >> 최종 데이터 병합 완료 (Traffic/Parking/Other 분리)
[2026-09-26 20:33:30,461][INFO|duplicate_group_service.py-_log_info:53] >> [duplicate] payload exact 중복군 1개, 멤버 2건 재생성
[2026-09-26 20:33:30,468][INFO|geocode_service.py-prepare_geo_payload:590] >> [geocode] 설정 누락으로 지오코딩 보류: 카카오 REST API 키가 비어 있습니다.
[2026-09-26 20:33:30,524][INFO|duplicate_group_service.py-_log_info:53] >> [duplicate] payload exact 중복군 1개, 멤버 2건 재생성
.[2026-09-26 20:33:30,540][INFO|database.py-upgrade_schema:285] >> 테이블 'admin_users' 생성 중...
[2026-09-26 20:33:30,543][INFO|database.py-upgrade_schema:285] >> 테이블 'api_keys' 생성 중...
[2026-09-26 20:33:30,545][INFO|database.py-upgrade_schema:285] >> 테이블 'mysafety' 생성 중...
[2026-09-26 20:33:30,546][INFO|database.py-upgrade_schema:285] >> 테이블 'mysafety_change_cursor' 생성 중...
[2026-09-26 20:33:30,548][INFO|database.py-upgrade_schema:285] >> 테이블 'mysafety_change_log' 생성 중...
[2026-09-26 20:33:30,549][INFO|database.py-upgrade_schema:285] >> 테이블 'mysafety_duplicate_decision' 생성 중...
[2026-09-26 20:33:30,550][INFO|database.py-upgrade_schema:285] >> 테이블 'mysafety_duplicate_group' 생성 중...
[2026-09-26 20:33:30,552][INFO|database.py-upgrade_schema:285] >> 테이블 'mysafety_duplicate_member' 생성 중...
[2026-09-26 20:33:30,554][INFO|database.py-upgrade_schema:285] >> 테이블 'mysafety_entry_value' 생성 중...
[2026-09-26 20:33:30,555][INFO|database.py-upgrade_schema:285] >> 테이블 'mysafety_geocode_cache' 생성 중...
[2026-09-26 20:33:30,557][INFO|database.py-upgrade_schema:285] >> 테이블 'mysafety_raw_content' 생성 중...
[2026-09-26 20:33:30,559][INFO|database.py-upgrade_schema:285] >> 테이블 'mysafety_report_override' 생성 중...
[2026-09-26 20:33:30,560][INFO|database.py-upgrade_schema:285] >> 테이블 'mysafety_sync_meta' 생성 중...
[2026-09-26 20:33:30,561][INFO|database.py-upgrade_schema:285] >> 테이블 'mysafety_watchlist' 생성 중...
[2026-09-26 20:33:30,563][INFO|database.py-upgrade_schema:285] >> 테이블 'mysafetydetail_other' 생성 중...
[2026-09-26 20:33:30,564][INFO|database.py-upgrade_schema:285] >> 테이블 'mysafetydetail_parking' 생성 중...
[2026-09-26 20:33:30,566][INFO|database.py-upgrade_schema:285] >> 테이블 'mysafetydetail_traffic' 생성 중...
[2026-09-26 20:33:30,568][INFO|database.py-upgrade_schema:285] >> 테이블 'mysafetymerge_other' 생성 중...
[2026-09-26 20:33:30,570][INFO|database.py-upgrade_schema:285] >> 테이블 'mysafetymerge_parking' 생성 중...
[2026-09-26 20:33:30,572][INFO|database.py-upgrade_schema:285] >> 테이블 'mysafetymerge_traffic' 생성 중...
[2026-09-26 20:33:30,576][INFO|database.py-_apply_versioned_migrations:452] >> [schema] DB 스키마 버전 1 적용
[2026-09-26 20:33:30,582][INFO|database.py-_apply_versioned_migrations:452] >> [schema] DB 스키마 버전 2 적용
[2026-09-26 20:33:30,584][INFO|database.py-_apply_versioned_migrations:452] >> [schema] DB 스키마 버전 3 적용
[2026-09-26 20:33:30,596][INFO|database.py-_apply_versioned_migrations:452] >> [schema] DB 스키마 버전 4 적용
[2026-09-26 20:33:30,638][INFO|duplicate_group_service.py-_log_info:53] >> [duplicate] payload exact 중복군 0개, 멤버 0건 재생성
[2026-09-26 20:33:30,674][INFO|database.py-backfill_synced_at:100] >> [migration] mysafetydetail_traffic synced_at 백필: 12건, 미해결 0건
[2026-09-26 20:33:30,677][INFO|database.py-backfill_synced_at:100] >> [migration] mysafetydetail_parking synced_at 백필: 6건, 미해결 0건
[2026-09-26 20:33:30,681][INFO|database.py-backfill_synced_at:100] >> [migration] mysafetydetail_other synced_at 백필: 6건, 미해결 0건
[2026-09-26 20:33:30,682][INFO|database.py-backfill_synced_at:105] >> [migration] synced_at 백필 완료: 총 24건 갱신, merge 재생성 시작
[2026-09-26 20:33:30,697][INFO|database.py-merge_final:736] >> 최종 데이터 병합 완료 (Traffic/Parking/Other 분리)
[2026-09-26 20:33:30,727][INFO|duplicate_group_service.py-_log_info:53] >> [duplicate] payload exact 중복군 1개, 멤버 2건 재생성
[2026-09-26 20:33:30,742][INFO|database.py-merge_final:736] >> 최종 데이터 병합 완료 (Traffic/Parking/Other 분리)
[2026-09-26 20:33:30,768][INFO|duplicate_group_service.py-_log_info:53] >> [duplicate] payload exact 중복군 1개, 멤버 2건 재생성
[2026-09-26 20:33:30,910][INFO|geocode_service.py-prepare_geo_payload:590] >> [geocode] 설정 누락으로 지오코딩 보류: 카카오 REST API 키가 비어 있습니다.
[2026-09-26 20:33:30,960][INFO|duplicate_group_service.py-_log_info:53] >> [duplicate] payload exact 중복군 1개, 멤버 2건 재생성
.[2026-09-26 20:33:30,977][INFO|database.py-upgrade_schema:285] >> 테이블 'admin_users' 생성 중...
[2026-09-26 20:33:30,981][INFO|database.py-upgrade_schema:285] >> 테이블 'api_keys' 생성 중...
[2026-09-26 20:33:30,983][INFO|database.py-upgrade_schema:285] >> 테이블 'mysafety' 생성 중...
[2026-09-26 20:33:30,984][INFO|database.py-upgrade_schema:285] >> 테이블 'mysafety_change_cursor' 생성 중...
[2026-09-26 20:33:30,989][INFO|database.py-upgrade_schema:285] >> 테이블 'mysafety_change_log' 생성 중...
[2026-09-26 20:33:30,991][INFO|database.py-upgrade_schema:285] >> 테이블 'mysafety_duplicate_decision' 생성 중...
[2026-09-26 20:33:30,999][INFO|database.py-upgrade_schema:285] >> 테이블 'mysafety_duplicate_group' 생성 중...
[2026-09-26 20:33:31,003][INFO|database.py-upgrade_schema:285] >> 테이블 'mysafety_duplicate_member' 생성 중...
[2026-09-26 20:33:31,005][INFO|database.py-upgrade_schema:285] >> 테이블 'mysafety_entry_value' 생성 중...
[2026-09-26 20:33:31,007][INFO|database.py-upgrade_schema:285] >> 테이블 'mysafety_geocode_cache' 생성 중...
[2026-09-26 20:33:31,009][INFO|database.py-upgrade_schema:285] >> 테이블 'mysafety_raw_content' 생성 중...
[2026-09-26 20:33:31,010][INFO|database.py-upgrade_schema:285] >> 테이블 'mysafety_report_override' 생성 중...
[2026-09-26 20:33:31,012][INFO|database.py-upgrade_schema:285] >> 테이블 'mysafety_sync_meta' 생성 중...
[2026-09-26 20:33:31,013][INFO|database.py-upgrade_schema:285] >> 테이블 'mysafety_watchlist' 생성 중...
[2026-09-26 20:33:31,015][INFO|database.py-upgrade_schema:285] >> 테이블 'mysafetydetail_other' 생성 중...
[2026-09-26 20:33:31,017][INFO|database.py-upgrade_schema:285] >> 테이블 'mysafetydetail_parking' 생성 중...
[2026-09-26 20:33:31,019][INFO|database.py-upgrade_schema:285] >> 테이블 'mysafetydetail_traffic' 생성 중...
[2026-09-26 20:33:31,021][INFO|database.py-upgrade_schema:285] >> 테이블 'mysafetymerge_other' 생성 중...
[2026-09-26 20:33:31,027][INFO|database.py-upgrade_schema:285] >> 테이블 'mysafetymerge_parking' 생성 중...
[2026-09-26 20:33:31,029][INFO|database.py-upgrade_schema:285] >> 테이블 'mysafetymerge_traffic' 생성 중...
[2026-09-26 20:33:31,039][INFO|database.py-_apply_versioned_migrations:452] >> [schema] DB 스키마 버전 1 적용
[2026-09-26 20:33:31,044][INFO|database.py-_apply_versioned_migrations:452] >> [schema] DB 스키마 버전 2 적용
[2026-09-26 20:33:31,046][INFO|database.py-_apply_versioned_migrations:452] >> [schema] DB 스키마 버전 3 적용
[2026-09-26 20:33:31,058][INFO|database.py-_apply_versioned_migrations:452] >> [schema] DB 스키마 버전 4 적용
[2026-09-26 20:33:31,086][INFO|duplicate_group_service.py-_log_info:53] >> [duplicate] payload exact 중복군 0개, 멤버 0건 재생성
[2026-09-26 20:33:31,124][INFO|database.py-backfill_synced_at:100] >> [migration] mysafetydetail_traffic synced_at 백필: 12건, 미해결 0건
[2026-09-26 20:33:31,128][INFO|database.py-backfill_synced_at:100] >> [migration] mysafetydetail_parking synced_at 백필: 6건, 미해결 0건
[2026-09-26 20:33:31,131][INFO|database.py-backfill_synced_at:100] >> [migration] mysafetydetail_other synced_at 백필: 6건, 미해결 0건
[2026-09-26 20:33:31,135][INFO|database.py-backfill_synced_at:105] >> [migration] synced_at 백필 완료: 총 24건 갱신, merge 재생성 시작
[2026-09-26 20:33:31,151][INFO|database.py-merge_final:736] >> 최종 데이터 병합 완료 (Traffic/Parking/Other 분리)
[2026-09-26 20:33:31,177][INFO|duplicate_group_service.py-_log_info:53] >> [duplicate] payload exact 중복군 1개, 멤버 2건 재생성
[2026-09-26 20:33:31,190][INFO|database.py-merge_final:736] >> 최종 데이터 병합 완료 (Traffic/Parking/Other 분리)
[2026-09-26 20:33:31,213][INFO|duplicate_group_service.py-_log_info:53] >> [duplicate] payload exact 중복군 1개, 멤버 2건 재생성
[2026-09-26 20:33:31,357][INFO|geocode_service.py-prepare_geo_payload:590] >> [geocode] 설정 누락으로 지오코딩 보류: 카카오 REST API 키가 비어 있습니다.
[2026-09-26 20:33:31,410][INFO|duplicate_group_service.py-_log_info:53] >> [duplicate] payload exact 중복군 1개, 멤버 2건 재생성
.[2026-09-26 20:33:31,428][INFO|database.py-upgrade_schema:285] >> 테이블 'admin_users' 생성 중...
[2026-09-26 20:33:31,431][INFO|database.py-upgrade_schema:285] >> 테이블 'api_keys' 생성 중...
[2026-09-26 20:33:31,432][INFO|database.py-upgrade_schema:285] >> 테이블 'mysafety' 생성 중...
[2026-09-26 20:33:31,434][INFO|database.py-upgrade_schema:285] >> 테이블 'mysafety_change_cursor' 생성 중...
[2026-09-26 20:33:31,440][INFO|database.py-upgrade_schema:285] >> 테이블 'mysafety_change_log' 생성 중...
[2026-09-26 20:33:31,442][INFO|database.py-upgrade_schema:285] >> 테이블 'mysafety_duplicate_decision' 생성 중...
[2026-09-26 20:33:31,450][INFO|database.py-upgrade_schema:285] >> 테이블 'mysafety_duplicate_group' 생성 중...
[2026-09-26 20:33:31,455][INFO|database.py-upgrade_schema:285] >> 테이블 'mysafety_duplicate_member' 생성 중...
[2026-09-26 20:33:31,456][INFO|database.py-upgrade_schema:285] >> 테이블 'mysafety_entry_value' 생성 중...
[2026-09-26 20:33:31,458][INFO|database.py-upgrade_schema:285] >> 테이블 'mysafety_geocode_cache' 생성 중...
[2026-09-26 20:33:31,461][INFO|database.py-upgrade_schema:285] >> 테이블 'mysafety_raw_content' 생성 중...
[2026-09-26 20:33:31,464][INFO|database.py-upgrade_schema:285] >> 테이블 'mysafety_report_override' 생성 중...
[2026-09-26 20:33:31,469][INFO|database.py-upgrade_schema:285] >> 테이블 'mysafety_sync_meta' 생성 중...
[2026-09-26 20:33:31,470][INFO|database.py-upgrade_schema:285] >> 테이블 'mysafety_watchlist' 생성 중...
[2026-09-26 20:33:31,472][INFO|database.py-upgrade_schema:285] >> 테이블 'mysafetydetail_other' 생성 중...
[2026-09-26 20:33:31,475][INFO|database.py-upgrade_schema:285] >> 테이블 'mysafetydetail_parking' 생성 중...
[2026-09-26 20:33:31,477][INFO|database.py-upgrade_schema:285] >> 테이블 'mysafetydetail_traffic' 생성 중...
[2026-09-26 20:33:31,479][INFO|database.py-upgrade_schema:285] >> 테이블 'mysafetymerge_other' 생성 중...
[2026-09-26 20:33:31,481][INFO|database.py-upgrade_schema:285] >> 테이블 'mysafetymerge_parking' 생성 중...
[2026-09-26 20:33:31,483][INFO|database.py-upgrade_schema:285] >> 테이블 'mysafetymerge_traffic' 생성 중...
[2026-09-26 20:33:31,486][INFO|database.py-_apply_versioned_migrations:452] >> [schema] DB 스키마 버전 1 적용
[2026-09-26 20:33:31,491][INFO|database.py-_apply_versioned_migrations:452] >> [schema] DB 스키마 버전 2 적용
[2026-09-26 20:33:31,493][INFO|database.py-_apply_versioned_migrations:452] >> [schema] DB 스키마 버전 3 적용
[2026-09-26 20:33:31,503][INFO|database.py-_apply_versioned_migrations:452] >> [schema] DB 스키마 버전 4 적용
[2026-09-26 20:33:31,529][INFO|duplicate_group_service.py-_log_info:53] >> [duplicate] payload exact 중복군 0개, 멤버 0건 재생성
[2026-09-26 20:33:31,575][INFO|database.py-backfill_synced_at:100] >> [migration] mysafetydetail_traffic synced_at 백필: 12건, 미해결 0건
[2026-09-26 20:33:31,578][INFO|database.py-backfill_synced_at:100] >> [migration] mysafetydetail_parking synced_at 백필: 6건, 미해결 0건
[2026-09-26 20:33:31,581][INFO|database.py-backfill_synced_at:100] >> [migration] mysafetydetail_other synced_at 백필: 6건, 미해결 0건
[2026-09-26 20:33:31,584][INFO|database.py-backfill_synced_at:105] >> [migration] synced_at 백필 완료: 총 24건 갱신, merge 재생성 시작
[2026-09-26 20:33:31,595][INFO|database.py-merge_final:736] >> 최종 데이터 병합 완료 (Traffic/Parking/Other 분리)
[2026-09-26 20:33:31,620][INFO|duplicate_group_service.py-_log_info:53] >> [duplicate] payload exact 중복군 1개, 멤버 2건 재생성
[2026-09-26 20:33:31,628][INFO|database.py-merge_final:736] >> 최종 데이터 병합 완료 (Traffic/Parking/Other 분리)
[2026-09-26 20:33:31,653][INFO|duplicate_group_service.py-_log_info:53] >> [duplicate] payload exact 중복군 1개, 멤버 2건 재생성
[2026-09-26 20:33:31,794][ERROR|reports_repo.py-save_crawled:295] >> ID 90000001 저장 실패: boom
[2026-09-26 20:33:31,794][ERROR|reports_repo.py-save_crawled:306] >> 상세 저장 실패 1건: 90000001
.[2026-09-26 20:33:31,809][INFO|database.py-upgrade_schema:285] >> 테이블 'admin_users' 생성 중...
[2026-09-26 20:33:31,812][INFO|database.py-upgrade_schema:285] >> 테이블 'api_keys' 생성 중...
[2026-09-26 20:33:31,814][INFO|database.py-upgrade_schema:285] >> 테이블 'mysafety' 생성 중...
[2026-09-26 20:33:31,817][INFO|database.py-upgrade_schema:285] >> 테이블 'mysafety_change_cursor' 생성 중...
[2026-09-26 20:33:31,823][INFO|database.py-upgrade_schema:285] >> 테이블 'mysafety_change_log' 생성 중...
[2026-09-26 20:33:31,825][INFO|database.py-upgrade_schema:285] >> 테이블 'mysafety_duplicate_decision' 생성 중...
[2026-09-26 20:33:31,832][INFO|database.py-upgrade_schema:285] >> 테이블 'mysafety_duplicate_group' 생성 중...
[2026-09-26 20:33:31,837][INFO|database.py-upgrade_schema:285] >> 테이블 'mysafety_duplicate_member' 생성 중...
[2026-09-26 20:33:31,839][INFO|database.py-upgrade_schema:285] >> 테이블 'mysafety_entry_value' 생성 중...
[2026-09-26 20:33:31,842][INFO|database.py-upgrade_schema:285] >> 테이블 'mysafety_geocode_cache' 생성 중...
[2026-09-26 20:33:31,843][INFO|database.py-upgrade_schema:285] >> 테이블 'mysafety_raw_content' 생성 중...
[2026-09-26 20:33:31,845][INFO|database.py-upgrade_schema:285] >> 테이블 'mysafety_report_override' 생성 중...
[2026-09-26 20:33:31,847][INFO|database.py-upgrade_schema:285] >> 테이블 'mysafety_sync_meta' 생성 중...
[2026-09-26 20:33:31,848][INFO|database.py-upgrade_schema:285] >> 테이블 'mysafety_watchlist' 생성 중...
[2026-09-26 20:33:31,850][INFO|database.py-upgrade_schema:285] >> 테이블 'mysafetydetail_other' 생성 중...
[2026-09-26 20:33:31,852][INFO|database.py-upgrade_schema:285] >> 테이블 'mysafetydetail_parking' 생성 중...
[2026-09-26 20:33:31,861][INFO|database.py-upgrade_schema:285] >> 테이블 'mysafetydetail_traffic' 생성 중...
[2026-09-26 20:33:31,864][INFO|database.py-upgrade_schema:285] >> 테이블 'mysafetymerge_other' 생성 중...
[2026-09-26 20:33:31,866][INFO|database.py-upgrade_schema:285] >> 테이블 'mysafetymerge_parking' 생성 중...
[2026-09-26 20:33:31,867][INFO|database.py-upgrade_schema:285] >> 테이블 'mysafetymerge_traffic' 생성 중...
[2026-09-26 20:33:31,875][INFO|database.py-_apply_versioned_migrations:452] >> [schema] DB 스키마 버전 1 적용
[2026-09-26 20:33:31,885][INFO|database.py-_apply_versioned_migrations:452] >> [schema] DB 스키마 버전 2 적용
[2026-09-26 20:33:31,888][INFO|database.py-_apply_versioned_migrations:452] >> [schema] DB 스키마 버전 3 적용
[2026-09-26 20:33:31,901][INFO|database.py-_apply_versioned_migrations:452] >> [schema] DB 스키마 버전 4 적용
[2026-09-26 20:33:31,930][INFO|duplicate_group_service.py-_log_info:53] >> [duplicate] payload exact 중복군 0개, 멤버 0건 재생성
[2026-09-26 20:33:31,967][INFO|database.py-backfill_synced_at:100] >> [migration] mysafetydetail_traffic synced_at 백필: 12건, 미해결 0건
[2026-09-26 20:33:31,971][INFO|database.py-backfill_synced_at:100] >> [migration] mysafetydetail_parking synced_at 백필: 6건, 미해결 0건
[2026-09-26 20:33:31,975][INFO|database.py-backfill_synced_at:100] >> [migration] mysafetydetail_other synced_at 백필: 6건, 미해결 0건
[2026-09-26 20:33:31,976][INFO|database.py-backfill_synced_at:105] >> [migration] synced_at 백필 완료: 총 24건 갱신, merge 재생성 시작
[2026-09-26 20:33:31,994][INFO|database.py-merge_final:736] >> 최종 데이터 병합 완료 (Traffic/Parking/Other 분리)
[2026-09-26 20:33:32,022][INFO|duplicate_group_service.py-_log_info:53] >> [duplicate] payload exact 중복군 1개, 멤버 2건 재생성
[2026-09-26 20:33:32,029][INFO|database.py-merge_final:736] >> 최종 데이터 병합 완료 (Traffic/Parking/Other 분리)
[2026-09-26 20:33:32,054][INFO|duplicate_group_service.py-_log_info:53] >> [duplicate] payload exact 중복군 1개, 멤버 2건 재생성
[2026-09-26 20:33:32,249][INFO|duplicate_group_service.py-_log_info:53] >> [duplicate] payload exact 중복군 1개, 멤버 2건 재생성
.[2026-09-26 20:33:32,265][INFO|database.py-upgrade_schema:285] >> 테이블 'admin_users' 생성 중...
[2026-09-26 20:33:32,270][INFO|database.py-upgrade_schema:285] >> 테이블 'api_keys' 생성 중...
[2026-09-26 20:33:32,272][INFO|database.py-upgrade_schema:285] >> 테이블 'mysafety' 생성 중...
[2026-09-26 20:33:32,273][INFO|database.py-upgrade_schema:285] >> 테이블 'mysafety_change_cursor' 생성 중...
[2026-09-26 20:33:32,275][INFO|database.py-upgrade_schema:285] >> 테이블 'mysafety_change_log' 생성 중...
[2026-09-26 20:33:32,276][INFO|database.py-upgrade_schema:285] >> 테이블 'mysafety_duplicate_decision' 생성 중...
[2026-09-26 20:33:32,277][INFO|database.py-upgrade_schema:285] >> 테이블 'mysafety_duplicate_group' 생성 중...
[2026-09-26 20:33:32,279][INFO|database.py-upgrade_schema:285] >> 테이블 'mysafety_duplicate_member' 생성 중...
[2026-09-26 20:33:32,284][INFO|database.py-upgrade_schema:285] >> 테이블 'mysafety_entry_value' 생성 중...
[2026-09-26 20:33:32,285][INFO|database.py-upgrade_schema:285] >> 테이블 'mysafety_geocode_cache' 생성 중...
[2026-09-26 20:33:32,287][INFO|database.py-upgrade_schema:285] >> 테이블 'mysafety_raw_content' 생성 중...
[2026-09-26 20:33:32,289][INFO|database.py-upgrade_schema:285] >> 테이블 'mysafety_report_override' 생성 중...
[2026-09-26 20:33:32,291][INFO|database.py-upgrade_schema:285] >> 테이블 'mysafety_sync_meta' 생성 중...
[2026-09-26 20:33:32,295][INFO|database.py-upgrade_schema:285] >> 테이블 'mysafety_watchlist' 생성 중...
[2026-09-26 20:33:32,300][INFO|database.py-upgrade_schema:285] >> 테이블 'mysafetydetail_other' 생성 중...
[2026-09-26 20:33:32,303][INFO|database.py-upgrade_schema:285] >> 테이블 'mysafetydetail_parking' 생성 중...
[2026-09-26 20:33:32,305][INFO|database.py-upgrade_schema:285] >> 테이블 'mysafetydetail_traffic' 생성 중...
[2026-09-26 20:33:32,307][INFO|database.py-upgrade_schema:285] >> 테이블 'mysafetymerge_other' 생성 중...
[2026-09-26 20:33:32,309][INFO|database.py-upgrade_schema:285] >> 테이블 'mysafetymerge_parking' 생성 중...
[2026-09-26 20:33:32,311][INFO|database.py-upgrade_schema:285] >> 테이블 'mysafetymerge_traffic' 생성 중...
[2026-09-26 20:33:32,318][INFO|database.py-_apply_versioned_migrations:452] >> [schema] DB 스키마 버전 1 적용
[2026-09-26 20:33:32,327][INFO|database.py-_apply_versioned_migrations:452] >> [schema] DB 스키마 버전 2 적용
[2026-09-26 20:33:32,330][INFO|database.py-_apply_versioned_migrations:452] >> [schema] DB 스키마 버전 3 적용
[2026-09-26 20:33:32,343][INFO|database.py-_apply_versioned_migrations:452] >> [schema] DB 스키마 버전 4 적용
[2026-09-26 20:33:32,373][INFO|duplicate_group_service.py-_log_info:53] >> [duplicate] payload exact 중복군 0개, 멤버 0건 재생성
[2026-09-26 20:33:32,412][INFO|database.py-backfill_synced_at:100] >> [migration] mysafetydetail_traffic synced_at 백필: 12건, 미해결 0건
[2026-09-26 20:33:32,415][INFO|database.py-backfill_synced_at:100] >> [migration] mysafetydetail_parking synced_at 백필: 6건, 미해결 0건
[2026-09-26 20:33:32,419][INFO|database.py-backfill_synced_at:100] >> [migration] mysafetydetail_other synced_at 백필: 6건, 미해결 0건
[2026-09-26 20:33:32,421][INFO|database.py-backfill_synced_at:105] >> [migration] synced_at 백필 완료: 총 24건 갱신, merge 재생성 시작
[2026-09-26 20:33:32,437][INFO|database.py-merge_final:736] >> 최종 데이터 병합 완료 (Traffic/Parking/Other 분리)
[2026-09-26 20:33:32,476][INFO|duplicate_group_service.py-_log_info:53] >> [duplicate] payload exact 중복군 1개, 멤버 2건 재생성
[2026-09-26 20:33:32,483][INFO|database.py-merge_final:736] >> 최종 데이터 병합 완료 (Traffic/Parking/Other 분리)
[2026-09-26 20:33:32,511][INFO|duplicate_group_service.py-_log_info:53] >> [duplicate] payload exact 중복군 1개, 멤버 2건 재생성
[2026-09-26 20:33:32,726][INFO|duplicate_group_service.py-_log_info:53] >> [duplicate] payload exact 중복군 1개, 멤버 2건 재생성
[2026-09-26 20:33:32,734][INFO|database.py-detail_to_sql:723] >> 총 1건 detail 저장 완료. (변경/신규: 1건, 실패: 0건)
.[2026-09-26 20:33:32,753][INFO|database.py-upgrade_schema:285] >> 테이블 'admin_users' 생성 중...
[2026-09-26 20:33:32,757][INFO|database.py-upgrade_schema:285] >> 테이블 'api_keys' 생성 중...
[2026-09-26 20:33:32,761][INFO|database.py-upgrade_schema:285] >> 테이블 'mysafety' 생성 중...
[2026-09-26 20:33:32,765][INFO|database.py-upgrade_schema:285] >> 테이블 'mysafety_change_cursor' 생성 중...
[2026-09-26 20:33:32,767][INFO|database.py-upgrade_schema:285] >> 테이블 'mysafety_change_log' 생성 중...
[2026-09-26 20:33:32,769][INFO|database.py-upgrade_schema:285] >> 테이블 'mysafety_duplicate_decision' 생성 중...
[2026-09-26 20:33:32,771][INFO|database.py-upgrade_schema:285] >> 테이블 'mysafety_duplicate_group' 생성 중...
[2026-09-26 20:33:32,773][INFO|database.py-upgrade_schema:285] >> 테이블 'mysafety_duplicate_member' 생성 중...
[2026-09-26 20:33:32,775][INFO|database.py-upgrade_schema:285] >> 테이블 'mysafety_entry_value' 생성 중...
[2026-09-26 20:33:32,776][INFO|database.py-upgrade_schema:285] >> 테이블 'mysafety_geocode_cache' 생성 중...
[2026-09-26 20:33:32,778][INFO|database.py-upgrade_schema:285] >> 테이블 'mysafety_raw_content' 생성 중...
[2026-09-26 20:33:32,781][INFO|database.py-upgrade_schema:285] >> 테이블 'mysafety_report_override' 생성 중...
[2026-09-26 20:33:32,782][INFO|database.py-upgrade_schema:285] >> 테이블 'mysafety_sync_meta' 생성 중...
[2026-09-26 20:33:32,785][INFO|database.py-upgrade_schema:285] >> 테이블 'mysafety_watchlist' 생성 중...
[2026-09-26 20:33:32,790][INFO|database.py-upgrade_schema:285] >> 테이블 'mysafetydetail_other' 생성 중...
[2026-09-26 20:33:32,793][INFO|database.py-upgrade_schema:285] >> 테이블 'mysafetydetail_parking' 생성 중...
[2026-09-26 20:33:32,798][INFO|database.py-upgrade_schema:285] >> 테이블 'mysafetydetail_traffic' 생성 중...
[2026-09-26 20:33:32,801][INFO|database.py-upgrade_schema:285] >> 테이블 'mysafetymerge_other' 생성 중...
[2026-09-26 20:33:32,804][INFO|database.py-upgrade_schema:285] >> 테이블 'mysafetymerge_parking' 생성 중...
[2026-09-26 20:33:32,807][INFO|database.py-upgrade_schema:285] >> 테이블 'mysafetymerge_traffic' 생성 중...
[2026-09-26 20:33:32,811][INFO|database.py-_apply_versioned_migrations:452] >> [schema] DB 스키마 버전 1 적용
[2026-09-26 20:33:32,825][INFO|database.py-_apply_versioned_migrations:452] >> [schema] DB 스키마 버전 2 적용
[2026-09-26 20:33:32,828][INFO|database.py-_apply_versioned_migrations:452] >> [schema] DB 스키마 버전 3 적용
[2026-09-26 20:33:32,840][INFO|database.py-_apply_versioned_migrations:452] >> [schema] DB 스키마 버전 4 적용
[2026-09-26 20:33:32,868][INFO|duplicate_group_service.py-_log_info:53] >> [duplicate] payload exact 중복군 0개, 멤버 0건 재생성
[2026-09-26 20:33:32,902][INFO|database.py-backfill_synced_at:100] >> [migration] mysafetydetail_traffic synced_at 백필: 12건, 미해결 0건
[2026-09-26 20:33:32,906][INFO|database.py-backfill_synced_at:100] >> [migration] mysafetydetail_parking synced_at 백필: 6건, 미해결 0건
[2026-09-26 20:33:32,909][INFO|database.py-backfill_synced_at:100] >> [migration] mysafetydetail_other synced_at 백필: 6건, 미해결 0건
[2026-09-26 20:33:32,911][INFO|database.py-backfill_synced_at:105] >> [migration] synced_at 백필 완료: 총 24건 갱신, merge 재생성 시작
[2026-09-26 20:33:32,922][INFO|database.py-merge_final:736] >> 최종 데이터 병합 완료 (Traffic/Parking/Other 분리)
[2026-09-26 20:33:32,946][INFO|duplicate_group_service.py-_log_info:53] >> [duplicate] payload exact 중복군 1개, 멤버 2건 재생성
[2026-09-26 20:33:32,954][INFO|database.py-merge_final:736] >> 최종 데이터 병합 완료 (Traffic/Parking/Other 분리)
[2026-09-26 20:33:32,977][INFO|duplicate_group_service.py-_log_info:53] >> [duplicate] payload exact 중복군 1개, 멤버 2건 재생성
[2026-09-26 20:33:33,103][INFO|geocode_service.py-prepare_geo_payload:590] >> [geocode] 설정 누락으로 지오코딩 보류: 카카오 REST API 키가 비어 있습니다.
[2026-09-26 20:33:33,148][INFO|duplicate_group_service.py-_log_info:53] >> [duplicate] payload exact 중복군 1개, 멤버 2건 재생성
.[2026-09-26 20:33:33,166][INFO|database.py-upgrade_schema:285] >> 테이블 'admin_users' 생성 중...
[2026-09-26 20:33:33,170][INFO|database.py-upgrade_schema:285] >> 테이블 'api_keys' 생성 중...
[2026-09-26 20:33:33,175][INFO|database.py-upgrade_schema:285] >> 테이블 'mysafety' 생성 중...
[2026-09-26 20:33:33,177][INFO|database.py-upgrade_schema:285] >> 테이블 'mysafety_change_cursor' 생성 중...
[2026-09-26 20:33:33,179][INFO|database.py-upgrade_schema:285] >> 테이블 'mysafety_change_log' 생성 중...
[2026-09-26 20:33:33,180][INFO|database.py-upgrade_schema:285] >> 테이블 'mysafety_duplicate_decision' 생성 중...
[2026-09-26 20:33:33,182][INFO|database.py-upgrade_schema:285] >> 테이블 'mysafety_duplicate_group' 생성 중...
[2026-09-26 20:33:33,184][INFO|database.py-upgrade_schema:285] >> 테이블 'mysafety_duplicate_member' 생성 중...
[2026-09-26 20:33:33,185][INFO|database.py-upgrade_schema:285] >> 테이블 'mysafety_entry_value' 생성 중...
[2026-09-26 20:33:33,187][INFO|database.py-upgrade_schema:285] >> 테이블 'mysafety_geocode_cache' 생성 중...
[2026-09-26 20:33:33,188][INFO|database.py-upgrade_schema:285] >> 테이블 'mysafety_raw_content' 생성 중...
[2026-09-26 20:33:33,190][INFO|database.py-upgrade_schema:285] >> 테이블 'mysafety_report_override' 생성 중...
[2026-09-26 20:33:33,191][INFO|database.py-upgrade_schema:285] >> 테이블 'mysafety_sync_meta' 생성 중...
[2026-09-26 20:33:33,192][INFO|database.py-upgrade_schema:285] >> 테이블 'mysafety_watchlist' 생성 중...
[2026-09-26 20:33:33,194][INFO|database.py-upgrade_schema:285] >> 테이블 'mysafetydetail_other' 생성 중...
[2026-09-26 20:33:33,195][INFO|database.py-upgrade_schema:285] >> 테이블 'mysafetydetail_parking' 생성 중...
[2026-09-26 20:33:33,197][INFO|database.py-upgrade_schema:285] >> 테이블 'mysafetydetail_traffic' 생성 중...
[2026-09-26 20:33:33,198][INFO|database.py-upgrade_schema:285] >> 테이블 'mysafetymerge_other' 생성 중...
[2026-09-26 20:33:33,201][INFO|database.py-upgrade_schema:285] >> 테이블 'mysafetymerge_parking' 생성 중...
[2026-09-26 20:33:33,203][INFO|database.py-upgrade_schema:285] >> 테이블 'mysafetymerge_traffic' 생성 중...
[2026-09-26 20:33:33,208][INFO|database.py-_apply_versioned_migrations:452] >> [schema] DB 스키마 버전 1 적용
[2026-09-26 20:33:33,219][INFO|database.py-_apply_versioned_migrations:452] >> [schema] DB 스키마 버전 2 적용
[2026-09-26 20:33:33,224][INFO|database.py-_apply_versioned_migrations:452] >> [schema] DB 스키마 버전 3 적용
[2026-09-26 20:33:33,254][INFO|database.py-_apply_versioned_migrations:452] >> [schema] DB 스키마 버전 4 적용
[2026-09-26 20:33:33,281][INFO|duplicate_group_service.py-_log_info:53] >> [duplicate] payload exact 중복군 0개, 멤버 0건 재생성
[2026-09-26 20:33:33,325][INFO|database.py-backfill_synced_at:100] >> [migration] mysafetydetail_traffic synced_at 백필: 12건, 미해결 0건
[2026-09-26 20:33:33,329][INFO|database.py-backfill_synced_at:100] >> [migration] mysafetydetail_parking synced_at 백필: 6건, 미해결 0건
[2026-09-26 20:33:33,333][INFO|database.py-backfill_synced_at:100] >> [migration] mysafetydetail_other synced_at 백필: 6건, 미해결 0건
[2026-09-26 20:33:33,334][INFO|database.py-backfill_synced_at:105] >> [migration] synced_at 백필 완료: 총 24건 갱신, merge 재생성 시작
[2026-09-26 20:33:33,355][INFO|database.py-merge_final:736] >> 최종 데이터 병합 완료 (Traffic/Parking/Other 분리)
[2026-09-26 20:33:33,378][INFO|duplicate_group_service.py-_log_info:53] >> [duplicate] payload exact 중복군 1개, 멤버 2건 재생성
[2026-09-26 20:33:33,387][INFO|database.py-merge_final:736] >> 최종 데이터 병합 완료 (Traffic/Parking/Other 분리)
[2026-09-26 20:33:33,408][INFO|duplicate_group_service.py-_log_info:53] >> [duplicate] payload exact 중복군 1개, 멤버 2건 재생성
.[2026-09-26 20:33:33,552][INFO|database.py-upgrade_schema:285] >> 테이블 'admin_users' 생성 중...
[2026-09-26 20:33:33,557][INFO|database.py-upgrade_schema:285] >> 테이블 'api_keys' 생성 중...
[2026-09-26 20:33:33,565][INFO|database.py-upgrade_schema:285] >> 테이블 'mysafety' 생성 중...
[2026-09-26 20:33:33,568][INFO|database.py-upgrade_schema:285] >> 테이블 'mysafety_change_cursor' 생성 중...
[2026-09-26 20:33:33,573][INFO|database.py-upgrade_schema:285] >> 테이블 'mysafety_change_log' 생성 중...
[2026-09-26 20:33:33,576][INFO|database.py-upgrade_schema:285] >> 테이블 'mysafety_duplicate_decision' 생성 중...
[2026-09-26 20:33:33,578][INFO|database.py-upgrade_schema:285] >> 테이블 'mysafety_duplicate_group' 생성 중...
[2026-09-26 20:33:33,579][INFO|database.py-upgrade_schema:285] >> 테이블 'mysafety_duplicate_member' 생성 중...
[2026-09-26 20:33:33,581][INFO|database.py-upgrade_schema:285] >> 테이블 'mysafety_entry_value' 생성 중...
[2026-09-26 20:33:33,584][INFO|database.py-upgrade_schema:285] >> 테이블 'mysafety_geocode_cache' 생성 중...
[2026-09-26 20:33:33,586][INFO|database.py-upgrade_schema:285] >> 테이블 'mysafety_raw_content' 생성 중...
[2026-09-26 20:33:33,592][INFO|database.py-upgrade_schema:285] >> 테이블 'mysafety_report_override' 생성 중...
[2026-09-26 20:33:33,594][INFO|database.py-upgrade_schema:285] >> 테이블 'mysafety_sync_meta' 생성 중...
[2026-09-26 20:33:33,596][INFO|database.py-upgrade_schema:285] >> 테이블 'mysafety_watchlist' 생성 중...
[2026-09-26 20:33:33,597][INFO|database.py-upgrade_schema:285] >> 테이블 'mysafetydetail_other' 생성 중...
[2026-09-26 20:33:33,599][INFO|database.py-upgrade_schema:285] >> 테이블 'mysafetydetail_parking' 생성 중...
[2026-09-26 20:33:33,601][INFO|database.py-upgrade_schema:285] >> 테이블 'mysafetydetail_traffic' 생성 중...
[2026-09-26 20:33:33,603][INFO|database.py-upgrade_schema:285] >> 테이블 'mysafetymerge_other' 생성 중...
[2026-09-26 20:33:33,604][INFO|database.py-upgrade_schema:285] >> 테이블 'mysafetymerge_parking' 생성 중...
[2026-09-26 20:33:33,606][INFO|database.py-upgrade_schema:285] >> 테이블 'mysafetymerge_traffic' 생성 중...
[2026-09-26 20:33:33,609][INFO|database.py-_apply_versioned_migrations:452] >> [schema] DB 스키마 버전 1 적용
[2026-09-26 20:33:33,615][INFO|database.py-_apply_versioned_migrations:452] >> [schema] DB 스키마 버전 2 적용
[2026-09-26 20:33:33,617][INFO|database.py-_apply_versioned_migrations:452] >> [schema] DB 스키마 버전 3 적용
[2026-09-26 20:33:33,632][INFO|database.py-_apply_versioned_migrations:452] >> [schema] DB 스키마 버전 4 적용
[2026-09-26 20:33:33,665][INFO|duplicate_group_service.py-_log_info:53] >> [duplicate] payload exact 중복군 0개, 멤버 0건 재생성
[2026-09-26 20:33:33,704][INFO|database.py-backfill_synced_at:100] >> [migration] mysafetydetail_traffic synced_at 백필: 12건, 미해결 0건
[2026-09-26 20:33:33,708][INFO|database.py-backfill_synced_at:100] >> [migration] mysafetydetail_parking synced_at 백필: 6건, 미해결 0건
[2026-09-26 20:33:33,711][INFO|database.py-backfill_synced_at:100] >> [migration] mysafetydetail_other synced_at 백필: 6건, 미해결 0건
[2026-09-26 20:33:33,713][INFO|database.py-backfill_synced_at:105] >> [migration] synced_at 백필 완료: 총 24건 갱신, merge 재생성 시작
[2026-09-26 20:33:33,729][INFO|database.py-merge_final:736] >> 최종 데이터 병합 완료 (Traffic/Parking/Other 분리)
[2026-09-26 20:33:33,757][INFO|duplicate_group_service.py-_log_info:53] >> [duplicate] payload exact 중복군 1개, 멤버 2건 재생성
[2026-09-26 20:33:33,766][INFO|database.py-merge_final:736] >> 최종 데이터 병합 완료 (Traffic/Parking/Other 분리)
[2026-09-26 20:33:33,788][INFO|duplicate_group_service.py-_log_info:53] >> [duplicate] payload exact 중복군 1개, 멤버 2건 재생성
.[2026-09-26 20:33:33,951][INFO|database.py-upgrade_schema:285] >> 테이블 'admin_users' 생성 중...
[2026-09-26 20:33:33,958][INFO|database.py-upgrade_schema:285] >> 테이블 'api_keys' 생성 중...
[2026-09-26 20:33:33,960][INFO|database.py-upgrade_schema:285] >> 테이블 'mysafety' 생성 중...
[2026-09-26 20:33:33,964][INFO|database.py-upgrade_schema:285] >> 테이블 'mysafety_change_cursor' 생성 중...
[2026-09-26 20:33:33,966][INFO|database.py-upgrade_schema:285] >> 테이블 'mysafety_change_log' 생성 중...
[2026-09-26 20:33:33,971][INFO|database.py-upgrade_schema:285] >> 테이블 'mysafety_duplicate_decision' 생성 중...
[2026-09-26 20:33:33,973][INFO|database.py-upgrade_schema:285] >> 테이블 'mysafety_duplicate_group' 생성 중...
[2026-09-26 20:33:33,975][INFO|database.py-upgrade_schema:285] >> 테이블 'mysafety_duplicate_member' 생성 중...
[2026-09-26 20:33:33,976][INFO|database.py-upgrade_schema:285] >> 테이블 'mysafety_entry_value' 생성 중...
[2026-09-26 20:33:33,978][INFO|database.py-upgrade_schema:285] >> 테이블 'mysafety_geocode_cache' 생성 중...
[2026-09-26 20:33:33,979][INFO|database.py-upgrade_schema:285] >> 테이블 'mysafety_raw_content' 생성 중...
[2026-09-26 20:33:33,981][INFO|database.py-upgrade_schema:285] >> 테이블 'mysafety_report_override' 생성 중...
[2026-09-26 20:33:33,985][INFO|database.py-upgrade_schema:285] >> 테이블 'mysafety_sync_meta' 생성 중...
[2026-09-26 20:33:33,987][INFO|database.py-upgrade_schema:285] >> 테이블 'mysafety_watchlist' 생성 중...
[2026-09-26 20:33:33,989][INFO|database.py-upgrade_schema:285] >> 테이블 'mysafetydetail_other' 생성 중...
[2026-09-26 20:33:33,994][INFO|database.py-upgrade_schema:285] >> 테이블 'mysafetydetail_parking' 생성 중...
[2026-09-26 20:33:33,997][INFO|database.py-upgrade_schema:285] >> 테이블 'mysafetydetail_traffic' 생성 중...
[2026-09-26 20:33:33,999][INFO|database.py-upgrade_schema:285] >> 테이블 'mysafetymerge_other' 생성 중...
[2026-09-26 20:33:34,001][INFO|database.py-upgrade_schema:285] >> 테이블 'mysafetymerge_parking' 생성 중...
[2026-09-26 20:33:34,003][INFO|database.py-upgrade_schema:285] >> 테이블 'mysafetymerge_traffic' 생성 중...
[2026-09-26 20:33:34,006][INFO|database.py-_apply_versioned_migrations:452] >> [schema] DB 스키마 버전 1 적용
[2026-09-26 20:33:34,011][INFO|database.py-_apply_versioned_migrations:452] >> [schema] DB 스키마 버전 2 적용
[2026-09-26 20:33:34,014][INFO|database.py-_apply_versioned_migrations:452] >> [schema] DB 스키마 버전 3 적용
[2026-09-26 20:33:34,031][INFO|database.py-_apply_versioned_migrations:452] >> [schema] DB 스키마 버전 4 적용
[2026-09-26 20:33:34,059][INFO|duplicate_group_service.py-_log_info:53] >> [duplicate] payload exact 중복군 0개, 멤버 0건 재생성
[2026-09-26 20:33:34,093][INFO|database.py-backfill_synced_at:100] >> [migration] mysafetydetail_traffic synced_at 백필: 12건, 미해결 0건
[2026-09-26 20:33:34,096][INFO|database.py-backfill_synced_at:100] >> [migration] mysafetydetail_parking synced_at 백필: 6건, 미해결 0건
[2026-09-26 20:33:34,099][INFO|database.py-backfill_synced_at:100] >> [migration] mysafetydetail_other synced_at 백필: 6건, 미해결 0건
[2026-09-26 20:33:34,102][INFO|database.py-backfill_synced_at:105] >> [migration] synced_at 백필 완료: 총 24건 갱신, merge 재생성 시작
[2026-09-26 20:33:34,115][INFO|database.py-merge_final:736] >> 최종 데이터 병합 완료 (Traffic/Parking/Other 분리)
[2026-09-26 20:33:34,139][INFO|duplicate_group_service.py-_log_info:53] >> [duplicate] payload exact 중복군 1개, 멤버 2건 재생성
[2026-09-26 20:33:34,149][INFO|database.py-merge_final:736] >> 최종 데이터 병합 완료 (Traffic/Parking/Other 분리)
[2026-09-26 20:33:34,180][INFO|duplicate_group_service.py-_log_info:53] >> [duplicate] payload exact 중복군 1개, 멤버 2건 재생성
[2026-09-26 20:33:34,363][ERROR|start.py-_save_details_as_they_arrive:492] >> 상세 크롤링이 중간에 멈췄습니다(2건까지 저장됨): 네트워크 끊김
[2026-09-26 20:33:34,363][INFO|start.py-_save_details_as_they_arrive:493] >> 상세 저장 2건 (변경/신규 2건, 실패 0건)
.[2026-09-26 20:33:34,381][INFO|database.py-upgrade_schema:285] >> 테이블 'admin_users' 생성 중...
[2026-09-26 20:33:34,385][INFO|database.py-upgrade_schema:285] >> 테이블 'api_keys' 생성 중...
[2026-09-26 20:33:34,387][INFO|database.py-upgrade_schema:285] >> 테이블 'mysafety' 생성 중...
[2026-09-26 20:33:34,388][INFO|database.py-upgrade_schema:285] >> 테이블 'mysafety_change_cursor' 생성 중...
[2026-09-26 20:33:34,390][INFO|database.py-upgrade_schema:285] >> 테이블 'mysafety_change_log' 생성 중...
[2026-09-26 20:33:34,391][INFO|database.py-upgrade_schema:285] >> 테이블 'mysafety_duplicate_decision' 생성 중...
[2026-09-26 20:33:34,393][INFO|database.py-upgrade_schema:285] >> 테이블 'mysafety_duplicate_group' 생성 중...
[2026-09-26 20:33:34,395][INFO|database.py-upgrade_schema:285] >> 테이블 'mysafety_duplicate_member' 생성 중...
[2026-09-26 20:33:34,396][INFO|database.py-upgrade_schema:285] >> 테이블 'mysafety_entry_value' 생성 중...
[2026-09-26 20:33:34,397][INFO|database.py-upgrade_schema:285] >> 테이블 'mysafety_geocode_cache' 생성 중...
[2026-09-26 20:33:34,399][INFO|database.py-upgrade_schema:285] >> 테이블 'mysafety_raw_content' 생성 중...
[2026-09-26 20:33:34,401][INFO|database.py-upgrade_schema:285] >> 테이블 'mysafety_report_override' 생성 중...
[2026-09-26 20:33:34,407][INFO|database.py-upgrade_schema:285] >> 테이블 'mysafety_sync_meta' 생성 중...
[2026-09-26 20:33:34,409][INFO|database.py-upgrade_schema:285] >> 테이블 'mysafety_watchlist' 생성 중...
[2026-09-26 20:33:34,412][INFO|database.py-upgrade_schema:285] >> 테이블 'mysafetydetail_other' 생성 중...
[2026-09-26 20:33:34,418][INFO|database.py-upgrade_schema:285] >> 테이블 'mysafetydetail_parking' 생성 중...
[2026-09-26 20:33:34,420][INFO|database.py-upgrade_schema:285] >> 테이블 'mysafetydetail_traffic' 생성 중...
[2026-09-26 20:33:34,422][INFO|database.py-upgrade_schema:285] >> 테이블 'mysafetymerge_other' 생성 중...
[2026-09-26 20:33:34,423][INFO|database.py-upgrade_schema:285] >> 테이블 'mysafetymerge_parking' 생성 중...
[2026-09-26 20:33:34,425][INFO|database.py-upgrade_schema:285] >> 테이블 'mysafetymerge_traffic' 생성 중...
[2026-09-26 20:33:34,430][INFO|database.py-_apply_versioned_migrations:452] >> [schema] DB 스키마 버전 1 적용
[2026-09-26 20:33:34,438][INFO|database.py-_apply_versioned_migrations:452] >> [schema] DB 스키마 버전 2 적용
[2026-09-26 20:33:34,441][INFO|database.py-_apply_versioned_migrations:452] >> [schema] DB 스키마 버전 3 적용
[2026-09-26 20:33:34,460][INFO|database.py-_apply_versioned_migrations:452] >> [schema] DB 스키마 버전 4 적용
[2026-09-26 20:33:34,489][INFO|duplicate_group_service.py-_log_info:53] >> [duplicate] payload exact 중복군 0개, 멤버 0건 재생성
[2026-09-26 20:33:34,532][INFO|database.py-backfill_synced_at:100] >> [migration] mysafetydetail_traffic synced_at 백필: 12건, 미해결 0건
[2026-09-26 20:33:34,536][INFO|database.py-backfill_synced_at:100] >> [migration] mysafetydetail_parking synced_at 백필: 6건, 미해결 0건
[2026-09-26 20:33:34,539][INFO|database.py-backfill_synced_at:100] >> [migration] mysafetydetail_other synced_at 백필: 6건, 미해결 0건
[2026-09-26 20:33:34,541][INFO|database.py-backfill_synced_at:105] >> [migration] synced_at 백필 완료: 총 24건 갱신, merge 재생성 시작
[2026-09-26 20:33:34,553][INFO|database.py-merge_final:736] >> 최종 데이터 병합 완료 (Traffic/Parking/Other 분리)
[2026-09-26 20:33:34,580][INFO|duplicate_group_service.py-_log_info:53] >> [duplicate] payload exact 중복군 1개, 멤버 2건 재생성
[2026-09-26 20:33:34,588][INFO|database.py-merge_final:736] >> 최종 데이터 병합 완료 (Traffic/Parking/Other 분리)
[2026-09-26 20:33:34,611][INFO|duplicate_group_service.py-_log_info:53] >> [duplicate] payload exact 중복군 1개, 멤버 2건 재생성
[2026-09-26 20:33:34,750][INFO|database.py-merge_final:736] >> 최종 데이터 병합 완료 (Traffic/Parking/Other 분리)
[2026-09-26 20:33:34,779][INFO|duplicate_group_service.py-_log_info:53] >> [duplicate] payload exact 중복군 1개, 멤버 2건 재생성
[2026-09-26 20:33:34,786][INFO|geocode_service.py-prepare_geo_payload:590] >> [geocode] 설정 누락으로 지오코딩 보류: 카카오 REST API 키가 비어 있습니다.
[2026-09-26 20:33:34,846][INFO|duplicate_group_service.py-_log_info:53] >> [duplicate] payload exact 중복군 1개, 멤버 2건 재생성
.
----------------------------------------------------------------------
Ran 409 tests in 121.466s

OK (skipped=4)
# end: 2026-09-26T20:33:35+09:00
# exit: 0
