# cmd: timeout 900 /home/better0101/projects/safetyreport/.venv/bin/python -m unittest discover -s tests -p 'test_*.py'
# cwd: /home/better0101/projects/worktree/ci-20260926/safetyreport/audit-fix
# candidate: 04a8a77 (ci0926/audit-fix)
# dirty: 0 tracked changes
# start: 2026-09-26T19:04:20+09:00
....../home/better0101/projects/safetyreport/.venv/lib/python3.14/site-packages/fastapi/testclient.py:1: StarletteDeprecationWarning: Using `httpx` with `starlette.testclient` is deprecated; install `httpx2` instead.
  from starlette.testclient import TestClient as TestClient  # noqa
[2026-09-26 19:04:21,360][INFO|database.py-upgrade_schema:285] >> 테이블 'admin_users' 생성 중...
[2026-09-26 19:04:21,364][INFO|database.py-upgrade_schema:285] >> 테이블 'api_keys' 생성 중...
[2026-09-26 19:04:21,369][INFO|database.py-upgrade_schema:285] >> 테이블 'mysafety' 생성 중...
[2026-09-26 19:04:21,372][INFO|database.py-upgrade_schema:285] >> 테이블 'mysafety_change_cursor' 생성 중...
[2026-09-26 19:04:21,374][INFO|database.py-upgrade_schema:285] >> 테이블 'mysafety_change_log' 생성 중...
[2026-09-26 19:04:21,380][INFO|database.py-upgrade_schema:285] >> 테이블 'mysafety_duplicate_decision' 생성 중...
[2026-09-26 19:04:21,388][INFO|database.py-upgrade_schema:285] >> 테이블 'mysafety_duplicate_group' 생성 중...
[2026-09-26 19:04:21,391][INFO|database.py-upgrade_schema:285] >> 테이블 'mysafety_duplicate_member' 생성 중...
[2026-09-26 19:04:21,394][INFO|database.py-upgrade_schema:285] >> 테이블 'mysafety_entry_value' 생성 중...
[2026-09-26 19:04:21,396][INFO|database.py-upgrade_schema:285] >> 테이블 'mysafety_geocode_cache' 생성 중...
[2026-09-26 19:04:21,401][INFO|database.py-upgrade_schema:285] >> 테이블 'mysafety_raw_content' 생성 중...
[2026-09-26 19:04:21,404][INFO|database.py-upgrade_schema:285] >> 테이블 'mysafety_report_override' 생성 중...
[2026-09-26 19:04:21,409][INFO|database.py-upgrade_schema:285] >> 테이블 'mysafety_sync_meta' 생성 중...
[2026-09-26 19:04:21,413][INFO|database.py-upgrade_schema:285] >> 테이블 'mysafety_watchlist' 생성 중...
[2026-09-26 19:04:21,422][INFO|database.py-upgrade_schema:285] >> 테이블 'mysafetydetail_other' 생성 중...
[2026-09-26 19:04:21,425][INFO|database.py-upgrade_schema:285] >> 테이블 'mysafetydetail_parking' 생성 중...
[2026-09-26 19:04:21,430][INFO|database.py-upgrade_schema:285] >> 테이블 'mysafetydetail_traffic' 생성 중...
[2026-09-26 19:04:21,434][INFO|database.py-upgrade_schema:285] >> 테이블 'mysafetymerge_other' 생성 중...
[2026-09-26 19:04:21,437][INFO|database.py-upgrade_schema:285] >> 테이블 'mysafetymerge_parking' 생성 중...
[2026-09-26 19:04:21,445][INFO|database.py-upgrade_schema:285] >> 테이블 'mysafetymerge_traffic' 생성 중...
[2026-09-26 19:04:21,453][INFO|database.py-_apply_versioned_migrations:452] >> [schema] DB 스키마 버전 1 적용
[2026-09-26 19:04:21,461][INFO|database.py-_apply_versioned_migrations:452] >> [schema] DB 스키마 버전 2 적용
[2026-09-26 19:04:21,465][INFO|database.py-_apply_versioned_migrations:452] >> [schema] DB 스키마 버전 3 적용
[2026-09-26 19:04:21,501][INFO|database.py-_apply_versioned_migrations:452] >> [schema] DB 스키마 버전 4 적용
[2026-09-26 19:04:21,667][INFO|community_auth_service.py-start:465] >> [community] 연결 요청을 만들었습니다(pc).
[2026-09-26 19:04:21,696][INFO|community_auth_service.py-_handle_code:663] >> [community] 로그인 결과를 받았습니다. 관리자 확인을 기다립니다.
[2026-09-26 19:04:21,700][INFO|community_auth_service.py-confirm:744] >> [community] 커뮤니티 계정을 이 서버에 연결했습니다.
[2026-09-26 19:04:21,821][INFO|_client.py-_send_single_request:1025] >> HTTP Request: GET http://testserver/api/v1/app/config "HTTP/1.1 200 OK"
.[2026-09-26 19:04:22,234][INFO|community_auth_service.py-start:465] >> [community] 연결 요청을 만들었습니다(pc).
[2026-09-26 19:04:22,256][INFO|community_auth_service.py-_handle_code:663] >> [community] 로그인 결과를 받았습니다. 관리자 확인을 기다립니다.
[2026-09-26 19:04:22,262][INFO|community_auth_service.py-confirm:744] >> [community] 커뮤니티 계정을 이 서버에 연결했습니다.
.[2026-09-26 19:04:22,775][INFO|_client.py-_send_single_request:1025] >> HTTP Request: GET http://testserver/api/v1/files?path=auth "HTTP/1.1 403 Forbidden"
.[2026-09-26 19:04:23,809][WARNING|community_auth_service.py-start:446] >> [community] 연결 요청 생성 실패: network_error
[2026-09-26 19:04:23,811][INFO|_client.py-_send_single_request:1025] >> HTTP Request: POST http://testserver/api/v1/community-auth/start "HTTP/1.1 502 Bad Gateway"
.[2026-09-26 19:04:23,820][INFO|_client.py-_send_single_request:1025] >> HTTP Request: GET http://testserver/api/v1/community-auth/status "HTTP/1.1 200 OK"
[2026-09-26 19:04:23,849][INFO|community_auth_service.py-start:465] >> [community] 연결 요청을 만들었습니다(mobile_client_server).
[2026-09-26 19:04:23,856][INFO|_client.py-_send_single_request:1025] >> HTTP Request: POST http://testserver/api/v1/community-auth/start "HTTP/1.1 200 OK"
[2026-09-26 19:04:23,861][INFO|_client.py-_send_single_request:1025] >> HTTP Request: GET http://testserver/api/v1/community-auth/status "HTTP/1.1 200 OK"
[2026-09-26 19:04:23,893][INFO|_client.py-_send_single_request:1025] >> HTTP Request: GET http://testserver/api/v1/community-auth/status "HTTP/1.1 200 OK"
[2026-09-26 19:04:23,899][INFO|community_auth_service.py-_handle_code:663] >> [community] 로그인 결과를 받았습니다. 관리자 확인을 기다립니다.
[2026-09-26 19:04:23,920][INFO|_client.py-_send_single_request:1025] >> HTTP Request: GET http://testserver/api/v1/community-auth/status "HTTP/1.1 200 OK"
[2026-09-26 19:04:23,929][INFO|community_auth_service.py-confirm:744] >> [community] 커뮤니티 계정을 이 서버에 연결했습니다.
[2026-09-26 19:04:23,990][INFO|_client.py-_send_single_request:1025] >> HTTP Request: POST http://testserver/api/v1/community-auth/confirm "HTTP/1.1 200 OK"
[2026-09-26 19:04:23,999][INFO|_client.py-_send_single_request:1025] >> HTTP Request: POST http://testserver/api/v1/community-auth/confirm "HTTP/1.1 409 Conflict"
[2026-09-26 19:04:24,014][INFO|community_auth_service.py-disconnect:826] >> [community] 커뮤니티 계정 연결을 해제했습니다(서버 로그아웃 확인: True).
[2026-09-26 19:04:24,018][INFO|_client.py-_send_single_request:1025] >> HTTP Request: POST http://testserver/api/v1/community-auth/disconnect "HTTP/1.1 200 OK"
./home/better0101/projects/safetyreport/.venv/lib/python3.14/site-packages/sqlalchemy/sql/base.py:1684: ResourceWarning: unclosed database in <sqlite3.Connection object at 0x76be8456c8b0>
  def __iter__(self) -> Iterator[_COL_co]:
ResourceWarning: Enable tracemalloc to get the object allocation traceback
/home/better0101/projects/safetyreport/.venv/lib/python3.14/site-packages/sqlalchemy/sql/base.py:1684: ResourceWarning: unclosed database in <sqlite3.Connection object at 0x76be8456f5b0>
  def __iter__(self) -> Iterator[_COL_co]:
ResourceWarning: Enable tracemalloc to get the object allocation traceback
[2026-09-26 19:04:24,536][INFO|_client.py-_send_single_request:1025] >> HTTP Request: GET http://testserver/api/v1/community-auth/status "HTTP/1.1 401 Unauthorized"
[2026-09-26 19:04:24,553][INFO|community_auth_service.py-start:465] >> [community] 연결 요청을 만들었습니다(pc).
[2026-09-26 19:04:24,567][INFO|_client.py-_send_single_request:1025] >> HTTP Request: GET http://testserver/api/v1/community-auth/status "HTTP/1.1 200 OK"
[2026-09-26 19:04:24,575][INFO|_client.py-_send_single_request:1025] >> HTTP Request: POST http://testserver/api/v1/community-auth/start "HTTP/1.1 403 Forbidden"
[2026-09-26 19:04:24,584][INFO|_client.py-_send_single_request:1025] >> HTTP Request: POST http://testserver/api/v1/community-auth/confirm "HTTP/1.1 403 Forbidden"
[2026-09-26 19:04:24,590][INFO|_client.py-_send_single_request:1025] >> HTTP Request: POST http://testserver/api/v1/community-auth/cancel "HTTP/1.1 403 Forbidden"
[2026-09-26 19:04:24,595][INFO|_client.py-_send_single_request:1025] >> HTTP Request: POST http://testserver/api/v1/community-auth/disconnect "HTTP/1.1 403 Forbidden"
.[2026-09-26 19:04:25,091][INFO|_client.py-_send_single_request:1025] >> HTTP Request: GET http://testserver/settings/community/status "HTTP/1.1 401 Unauthorized"
[2026-09-26 19:04:25,093][INFO|_client.py-_send_single_request:1025] >> HTTP Request: POST http://testserver/settings/community/start "HTTP/1.1 401 Unauthorized"
[2026-09-26 19:04:25,095][INFO|_client.py-_send_single_request:1025] >> HTTP Request: POST http://testserver/settings/community/start "HTTP/1.1 302 Found"
.[2026-09-26 19:04:25,744][INFO|_client.py-_send_single_request:1025] >> HTTP Request: POST http://testserver/login "HTTP/1.1 303 See Other"
[2026-09-26 19:04:25,749][INFO|_client.py-_send_single_request:1025] >> HTTP Request: GET http://testserver/settings/ "HTTP/1.1 302 Found"
[2026-09-26 19:04:25,778][INFO|_client.py-_send_single_request:1025] >> HTTP Request: GET http://testserver/onboarding/community?next=/settings/ "HTTP/1.1 200 OK"
[2026-09-26 19:04:25,786][INFO|_client.py-_send_single_request:1025] >> HTTP Request: POST http://testserver/settings/community/start "HTTP/1.1 403 Forbidden"
[2026-09-26 19:04:25,790][INFO|_client.py-_send_single_request:1025] >> HTTP Request: POST http://testserver/settings/community/start "HTTP/1.1 403 Forbidden"
[2026-09-26 19:04:25,793][INFO|_client.py-_send_single_request:1025] >> HTTP Request: POST http://testserver/settings/community/start "HTTP/1.1 403 Forbidden"
[2026-09-26 19:04:25,796][INFO|_client.py-_send_single_request:1025] >> HTTP Request: POST http://testserver/settings/community/start "HTTP/1.1 403 Forbidden"
[2026-09-26 19:04:25,800][INFO|_client.py-_send_single_request:1025] >> HTTP Request: POST http://testserver/settings/community/start "HTTP/1.1 403 Forbidden"
[2026-09-26 19:04:25,803][INFO|_client.py-_send_single_request:1025] >> HTTP Request: POST http://testserver/settings/community/start "HTTP/1.1 403 Forbidden"
[2026-09-26 19:04:25,806][INFO|_client.py-_send_single_request:1025] >> HTTP Request: POST http://testserver/settings/community/confirm "HTTP/1.1 403 Forbidden"
[2026-09-26 19:04:25,810][INFO|_client.py-_send_single_request:1025] >> HTTP Request: POST http://testserver/settings/community/cancel "HTTP/1.1 403 Forbidden"
[2026-09-26 19:04:25,813][INFO|_client.py-_send_single_request:1025] >> HTTP Request: POST http://testserver/settings/community/disconnect "HTTP/1.1 403 Forbidden"
[2026-09-26 19:04:25,816][INFO|_client.py-_send_single_request:1025] >> HTTP Request: POST http://testserver/settings/community/settings "HTTP/1.1 403 Forbidden"
[2026-09-26 19:04:25,842][INFO|community_auth_service.py-start:465] >> [community] 연결 요청을 만들었습니다(pc).
[2026-09-26 19:04:25,852][INFO|_client.py-_send_single_request:1025] >> HTTP Request: POST http://testserver/settings/community/start "HTTP/1.1 200 OK"
.[2026-09-26 19:04:26,486][INFO|_client.py-_send_single_request:1025] >> HTTP Request: POST http://testserver/login "HTTP/1.1 303 See Other"
[2026-09-26 19:04:26,489][INFO|_client.py-_send_single_request:1025] >> HTTP Request: GET http://testserver/settings/ "HTTP/1.1 302 Found"
[2026-09-26 19:04:26,494][INFO|_client.py-_send_single_request:1025] >> HTTP Request: GET http://testserver/onboarding/community?next=/settings/ "HTTP/1.1 200 OK"
[2026-09-26 19:04:26,500][INFO|_client.py-_send_single_request:1025] >> HTTP Request: POST http://testserver/settings/community/confirm "HTTP/1.1 409 Conflict"
[2026-09-26 19:04:26,504][INFO|_client.py-_send_single_request:1025] >> HTTP Request: POST http://testserver/settings/community/cancel "HTTP/1.1 409 Conflict"
[2026-09-26 19:04:26,507][INFO|_client.py-_send_single_request:1025] >> HTTP Request: POST http://testserver/settings/community/start "HTTP/1.1 400 Bad Request"
.[2026-09-26 19:04:26,981][INFO|_client.py-_send_single_request:1025] >> HTTP Request: POST http://testserver/login "HTTP/1.1 303 See Other"
[2026-09-26 19:04:26,985][INFO|_client.py-_send_single_request:1025] >> HTTP Request: GET http://testserver/settings/ "HTTP/1.1 302 Found"
[2026-09-26 19:04:26,993][INFO|_client.py-_send_single_request:1025] >> HTTP Request: GET http://testserver/onboarding/community?next=/settings/ "HTTP/1.1 200 OK"
[2026-09-26 19:04:27,016][INFO|community_auth_service.py-start:465] >> [community] 연결 요청을 만들었습니다(pc).
[2026-09-26 19:04:27,022][INFO|_client.py-_send_single_request:1025] >> HTTP Request: POST http://testserver/settings/community/start "HTTP/1.1 200 OK"
[2026-09-26 19:04:27,033][INFO|_client.py-_send_single_request:1025] >> HTTP Request: POST http://testserver/settings/community/start "HTTP/1.1 400 Bad Request"
[2026-09-26 19:04:27,056][INFO|community_auth_service.py-start:465] >> [community] 연결 요청을 만들었습니다(pc).
[2026-09-26 19:04:27,062][INFO|_client.py-_send_single_request:1025] >> HTTP Request: POST http://testserver/settings/community/start "HTTP/1.1 200 OK"
[2026-09-26 19:04:27,068][INFO|_client.py-_send_single_request:1025] >> HTTP Request: GET http://testserver/settings/community/status "HTTP/1.1 200 OK"
[2026-09-26 19:04:27,097][INFO|community_auth_service.py-_handle_code:663] >> [community] 로그인 결과를 받았습니다. 관리자 확인을 기다립니다.
[2026-09-26 19:04:27,100][INFO|_client.py-_send_single_request:1025] >> HTTP Request: GET http://testserver/settings/community/status "HTTP/1.1 200 OK"
[2026-09-26 19:04:27,107][INFO|_client.py-_send_single_request:1025] >> HTTP Request: GET http://testserver/settings/community/status "HTTP/1.1 200 OK"
[2026-09-26 19:04:27,114][INFO|community_auth_service.py-confirm:744] >> [community] 커뮤니티 계정을 이 서버에 연결했습니다.
[2026-09-26 19:04:27,135][INFO|_client.py-_send_single_request:1025] >> HTTP Request: POST http://testserver/settings/community/confirm "HTTP/1.1 200 OK"
[2026-09-26 19:04:27,150][INFO|_client.py-_send_single_request:1025] >> HTTP Request: GET http://testserver/settings/ "HTTP/1.1 302 Found"
[2026-09-26 19:04:27,160][INFO|_client.py-_send_single_request:1025] >> HTTP Request: GET http://testserver/onboarding/community?next=/settings/ "HTTP/1.1 200 OK"
[2026-09-26 19:04:27,173][INFO|community_auth_service.py-disconnect:826] >> [community] 커뮤니티 계정 연결을 해제했습니다(서버 로그아웃 확인: True).
[2026-09-26 19:04:27,176][INFO|_client.py-_send_single_request:1025] >> HTTP Request: POST http://testserver/settings/community/disconnect "HTTP/1.1 200 OK"
.[2026-09-26 19:04:27,815][INFO|_client.py-_send_single_request:1025] >> HTTP Request: POST http://testserver/login "HTTP/1.1 303 See Other"
[2026-09-26 19:04:27,819][INFO|_client.py-_send_single_request:1025] >> HTTP Request: GET http://testserver/settings/ "HTTP/1.1 302 Found"
[2026-09-26 19:04:27,828][INFO|_client.py-_send_single_request:1025] >> HTTP Request: GET http://testserver/onboarding/community?next=/settings/ "HTTP/1.1 200 OK"
[2026-09-26 19:04:27,994][INFO|_client.py-_send_single_request:1025] >> HTTP Request: POST http://testserver/settings/community/settings "HTTP/1.1 200 OK"
/home/better0101/projects/safetyreport/.venv/lib/python3.14/site-packages/sqlalchemy/util/langhelpers.py:1120: ResourceWarning: unclosed database in <sqlite3.Connection object at 0x76be84597f10>
  def __get__(self, obj, cls):
ResourceWarning: Enable tracemalloc to get the object allocation traceback
/home/better0101/projects/safetyreport/.venv/lib/python3.14/site-packages/sqlalchemy/util/langhelpers.py:1120: ResourceWarning: unclosed database in <sqlite3.Connection object at 0x76be85734310>
  def __get__(self, obj, cls):
ResourceWarning: Enable tracemalloc to get the object allocation traceback
/home/better0101/projects/safetyreport/.venv/lib/python3.14/site-packages/sqlalchemy/util/langhelpers.py:1120: ResourceWarning: unclosed database in <sqlite3.Connection object at 0x76be85736a70>
  def __get__(self, obj, cls):
ResourceWarning: Enable tracemalloc to get the object allocation traceback
/home/better0101/projects/safetyreport/.venv/lib/python3.14/site-packages/sqlalchemy/util/langhelpers.py:1120: ResourceWarning: unclosed database in <sqlite3.Connection object at 0x76be8456fd30>
  def __get__(self, obj, cls):
ResourceWarning: Enable tracemalloc to get the object allocation traceback
[2026-09-26 19:04:28,009][INFO|_client.py-_send_single_request:1025] >> HTTP Request: POST http://testserver/settings/community/settings "HTTP/1.1 400 Bad Request"
[2026-09-26 19:04:28,015][INFO|_client.py-_send_single_request:1025] >> HTTP Request: POST http://testserver/settings/community/settings "HTTP/1.1 400 Bad Request"
[2026-09-26 19:04:28,021][INFO|_client.py-_send_single_request:1025] >> HTTP Request: POST http://testserver/settings/community/settings "HTTP/1.1 400 Bad Request"
[2026-09-26 19:04:28,035][INFO|_client.py-_send_single_request:1025] >> HTTP Request: POST http://testserver/settings/community/settings "HTTP/1.1 200 OK"
.[2026-09-26 19:04:28,199][INFO|community_auth_service.py-start:465] >> [community] 연결 요청을 만들었습니다(pc).
[2026-09-26 19:04:28,241][INFO|community_auth_service.py-_handle_code:663] >> [community] 로그인 결과를 받았습니다. 관리자 확인을 기다립니다.
[2026-09-26 19:04:28,256][INFO|community_auth_service.py-confirm:744] >> [community] 커뮤니티 계정을 이 서버에 연결했습니다.
[2026-09-26 19:04:28,271][INFO|community_auth_service.py-start:465] >> [community] 연결 요청을 만들었습니다(pc).
[2026-09-26 19:04:28,291][INFO|community_auth_service.py-_handle_code:663] >> [community] 로그인 결과를 받았습니다. 관리자 확인을 기다립니다.
[2026-09-26 19:04:28,305][INFO|community_auth_service.py-cancel:788] >> [community] 연결 요청을 취소했습니다.
.[2026-09-26 19:04:28,835][INFO|community_auth_service.py-start:465] >> [community] 연결 요청을 만들었습니다(pc).
[2026-09-26 19:04:28,856][INFO|community_auth_service.py-_handle_code:663] >> [community] 로그인 결과를 받았습니다. 관리자 확인을 기다립니다.
[2026-09-26 19:04:28,868][INFO|community_auth_service.py-confirm:744] >> [community] 커뮤니티 계정을 이 서버에 연결했습니다.
[2026-09-26 19:04:28,871][WARNING|community_auth_service.py-_complete_with_retry:768] >> [community] complete 실패: auth_invalid
.[2026-09-26 19:04:29,394][INFO|community_auth_service.py-start:465] >> [community] 연결 요청을 만들었습니다(pc).
[2026-09-26 19:04:29,440][INFO|community_auth_service.py-_handle_code:663] >> [community] 로그인 결과를 받았습니다. 관리자 확인을 기다립니다.
[2026-09-26 19:04:29,448][INFO|community_auth_service.py-confirm:744] >> [community] 커뮤니티 계정을 이 서버에 연결했습니다.
.[2026-09-26 19:04:30,009][INFO|community_auth_service.py-start:465] >> [community] 연결 요청을 만들었습니다(pc).
[2026-09-26 19:04:30,036][INFO|community_auth_service.py-_handle_code:663] >> [community] 로그인 결과를 받았습니다. 관리자 확인을 기다립니다.
[2026-09-26 19:04:30,040][INFO|community_auth_service.py-confirm:744] >> [community] 커뮤니티 계정을 이 서버에 연결했습니다.
.[2026-09-26 19:04:30,575][INFO|community_auth_service.py-start:465] >> [community] 연결 요청을 만들었습니다(pc).
.[2026-09-26 19:04:31,093][INFO|community_auth_service.py-start:465] >> [community] 연결 요청을 만들었습니다(pc).
[2026-09-26 19:04:31,133][INFO|community_auth_service.py-_handle_code:663] >> [community] 로그인 결과를 받았습니다. 관리자 확인을 기다립니다.
[2026-09-26 19:04:31,142][INFO|community_auth_service.py-confirm:744] >> [community] 커뮤니티 계정을 이 서버에 연결했습니다.
[2026-09-26 19:04:31,155][INFO|community_auth_service.py-start:465] >> [community] 연결 요청을 만들었습니다(pc).
[2026-09-26 19:04:31,196][INFO|community_auth_service.py-_handle_code:663] >> [community] 로그인 결과를 받았습니다. 관리자 확인을 기다립니다.
[2026-09-26 19:04:31,206][INFO|community_auth_service.py-confirm:744] >> [community] 커뮤니티 계정을 이 서버에 연결했습니다.
.[2026-09-26 19:04:31,734][INFO|community_auth_service.py-start:465] >> [community] 연결 요청을 만들었습니다(pc).
./usr/lib/python3.14/threading.py:1308: ResourceWarning: unclosed database in <sqlite3.Connection object at 0x76be84628400>
  def _make_invoke_excepthook():
ResourceWarning: Enable tracemalloc to get the object allocation traceback
[2026-09-26 19:04:32,261][INFO|community_auth_service.py-start:465] >> [community] 연결 요청을 만들었습니다(pc).
[2026-09-26 19:04:32,302][INFO|community_auth_service.py-_handle_code:663] >> [community] 로그인 결과를 받았습니다. 관리자 확인을 기다립니다.
[2026-09-26 19:04:32,313][INFO|community_auth_service.py-confirm:744] >> [community] 커뮤니티 계정을 이 서버에 연결했습니다.
[2026-09-26 19:04:32,324][INFO|community_auth_service.py-disconnect:826] >> [community] 커뮤니티 계정 연결을 해제했습니다(서버 로그아웃 확인: True).
.[2026-09-26 19:04:32,345][INFO|community_auth_service.py-start:465] >> [community] 연결 요청을 만들었습니다(pc).
[2026-09-26 19:04:32,361][INFO|community_auth_service.py-_handle_code:663] >> [community] 로그인 결과를 받았습니다. 관리자 확인을 기다립니다.
[2026-09-26 19:04:32,373][INFO|community_auth_service.py-confirm:744] >> [community] 커뮤니티 계정을 이 서버에 연결했습니다.
[2026-09-26 19:04:32,884][INFO|community_auth_service.py-_logout_quietly:840] >> [community] 세션 로그아웃 실패(무시): network_error
[2026-09-26 19:04:32,884][INFO|community_auth_service.py-disconnect:826] >> [community] 커뮤니티 계정 연결을 해제했습니다(서버 로그아웃 확인: False).
.[2026-09-26 19:04:32,900][INFO|community_auth_service.py-start:465] >> [community] 연결 요청을 만들었습니다(pc).
[2026-09-26 19:04:32,915][INFO|community_auth_service.py-_handle_code:663] >> [community] 로그인 결과를 받았습니다. 관리자 확인을 기다립니다.
[2026-09-26 19:04:32,926][INFO|community_auth_service.py-confirm:744] >> [community] 커뮤니티 계정을 이 서버에 연결했습니다.
[2026-09-26 19:04:32,937][INFO|community_auth_service.py-disconnect:826] >> [community] 커뮤니티 계정 연결을 해제했습니다(서버 로그아웃 확인: True).
.[2026-09-26 19:04:33,454][INFO|community_auth_service.py-start:465] >> [community] 연결 요청을 만들었습니다(pc).
[2026-09-26 19:04:33,462][WARNING|community_auth_service.py-_handle_code:639] >> [community] 코드 교환 실패: bad_code_verifier
[2026-09-26 19:04:33,465][INFO|community_auth_service.py-_fail_pending:697] >> [community] 연결 요청 종료: exchange_failed
.[2026-09-26 19:04:33,987][INFO|community_auth_service.py-start:465] >> [community] 연결 요청을 만들었습니다(pc).
.[2026-09-26 19:04:34,496][WARNING|runtime_mode.py-block_if_fixture:47] >> [fixture] blocked: community auth network
.[2026-09-26 19:04:35,025][INFO|community_auth_service.py-start:465] >> [community] 연결 요청을 만들었습니다(pc).
[2026-09-26 19:04:35,069][INFO|community_auth_service.py-_handle_code:663] >> [community] 로그인 결과를 받았습니다. 관리자 확인을 기다립니다.
[2026-09-26 19:04:35,077][INFO|community_auth_service.py-confirm:744] >> [community] 커뮤니티 계정을 이 서버에 연결했습니다.
[2026-09-26 19:04:35,093][WARNING|community_auth_service.py-get_access_token:863] >> [community] refresh 토큰이 거부되어 다시 로그인이 필요합니다: refresh_token_not_found
..[2026-09-26 19:04:36,125][INFO|community_auth_service.py-start:465] >> [community] 연결 요청을 만들었습니다(pc).
[2026-09-26 19:04:36,176][INFO|community_auth_service.py-_handle_code:663] >> [community] 로그인 결과를 받았습니다. 관리자 확인을 기다립니다.
[2026-09-26 19:04:36,180][INFO|community_auth_service.py-confirm:744] >> [community] 커뮤니티 계정을 이 서버에 연결했습니다.
[2026-09-26 19:04:36,208][INFO|community_auth_service.py-start:465] >> [community] 연결 요청을 만들었습니다(pc).
[2026-09-26 19:04:36,257][INFO|community_auth_service.py-_handle_code:663] >> [community] 로그인 결과를 받았습니다. 관리자 확인을 기다립니다.
[2026-09-26 19:04:36,265][INFO|community_auth_service.py-cancel:788] >> [community] 연결 요청을 취소했습니다.
[2026-09-26 19:04:36,281][INFO|community_auth_service.py-disconnect:826] >> [community] 커뮤니티 계정 연결을 해제했습니다(서버 로그아웃 확인: True).
.[2026-09-26 19:04:36,799][INFO|community_auth_service.py-start:465] >> [community] 연결 요청을 만들었습니다(pc).
[2026-09-26 19:04:36,883][INFO|community_auth_service.py-_handle_code:663] >> [community] 로그인 결과를 받았습니다. 관리자 확인을 기다립니다.
.[2026-09-26 19:04:37,397][INFO|community_auth_service.py-start:465] >> [community] 연결 요청을 만들었습니다(pc).
[2026-09-26 19:04:37,415][INFO|community_auth_service.py-start:465] >> [community] 연결 요청을 만들었습니다(pc).
.[2026-09-26 19:04:37,939][INFO|community_auth_service.py-start:465] >> [community] 연결 요청을 만들었습니다(pc).
[2026-09-26 19:04:37,953][INFO|community_auth_service.py-_fail_pending:697] >> [community] 연결 요청 종료: expired
.[2026-09-26 19:04:38,467][INFO|community_auth_service.py-start:465] >> [community] 연결 요청을 만들었습니다(pc).
[2026-09-26 19:04:38,508][INFO|community_auth_service.py-_handle_code:663] >> [community] 로그인 결과를 받았습니다. 관리자 확인을 기다립니다.
[2026-09-26 19:04:38,536][INFO|community_auth_service.py-confirm:744] >> [community] 커뮤니티 계정을 이 서버에 연결했습니다.
.[2026-09-26 19:04:39,062][INFO|community_auth_service.py-_fail_pending:697] >> [community] 연결 요청 종료: interrupted
[2026-09-26 19:04:39,067][INFO|community_auth_service.py-_safe_relay_cancel:806] >> [community] 중계 취소 실패(무시): not_found
.[2026-09-26 19:04:39,582][INFO|community_auth_service.py-start:465] >> [community] 연결 요청을 만들었습니다(pc).
[2026-09-26 19:04:39,600][INFO|community_auth_service.py-_handle_code:663] >> [community] 로그인 결과를 받았습니다. 관리자 확인을 기다립니다.
.[2026-09-26 19:04:40,118][INFO|community_auth_service.py-start:465] >> [community] 연결 요청을 만들었습니다(pc).
.[2026-09-26 19:04:40,639][INFO|community_auth_service.py-start:465] >> [community] 연결 요청을 만들었습니다(pc).
[2026-09-26 19:04:40,686][INFO|community_auth_service.py-_handle_code:663] >> [community] 로그인 결과를 받았습니다. 관리자 확인을 기다립니다.
[2026-09-26 19:04:40,848][INFO|community_auth_service.py-confirm:744] >> [community] 커뮤니티 계정을 이 서버에 연결했습니다.
.[2026-09-26 19:04:40,869][INFO|community_auth_service.py-start:465] >> [community] 연결 요청을 만들었습니다(pc).
.[2026-09-26 19:04:41,388][INFO|community_auth_service.py-start:465] >> [community] 연결 요청을 만들었습니다(pc).
[2026-09-26 19:04:41,427][INFO|community_auth_service.py-_handle_code:663] >> [community] 로그인 결과를 받았습니다. 관리자 확인을 기다립니다.
[2026-09-26 19:04:41,439][INFO|community_auth_service.py-confirm:744] >> [community] 커뮤니티 계정을 이 서버에 연결했습니다.
.[2026-09-26 19:04:41,971][INFO|community_auth_service.py-start:465] >> [community] 연결 요청을 만들었습니다(pc).
[2026-09-26 19:04:41,995][INFO|community_auth_service.py-_handle_code:663] >> [community] 로그인 결과를 받았습니다. 관리자 확인을 기다립니다.
[2026-09-26 19:04:42,000][INFO|community_auth_service.py-confirm:744] >> [community] 커뮤니티 계정을 이 서버에 연결했습니다.
[2026-09-26 19:04:42,003][WARNING|community_auth_store.py-reset_unreadable:264] >> [community] 읽을 수 없는 커뮤니티 세션 파일을 community_session.enc.unreadable-20260926190442 로 옮겼습니다.
.[2026-09-26 19:04:42,516][INFO|community_auth_service.py-start:465] >> [community] 연결 요청을 만들었습니다(pc).
[2026-09-26 19:04:42,562][INFO|community_auth_service.py-_handle_code:663] >> [community] 로그인 결과를 받았습니다. 관리자 확인을 기다립니다.
[2026-09-26 19:04:42,570][INFO|community_auth_service.py-confirm:744] >> [community] 커뮤니티 계정을 이 서버에 연결했습니다.
[2026-09-26 19:04:42,577][INFO|community_auth_service.py-disconnect:826] >> [community] 커뮤니티 계정 연결을 해제했습니다(서버 로그아웃 확인: True).
.......[2026-09-26 19:04:43,127][INFO|community_auth_service.py-start:465] >> [community] 연결 요청을 만들었습니다(pc).
[2026-09-26 19:04:43,146][INFO|community_auth_service.py-start:465] >> [community] 연결 요청을 만들었습니다(pc).
[2026-09-26 19:04:43,164][INFO|community_auth_service.py-_handle_code:663] >> [community] 로그인 결과를 받았습니다. 관리자 확인을 기다립니다.
[2026-09-26 19:04:43,182][INFO|community_auth_service.py-_handle_code:663] >> [community] 로그인 결과를 받았습니다. 관리자 확인을 기다립니다.
[2026-09-26 19:04:43,198][INFO|community_auth_service.py-confirm:744] >> [community] 커뮤니티 계정을 이 서버에 연결했습니다.
[2026-09-26 19:04:43,208][INFO|community_auth_service.py-confirm:744] >> [community] 커뮤니티 계정을 이 서버에 연결했습니다.
.sss........................../usr/lib/python3.14/unittest/mock.py:2259: ResourceWarning: unclosed database in <sqlite3.Connection object at 0x76be84597790>
  def __init__(self, name, parent):
ResourceWarning: Enable tracemalloc to get the object allocation traceback
/usr/lib/python3.14/unittest/mock.py:2259: ResourceWarning: unclosed database in <sqlite3.Connection object at 0x76be8456fa60>
  def __init__(self, name, parent):
ResourceWarning: Enable tracemalloc to get the object allocation traceback
/usr/lib/python3.14/unittest/mock.py:2259: ResourceWarning: unclosed database in <sqlite3.Connection object at 0x76be8456cd60>
  def __init__(self, name, parent):
ResourceWarning: Enable tracemalloc to get the object allocation traceback
/usr/lib/python3.14/unittest/mock.py:2259: ResourceWarning: unclosed database in <sqlite3.Connection object at 0x76be8456c040>
  def __init__(self, name, parent):
ResourceWarning: Enable tracemalloc to get the object allocation traceback
.....[2026-09-26 19:04:44,961][WARNING|community_route.py-_contributions_delete:296] >> 공유 자료 삭제 뒤 writer 연결 파일을 지우지 못함 — 다음 게이트 확인 때 다시 등록 필요
....[2026-09-26 19:04:44,976][INFO|_client.py-_send_single_request:1025] >> HTTP Request: GET http://testserver/settings/ "HTTP/1.1 302 Found"
[2026-09-26 19:04:44,978][INFO|_client.py-_send_single_request:1025] >> HTTP Request: GET http://testserver/onboarding/community "HTTP/1.1 302 Found"
..[2026-09-26 19:04:45,984][INFO|_client.py-_send_single_request:1025] >> HTTP Request: GET http://testserver/api/v1/summary "HTTP/1.1 401 Unauthorized"
[2026-09-26 19:04:45,988][INFO|_client.py-_send_single_request:1025] >> HTTP Request: GET http://testserver/api/v1/summary "HTTP/1.1 403 Forbidden"
[2026-09-26 19:04:45,991][INFO|_client.py-_send_single_request:1025] >> HTTP Request: POST http://testserver/api/v1/crawl/start "HTTP/1.1 403 Forbidden"
[2026-09-26 19:04:45,996][INFO|_client.py-_send_single_request:1025] >> HTTP Request: GET http://testserver/api/v1/app/config "HTTP/1.1 200 OK"
[2026-09-26 19:04:46,037][INFO|_client.py-_send_single_request:1025] >> HTTP Request: GET http://testserver/api/v1/community/gate "HTTP/1.1 200 OK"
.[2026-09-26 19:04:46,481][INFO|ws_manager.py-disconnect:47] >> [WS] 클라이언트 종료: t-open (남은 0개)
.[2026-09-26 19:04:47,003][INFO|community_auth_service.py-start:465] >> [community] 연결 요청을 만들었습니다(pc).
[2026-09-26 19:04:47,045][INFO|community_auth_service.py-_handle_code:663] >> [community] 로그인 결과를 받았습니다. 관리자 확인을 기다립니다.
[2026-09-26 19:04:47,062][INFO|community_auth_service.py-confirm:744] >> [community] 커뮤니티 계정을 이 서버에 연결했습니다.
/home/better0101/projects/safetyreport/.venv/lib/python3.14/site-packages/sqlalchemy/engine/cursor.py:1529: ResourceWarning: unclosed database in <sqlite3.Connection object at 0x76be8456df30>
  def __init__(
ResourceWarning: Enable tracemalloc to get the object allocation traceback
[2026-09-26 19:04:47,131][INFO|_client.py-_send_single_request:1025] >> HTTP Request: POST http://testserver/api/v1/community/upload/run "HTTP/1.1 403 Forbidden"
[2026-09-26 19:04:47,145][INFO|_client.py-_send_single_request:1025] >> HTTP Request: POST http://testserver/api/v1/community/upload/run "HTTP/1.1 403 Forbidden"
[2026-09-26 19:04:47,155][INFO|_client.py-_send_single_request:1025] >> HTTP Request: POST http://testserver/api/v1/community/upload/run "HTTP/1.1 200 OK"
[2026-09-26 19:04:47,160][INFO|_client.py-_send_single_request:1025] >> HTTP Request: POST http://testserver/api/v1/community/rebuild/start "HTTP/1.1 403 Forbidden"
.[2026-09-26 19:04:47,792][INFO|_client.py-_send_single_request:1025] >> HTTP Request: POST http://testserver/login "HTTP/1.1 303 See Other"
[2026-09-26 19:04:47,801][INFO|_client.py-_send_single_request:1025] >> HTTP Request: GET http://testserver/onboarding/community "HTTP/1.1 200 OK"
[2026-09-26 19:04:47,805][INFO|_client.py-_send_single_request:1025] >> HTTP Request: GET http://testserver/onboarding/community "HTTP/1.1 200 OK"
[2026-09-26 19:04:47,853][INFO|_client.py-_send_single_request:1025] >> HTTP Request: POST http://testserver/settings/community/settings "HTTP/1.1 200 OK"
./home/better0101/projects/safetyreport/.venv/lib/python3.14/site-packages/fastapi/routing.py:134: ResourceWarning: unclosed database in <sqlite3.Connection object at 0x76be843f0400>
  async def app(scope: Scope, receive: Receive, send: Send) -> None:
ResourceWarning: Enable tracemalloc to get the object allocation traceback
[2026-09-26 19:04:48,289][INFO|_client.py-_send_single_request:1025] >> HTTP Request: POST http://testserver/login "HTTP/1.1 303 See Other"
[2026-09-26 19:04:48,294][INFO|_client.py-_send_single_request:1025] >> HTTP Request: GET http://testserver/onboarding/community "HTTP/1.1 200 OK"
[2026-09-26 19:04:48,296][INFO|_client.py-_send_single_request:1025] >> HTTP Request: DELETE http://testserver/file-browser/delete "HTTP/1.1 403 Forbidden"
[2026-09-26 19:04:48,300][INFO|_client.py-_send_single_request:1025] >> HTTP Request: GET http://testserver/ "HTTP/1.1 403 Forbidden"
[2026-09-26 19:04:48,306][INFO|_client.py-_send_single_request:1025] >> HTTP Request: GET http://testserver/api/v1/address "HTTP/1.1 403 Forbidden"
[2026-09-26 19:04:48,310][INFO|_client.py-_send_single_request:1025] >> HTTP Request: GET http://testserver/api/v1/community/upload/status "HTTP/1.1 403 Forbidden"
[2026-09-26 19:04:48,315][INFO|_client.py-_send_single_request:1025] >> HTTP Request: GET http://testserver/api/v1/crawl/config "HTTP/1.1 403 Forbidden"
[2026-09-26 19:04:48,320][INFO|_client.py-_send_single_request:1025] >> HTTP Request: GET http://testserver/api/v1/crawl/done "HTTP/1.1 403 Forbidden"
[2026-09-26 19:04:48,325][INFO|_client.py-_send_single_request:1025] >> HTTP Request: GET http://testserver/api/v1/crawl/done/ext "HTTP/1.1 403 Forbidden"
[2026-09-26 19:04:48,330][INFO|_client.py-_send_single_request:1025] >> HTTP Request: GET http://testserver/api/v1/crawl/results "HTTP/1.1 403 Forbidden"
[2026-09-26 19:04:48,336][INFO|_client.py-_send_single_request:1025] >> HTTP Request: GET http://testserver/api/v1/crawl/status "HTTP/1.1 403 Forbidden"
[2026-09-26 19:04:48,340][INFO|_client.py-_send_single_request:1025] >> HTTP Request: GET http://testserver/api/v1/duplicates/groups "HTTP/1.1 403 Forbidden"
[2026-09-26 19:04:48,344][INFO|_client.py-_send_single_request:1025] >> HTTP Request: GET http://testserver/api/v1/editor/schema "HTTP/1.1 403 Forbidden"
[2026-09-26 19:04:48,348][INFO|_client.py-_send_single_request:1025] >> HTTP Request: GET http://testserver/api/v1/editor/category/record_id "HTTP/1.1 403 Forbidden"
[2026-09-26 19:04:48,354][INFO|_client.py-_send_single_request:1025] >> HTTP Request: GET http://testserver/api/v1/files "HTTP/1.1 403 Forbidden"
[2026-09-26 19:04:48,358][INFO|_client.py-_send_single_request:1025] >> HTTP Request: GET http://testserver/api/v1/files/download "HTTP/1.1 403 Forbidden"
[2026-09-26 19:04:48,361][INFO|_client.py-_send_single_request:1025] >> HTTP Request: GET http://testserver/api/v1/maintenance/status "HTTP/1.1 403 Forbidden"
[2026-09-26 19:04:48,364][INFO|_client.py-_send_single_request:1025] >> HTTP Request: GET http://testserver/api/v1/reports/category "HTTP/1.1 403 Forbidden"
[2026-09-26 19:04:48,368][INFO|_client.py-_send_single_request:1025] >> HTTP Request: GET http://testserver/api/v1/server/version "HTTP/1.1 403 Forbidden"
[2026-09-26 19:04:48,376][INFO|_client.py-_send_single_request:1025] >> HTTP Request: GET http://testserver/api/v1/settings/db "HTTP/1.1 403 Forbidden"
[2026-09-26 19:04:48,381][INFO|_client.py-_send_single_request:1025] >> HTTP Request: GET http://testserver/api/v1/stats "HTTP/1.1 403 Forbidden"
[2026-09-26 19:04:48,385][INFO|_client.py-_send_single_request:1025] >> HTTP Request: GET http://testserver/api/v1/stats/map "HTTP/1.1 403 Forbidden"
[2026-09-26 19:04:48,390][INFO|_client.py-_send_single_request:1025] >> HTTP Request: GET http://testserver/api/v1/stats/map/missing "HTTP/1.1 403 Forbidden"
[2026-09-26 19:04:48,394][INFO|_client.py-_send_single_request:1025] >> HTTP Request: GET http://testserver/api/v1/stats/map/progress "HTTP/1.1 403 Forbidden"
[2026-09-26 19:04:48,399][INFO|_client.py-_send_single_request:1025] >> HTTP Request: GET http://testserver/api/v1/stats/overview "HTTP/1.1 403 Forbidden"
[2026-09-26 19:04:48,403][INFO|_client.py-_send_single_request:1025] >> HTTP Request: GET http://testserver/api/v1/summary "HTTP/1.1 403 Forbidden"
[2026-09-26 19:04:48,406][INFO|_client.py-_send_single_request:1025] >> HTTP Request: GET http://testserver/api/v1/sunwi/payload "HTTP/1.1 403 Forbidden"
[2026-09-26 19:04:48,414][INFO|_client.py-_send_single_request:1025] >> HTTP Request: GET http://testserver/api/v1/vehicle/vehicle_number "HTTP/1.1 403 Forbidden"
[2026-09-26 19:04:48,418][INFO|_client.py-_send_single_request:1025] >> HTTP Request: GET http://testserver/api/v1/watchlist "HTTP/1.1 403 Forbidden"
[2026-09-26 19:04:48,424][INFO|_client.py-_send_single_request:1025] >> HTTP Request: GET http://testserver/backup "HTTP/1.1 403 Forbidden"
[2026-09-26 19:04:48,428][INFO|_client.py-_send_single_request:1025] >> HTTP Request: GET http://testserver/backup/download "HTTP/1.1 403 Forbidden"
[2026-09-26 19:04:48,431][INFO|_client.py-_send_single_request:1025] >> HTTP Request: GET http://testserver/community/upload/status "HTTP/1.1 403 Forbidden"
[2026-09-26 19:04:48,435][INFO|_client.py-_send_single_request:1025] >> HTTP Request: GET http://testserver/crawl/ "HTTP/1.1 403 Forbidden"
[2026-09-26 19:04:48,438][INFO|_client.py-_send_single_request:1025] >> HTTP Request: GET http://testserver/data/all "HTTP/1.1 403 Forbidden"
[2026-09-26 19:04:48,441][INFO|_client.py-_send_single_request:1025] >> HTTP Request: GET http://testserver/data/duplicates "HTTP/1.1 403 Forbidden"
[2026-09-26 19:04:48,443][INFO|_client.py-_send_single_request:1025] >> HTTP Request: GET http://testserver/data/other "HTTP/1.1 403 Forbidden"
[2026-09-26 19:04:48,446][INFO|_client.py-_send_single_request:1025] >> HTTP Request: GET http://testserver/data/parking "HTTP/1.1 403 Forbidden"
[2026-09-26 19:04:48,449][INFO|_client.py-_send_single_request:1025] >> HTTP Request: GET http://testserver/data/traffic "HTTP/1.1 403 Forbidden"
[2026-09-26 19:04:48,455][INFO|_client.py-_send_single_request:1025] >> HTTP Request: GET http://testserver/db-editor "HTTP/1.1 403 Forbidden"
[2026-09-26 19:04:48,462][INFO|_client.py-_send_single_request:1025] >> HTTP Request: GET http://testserver/db-editor/category/record_id "HTTP/1.1 403 Forbidden"
[2026-09-26 19:04:48,466][INFO|_client.py-_send_single_request:1025] >> HTTP Request: GET http://testserver/devices/ "HTTP/1.1 403 Forbidden"
[2026-09-26 19:04:48,470][INFO|_client.py-_send_single_request:1025] >> HTTP Request: GET http://testserver/devices/connected-clients "HTTP/1.1 403 Forbidden"
[2026-09-26 19:04:48,473][INFO|_client.py-_send_single_request:1025] >> HTTP Request: GET http://testserver/duplicates/manage "HTTP/1.1 403 Forbidden"
[2026-09-26 19:04:48,476][INFO|_client.py-_send_single_request:1025] >> HTTP Request: GET http://testserver/file-browser "HTTP/1.1 403 Forbidden"
[2026-09-26 19:04:48,480][INFO|_client.py-_send_single_request:1025] >> HTTP Request: GET http://testserver/file-browser/download "HTTP/1.1 403 Forbidden"
[2026-09-26 19:04:48,484][INFO|_client.py-_send_single_request:1025] >> HTTP Request: GET http://testserver/maintenance/status "HTTP/1.1 403 Forbidden"
[2026-09-26 19:04:48,488][INFO|_client.py-_send_single_request:1025] >> HTTP Request: GET http://testserver/media/proxy "HTTP/1.1 403 Forbidden"
[2026-09-26 19:04:48,493][INFO|_client.py-_send_single_request:1025] >> HTTP Request: GET http://testserver/media/status "HTTP/1.1 403 Forbidden"
[2026-09-26 19:04:48,498][INFO|_client.py-_send_single_request:1025] >> HTTP Request: GET http://testserver/rating/ "HTTP/1.1 403 Forbidden"
[2026-09-26 19:04:48,504][INFO|_client.py-_send_single_request:1025] >> HTTP Request: GET http://testserver/settings/ "HTTP/1.1 403 Forbidden"
[2026-09-26 19:04:48,507][INFO|_client.py-_send_single_request:1025] >> HTTP Request: GET http://testserver/settings/admin "HTTP/1.1 403 Forbidden"
[2026-09-26 19:04:48,512][INFO|_client.py-_send_single_request:1025] >> HTTP Request: GET http://testserver/stats "HTTP/1.1 403 Forbidden"
[2026-09-26 19:04:48,515][INFO|_client.py-_send_single_request:1025] >> HTTP Request: GET http://testserver/stats/map "HTTP/1.1 403 Forbidden"
[2026-09-26 19:04:48,521][INFO|_client.py-_send_single_request:1025] >> HTTP Request: GET http://testserver/stats/map/missing "HTTP/1.1 403 Forbidden"
[2026-09-26 19:04:48,524][INFO|_client.py-_send_single_request:1025] >> HTTP Request: GET http://testserver/stats/map/progress "HTTP/1.1 403 Forbidden"
[2026-09-26 19:04:48,534][INFO|_client.py-_send_single_request:1025] >> HTTP Request: GET http://testserver/sunwi/download/all "HTTP/1.1 403 Forbidden"
[2026-09-26 19:04:48,538][INFO|_client.py-_send_single_request:1025] >> HTTP Request: GET http://testserver/sunwi/download/top5 "HTTP/1.1 403 Forbidden"
[2026-09-26 19:04:48,542][INFO|_client.py-_send_single_request:1025] >> HTTP Request: GET http://testserver/sunwi/payload "HTTP/1.1 403 Forbidden"
[2026-09-26 19:04:48,545][INFO|_client.py-_send_single_request:1025] >> HTTP Request: GET http://testserver/version/latest "HTTP/1.1 403 Forbidden"
[2026-09-26 19:04:48,549][INFO|_client.py-_send_single_request:1025] >> HTTP Request: GET http://testserver/watchlist/ "HTTP/1.1 403 Forbidden"
[2026-09-26 19:04:48,557][INFO|_client.py-_send_single_request:1025] >> HTTP Request: POST http://testserver/api/v1/community/upload/run "HTTP/1.1 403 Forbidden"
[2026-09-26 19:04:48,564][INFO|_client.py-_send_single_request:1025] >> HTTP Request: POST http://testserver/api/v1/crawl/enqueue "HTTP/1.1 403 Forbidden"
[2026-09-26 19:04:48,568][INFO|_client.py-_send_single_request:1025] >> HTTP Request: POST http://testserver/api/v1/crawl/kill "HTTP/1.1 403 Forbidden"
[2026-09-26 19:04:48,576][INFO|_client.py-_send_single_request:1025] >> HTTP Request: POST http://testserver/api/v1/crawl/resume "HTTP/1.1 403 Forbidden"
[2026-09-26 19:04:48,586][INFO|_client.py-_send_single_request:1025] >> HTTP Request: POST http://testserver/api/v1/crawl/start "HTTP/1.1 403 Forbidden"
[2026-09-26 19:04:48,590][INFO|_client.py-_send_single_request:1025] >> HTTP Request: POST http://testserver/api/v1/duplicates/groups/bulk-status "HTTP/1.1 403 Forbidden"
[2026-09-26 19:04:48,594][INFO|_client.py-_send_single_request:1025] >> HTTP Request: POST http://testserver/api/v1/duplicates/groups/group_id "HTTP/1.1 403 Forbidden"
[2026-09-26 19:04:48,598][INFO|_client.py-_send_single_request:1025] >> HTTP Request: POST http://testserver/api/v1/editor/category/record_id "HTTP/1.1 403 Forbidden"
[2026-09-26 19:04:48,601][INFO|_client.py-_send_single_request:1025] >> HTTP Request: POST http://testserver/api/v1/files/delete-multi "HTTP/1.1 403 Forbidden"
[2026-09-26 19:04:48,605][INFO|_client.py-_send_single_request:1025] >> HTTP Request: POST http://testserver/api/v1/files/download-multi "HTTP/1.1 403 Forbidden"
[2026-09-26 19:04:48,611][INFO|_client.py-_send_single_request:1025] >> HTTP Request: POST http://testserver/api/v1/rating/start "HTTP/1.1 403 Forbidden"
[2026-09-26 19:04:48,622][INFO|_client.py-_send_single_request:1025] >> HTTP Request: POST http://testserver/api/v1/settings "HTTP/1.1 403 Forbidden"
[2026-09-26 19:04:48,626][INFO|_client.py-_send_single_request:1025] >> HTTP Request: POST http://testserver/api/v1/settings/db/upload "HTTP/1.1 403 Forbidden"
[2026-09-26 19:04:48,629][INFO|_client.py-_send_single_request:1025] >> HTTP Request: POST http://testserver/api/v1/sunwi/export/kind "HTTP/1.1 403 Forbidden"
[2026-09-26 19:04:48,632][INFO|_client.py-_send_single_request:1025] >> HTTP Request: POST http://testserver/api/v1/watchlist "HTTP/1.1 403 Forbidden"
[2026-09-26 19:04:48,636][INFO|_client.py-_send_single_request:1025] >> HTTP Request: POST http://testserver/backup/upload "HTTP/1.1 403 Forbidden"
[2026-09-26 19:04:48,638][INFO|_client.py-_send_single_request:1025] >> HTTP Request: POST http://testserver/change-admin "HTTP/1.1 403 Forbidden"
[2026-09-26 19:04:48,644][INFO|_client.py-_send_single_request:1025] >> HTTP Request: POST http://testserver/community/upload/reshare "HTTP/1.1 403 Forbidden"
[2026-09-26 19:04:48,652][INFO|_client.py-_send_single_request:1025] >> HTTP Request: POST http://testserver/community/upload/run "HTTP/1.1 403 Forbidden"
[2026-09-26 19:04:48,655][INFO|_client.py-_send_single_request:1025] >> HTTP Request: POST http://testserver/crawl/enqueue-selected "HTTP/1.1 403 Forbidden"
[2026-09-26 19:04:48,659][INFO|_client.py-_send_single_request:1025] >> HTTP Request: POST http://testserver/crawl/export/excel "HTTP/1.1 403 Forbidden"
[2026-09-26 19:04:48,662][INFO|_client.py-_send_single_request:1025] >> HTTP Request: POST http://testserver/crawl/export/sheet "HTTP/1.1 403 Forbidden"
[2026-09-26 19:04:48,665][INFO|_client.py-_send_single_request:1025] >> HTTP Request: POST http://testserver/crawl/kill "HTTP/1.1 403 Forbidden"
[2026-09-26 19:04:48,668][INFO|_client.py-_send_single_request:1025] >> HTTP Request: POST http://testserver/crawl/start "HTTP/1.1 403 Forbidden"
[2026-09-26 19:04:48,671][INFO|_client.py-_send_single_request:1025] >> HTTP Request: POST http://testserver/db-editor/category/record_id "HTTP/1.1 403 Forbidden"
[2026-09-26 19:04:48,674][INFO|_client.py-_send_single_request:1025] >> HTTP Request: POST http://testserver/devices/api-keys/create "HTTP/1.1 403 Forbidden"
[2026-09-26 19:04:48,678][INFO|_client.py-_send_single_request:1025] >> HTTP Request: POST http://testserver/devices/api-keys/delete "HTTP/1.1 403 Forbidden"
[2026-09-26 19:04:48,681][INFO|_client.py-_send_single_request:1025] >> HTTP Request: POST http://testserver/duplicates/manage/bulk-status "HTTP/1.1 403 Forbidden"
[2026-09-26 19:04:48,689][INFO|_client.py-_send_single_request:1025] >> HTTP Request: POST http://testserver/duplicates/manage/refresh "HTTP/1.1 403 Forbidden"
[2026-09-26 19:04:48,693][INFO|_client.py-_send_single_request:1025] >> HTTP Request: POST http://testserver/duplicates/manage/group_id/update "HTTP/1.1 403 Forbidden"
[2026-09-26 19:04:48,697][INFO|_client.py-_send_single_request:1025] >> HTTP Request: POST http://testserver/file-browser/delete-all "HTTP/1.1 403 Forbidden"
[2026-09-26 19:04:48,700][INFO|_client.py-_send_single_request:1025] >> HTTP Request: POST http://testserver/file-browser/delete-multi "HTTP/1.1 403 Forbidden"
[2026-09-26 19:04:48,704][INFO|_client.py-_send_single_request:1025] >> HTTP Request: POST http://testserver/file-browser/download-multi "HTTP/1.1 403 Forbidden"
[2026-09-26 19:04:48,707][INFO|_client.py-_send_single_request:1025] >> HTTP Request: POST http://testserver/media/prepare "HTTP/1.1 403 Forbidden"
[2026-09-26 19:04:48,711][INFO|_client.py-_send_single_request:1025] >> HTTP Request: POST http://testserver/rating/start "HTTP/1.1 403 Forbidden"
[2026-09-26 19:04:48,715][INFO|_client.py-_send_single_request:1025] >> HTTP Request: POST http://testserver/settings/community/rebuild/accept-gaps "HTTP/1.1 403 Forbidden"
[2026-09-26 19:04:48,722][INFO|_client.py-_send_single_request:1025] >> HTTP Request: POST http://testserver/settings/save "HTTP/1.1 403 Forbidden"
[2026-09-26 19:04:48,728][INFO|_client.py-_send_single_request:1025] >> HTTP Request: POST http://testserver/settings/upload_json "HTTP/1.1 403 Forbidden"
[2026-09-26 19:04:48,732][INFO|_client.py-_send_single_request:1025] >> HTTP Request: POST http://testserver/watchlist/add "HTTP/1.1 403 Forbidden"
[2026-09-26 19:04:48,736][INFO|_client.py-_send_single_request:1025] >> HTTP Request: POST http://testserver/watchlist/remove "HTTP/1.1 403 Forbidden"
..[2026-09-26 19:04:49,803][INFO|_client.py-_send_single_request:1025] >> HTTP Request: POST http://testserver/login "HTTP/1.1 303 See Other"
[2026-09-26 19:04:49,809][INFO|_client.py-_send_single_request:1025] >> HTTP Request: GET http://testserver/onboarding/community "HTTP/1.1 200 OK"
[2026-09-26 19:04:49,812][INFO|_client.py-_send_single_request:1025] >> HTTP Request: GET http://testserver/stats?law=all "HTTP/1.1 302 Found"
[2026-09-26 19:04:49,820][INFO|_client.py-_send_single_request:1025] >> HTTP Request: GET http://testserver/settings/ "HTTP/1.1 403 Forbidden"
[2026-09-26 19:04:49,823][INFO|_client.py-_send_single_request:1025] >> HTTP Request: POST http://testserver/crawl/start "HTTP/1.1 403 Forbidden"
[2026-09-26 19:04:49,832][INFO|_client.py-_send_single_request:1025] >> HTTP Request: GET http://testserver/onboarding/community "HTTP/1.1 200 OK"
[2026-09-26 19:04:49,838][INFO|_client.py-_send_single_request:1025] >> HTTP Request: GET http://testserver/settings/community/status "HTTP/1.1 200 OK"
[2026-09-26 19:04:49,843][INFO|_client.py-_send_single_request:1025] >> HTTP Request: GET http://testserver/settings/community/policy "HTTP/1.1 200 OK"
[2026-09-26 19:04:49,889][INFO|_client.py-_send_single_request:1025] >> HTTP Request: GET http://testserver/settings/community/gate "HTTP/1.1 200 OK"
[2026-09-26 19:04:49,900][INFO|_client.py-_send_single_request:1025] >> HTTP Request: GET http://testserver/health "HTTP/1.1 200 OK"
/home/better0101/projects/safetyreport/.venv/lib/python3.14/site-packages/fastapi/routing.py:406: ResourceWarning: unclosed database in <sqlite3.Connection object at 0x76be8462af20>
  async def app(request: Request) -> Response:
ResourceWarning: Enable tracemalloc to get the object allocation traceback
[2026-09-26 19:04:49,910][INFO|_client.py-_send_single_request:1025] >> HTTP Request: GET http://testserver/settings/community/policy "HTTP/1.1 200 OK"
.[2026-09-26 19:04:50,296][INFO|_client.py-_send_single_request:1025] >> HTTP Request: POST http://testserver/login "HTTP/1.1 303 See Other"
[2026-09-26 19:04:50,303][INFO|_client.py-_send_single_request:1025] >> HTTP Request: GET http://testserver/onboarding/community "HTTP/1.1 200 OK"
[2026-09-26 19:04:50,332][INFO|community_auth_service.py-start:465] >> [community] 연결 요청을 만들었습니다(pc).
[2026-09-26 19:04:50,374][INFO|community_auth_service.py-_handle_code:663] >> [community] 로그인 결과를 받았습니다. 관리자 확인을 기다립니다.
[2026-09-26 19:04:50,392][INFO|community_auth_service.py-confirm:744] >> [community] 커뮤니티 계정을 이 서버에 연결했습니다.
[2026-09-26 19:04:50,507][INFO|_client.py-_send_single_request:1025] >> HTTP Request: GET http://testserver/settings/ "HTTP/1.1 200 OK"
[2026-09-26 19:04:50,524][INFO|community_auth_service.py-disconnect:826] >> [community] 커뮤니티 계정 연결을 해제했습니다(서버 로그아웃 확인: True).
[2026-09-26 19:04:50,527][INFO|_client.py-_send_single_request:1025] >> HTTP Request: POST http://testserver/settings/community/disconnect "HTTP/1.1 200 OK"
[2026-09-26 19:04:50,532][INFO|_client.py-_send_single_request:1025] >> HTTP Request: GET http://testserver/settings/ "HTTP/1.1 302 Found"
.[2026-09-26 19:04:51,031][INFO|_client.py-_send_single_request:1025] >> HTTP Request: GET http://testserver/media/proxy?url=https://example.invalid/a.jpg "HTTP/1.1 401 Unauthorized"
[2026-09-26 19:04:51,035][INFO|_client.py-_send_single_request:1025] >> HTTP Request: GET http://testserver/media/proxy?url=https://example.invalid/a.jpg "HTTP/1.1 403 Forbidden"
../home/better0101/projects/safetyreport/.venv/lib/python3.14/site-packages/starlette/_exception_handler.py:31: ResourceWarning: unclosed database in <sqlite3.Connection object at 0x76be8456ce50>
  async def wrapped_app(scope: Scope, receive: Receive, send: Send) -> None:
ResourceWarning: Enable tracemalloc to get the object allocation traceback
/home/better0101/projects/safetyreport/.venv/lib/python3.14/site-packages/starlette/_exception_handler.py:31: ResourceWarning: unclosed database in <sqlite3.Connection object at 0x76be843f1990>
  async def wrapped_app(scope: Scope, receive: Receive, send: Send) -> None:
ResourceWarning: Enable tracemalloc to get the object allocation traceback
/home/better0101/projects/safetyreport/.venv/lib/python3.14/site-packages/starlette/_exception_handler.py:31: ResourceWarning: unclosed database in <sqlite3.Connection object at 0x76be843f13f0>
  async def wrapped_app(scope: Scope, receive: Receive, send: Send) -> None:
ResourceWarning: Enable tracemalloc to get the object allocation traceback
[2026-09-26 19:04:52,171][INFO|_client.py-_send_single_request:1025] >> HTTP Request: POST http://testserver/login "HTTP/1.1 303 See Other"
[2026-09-26 19:04:52,177][INFO|_client.py-_send_single_request:1025] >> HTTP Request: GET http://testserver/onboarding/community "HTTP/1.1 200 OK"
[2026-09-26 19:04:52,193][INFO|community_auth_service.py-start:465] >> [community] 연결 요청을 만들었습니다(pc).
[2026-09-26 19:04:52,210][INFO|community_auth_service.py-_handle_code:663] >> [community] 로그인 결과를 받았습니다. 관리자 확인을 기다립니다.
[2026-09-26 19:04:52,221][INFO|community_auth_service.py-confirm:744] >> [community] 커뮤니티 계정을 이 서버에 연결했습니다.
[2026-09-26 19:04:52,302][INFO|_client.py-_send_single_request:1025] >> HTTP Request: POST http://testserver/crawl/start "HTTP/1.1 409 Conflict"
[2026-09-26 19:04:52,310][INFO|_client.py-_send_single_request:1025] >> HTTP Request: POST http://testserver/api/v1/crawl/enqueue "HTTP/1.1 409 Conflict"
[2026-09-26 19:04:52,320][INFO|_client.py-_send_single_request:1025] >> HTTP Request: POST http://testserver/crawl/start "HTTP/1.1 200 OK"
/usr/lib/python3.14/asyncio/locks.py:168: ResourceWarning: unclosed database in <sqlite3.Connection object at 0x76be843f2020>
  self._waiters = collections.deque()
ResourceWarning: Enable tracemalloc to get the object allocation traceback
[2026-09-26 19:04:52,335][INFO|_client.py-_send_single_request:1025] >> HTTP Request: POST http://testserver/crawl/start "HTTP/1.1 403 Forbidden"
.[2026-09-26 19:04:52,974][INFO|_client.py-_send_single_request:1025] >> HTTP Request: POST http://testserver/login "HTTP/1.1 303 See Other"
[2026-09-26 19:04:52,981][INFO|_client.py-_send_single_request:1025] >> HTTP Request: GET http://testserver/onboarding/community "HTTP/1.1 200 OK"
[2026-09-26 19:04:53,004][INFO|community_auth_service.py-start:465] >> [community] 연결 요청을 만들었습니다(pc).
[2026-09-26 19:04:53,051][INFO|community_auth_service.py-_handle_code:663] >> [community] 로그인 결과를 받았습니다. 관리자 확인을 기다립니다.
[2026-09-26 19:04:53,062][INFO|community_auth_service.py-confirm:744] >> [community] 커뮤니티 계정을 이 서버에 연결했습니다.
[2026-09-26 19:04:53,109][INFO|_client.py-_send_single_request:1025] >> HTTP Request: POST http://testserver/settings/community/confirm "HTTP/1.1 200 OK"
[2026-09-26 19:04:53,115][INFO|_client.py-_send_single_request:1025] >> HTTP Request: POST http://testserver/settings/community/consent "HTTP/1.1 400 Bad Request"
[2026-09-26 19:04:53,121][INFO|_client.py-_send_single_request:1025] >> HTTP Request: POST http://testserver/settings/community/consent "HTTP/1.1 400 Bad Request"
[2026-09-26 19:04:53,124][INFO|_client.py-_send_single_request:1025] >> HTTP Request: POST http://testserver/settings/community/consent "HTTP/1.1 403 Forbidden"
/home/better0101/projects/safetyreport/.venv/lib/python3.14/site-packages/fastapi/routing.py:121: ResourceWarning: unclosed database in <sqlite3.Connection object at 0x76beb79a5030>
  def request_response(
ResourceWarning: Enable tracemalloc to get the object allocation traceback
/home/better0101/projects/safetyreport/.venv/lib/python3.14/site-packages/fastapi/routing.py:121: ResourceWarning: unclosed database in <sqlite3.Connection object at 0x76be857c6e30>
  def request_response(
ResourceWarning: Enable tracemalloc to get the object allocation traceback
/home/better0101/projects/safetyreport/.venv/lib/python3.14/site-packages/fastapi/routing.py:121: ResourceWarning: unclosed database in <sqlite3.Connection object at 0x76be857c7b50>
  def request_response(
ResourceWarning: Enable tracemalloc to get the object allocation traceback
/home/better0101/projects/safetyreport/.venv/lib/python3.14/site-packages/fastapi/routing.py:121: ResourceWarning: unclosed database in <sqlite3.Connection object at 0x76be8456f100>
  def request_response(
ResourceWarning: Enable tracemalloc to get the object allocation traceback
/home/better0101/projects/safetyreport/.venv/lib/python3.14/site-packages/fastapi/routing.py:121: ResourceWarning: unclosed database in <sqlite3.Connection object at 0x76be8456f5b0>
  def request_response(
ResourceWarning: Enable tracemalloc to get the object allocation traceback
/home/better0101/projects/safetyreport/.venv/lib/python3.14/site-packages/fastapi/routing.py:121: ResourceWarning: unclosed database in <sqlite3.Connection object at 0x76be8456cd60>
  def request_response(
ResourceWarning: Enable tracemalloc to get the object allocation traceback
/home/better0101/projects/safetyreport/.venv/lib/python3.14/site-packages/fastapi/routing.py:121: ResourceWarning: unclosed database in <sqlite3.Connection object at 0x76be8462bf10>
  def request_response(
ResourceWarning: Enable tracemalloc to get the object allocation traceback
[2026-09-26 19:04:53,158][INFO|_client.py-_send_single_request:1025] >> HTTP Request: POST http://testserver/settings/community/consent "HTTP/1.1 200 OK"
[2026-09-26 19:04:53,201][INFO|_client.py-_send_single_request:1025] >> HTTP Request: GET http://testserver/settings/ "HTTP/1.1 200 OK"
/home/better0101/projects/safetyreport/.venv/lib/python3.14/site-packages/pandas/core/indexes/base.py:3645: ResourceWarning: unclosed database in <sqlite3.Connection object at 0x76be8462a110>
  and any(isinstance(x, slice) for x in casted_key)
ResourceWarning: Enable tracemalloc to get the object allocation traceback
[2026-09-26 19:04:53,231][INFO|_client.py-_send_single_request:1025] >> HTTP Request: GET http://testserver/api/v1/summary "HTTP/1.1 200 OK"
[2026-09-26 19:04:53,256][INFO|_client.py-_send_single_request:1025] >> HTTP Request: POST http://testserver/settings/community/consent-revoke "HTTP/1.1 200 OK"
[2026-09-26 19:04:53,263][INFO|_client.py-_send_single_request:1025] >> HTTP Request: GET http://testserver/settings/ "HTTP/1.1 302 Found"
.[2026-09-26 19:04:53,907][INFO|_client.py-_send_single_request:1025] >> HTTP Request: POST http://testserver/login "HTTP/1.1 303 See Other"
[2026-09-26 19:04:53,915][INFO|_client.py-_send_single_request:1025] >> HTTP Request: GET http://testserver/onboarding/community "HTTP/1.1 200 OK"
.[2026-09-26 19:04:54,277][INFO|community_auth_service.py-start:465] >> [community] 연결 요청을 만들었습니다(pc).
[2026-09-26 19:04:54,322][INFO|community_auth_service.py-_handle_code:663] >> [community] 로그인 결과를 받았습니다. 관리자 확인을 기다립니다.
[2026-09-26 19:04:54,326][INFO|community_auth_service.py-confirm:744] >> [community] 커뮤니티 계정을 이 서버에 연결했습니다.
.[2026-09-26 19:04:54,913][INFO|community_auth_service.py-start:465] >> [community] 연결 요청을 만들었습니다(pc).
[2026-09-26 19:04:54,929][INFO|community_auth_service.py-_handle_code:663] >> [community] 로그인 결과를 받았습니다. 관리자 확인을 기다립니다.
[2026-09-26 19:04:54,949][INFO|community_auth_service.py-confirm:744] >> [community] 커뮤니티 계정을 이 서버에 연결했습니다.
.[2026-09-26 19:04:55,529][INFO|community_auth_service.py-start:465] >> [community] 연결 요청을 만들었습니다(pc).
[2026-09-26 19:04:55,544][INFO|community_auth_service.py-_handle_code:663] >> [community] 로그인 결과를 받았습니다. 관리자 확인을 기다립니다.
[2026-09-26 19:04:56,080][INFO|community_auth_service.py-confirm:744] >> [community] 커뮤니티 계정을 이 서버에 연결했습니다.
.[2026-09-26 19:04:56,691][INFO|community_auth_service.py-start:465] >> [community] 연결 요청을 만들었습니다(pc).
[2026-09-26 19:04:56,711][INFO|community_auth_service.py-_handle_code:663] >> [community] 로그인 결과를 받았습니다. 관리자 확인을 기다립니다.
[2026-09-26 19:04:56,720][INFO|community_auth_service.py-confirm:744] >> [community] 커뮤니티 계정을 이 서버에 연결했습니다.
.[2026-09-26 19:04:57,248][INFO|community_auth_service.py-start:465] >> [community] 연결 요청을 만들었습니다(pc).
[2026-09-26 19:04:57,266][INFO|community_auth_service.py-_handle_code:663] >> [community] 로그인 결과를 받았습니다. 관리자 확인을 기다립니다.
[2026-09-26 19:04:57,279][INFO|community_auth_service.py-confirm:744] >> [community] 커뮤니티 계정을 이 서버에 연결했습니다.
[2026-09-26 19:04:57,336][INFO|community_auth_service.py-disconnect:826] >> [community] 커뮤니티 계정 연결을 해제했습니다(서버 로그아웃 확인: True).
[2026-09-26 19:04:57,350][INFO|community_auth_service.py-start:465] >> [community] 연결 요청을 만들었습니다(pc).
[2026-09-26 19:04:57,365][INFO|community_auth_service.py-_handle_code:663] >> [community] 로그인 결과를 받았습니다. 관리자 확인을 기다립니다.
[2026-09-26 19:04:57,382][INFO|community_auth_service.py-confirm:744] >> [community] 커뮤니티 계정을 이 서버에 연결했습니다.
.[2026-09-26 19:04:57,905][INFO|community_auth_service.py-start:465] >> [community] 연결 요청을 만들었습니다(pc).
[2026-09-26 19:04:57,947][INFO|community_auth_service.py-_handle_code:663] >> [community] 로그인 결과를 받았습니다. 관리자 확인을 기다립니다.
[2026-09-26 19:04:57,959][INFO|community_auth_service.py-confirm:744] >> [community] 커뮤니티 계정을 이 서버에 연결했습니다.
../home/better0101/projects/safetyreport/.venv/lib/python3.14/site-packages/requests/structures.py:71: ResourceWarning: unclosed database in <sqlite3.Connection object at 0x76beb79a5030>
  return (casedkey for casedkey, _ in self._store.values())
ResourceWarning: Enable tracemalloc to get the object allocation traceback
/home/better0101/projects/safetyreport/.venv/lib/python3.14/site-packages/requests/structures.py:71: ResourceWarning: unclosed database in <sqlite3.Connection object at 0x76be8462a4d0>
  return (casedkey for casedkey, _ in self._store.values())
ResourceWarning: Enable tracemalloc to get the object allocation traceback
/home/better0101/projects/safetyreport/.venv/lib/python3.14/site-packages/requests/structures.py:71: ResourceWarning: unclosed database in <sqlite3.Connection object at 0x76be84629120>
  return (casedkey for casedkey, _ in self._store.values())
ResourceWarning: Enable tracemalloc to get the object allocation traceback
/home/better0101/projects/safetyreport/.venv/lib/python3.14/site-packages/requests/structures.py:71: ResourceWarning: unclosed database in <sqlite3.Connection object at 0x76be843f14e0>
  return (casedkey for casedkey, _ in self._store.values())
ResourceWarning: Enable tracemalloc to get the object allocation traceback
/home/better0101/projects/safetyreport/.venv/lib/python3.14/site-packages/requests/structures.py:71: ResourceWarning: unclosed database in <sqlite3.Connection object at 0x76be843f04f0>
  return (casedkey for casedkey, _ in self._store.values())
ResourceWarning: Enable tracemalloc to get the object allocation traceback
/home/better0101/projects/safetyreport/.venv/lib/python3.14/site-packages/requests/structures.py:71: ResourceWarning: unclosed database in <sqlite3.Connection object at 0x76be843f1d50>
  return (casedkey for casedkey, _ in self._store.values())
ResourceWarning: Enable tracemalloc to get the object allocation traceback
/home/better0101/projects/safetyreport/.venv/lib/python3.14/site-packages/requests/structures.py:71: ResourceWarning: unclosed database in <sqlite3.Connection object at 0x76be843f1e40>
  return (casedkey for casedkey, _ in self._store.values())
ResourceWarning: Enable tracemalloc to get the object allocation traceback
/home/better0101/projects/safetyreport/.venv/lib/python3.14/site-packages/requests/structures.py:71: ResourceWarning: unclosed database in <sqlite3.Connection object at 0x76be843f2020>
  return (casedkey for casedkey, _ in self._store.values())
ResourceWarning: Enable tracemalloc to get the object allocation traceback
/home/better0101/projects/safetyreport/.venv/lib/python3.14/site-packages/requests/structures.py:71: ResourceWarning: unclosed database in <sqlite3.Connection object at 0x76be843f2c50>
  return (casedkey for casedkey, _ in self._store.values())
ResourceWarning: Enable tracemalloc to get the object allocation traceback
[2026-09-26 19:04:59,047][INFO|community_auth_service.py-start:465] >> [community] 연결 요청을 만들었습니다(pc).
[2026-09-26 19:04:59,063][INFO|community_auth_service.py-_handle_code:663] >> [community] 로그인 결과를 받았습니다. 관리자 확인을 기다립니다.
[2026-09-26 19:04:59,073][INFO|community_auth_service.py-confirm:744] >> [community] 커뮤니티 계정을 이 서버에 연결했습니다.
.[2026-09-26 19:04:59,599][INFO|community_auth_service.py-start:465] >> [community] 연결 요청을 만들었습니다(pc).
[2026-09-26 19:04:59,648][INFO|community_auth_service.py-_handle_code:663] >> [community] 로그인 결과를 받았습니다. 관리자 확인을 기다립니다.
[2026-09-26 19:04:59,653][INFO|community_auth_service.py-confirm:744] >> [community] 커뮤니티 계정을 이 서버에 연결했습니다.
.[2026-09-26 19:05:00,251][INFO|community_auth_service.py-start:465] >> [community] 연결 요청을 만들었습니다(pc).
[2026-09-26 19:05:00,289][INFO|community_auth_service.py-_handle_code:663] >> [community] 로그인 결과를 받았습니다. 관리자 확인을 기다립니다.
[2026-09-26 19:05:00,303][INFO|community_auth_service.py-confirm:744] >> [community] 커뮤니티 계정을 이 서버에 연결했습니다.
[2026-09-26 19:05:00,358][INFO|community_auth_service.py-disconnect:826] >> [community] 커뮤니티 계정 연결을 해제했습니다(서버 로그아웃 확인: True).
[2026-09-26 19:05:00,372][INFO|community_auth_service.py-start:465] >> [community] 연결 요청을 만들었습니다(pc).
[2026-09-26 19:05:00,413][INFO|community_auth_service.py-_handle_code:663] >> [community] 로그인 결과를 받았습니다. 관리자 확인을 기다립니다.
[2026-09-26 19:05:00,428][INFO|community_auth_service.py-confirm:744] >> [community] 커뮤니티 계정을 이 서버에 연결했습니다.
.[2026-09-26 19:05:00,964][INFO|community_auth_service.py-start:465] >> [community] 연결 요청을 만들었습니다(pc).
[2026-09-26 19:05:00,983][INFO|community_auth_service.py-_handle_code:663] >> [community] 로그인 결과를 받았습니다. 관리자 확인을 기다립니다.
[2026-09-26 19:05:00,992][INFO|community_auth_service.py-confirm:744] >> [community] 커뮤니티 계정을 이 서버에 연결했습니다.
.[2026-09-26 19:05:01,585][INFO|community_auth_service.py-start:465] >> [community] 연결 요청을 만들었습니다(pc).
[2026-09-26 19:05:01,629][INFO|community_auth_service.py-_handle_code:663] >> [community] 로그인 결과를 받았습니다. 관리자 확인을 기다립니다.
[2026-09-26 19:05:01,640][INFO|community_auth_service.py-confirm:744] >> [community] 커뮤니티 계정을 이 서버에 연결했습니다.
.[2026-09-26 19:05:02,206][INFO|community_auth_service.py-start:465] >> [community] 연결 요청을 만들었습니다(pc).
[2026-09-26 19:05:02,244][INFO|community_auth_service.py-_handle_code:663] >> [community] 로그인 결과를 받았습니다. 관리자 확인을 기다립니다.
[2026-09-26 19:05:02,264][INFO|community_auth_service.py-confirm:744] >> [community] 커뮤니티 계정을 이 서버에 연결했습니다.
.[2026-09-26 19:05:02,788][INFO|community_auth_service.py-start:465] >> [community] 연결 요청을 만들었습니다(pc).
[2026-09-26 19:05:02,804][INFO|community_auth_service.py-_handle_code:663] >> [community] 로그인 결과를 받았습니다. 관리자 확인을 기다립니다.
[2026-09-26 19:05:02,821][INFO|community_auth_service.py-confirm:744] >> [community] 커뮤니티 계정을 이 서버에 연결했습니다.
..s...WARNING: COMMUNITY_SUPABASE_URL/COMMUNITY_PUBLISHABLE_KEY 없음 — 공개 설정을 번들하지 않습니다.
[2026-09-26 19:05:03,386][INFO|database.py-upgrade_schema:285] >> 테이블 'admin_users' 생성 중...
[2026-09-26 19:05:03,389][INFO|database.py-upgrade_schema:285] >> 테이블 'api_keys' 생성 중...
[2026-09-26 19:05:03,391][INFO|database.py-upgrade_schema:285] >> 테이블 'mysafety' 생성 중...
[2026-09-26 19:05:03,393][INFO|database.py-upgrade_schema:285] >> 테이블 'mysafety_change_cursor' 생성 중...
[2026-09-26 19:05:03,395][INFO|database.py-upgrade_schema:285] >> 테이블 'mysafety_change_log' 생성 중...
[2026-09-26 19:05:03,397][INFO|database.py-upgrade_schema:285] >> 테이블 'mysafety_duplicate_decision' 생성 중...
[2026-09-26 19:05:03,401][INFO|database.py-upgrade_schema:285] >> 테이블 'mysafety_duplicate_group' 생성 중...
[2026-09-26 19:05:03,403][INFO|database.py-upgrade_schema:285] >> 테이블 'mysafety_duplicate_member' 생성 중...
[2026-09-26 19:05:03,404][INFO|database.py-upgrade_schema:285] >> 테이블 'mysafety_entry_value' 생성 중...
[2026-09-26 19:05:03,409][INFO|database.py-upgrade_schema:285] >> 테이블 'mysafety_geocode_cache' 생성 중...
[2026-09-26 19:05:03,412][INFO|database.py-upgrade_schema:285] >> 테이블 'mysafety_raw_content' 생성 중...
[2026-09-26 19:05:03,414][INFO|database.py-upgrade_schema:285] >> 테이블 'mysafety_report_override' 생성 중...
[2026-09-26 19:05:03,416][INFO|database.py-upgrade_schema:285] >> 테이블 'mysafety_sync_meta' 생성 중...
[2026-09-26 19:05:03,418][INFO|database.py-upgrade_schema:285] >> 테이블 'mysafety_watchlist' 생성 중...
[2026-09-26 19:05:03,419][INFO|database.py-upgrade_schema:285] >> 테이블 'mysafetydetail_other' 생성 중...
[2026-09-26 19:05:03,421][INFO|database.py-upgrade_schema:285] >> 테이블 'mysafetydetail_parking' 생성 중...
[2026-09-26 19:05:03,423][INFO|database.py-upgrade_schema:285] >> 테이블 'mysafetydetail_traffic' 생성 중...
[2026-09-26 19:05:03,425][INFO|database.py-upgrade_schema:285] >> 테이블 'mysafetymerge_other' 생성 중...
[2026-09-26 19:05:03,428][INFO|database.py-upgrade_schema:285] >> 테이블 'mysafetymerge_parking' 생성 중...
[2026-09-26 19:05:03,431][INFO|database.py-upgrade_schema:285] >> 테이블 'mysafetymerge_traffic' 생성 중...
[2026-09-26 19:05:03,435][INFO|database.py-_apply_versioned_migrations:452] >> [schema] DB 스키마 버전 1 적용
[2026-09-26 19:05:03,449][INFO|database.py-_apply_versioned_migrations:452] >> [schema] DB 스키마 버전 2 적용
[2026-09-26 19:05:03,452][INFO|database.py-_apply_versioned_migrations:452] >> [schema] DB 스키마 버전 3 적용
[2026-09-26 19:05:03,476][INFO|database.py-_apply_versioned_migrations:452] >> [schema] DB 스키마 버전 4 적용
<string>:0: ResourceWarning: unclosed database in <sqlite3.Connection object at 0x76be84597790>
ResourceWarning: Enable tracemalloc to get the object allocation traceback
<string>:0: ResourceWarning: unclosed database in <sqlite3.Connection object at 0x76be8462b010>
ResourceWarning: Enable tracemalloc to get the object allocation traceback
<string>:0: ResourceWarning: unclosed database in <sqlite3.Connection object at 0x76be8462aa70>
ResourceWarning: Enable tracemalloc to get the object allocation traceback
<string>:0: ResourceWarning: unclosed database in <sqlite3.Connection object at 0x76be8462be20>
ResourceWarning: Enable tracemalloc to get the object allocation traceback
<string>:0: ResourceWarning: unclosed database in <sqlite3.Connection object at 0x76be846287c0>
ResourceWarning: Enable tracemalloc to get the object allocation traceback
<string>:0: ResourceWarning: unclosed database in <sqlite3.Connection object at 0x76be843f1e40>
ResourceWarning: Enable tracemalloc to get the object allocation traceback
[2026-09-26 19:05:03,508][INFO|duplicate_group_service.py-_log_info:53] >> [duplicate] payload exact 중복군 0개, 멤버 0건 재생성
.[2026-09-26 19:05:03,573][INFO|database.py-upgrade_schema:285] >> 테이블 'admin_users' 생성 중...
[2026-09-26 19:05:03,576][INFO|database.py-upgrade_schema:285] >> 테이블 'api_keys' 생성 중...
[2026-09-26 19:05:03,578][INFO|database.py-upgrade_schema:285] >> 테이블 'mysafety' 생성 중...
[2026-09-26 19:05:03,579][INFO|database.py-upgrade_schema:285] >> 테이블 'mysafety_change_cursor' 생성 중...
[2026-09-26 19:05:03,581][INFO|database.py-upgrade_schema:285] >> 테이블 'mysafety_change_log' 생성 중...
[2026-09-26 19:05:03,582][INFO|database.py-upgrade_schema:285] >> 테이블 'mysafety_duplicate_decision' 생성 중...
[2026-09-26 19:05:03,584][INFO|database.py-upgrade_schema:285] >> 테이블 'mysafety_duplicate_group' 생성 중...
[2026-09-26 19:05:03,585][INFO|database.py-upgrade_schema:285] >> 테이블 'mysafety_duplicate_member' 생성 중...
[2026-09-26 19:05:03,587][INFO|database.py-upgrade_schema:285] >> 테이블 'mysafety_entry_value' 생성 중...
[2026-09-26 19:05:03,589][INFO|database.py-upgrade_schema:285] >> 테이블 'mysafety_geocode_cache' 생성 중...
[2026-09-26 19:05:03,591][INFO|database.py-upgrade_schema:285] >> 테이블 'mysafety_raw_content' 생성 중...
[2026-09-26 19:05:03,592][INFO|database.py-upgrade_schema:285] >> 테이블 'mysafety_report_override' 생성 중...
[2026-09-26 19:05:03,594][INFO|database.py-upgrade_schema:285] >> 테이블 'mysafety_sync_meta' 생성 중...
[2026-09-26 19:05:03,599][INFO|database.py-upgrade_schema:285] >> 테이블 'mysafety_watchlist' 생성 중...
[2026-09-26 19:05:03,601][INFO|database.py-upgrade_schema:285] >> 테이블 'mysafetydetail_other' 생성 중...
[2026-09-26 19:05:03,603][INFO|database.py-upgrade_schema:285] >> 테이블 'mysafetydetail_parking' 생성 중...
[2026-09-26 19:05:03,605][INFO|database.py-upgrade_schema:285] >> 테이블 'mysafetydetail_traffic' 생성 중...
[2026-09-26 19:05:03,610][INFO|database.py-upgrade_schema:285] >> 테이블 'mysafetymerge_other' 생성 중...
[2026-09-26 19:05:03,613][INFO|database.py-upgrade_schema:285] >> 테이블 'mysafetymerge_parking' 생성 중...
[2026-09-26 19:05:03,616][INFO|database.py-upgrade_schema:285] >> 테이블 'mysafetymerge_traffic' 생성 중...
[2026-09-26 19:05:03,620][INFO|database.py-_apply_versioned_migrations:452] >> [schema] DB 스키마 버전 1 적용
[2026-09-26 19:05:03,628][INFO|database.py-_apply_versioned_migrations:452] >> [schema] DB 스키마 버전 2 적용
[2026-09-26 19:05:03,633][INFO|database.py-_apply_versioned_migrations:452] >> [schema] DB 스키마 버전 3 적용
[2026-09-26 19:05:03,652][INFO|database.py-_apply_versioned_migrations:452] >> [schema] DB 스키마 버전 4 적용
[2026-09-26 19:05:03,680][INFO|duplicate_group_service.py-_log_info:53] >> [duplicate] payload exact 중복군 0개, 멤버 0건 재생성
.[2026-09-26 19:05:03,693][INFO|database.py-upgrade_schema:285] >> 테이블 'admin_users' 생성 중...
[2026-09-26 19:05:03,696][INFO|database.py-upgrade_schema:285] >> 테이블 'api_keys' 생성 중...
[2026-09-26 19:05:03,699][INFO|database.py-upgrade_schema:285] >> 테이블 'mysafety' 생성 중...
[2026-09-26 19:05:03,701][INFO|database.py-upgrade_schema:285] >> 테이블 'mysafety_change_cursor' 생성 중...
[2026-09-26 19:05:03,705][INFO|database.py-upgrade_schema:285] >> 테이블 'mysafety_change_log' 생성 중...
[2026-09-26 19:05:03,707][INFO|database.py-upgrade_schema:285] >> 테이블 'mysafety_duplicate_decision' 생성 중...
[2026-09-26 19:05:03,708][INFO|database.py-upgrade_schema:285] >> 테이블 'mysafety_duplicate_group' 생성 중...
[2026-09-26 19:05:03,711][INFO|database.py-upgrade_schema:285] >> 테이블 'mysafety_duplicate_member' 생성 중...
[2026-09-26 19:05:03,712][INFO|database.py-upgrade_schema:285] >> 테이블 'mysafety_entry_value' 생성 중...
[2026-09-26 19:05:03,714][INFO|database.py-upgrade_schema:285] >> 테이블 'mysafety_geocode_cache' 생성 중...
[2026-09-26 19:05:03,716][INFO|database.py-upgrade_schema:285] >> 테이블 'mysafety_raw_content' 생성 중...
[2026-09-26 19:05:03,717][INFO|database.py-upgrade_schema:285] >> 테이블 'mysafety_report_override' 생성 중...
[2026-09-26 19:05:03,719][INFO|database.py-upgrade_schema:285] >> 테이블 'mysafety_sync_meta' 생성 중...
[2026-09-26 19:05:03,721][INFO|database.py-upgrade_schema:285] >> 테이블 'mysafety_watchlist' 생성 중...
[2026-09-26 19:05:03,723][INFO|database.py-upgrade_schema:285] >> 테이블 'mysafetydetail_other' 생성 중...
[2026-09-26 19:05:03,724][INFO|database.py-upgrade_schema:285] >> 테이블 'mysafetydetail_parking' 생성 중...
[2026-09-26 19:05:03,726][INFO|database.py-upgrade_schema:285] >> 테이블 'mysafetydetail_traffic' 생성 중...
[2026-09-26 19:05:03,728][INFO|database.py-upgrade_schema:285] >> 테이블 'mysafetymerge_other' 생성 중...
[2026-09-26 19:05:03,730][INFO|database.py-upgrade_schema:285] >> 테이블 'mysafetymerge_parking' 생성 중...
[2026-09-26 19:05:03,731][INFO|database.py-upgrade_schema:285] >> 테이블 'mysafetymerge_traffic' 생성 중...
[2026-09-26 19:05:03,738][INFO|database.py-_apply_versioned_migrations:452] >> [schema] DB 스키마 버전 1 적용
[2026-09-26 19:05:03,744][INFO|database.py-_apply_versioned_migrations:452] >> [schema] DB 스키마 버전 2 적용
[2026-09-26 19:05:03,746][INFO|database.py-_apply_versioned_migrations:452] >> [schema] DB 스키마 버전 3 적용
[2026-09-26 19:05:03,760][INFO|database.py-_apply_versioned_migrations:452] >> [schema] DB 스키마 버전 4 적용
[2026-09-26 19:05:03,792][INFO|duplicate_group_service.py-_log_info:53] >> [duplicate] payload exact 중복군 0개, 멤버 0건 재생성
.[2026-09-26 19:05:03,855][INFO|database.py-upgrade_schema:285] >> 테이블 'admin_users' 생성 중...
[2026-09-26 19:05:03,858][INFO|database.py-upgrade_schema:285] >> 테이블 'api_keys' 생성 중...
[2026-09-26 19:05:03,860][INFO|database.py-upgrade_schema:285] >> 테이블 'mysafety' 생성 중...
[2026-09-26 19:05:03,861][INFO|database.py-upgrade_schema:285] >> 테이블 'mysafety_change_cursor' 생성 중...
[2026-09-26 19:05:03,863][INFO|database.py-upgrade_schema:285] >> 테이블 'mysafety_change_log' 생성 중...
[2026-09-26 19:05:03,866][INFO|database.py-upgrade_schema:285] >> 테이블 'mysafety_duplicate_decision' 생성 중...
[2026-09-26 19:05:03,868][INFO|database.py-upgrade_schema:285] >> 테이블 'mysafety_duplicate_group' 생성 중...
[2026-09-26 19:05:03,871][INFO|database.py-upgrade_schema:285] >> 테이블 'mysafety_duplicate_member' 생성 중...
[2026-09-26 19:05:03,873][INFO|database.py-upgrade_schema:285] >> 테이블 'mysafety_entry_value' 생성 중...
[2026-09-26 19:05:03,877][INFO|database.py-upgrade_schema:285] >> 테이블 'mysafety_geocode_cache' 생성 중...
[2026-09-26 19:05:03,882][INFO|database.py-upgrade_schema:285] >> 테이블 'mysafety_raw_content' 생성 중...
[2026-09-26 19:05:03,884][INFO|database.py-upgrade_schema:285] >> 테이블 'mysafety_report_override' 생성 중...
[2026-09-26 19:05:03,886][INFO|database.py-upgrade_schema:285] >> 테이블 'mysafety_sync_meta' 생성 중...
[2026-09-26 19:05:03,887][INFO|database.py-upgrade_schema:285] >> 테이블 'mysafety_watchlist' 생성 중...
[2026-09-26 19:05:03,889][INFO|database.py-upgrade_schema:285] >> 테이블 'mysafetydetail_other' 생성 중...
[2026-09-26 19:05:03,892][INFO|database.py-upgrade_schema:285] >> 테이블 'mysafetydetail_parking' 생성 중...
[2026-09-26 19:05:03,894][INFO|database.py-upgrade_schema:285] >> 테이블 'mysafetydetail_traffic' 생성 중...
[2026-09-26 19:05:03,896][INFO|database.py-upgrade_schema:285] >> 테이블 'mysafetymerge_other' 생성 중...
[2026-09-26 19:05:03,898][INFO|database.py-upgrade_schema:285] >> 테이블 'mysafetymerge_parking' 생성 중...
[2026-09-26 19:05:03,901][INFO|database.py-upgrade_schema:285] >> 테이블 'mysafetymerge_traffic' 생성 중...
[2026-09-26 19:05:03,904][INFO|database.py-_apply_versioned_migrations:452] >> [schema] DB 스키마 버전 1 적용
[2026-09-26 19:05:03,911][INFO|database.py-_apply_versioned_migrations:452] >> [schema] DB 스키마 버전 2 적용
[2026-09-26 19:05:03,920][INFO|database.py-_apply_versioned_migrations:452] >> [schema] DB 스키마 버전 3 적용
[2026-09-26 19:05:03,933][INFO|database.py-_apply_versioned_migrations:452] >> [schema] DB 스키마 버전 4 적용
/home/better0101/projects/safetyreport/.venv/lib/python3.14/site-packages/sqlalchemy/sql/base.py:749: ResourceWarning: unclosed database in <sqlite3.Connection object at 0x76be843f2c50>
  @classmethod
ResourceWarning: Enable tracemalloc to get the object allocation traceback
/home/better0101/projects/safetyreport/.venv/lib/python3.14/site-packages/sqlalchemy/util/langhelpers.py:1397: ResourceWarning: unclosed database in <sqlite3.Connection object at 0x76be8462b1f0>
  kw.update(
ResourceWarning: Enable tracemalloc to get the object allocation traceback
[2026-09-26 19:05:03,968][INFO|duplicate_group_service.py-_log_info:53] >> [duplicate] payload exact 중복군 0개, 멤버 0건 재생성
.[2026-09-26 19:05:04,016][INFO|database.py-upgrade_schema:285] >> 테이블 'admin_users' 생성 중...
[2026-09-26 19:05:04,020][INFO|database.py-upgrade_schema:285] >> 테이블 'api_keys' 생성 중...
[2026-09-26 19:05:04,022][INFO|database.py-upgrade_schema:285] >> 테이블 'mysafety' 생성 중...
[2026-09-26 19:05:04,024][INFO|database.py-upgrade_schema:285] >> 테이블 'mysafety_change_cursor' 생성 중...
[2026-09-26 19:05:04,026][INFO|database.py-upgrade_schema:285] >> 테이블 'mysafety_change_log' 생성 중...
[2026-09-26 19:05:04,028][INFO|database.py-upgrade_schema:285] >> 테이블 'mysafety_duplicate_decision' 생성 중...
[2026-09-26 19:05:04,030][INFO|database.py-upgrade_schema:285] >> 테이블 'mysafety_duplicate_group' 생성 중...
[2026-09-26 19:05:04,031][INFO|database.py-upgrade_schema:285] >> 테이블 'mysafety_duplicate_member' 생성 중...
[2026-09-26 19:05:04,033][INFO|database.py-upgrade_schema:285] >> 테이블 'mysafety_entry_value' 생성 중...
[2026-09-26 19:05:04,035][INFO|database.py-upgrade_schema:285] >> 테이블 'mysafety_geocode_cache' 생성 중...
[2026-09-26 19:05:04,036][INFO|database.py-upgrade_schema:285] >> 테이블 'mysafety_raw_content' 생성 중...
[2026-09-26 19:05:04,038][INFO|database.py-upgrade_schema:285] >> 테이블 'mysafety_report_override' 생성 중...
[2026-09-26 19:05:04,040][INFO|database.py-upgrade_schema:285] >> 테이블 'mysafety_sync_meta' 생성 중...
[2026-09-26 19:05:04,041][INFO|database.py-upgrade_schema:285] >> 테이블 'mysafety_watchlist' 생성 중...
[2026-09-26 19:05:04,046][INFO|database.py-upgrade_schema:285] >> 테이블 'mysafetydetail_other' 생성 중...
[2026-09-26 19:05:04,048][INFO|database.py-upgrade_schema:285] >> 테이블 'mysafetydetail_parking' 생성 중...
[2026-09-26 19:05:04,050][INFO|database.py-upgrade_schema:285] >> 테이블 'mysafetydetail_traffic' 생성 중...
[2026-09-26 19:05:04,058][INFO|database.py-upgrade_schema:285] >> 테이블 'mysafetymerge_other' 생성 중...
[2026-09-26 19:05:04,060][INFO|database.py-upgrade_schema:285] >> 테이블 'mysafetymerge_parking' 생성 중...
[2026-09-26 19:05:04,063][INFO|database.py-upgrade_schema:285] >> 테이블 'mysafetymerge_traffic' 생성 중...
[2026-09-26 19:05:04,067][INFO|database.py-_apply_versioned_migrations:452] >> [schema] DB 스키마 버전 1 적용
[2026-09-26 19:05:04,073][INFO|database.py-_apply_versioned_migrations:452] >> [schema] DB 스키마 버전 2 적용
[2026-09-26 19:05:04,076][INFO|database.py-_apply_versioned_migrations:452] >> [schema] DB 스키마 버전 3 적용
/home/better0101/projects/safetyreport/.venv/lib/python3.14/site-packages/sqlalchemy/sql/compiler.py:2689: ResourceWarning: unclosed database in <sqlite3.Connection object at 0x76be843f1990>
  def visit_textclause(self, textclause, add_to_result_map=None, **kw):
ResourceWarning: Enable tracemalloc to get the object allocation traceback
[2026-09-26 19:05:04,104][INFO|database.py-_apply_versioned_migrations:452] >> [schema] DB 스키마 버전 4 적용
[2026-09-26 19:05:04,135][INFO|duplicate_group_service.py-_log_info:53] >> [duplicate] payload exact 중복군 0개, 멤버 0건 재생성
.[2026-09-26 19:05:04,204][INFO|database.py-upgrade_schema:285] >> 테이블 'admin_users' 생성 중...
[2026-09-26 19:05:04,207][INFO|database.py-upgrade_schema:285] >> 테이블 'api_keys' 생성 중...
[2026-09-26 19:05:04,209][INFO|database.py-upgrade_schema:285] >> 테이블 'mysafety' 생성 중...
[2026-09-26 19:05:04,210][INFO|database.py-upgrade_schema:285] >> 테이블 'mysafety_change_cursor' 생성 중...
[2026-09-26 19:05:04,212][INFO|database.py-upgrade_schema:285] >> 테이블 'mysafety_change_log' 생성 중...
[2026-09-26 19:05:04,214][INFO|database.py-upgrade_schema:285] >> 테이블 'mysafety_duplicate_decision' 생성 중...
[2026-09-26 19:05:04,215][INFO|database.py-upgrade_schema:285] >> 테이블 'mysafety_duplicate_group' 생성 중...
[2026-09-26 19:05:04,217][INFO|database.py-upgrade_schema:285] >> 테이블 'mysafety_duplicate_member' 생성 중...
[2026-09-26 19:05:04,218][INFO|database.py-upgrade_schema:285] >> 테이블 'mysafety_entry_value' 생성 중...
[2026-09-26 19:05:04,219][INFO|database.py-upgrade_schema:285] >> 테이블 'mysafety_geocode_cache' 생성 중...
[2026-09-26 19:05:04,221][INFO|database.py-upgrade_schema:285] >> 테이블 'mysafety_raw_content' 생성 중...
[2026-09-26 19:05:04,222][INFO|database.py-upgrade_schema:285] >> 테이블 'mysafety_report_override' 생성 중...
[2026-09-26 19:05:04,224][INFO|database.py-upgrade_schema:285] >> 테이블 'mysafety_sync_meta' 생성 중...
[2026-09-26 19:05:04,226][INFO|database.py-upgrade_schema:285] >> 테이블 'mysafety_watchlist' 생성 중...
[2026-09-26 19:05:04,233][INFO|database.py-upgrade_schema:285] >> 테이블 'mysafetydetail_other' 생성 중...
[2026-09-26 19:05:04,235][INFO|database.py-upgrade_schema:285] >> 테이블 'mysafetydetail_parking' 생성 중...
[2026-09-26 19:05:04,237][INFO|database.py-upgrade_schema:285] >> 테이블 'mysafetydetail_traffic' 생성 중...
[2026-09-26 19:05:04,239][INFO|database.py-upgrade_schema:285] >> 테이블 'mysafetymerge_other' 생성 중...
[2026-09-26 19:05:04,241][INFO|database.py-upgrade_schema:285] >> 테이블 'mysafetymerge_parking' 생성 중...
[2026-09-26 19:05:04,242][INFO|database.py-upgrade_schema:285] >> 테이블 'mysafetymerge_traffic' 생성 중...
[2026-09-26 19:05:04,247][INFO|database.py-_apply_versioned_migrations:452] >> [schema] DB 스키마 버전 1 적용
[2026-09-26 19:05:04,253][INFO|database.py-_apply_versioned_migrations:452] >> [schema] DB 스키마 버전 2 적용
[2026-09-26 19:05:04,258][INFO|database.py-_apply_versioned_migrations:452] >> [schema] DB 스키마 버전 3 적용
[2026-09-26 19:05:04,273][INFO|database.py-_apply_versioned_migrations:452] >> [schema] DB 스키마 버전 4 적용
/home/better0101/projects/safetyreport/.venv/lib/python3.14/site-packages/sqlalchemy/sql/selectable.py:4822: ResourceWarning: unclosed database in <sqlite3.Connection object at 0x76be8462b1f0>
  names = set()
ResourceWarning: Enable tracemalloc to get the object allocation traceback
[2026-09-26 19:05:04,306][INFO|duplicate_group_service.py-_log_info:53] >> [duplicate] payload exact 중복군 0개, 멤버 0건 재생성
./home/better0101/projects/safetyreport/.venv/lib/python3.14/site-packages/sqlalchemy/engine/cursor.py:1529: ResourceWarning: unclosed database in <sqlite3.Connection object at 0x76be843f1990>
  def __init__(
ResourceWarning: Enable tracemalloc to get the object allocation traceback
[2026-09-26 19:05:04,378][INFO|database.py-upgrade_schema:285] >> 테이블 'admin_users' 생성 중...
[2026-09-26 19:05:04,383][INFO|database.py-upgrade_schema:285] >> 테이블 'api_keys' 생성 중...
[2026-09-26 19:05:04,385][INFO|database.py-upgrade_schema:285] >> 테이블 'mysafety' 생성 중...
[2026-09-26 19:05:04,391][INFO|database.py-upgrade_schema:285] >> 테이블 'mysafety_change_cursor' 생성 중...
[2026-09-26 19:05:04,393][INFO|database.py-upgrade_schema:285] >> 테이블 'mysafety_change_log' 생성 중...
[2026-09-26 19:05:04,395][INFO|database.py-upgrade_schema:285] >> 테이블 'mysafety_duplicate_decision' 생성 중...
[2026-09-26 19:05:04,396][INFO|database.py-upgrade_schema:285] >> 테이블 'mysafety_duplicate_group' 생성 중...
[2026-09-26 19:05:04,398][INFO|database.py-upgrade_schema:285] >> 테이블 'mysafety_duplicate_member' 생성 중...
[2026-09-26 19:05:04,399][INFO|database.py-upgrade_schema:285] >> 테이블 'mysafety_entry_value' 생성 중...
[2026-09-26 19:05:04,401][INFO|database.py-upgrade_schema:285] >> 테이블 'mysafety_geocode_cache' 생성 중...
[2026-09-26 19:05:04,402][INFO|database.py-upgrade_schema:285] >> 테이블 'mysafety_raw_content' 생성 중...
[2026-09-26 19:05:04,404][INFO|database.py-upgrade_schema:285] >> 테이블 'mysafety_report_override' 생성 중...
[2026-09-26 19:05:04,405][INFO|database.py-upgrade_schema:285] >> 테이블 'mysafety_sync_meta' 생성 중...
[2026-09-26 19:05:04,407][INFO|database.py-upgrade_schema:285] >> 테이블 'mysafety_watchlist' 생성 중...
[2026-09-26 19:05:04,408][INFO|database.py-upgrade_schema:285] >> 테이블 'mysafetydetail_other' 생성 중...
[2026-09-26 19:05:04,410][INFO|database.py-upgrade_schema:285] >> 테이블 'mysafetydetail_parking' 생성 중...
[2026-09-26 19:05:04,412][INFO|database.py-upgrade_schema:285] >> 테이블 'mysafetydetail_traffic' 생성 중...
[2026-09-26 19:05:04,415][INFO|database.py-upgrade_schema:285] >> 테이블 'mysafetymerge_other' 생성 중...
[2026-09-26 19:05:04,420][INFO|database.py-upgrade_schema:285] >> 테이블 'mysafetymerge_parking' 생성 중...
[2026-09-26 19:05:04,422][INFO|database.py-upgrade_schema:285] >> 테이블 'mysafetymerge_traffic' 생성 중...
[2026-09-26 19:05:04,428][INFO|database.py-_apply_versioned_migrations:452] >> [schema] DB 스키마 버전 1 적용
[2026-09-26 19:05:04,434][INFO|database.py-_apply_versioned_migrations:452] >> [schema] DB 스키마 버전 2 적용
[2026-09-26 19:05:04,436][INFO|database.py-_apply_versioned_migrations:452] >> [schema] DB 스키마 버전 3 적용
[2026-09-26 19:05:04,451][INFO|database.py-_apply_versioned_migrations:452] >> [schema] DB 스키마 버전 4 적용
[2026-09-26 19:05:04,480][INFO|duplicate_group_service.py-_log_info:53] >> [duplicate] payload exact 중복군 0개, 멤버 0건 재생성
.[2026-09-26 19:05:04,547][INFO|database.py-upgrade_schema:285] >> 테이블 'admin_users' 생성 중...
[2026-09-26 19:05:04,549][INFO|database.py-upgrade_schema:285] >> 테이블 'api_keys' 생성 중...
[2026-09-26 19:05:04,554][INFO|database.py-upgrade_schema:285] >> 테이블 'mysafety' 생성 중...
[2026-09-26 19:05:04,555][INFO|database.py-upgrade_schema:285] >> 테이블 'mysafety_change_cursor' 생성 중...
[2026-09-26 19:05:04,560][INFO|database.py-upgrade_schema:285] >> 테이블 'mysafety_change_log' 생성 중...
[2026-09-26 19:05:04,563][INFO|database.py-upgrade_schema:285] >> 테이블 'mysafety_duplicate_decision' 생성 중...
[2026-09-26 19:05:04,565][INFO|database.py-upgrade_schema:285] >> 테이블 'mysafety_duplicate_group' 생성 중...
[2026-09-26 19:05:04,566][INFO|database.py-upgrade_schema:285] >> 테이블 'mysafety_duplicate_member' 생성 중...
[2026-09-26 19:05:04,568][INFO|database.py-upgrade_schema:285] >> 테이블 'mysafety_entry_value' 생성 중...
[2026-09-26 19:05:04,569][INFO|database.py-upgrade_schema:285] >> 테이블 'mysafety_geocode_cache' 생성 중...
[2026-09-26 19:05:04,571][INFO|database.py-upgrade_schema:285] >> 테이블 'mysafety_raw_content' 생성 중...
[2026-09-26 19:05:04,572][INFO|database.py-upgrade_schema:285] >> 테이블 'mysafety_report_override' 생성 중...
[2026-09-26 19:05:04,573][INFO|database.py-upgrade_schema:285] >> 테이블 'mysafety_sync_meta' 생성 중...
[2026-09-26 19:05:04,575][INFO|database.py-upgrade_schema:285] >> 테이블 'mysafety_watchlist' 생성 중...
[2026-09-26 19:05:04,576][INFO|database.py-upgrade_schema:285] >> 테이블 'mysafetydetail_other' 생성 중...
[2026-09-26 19:05:04,577][INFO|database.py-upgrade_schema:285] >> 테이블 'mysafetydetail_parking' 생성 중...
[2026-09-26 19:05:04,579][INFO|database.py-upgrade_schema:285] >> 테이블 'mysafetydetail_traffic' 생성 중...
[2026-09-26 19:05:04,581][INFO|database.py-upgrade_schema:285] >> 테이블 'mysafetymerge_other' 생성 중...
[2026-09-26 19:05:04,584][INFO|database.py-upgrade_schema:285] >> 테이블 'mysafetymerge_parking' 생성 중...
[2026-09-26 19:05:04,586][INFO|database.py-upgrade_schema:285] >> 테이블 'mysafetymerge_traffic' 생성 중...
[2026-09-26 19:05:04,593][INFO|database.py-_apply_versioned_migrations:452] >> [schema] DB 스키마 버전 1 적용
[2026-09-26 19:05:04,603][INFO|database.py-_apply_versioned_migrations:452] >> [schema] DB 스키마 버전 2 적용
[2026-09-26 19:05:04,605][INFO|database.py-_apply_versioned_migrations:452] >> [schema] DB 스키마 버전 3 적용
[2026-09-26 19:05:04,616][INFO|database.py-_apply_versioned_migrations:452] >> [schema] DB 스키마 버전 4 적용
/home/better0101/projects/safetyreport/.venv/lib/python3.14/site-packages/sqlalchemy/sql/visitors.py:126: ResourceWarning: unclosed database in <sqlite3.Connection object at 0x76be8456f100>
  def _compiler_dispatch(
ResourceWarning: Enable tracemalloc to get the object allocation traceback
/home/better0101/projects/safetyreport/.venv/lib/python3.14/site-packages/sqlalchemy/sql/visitors.py:126: ResourceWarning: unclosed database in <sqlite3.Connection object at 0x76be842d94e0>
  def _compiler_dispatch(
ResourceWarning: Enable tracemalloc to get the object allocation traceback
[2026-09-26 19:05:04,651][INFO|duplicate_group_service.py-_log_info:53] >> [duplicate] payload exact 중복군 0개, 멤버 0건 재생성
.[2026-09-26 19:05:04,716][INFO|database.py-upgrade_schema:285] >> 테이블 'admin_users' 생성 중...
[2026-09-26 19:05:04,720][INFO|database.py-upgrade_schema:285] >> 테이블 'api_keys' 생성 중...
[2026-09-26 19:05:04,722][INFO|database.py-upgrade_schema:285] >> 테이블 'mysafety' 생성 중...
[2026-09-26 19:05:04,725][INFO|database.py-upgrade_schema:285] >> 테이블 'mysafety_change_cursor' 생성 중...
[2026-09-26 19:05:04,728][INFO|database.py-upgrade_schema:285] >> 테이블 'mysafety_change_log' 생성 중...
[2026-09-26 19:05:04,730][INFO|database.py-upgrade_schema:285] >> 테이블 'mysafety_duplicate_decision' 생성 중...
[2026-09-26 19:05:04,735][INFO|database.py-upgrade_schema:285] >> 테이블 'mysafety_duplicate_group' 생성 중...
[2026-09-26 19:05:04,737][INFO|database.py-upgrade_schema:285] >> 테이블 'mysafety_duplicate_member' 생성 중...
[2026-09-26 19:05:04,739][INFO|database.py-upgrade_schema:285] >> 테이블 'mysafety_entry_value' 생성 중...
[2026-09-26 19:05:04,745][INFO|database.py-upgrade_schema:285] >> 테이블 'mysafety_geocode_cache' 생성 중...
[2026-09-26 19:05:04,749][INFO|database.py-upgrade_schema:285] >> 테이블 'mysafety_raw_content' 생성 중...
[2026-09-26 19:05:04,752][INFO|database.py-upgrade_schema:285] >> 테이블 'mysafety_report_override' 생성 중...
[2026-09-26 19:05:04,754][INFO|database.py-upgrade_schema:285] >> 테이블 'mysafety_sync_meta' 생성 중...
[2026-09-26 19:05:04,756][INFO|database.py-upgrade_schema:285] >> 테이블 'mysafety_watchlist' 생성 중...
[2026-09-26 19:05:04,758][INFO|database.py-upgrade_schema:285] >> 테이블 'mysafetydetail_other' 생성 중...
[2026-09-26 19:05:04,760][INFO|database.py-upgrade_schema:285] >> 테이블 'mysafetydetail_parking' 생성 중...
[2026-09-26 19:05:04,762][INFO|database.py-upgrade_schema:285] >> 테이블 'mysafetydetail_traffic' 생성 중...
[2026-09-26 19:05:04,763][INFO|database.py-upgrade_schema:285] >> 테이블 'mysafetymerge_other' 생성 중...
[2026-09-26 19:05:04,768][INFO|database.py-upgrade_schema:285] >> 테이블 'mysafetymerge_parking' 생성 중...
[2026-09-26 19:05:04,776][INFO|database.py-upgrade_schema:285] >> 테이블 'mysafetymerge_traffic' 생성 중...
[2026-09-26 19:05:04,781][INFO|database.py-_apply_versioned_migrations:452] >> [schema] DB 스키마 버전 1 적용
[2026-09-26 19:05:04,787][INFO|database.py-_apply_versioned_migrations:452] >> [schema] DB 스키마 버전 2 적용
[2026-09-26 19:05:04,789][INFO|database.py-_apply_versioned_migrations:452] >> [schema] DB 스키마 버전 3 적용
[2026-09-26 19:05:04,812][INFO|database.py-_apply_versioned_migrations:452] >> [schema] DB 스키마 버전 4 적용
/home/better0101/projects/safetyreport/.venv/lib/python3.14/site-packages/sqlalchemy/sql/cache_key.py:289: ResourceWarning: unclosed database in <sqlite3.Connection object at 0x76be842d8220>
  result += (attrname, obj)
ResourceWarning: Enable tracemalloc to get the object allocation traceback
[2026-09-26 19:05:04,849][INFO|duplicate_group_service.py-_log_info:53] >> [duplicate] payload exact 중복군 0개, 멤버 0건 재생성
.[2026-09-26 19:05:04,929][INFO|database.py-upgrade_schema:285] >> 테이블 'admin_users' 생성 중...
[2026-09-26 19:05:04,932][INFO|database.py-upgrade_schema:285] >> 테이블 'api_keys' 생성 중...
[2026-09-26 19:05:04,938][INFO|database.py-upgrade_schema:285] >> 테이블 'mysafety' 생성 중...
[2026-09-26 19:05:04,940][INFO|database.py-upgrade_schema:285] >> 테이블 'mysafety_change_cursor' 생성 중...
[2026-09-26 19:05:04,941][INFO|database.py-upgrade_schema:285] >> 테이블 'mysafety_change_log' 생성 중...
[2026-09-26 19:05:04,947][INFO|database.py-upgrade_schema:285] >> 테이블 'mysafety_duplicate_decision' 생성 중...
[2026-09-26 19:05:04,949][INFO|database.py-upgrade_schema:285] >> 테이블 'mysafety_duplicate_group' 생성 중...
[2026-09-26 19:05:04,951][INFO|database.py-upgrade_schema:285] >> 테이블 'mysafety_duplicate_member' 생성 중...
[2026-09-26 19:05:04,952][INFO|database.py-upgrade_schema:285] >> 테이블 'mysafety_entry_value' 생성 중...
[2026-09-26 19:05:04,954][INFO|database.py-upgrade_schema:285] >> 테이블 'mysafety_geocode_cache' 생성 중...
[2026-09-26 19:05:04,956][INFO|database.py-upgrade_schema:285] >> 테이블 'mysafety_raw_content' 생성 중...
[2026-09-26 19:05:04,958][INFO|database.py-upgrade_schema:285] >> 테이블 'mysafety_report_override' 생성 중...
[2026-09-26 19:05:04,960][INFO|database.py-upgrade_schema:285] >> 테이블 'mysafety_sync_meta' 생성 중...
[2026-09-26 19:05:04,963][INFO|database.py-upgrade_schema:285] >> 테이블 'mysafety_watchlist' 생성 중...
[2026-09-26 19:05:04,964][INFO|database.py-upgrade_schema:285] >> 테이블 'mysafetydetail_other' 생성 중...
[2026-09-26 19:05:04,966][INFO|database.py-upgrade_schema:285] >> 테이블 'mysafetydetail_parking' 생성 중...
[2026-09-26 19:05:04,971][INFO|database.py-upgrade_schema:285] >> 테이블 'mysafetydetail_traffic' 생성 중...
[2026-09-26 19:05:04,974][INFO|database.py-upgrade_schema:285] >> 테이블 'mysafetymerge_other' 생성 중...
[2026-09-26 19:05:04,979][INFO|database.py-upgrade_schema:285] >> 테이블 'mysafetymerge_parking' 생성 중...
[2026-09-26 19:05:04,983][INFO|database.py-upgrade_schema:285] >> 테이블 'mysafetymerge_traffic' 생성 중...
[2026-09-26 19:05:04,988][INFO|database.py-_apply_versioned_migrations:452] >> [schema] DB 스키마 버전 1 적용
[2026-09-26 19:05:04,993][INFO|database.py-_apply_versioned_migrations:452] >> [schema] DB 스키마 버전 2 적용
[2026-09-26 19:05:04,996][INFO|database.py-_apply_versioned_migrations:452] >> [schema] DB 스키마 버전 3 적용
/home/better0101/projects/safetyreport/.venv/lib/python3.14/site-packages/sqlalchemy/sql/compiler.py:2679: ResourceWarning: unclosed database in <sqlite3.Connection object at 0x76be842d8130>
  def post_process_text(self, text):
ResourceWarning: Enable tracemalloc to get the object allocation traceback
[2026-09-26 19:05:05,021][INFO|database.py-_apply_versioned_migrations:452] >> [schema] DB 스키마 버전 4 적용
[2026-09-26 19:05:05,048][INFO|duplicate_group_service.py-_log_info:53] >> [duplicate] payload exact 중복군 0개, 멤버 0건 재생성
[2026-09-26 19:05:05,100][INFO|start.py-_run_rebuild_process:286] >> [rebuild] 목록 수집 시작 (run 0733b4ae774240598bf88960a3a8f8fc)
[2026-09-26 19:05:05,111][INFO|database.py-title_to_sql:694] >> 총 3건 title 테이블 upsert 완료. (신규: 3건)
[2026-09-26 19:05:05,113][INFO|start.py-_rebuild_register_list:184] >> [rebuild] 목록 등록 완료: 3건 (신규 3건)
[2026-09-26 19:05:05,115][INFO|start.py-_run_rebuild_process:315] >> [rebuild] 상세 크롤링 대상 3건 (checkpoint: 미완료만)
[2026-09-26 19:05:05,123][INFO|start.py-_rebuild_consume_details:272] >> [rebuild] 상세 저장 3건 (변경/신규 3건)
.[2026-09-26 19:05:05,148][INFO|database.py-upgrade_schema:285] >> 테이블 'admin_users' 생성 중...
[2026-09-26 19:05:05,151][INFO|database.py-upgrade_schema:285] >> 테이블 'api_keys' 생성 중...
[2026-09-26 19:05:05,153][INFO|database.py-upgrade_schema:285] >> 테이블 'mysafety' 생성 중...
[2026-09-26 19:05:05,155][INFO|database.py-upgrade_schema:285] >> 테이블 'mysafety_change_cursor' 생성 중...
[2026-09-26 19:05:05,157][INFO|database.py-upgrade_schema:285] >> 테이블 'mysafety_change_log' 생성 중...
[2026-09-26 19:05:05,159][INFO|database.py-upgrade_schema:285] >> 테이블 'mysafety_duplicate_decision' 생성 중...
[2026-09-26 19:05:05,161][INFO|database.py-upgrade_schema:285] >> 테이블 'mysafety_duplicate_group' 생성 중...
[2026-09-26 19:05:05,163][INFO|database.py-upgrade_schema:285] >> 테이블 'mysafety_duplicate_member' 생성 중...
[2026-09-26 19:05:05,169][INFO|database.py-upgrade_schema:285] >> 테이블 'mysafety_entry_value' 생성 중...
[2026-09-26 19:05:05,171][INFO|database.py-upgrade_schema:285] >> 테이블 'mysafety_geocode_cache' 생성 중...
[2026-09-26 19:05:05,178][INFO|database.py-upgrade_schema:285] >> 테이블 'mysafety_raw_content' 생성 중...
[2026-09-26 19:05:05,180][INFO|database.py-upgrade_schema:285] >> 테이블 'mysafety_report_override' 생성 중...
[2026-09-26 19:05:05,183][INFO|database.py-upgrade_schema:285] >> 테이블 'mysafety_sync_meta' 생성 중...
[2026-09-26 19:05:05,185][INFO|database.py-upgrade_schema:285] >> 테이블 'mysafety_watchlist' 생성 중...
[2026-09-26 19:05:05,186][INFO|database.py-upgrade_schema:285] >> 테이블 'mysafetydetail_other' 생성 중...
[2026-09-26 19:05:05,188][INFO|database.py-upgrade_schema:285] >> 테이블 'mysafetydetail_parking' 생성 중...
[2026-09-26 19:05:05,190][INFO|database.py-upgrade_schema:285] >> 테이블 'mysafetydetail_traffic' 생성 중...
[2026-09-26 19:05:05,193][INFO|database.py-upgrade_schema:285] >> 테이블 'mysafetymerge_other' 생성 중...
[2026-09-26 19:05:05,195][INFO|database.py-upgrade_schema:285] >> 테이블 'mysafetymerge_parking' 생성 중...
[2026-09-26 19:05:05,197][INFO|database.py-upgrade_schema:285] >> 테이블 'mysafetymerge_traffic' 생성 중...
[2026-09-26 19:05:05,201][INFO|database.py-_apply_versioned_migrations:452] >> [schema] DB 스키마 버전 1 적용
[2026-09-26 19:05:05,210][INFO|database.py-_apply_versioned_migrations:452] >> [schema] DB 스키마 버전 2 적용
[2026-09-26 19:05:05,212][INFO|database.py-_apply_versioned_migrations:452] >> [schema] DB 스키마 버전 3 적용
[2026-09-26 19:05:05,226][INFO|database.py-_apply_versioned_migrations:452] >> [schema] DB 스키마 버전 4 적용
/home/better0101/projects/safetyreport/.venv/lib/python3.14/site-packages/sqlalchemy/sql/compiler.py:858: ResourceWarning: unclosed database in <sqlite3.Connection object at 0x76be842d9e40>
  def __init__(
ResourceWarning: Enable tracemalloc to get the object allocation traceback
[2026-09-26 19:05:05,257][INFO|duplicate_group_service.py-_log_info:53] >> [duplicate] payload exact 중복군 0개, 멤버 0건 재생성
[2026-09-26 19:05:05,304][INFO|start.py-_run_rebuild_process:286] >> [rebuild] 목록 수집 시작 (run 401164ac78d74863985c4ec23f9786ac)
[2026-09-26 19:05:05,312][INFO|database.py-title_to_sql:694] >> 총 3건 title 테이블 upsert 완료. (신규: 3건)
[2026-09-26 19:05:05,314][INFO|start.py-_rebuild_register_list:184] >> [rebuild] 목록 등록 완료: 3건 (신규 3건)
[2026-09-26 19:05:05,315][INFO|start.py-_run_rebuild_process:315] >> [rebuild] 상세 크롤링 대상 3건 (checkpoint: 미완료만)
[2026-09-26 19:05:05,327][INFO|start.py-_rebuild_consume_details:272] >> [rebuild] 상세 저장 2건 (변경/신규 2건)
.[2026-09-26 19:05:05,346][INFO|database.py-upgrade_schema:285] >> 테이블 'admin_users' 생성 중...
[2026-09-26 19:05:05,353][INFO|database.py-upgrade_schema:285] >> 테이블 'api_keys' 생성 중...
[2026-09-26 19:05:05,355][INFO|database.py-upgrade_schema:285] >> 테이블 'mysafety' 생성 중...
[2026-09-26 19:05:05,356][INFO|database.py-upgrade_schema:285] >> 테이블 'mysafety_change_cursor' 생성 중...
[2026-09-26 19:05:05,358][INFO|database.py-upgrade_schema:285] >> 테이블 'mysafety_change_log' 생성 중...
[2026-09-26 19:05:05,365][INFO|database.py-upgrade_schema:285] >> 테이블 'mysafety_duplicate_decision' 생성 중...
[2026-09-26 19:05:05,367][INFO|database.py-upgrade_schema:285] >> 테이블 'mysafety_duplicate_group' 생성 중...
[2026-09-26 19:05:05,369][INFO|database.py-upgrade_schema:285] >> 테이블 'mysafety_duplicate_member' 생성 중...
[2026-09-26 19:05:05,372][INFO|database.py-upgrade_schema:285] >> 테이블 'mysafety_entry_value' 생성 중...
[2026-09-26 19:05:05,374][INFO|database.py-upgrade_schema:285] >> 테이블 'mysafety_geocode_cache' 생성 중...
[2026-09-26 19:05:05,376][INFO|database.py-upgrade_schema:285] >> 테이블 'mysafety_raw_content' 생성 중...
[2026-09-26 19:05:05,378][INFO|database.py-upgrade_schema:285] >> 테이블 'mysafety_report_override' 생성 중...
[2026-09-26 19:05:05,379][INFO|database.py-upgrade_schema:285] >> 테이블 'mysafety_sync_meta' 생성 중...
[2026-09-26 19:05:05,381][INFO|database.py-upgrade_schema:285] >> 테이블 'mysafety_watchlist' 생성 중...
[2026-09-26 19:05:05,382][INFO|database.py-upgrade_schema:285] >> 테이블 'mysafetydetail_other' 생성 중...
[2026-09-26 19:05:05,384][INFO|database.py-upgrade_schema:285] >> 테이블 'mysafetydetail_parking' 생성 중...
[2026-09-26 19:05:05,389][INFO|database.py-upgrade_schema:285] >> 테이블 'mysafetydetail_traffic' 생성 중...
[2026-09-26 19:05:05,391][INFO|database.py-upgrade_schema:285] >> 테이블 'mysafetymerge_other' 생성 중...
[2026-09-26 19:05:05,393][INFO|database.py-upgrade_schema:285] >> 테이블 'mysafetymerge_parking' 생성 중...
[2026-09-26 19:05:05,395][INFO|database.py-upgrade_schema:285] >> 테이블 'mysafetymerge_traffic' 생성 중...
[2026-09-26 19:05:05,403][INFO|database.py-_apply_versioned_migrations:452] >> [schema] DB 스키마 버전 1 적용
[2026-09-26 19:05:05,408][INFO|database.py-_apply_versioned_migrations:452] >> [schema] DB 스키마 버전 2 적용
[2026-09-26 19:05:05,410][INFO|database.py-_apply_versioned_migrations:452] >> [schema] DB 스키마 버전 3 적용
[2026-09-26 19:05:05,424][INFO|database.py-_apply_versioned_migrations:452] >> [schema] DB 스키마 버전 4 적용
[2026-09-26 19:05:05,458][INFO|duplicate_group_service.py-_log_info:53] >> [duplicate] payload exact 중복군 0개, 멤버 0건 재생성
[2026-09-26 19:05:05,510][INFO|start.py-_run_rebuild_process:286] >> [rebuild] 목록 수집 시작 (run cc6107b289444f6db4a6f3951da3978b)
[2026-09-26 19:05:05,518][INFO|database.py-title_to_sql:694] >> 총 3건 title 테이블 upsert 완료. (신규: 3건)
[2026-09-26 19:05:05,519][INFO|start.py-_rebuild_register_list:184] >> [rebuild] 목록 등록 완료: 3건 (신규 3건)
[2026-09-26 19:05:05,520][INFO|start.py-_run_rebuild_process:315] >> [rebuild] 상세 크롤링 대상 3건 (checkpoint: 미완료만)
[2026-09-26 19:05:05,527][INFO|start.py-_rebuild_consume_details:272] >> [rebuild] 상세 저장 3건 (변경/신규 3건)
.[2026-09-26 19:05:05,545][INFO|database.py-upgrade_schema:285] >> 테이블 'admin_users' 생성 중...
[2026-09-26 19:05:05,549][INFO|database.py-upgrade_schema:285] >> 테이블 'api_keys' 생성 중...
[2026-09-26 19:05:05,551][INFO|database.py-upgrade_schema:285] >> 테이블 'mysafety' 생성 중...
[2026-09-26 19:05:05,553][INFO|database.py-upgrade_schema:285] >> 테이블 'mysafety_change_cursor' 생성 중...
[2026-09-26 19:05:05,555][INFO|database.py-upgrade_schema:285] >> 테이블 'mysafety_change_log' 생성 중...
[2026-09-26 19:05:05,556][INFO|database.py-upgrade_schema:285] >> 테이블 'mysafety_duplicate_decision' 생성 중...
[2026-09-26 19:05:05,558][INFO|database.py-upgrade_schema:285] >> 테이블 'mysafety_duplicate_group' 생성 중...
[2026-09-26 19:05:05,560][INFO|database.py-upgrade_schema:285] >> 테이블 'mysafety_duplicate_member' 생성 중...
[2026-09-26 19:05:05,566][INFO|database.py-upgrade_schema:285] >> 테이블 'mysafety_entry_value' 생성 중...
[2026-09-26 19:05:05,570][INFO|database.py-upgrade_schema:285] >> 테이블 'mysafety_geocode_cache' 생성 중...
[2026-09-26 19:05:05,572][INFO|database.py-upgrade_schema:285] >> 테이블 'mysafety_raw_content' 생성 중...
[2026-09-26 19:05:05,574][INFO|database.py-upgrade_schema:285] >> 테이블 'mysafety_report_override' 생성 중...
[2026-09-26 19:05:05,575][INFO|database.py-upgrade_schema:285] >> 테이블 'mysafety_sync_meta' 생성 중...
[2026-09-26 19:05:05,577][INFO|database.py-upgrade_schema:285] >> 테이블 'mysafety_watchlist' 생성 중...
[2026-09-26 19:05:05,578][INFO|database.py-upgrade_schema:285] >> 테이블 'mysafetydetail_other' 생성 중...
[2026-09-26 19:05:05,580][INFO|database.py-upgrade_schema:285] >> 테이블 'mysafetydetail_parking' 생성 중...
[2026-09-26 19:05:05,583][INFO|database.py-upgrade_schema:285] >> 테이블 'mysafetydetail_traffic' 생성 중...
[2026-09-26 19:05:05,586][INFO|database.py-upgrade_schema:285] >> 테이블 'mysafetymerge_other' 생성 중...
[2026-09-26 19:05:05,589][INFO|database.py-upgrade_schema:285] >> 테이블 'mysafetymerge_parking' 생성 중...
[2026-09-26 19:05:05,591][INFO|database.py-upgrade_schema:285] >> 테이블 'mysafetymerge_traffic' 생성 중...
[2026-09-26 19:05:05,596][INFO|database.py-_apply_versioned_migrations:452] >> [schema] DB 스키마 버전 1 적용
[2026-09-26 19:05:05,603][INFO|database.py-_apply_versioned_migrations:452] >> [schema] DB 스키마 버전 2 적용
[2026-09-26 19:05:05,606][INFO|database.py-_apply_versioned_migrations:452] >> [schema] DB 스키마 버전 3 적용
[2026-09-26 19:05:05,620][INFO|database.py-_apply_versioned_migrations:452] >> [schema] DB 스키마 버전 4 적용
/home/better0101/projects/safetyreport/.venv/lib/python3.14/site-packages/sqlalchemy/sql/visitors.py:126: ResourceWarning: unclosed database in <sqlite3.Connection object at 0x76be842d9e40>
  def _compiler_dispatch(
ResourceWarning: Enable tracemalloc to get the object allocation traceback
[2026-09-26 19:05:05,653][INFO|duplicate_group_service.py-_log_info:53] >> [duplicate] payload exact 중복군 0개, 멤버 0건 재생성
.[2026-09-26 19:05:05,720][INFO|database.py-upgrade_schema:285] >> 테이블 'admin_users' 생성 중...
[2026-09-26 19:05:05,723][INFO|database.py-upgrade_schema:285] >> 테이블 'api_keys' 생성 중...
[2026-09-26 19:05:05,725][INFO|database.py-upgrade_schema:285] >> 테이블 'mysafety' 생성 중...
[2026-09-26 19:05:05,726][INFO|database.py-upgrade_schema:285] >> 테이블 'mysafety_change_cursor' 생성 중...
[2026-09-26 19:05:05,728][INFO|database.py-upgrade_schema:285] >> 테이블 'mysafety_change_log' 생성 중...
[2026-09-26 19:05:05,732][INFO|database.py-upgrade_schema:285] >> 테이블 'mysafety_duplicate_decision' 생성 중...
[2026-09-26 19:05:05,735][INFO|database.py-upgrade_schema:285] >> 테이블 'mysafety_duplicate_group' 생성 중...
[2026-09-26 19:05:05,737][INFO|database.py-upgrade_schema:285] >> 테이블 'mysafety_duplicate_member' 생성 중...
[2026-09-26 19:05:05,739][INFO|database.py-upgrade_schema:285] >> 테이블 'mysafety_entry_value' 생성 중...
[2026-09-26 19:05:05,740][INFO|database.py-upgrade_schema:285] >> 테이블 'mysafety_geocode_cache' 생성 중...
[2026-09-26 19:05:05,746][INFO|database.py-upgrade_schema:285] >> 테이블 'mysafety_raw_content' 생성 중...
[2026-09-26 19:05:05,752][INFO|database.py-upgrade_schema:285] >> 테이블 'mysafety_report_override' 생성 중...
[2026-09-26 19:05:05,755][INFO|database.py-upgrade_schema:285] >> 테이블 'mysafety_sync_meta' 생성 중...
[2026-09-26 19:05:05,757][INFO|database.py-upgrade_schema:285] >> 테이블 'mysafety_watchlist' 생성 중...
[2026-09-26 19:05:05,758][INFO|database.py-upgrade_schema:285] >> 테이블 'mysafetydetail_other' 생성 중...
[2026-09-26 19:05:05,761][INFO|database.py-upgrade_schema:285] >> 테이블 'mysafetydetail_parking' 생성 중...
[2026-09-26 19:05:05,763][INFO|database.py-upgrade_schema:285] >> 테이블 'mysafetydetail_traffic' 생성 중...
[2026-09-26 19:05:05,765][INFO|database.py-upgrade_schema:285] >> 테이블 'mysafetymerge_other' 생성 중...
/home/better0101/projects/safetyreport/.venv/lib/python3.14/site-packages/sqlalchemy/sql/schema.py:4470: ResourceWarning: unclosed database in <sqlite3.Connection object at 0x76be842d9e40>
  def __iter__(self) -> Iterator[Column[Any]]:
ResourceWarning: Enable tracemalloc to get the object allocation traceback
[2026-09-26 19:05:05,776][INFO|database.py-upgrade_schema:285] >> 테이블 'mysafetymerge_parking' 생성 중...
[2026-09-26 19:05:05,779][INFO|database.py-upgrade_schema:285] >> 테이블 'mysafetymerge_traffic' 생성 중...
[2026-09-26 19:05:05,784][INFO|database.py-_apply_versioned_migrations:452] >> [schema] DB 스키마 버전 1 적용
[2026-09-26 19:05:05,797][INFO|database.py-_apply_versioned_migrations:452] >> [schema] DB 스키마 버전 2 적용
[2026-09-26 19:05:05,804][INFO|database.py-_apply_versioned_migrations:452] >> [schema] DB 스키마 버전 3 적용
[2026-09-26 19:05:05,830][INFO|database.py-_apply_versioned_migrations:452] >> [schema] DB 스키마 버전 4 적용
[2026-09-26 19:05:05,866][INFO|duplicate_group_service.py-_log_info:53] >> [duplicate] payload exact 중복군 0개, 멤버 0건 재생성
.[2026-09-26 19:05:05,926][INFO|database.py-upgrade_schema:285] >> 테이블 'admin_users' 생성 중...
[2026-09-26 19:05:05,933][INFO|database.py-upgrade_schema:285] >> 테이블 'api_keys' 생성 중...
[2026-09-26 19:05:05,935][INFO|database.py-upgrade_schema:285] >> 테이블 'mysafety' 생성 중...
[2026-09-26 19:05:05,937][INFO|database.py-upgrade_schema:285] >> 테이블 'mysafety_change_cursor' 생성 중...
[2026-09-26 19:05:05,939][INFO|database.py-upgrade_schema:285] >> 테이블 'mysafety_change_log' 생성 중...
[2026-09-26 19:05:05,941][INFO|database.py-upgrade_schema:285] >> 테이블 'mysafety_duplicate_decision' 생성 중...
[2026-09-26 19:05:05,944][INFO|database.py-upgrade_schema:285] >> 테이블 'mysafety_duplicate_group' 생성 중...
[2026-09-26 19:05:05,946][INFO|database.py-upgrade_schema:285] >> 테이블 'mysafety_duplicate_member' 생성 중...
[2026-09-26 19:05:05,948][INFO|database.py-upgrade_schema:285] >> 테이블 'mysafety_entry_value' 생성 중...
[2026-09-26 19:05:05,950][INFO|database.py-upgrade_schema:285] >> 테이블 'mysafety_geocode_cache' 생성 중...
[2026-09-26 19:05:05,953][INFO|database.py-upgrade_schema:285] >> 테이블 'mysafety_raw_content' 생성 중...
[2026-09-26 19:05:05,955][INFO|database.py-upgrade_schema:285] >> 테이블 'mysafety_report_override' 생성 중...
[2026-09-26 19:05:05,957][INFO|database.py-upgrade_schema:285] >> 테이블 'mysafety_sync_meta' 생성 중...
[2026-09-26 19:05:05,959][INFO|database.py-upgrade_schema:285] >> 테이블 'mysafety_watchlist' 생성 중...
[2026-09-26 19:05:05,961][INFO|database.py-upgrade_schema:285] >> 테이블 'mysafetydetail_other' 생성 중...
[2026-09-26 19:05:05,965][INFO|database.py-upgrade_schema:285] >> 테이블 'mysafetydetail_parking' 생성 중...
[2026-09-26 19:05:05,968][INFO|database.py-upgrade_schema:285] >> 테이블 'mysafetydetail_traffic' 생성 중...
[2026-09-26 19:05:05,970][INFO|database.py-upgrade_schema:285] >> 테이블 'mysafetymerge_other' 생성 중...
[2026-09-26 19:05:05,971][INFO|database.py-upgrade_schema:285] >> 테이블 'mysafetymerge_parking' 생성 중...
[2026-09-26 19:05:05,973][INFO|database.py-upgrade_schema:285] >> 테이블 'mysafetymerge_traffic' 생성 중...
[2026-09-26 19:05:05,977][INFO|database.py-_apply_versioned_migrations:452] >> [schema] DB 스키마 버전 1 적용
[2026-09-26 19:05:05,983][INFO|database.py-_apply_versioned_migrations:452] >> [schema] DB 스키마 버전 2 적용
[2026-09-26 19:05:05,985][INFO|database.py-_apply_versioned_migrations:452] >> [schema] DB 스키마 버전 3 적용
[2026-09-26 19:05:06,004][INFO|database.py-_apply_versioned_migrations:452] >> [schema] DB 스키마 버전 4 적용
/home/better0101/projects/safetyreport/.venv/lib/python3.14/site-packages/sqlalchemy/sql/visitors.py:126: ResourceWarning: unclosed database in <sqlite3.Connection object at 0x76be741197b0>
  def _compiler_dispatch(
ResourceWarning: Enable tracemalloc to get the object allocation traceback
[2026-09-26 19:05:06,035][INFO|duplicate_group_service.py-_log_info:53] >> [duplicate] payload exact 중복군 0개, 멤버 0건 재생성
[2026-09-26 19:05:06,077][INFO|start.py-_run_rebuild_process:286] >> [rebuild] 목록 수집 시작 (run bc3af94971ce479a8e79555b3e4ba801)
[2026-09-26 19:05:06,077][ERROR|start.py-_rebuild_register_list:172] >> [rebuild] 목록 수집 실패 — job failed (page 2 timeout)
.[2026-09-26 19:05:06,088][INFO|database.py-upgrade_schema:285] >> 테이블 'admin_users' 생성 중...
[2026-09-26 19:05:06,091][INFO|database.py-upgrade_schema:285] >> 테이블 'api_keys' 생성 중...
[2026-09-26 19:05:06,092][INFO|database.py-upgrade_schema:285] >> 테이블 'mysafety' 생성 중...
[2026-09-26 19:05:06,094][INFO|database.py-upgrade_schema:285] >> 테이블 'mysafety_change_cursor' 생성 중...
[2026-09-26 19:05:06,095][INFO|database.py-upgrade_schema:285] >> 테이블 'mysafety_change_log' 생성 중...
[2026-09-26 19:05:06,100][INFO|database.py-upgrade_schema:285] >> 테이블 'mysafety_duplicate_decision' 생성 중...
[2026-09-26 19:05:06,101][INFO|database.py-upgrade_schema:285] >> 테이블 'mysafety_duplicate_group' 생성 중...
[2026-09-26 19:05:06,103][INFO|database.py-upgrade_schema:285] >> 테이블 'mysafety_duplicate_member' 생성 중...
[2026-09-26 19:05:06,109][INFO|database.py-upgrade_schema:285] >> 테이블 'mysafety_entry_value' 생성 중...
[2026-09-26 19:05:06,111][INFO|database.py-upgrade_schema:285] >> 테이블 'mysafety_geocode_cache' 생성 중...
[2026-09-26 19:05:06,113][INFO|database.py-upgrade_schema:285] >> 테이블 'mysafety_raw_content' 생성 중...
[2026-09-26 19:05:06,114][INFO|database.py-upgrade_schema:285] >> 테이블 'mysafety_report_override' 생성 중...
[2026-09-26 19:05:06,116][INFO|database.py-upgrade_schema:285] >> 테이블 'mysafety_sync_meta' 생성 중...
[2026-09-26 19:05:06,118][INFO|database.py-upgrade_schema:285] >> 테이블 'mysafety_watchlist' 생성 중...
[2026-09-26 19:05:06,120][INFO|database.py-upgrade_schema:285] >> 테이블 'mysafetydetail_other' 생성 중...
[2026-09-26 19:05:06,125][INFO|database.py-upgrade_schema:285] >> 테이블 'mysafetydetail_parking' 생성 중...
[2026-09-26 19:05:06,128][INFO|database.py-upgrade_schema:285] >> 테이블 'mysafetydetail_traffic' 생성 중...
[2026-09-26 19:05:06,131][INFO|database.py-upgrade_schema:285] >> 테이블 'mysafetymerge_other' 생성 중...
[2026-09-26 19:05:06,134][INFO|database.py-upgrade_schema:285] >> 테이블 'mysafetymerge_parking' 생성 중...
[2026-09-26 19:05:06,138][INFO|database.py-upgrade_schema:285] >> 테이블 'mysafetymerge_traffic' 생성 중...
[2026-09-26 19:05:06,145][INFO|database.py-_apply_versioned_migrations:452] >> [schema] DB 스키마 버전 1 적용
[2026-09-26 19:05:06,153][INFO|database.py-_apply_versioned_migrations:452] >> [schema] DB 스키마 버전 2 적용
[2026-09-26 19:05:06,156][INFO|database.py-_apply_versioned_migrations:452] >> [schema] DB 스키마 버전 3 적용
[2026-09-26 19:05:06,180][INFO|database.py-_apply_versioned_migrations:452] >> [schema] DB 스키마 버전 4 적용
/home/better0101/projects/safetyreport/.venv/lib/python3.14/site-packages/sqlalchemy/sql/elements.py:5319: ResourceWarning: unclosed database in <sqlite3.Connection object at 0x76be74118c70>
  self = super().__new__(cls, value)
ResourceWarning: Enable tracemalloc to get the object allocation traceback
[2026-09-26 19:05:06,213][INFO|duplicate_group_service.py-_log_info:53] >> [duplicate] payload exact 중복군 0개, 멤버 0건 재생성
[2026-09-26 19:05:06,260][INFO|start.py-_run_rebuild_process:286] >> [rebuild] 목록 수집 시작 (run 7abf4a87083543ee992e2541ddf3555b)
[2026-09-26 19:05:06,261][INFO|start.py-_rebuild_register_list:184] >> [rebuild] 목록 등록 완료: 0건 (신규 0건)
[2026-09-26 19:05:06,261][INFO|start.py-_run_rebuild_process:312] >> [rebuild] 상세 대상 없음 (빈 목록 또는 전부 fetched)
.[2026-09-26 19:05:06,280][INFO|database.py-upgrade_schema:285] >> 테이블 'admin_users' 생성 중...
[2026-09-26 19:05:06,282][INFO|database.py-upgrade_schema:285] >> 테이블 'api_keys' 생성 중...
[2026-09-26 19:05:06,284][INFO|database.py-upgrade_schema:285] >> 테이블 'mysafety' 생성 중...
[2026-09-26 19:05:06,286][INFO|database.py-upgrade_schema:285] >> 테이블 'mysafety_change_cursor' 생성 중...
[2026-09-26 19:05:06,288][INFO|database.py-upgrade_schema:285] >> 테이블 'mysafety_change_log' 생성 중...
[2026-09-26 19:05:06,290][INFO|database.py-upgrade_schema:285] >> 테이블 'mysafety_duplicate_decision' 생성 중...
[2026-09-26 19:05:06,292][INFO|database.py-upgrade_schema:285] >> 테이블 'mysafety_duplicate_group' 생성 중...
[2026-09-26 19:05:06,293][INFO|database.py-upgrade_schema:285] >> 테이블 'mysafety_duplicate_member' 생성 중...
[2026-09-26 19:05:06,295][INFO|database.py-upgrade_schema:285] >> 테이블 'mysafety_entry_value' 생성 중...
[2026-09-26 19:05:06,296][INFO|database.py-upgrade_schema:285] >> 테이블 'mysafety_geocode_cache' 생성 중...
[2026-09-26 19:05:06,298][INFO|database.py-upgrade_schema:285] >> 테이블 'mysafety_raw_content' 생성 중...
[2026-09-26 19:05:06,301][INFO|database.py-upgrade_schema:285] >> 테이블 'mysafety_report_override' 생성 중...
[2026-09-26 19:05:06,303][INFO|database.py-upgrade_schema:285] >> 테이블 'mysafety_sync_meta' 생성 중...
[2026-09-26 19:05:06,305][INFO|database.py-upgrade_schema:285] >> 테이블 'mysafety_watchlist' 생성 중...
[2026-09-26 19:05:06,307][INFO|database.py-upgrade_schema:285] >> 테이블 'mysafetydetail_other' 생성 중...
[2026-09-26 19:05:06,309][INFO|database.py-upgrade_schema:285] >> 테이블 'mysafetydetail_parking' 생성 중...
[2026-09-26 19:05:06,311][INFO|database.py-upgrade_schema:285] >> 테이블 'mysafetydetail_traffic' 생성 중...
[2026-09-26 19:05:06,313][INFO|database.py-upgrade_schema:285] >> 테이블 'mysafetymerge_other' 생성 중...
[2026-09-26 19:05:06,315][INFO|database.py-upgrade_schema:285] >> 테이블 'mysafetymerge_parking' 생성 중...
[2026-09-26 19:05:06,317][INFO|database.py-upgrade_schema:285] >> 테이블 'mysafetymerge_traffic' 생성 중...
[2026-09-26 19:05:06,320][INFO|database.py-_apply_versioned_migrations:452] >> [schema] DB 스키마 버전 1 적용
/home/better0101/projects/safetyreport/.venv/lib/python3.14/site-packages/sqlalchemy/sql/compiler.py:1803: ResourceWarning: unclosed database in <sqlite3.Connection object at 0x76be741194e0>
  for key, value in (
ResourceWarning: Enable tracemalloc to get the object allocation traceback
[2026-09-26 19:05:06,329][INFO|database.py-_apply_versioned_migrations:452] >> [schema] DB 스키마 버전 2 적용
[2026-09-26 19:05:06,331][INFO|database.py-_apply_versioned_migrations:452] >> [schema] DB 스키마 버전 3 적용
[2026-09-26 19:05:06,354][INFO|database.py-_apply_versioned_migrations:452] >> [schema] DB 스키마 버전 4 적용
[2026-09-26 19:05:06,383][INFO|duplicate_group_service.py-_log_info:53] >> [duplicate] payload exact 중복군 0개, 멤버 0건 재생성
[2026-09-26 19:05:06,426][INFO|start.py-_run_rebuild_process:286] >> [rebuild] 목록 수집 시작 (run 26b1da2aa4e64cd2bcf517c231657dd4)
[2026-09-26 19:05:06,435][INFO|database.py-title_to_sql:694] >> 총 3건 title 테이블 upsert 완료. (신규: 3건)
[2026-09-26 19:05:06,437][INFO|start.py-_rebuild_register_list:184] >> [rebuild] 목록 등록 완료: 3건 (신규 3건)
[2026-09-26 19:05:06,438][INFO|start.py-_run_rebuild_process:315] >> [rebuild] 상세 크롤링 대상 3건 (checkpoint: 미완료만)
[2026-09-26 19:05:06,449][INFO|start.py-_rebuild_consume_details:272] >> [rebuild] 상세 저장 3건 (변경/신규 3건)
.[2026-09-26 19:05:06,464][INFO|database.py-upgrade_schema:285] >> 테이블 'admin_users' 생성 중...
[2026-09-26 19:05:06,468][INFO|database.py-upgrade_schema:285] >> 테이블 'api_keys' 생성 중...
[2026-09-26 19:05:06,470][INFO|database.py-upgrade_schema:285] >> 테이블 'mysafety' 생성 중...
[2026-09-26 19:05:06,471][INFO|database.py-upgrade_schema:285] >> 테이블 'mysafety_change_cursor' 생성 중...
[2026-09-26 19:05:06,472][INFO|database.py-upgrade_schema:285] >> 테이블 'mysafety_change_log' 생성 중...
[2026-09-26 19:05:06,474][INFO|database.py-upgrade_schema:285] >> 테이블 'mysafety_duplicate_decision' 생성 중...
[2026-09-26 19:05:06,475][INFO|database.py-upgrade_schema:285] >> 테이블 'mysafety_duplicate_group' 생성 중...
[2026-09-26 19:05:06,477][INFO|database.py-upgrade_schema:285] >> 테이블 'mysafety_duplicate_member' 생성 중...
[2026-09-26 19:05:06,479][INFO|database.py-upgrade_schema:285] >> 테이블 'mysafety_entry_value' 생성 중...
[2026-09-26 19:05:06,480][INFO|database.py-upgrade_schema:285] >> 테이블 'mysafety_geocode_cache' 생성 중...
[2026-09-26 19:05:06,483][INFO|database.py-upgrade_schema:285] >> 테이블 'mysafety_raw_content' 생성 중...
[2026-09-26 19:05:06,485][INFO|database.py-upgrade_schema:285] >> 테이블 'mysafety_report_override' 생성 중...
[2026-09-26 19:05:06,487][INFO|database.py-upgrade_schema:285] >> 테이블 'mysafety_sync_meta' 생성 중...
[2026-09-26 19:05:06,488][INFO|database.py-upgrade_schema:285] >> 테이블 'mysafety_watchlist' 생성 중...
[2026-09-26 19:05:06,490][INFO|database.py-upgrade_schema:285] >> 테이블 'mysafetydetail_other' 생성 중...
[2026-09-26 19:05:06,492][INFO|database.py-upgrade_schema:285] >> 테이블 'mysafetydetail_parking' 생성 중...
[2026-09-26 19:05:06,494][INFO|database.py-upgrade_schema:285] >> 테이블 'mysafetydetail_traffic' 생성 중...
[2026-09-26 19:05:06,496][INFO|database.py-upgrade_schema:285] >> 테이블 'mysafetymerge_other' 생성 중...
[2026-09-26 19:05:06,500][INFO|database.py-upgrade_schema:285] >> 테이블 'mysafetymerge_parking' 생성 중...
[2026-09-26 19:05:06,502][INFO|database.py-upgrade_schema:285] >> 테이블 'mysafetymerge_traffic' 생성 중...
[2026-09-26 19:05:06,506][INFO|database.py-_apply_versioned_migrations:452] >> [schema] DB 스키마 버전 1 적용
[2026-09-26 19:05:06,512][INFO|database.py-_apply_versioned_migrations:452] >> [schema] DB 스키마 버전 2 적용
[2026-09-26 19:05:06,515][INFO|database.py-_apply_versioned_migrations:452] >> [schema] DB 스키마 버전 3 적용
/home/better0101/projects/safetyreport/.venv/lib/python3.14/site-packages/sqlalchemy/sql/compiler.py:946: ResourceWarning: unclosed database in <sqlite3.Connection object at 0x76be7411a020>
  def process(self, obj: Visitable, **kwargs: Any) -> str:
ResourceWarning: Enable tracemalloc to get the object allocation traceback
[2026-09-26 19:05:06,551][INFO|database.py-_apply_versioned_migrations:452] >> [schema] DB 스키마 버전 4 적용
[2026-09-26 19:05:06,578][INFO|duplicate_group_service.py-_log_info:53] >> [duplicate] payload exact 중복군 0개, 멤버 0건 재생성
.[2026-09-26 19:05:06,653][INFO|database.py-upgrade_schema:285] >> 테이블 'admin_users' 생성 중...
[2026-09-26 19:05:06,657][INFO|database.py-upgrade_schema:285] >> 테이블 'api_keys' 생성 중...
[2026-09-26 19:05:06,661][INFO|database.py-upgrade_schema:285] >> 테이블 'mysafety' 생성 중...
[2026-09-26 19:05:06,665][INFO|database.py-upgrade_schema:285] >> 테이블 'mysafety_change_cursor' 생성 중...
[2026-09-26 19:05:06,667][INFO|database.py-upgrade_schema:285] >> 테이블 'mysafety_change_log' 생성 중...
[2026-09-26 19:05:06,669][INFO|database.py-upgrade_schema:285] >> 테이블 'mysafety_duplicate_decision' 생성 중...
[2026-09-26 19:05:06,671][INFO|database.py-upgrade_schema:285] >> 테이블 'mysafety_duplicate_group' 생성 중...
[2026-09-26 19:05:06,673][INFO|database.py-upgrade_schema:285] >> 테이블 'mysafety_duplicate_member' 생성 중...
[2026-09-26 19:05:06,675][INFO|database.py-upgrade_schema:285] >> 테이블 'mysafety_entry_value' 생성 중...
[2026-09-26 19:05:06,678][INFO|database.py-upgrade_schema:285] >> 테이블 'mysafety_geocode_cache' 생성 중...
[2026-09-26 19:05:06,681][INFO|database.py-upgrade_schema:285] >> 테이블 'mysafety_raw_content' 생성 중...
[2026-09-26 19:05:06,684][INFO|database.py-upgrade_schema:285] >> 테이블 'mysafety_report_override' 생성 중...
[2026-09-26 19:05:06,685][INFO|database.py-upgrade_schema:285] >> 테이블 'mysafety_sync_meta' 생성 중...
[2026-09-26 19:05:06,688][INFO|database.py-upgrade_schema:285] >> 테이블 'mysafety_watchlist' 생성 중...
[2026-09-26 19:05:06,695][INFO|database.py-upgrade_schema:285] >> 테이블 'mysafetydetail_other' 생성 중...
[2026-09-26 19:05:06,697][INFO|database.py-upgrade_schema:285] >> 테이블 'mysafetydetail_parking' 생성 중...
[2026-09-26 19:05:06,699][INFO|database.py-upgrade_schema:285] >> 테이블 'mysafetydetail_traffic' 생성 중...
[2026-09-26 19:05:06,701][INFO|database.py-upgrade_schema:285] >> 테이블 'mysafetymerge_other' 생성 중...
[2026-09-26 19:05:06,703][INFO|database.py-upgrade_schema:285] >> 테이블 'mysafetymerge_parking' 생성 중...
[2026-09-26 19:05:06,705][INFO|database.py-upgrade_schema:285] >> 테이블 'mysafetymerge_traffic' 생성 중...
[2026-09-26 19:05:06,709][INFO|database.py-_apply_versioned_migrations:452] >> [schema] DB 스키마 버전 1 적용
[2026-09-26 19:05:06,716][INFO|database.py-_apply_versioned_migrations:452] >> [schema] DB 스키마 버전 2 적용
[2026-09-26 19:05:06,718][INFO|database.py-_apply_versioned_migrations:452] >> [schema] DB 스키마 버전 3 적용
[2026-09-26 19:05:06,742][INFO|database.py-_apply_versioned_migrations:452] >> [schema] DB 스키마 버전 4 적용
[2026-09-26 19:05:06,771][INFO|duplicate_group_service.py-_log_info:53] >> [duplicate] payload exact 중복군 0개, 멤버 0건 재생성
[2026-09-26 19:05:06,825][INFO|start.py-_run_rebuild_process:286] >> [rebuild] 목록 수집 시작 (run 5110076371984315875081704c6ae28d)
[2026-09-26 19:05:06,835][INFO|database.py-title_to_sql:694] >> 총 3건 title 테이블 upsert 완료. (신규: 3건)
[2026-09-26 19:05:06,837][INFO|start.py-_rebuild_register_list:184] >> [rebuild] 목록 등록 완료: 3건 (신규 3건)
[2026-09-26 19:05:06,838][INFO|start.py-_run_rebuild_process:315] >> [rebuild] 상세 크롤링 대상 3건 (checkpoint: 미완료만)
[2026-09-26 19:05:06,844][INFO|start.py-_rebuild_consume_details:272] >> [rebuild] 상세 저장 3건 (변경/신규 3건)
.[2026-09-26 19:05:06,869][INFO|database.py-upgrade_schema:285] >> 테이블 'admin_users' 생성 중...
[2026-09-26 19:05:06,872][INFO|database.py-upgrade_schema:285] >> 테이블 'api_keys' 생성 중...
[2026-09-26 19:05:06,874][INFO|database.py-upgrade_schema:285] >> 테이블 'mysafety' 생성 중...
[2026-09-26 19:05:06,875][INFO|database.py-upgrade_schema:285] >> 테이블 'mysafety_change_cursor' 생성 중...
[2026-09-26 19:05:06,877][INFO|database.py-upgrade_schema:285] >> 테이블 'mysafety_change_log' 생성 중...
[2026-09-26 19:05:06,879][INFO|database.py-upgrade_schema:285] >> 테이블 'mysafety_duplicate_decision' 생성 중...
[2026-09-26 19:05:06,881][INFO|database.py-upgrade_schema:285] >> 테이블 'mysafety_duplicate_group' 생성 중...
[2026-09-26 19:05:06,883][INFO|database.py-upgrade_schema:285] >> 테이블 'mysafety_duplicate_member' 생성 중...
[2026-09-26 19:05:06,884][INFO|database.py-upgrade_schema:285] >> 테이블 'mysafety_entry_value' 생성 중...
[2026-09-26 19:05:06,886][INFO|database.py-upgrade_schema:285] >> 테이블 'mysafety_geocode_cache' 생성 중...
[2026-09-26 19:05:06,888][INFO|database.py-upgrade_schema:285] >> 테이블 'mysafety_raw_content' 생성 중...
[2026-09-26 19:05:06,892][INFO|database.py-upgrade_schema:285] >> 테이블 'mysafety_report_override' 생성 중...
[2026-09-26 19:05:06,896][INFO|database.py-upgrade_schema:285] >> 테이블 'mysafety_sync_meta' 생성 중...
[2026-09-26 19:05:06,898][INFO|database.py-upgrade_schema:285] >> 테이블 'mysafety_watchlist' 생성 중...
[2026-09-26 19:05:06,900][INFO|database.py-upgrade_schema:285] >> 테이블 'mysafetydetail_other' 생성 중...
[2026-09-26 19:05:06,903][INFO|database.py-upgrade_schema:285] >> 테이블 'mysafetydetail_parking' 생성 중...
[2026-09-26 19:05:06,905][INFO|database.py-upgrade_schema:285] >> 테이블 'mysafetydetail_traffic' 생성 중...
[2026-09-26 19:05:06,907][INFO|database.py-upgrade_schema:285] >> 테이블 'mysafetymerge_other' 생성 중...
[2026-09-26 19:05:06,909][INFO|database.py-upgrade_schema:285] >> 테이블 'mysafetymerge_parking' 생성 중...
[2026-09-26 19:05:06,911][INFO|database.py-upgrade_schema:285] >> 테이블 'mysafetymerge_traffic' 생성 중...
[2026-09-26 19:05:06,915][INFO|database.py-_apply_versioned_migrations:452] >> [schema] DB 스키마 버전 1 적용
[2026-09-26 19:05:06,923][INFO|database.py-_apply_versioned_migrations:452] >> [schema] DB 스키마 버전 2 적용
[2026-09-26 19:05:06,925][INFO|database.py-_apply_versioned_migrations:452] >> [schema] DB 스키마 버전 3 적용
[2026-09-26 19:05:06,939][INFO|database.py-_apply_versioned_migrations:452] >> [schema] DB 스키마 버전 4 적용
[2026-09-26 19:05:06,977][INFO|duplicate_group_service.py-_log_info:53] >> [duplicate] payload exact 중복군 0개, 멤버 0건 재생성
[2026-09-26 19:05:07,019][WARNING|crawl_control.py-_refuse_ambiguous:94] >> [crawl] 요청 번호 모호성 검사 생략: DatabaseError
.[2026-09-26 19:05:07,032][INFO|database.py-upgrade_schema:285] >> 테이블 'admin_users' 생성 중...
[2026-09-26 19:05:07,036][INFO|database.py-upgrade_schema:285] >> 테이블 'api_keys' 생성 중...
[2026-09-26 19:05:07,038][INFO|database.py-upgrade_schema:285] >> 테이블 'mysafety' 생성 중...
[2026-09-26 19:05:07,041][INFO|database.py-upgrade_schema:285] >> 테이블 'mysafety_change_cursor' 생성 중...
[2026-09-26 19:05:07,046][INFO|database.py-upgrade_schema:285] >> 테이블 'mysafety_change_log' 생성 중...
[2026-09-26 19:05:07,051][INFO|database.py-upgrade_schema:285] >> 테이블 'mysafety_duplicate_decision' 생성 중...
[2026-09-26 19:05:07,053][INFO|database.py-upgrade_schema:285] >> 테이블 'mysafety_duplicate_group' 생성 중...
[2026-09-26 19:05:07,055][INFO|database.py-upgrade_schema:285] >> 테이블 'mysafety_duplicate_member' 생성 중...
[2026-09-26 19:05:07,057][INFO|database.py-upgrade_schema:285] >> 테이블 'mysafety_entry_value' 생성 중...
[2026-09-26 19:05:07,058][INFO|database.py-upgrade_schema:285] >> 테이블 'mysafety_geocode_cache' 생성 중...
[2026-09-26 19:05:07,060][INFO|database.py-upgrade_schema:285] >> 테이블 'mysafety_raw_content' 생성 중...
[2026-09-26 19:05:07,061][INFO|database.py-upgrade_schema:285] >> 테이블 'mysafety_report_override' 생성 중...
[2026-09-26 19:05:07,063][INFO|database.py-upgrade_schema:285] >> 테이블 'mysafety_sync_meta' 생성 중...
[2026-09-26 19:05:07,067][INFO|database.py-upgrade_schema:285] >> 테이블 'mysafety_watchlist' 생성 중...
[2026-09-26 19:05:07,069][INFO|database.py-upgrade_schema:285] >> 테이블 'mysafetydetail_other' 생성 중...
[2026-09-26 19:05:07,073][INFO|database.py-upgrade_schema:285] >> 테이블 'mysafetydetail_parking' 생성 중...
[2026-09-26 19:05:07,075][INFO|database.py-upgrade_schema:285] >> 테이블 'mysafetydetail_traffic' 생성 중...
[2026-09-26 19:05:07,078][INFO|database.py-upgrade_schema:285] >> 테이블 'mysafetymerge_other' 생성 중...
[2026-09-26 19:05:07,080][INFO|database.py-upgrade_schema:285] >> 테이블 'mysafetymerge_parking' 생성 중...
[2026-09-26 19:05:07,082][INFO|database.py-upgrade_schema:285] >> 테이블 'mysafetymerge_traffic' 생성 중...
[2026-09-26 19:05:07,085][INFO|database.py-_apply_versioned_migrations:452] >> [schema] DB 스키마 버전 1 적용
[2026-09-26 19:05:07,096][INFO|database.py-_apply_versioned_migrations:452] >> [schema] DB 스키마 버전 2 적용
/home/better0101/projects/safetyreport/.venv/lib/python3.14/site-packages/sqlalchemy/engine/cursor.py:1529: ResourceWarning: unclosed database in <sqlite3.Connection object at 0x76be644c9300>
  def __init__(
ResourceWarning: Enable tracemalloc to get the object allocation traceback
[2026-09-26 19:05:07,105][INFO|database.py-_apply_versioned_migrations:452] >> [schema] DB 스키마 버전 3 적용
[2026-09-26 19:05:07,122][INFO|database.py-_apply_versioned_migrations:452] >> [schema] DB 스키마 버전 4 적용
[2026-09-26 19:05:07,154][INFO|duplicate_group_service.py-_log_info:53] >> [duplicate] payload exact 중복군 0개, 멤버 0건 재생성
.[2026-09-26 19:05:07,169][INFO|database.py-upgrade_schema:285] >> 테이블 'admin_users' 생성 중...
[2026-09-26 19:05:07,176][INFO|database.py-upgrade_schema:285] >> 테이블 'api_keys' 생성 중...
[2026-09-26 19:05:07,179][INFO|database.py-upgrade_schema:285] >> 테이블 'mysafety' 생성 중...
[2026-09-26 19:05:07,186][INFO|database.py-upgrade_schema:285] >> 테이블 'mysafety_change_cursor' 생성 중...
[2026-09-26 19:05:07,189][INFO|database.py-upgrade_schema:285] >> 테이블 'mysafety_change_log' 생성 중...
[2026-09-26 19:05:07,192][INFO|database.py-upgrade_schema:285] >> 테이블 'mysafety_duplicate_decision' 생성 중...
[2026-09-26 19:05:07,194][INFO|database.py-upgrade_schema:285] >> 테이블 'mysafety_duplicate_group' 생성 중...
[2026-09-26 19:05:07,195][INFO|database.py-upgrade_schema:285] >> 테이블 'mysafety_duplicate_member' 생성 중...
[2026-09-26 19:05:07,198][INFO|database.py-upgrade_schema:285] >> 테이블 'mysafety_entry_value' 생성 중...
[2026-09-26 19:05:07,199][INFO|database.py-upgrade_schema:285] >> 테이블 'mysafety_geocode_cache' 생성 중...
[2026-09-26 19:05:07,201][INFO|database.py-upgrade_schema:285] >> 테이블 'mysafety_raw_content' 생성 중...
[2026-09-26 19:05:07,202][INFO|database.py-upgrade_schema:285] >> 테이블 'mysafety_report_override' 생성 중...
[2026-09-26 19:05:07,204][INFO|database.py-upgrade_schema:285] >> 테이블 'mysafety_sync_meta' 생성 중...
[2026-09-26 19:05:07,206][INFO|database.py-upgrade_schema:285] >> 테이블 'mysafety_watchlist' 생성 중...
[2026-09-26 19:05:07,207][INFO|database.py-upgrade_schema:285] >> 테이블 'mysafetydetail_other' 생성 중...
[2026-09-26 19:05:07,209][INFO|database.py-upgrade_schema:285] >> 테이블 'mysafetydetail_parking' 생성 중...
[2026-09-26 19:05:07,211][INFO|database.py-upgrade_schema:285] >> 테이블 'mysafetydetail_traffic' 생성 중...
[2026-09-26 19:05:07,213][INFO|database.py-upgrade_schema:285] >> 테이블 'mysafetymerge_other' 생성 중...
[2026-09-26 19:05:07,216][INFO|database.py-upgrade_schema:285] >> 테이블 'mysafetymerge_parking' 생성 중...
[2026-09-26 19:05:07,218][INFO|database.py-upgrade_schema:285] >> 테이블 'mysafetymerge_traffic' 생성 중...
[2026-09-26 19:05:07,223][INFO|database.py-_apply_versioned_migrations:452] >> [schema] DB 스키마 버전 1 적용
[2026-09-26 19:05:07,234][INFO|database.py-_apply_versioned_migrations:452] >> [schema] DB 스키마 버전 2 적용
[2026-09-26 19:05:07,237][INFO|database.py-_apply_versioned_migrations:452] >> [schema] DB 스키마 버전 3 적용
[2026-09-26 19:05:07,258][INFO|database.py-_apply_versioned_migrations:452] >> [schema] DB 스키마 버전 4 적용
/home/better0101/projects/safetyreport/.venv/lib/python3.14/site-packages/sqlalchemy/util/langhelpers.py:1109: ResourceWarning: unclosed database in <sqlite3.Connection object at 0x76be7411b5b0>
  def __get__(self, obj, cls):
ResourceWarning: Enable tracemalloc to get the object allocation traceback
[2026-09-26 19:05:07,297][INFO|duplicate_group_service.py-_log_info:53] >> [duplicate] payload exact 중복군 0개, 멤버 0건 재생성
.[2026-09-26 19:05:07,309][INFO|database.py-upgrade_schema:285] >> 테이블 'admin_users' 생성 중...
[2026-09-26 19:05:07,312][INFO|database.py-upgrade_schema:285] >> 테이블 'api_keys' 생성 중...
[2026-09-26 19:05:07,317][INFO|database.py-upgrade_schema:285] >> 테이블 'mysafety' 생성 중...
[2026-09-26 19:05:07,321][INFO|database.py-upgrade_schema:285] >> 테이블 'mysafety_change_cursor' 생성 중...
[2026-09-26 19:05:07,323][INFO|database.py-upgrade_schema:285] >> 테이블 'mysafety_change_log' 생성 중...
[2026-09-26 19:05:07,327][INFO|database.py-upgrade_schema:285] >> 테이블 'mysafety_duplicate_decision' 생성 중...
[2026-09-26 19:05:07,330][INFO|database.py-upgrade_schema:285] >> 테이블 'mysafety_duplicate_group' 생성 중...
[2026-09-26 19:05:07,332][INFO|database.py-upgrade_schema:285] >> 테이블 'mysafety_duplicate_member' 생성 중...
[2026-09-26 19:05:07,334][INFO|database.py-upgrade_schema:285] >> 테이블 'mysafety_entry_value' 생성 중...
[2026-09-26 19:05:07,336][INFO|database.py-upgrade_schema:285] >> 테이블 'mysafety_geocode_cache' 생성 중...
[2026-09-26 19:05:07,337][INFO|database.py-upgrade_schema:285] >> 테이블 'mysafety_raw_content' 생성 중...
[2026-09-26 19:05:07,340][INFO|database.py-upgrade_schema:285] >> 테이블 'mysafety_report_override' 생성 중...
[2026-09-26 19:05:07,343][INFO|database.py-upgrade_schema:285] >> 테이블 'mysafety_sync_meta' 생성 중...
[2026-09-26 19:05:07,345][INFO|database.py-upgrade_schema:285] >> 테이블 'mysafety_watchlist' 생성 중...
[2026-09-26 19:05:07,351][INFO|database.py-upgrade_schema:285] >> 테이블 'mysafetydetail_other' 생성 중...
[2026-09-26 19:05:07,354][INFO|database.py-upgrade_schema:285] >> 테이블 'mysafetydetail_parking' 생성 중...
[2026-09-26 19:05:07,356][INFO|database.py-upgrade_schema:285] >> 테이블 'mysafetydetail_traffic' 생성 중...
[2026-09-26 19:05:07,358][INFO|database.py-upgrade_schema:285] >> 테이블 'mysafetymerge_other' 생성 중...
[2026-09-26 19:05:07,359][INFO|database.py-upgrade_schema:285] >> 테이블 'mysafetymerge_parking' 생성 중...
[2026-09-26 19:05:07,361][INFO|database.py-upgrade_schema:285] >> 테이블 'mysafetymerge_traffic' 생성 중...
[2026-09-26 19:05:07,366][INFO|database.py-_apply_versioned_migrations:452] >> [schema] DB 스키마 버전 1 적용
[2026-09-26 19:05:07,372][INFO|database.py-_apply_versioned_migrations:452] >> [schema] DB 스키마 버전 2 적용
[2026-09-26 19:05:07,375][INFO|database.py-_apply_versioned_migrations:452] >> [schema] DB 스키마 버전 3 적용
[2026-09-26 19:05:07,394][INFO|database.py-_apply_versioned_migrations:452] >> [schema] DB 스키마 버전 4 적용
[2026-09-26 19:05:07,419][INFO|duplicate_group_service.py-_log_info:53] >> [duplicate] payload exact 중복군 0개, 멤버 0건 재생성
...[2026-09-26 19:05:07,438][INFO|database.py-upgrade_schema:285] >> 테이블 'admin_users' 생성 중...
[2026-09-26 19:05:07,448][INFO|database.py-upgrade_schema:285] >> 테이블 'api_keys' 생성 중...
[2026-09-26 19:05:07,450][INFO|database.py-upgrade_schema:285] >> 테이블 'mysafety' 생성 중...
[2026-09-26 19:05:07,452][INFO|database.py-upgrade_schema:285] >> 테이블 'mysafety_change_cursor' 생성 중...
[2026-09-26 19:05:07,457][INFO|database.py-upgrade_schema:285] >> 테이블 'mysafety_change_log' 생성 중...
[2026-09-26 19:05:07,459][INFO|database.py-upgrade_schema:285] >> 테이블 'mysafety_duplicate_decision' 생성 중...
[2026-09-26 19:05:07,465][INFO|database.py-upgrade_schema:285] >> 테이블 'mysafety_duplicate_group' 생성 중...
[2026-09-26 19:05:07,468][INFO|database.py-upgrade_schema:285] >> 테이블 'mysafety_duplicate_member' 생성 중...
[2026-09-26 19:05:07,470][INFO|database.py-upgrade_schema:285] >> 테이블 'mysafety_entry_value' 생성 중...
[2026-09-26 19:05:07,472][INFO|database.py-upgrade_schema:285] >> 테이블 'mysafety_geocode_cache' 생성 중...
[2026-09-26 19:05:07,474][INFO|database.py-upgrade_schema:285] >> 테이블 'mysafety_raw_content' 생성 중...
[2026-09-26 19:05:07,476][INFO|database.py-upgrade_schema:285] >> 테이블 'mysafety_report_override' 생성 중...
[2026-09-26 19:05:07,477][INFO|database.py-upgrade_schema:285] >> 테이블 'mysafety_sync_meta' 생성 중...
[2026-09-26 19:05:07,479][INFO|database.py-upgrade_schema:285] >> 테이블 'mysafety_watchlist' 생성 중...
[2026-09-26 19:05:07,480][INFO|database.py-upgrade_schema:285] >> 테이블 'mysafetydetail_other' 생성 중...
[2026-09-26 19:05:07,482][INFO|database.py-upgrade_schema:285] >> 테이블 'mysafetydetail_parking' 생성 중...
[2026-09-26 19:05:07,488][INFO|database.py-upgrade_schema:285] >> 테이블 'mysafetydetail_traffic' 생성 중...
[2026-09-26 19:05:07,490][INFO|database.py-upgrade_schema:285] >> 테이블 'mysafetymerge_other' 생성 중...
[2026-09-26 19:05:07,492][INFO|database.py-upgrade_schema:285] >> 테이블 'mysafetymerge_parking' 생성 중...
[2026-09-26 19:05:07,500][INFO|database.py-upgrade_schema:285] >> 테이블 'mysafetymerge_traffic' 생성 중...
[2026-09-26 19:05:07,504][INFO|database.py-_apply_versioned_migrations:452] >> [schema] DB 스키마 버전 1 적용
[2026-09-26 19:05:07,511][INFO|database.py-_apply_versioned_migrations:452] >> [schema] DB 스키마 버전 2 적용
[2026-09-26 19:05:07,515][INFO|database.py-_apply_versioned_migrations:452] >> [schema] DB 스키마 버전 3 적용
[2026-09-26 19:05:07,531][INFO|database.py-_apply_versioned_migrations:452] >> [schema] DB 스키마 버전 4 적용
[2026-09-26 19:05:07,557][INFO|duplicate_group_service.py-_log_info:53] >> [duplicate] payload exact 중복군 0개, 멤버 0건 재생성
[2026-09-26 19:05:07,602][INFO|_client.py-_send_single_request:1025] >> HTTP Request: GET http://testserver/api/v1/community/rebuild "HTTP/1.1 200 OK"
[2026-09-26 19:05:07,605][INFO|_client.py-_send_single_request:1025] >> HTTP Request: POST http://testserver/api/v1/community/rebuild/start "HTTP/1.1 403 Forbidden"
[2026-09-26 19:05:07,611][INFO|_client.py-_send_single_request:1025] >> HTTP Request: POST http://testserver/api/v1/community/rebuild/start "HTTP/1.1 403 Forbidden"
[2026-09-26 19:05:07,625][INFO|_client.py-_send_single_request:1025] >> HTTP Request: POST http://testserver/api/v1/community/rebuild/start "HTTP/1.1 200 OK"
.[2026-09-26 19:05:07,635][INFO|database.py-upgrade_schema:285] >> 테이블 'admin_users' 생성 중...
[2026-09-26 19:05:07,641][INFO|database.py-upgrade_schema:285] >> 테이블 'api_keys' 생성 중...
[2026-09-26 19:05:07,643][INFO|database.py-upgrade_schema:285] >> 테이블 'mysafety' 생성 중...
[2026-09-26 19:05:07,645][INFO|database.py-upgrade_schema:285] >> 테이블 'mysafety_change_cursor' 생성 중...
[2026-09-26 19:05:07,653][INFO|database.py-upgrade_schema:285] >> 테이블 'mysafety_change_log' 생성 중...
[2026-09-26 19:05:07,655][INFO|database.py-upgrade_schema:285] >> 테이블 'mysafety_duplicate_decision' 생성 중...
[2026-09-26 19:05:07,656][INFO|database.py-upgrade_schema:285] >> 테이블 'mysafety_duplicate_group' 생성 중...
[2026-09-26 19:05:07,658][INFO|database.py-upgrade_schema:285] >> 테이블 'mysafety_duplicate_member' 생성 중...
[2026-09-26 19:05:07,661][INFO|database.py-upgrade_schema:285] >> 테이블 'mysafety_entry_value' 생성 중...
[2026-09-26 19:05:07,662][INFO|database.py-upgrade_schema:285] >> 테이블 'mysafety_geocode_cache' 생성 중...
[2026-09-26 19:05:07,668][INFO|database.py-upgrade_schema:285] >> 테이블 'mysafety_raw_content' 생성 중...
[2026-09-26 19:05:07,670][INFO|database.py-upgrade_schema:285] >> 테이블 'mysafety_report_override' 생성 중...
[2026-09-26 19:05:07,678][INFO|database.py-upgrade_schema:285] >> 테이블 'mysafety_sync_meta' 생성 중...
[2026-09-26 19:05:07,680][INFO|database.py-upgrade_schema:285] >> 테이블 'mysafety_watchlist' 생성 중...
[2026-09-26 19:05:07,682][INFO|database.py-upgrade_schema:285] >> 테이블 'mysafetydetail_other' 생성 중...
[2026-09-26 19:05:07,683][INFO|database.py-upgrade_schema:285] >> 테이블 'mysafetydetail_parking' 생성 중...
[2026-09-26 19:05:07,685][INFO|database.py-upgrade_schema:285] >> 테이블 'mysafetydetail_traffic' 생성 중...
[2026-09-26 19:05:07,687][INFO|database.py-upgrade_schema:285] >> 테이블 'mysafetymerge_other' 생성 중...
[2026-09-26 19:05:07,688][INFO|database.py-upgrade_schema:285] >> 테이블 'mysafetymerge_parking' 생성 중...
[2026-09-26 19:05:07,690][INFO|database.py-upgrade_schema:285] >> 테이블 'mysafetymerge_traffic' 생성 중...
[2026-09-26 19:05:07,694][INFO|database.py-_apply_versioned_migrations:452] >> [schema] DB 스키마 버전 1 적용
[2026-09-26 19:05:07,699][INFO|database.py-_apply_versioned_migrations:452] >> [schema] DB 스키마 버전 2 적용
[2026-09-26 19:05:07,701][INFO|database.py-_apply_versioned_migrations:452] >> [schema] DB 스키마 버전 3 적용
/home/better0101/projects/safetyreport/.venv/lib/python3.14/site-packages/sqlalchemy/sql/compiler.py:1436: ResourceWarning: unclosed database in <sqlite3.Connection object at 0x76be41f866b0>
  self._numeric_binds = nb = dialect.paramstyle.startswith("numeric")
ResourceWarning: Enable tracemalloc to get the object allocation traceback
/home/better0101/projects/safetyreport/.venv/lib/python3.14/site-packages/sqlalchemy/sql/compiler.py:1436: ResourceWarning: unclosed database in <sqlite3.Connection object at 0x76be41f86890>
  self._numeric_binds = nb = dialect.paramstyle.startswith("numeric")
ResourceWarning: Enable tracemalloc to get the object allocation traceback
[2026-09-26 19:05:07,719][INFO|database.py-_apply_versioned_migrations:452] >> [schema] DB 스키마 버전 4 적용
[2026-09-26 19:05:07,749][INFO|duplicate_group_service.py-_log_info:53] >> [duplicate] payload exact 중복군 0개, 멤버 0건 재생성
[2026-09-26 19:05:07,795][INFO|_client.py-_send_single_request:1025] >> HTTP Request: GET http://testserver/settings/community/rebuild "HTTP/1.1 200 OK"
.[2026-09-26 19:05:07,810][INFO|database.py-upgrade_schema:285] >> 테이블 'admin_users' 생성 중...
[2026-09-26 19:05:07,815][INFO|database.py-upgrade_schema:285] >> 테이블 'api_keys' 생성 중...
[2026-09-26 19:05:07,817][INFO|database.py-upgrade_schema:285] >> 테이블 'mysafety' 생성 중...
[2026-09-26 19:05:07,819][INFO|database.py-upgrade_schema:285] >> 테이블 'mysafety_change_cursor' 생성 중...
[2026-09-26 19:05:07,826][INFO|database.py-upgrade_schema:285] >> 테이블 'mysafety_change_log' 생성 중...
[2026-09-26 19:05:07,828][INFO|database.py-upgrade_schema:285] >> 테이블 'mysafety_duplicate_decision' 생성 중...
[2026-09-26 19:05:07,830][INFO|database.py-upgrade_schema:285] >> 테이블 'mysafety_duplicate_group' 생성 중...
[2026-09-26 19:05:07,835][INFO|database.py-upgrade_schema:285] >> 테이블 'mysafety_duplicate_member' 생성 중...
[2026-09-26 19:05:07,838][INFO|database.py-upgrade_schema:285] >> 테이블 'mysafety_entry_value' 생성 중...
[2026-09-26 19:05:07,840][INFO|database.py-upgrade_schema:285] >> 테이블 'mysafety_geocode_cache' 생성 중...
[2026-09-26 19:05:07,845][INFO|database.py-upgrade_schema:285] >> 테이블 'mysafety_raw_content' 생성 중...
[2026-09-26 19:05:07,848][INFO|database.py-upgrade_schema:285] >> 테이블 'mysafety_report_override' 생성 중...
[2026-09-26 19:05:07,850][INFO|database.py-upgrade_schema:285] >> 테이블 'mysafety_sync_meta' 생성 중...
[2026-09-26 19:05:07,852][INFO|database.py-upgrade_schema:285] >> 테이블 'mysafety_watchlist' 생성 중...
[2026-09-26 19:05:07,853][INFO|database.py-upgrade_schema:285] >> 테이블 'mysafetydetail_other' 생성 중...
[2026-09-26 19:05:07,855][INFO|database.py-upgrade_schema:285] >> 테이블 'mysafetydetail_parking' 생성 중...
[2026-09-26 19:05:07,861][INFO|database.py-upgrade_schema:285] >> 테이블 'mysafetydetail_traffic' 생성 중...
[2026-09-26 19:05:07,864][INFO|database.py-upgrade_schema:285] >> 테이블 'mysafetymerge_other' 생성 중...
[2026-09-26 19:05:07,866][INFO|database.py-upgrade_schema:285] >> 테이블 'mysafetymerge_parking' 생성 중...
[2026-09-26 19:05:07,868][INFO|database.py-upgrade_schema:285] >> 테이블 'mysafetymerge_traffic' 생성 중...
[2026-09-26 19:05:07,874][INFO|database.py-_apply_versioned_migrations:452] >> [schema] DB 스키마 버전 1 적용
[2026-09-26 19:05:07,883][INFO|database.py-_apply_versioned_migrations:452] >> [schema] DB 스키마 버전 2 적용
[2026-09-26 19:05:07,888][INFO|database.py-_apply_versioned_migrations:452] >> [schema] DB 스키마 버전 3 적용
[2026-09-26 19:05:07,907][INFO|database.py-_apply_versioned_migrations:452] >> [schema] DB 스키마 버전 4 적용
/home/better0101/projects/safetyreport/.venv/lib/python3.14/site-packages/sqlalchemy/sql/compiler.py:740: ResourceWarning: unclosed database in <sqlite3.Connection object at 0x76be41f85a80>
  stack.extendleft(edge[not edge.index(node)] for edge in to_remove)
ResourceWarning: Enable tracemalloc to get the object allocation traceback
[2026-09-26 19:05:07,948][INFO|duplicate_group_service.py-_log_info:53] >> [duplicate] payload exact 중복군 0개, 멤버 0건 재생성
[2026-09-26 19:05:07,957][INFO|_client.py-_send_single_request:1025] >> HTTP Request: POST http://testserver/settings/community/rebuild/start "HTTP/1.1 409 Conflict"
.[2026-09-26 19:05:07,968][INFO|database.py-upgrade_schema:285] >> 테이블 'admin_users' 생성 중...
[2026-09-26 19:05:07,971][INFO|database.py-upgrade_schema:285] >> 테이블 'api_keys' 생성 중...
[2026-09-26 19:05:07,973][INFO|database.py-upgrade_schema:285] >> 테이블 'mysafety' 생성 중...
[2026-09-26 19:05:07,975][INFO|database.py-upgrade_schema:285] >> 테이블 'mysafety_change_cursor' 생성 중...
[2026-09-26 19:05:07,977][INFO|database.py-upgrade_schema:285] >> 테이블 'mysafety_change_log' 생성 중...
[2026-09-26 19:05:07,978][INFO|database.py-upgrade_schema:285] >> 테이블 'mysafety_duplicate_decision' 생성 중...
[2026-09-26 19:05:07,980][INFO|database.py-upgrade_schema:285] >> 테이블 'mysafety_duplicate_group' 생성 중...
[2026-09-26 19:05:07,982][INFO|database.py-upgrade_schema:285] >> 테이블 'mysafety_duplicate_member' 생성 중...
[2026-09-26 19:05:07,984][INFO|database.py-upgrade_schema:285] >> 테이블 'mysafety_entry_value' 생성 중...
[2026-09-26 19:05:07,988][INFO|database.py-upgrade_schema:285] >> 테이블 'mysafety_geocode_cache' 생성 중...
[2026-09-26 19:05:07,990][INFO|database.py-upgrade_schema:285] >> 테이블 'mysafety_raw_content' 생성 중...
[2026-09-26 19:05:07,991][INFO|database.py-upgrade_schema:285] >> 테이블 'mysafety_report_override' 생성 중...
[2026-09-26 19:05:07,993][INFO|database.py-upgrade_schema:285] >> 테이블 'mysafety_sync_meta' 생성 중...
[2026-09-26 19:05:07,994][INFO|database.py-upgrade_schema:285] >> 테이블 'mysafety_watchlist' 생성 중...
[2026-09-26 19:05:07,995][INFO|database.py-upgrade_schema:285] >> 테이블 'mysafetydetail_other' 생성 중...
[2026-09-26 19:05:07,998][INFO|database.py-upgrade_schema:285] >> 테이블 'mysafetydetail_parking' 생성 중...
[2026-09-26 19:05:08,000][INFO|database.py-upgrade_schema:285] >> 테이블 'mysafetydetail_traffic' 생성 중...
[2026-09-26 19:05:08,002][INFO|database.py-upgrade_schema:285] >> 테이블 'mysafetymerge_other' 생성 중...
[2026-09-26 19:05:08,004][INFO|database.py-upgrade_schema:285] >> 테이블 'mysafetymerge_parking' 생성 중...
[2026-09-26 19:05:08,006][INFO|database.py-upgrade_schema:285] >> 테이블 'mysafetymerge_traffic' 생성 중...
[2026-09-26 19:05:08,009][INFO|database.py-_apply_versioned_migrations:452] >> [schema] DB 스키마 버전 1 적용
[2026-09-26 19:05:08,015][INFO|database.py-_apply_versioned_migrations:452] >> [schema] DB 스키마 버전 2 적용
[2026-09-26 19:05:08,017][INFO|database.py-_apply_versioned_migrations:452] >> [schema] DB 스키마 버전 3 적용
[2026-09-26 19:05:08,042][INFO|database.py-_apply_versioned_migrations:452] >> [schema] DB 스키마 버전 4 적용
[2026-09-26 19:05:08,079][INFO|duplicate_group_service.py-_log_info:53] >> [duplicate] payload exact 중복군 0개, 멤버 0건 재생성
[2026-09-26 19:05:08,140][INFO|_client.py-_send_single_request:1025] >> HTTP Request: GET http://testserver/settings/community/rebuild "HTTP/1.1 200 OK"
[2026-09-26 19:05:08,158][INFO|_client.py-_send_single_request:1025] >> HTTP Request: POST http://testserver/settings/community/rebuild/start "HTTP/1.1 200 OK"
[2026-09-26 19:05:08,169][INFO|_client.py-_send_single_request:1025] >> HTTP Request: POST http://testserver/settings/community/rebuild/pause "HTTP/1.1 200 OK"
[2026-09-26 19:05:08,178][INFO|_client.py-_send_single_request:1025] >> HTTP Request: POST http://testserver/settings/community/rebuild/resume "HTTP/1.1 200 OK"
[2026-09-26 19:05:08,180][INFO|_client.py-_send_single_request:1025] >> HTTP Request: POST http://testserver/settings/community/rebuild/start "HTTP/1.1 400 Bad Request"
.[2026-09-26 19:05:08,235][INFO|community_schedule.py-catch_up_on_start:187] >> [community] midnight catch-up: succeeded
.[2026-09-26 19:05:08,276][INFO|base.py-add_job:454] >> Adding job tentatively -- it will be properly scheduled when the scheduler starts
[2026-09-26 19:05:08,276][INFO|base.py-add_job:454] >> Adding job tentatively -- it will be properly scheduled when the scheduler starts
[2026-09-26 19:05:08,276][INFO|base.py-remove_job:641] >> Removed job community-midnight-upload
[2026-09-26 19:05:08,276][INFO|base.py-remove_job:641] >> Removed job community-gate-poll
[2026-09-26 19:05:08,276][INFO|base.py-add_job:454] >> Adding job tentatively -- it will be properly scheduled when the scheduler starts
[2026-09-26 19:05:08,276][INFO|base.py-add_job:454] >> Adding job tentatively -- it will be properly scheduled when the scheduler starts
............[2026-09-26 19:05:08,385][INFO|database.py-upgrade_schema:285] >> 테이블 'admin_users' 생성 중...
[2026-09-26 19:05:08,388][INFO|database.py-upgrade_schema:285] >> 테이블 'api_keys' 생성 중...
[2026-09-26 19:05:08,390][INFO|database.py-upgrade_schema:285] >> 테이블 'mysafety' 생성 중...
[2026-09-26 19:05:08,391][INFO|database.py-upgrade_schema:285] >> 테이블 'mysafety_change_cursor' 생성 중...
[2026-09-26 19:05:08,393][INFO|database.py-upgrade_schema:285] >> 테이블 'mysafety_change_log' 생성 중...
[2026-09-26 19:05:08,394][INFO|database.py-upgrade_schema:285] >> 테이블 'mysafety_duplicate_decision' 생성 중...
[2026-09-26 19:05:08,396][INFO|database.py-upgrade_schema:285] >> 테이블 'mysafety_duplicate_group' 생성 중...
[2026-09-26 19:05:08,397][INFO|database.py-upgrade_schema:285] >> 테이블 'mysafety_duplicate_member' 생성 중...
[2026-09-26 19:05:08,399][INFO|database.py-upgrade_schema:285] >> 테이블 'mysafety_entry_value' 생성 중...
[2026-09-26 19:05:08,400][INFO|database.py-upgrade_schema:285] >> 테이블 'mysafety_geocode_cache' 생성 중...
[2026-09-26 19:05:08,402][INFO|database.py-upgrade_schema:285] >> 테이블 'mysafety_raw_content' 생성 중...
[2026-09-26 19:05:08,406][INFO|database.py-upgrade_schema:285] >> 테이블 'mysafety_report_override' 생성 중...
[2026-09-26 19:05:08,408][INFO|database.py-upgrade_schema:285] >> 테이블 'mysafety_sync_meta' 생성 중...
[2026-09-26 19:05:08,410][INFO|database.py-upgrade_schema:285] >> 테이블 'mysafety_watchlist' 생성 중...
[2026-09-26 19:05:08,412][INFO|database.py-upgrade_schema:285] >> 테이블 'mysafetydetail_other' 생성 중...
[2026-09-26 19:05:08,414][INFO|database.py-upgrade_schema:285] >> 테이블 'mysafetydetail_parking' 생성 중...
[2026-09-26 19:05:08,423][INFO|database.py-upgrade_schema:285] >> 테이블 'mysafetydetail_traffic' 생성 중...
[2026-09-26 19:05:08,425][INFO|database.py-upgrade_schema:285] >> 테이블 'mysafetymerge_other' 생성 중...
[2026-09-26 19:05:08,427][INFO|database.py-upgrade_schema:285] >> 테이블 'mysafetymerge_parking' 생성 중...
[2026-09-26 19:05:08,430][INFO|database.py-upgrade_schema:285] >> 테이블 'mysafetymerge_traffic' 생성 중...
[2026-09-26 19:05:08,436][INFO|database.py-_apply_versioned_migrations:452] >> [schema] DB 스키마 버전 1 적용
[2026-09-26 19:05:08,448][INFO|database.py-_apply_versioned_migrations:452] >> [schema] DB 스키마 버전 2 적용
[2026-09-26 19:05:08,450][INFO|database.py-_apply_versioned_migrations:452] >> [schema] DB 스키마 버전 3 적용
[2026-09-26 19:05:08,461][INFO|database.py-_apply_versioned_migrations:452] >> [schema] DB 스키마 버전 4 적용
/home/better0101/projects/safetyreport/.venv/lib/python3.14/site-packages/sqlalchemy/sql/compiler.py:4781: ResourceWarning: unclosed database in <sqlite3.Connection object at 0x76be41f86d40>
  def visit_select(
ResourceWarning: Enable tracemalloc to get the object allocation traceback
/home/better0101/projects/safetyreport/.venv/lib/python3.14/site-packages/sqlalchemy/sql/compiler.py:4781: ResourceWarning: unclosed database in <sqlite3.Connection object at 0x76be41cd08b0>
  def visit_select(
ResourceWarning: Enable tracemalloc to get the object allocation traceback
/home/better0101/projects/safetyreport/.venv/lib/python3.14/site-packages/sqlalchemy/sql/compiler.py:4781: ResourceWarning: unclosed database in <sqlite3.Connection object at 0x76be41cd0d60>
  def visit_select(
ResourceWarning: Enable tracemalloc to get the object allocation traceback
/home/better0101/projects/safetyreport/.venv/lib/python3.14/site-packages/sqlalchemy/sql/compiler.py:4781: ResourceWarning: unclosed database in <sqlite3.Connection object at 0x76be41cd1210>
  def visit_select(
ResourceWarning: Enable tracemalloc to get the object allocation traceback
[2026-09-26 19:05:08,495][INFO|duplicate_group_service.py-_log_info:53] >> [duplicate] payload exact 중복군 0개, 멤버 0건 재생성
[2026-09-26 19:05:08,535][INFO|database.py-backfill_synced_at:100] >> [migration] mysafetydetail_traffic synced_at 백필: 12건, 미해결 0건
[2026-09-26 19:05:08,540][INFO|database.py-backfill_synced_at:100] >> [migration] mysafetydetail_parking synced_at 백필: 6건, 미해결 0건
[2026-09-26 19:05:08,544][INFO|database.py-backfill_synced_at:100] >> [migration] mysafetydetail_other synced_at 백필: 6건, 미해결 0건
[2026-09-26 19:05:08,546][INFO|database.py-backfill_synced_at:105] >> [migration] synced_at 백필 완료: 총 24건 갱신, merge 재생성 시작
[2026-09-26 19:05:08,562][INFO|database.py-merge_final:736] >> 최종 데이터 병합 완료 (Traffic/Parking/Other 분리)
[2026-09-26 19:05:08,587][INFO|duplicate_group_service.py-_log_info:53] >> [duplicate] payload exact 중복군 1개, 멤버 2건 재생성
[2026-09-26 19:05:08,604][INFO|database.py-merge_final:736] >> 최종 데이터 병합 완료 (Traffic/Parking/Other 분리)
[2026-09-26 19:05:08,630][INFO|duplicate_group_service.py-_log_info:53] >> [duplicate] payload exact 중복군 1개, 멤버 2건 재생성
[2026-09-26 19:05:08,840][INFO|database.py-_normalize_processing_layers:188] >> [migration] raw/canonical 상태 정규화 완료: 총 5건 갱신
[2026-09-26 19:05:08,857][INFO|database.py-merge_final:736] >> 최종 데이터 병합 완료 (Traffic/Parking/Other 분리)
/home/better0101/projects/safetyreport/.venv/lib/python3.14/site-packages/pandas/core/internals/blocks.py:2216: ResourceWarning: unclosed database in <sqlite3.Connection object at 0x76beb79a5d50>
  def get_block_type(dtype: DtypeObj) -> type[Block]:
ResourceWarning: Enable tracemalloc to get the object allocation traceback
/home/better0101/projects/safetyreport/.venv/lib/python3.14/site-packages/pandas/core/internals/blocks.py:2216: ResourceWarning: unclosed database in <sqlite3.Connection object at 0x76beb7961d50>
  def get_block_type(dtype: DtypeObj) -> type[Block]:
ResourceWarning: Enable tracemalloc to get the object allocation traceback
/home/better0101/projects/safetyreport/.venv/lib/python3.14/site-packages/pandas/core/internals/blocks.py:2216: ResourceWarning: unclosed database in <sqlite3.Connection object at 0x76beb79a53f0>
  def get_block_type(dtype: DtypeObj) -> type[Block]:
ResourceWarning: Enable tracemalloc to get the object allocation traceback
/home/better0101/projects/safetyreport/.venv/lib/python3.14/site-packages/pandas/core/internals/blocks.py:2216: ResourceWarning: unclosed database in <sqlite3.Connection object at 0x76be857c6d40>
  def get_block_type(dtype: DtypeObj) -> type[Block]:
ResourceWarning: Enable tracemalloc to get the object allocation traceback
/home/better0101/projects/safetyreport/.venv/lib/python3.14/site-packages/pandas/core/internals/blocks.py:2216: ResourceWarning: unclosed database in <sqlite3.Connection object at 0x76be84594a90>
  def get_block_type(dtype: DtypeObj) -> type[Block]:
ResourceWarning: Enable tracemalloc to get the object allocation traceback
[2026-09-26 19:05:09,188][INFO|duplicate_group_service.py-_log_info:53] >> [duplicate] payload exact 중복군 1개, 멤버 2건 재생성
[2026-09-26 19:05:09,210][INFO|database.py-merge_final:736] >> 최종 데이터 병합 완료 (Traffic/Parking/Other 분리)
[2026-09-26 19:05:09,231][INFO|duplicate_group_service.py-_log_info:53] >> [duplicate] payload exact 중복군 0개, 멤버 0건 재생성
[2026-09-26 19:05:09,259][INFO|exchange.py-_restore_exclusive:413] >> mobile DB 복원 완료. 백업: /tmp/claude-1000/-home-better0101-projects-safetyreport/aa9d30e6-e7a5-4376-8fce-c9fb26682fbe/scratchpad/tmp.85iy7vc2dN/backups/data_before_restore_20260926_190509.db, 신고건수: 1
.[2026-09-26 19:05:09,273][INFO|database.py-upgrade_schema:285] >> 테이블 'admin_users' 생성 중...
[2026-09-26 19:05:09,286][INFO|database.py-upgrade_schema:285] >> 테이블 'api_keys' 생성 중...
[2026-09-26 19:05:09,289][INFO|database.py-upgrade_schema:285] >> 테이블 'mysafety' 생성 중...
[2026-09-26 19:05:09,291][INFO|database.py-upgrade_schema:285] >> 테이블 'mysafety_change_cursor' 생성 중...
[2026-09-26 19:05:09,293][INFO|database.py-upgrade_schema:285] >> 테이블 'mysafety_change_log' 생성 중...
[2026-09-26 19:05:09,295][INFO|database.py-upgrade_schema:285] >> 테이블 'mysafety_duplicate_decision' 생성 중...
[2026-09-26 19:05:09,297][INFO|database.py-upgrade_schema:285] >> 테이블 'mysafety_duplicate_group' 생성 중...
[2026-09-26 19:05:09,299][INFO|database.py-upgrade_schema:285] >> 테이블 'mysafety_duplicate_member' 생성 중...
[2026-09-26 19:05:09,301][INFO|database.py-upgrade_schema:285] >> 테이블 'mysafety_entry_value' 생성 중...
[2026-09-26 19:05:09,303][INFO|database.py-upgrade_schema:285] >> 테이블 'mysafety_geocode_cache' 생성 중...
[2026-09-26 19:05:09,307][INFO|database.py-upgrade_schema:285] >> 테이블 'mysafety_raw_content' 생성 중...
[2026-09-26 19:05:09,312][INFO|database.py-upgrade_schema:285] >> 테이블 'mysafety_report_override' 생성 중...
[2026-09-26 19:05:09,316][INFO|database.py-upgrade_schema:285] >> 테이블 'mysafety_sync_meta' 생성 중...
[2026-09-26 19:05:09,319][INFO|database.py-upgrade_schema:285] >> 테이블 'mysafety_watchlist' 생성 중...
[2026-09-26 19:05:09,323][INFO|database.py-upgrade_schema:285] >> 테이블 'mysafetydetail_other' 생성 중...
[2026-09-26 19:05:09,326][INFO|database.py-upgrade_schema:285] >> 테이블 'mysafetydetail_parking' 생성 중...
[2026-09-26 19:05:09,329][INFO|database.py-upgrade_schema:285] >> 테이블 'mysafetydetail_traffic' 생성 중...
[2026-09-26 19:05:09,332][INFO|database.py-upgrade_schema:285] >> 테이블 'mysafetymerge_other' 생성 중...
[2026-09-26 19:05:09,334][INFO|database.py-upgrade_schema:285] >> 테이블 'mysafetymerge_parking' 생성 중...
[2026-09-26 19:05:09,339][INFO|database.py-upgrade_schema:285] >> 테이블 'mysafetymerge_traffic' 생성 중...
[2026-09-26 19:05:09,354][INFO|database.py-_apply_versioned_migrations:452] >> [schema] DB 스키마 버전 1 적용
[2026-09-26 19:05:09,361][INFO|database.py-_apply_versioned_migrations:452] >> [schema] DB 스키마 버전 2 적용
[2026-09-26 19:05:09,364][INFO|database.py-_apply_versioned_migrations:452] >> [schema] DB 스키마 버전 3 적용
[2026-09-26 19:05:09,391][INFO|database.py-_apply_versioned_migrations:452] >> [schema] DB 스키마 버전 4 적용
[2026-09-26 19:05:09,410][INFO|duplicate_group_service.py-_log_info:53] >> [duplicate] payload exact 중복군 0개, 멤버 0건 재생성
[2026-09-26 19:05:09,447][INFO|database.py-backfill_synced_at:100] >> [migration] mysafetydetail_traffic synced_at 백필: 12건, 미해결 0건
[2026-09-26 19:05:09,451][INFO|database.py-backfill_synced_at:100] >> [migration] mysafetydetail_parking synced_at 백필: 6건, 미해결 0건
[2026-09-26 19:05:09,454][INFO|database.py-backfill_synced_at:100] >> [migration] mysafetydetail_other synced_at 백필: 6건, 미해결 0건
[2026-09-26 19:05:09,456][INFO|database.py-backfill_synced_at:105] >> [migration] synced_at 백필 완료: 총 24건 갱신, merge 재생성 시작
[2026-09-26 19:05:09,463][INFO|database.py-merge_final:736] >> 최종 데이터 병합 완료 (Traffic/Parking/Other 분리)
[2026-09-26 19:05:09,490][INFO|duplicate_group_service.py-_log_info:53] >> [duplicate] payload exact 중복군 1개, 멤버 2건 재생성
[2026-09-26 19:05:09,500][INFO|database.py-merge_final:736] >> 최종 데이터 병합 완료 (Traffic/Parking/Other 분리)
[2026-09-26 19:05:09,522][INFO|duplicate_group_service.py-_log_info:53] >> [duplicate] payload exact 중복군 1개, 멤버 2건 재생성
[2026-09-26 19:05:09,703][INFO|database.py-_normalize_processing_layers:188] >> [migration] raw/canonical 상태 정규화 완료: 총 5건 갱신
[2026-09-26 19:05:09,721][INFO|database.py-merge_final:736] >> 최종 데이터 병합 완료 (Traffic/Parking/Other 분리)
[2026-09-26 19:05:09,752][INFO|duplicate_group_service.py-_log_info:53] >> [duplicate] payload exact 중복군 1개, 멤버 2건 재생성
[2026-09-26 19:05:09,772][INFO|database.py-merge_final:736] >> 최종 데이터 병합 완료 (Traffic/Parking/Other 분리)
[2026-09-26 19:05:09,786][INFO|duplicate_group_service.py-_log_info:53] >> [duplicate] payload exact 중복군 0개, 멤버 0건 재생성
.[2026-09-26 19:05:09,805][INFO|scheduler.py-update_jobs:77] >> 스케줄러: 크롤 작업을 제거하고 설정을 초기화했습니다(커뮤니티 작업 유지).
[2026-09-26 19:05:09,805][INFO|scheduler.py-update_jobs:91] >> 스케줄러 업데이트 시작 (모드: cron)
[2026-09-26 19:05:09,806][INFO|base.py-add_job:454] >> Adding job tentatively -- it will be properly scheduled when the scheduler starts
[2026-09-26 19:05:09,806][INFO|scheduler.py-update_jobs:150] >> 스케줄러 등록: 매일 09:00 (ID: cron_09_00, 시스템 시각 기준)
[2026-09-26 19:05:09,806][INFO|base.py-add_job:454] >> Adding job tentatively -- it will be properly scheduled when the scheduler starts
[2026-09-26 19:05:09,806][INFO|scheduler.py-update_jobs:150] >> 스케줄러 등록: 매일 18:30 (ID: cron_18_30, 시스템 시각 기준)
[2026-09-26 19:05:09,806][INFO|base.py-add_job:454] >> Adding job tentatively -- it will be properly scheduled when the scheduler starts
[2026-09-26 19:05:09,806][INFO|base.py-add_job:454] >> Adding job tentatively -- it will be properly scheduled when the scheduler starts
[2026-09-26 19:05:09,806][INFO|scheduler.py-update_jobs:160] >> 현재 활성화된 스케줄러 작업 수: 4개
[2026-09-26 19:05:09,806][INFO|scheduler.py-update_jobs:163] >>  - 작업ID: cron_09_00, 다음 실행예정: None (시스템 시각 기준)
[2026-09-26 19:05:09,806][INFO|scheduler.py-update_jobs:163] >>  - 작업ID: cron_18_30, 다음 실행예정: None (시스템 시각 기준)
[2026-09-26 19:05:09,807][INFO|scheduler.py-update_jobs:163] >>  - 작업ID: community-midnight-upload, 다음 실행예정: None (시스템 시각 기준)
[2026-09-26 19:05:09,807][INFO|scheduler.py-update_jobs:163] >>  - 작업ID: community-gate-poll, 다음 실행예정: None (시스템 시각 기준)
.[2026-09-26 19:05:09,807][INFO|scheduler.py-update_jobs:77] >> 스케줄러: 크롤 작업을 제거하고 설정을 초기화했습니다(커뮤니티 작업 유지).
[2026-09-26 19:05:09,808][INFO|scheduler.py-update_jobs:91] >> 스케줄러 업데이트 시작 (모드: interval)
[2026-09-26 19:05:09,808][INFO|base.py-add_job:454] >> Adding job tentatively -- it will be properly scheduled when the scheduler starts
[2026-09-26 19:05:09,808][INFO|scheduler.py-update_jobs:117] >> 스케줄러: 24시간 간격으로 실행 예약됨. (시작 기준 시각: 00:00)
[2026-09-26 19:05:09,808][INFO|base.py-add_job:454] >> Adding job tentatively -- it will be properly scheduled when the scheduler starts
[2026-09-26 19:05:09,808][INFO|base.py-add_job:454] >> Adding job tentatively -- it will be properly scheduled when the scheduler starts
[2026-09-26 19:05:09,808][INFO|scheduler.py-update_jobs:160] >> 현재 활성화된 스케줄러 작업 수: 3개
[2026-09-26 19:05:09,808][INFO|scheduler.py-update_jobs:163] >>  - 작업ID: crawl_job_interval, 다음 실행예정: None (시스템 시각 기준)
[2026-09-26 19:05:09,808][INFO|scheduler.py-update_jobs:163] >>  - 작업ID: community-midnight-upload, 다음 실행예정: None (시스템 시각 기준)
[2026-09-26 19:05:09,808][INFO|scheduler.py-update_jobs:163] >>  - 작업ID: community-gate-poll, 다음 실행예정: None (시스템 시각 기준)
[2026-09-26 19:05:09,809][INFO|base.py-remove_job:641] >> Removed job crawl_job_interval
[2026-09-26 19:05:09,809][INFO|scheduler.py-update_jobs:77] >> 스케줄러: 크롤 작업을 제거하고 설정을 초기화했습니다(커뮤니티 작업 유지).
[2026-09-26 19:05:09,809][INFO|scheduler.py-update_jobs:86] >> 스케줄러가 비활성화되어 크롤 작업을 제거했습니다(커뮤니티 작업 유지).
[2026-09-26 19:05:09,809][INFO|base.py-add_job:454] >> Adding job tentatively -- it will be properly scheduled when the scheduler starts
[2026-09-26 19:05:09,809][INFO|base.py-add_job:454] >> Adding job tentatively -- it will be properly scheduled when the scheduler starts
.[2026-09-26 19:05:09,810][INFO|scheduler.py-update_jobs:77] >> 스케줄러: 크롤 작업을 제거하고 설정을 초기화했습니다(커뮤니티 작업 유지).
[2026-09-26 19:05:09,810][INFO|scheduler.py-update_jobs:91] >> 스케줄러 업데이트 시작 (모드: interval)
[2026-09-26 19:05:09,810][INFO|base.py-add_job:454] >> Adding job tentatively -- it will be properly scheduled when the scheduler starts
[2026-09-26 19:05:09,810][INFO|scheduler.py-update_jobs:117] >> 스케줄러: 24시간 간격으로 실행 예약됨. (시작 기준 시각: 00:00)
[2026-09-26 19:05:09,810][INFO|base.py-add_job:454] >> Adding job tentatively -- it will be properly scheduled when the scheduler starts
[2026-09-26 19:05:09,810][INFO|base.py-add_job:454] >> Adding job tentatively -- it will be properly scheduled when the scheduler starts
[2026-09-26 19:05:09,810][INFO|scheduler.py-update_jobs:160] >> 현재 활성화된 스케줄러 작업 수: 3개
[2026-09-26 19:05:09,811][INFO|scheduler.py-update_jobs:163] >>  - 작업ID: crawl_job_interval, 다음 실행예정: None (시스템 시각 기준)
[2026-09-26 19:05:09,811][INFO|scheduler.py-update_jobs:163] >>  - 작업ID: community-midnight-upload, 다음 실행예정: None (시스템 시각 기준)
[2026-09-26 19:05:09,811][INFO|scheduler.py-update_jobs:163] >>  - 작업ID: community-gate-poll, 다음 실행예정: None (시스템 시각 기준)
[2026-09-26 19:05:09,811][INFO|base.py-add_job:454] >> Adding job tentatively -- it will be properly scheduled when the scheduler starts
[2026-09-26 19:05:09,811][INFO|base.py-remove_job:641] >> Removed job crawl_job_interval
[2026-09-26 19:05:09,811][INFO|scheduler.py-update_jobs:77] >> 스케줄러: 크롤 작업을 제거하고 설정을 초기화했습니다(커뮤니티 작업 유지).
[2026-09-26 19:05:09,811][INFO|scheduler.py-update_jobs:91] >> 스케줄러 업데이트 시작 (모드: interval)
[2026-09-26 19:05:09,811][INFO|base.py-add_job:454] >> Adding job tentatively -- it will be properly scheduled when the scheduler starts
[2026-09-26 19:05:09,811][INFO|scheduler.py-update_jobs:117] >> 스케줄러: 24시간 간격으로 실행 예약됨. (시작 기준 시각: 00:00)
[2026-09-26 19:05:09,811][INFO|base.py-add_job:454] >> Adding job tentatively -- it will be properly scheduled when the scheduler starts
[2026-09-26 19:05:09,811][INFO|base.py-add_job:454] >> Adding job tentatively -- it will be properly scheduled when the scheduler starts
[2026-09-26 19:05:09,811][INFO|scheduler.py-update_jobs:160] >> 현재 활성화된 스케줄러 작업 수: 6개
[2026-09-26 19:05:09,811][INFO|scheduler.py-update_jobs:163] >>  - 작업ID: community-midnight-upload, 다음 실행예정: None (시스템 시각 기준)
[2026-09-26 19:05:09,811][INFO|scheduler.py-update_jobs:163] >>  - 작업ID: community-gate-poll, 다음 실행예정: None (시스템 시각 기준)
[2026-09-26 19:05:09,811][INFO|scheduler.py-update_jobs:163] >>  - 작업ID: other-owner, 다음 실행예정: None (시스템 시각 기준)
[2026-09-26 19:05:09,811][INFO|scheduler.py-update_jobs:163] >>  - 작업ID: crawl_job_interval, 다음 실행예정: None (시스템 시각 기준)
[2026-09-26 19:05:09,811][INFO|scheduler.py-update_jobs:163] >>  - 작업ID: community-midnight-upload, 다음 실행예정: None (시스템 시각 기준)
[2026-09-26 19:05:09,811][INFO|scheduler.py-update_jobs:163] >>  - 작업ID: community-gate-poll, 다음 실행예정: None (시스템 시각 기준)
.[2026-09-26 19:05:09,812][WARNING|scheduler.py-run_crawler:21] >> 스케줄러: 커뮤니티 게이트 미충족. 건너뜁니다.
....[2026-09-26 19:05:09,819][INFO|database.py-upgrade_schema:285] >> 테이블 'admin_users' 생성 중...
[2026-09-26 19:05:09,823][INFO|database.py-upgrade_schema:285] >> 테이블 'api_keys' 생성 중...
[2026-09-26 19:05:09,824][INFO|database.py-upgrade_schema:285] >> 테이블 'mysafety' 생성 중...
[2026-09-26 19:05:09,826][INFO|database.py-upgrade_schema:285] >> 테이블 'mysafety_change_cursor' 생성 중...
[2026-09-26 19:05:09,827][INFO|database.py-upgrade_schema:285] >> 테이블 'mysafety_change_log' 생성 중...
[2026-09-26 19:05:09,829][INFO|database.py-upgrade_schema:285] >> 테이블 'mysafety_duplicate_decision' 생성 중...
[2026-09-26 19:05:09,830][INFO|database.py-upgrade_schema:285] >> 테이블 'mysafety_duplicate_group' 생성 중...
[2026-09-26 19:05:09,832][INFO|database.py-upgrade_schema:285] >> 테이블 'mysafety_duplicate_member' 생성 중...
[2026-09-26 19:05:09,834][INFO|database.py-upgrade_schema:285] >> 테이블 'mysafety_entry_value' 생성 중...
[2026-09-26 19:05:09,836][INFO|database.py-upgrade_schema:285] >> 테이블 'mysafety_geocode_cache' 생성 중...
[2026-09-26 19:05:09,838][INFO|database.py-upgrade_schema:285] >> 테이블 'mysafety_raw_content' 생성 중...
[2026-09-26 19:05:09,840][INFO|database.py-upgrade_schema:285] >> 테이블 'mysafety_report_override' 생성 중...
[2026-09-26 19:05:09,842][INFO|database.py-upgrade_schema:285] >> 테이블 'mysafety_sync_meta' 생성 중...
[2026-09-26 19:05:09,844][INFO|database.py-upgrade_schema:285] >> 테이블 'mysafety_watchlist' 생성 중...
[2026-09-26 19:05:09,846][INFO|database.py-upgrade_schema:285] >> 테이블 'mysafetydetail_other' 생성 중...
[2026-09-26 19:05:09,851][INFO|database.py-upgrade_schema:285] >> 테이블 'mysafetydetail_parking' 생성 중...
[2026-09-26 19:05:09,857][INFO|database.py-upgrade_schema:285] >> 테이블 'mysafetydetail_traffic' 생성 중...
[2026-09-26 19:05:09,860][INFO|database.py-upgrade_schema:285] >> 테이블 'mysafetymerge_other' 생성 중...
[2026-09-26 19:05:09,863][INFO|database.py-upgrade_schema:285] >> 테이블 'mysafetymerge_parking' 생성 중...
[2026-09-26 19:05:09,865][INFO|database.py-upgrade_schema:285] >> 테이블 'mysafetymerge_traffic' 생성 중...
[2026-09-26 19:05:09,870][INFO|database.py-_apply_versioned_migrations:452] >> [schema] DB 스키마 버전 1 적용
[2026-09-26 19:05:09,875][INFO|database.py-_apply_versioned_migrations:452] >> [schema] DB 스키마 버전 2 적용
[2026-09-26 19:05:09,877][INFO|database.py-_apply_versioned_migrations:452] >> [schema] DB 스키마 버전 3 적용
[2026-09-26 19:05:09,900][INFO|database.py-_apply_versioned_migrations:452] >> [schema] DB 스키마 버전 4 적용
[2026-09-26 19:05:09,925][INFO|duplicate_group_service.py-_log_info:53] >> [duplicate] payload exact 중복군 0개, 멤버 0건 재생성
[2026-09-26 19:05:09,939][INFO|database.py-_get_title_ids_for_scan:455] >> 전체 신고 건을 다시 스캔합니다.
[2026-09-26 19:05:09,940][INFO|database.py-get_pending_detail_ids:618] >> 스캔대상 ID 총 10건
.[2026-09-26 19:05:09,955][INFO|database.py-upgrade_schema:285] >> 테이블 'admin_users' 생성 중...
[2026-09-26 19:05:09,963][INFO|database.py-upgrade_schema:285] >> 테이블 'api_keys' 생성 중...
[2026-09-26 19:05:09,965][INFO|database.py-upgrade_schema:285] >> 테이블 'mysafety' 생성 중...
[2026-09-26 19:05:09,967][INFO|database.py-upgrade_schema:285] >> 테이블 'mysafety_change_cursor' 생성 중...
[2026-09-26 19:05:09,969][INFO|database.py-upgrade_schema:285] >> 테이블 'mysafety_change_log' 생성 중...
[2026-09-26 19:05:09,971][INFO|database.py-upgrade_schema:285] >> 테이블 'mysafety_duplicate_decision' 생성 중...
[2026-09-26 19:05:09,972][INFO|database.py-upgrade_schema:285] >> 테이블 'mysafety_duplicate_group' 생성 중...
[2026-09-26 19:05:09,974][INFO|database.py-upgrade_schema:285] >> 테이블 'mysafety_duplicate_member' 생성 중...
[2026-09-26 19:05:09,976][INFO|database.py-upgrade_schema:285] >> 테이블 'mysafety_entry_value' 생성 중...
[2026-09-26 19:05:09,978][INFO|database.py-upgrade_schema:285] >> 테이블 'mysafety_geocode_cache' 생성 중...
[2026-09-26 19:05:09,979][INFO|database.py-upgrade_schema:285] >> 테이블 'mysafety_raw_content' 생성 중...
[2026-09-26 19:05:09,982][INFO|database.py-upgrade_schema:285] >> 테이블 'mysafety_report_override' 생성 중...
[2026-09-26 19:05:09,985][INFO|database.py-upgrade_schema:285] >> 테이블 'mysafety_sync_meta' 생성 중...
[2026-09-26 19:05:09,987][INFO|database.py-upgrade_schema:285] >> 테이블 'mysafety_watchlist' 생성 중...
[2026-09-26 19:05:09,992][INFO|database.py-upgrade_schema:285] >> 테이블 'mysafetydetail_other' 생성 중...
[2026-09-26 19:05:09,995][INFO|database.py-upgrade_schema:285] >> 테이블 'mysafetydetail_parking' 생성 중...
[2026-09-26 19:05:09,999][INFO|database.py-upgrade_schema:285] >> 테이블 'mysafetydetail_traffic' 생성 중...
[2026-09-26 19:05:10,003][INFO|database.py-upgrade_schema:285] >> 테이블 'mysafetymerge_other' 생성 중...
[2026-09-26 19:05:10,006][INFO|database.py-upgrade_schema:285] >> 테이블 'mysafetymerge_parking' 생성 중...
[2026-09-26 19:05:10,009][INFO|database.py-upgrade_schema:285] >> 테이블 'mysafetymerge_traffic' 생성 중...
[2026-09-26 19:05:10,013][INFO|database.py-_apply_versioned_migrations:452] >> [schema] DB 스키마 버전 1 적용
[2026-09-26 19:05:10,020][INFO|database.py-_apply_versioned_migrations:452] >> [schema] DB 스키마 버전 2 적용
[2026-09-26 19:05:10,022][INFO|database.py-_apply_versioned_migrations:452] >> [schema] DB 스키마 버전 3 적용
[2026-09-26 19:05:10,045][INFO|database.py-_apply_versioned_migrations:452] >> [schema] DB 스키마 버전 4 적용
[2026-09-26 19:05:10,071][INFO|duplicate_group_service.py-_log_info:53] >> [duplicate] payload exact 중복군 0개, 멤버 0건 재생성
[2026-09-26 19:05:10,081][INFO|database.py-_get_new_and_incomplete_ids:460] >> 신규, 미종결 신고 건 스캔 시작
[2026-09-26 19:05:10,088][INFO|database.py-get_pending_detail_ids:618] >> 스캔대상 ID 총 8건
................./usr/lib/python3.14/unittest/mock.py:504: ResourceWarning: unclosed database in <sqlite3.Connection object at 0x76be644c97b0>
  _safe_super(NonCallableMock, self).__init__(
ResourceWarning: Enable tracemalloc to get the object allocation traceback
............/usr/lib/python3.14/unittest/mock.py:2259: ResourceWarning: unclosed database in <sqlite3.Connection object at 0x76be644c8040>
  def __init__(self, name, parent):
ResourceWarning: Enable tracemalloc to get the object allocation traceback
............/usr/lib/python3.14/unittest/mock.py:806: ResourceWarning: unclosed database in <sqlite3.Connection object at 0x76be644c94e0>
  def __setattr__(self, name, value):
ResourceWarning: Enable tracemalloc to get the object allocation traceback
........./usr/lib/python3.14/unittest/mock.py:2259: ResourceWarning: unclosed database in <sqlite3.Connection object at 0x76be644c8d60>
  def __init__(self, name, parent):
ResourceWarning: Enable tracemalloc to get the object allocation traceback
......................[2026-09-26 19:05:15,040][WARNING|runtime_mode.py-block_if_fixture:47] >> [fixture] blocked: crawl subprocess
.[2026-09-26 19:05:15,041][WARNING|runtime_mode.py-block_if_fixture:47] >> [fixture] blocked: safetyreport direct login
[2026-09-26 19:05:15,041][INFO|runtime_mode.py-skip_in_fixture:57] >> [fixture] skipped: direct_login keep-alive
.[2026-09-26 19:05:15,048][INFO|database.py-upgrade_schema:285] >> 테이블 'admin_users' 생성 중...
[2026-09-26 19:05:15,054][INFO|database.py-upgrade_schema:285] >> 테이블 'api_keys' 생성 중...
[2026-09-26 19:05:15,056][INFO|database.py-upgrade_schema:285] >> 테이블 'mysafety' 생성 중...
[2026-09-26 19:05:15,059][INFO|database.py-upgrade_schema:285] >> 테이블 'mysafety_change_cursor' 생성 중...
[2026-09-26 19:05:15,061][INFO|database.py-upgrade_schema:285] >> 테이블 'mysafety_change_log' 생성 중...
[2026-09-26 19:05:15,063][INFO|database.py-upgrade_schema:285] >> 테이블 'mysafety_duplicate_decision' 생성 중...
[2026-09-26 19:05:15,067][INFO|database.py-upgrade_schema:285] >> 테이블 'mysafety_duplicate_group' 생성 중...
[2026-09-26 19:05:15,069][INFO|database.py-upgrade_schema:285] >> 테이블 'mysafety_duplicate_member' 생성 중...
[2026-09-26 19:05:15,071][INFO|database.py-upgrade_schema:285] >> 테이블 'mysafety_entry_value' 생성 중...
[2026-09-26 19:05:15,072][INFO|database.py-upgrade_schema:285] >> 테이블 'mysafety_geocode_cache' 생성 중...
[2026-09-26 19:05:15,074][INFO|database.py-upgrade_schema:285] >> 테이블 'mysafety_raw_content' 생성 중...
[2026-09-26 19:05:15,075][INFO|database.py-upgrade_schema:285] >> 테이블 'mysafety_report_override' 생성 중...
[2026-09-26 19:05:15,077][INFO|database.py-upgrade_schema:285] >> 테이블 'mysafety_sync_meta' 생성 중...
[2026-09-26 19:05:15,079][INFO|database.py-upgrade_schema:285] >> 테이블 'mysafety_watchlist' 생성 중...
[2026-09-26 19:05:15,080][INFO|database.py-upgrade_schema:285] >> 테이블 'mysafetydetail_other' 생성 중...
[2026-09-26 19:05:15,082][INFO|database.py-upgrade_schema:285] >> 테이블 'mysafetydetail_parking' 생성 중...
[2026-09-26 19:05:15,087][INFO|database.py-upgrade_schema:285] >> 테이블 'mysafetydetail_traffic' 생성 중...
[2026-09-26 19:05:15,089][INFO|database.py-upgrade_schema:285] >> 테이블 'mysafetymerge_other' 생성 중...
[2026-09-26 19:05:15,094][INFO|database.py-upgrade_schema:285] >> 테이블 'mysafetymerge_parking' 생성 중...
[2026-09-26 19:05:15,099][INFO|database.py-upgrade_schema:285] >> 테이블 'mysafetymerge_traffic' 생성 중...
[2026-09-26 19:05:15,103][INFO|database.py-_apply_versioned_migrations:452] >> [schema] DB 스키마 버전 1 적용
[2026-09-26 19:05:15,108][INFO|database.py-_apply_versioned_migrations:452] >> [schema] DB 스키마 버전 2 적용
[2026-09-26 19:05:15,110][INFO|database.py-_apply_versioned_migrations:452] >> [schema] DB 스키마 버전 3 적용
[2026-09-26 19:05:15,127][INFO|database.py-_apply_versioned_migrations:452] >> [schema] DB 스키마 버전 4 적용
[2026-09-26 19:05:15,163][INFO|duplicate_group_service.py-_log_info:53] >> [duplicate] payload exact 중복군 0개, 멤버 0건 재생성
[2026-09-26 19:05:15,167][WARNING|runtime_mode.py-block_if_fixture:47] >> [fixture] blocked: kakao geocode request
.[2026-09-26 19:05:15,177][WARNING|runtime_mode.py-block_if_fixture:47] >> [fixture] blocked: media upstream download
..[2026-09-26 19:05:15,180][WARNING|runtime_mode.py-block_if_fixture:47] >> [fixture] blocked: star rating batch
.[2026-09-26 19:05:15,181][WARNING|runtime_mode.py-block_if_fixture:47] >> [fixture] blocked: sunwi statistics fetch
[2026-09-26 19:05:15,181][INFO|runtime_mode.py-skip_in_fixture:57] >> [fixture] skipped: sunwi background refresh
.[2026-09-26 19:05:15,183][WARNING|runtime_mode.py-block_if_fixture:47] >> [fixture] blocked: github release request
.[2026-09-26 19:05:15,183][WARNING|runtime_mode.py-block_if_fixture:47] >> [fixture] blocked: x
....[2026-09-26 19:05:15,194][INFO|database.py-upgrade_schema:285] >> 테이블 'admin_users' 생성 중...
[2026-09-26 19:05:15,197][INFO|database.py-upgrade_schema:285] >> 테이블 'api_keys' 생성 중...
[2026-09-26 19:05:15,199][INFO|database.py-upgrade_schema:285] >> 테이블 'mysafety' 생성 중...
[2026-09-26 19:05:15,201][INFO|database.py-upgrade_schema:285] >> 테이블 'mysafety_change_cursor' 생성 중...
[2026-09-26 19:05:15,202][INFO|database.py-upgrade_schema:285] >> 테이블 'mysafety_change_log' 생성 중...
[2026-09-26 19:05:15,204][INFO|database.py-upgrade_schema:285] >> 테이블 'mysafety_duplicate_decision' 생성 중...
[2026-09-26 19:05:15,206][INFO|database.py-upgrade_schema:285] >> 테이블 'mysafety_duplicate_group' 생성 중...
[2026-09-26 19:05:15,207][INFO|database.py-upgrade_schema:285] >> 테이블 'mysafety_duplicate_member' 생성 중...
[2026-09-26 19:05:15,209][INFO|database.py-upgrade_schema:285] >> 테이블 'mysafety_entry_value' 생성 중...
[2026-09-26 19:05:15,211][INFO|database.py-upgrade_schema:285] >> 테이블 'mysafety_geocode_cache' 생성 중...
[2026-09-26 19:05:15,212][INFO|database.py-upgrade_schema:285] >> 테이블 'mysafety_raw_content' 생성 중...
[2026-09-26 19:05:15,214][INFO|database.py-upgrade_schema:285] >> 테이블 'mysafety_report_override' 생성 중...
[2026-09-26 19:05:15,217][INFO|database.py-upgrade_schema:285] >> 테이블 'mysafety_sync_meta' 생성 중...
[2026-09-26 19:05:15,220][INFO|database.py-upgrade_schema:285] >> 테이블 'mysafety_watchlist' 생성 중...
[2026-09-26 19:05:15,222][INFO|database.py-upgrade_schema:285] >> 테이블 'mysafetydetail_other' 생성 중...
[2026-09-26 19:05:15,224][INFO|database.py-upgrade_schema:285] >> 테이블 'mysafetydetail_parking' 생성 중...
[2026-09-26 19:05:15,226][INFO|database.py-upgrade_schema:285] >> 테이블 'mysafetydetail_traffic' 생성 중...
[2026-09-26 19:05:15,228][INFO|database.py-upgrade_schema:285] >> 테이블 'mysafetymerge_other' 생성 중...
[2026-09-26 19:05:15,231][INFO|database.py-upgrade_schema:285] >> 테이블 'mysafetymerge_parking' 생성 중...
[2026-09-26 19:05:15,233][INFO|database.py-upgrade_schema:285] >> 테이블 'mysafetymerge_traffic' 생성 중...
[2026-09-26 19:05:15,240][INFO|database.py-_apply_versioned_migrations:452] >> [schema] DB 스키마 버전 1 적용
[2026-09-26 19:05:15,247][INFO|database.py-_apply_versioned_migrations:452] >> [schema] DB 스키마 버전 2 적용
[2026-09-26 19:05:15,250][INFO|database.py-_apply_versioned_migrations:452] >> [schema] DB 스키마 버전 3 적용
[2026-09-26 19:05:15,262][INFO|database.py-_apply_versioned_migrations:452] >> [schema] DB 스키마 버전 4 적용
[2026-09-26 19:05:15,299][INFO|duplicate_group_service.py-_log_info:53] >> [duplicate] payload exact 중복군 0개, 멤버 0건 재생성
[2026-09-26 19:05:15,313][INFO|geocode_service.py-ensure_map_backfill_started:782] >> [geocode] 크롤링이 진행 중이라 지도 지오코딩 백필을 대기 상태로 둡니다.
.[2026-09-26 19:05:15,326][INFO|database.py-upgrade_schema:285] >> 테이블 'admin_users' 생성 중...
[2026-09-26 19:05:15,328][INFO|database.py-upgrade_schema:285] >> 테이블 'api_keys' 생성 중...
[2026-09-26 19:05:15,333][INFO|database.py-upgrade_schema:285] >> 테이블 'mysafety' 생성 중...
[2026-09-26 19:05:15,335][INFO|database.py-upgrade_schema:285] >> 테이블 'mysafety_change_cursor' 생성 중...
[2026-09-26 19:05:15,336][INFO|database.py-upgrade_schema:285] >> 테이블 'mysafety_change_log' 생성 중...
[2026-09-26 19:05:15,343][INFO|database.py-upgrade_schema:285] >> 테이블 'mysafety_duplicate_decision' 생성 중...
[2026-09-26 19:05:15,345][INFO|database.py-upgrade_schema:285] >> 테이블 'mysafety_duplicate_group' 생성 중...
[2026-09-26 19:05:15,347][INFO|database.py-upgrade_schema:285] >> 테이블 'mysafety_duplicate_member' 생성 중...
[2026-09-26 19:05:15,349][INFO|database.py-upgrade_schema:285] >> 테이블 'mysafety_entry_value' 생성 중...
[2026-09-26 19:05:15,353][INFO|database.py-upgrade_schema:285] >> 테이블 'mysafety_geocode_cache' 생성 중...
[2026-09-26 19:05:15,355][INFO|database.py-upgrade_schema:285] >> 테이블 'mysafety_raw_content' 생성 중...
[2026-09-26 19:05:15,356][INFO|database.py-upgrade_schema:285] >> 테이블 'mysafety_report_override' 생성 중...
[2026-09-26 19:05:15,364][INFO|database.py-upgrade_schema:285] >> 테이블 'mysafety_sync_meta' 생성 중...
[2026-09-26 19:05:15,366][INFO|database.py-upgrade_schema:285] >> 테이블 'mysafety_watchlist' 생성 중...
[2026-09-26 19:05:15,369][INFO|database.py-upgrade_schema:285] >> 테이블 'mysafetydetail_other' 생성 중...
[2026-09-26 19:05:15,372][INFO|database.py-upgrade_schema:285] >> 테이블 'mysafetydetail_parking' 생성 중...
[2026-09-26 19:05:15,374][INFO|database.py-upgrade_schema:285] >> 테이블 'mysafetydetail_traffic' 생성 중...
[2026-09-26 19:05:15,376][INFO|database.py-upgrade_schema:285] >> 테이블 'mysafetymerge_other' 생성 중...
[2026-09-26 19:05:15,378][INFO|database.py-upgrade_schema:285] >> 테이블 'mysafetymerge_parking' 생성 중...
[2026-09-26 19:05:15,384][INFO|database.py-upgrade_schema:285] >> 테이블 'mysafetymerge_traffic' 생성 중...
[2026-09-26 19:05:15,390][INFO|database.py-_apply_versioned_migrations:452] >> [schema] DB 스키마 버전 1 적용
[2026-09-26 19:05:15,398][INFO|database.py-_apply_versioned_migrations:452] >> [schema] DB 스키마 버전 2 적용
[2026-09-26 19:05:15,400][INFO|database.py-_apply_versioned_migrations:452] >> [schema] DB 스키마 버전 3 적용
[2026-09-26 19:05:15,412][INFO|database.py-_apply_versioned_migrations:452] >> [schema] DB 스키마 버전 4 적용
[2026-09-26 19:05:15,440][INFO|duplicate_group_service.py-_log_info:53] >> [duplicate] payload exact 중복군 0개, 멤버 0건 재생성
.[2026-09-26 19:05:15,506][INFO|database.py-upgrade_schema:285] >> 테이블 'admin_users' 생성 중...
[2026-09-26 19:05:15,512][INFO|database.py-upgrade_schema:285] >> 테이블 'api_keys' 생성 중...
[2026-09-26 19:05:15,514][INFO|database.py-upgrade_schema:285] >> 테이블 'mysafety' 생성 중...
[2026-09-26 19:05:15,516][INFO|database.py-upgrade_schema:285] >> 테이블 'mysafety_change_cursor' 생성 중...
[2026-09-26 19:05:15,518][INFO|database.py-upgrade_schema:285] >> 테이블 'mysafety_change_log' 생성 중...
[2026-09-26 19:05:15,520][INFO|database.py-upgrade_schema:285] >> 테이블 'mysafety_duplicate_decision' 생성 중...
[2026-09-26 19:05:15,522][INFO|database.py-upgrade_schema:285] >> 테이블 'mysafety_duplicate_group' 생성 중...
[2026-09-26 19:05:15,524][INFO|database.py-upgrade_schema:285] >> 테이블 'mysafety_duplicate_member' 생성 중...
[2026-09-26 19:05:15,526][INFO|database.py-upgrade_schema:285] >> 테이블 'mysafety_entry_value' 생성 중...
[2026-09-26 19:05:15,528][INFO|database.py-upgrade_schema:285] >> 테이블 'mysafety_geocode_cache' 생성 중...
[2026-09-26 19:05:15,530][INFO|database.py-upgrade_schema:285] >> 테이블 'mysafety_raw_content' 생성 중...
[2026-09-26 19:05:15,532][INFO|database.py-upgrade_schema:285] >> 테이블 'mysafety_report_override' 생성 중...
[2026-09-26 19:05:15,534][INFO|database.py-upgrade_schema:285] >> 테이블 'mysafety_sync_meta' 생성 중...
[2026-09-26 19:05:15,536][INFO|database.py-upgrade_schema:285] >> 테이블 'mysafety_watchlist' 생성 중...
[2026-09-26 19:05:15,538][INFO|database.py-upgrade_schema:285] >> 테이블 'mysafetydetail_other' 생성 중...
[2026-09-26 19:05:15,547][INFO|database.py-upgrade_schema:285] >> 테이블 'mysafetydetail_parking' 생성 중...
[2026-09-26 19:05:15,550][INFO|database.py-upgrade_schema:285] >> 테이블 'mysafetydetail_traffic' 생성 중...
[2026-09-26 19:05:15,553][INFO|database.py-upgrade_schema:285] >> 테이블 'mysafetymerge_other' 생성 중...
[2026-09-26 19:05:15,555][INFO|database.py-upgrade_schema:285] >> 테이블 'mysafetymerge_parking' 생성 중...
[2026-09-26 19:05:15,557][INFO|database.py-upgrade_schema:285] >> 테이블 'mysafetymerge_traffic' 생성 중...
[2026-09-26 19:05:15,561][INFO|database.py-_apply_versioned_migrations:452] >> [schema] DB 스키마 버전 1 적용
[2026-09-26 19:05:15,567][INFO|database.py-_apply_versioned_migrations:452] >> [schema] DB 스키마 버전 2 적용
[2026-09-26 19:05:15,570][INFO|database.py-_apply_versioned_migrations:452] >> [schema] DB 스키마 버전 3 적용
[2026-09-26 19:05:15,590][INFO|database.py-_apply_versioned_migrations:452] >> [schema] DB 스키마 버전 4 적용
[2026-09-26 19:05:15,616][INFO|duplicate_group_service.py-_log_info:53] >> [duplicate] payload exact 중복군 0개, 멤버 0건 재생성
[2026-09-26 19:05:15,674][INFO|duplicate_group_service.py-_log_info:53] >> [duplicate] payload exact 중복군 0개, 멤버 0건 재생성
[2026-09-26 19:05:15,676][INFO|database.py-detail_to_sql:723] >> 총 1건 detail 저장 완료. (변경/신규: 1건, 실패: 0건)
.[2026-09-26 19:05:15,691][INFO|database.py-upgrade_schema:285] >> 테이블 'admin_users' 생성 중...
[2026-09-26 19:05:15,695][INFO|database.py-upgrade_schema:285] >> 테이블 'api_keys' 생성 중...
[2026-09-26 19:05:15,697][INFO|database.py-upgrade_schema:285] >> 테이블 'mysafety' 생성 중...
[2026-09-26 19:05:15,699][INFO|database.py-upgrade_schema:285] >> 테이블 'mysafety_change_cursor' 생성 중...
[2026-09-26 19:05:15,701][INFO|database.py-upgrade_schema:285] >> 테이블 'mysafety_change_log' 생성 중...
[2026-09-26 19:05:15,702][INFO|database.py-upgrade_schema:285] >> 테이블 'mysafety_duplicate_decision' 생성 중...
[2026-09-26 19:05:15,704][INFO|database.py-upgrade_schema:285] >> 테이블 'mysafety_duplicate_group' 생성 중...
[2026-09-26 19:05:15,708][INFO|database.py-upgrade_schema:285] >> 테이블 'mysafety_duplicate_member' 생성 중...
[2026-09-26 19:05:15,710][INFO|database.py-upgrade_schema:285] >> 테이블 'mysafety_entry_value' 생성 중...
[2026-09-26 19:05:15,714][INFO|database.py-upgrade_schema:285] >> 테이블 'mysafety_geocode_cache' 생성 중...
[2026-09-26 19:05:15,717][INFO|database.py-upgrade_schema:285] >> 테이블 'mysafety_raw_content' 생성 중...
[2026-09-26 19:05:15,719][INFO|database.py-upgrade_schema:285] >> 테이블 'mysafety_report_override' 생성 중...
[2026-09-26 19:05:15,721][INFO|database.py-upgrade_schema:285] >> 테이블 'mysafety_sync_meta' 생성 중...
[2026-09-26 19:05:15,723][INFO|database.py-upgrade_schema:285] >> 테이블 'mysafety_watchlist' 생성 중...
[2026-09-26 19:05:15,725][INFO|database.py-upgrade_schema:285] >> 테이블 'mysafetydetail_other' 생성 중...
[2026-09-26 19:05:15,728][INFO|database.py-upgrade_schema:285] >> 테이블 'mysafetydetail_parking' 생성 중...
[2026-09-26 19:05:15,730][INFO|database.py-upgrade_schema:285] >> 테이블 'mysafetydetail_traffic' 생성 중...
[2026-09-26 19:05:15,732][INFO|database.py-upgrade_schema:285] >> 테이블 'mysafetymerge_other' 생성 중...
[2026-09-26 19:05:15,733][INFO|database.py-upgrade_schema:285] >> 테이블 'mysafetymerge_parking' 생성 중...
[2026-09-26 19:05:15,739][INFO|database.py-upgrade_schema:285] >> 테이블 'mysafetymerge_traffic' 생성 중...
[2026-09-26 19:05:15,745][INFO|database.py-_apply_versioned_migrations:452] >> [schema] DB 스키마 버전 1 적용
[2026-09-26 19:05:15,753][INFO|database.py-_apply_versioned_migrations:452] >> [schema] DB 스키마 버전 2 적용
[2026-09-26 19:05:15,755][INFO|database.py-_apply_versioned_migrations:452] >> [schema] DB 스키마 버전 3 적용
[2026-09-26 19:05:15,770][INFO|database.py-_apply_versioned_migrations:452] >> [schema] DB 스키마 버전 4 적용
[2026-09-26 19:05:15,796][INFO|duplicate_group_service.py-_log_info:53] >> [duplicate] payload exact 중복군 0개, 멤버 0건 재생성
.[2026-09-26 19:05:15,859][INFO|database.py-upgrade_schema:285] >> 테이블 'admin_users' 생성 중...
[2026-09-26 19:05:15,862][INFO|database.py-upgrade_schema:285] >> 테이블 'api_keys' 생성 중...
[2026-09-26 19:05:15,864][INFO|database.py-upgrade_schema:285] >> 테이블 'mysafety' 생성 중...
[2026-09-26 19:05:15,866][INFO|database.py-upgrade_schema:285] >> 테이블 'mysafety_change_cursor' 생성 중...
[2026-09-26 19:05:15,867][INFO|database.py-upgrade_schema:285] >> 테이블 'mysafety_change_log' 생성 중...
[2026-09-26 19:05:15,869][INFO|database.py-upgrade_schema:285] >> 테이블 'mysafety_duplicate_decision' 생성 중...
[2026-09-26 19:05:15,874][INFO|database.py-upgrade_schema:285] >> 테이블 'mysafety_duplicate_group' 생성 중...
[2026-09-26 19:05:15,876][INFO|database.py-upgrade_schema:285] >> 테이블 'mysafety_duplicate_member' 생성 중...
[2026-09-26 19:05:15,881][INFO|database.py-upgrade_schema:285] >> 테이블 'mysafety_entry_value' 생성 중...
[2026-09-26 19:05:15,883][INFO|database.py-upgrade_schema:285] >> 테이블 'mysafety_geocode_cache' 생성 중...
[2026-09-26 19:05:15,885][INFO|database.py-upgrade_schema:285] >> 테이블 'mysafety_raw_content' 생성 중...
[2026-09-26 19:05:15,887][INFO|database.py-upgrade_schema:285] >> 테이블 'mysafety_report_override' 생성 중...
[2026-09-26 19:05:15,889][INFO|database.py-upgrade_schema:285] >> 테이블 'mysafety_sync_meta' 생성 중...
[2026-09-26 19:05:15,890][INFO|database.py-upgrade_schema:285] >> 테이블 'mysafety_watchlist' 생성 중...
[2026-09-26 19:05:15,892][INFO|database.py-upgrade_schema:285] >> 테이블 'mysafetydetail_other' 생성 중...
[2026-09-26 19:05:15,894][INFO|database.py-upgrade_schema:285] >> 테이블 'mysafetydetail_parking' 생성 중...
[2026-09-26 19:05:15,895][INFO|database.py-upgrade_schema:285] >> 테이블 'mysafetydetail_traffic' 생성 중...
[2026-09-26 19:05:15,897][INFO|database.py-upgrade_schema:285] >> 테이블 'mysafetymerge_other' 생성 중...
[2026-09-26 19:05:15,899][INFO|database.py-upgrade_schema:285] >> 테이블 'mysafetymerge_parking' 생성 중...
[2026-09-26 19:05:15,901][INFO|database.py-upgrade_schema:285] >> 테이블 'mysafetymerge_traffic' 생성 중...
[2026-09-26 19:05:15,904][INFO|database.py-_apply_versioned_migrations:452] >> [schema] DB 스키마 버전 1 적용
[2026-09-26 19:05:15,914][INFO|database.py-_apply_versioned_migrations:452] >> [schema] DB 스키마 버전 2 적용
[2026-09-26 19:05:15,916][INFO|database.py-_apply_versioned_migrations:452] >> [schema] DB 스키마 버전 3 적용
[2026-09-26 19:05:15,940][INFO|database.py-_apply_versioned_migrations:452] >> [schema] DB 스키마 버전 4 적용
[2026-09-26 19:05:15,967][INFO|duplicate_group_service.py-_log_info:53] >> [duplicate] payload exact 중복군 0개, 멤버 0건 재생성
[2026-09-26 19:05:15,984][INFO|geocode_service.py-ensure_map_backfill_started:763] >> [geocode] 카카오 REST API 키가 없어 신규 지도 지오코딩 백필을 시작하지 않습니다.
.[2026-09-26 19:05:15,998][INFO|database.py-upgrade_schema:285] >> 테이블 'admin_users' 생성 중...
[2026-09-26 19:05:16,002][INFO|database.py-upgrade_schema:285] >> 테이블 'api_keys' 생성 중...
[2026-09-26 19:05:16,004][INFO|database.py-upgrade_schema:285] >> 테이블 'mysafety' 생성 중...
[2026-09-26 19:05:16,005][INFO|database.py-upgrade_schema:285] >> 테이블 'mysafety_change_cursor' 생성 중...
[2026-09-26 19:05:16,007][INFO|database.py-upgrade_schema:285] >> 테이블 'mysafety_change_log' 생성 중...
[2026-09-26 19:05:16,008][INFO|database.py-upgrade_schema:285] >> 테이블 'mysafety_duplicate_decision' 생성 중...
[2026-09-26 19:05:16,010][INFO|database.py-upgrade_schema:285] >> 테이블 'mysafety_duplicate_group' 생성 중...
[2026-09-26 19:05:16,012][INFO|database.py-upgrade_schema:285] >> 테이블 'mysafety_duplicate_member' 생성 중...
[2026-09-26 19:05:16,013][INFO|database.py-upgrade_schema:285] >> 테이블 'mysafety_entry_value' 생성 중...
[2026-09-26 19:05:16,015][INFO|database.py-upgrade_schema:285] >> 테이블 'mysafety_geocode_cache' 생성 중...
[2026-09-26 19:05:16,016][INFO|database.py-upgrade_schema:285] >> 테이블 'mysafety_raw_content' 생성 중...
[2026-09-26 19:05:16,018][INFO|database.py-upgrade_schema:285] >> 테이블 'mysafety_report_override' 생성 중...
[2026-09-26 19:05:16,022][INFO|database.py-upgrade_schema:285] >> 테이블 'mysafety_sync_meta' 생성 중...
[2026-09-26 19:05:16,024][INFO|database.py-upgrade_schema:285] >> 테이블 'mysafety_watchlist' 생성 중...
[2026-09-26 19:05:16,033][INFO|database.py-upgrade_schema:285] >> 테이블 'mysafetydetail_other' 생성 중...
[2026-09-26 19:05:16,036][INFO|database.py-upgrade_schema:285] >> 테이블 'mysafetydetail_parking' 생성 중...
[2026-09-26 19:05:16,038][INFO|database.py-upgrade_schema:285] >> 테이블 'mysafetydetail_traffic' 생성 중...
[2026-09-26 19:05:16,040][INFO|database.py-upgrade_schema:285] >> 테이블 'mysafetymerge_other' 생성 중...
[2026-09-26 19:05:16,041][INFO|database.py-upgrade_schema:285] >> 테이블 'mysafetymerge_parking' 생성 중...
[2026-09-26 19:05:16,043][INFO|database.py-upgrade_schema:285] >> 테이블 'mysafetymerge_traffic' 생성 중...
[2026-09-26 19:05:16,049][INFO|database.py-_apply_versioned_migrations:452] >> [schema] DB 스키마 버전 1 적용
[2026-09-26 19:05:16,062][INFO|database.py-_apply_versioned_migrations:452] >> [schema] DB 스키마 버전 2 적용
[2026-09-26 19:05:16,064][INFO|database.py-_apply_versioned_migrations:452] >> [schema] DB 스키마 버전 3 적용
[2026-09-26 19:05:16,075][INFO|database.py-_apply_versioned_migrations:452] >> [schema] DB 스키마 버전 4 적용
[2026-09-26 19:05:16,103][INFO|duplicate_group_service.py-_log_info:53] >> [duplicate] payload exact 중복군 0개, 멤버 0건 재생성
[2026-09-26 19:05:16,108][WARNING|geocode_service.py-get_backfill_progress:250] >> [geocode] 진행 상태 lease 만료로 간주하여 비동기 백필을 중단 처리합니다.
.[2026-09-26 19:05:16,117][INFO|database.py-upgrade_schema:285] >> 테이블 'admin_users' 생성 중...
[2026-09-26 19:05:16,120][INFO|database.py-upgrade_schema:285] >> 테이블 'api_keys' 생성 중...
[2026-09-26 19:05:16,122][INFO|database.py-upgrade_schema:285] >> 테이블 'mysafety' 생성 중...
[2026-09-26 19:05:16,126][INFO|database.py-upgrade_schema:285] >> 테이블 'mysafety_change_cursor' 생성 중...
[2026-09-26 19:05:16,128][INFO|database.py-upgrade_schema:285] >> 테이블 'mysafety_change_log' 생성 중...
[2026-09-26 19:05:16,131][INFO|database.py-upgrade_schema:285] >> 테이블 'mysafety_duplicate_decision' 생성 중...
[2026-09-26 19:05:16,138][INFO|database.py-upgrade_schema:285] >> 테이블 'mysafety_duplicate_group' 생성 중...
[2026-09-26 19:05:16,140][INFO|database.py-upgrade_schema:285] >> 테이블 'mysafety_duplicate_member' 생성 중...
[2026-09-26 19:05:16,142][INFO|database.py-upgrade_schema:285] >> 테이블 'mysafety_entry_value' 생성 중...
[2026-09-26 19:05:16,143][INFO|database.py-upgrade_schema:285] >> 테이블 'mysafety_geocode_cache' 생성 중...
[2026-09-26 19:05:16,147][INFO|database.py-upgrade_schema:285] >> 테이블 'mysafety_raw_content' 생성 중...
[2026-09-26 19:05:16,149][INFO|database.py-upgrade_schema:285] >> 테이블 'mysafety_report_override' 생성 중...
[2026-09-26 19:05:16,151][INFO|database.py-upgrade_schema:285] >> 테이블 'mysafety_sync_meta' 생성 중...
[2026-09-26 19:05:16,153][INFO|database.py-upgrade_schema:285] >> 테이블 'mysafety_watchlist' 생성 중...
[2026-09-26 19:05:16,160][INFO|database.py-upgrade_schema:285] >> 테이블 'mysafetydetail_other' 생성 중...
[2026-09-26 19:05:16,163][INFO|database.py-upgrade_schema:285] >> 테이블 'mysafetydetail_parking' 생성 중...
[2026-09-26 19:05:16,165][INFO|database.py-upgrade_schema:285] >> 테이블 'mysafetydetail_traffic' 생성 중...
[2026-09-26 19:05:16,167][INFO|database.py-upgrade_schema:285] >> 테이블 'mysafetymerge_other' 생성 중...
[2026-09-26 19:05:16,169][INFO|database.py-upgrade_schema:285] >> 테이블 'mysafetymerge_parking' 생성 중...
[2026-09-26 19:05:16,170][INFO|database.py-upgrade_schema:285] >> 테이블 'mysafetymerge_traffic' 생성 중...
[2026-09-26 19:05:16,174][INFO|database.py-_apply_versioned_migrations:452] >> [schema] DB 스키마 버전 1 적용
[2026-09-26 19:05:16,184][INFO|database.py-_apply_versioned_migrations:452] >> [schema] DB 스키마 버전 2 적용
[2026-09-26 19:05:16,186][INFO|database.py-_apply_versioned_migrations:452] >> [schema] DB 스키마 버전 3 적용
[2026-09-26 19:05:16,215][INFO|database.py-_apply_versioned_migrations:452] >> [schema] DB 스키마 버전 4 적용
[2026-09-26 19:05:16,241][INFO|duplicate_group_service.py-_log_info:53] >> [duplicate] payload exact 중복군 0개, 멤버 0건 재생성
[2026-09-26 19:05:16,297][INFO|database.py-backfill_synced_at:100] >> [migration] mysafetydetail_traffic synced_at 백필: 12건, 미해결 0건
[2026-09-26 19:05:16,300][INFO|database.py-backfill_synced_at:100] >> [migration] mysafetydetail_parking synced_at 백필: 6건, 미해결 0건
[2026-09-26 19:05:16,303][INFO|database.py-backfill_synced_at:100] >> [migration] mysafetydetail_other synced_at 백필: 6건, 미해결 0건
[2026-09-26 19:05:16,305][INFO|database.py-backfill_synced_at:105] >> [migration] synced_at 백필 완료: 총 24건 갱신, merge 재생성 시작
[2026-09-26 19:05:16,318][INFO|database.py-merge_final:736] >> 최종 데이터 병합 완료 (Traffic/Parking/Other 분리)
[2026-09-26 19:05:16,341][INFO|duplicate_group_service.py-_log_info:53] >> [duplicate] payload exact 중복군 1개, 멤버 2건 재생성
[2026-09-26 19:05:16,354][INFO|database.py-merge_final:736] >> 최종 데이터 병합 완료 (Traffic/Parking/Other 분리)
[2026-09-26 19:05:16,379][INFO|duplicate_group_service.py-_log_info:53] >> [duplicate] payload exact 중복군 1개, 멤버 2건 재생성
[2026-09-26 19:05:16,543][INFO|maintenance_service.py-repair_car_numbers:135] >> [maintenance] 차량번호 다시 뽑기: 1건
.[2026-09-26 19:05:16,575][INFO|database.py-upgrade_schema:285] >> 테이블 'admin_users' 생성 중...
[2026-09-26 19:05:16,578][INFO|database.py-upgrade_schema:285] >> 테이블 'api_keys' 생성 중...
[2026-09-26 19:05:16,583][INFO|database.py-upgrade_schema:285] >> 테이블 'mysafety' 생성 중...
[2026-09-26 19:05:16,586][INFO|database.py-upgrade_schema:285] >> 테이블 'mysafety_change_cursor' 생성 중...
[2026-09-26 19:05:16,591][INFO|database.py-upgrade_schema:285] >> 테이블 'mysafety_change_log' 생성 중...
[2026-09-26 19:05:16,594][INFO|database.py-upgrade_schema:285] >> 테이블 'mysafety_duplicate_decision' 생성 중...
[2026-09-26 19:05:16,597][INFO|database.py-upgrade_schema:285] >> 테이블 'mysafety_duplicate_group' 생성 중...
[2026-09-26 19:05:16,599][INFO|database.py-upgrade_schema:285] >> 테이블 'mysafety_duplicate_member' 생성 중...
[2026-09-26 19:05:16,600][INFO|database.py-upgrade_schema:285] >> 테이블 'mysafety_entry_value' 생성 중...
[2026-09-26 19:05:16,602][INFO|database.py-upgrade_schema:285] >> 테이블 'mysafety_geocode_cache' 생성 중...
[2026-09-26 19:05:16,604][INFO|database.py-upgrade_schema:285] >> 테이블 'mysafety_raw_content' 생성 중...
[2026-09-26 19:05:16,606][INFO|database.py-upgrade_schema:285] >> 테이블 'mysafety_report_override' 생성 중...
[2026-09-26 19:05:16,608][INFO|database.py-upgrade_schema:285] >> 테이블 'mysafety_sync_meta' 생성 중...
[2026-09-26 19:05:16,613][INFO|database.py-upgrade_schema:285] >> 테이블 'mysafety_watchlist' 생성 중...
[2026-09-26 19:05:16,616][INFO|database.py-upgrade_schema:285] >> 테이블 'mysafetydetail_other' 생성 중...
[2026-09-26 19:05:16,623][INFO|database.py-upgrade_schema:285] >> 테이블 'mysafetydetail_parking' 생성 중...
[2026-09-26 19:05:16,631][INFO|database.py-upgrade_schema:285] >> 테이블 'mysafetydetail_traffic' 생성 중...
[2026-09-26 19:05:16,633][INFO|database.py-upgrade_schema:285] >> 테이블 'mysafetymerge_other' 생성 중...
[2026-09-26 19:05:16,637][INFO|database.py-upgrade_schema:285] >> 테이블 'mysafetymerge_parking' 생성 중...
[2026-09-26 19:05:16,639][INFO|database.py-upgrade_schema:285] >> 테이블 'mysafetymerge_traffic' 생성 중...
[2026-09-26 19:05:16,644][INFO|database.py-_apply_versioned_migrations:452] >> [schema] DB 스키마 버전 1 적용
[2026-09-26 19:05:16,651][INFO|database.py-_apply_versioned_migrations:452] >> [schema] DB 스키마 버전 2 적용
[2026-09-26 19:05:16,653][INFO|database.py-_apply_versioned_migrations:452] >> [schema] DB 스키마 버전 3 적용
[2026-09-26 19:05:16,676][INFO|database.py-_apply_versioned_migrations:452] >> [schema] DB 스키마 버전 4 적용
[2026-09-26 19:05:16,705][INFO|duplicate_group_service.py-_log_info:53] >> [duplicate] payload exact 중복군 0개, 멤버 0건 재생성
[2026-09-26 19:05:16,752][INFO|database.py-backfill_synced_at:100] >> [migration] mysafetydetail_traffic synced_at 백필: 12건, 미해결 0건
[2026-09-26 19:05:16,756][INFO|database.py-backfill_synced_at:100] >> [migration] mysafetydetail_parking synced_at 백필: 6건, 미해결 0건
[2026-09-26 19:05:16,759][INFO|database.py-backfill_synced_at:100] >> [migration] mysafetydetail_other synced_at 백필: 6건, 미해결 0건
[2026-09-26 19:05:16,761][INFO|database.py-backfill_synced_at:105] >> [migration] synced_at 백필 완료: 총 24건 갱신, merge 재생성 시작
[2026-09-26 19:05:16,775][INFO|database.py-merge_final:736] >> 최종 데이터 병합 완료 (Traffic/Parking/Other 분리)
[2026-09-26 19:05:16,799][INFO|duplicate_group_service.py-_log_info:53] >> [duplicate] payload exact 중복군 1개, 멤버 2건 재생성
[2026-09-26 19:05:16,811][INFO|database.py-merge_final:736] >> 최종 데이터 병합 완료 (Traffic/Parking/Other 분리)
[2026-09-26 19:05:16,833][INFO|duplicate_group_service.py-_log_info:53] >> [duplicate] payload exact 중복군 1개, 멤버 2건 재생성
[2026-09-26 19:05:16,969][INFO|maintenance_service.py-start_photo_backfill:95] >> [maintenance] 사진 촬영 시각 한 번 훑기 시작: 3건
[2026-09-26 19:05:16,993][INFO|maintenance_service.py-_run_photo_job:78] >> [maintenance] 사진 촬영 시각 한 번 훑기 끝: 채움 2, 실패 1
[2026-09-26 19:05:16,995][INFO|maintenance_service.py-start_photo_backfill:95] >> [maintenance] 사진 촬영 시각 한 번 훑기 시작: 1건
[2026-09-26 19:05:17,003][INFO|maintenance_service.py-_run_photo_job:78] >> [maintenance] 사진 촬영 시각 한 번 훑기 끝: 채움 1, 실패 0
.[2026-09-26 19:05:17,025][INFO|database.py-upgrade_schema:285] >> 테이블 'admin_users' 생성 중...
[2026-09-26 19:05:17,031][INFO|database.py-upgrade_schema:285] >> 테이블 'api_keys' 생성 중...
[2026-09-26 19:05:17,034][INFO|database.py-upgrade_schema:285] >> 테이블 'mysafety' 생성 중...
[2026-09-26 19:05:17,035][INFO|database.py-upgrade_schema:285] >> 테이블 'mysafety_change_cursor' 생성 중...
[2026-09-26 19:05:17,037][INFO|database.py-upgrade_schema:285] >> 테이블 'mysafety_change_log' 생성 중...
[2026-09-26 19:05:17,042][INFO|database.py-upgrade_schema:285] >> 테이블 'mysafety_duplicate_decision' 생성 중...
[2026-09-26 19:05:17,044][INFO|database.py-upgrade_schema:285] >> 테이블 'mysafety_duplicate_group' 생성 중...
[2026-09-26 19:05:17,049][INFO|database.py-upgrade_schema:285] >> 테이블 'mysafety_duplicate_member' 생성 중...
[2026-09-26 19:05:17,053][INFO|database.py-upgrade_schema:285] >> 테이블 'mysafety_entry_value' 생성 중...
[2026-09-26 19:05:17,055][INFO|database.py-upgrade_schema:285] >> 테이블 'mysafety_geocode_cache' 생성 중...
[2026-09-26 19:05:17,057][INFO|database.py-upgrade_schema:285] >> 테이블 'mysafety_raw_content' 생성 중...
[2026-09-26 19:05:17,059][INFO|database.py-upgrade_schema:285] >> 테이블 'mysafety_report_override' 생성 중...
[2026-09-26 19:05:17,061][INFO|database.py-upgrade_schema:285] >> 테이블 'mysafety_sync_meta' 생성 중...
[2026-09-26 19:05:17,062][INFO|database.py-upgrade_schema:285] >> 테이블 'mysafety_watchlist' 생성 중...
[2026-09-26 19:05:17,064][INFO|database.py-upgrade_schema:285] >> 테이블 'mysafetydetail_other' 생성 중...
[2026-09-26 19:05:17,066][INFO|database.py-upgrade_schema:285] >> 테이블 'mysafetydetail_parking' 생성 중...
[2026-09-26 19:05:17,068][INFO|database.py-upgrade_schema:285] >> 테이블 'mysafetydetail_traffic' 생성 중...
[2026-09-26 19:05:17,070][INFO|database.py-upgrade_schema:285] >> 테이블 'mysafetymerge_other' 생성 중...
[2026-09-26 19:05:17,075][INFO|database.py-upgrade_schema:285] >> 테이블 'mysafetymerge_parking' 생성 중...
[2026-09-26 19:05:17,077][INFO|database.py-upgrade_schema:285] >> 테이블 'mysafetymerge_traffic' 생성 중...
[2026-09-26 19:05:17,086][INFO|database.py-_apply_versioned_migrations:452] >> [schema] DB 스키마 버전 1 적용
[2026-09-26 19:05:17,092][INFO|database.py-_apply_versioned_migrations:452] >> [schema] DB 스키마 버전 2 적용
[2026-09-26 19:05:17,094][INFO|database.py-_apply_versioned_migrations:452] >> [schema] DB 스키마 버전 3 적용
[2026-09-26 19:05:17,109][INFO|database.py-_apply_versioned_migrations:452] >> [schema] DB 스키마 버전 4 적용
[2026-09-26 19:05:17,138][INFO|duplicate_group_service.py-_log_info:53] >> [duplicate] payload exact 중복군 0개, 멤버 0건 재생성
[2026-09-26 19:05:17,172][INFO|database.py-backfill_synced_at:100] >> [migration] mysafetydetail_traffic synced_at 백필: 12건, 미해결 0건
[2026-09-26 19:05:17,176][INFO|database.py-backfill_synced_at:100] >> [migration] mysafetydetail_parking synced_at 백필: 6건, 미해결 0건
[2026-09-26 19:05:17,180][INFO|database.py-backfill_synced_at:100] >> [migration] mysafetydetail_other synced_at 백필: 6건, 미해결 0건
[2026-09-26 19:05:17,182][INFO|database.py-backfill_synced_at:105] >> [migration] synced_at 백필 완료: 총 24건 갱신, merge 재생성 시작
[2026-09-26 19:05:17,196][INFO|database.py-merge_final:736] >> 최종 데이터 병합 완료 (Traffic/Parking/Other 분리)
[2026-09-26 19:05:17,229][INFO|duplicate_group_service.py-_log_info:53] >> [duplicate] payload exact 중복군 1개, 멤버 2건 재생성
[2026-09-26 19:05:17,242][INFO|database.py-merge_final:736] >> 최종 데이터 병합 완료 (Traffic/Parking/Other 분리)
[2026-09-26 19:05:17,270][INFO|duplicate_group_service.py-_log_info:53] >> [duplicate] payload exact 중복군 1개, 멤버 2건 재생성
[2026-09-26 19:05:17,430][INFO|maintenance_service.py-start_photo_backfill:95] >> [maintenance] 사진 촬영 시각 한 번 훑기 시작: 3건
[2026-09-26 19:05:17,495][INFO|maintenance_service.py-_run_photo_job:78] >> [maintenance] 사진 촬영 시각 한 번 훑기 끝: 채움 3, 실패 0
.[2026-09-26 19:05:17,508][INFO|database.py-upgrade_schema:285] >> 테이블 'admin_users' 생성 중...
[2026-09-26 19:05:17,513][INFO|database.py-upgrade_schema:285] >> 테이블 'api_keys' 생성 중...
[2026-09-26 19:05:17,514][INFO|database.py-upgrade_schema:285] >> 테이블 'mysafety' 생성 중...
[2026-09-26 19:05:17,516][INFO|database.py-upgrade_schema:285] >> 테이블 'mysafety_change_cursor' 생성 중...
[2026-09-26 19:05:17,518][INFO|database.py-upgrade_schema:285] >> 테이블 'mysafety_change_log' 생성 중...
[2026-09-26 19:05:17,521][INFO|database.py-upgrade_schema:285] >> 테이블 'mysafety_duplicate_decision' 생성 중...
[2026-09-26 19:05:17,524][INFO|database.py-upgrade_schema:285] >> 테이블 'mysafety_duplicate_group' 생성 중...
[2026-09-26 19:05:17,525][INFO|database.py-upgrade_schema:285] >> 테이블 'mysafety_duplicate_member' 생성 중...
[2026-09-26 19:05:17,527][INFO|database.py-upgrade_schema:285] >> 테이블 'mysafety_entry_value' 생성 중...
[2026-09-26 19:05:17,529][INFO|database.py-upgrade_schema:285] >> 테이블 'mysafety_geocode_cache' 생성 중...
[2026-09-26 19:05:17,531][INFO|database.py-upgrade_schema:285] >> 테이블 'mysafety_raw_content' 생성 중...
[2026-09-26 19:05:17,536][INFO|database.py-upgrade_schema:285] >> 테이블 'mysafety_report_override' 생성 중...
[2026-09-26 19:05:17,539][INFO|database.py-upgrade_schema:285] >> 테이블 'mysafety_sync_meta' 생성 중...
[2026-09-26 19:05:17,540][INFO|database.py-upgrade_schema:285] >> 테이블 'mysafety_watchlist' 생성 중...
[2026-09-26 19:05:17,546][INFO|database.py-upgrade_schema:285] >> 테이블 'mysafetydetail_other' 생성 중...
[2026-09-26 19:05:17,549][INFO|database.py-upgrade_schema:285] >> 테이블 'mysafetydetail_parking' 생성 중...
[2026-09-26 19:05:17,552][INFO|database.py-upgrade_schema:285] >> 테이블 'mysafetydetail_traffic' 생성 중...
[2026-09-26 19:05:17,554][INFO|database.py-upgrade_schema:285] >> 테이블 'mysafetymerge_other' 생성 중...
[2026-09-26 19:05:17,556][INFO|database.py-upgrade_schema:285] >> 테이블 'mysafetymerge_parking' 생성 중...
[2026-09-26 19:05:17,558][INFO|database.py-upgrade_schema:285] >> 테이블 'mysafetymerge_traffic' 생성 중...
[2026-09-26 19:05:17,561][INFO|database.py-_apply_versioned_migrations:452] >> [schema] DB 스키마 버전 1 적용
[2026-09-26 19:05:17,567][INFO|database.py-_apply_versioned_migrations:452] >> [schema] DB 스키마 버전 2 적용
[2026-09-26 19:05:17,569][INFO|database.py-_apply_versioned_migrations:452] >> [schema] DB 스키마 버전 3 적용
[2026-09-26 19:05:17,593][INFO|database.py-_apply_versioned_migrations:452] >> [schema] DB 스키마 버전 4 적용
[2026-09-26 19:05:17,620][INFO|duplicate_group_service.py-_log_info:53] >> [duplicate] payload exact 중복군 0개, 멤버 0건 재생성
[2026-09-26 19:05:17,657][INFO|database.py-backfill_synced_at:100] >> [migration] mysafetydetail_traffic synced_at 백필: 12건, 미해결 0건
[2026-09-26 19:05:17,661][INFO|database.py-backfill_synced_at:100] >> [migration] mysafetydetail_parking synced_at 백필: 6건, 미해결 0건
[2026-09-26 19:05:17,664][INFO|database.py-backfill_synced_at:100] >> [migration] mysafetydetail_other synced_at 백필: 6건, 미해결 0건
[2026-09-26 19:05:17,666][INFO|database.py-backfill_synced_at:105] >> [migration] synced_at 백필 완료: 총 24건 갱신, merge 재생성 시작
[2026-09-26 19:05:17,684][INFO|database.py-merge_final:736] >> 최종 데이터 병합 완료 (Traffic/Parking/Other 분리)
[2026-09-26 19:05:17,725][INFO|duplicate_group_service.py-_log_info:53] >> [duplicate] payload exact 중복군 1개, 멤버 2건 재생성
[2026-09-26 19:05:17,737][INFO|database.py-merge_final:736] >> 최종 데이터 병합 완료 (Traffic/Parking/Other 분리)
[2026-09-26 19:05:17,761][INFO|duplicate_group_service.py-_log_info:53] >> [duplicate] payload exact 중복군 1개, 멤버 2건 재생성
....[2026-09-26 19:05:17,907][WARNING|runtime_mode.py-block_if_fixture:47] >> [fixture] blocked: photo capture fetch
....[2026-09-26 19:05:17,913][INFO|database.py-upgrade_schema:285] >> 테이블 'admin_users' 생성 중...
[2026-09-26 19:05:17,917][INFO|database.py-upgrade_schema:285] >> 테이블 'api_keys' 생성 중...
[2026-09-26 19:05:17,918][INFO|database.py-upgrade_schema:285] >> 테이블 'mysafety' 생성 중...
[2026-09-26 19:05:17,921][INFO|database.py-upgrade_schema:285] >> 테이블 'mysafety_change_cursor' 생성 중...
[2026-09-26 19:05:17,922][INFO|database.py-upgrade_schema:285] >> 테이블 'mysafety_change_log' 생성 중...
[2026-09-26 19:05:17,926][INFO|database.py-upgrade_schema:285] >> 테이블 'mysafety_duplicate_decision' 생성 중...
[2026-09-26 19:05:17,929][INFO|database.py-upgrade_schema:285] >> 테이블 'mysafety_duplicate_group' 생성 중...
[2026-09-26 19:05:17,931][INFO|database.py-upgrade_schema:285] >> 테이블 'mysafety_duplicate_member' 생성 중...
[2026-09-26 19:05:17,936][INFO|database.py-upgrade_schema:285] >> 테이블 'mysafety_entry_value' 생성 중...
[2026-09-26 19:05:17,938][INFO|database.py-upgrade_schema:285] >> 테이블 'mysafety_geocode_cache' 생성 중...
[2026-09-26 19:05:17,940][INFO|database.py-upgrade_schema:285] >> 테이블 'mysafety_raw_content' 생성 중...
[2026-09-26 19:05:17,942][INFO|database.py-upgrade_schema:285] >> 테이블 'mysafety_report_override' 생성 중...
[2026-09-26 19:05:17,944][INFO|database.py-upgrade_schema:285] >> 테이블 'mysafety_sync_meta' 생성 중...
[2026-09-26 19:05:17,946][INFO|database.py-upgrade_schema:285] >> 테이블 'mysafety_watchlist' 생성 중...
[2026-09-26 19:05:17,947][INFO|database.py-upgrade_schema:285] >> 테이블 'mysafetydetail_other' 생성 중...
[2026-09-26 19:05:17,949][INFO|database.py-upgrade_schema:285] >> 테이블 'mysafetydetail_parking' 생성 중...
[2026-09-26 19:05:17,951][INFO|database.py-upgrade_schema:285] >> 테이블 'mysafetydetail_traffic' 생성 중...
[2026-09-26 19:05:17,953][INFO|database.py-upgrade_schema:285] >> 테이블 'mysafetymerge_other' 생성 중...
[2026-09-26 19:05:17,955][INFO|database.py-upgrade_schema:285] >> 테이블 'mysafetymerge_parking' 생성 중...
[2026-09-26 19:05:17,957][INFO|database.py-upgrade_schema:285] >> 테이블 'mysafetymerge_traffic' 생성 중...
[2026-09-26 19:05:17,960][INFO|database.py-_apply_versioned_migrations:452] >> [schema] DB 스키마 버전 1 적용
[2026-09-26 19:05:17,967][INFO|database.py-_apply_versioned_migrations:452] >> [schema] DB 스키마 버전 2 적용
[2026-09-26 19:05:17,970][INFO|database.py-_apply_versioned_migrations:452] >> [schema] DB 스키마 버전 3 적용
[2026-09-26 19:05:17,993][INFO|database.py-_apply_versioned_migrations:452] >> [schema] DB 스키마 버전 4 적용
[2026-09-26 19:05:18,022][INFO|duplicate_group_service.py-_log_info:53] >> [duplicate] payload exact 중복군 0개, 멤버 0건 재생성
[2026-09-26 19:05:18,085][INFO|duplicate_group_service.py-_log_info:53] >> [duplicate] payload exact 중복군 0개, 멤버 0건 재생성
[2026-09-26 19:05:18,087][INFO|database.py-detail_to_sql:723] >> 총 1건 detail 저장 완료. (변경/신규: 1건, 실패: 0건)
[2026-09-26 19:05:18,127][INFO|duplicate_group_service.py-_log_info:53] >> [duplicate] payload exact 중복군 0개, 멤버 0건 재생성
[2026-09-26 19:05:18,129][INFO|database.py-detail_to_sql:723] >> 총 1건 detail 저장 완료. (변경/신규: 0건, 실패: 0건)
.[2026-09-26 19:05:18,141][INFO|database.py-upgrade_schema:285] >> 테이블 'admin_users' 생성 중...
[2026-09-26 19:05:18,149][INFO|database.py-upgrade_schema:285] >> 테이블 'api_keys' 생성 중...
[2026-09-26 19:05:18,151][INFO|database.py-upgrade_schema:285] >> 테이블 'mysafety' 생성 중...
[2026-09-26 19:05:18,153][INFO|database.py-upgrade_schema:285] >> 테이블 'mysafety_change_cursor' 생성 중...
[2026-09-26 19:05:18,155][INFO|database.py-upgrade_schema:285] >> 테이블 'mysafety_change_log' 생성 중...
[2026-09-26 19:05:18,156][INFO|database.py-upgrade_schema:285] >> 테이블 'mysafety_duplicate_decision' 생성 중...
[2026-09-26 19:05:18,158][INFO|database.py-upgrade_schema:285] >> 테이블 'mysafety_duplicate_group' 생성 중...
[2026-09-26 19:05:18,159][INFO|database.py-upgrade_schema:285] >> 테이블 'mysafety_duplicate_member' 생성 중...
[2026-09-26 19:05:18,161][INFO|database.py-upgrade_schema:285] >> 테이블 'mysafety_entry_value' 생성 중...
[2026-09-26 19:05:18,162][INFO|database.py-upgrade_schema:285] >> 테이블 'mysafety_geocode_cache' 생성 중...
[2026-09-26 19:05:18,164][INFO|database.py-upgrade_schema:285] >> 테이블 'mysafety_raw_content' 생성 중...
[2026-09-26 19:05:18,170][INFO|database.py-upgrade_schema:285] >> 테이블 'mysafety_report_override' 생성 중...
[2026-09-26 19:05:18,171][INFO|database.py-upgrade_schema:285] >> 테이블 'mysafety_sync_meta' 생성 중...
[2026-09-26 19:05:18,177][INFO|database.py-upgrade_schema:285] >> 테이블 'mysafety_watchlist' 생성 중...
[2026-09-26 19:05:18,180][INFO|database.py-upgrade_schema:285] >> 테이블 'mysafetydetail_other' 생성 중...
[2026-09-26 19:05:18,182][INFO|database.py-upgrade_schema:285] >> 테이블 'mysafetydetail_parking' 생성 중...
[2026-09-26 19:05:18,184][INFO|database.py-upgrade_schema:285] >> 테이블 'mysafetydetail_traffic' 생성 중...
[2026-09-26 19:05:18,186][INFO|database.py-upgrade_schema:285] >> 테이블 'mysafetymerge_other' 생성 중...
[2026-09-26 19:05:18,188][INFO|database.py-upgrade_schema:285] >> 테이블 'mysafetymerge_parking' 생성 중...
[2026-09-26 19:05:18,189][INFO|database.py-upgrade_schema:285] >> 테이블 'mysafetymerge_traffic' 생성 중...
[2026-09-26 19:05:18,193][INFO|database.py-_apply_versioned_migrations:452] >> [schema] DB 스키마 버전 1 적용
[2026-09-26 19:05:18,198][INFO|database.py-_apply_versioned_migrations:452] >> [schema] DB 스키마 버전 2 적용
[2026-09-26 19:05:18,200][INFO|database.py-_apply_versioned_migrations:452] >> [schema] DB 스키마 버전 3 적용
[2026-09-26 19:05:18,224][INFO|database.py-_apply_versioned_migrations:452] >> [schema] DB 스키마 버전 4 적용
[2026-09-26 19:05:18,254][INFO|duplicate_group_service.py-_log_info:53] >> [duplicate] payload exact 중복군 0개, 멤버 0건 재생성
[2026-09-26 19:05:18,302][INFO|duplicate_group_service.py-_log_info:53] >> [duplicate] payload exact 중복군 0개, 멤버 0건 재생성
[2026-09-26 19:05:18,304][INFO|database.py-detail_to_sql:723] >> 총 1건 detail 저장 완료. (변경/신규: 1건, 실패: 0건)
[2026-09-26 19:05:18,318][INFO|database.py-merge_final:736] >> 최종 데이터 병합 완료 (Traffic/Parking/Other 분리)
[2026-09-26 19:05:18,331][INFO|duplicate_group_service.py-_log_info:53] >> [duplicate] payload exact 중복군 0개, 멤버 0건 재생성
.[2026-09-26 19:05:18,350][INFO|database.py-upgrade_schema:285] >> 테이블 'admin_users' 생성 중...
[2026-09-26 19:05:18,353][INFO|database.py-upgrade_schema:285] >> 테이블 'api_keys' 생성 중...
[2026-09-26 19:05:18,355][INFO|database.py-upgrade_schema:285] >> 테이블 'mysafety' 생성 중...
[2026-09-26 19:05:18,356][INFO|database.py-upgrade_schema:285] >> 테이블 'mysafety_change_cursor' 생성 중...
[2026-09-26 19:05:18,358][INFO|database.py-upgrade_schema:285] >> 테이블 'mysafety_change_log' 생성 중...
[2026-09-26 19:05:18,362][INFO|database.py-upgrade_schema:285] >> 테이블 'mysafety_duplicate_decision' 생성 중...
[2026-09-26 19:05:18,369][INFO|database.py-upgrade_schema:285] >> 테이블 'mysafety_duplicate_group' 생성 중...
[2026-09-26 19:05:18,371][INFO|database.py-upgrade_schema:285] >> 테이블 'mysafety_duplicate_member' 생성 중...
[2026-09-26 19:05:18,373][INFO|database.py-upgrade_schema:285] >> 테이블 'mysafety_entry_value' 생성 중...
[2026-09-26 19:05:18,375][INFO|database.py-upgrade_schema:285] >> 테이블 'mysafety_geocode_cache' 생성 중...
[2026-09-26 19:05:18,376][INFO|database.py-upgrade_schema:285] >> 테이블 'mysafety_raw_content' 생성 중...
[2026-09-26 19:05:18,378][INFO|database.py-upgrade_schema:285] >> 테이블 'mysafety_report_override' 생성 중...
[2026-09-26 19:05:18,381][INFO|database.py-upgrade_schema:285] >> 테이블 'mysafety_sync_meta' 생성 중...
[2026-09-26 19:05:18,383][INFO|database.py-upgrade_schema:285] >> 테이블 'mysafety_watchlist' 생성 중...
[2026-09-26 19:05:18,385][INFO|database.py-upgrade_schema:285] >> 테이블 'mysafetydetail_other' 생성 중...
[2026-09-26 19:05:18,387][INFO|database.py-upgrade_schema:285] >> 테이블 'mysafetydetail_parking' 생성 중...
[2026-09-26 19:05:18,390][INFO|database.py-upgrade_schema:285] >> 테이블 'mysafetydetail_traffic' 생성 중...
[2026-09-26 19:05:18,392][INFO|database.py-upgrade_schema:285] >> 테이블 'mysafetymerge_other' 생성 중...
[2026-09-26 19:05:18,395][INFO|database.py-upgrade_schema:285] >> 테이블 'mysafetymerge_parking' 생성 중...
[2026-09-26 19:05:18,402][INFO|database.py-upgrade_schema:285] >> 테이블 'mysafetymerge_traffic' 생성 중...
[2026-09-26 19:05:18,406][INFO|database.py-_apply_versioned_migrations:452] >> [schema] DB 스키마 버전 1 적용
[2026-09-26 19:05:18,415][INFO|database.py-_apply_versioned_migrations:452] >> [schema] DB 스키마 버전 2 적용
[2026-09-26 19:05:18,417][INFO|database.py-_apply_versioned_migrations:452] >> [schema] DB 스키마 버전 3 적용
[2026-09-26 19:05:18,439][INFO|database.py-_apply_versioned_migrations:452] >> [schema] DB 스키마 버전 4 적용
[2026-09-26 19:05:18,471][INFO|duplicate_group_service.py-_log_info:53] >> [duplicate] payload exact 중복군 0개, 멤버 0건 재생성
[2026-09-26 19:05:18,544][INFO|duplicate_group_service.py-_log_info:53] >> [duplicate] payload exact 중복군 0개, 멤버 0건 재생성
[2026-09-26 19:05:18,549][INFO|database.py-detail_to_sql:723] >> 총 1건 detail 저장 완료. (변경/신규: 1건, 실패: 0건)
....[2026-09-26 19:05:18,577][INFO|database.py-upgrade_schema:285] >> 테이블 'admin_users' 생성 중...
[2026-09-26 19:05:18,586][INFO|database.py-upgrade_schema:285] >> 테이블 'api_keys' 생성 중...
[2026-09-26 19:05:18,588][INFO|database.py-upgrade_schema:285] >> 테이블 'mysafety' 생성 중...
[2026-09-26 19:05:18,590][INFO|database.py-upgrade_schema:285] >> 테이블 'mysafety_change_cursor' 생성 중...
[2026-09-26 19:05:18,591][INFO|database.py-upgrade_schema:285] >> 테이블 'mysafety_change_log' 생성 중...
[2026-09-26 19:05:18,594][INFO|database.py-upgrade_schema:285] >> 테이블 'mysafety_duplicate_decision' 생성 중...
[2026-09-26 19:05:18,596][INFO|database.py-upgrade_schema:285] >> 테이블 'mysafety_duplicate_group' 생성 중...
[2026-09-26 19:05:18,598][INFO|database.py-upgrade_schema:285] >> 테이블 'mysafety_duplicate_member' 생성 중...
[2026-09-26 19:05:18,599][INFO|database.py-upgrade_schema:285] >> 테이블 'mysafety_entry_value' 생성 중...
[2026-09-26 19:05:18,601][INFO|database.py-upgrade_schema:285] >> 테이블 'mysafety_geocode_cache' 생성 중...
[2026-09-26 19:05:18,602][INFO|database.py-upgrade_schema:285] >> 테이블 'mysafety_raw_content' 생성 중...
[2026-09-26 19:05:18,604][INFO|database.py-upgrade_schema:285] >> 테이블 'mysafety_report_override' 생성 중...
[2026-09-26 19:05:18,605][INFO|database.py-upgrade_schema:285] >> 테이블 'mysafety_sync_meta' 생성 중...
[2026-09-26 19:05:18,607][INFO|database.py-upgrade_schema:285] >> 테이블 'mysafety_watchlist' 생성 중...
[2026-09-26 19:05:18,608][INFO|database.py-upgrade_schema:285] >> 테이블 'mysafetydetail_other' 생성 중...
[2026-09-26 19:05:18,614][WARNING|database.py-upgrade_schema:304] >> 'mysafetydetail_parking' 테이블에 '차량번호' 컬럼을 추가합니다.
[2026-09-26 19:05:18,616][WARNING|database.py-upgrade_schema:304] >> 'mysafetydetail_parking' 테이블에 '위반법규' 컬럼을 추가합니다.
[2026-09-26 19:05:18,622][WARNING|database.py-upgrade_schema:304] >> 'mysafetydetail_parking' 테이블에 '범칙금_과태료' 컬럼을 추가합니다.
[2026-09-26 19:05:18,627][WARNING|database.py-upgrade_schema:304] >> 'mysafetydetail_parking' 테이블에 '벌점' 컬럼을 추가합니다.
[2026-09-26 19:05:18,629][WARNING|database.py-upgrade_schema:304] >> 'mysafetydetail_parking' 테이블에 '처리기관' 컬럼을 추가합니다.
[2026-09-26 19:05:18,631][WARNING|database.py-upgrade_schema:304] >> 'mysafetydetail_parking' 테이블에 '담당자' 컬럼을 추가합니다.
[2026-09-26 19:05:18,635][WARNING|database.py-upgrade_schema:304] >> 'mysafetydetail_parking' 테이블에 '답변일' 컬럼을 추가합니다.
[2026-09-26 19:05:18,638][WARNING|database.py-upgrade_schema:304] >> 'mysafetydetail_parking' 테이블에 '발생일자' 컬럼을 추가합니다.
[2026-09-26 19:05:18,642][WARNING|database.py-upgrade_schema:304] >> 'mysafetydetail_parking' 테이블에 '발생시각' 컬럼을 추가합니다.
[2026-09-26 19:05:18,646][WARNING|database.py-upgrade_schema:304] >> 'mysafetydetail_parking' 테이블에 '위반장소' 컬럼을 추가합니다.
[2026-09-26 19:05:18,650][WARNING|database.py-upgrade_schema:304] >> 'mysafetydetail_parking' 테이블에 '주소정규화' 컬럼을 추가합니다.
[2026-09-26 19:05:18,652][WARNING|database.py-upgrade_schema:304] >> 'mysafetydetail_parking' 테이블에 '행정구역' 컬럼을 추가합니다.
[2026-09-26 19:05:18,655][WARNING|database.py-upgrade_schema:304] >> 'mysafetydetail_parking' 테이블에 '위도' 컬럼을 추가합니다.
[2026-09-26 19:05:18,660][WARNING|database.py-upgrade_schema:304] >> 'mysafetydetail_parking' 테이블에 '경도' 컬럼을 추가합니다.
[2026-09-26 19:05:18,662][WARNING|database.py-upgrade_schema:304] >> 'mysafetydetail_parking' 테이블에 '지오코딩상태' 컬럼을 추가합니다.
[2026-09-26 19:05:18,669][WARNING|database.py-upgrade_schema:304] >> 'mysafetydetail_parking' 테이블에 '종결여부' 컬럼을 추가합니다.
[2026-09-26 19:05:18,674][WARNING|database.py-upgrade_schema:304] >> 'mysafetydetail_parking' 테이블에 '신고내용' 컬럼을 추가합니다.
[2026-09-26 19:05:18,680][WARNING|database.py-upgrade_schema:304] >> 'mysafetydetail_parking' 테이블에 '처리내용' 컬럼을 추가합니다.
[2026-09-26 19:05:18,685][WARNING|database.py-upgrade_schema:304] >> 'mysafetydetail_parking' 테이블에 '지도' 컬럼을 추가합니다.
[2026-09-26 19:05:18,688][WARNING|database.py-upgrade_schema:304] >> 'mysafetydetail_parking' 테이블에 '첨부사진' 컬럼을 추가합니다.
[2026-09-26 19:05:18,690][WARNING|database.py-upgrade_schema:304] >> 'mysafetydetail_parking' 테이블에 '첨부파일' 컬럼을 추가합니다.
[2026-09-26 19:05:18,692][WARNING|database.py-upgrade_schema:304] >> 'mysafetydetail_parking' 테이블에 'synced_at' 컬럼을 추가합니다.
[2026-09-26 19:05:18,694][WARNING|database.py-upgrade_schema:304] >> 'mysafetydetail_parking' 테이블에 '보완횟수' 컬럼을 추가합니다.
[2026-09-26 19:05:18,696][WARNING|database.py-upgrade_schema:304] >> 'mysafetydetail_parking' 테이블에 '보완_미응답' 컬럼을 추가합니다.
[2026-09-26 19:05:18,701][WARNING|database.py-upgrade_schema:304] >> 'mysafetydetail_parking' 테이블에 '보완_요청자' 컬럼을 추가합니다.
[2026-09-26 19:05:18,703][WARNING|database.py-upgrade_schema:304] >> 'mysafetydetail_parking' 테이블에 '보완_요청일시' 컬럼을 추가합니다.
[2026-09-26 19:05:18,706][WARNING|database.py-upgrade_schema:304] >> 'mysafetydetail_parking' 테이블에 '보완_완료일시' 컬럼을 추가합니다.
[2026-09-26 19:05:18,708][WARNING|database.py-upgrade_schema:304] >> 'mysafetydetail_parking' 테이블에 '보완_요청_내용' 컬럼을 추가합니다.
[2026-09-26 19:05:18,710][WARNING|database.py-upgrade_schema:304] >> 'mysafetydetail_parking' 테이블에 '보완_신고자_의견' 컬럼을 추가합니다.
[2026-09-26 19:05:18,712][WARNING|database.py-upgrade_schema:304] >> 'mysafetydetail_parking' 테이블에 '사진_첫촬영' 컬럼을 추가합니다.
[2026-09-26 19:05:18,714][WARNING|database.py-upgrade_schema:304] >> 'mysafetydetail_parking' 테이블에 '사진_끝촬영' 컬럼을 추가합니다.
[2026-09-26 19:05:18,719][WARNING|database.py-upgrade_schema:304] >> 'mysafetydetail_parking' 테이블에 '사진_촬영수' 컬럼을 추가합니다.
[2026-09-26 19:05:18,725][INFO|database.py-upgrade_schema:285] >> 테이블 'mysafetydetail_traffic' 생성 중...
[2026-09-26 19:05:18,727][INFO|database.py-upgrade_schema:285] >> 테이블 'mysafetymerge_other' 생성 중...
[2026-09-26 19:05:18,729][INFO|database.py-upgrade_schema:285] >> 테이블 'mysafetymerge_parking' 생성 중...
[2026-09-26 19:05:18,732][INFO|database.py-upgrade_schema:285] >> 테이블 'mysafetymerge_traffic' 생성 중...
[2026-09-26 19:05:18,735][INFO|database.py-_apply_versioned_migrations:452] >> [schema] DB 스키마 버전 1 적용
[2026-09-26 19:05:18,741][INFO|database.py-_apply_versioned_migrations:452] >> [schema] DB 스키마 버전 2 적용
[2026-09-26 19:05:18,743][INFO|database.py-_apply_versioned_migrations:452] >> [schema] DB 스키마 버전 3 적용
[2026-09-26 19:05:18,764][INFO|database.py-_apply_versioned_migrations:452] >> [schema] DB 스키마 버전 4 적용
[2026-09-26 19:05:18,790][INFO|duplicate_group_service.py-_log_info:53] >> [duplicate] payload exact 중복군 0개, 멤버 0건 재생성
.......[2026-09-26 19:05:18,814][INFO|database.py-upgrade_schema:285] >> 테이블 'admin_users' 생성 중...
[2026-09-26 19:05:18,819][INFO|database.py-upgrade_schema:285] >> 테이블 'api_keys' 생성 중...
[2026-09-26 19:05:18,821][INFO|database.py-upgrade_schema:285] >> 테이블 'mysafety' 생성 중...
[2026-09-26 19:05:18,829][INFO|database.py-upgrade_schema:285] >> 테이블 'mysafety_change_cursor' 생성 중...
[2026-09-26 19:05:18,831][INFO|database.py-upgrade_schema:285] >> 테이블 'mysafety_change_log' 생성 중...
[2026-09-26 19:05:18,833][INFO|database.py-upgrade_schema:285] >> 테이블 'mysafety_duplicate_decision' 생성 중...
[2026-09-26 19:05:18,835][INFO|database.py-upgrade_schema:285] >> 테이블 'mysafety_duplicate_group' 생성 중...
[2026-09-26 19:05:18,836][INFO|database.py-upgrade_schema:285] >> 테이블 'mysafety_duplicate_member' 생성 중...
[2026-09-26 19:05:18,838][INFO|database.py-upgrade_schema:285] >> 테이블 'mysafety_entry_value' 생성 중...
[2026-09-26 19:05:18,840][INFO|database.py-upgrade_schema:285] >> 테이블 'mysafety_geocode_cache' 생성 중...
[2026-09-26 19:05:18,841][INFO|database.py-upgrade_schema:285] >> 테이블 'mysafety_raw_content' 생성 중...
[2026-09-26 19:05:18,843][INFO|database.py-upgrade_schema:285] >> 테이블 'mysafety_report_override' 생성 중...
[2026-09-26 19:05:18,845][INFO|database.py-upgrade_schema:285] >> 테이블 'mysafety_sync_meta' 생성 중...
[2026-09-26 19:05:18,846][INFO|database.py-upgrade_schema:285] >> 테이블 'mysafety_watchlist' 생성 중...
[2026-09-26 19:05:18,849][INFO|database.py-upgrade_schema:285] >> 테이블 'mysafetydetail_other' 생성 중...
[2026-09-26 19:05:18,854][INFO|database.py-upgrade_schema:285] >> 테이블 'mysafetydetail_parking' 생성 중...
[2026-09-26 19:05:18,856][INFO|database.py-upgrade_schema:285] >> 테이블 'mysafetydetail_traffic' 생성 중...
[2026-09-26 19:05:18,862][INFO|database.py-upgrade_schema:285] >> 테이블 'mysafetymerge_other' 생성 중...
[2026-09-26 19:05:18,865][INFO|database.py-upgrade_schema:285] >> 테이블 'mysafetymerge_parking' 생성 중...
[2026-09-26 19:05:18,868][INFO|database.py-upgrade_schema:285] >> 테이블 'mysafetymerge_traffic' 생성 중...
[2026-09-26 19:05:18,871][INFO|database.py-_apply_versioned_migrations:452] >> [schema] DB 스키마 버전 1 적용
[2026-09-26 19:05:18,877][INFO|database.py-_apply_versioned_migrations:452] >> [schema] DB 스키마 버전 2 적용
[2026-09-26 19:05:18,879][INFO|database.py-_apply_versioned_migrations:452] >> [schema] DB 스키마 버전 3 적용
[2026-09-26 19:05:18,903][INFO|database.py-_apply_versioned_migrations:452] >> [schema] DB 스키마 버전 4 적용
[2026-09-26 19:05:18,928][INFO|duplicate_group_service.py-_log_info:53] >> [duplicate] payload exact 중복군 0개, 멤버 0건 재생성
[2026-09-26 19:05:18,967][INFO|database.py-backfill_synced_at:100] >> [migration] mysafetydetail_traffic synced_at 백필: 12건, 미해결 0건
[2026-09-26 19:05:18,971][INFO|database.py-backfill_synced_at:100] >> [migration] mysafetydetail_parking synced_at 백필: 6건, 미해결 0건
[2026-09-26 19:05:18,974][INFO|database.py-backfill_synced_at:100] >> [migration] mysafetydetail_other synced_at 백필: 6건, 미해결 0건
[2026-09-26 19:05:18,977][INFO|database.py-backfill_synced_at:105] >> [migration] synced_at 백필 완료: 총 24건 갱신, merge 재생성 시작
[2026-09-26 19:05:18,993][INFO|database.py-merge_final:736] >> 최종 데이터 병합 완료 (Traffic/Parking/Other 분리)
[2026-09-26 19:05:19,021][INFO|duplicate_group_service.py-_log_info:53] >> [duplicate] payload exact 중복군 1개, 멤버 2건 재생성
[2026-09-26 19:05:19,030][INFO|database.py-merge_final:736] >> 최종 데이터 병합 완료 (Traffic/Parking/Other 분리)
[2026-09-26 19:05:19,057][INFO|duplicate_group_service.py-_log_info:53] >> [duplicate] payload exact 중복군 1개, 멤버 2건 재생성
..................[2026-09-26 19:05:19,284][INFO|database.py-upgrade_schema:285] >> 테이블 'admin_users' 생성 중...
[2026-09-26 19:05:19,288][INFO|database.py-upgrade_schema:285] >> 테이블 'api_keys' 생성 중...
[2026-09-26 19:05:19,293][INFO|database.py-upgrade_schema:285] >> 테이블 'mysafety' 생성 중...
[2026-09-26 19:05:19,298][INFO|database.py-upgrade_schema:285] >> 테이블 'mysafety_change_cursor' 생성 중...
[2026-09-26 19:05:19,303][INFO|database.py-upgrade_schema:285] >> 테이블 'mysafety_change_log' 생성 중...
[2026-09-26 19:05:19,305][INFO|database.py-upgrade_schema:285] >> 테이블 'mysafety_duplicate_decision' 생성 중...
[2026-09-26 19:05:19,307][INFO|database.py-upgrade_schema:285] >> 테이블 'mysafety_duplicate_group' 생성 중...
[2026-09-26 19:05:19,309][INFO|database.py-upgrade_schema:285] >> 테이블 'mysafety_duplicate_member' 생성 중...
[2026-09-26 19:05:19,310][INFO|database.py-upgrade_schema:285] >> 테이블 'mysafety_entry_value' 생성 중...
[2026-09-26 19:05:19,311][INFO|database.py-upgrade_schema:285] >> 테이블 'mysafety_geocode_cache' 생성 중...
[2026-09-26 19:05:19,313][INFO|database.py-upgrade_schema:285] >> 테이블 'mysafety_raw_content' 생성 중...
[2026-09-26 19:05:19,315][INFO|database.py-upgrade_schema:285] >> 테이블 'mysafety_report_override' 생성 중...
[2026-09-26 19:05:19,317][INFO|database.py-upgrade_schema:285] >> 테이블 'mysafety_sync_meta' 생성 중...
[2026-09-26 19:05:19,318][INFO|database.py-upgrade_schema:285] >> 테이블 'mysafety_watchlist' 생성 중...
[2026-09-26 19:05:19,320][INFO|database.py-upgrade_schema:285] >> 테이블 'mysafetydetail_other' 생성 중...
[2026-09-26 19:05:19,321][INFO|database.py-upgrade_schema:285] >> 테이블 'mysafetydetail_parking' 생성 중...
[2026-09-26 19:05:19,323][INFO|database.py-upgrade_schema:285] >> 테이블 'mysafetydetail_traffic' 생성 중...
[2026-09-26 19:05:19,325][INFO|database.py-upgrade_schema:285] >> 테이블 'mysafetymerge_other' 생성 중...
[2026-09-26 19:05:19,331][INFO|database.py-upgrade_schema:285] >> 테이블 'mysafetymerge_parking' 생성 중...
[2026-09-26 19:05:19,341][INFO|database.py-upgrade_schema:285] >> 테이블 'mysafetymerge_traffic' 생성 중...
[2026-09-26 19:05:19,347][INFO|database.py-_apply_versioned_migrations:452] >> [schema] DB 스키마 버전 1 적용
[2026-09-26 19:05:19,353][INFO|database.py-_apply_versioned_migrations:452] >> [schema] DB 스키마 버전 2 적용
[2026-09-26 19:05:19,355][INFO|database.py-_apply_versioned_migrations:452] >> [schema] DB 스키마 버전 3 적용
[2026-09-26 19:05:19,368][INFO|database.py-_apply_versioned_migrations:452] >> [schema] DB 스키마 버전 4 적용
[2026-09-26 19:05:19,406][INFO|duplicate_group_service.py-_log_info:53] >> [duplicate] payload exact 중복군 0개, 멤버 0건 재생성
[2026-09-26 19:05:19,414][WARNING|start.py-_prepare_database:63] >> --reset 옵션이 사용되어 크롤링 데이터 테이블을 초기화합니다.
[2026-09-26 19:05:19,414][INFO|start.py-_prepare_database:82] >> --reset에서도 mysafety_geocode_cache는 유지합니다. 재크롤링 시 같은 주소는 캐시 좌표를 재사용합니다.
[2026-09-26 19:05:19,454][INFO|database.py-upgrade_schema:285] >> 테이블 'mysafety' 생성 중...
[2026-09-26 19:05:19,457][INFO|database.py-upgrade_schema:285] >> 테이블 'mysafety_duplicate_group' 생성 중...
[2026-09-26 19:05:19,459][INFO|database.py-upgrade_schema:285] >> 테이블 'mysafety_duplicate_member' 생성 중...
[2026-09-26 19:05:19,461][INFO|database.py-upgrade_schema:285] >> 테이블 'mysafety_entry_value' 생성 중...
[2026-09-26 19:05:19,463][INFO|database.py-upgrade_schema:285] >> 테이블 'mysafety_raw_content' 생성 중...
[2026-09-26 19:05:19,465][INFO|database.py-upgrade_schema:285] >> 테이블 'mysafetydetail_other' 생성 중...
[2026-09-26 19:05:19,467][INFO|database.py-upgrade_schema:285] >> 테이블 'mysafetydetail_parking' 생성 중...
[2026-09-26 19:05:19,469][INFO|database.py-upgrade_schema:285] >> 테이블 'mysafetydetail_traffic' 생성 중...
[2026-09-26 19:05:19,471][INFO|database.py-upgrade_schema:285] >> 테이블 'mysafetymerge_other' 생성 중...
[2026-09-26 19:05:19,477][INFO|database.py-upgrade_schema:285] >> 테이블 'mysafetymerge_parking' 생성 중...
[2026-09-26 19:05:19,480][INFO|database.py-upgrade_schema:285] >> 테이블 'mysafetymerge_traffic' 생성 중...
.[2026-09-26 19:05:19,494][INFO|database.py-upgrade_schema:285] >> 테이블 'admin_users' 생성 중...
[2026-09-26 19:05:19,497][INFO|database.py-upgrade_schema:285] >> 테이블 'api_keys' 생성 중...
[2026-09-26 19:05:19,502][INFO|database.py-upgrade_schema:285] >> 테이블 'mysafety' 생성 중...
[2026-09-26 19:05:19,504][INFO|database.py-upgrade_schema:285] >> 테이블 'mysafety_change_cursor' 생성 중...
[2026-09-26 19:05:19,506][INFO|database.py-upgrade_schema:285] >> 테이블 'mysafety_change_log' 생성 중...
[2026-09-26 19:05:19,508][INFO|database.py-upgrade_schema:285] >> 테이블 'mysafety_duplicate_decision' 생성 중...
[2026-09-26 19:05:19,510][INFO|database.py-upgrade_schema:285] >> 테이블 'mysafety_duplicate_group' 생성 중...
[2026-09-26 19:05:19,512][INFO|database.py-upgrade_schema:285] >> 테이블 'mysafety_duplicate_member' 생성 중...
[2026-09-26 19:05:19,515][INFO|database.py-upgrade_schema:285] >> 테이블 'mysafety_entry_value' 생성 중...
[2026-09-26 19:05:19,518][INFO|database.py-upgrade_schema:285] >> 테이블 'mysafety_geocode_cache' 생성 중...
[2026-09-26 19:05:19,520][INFO|database.py-upgrade_schema:285] >> 테이블 'mysafety_raw_content' 생성 중...
[2026-09-26 19:05:19,523][INFO|database.py-upgrade_schema:285] >> 테이블 'mysafety_report_override' 생성 중...
[2026-09-26 19:05:19,525][INFO|database.py-upgrade_schema:285] >> 테이블 'mysafety_sync_meta' 생성 중...
[2026-09-26 19:05:19,526][INFO|database.py-upgrade_schema:285] >> 테이블 'mysafety_watchlist' 생성 중...
[2026-09-26 19:05:19,527][INFO|database.py-upgrade_schema:285] >> 테이블 'mysafetydetail_other' 생성 중...
[2026-09-26 19:05:19,529][INFO|database.py-upgrade_schema:285] >> 테이블 'mysafetydetail_parking' 생성 중...
[2026-09-26 19:05:19,531][INFO|database.py-upgrade_schema:285] >> 테이블 'mysafetydetail_traffic' 생성 중...
[2026-09-26 19:05:19,536][INFO|database.py-upgrade_schema:285] >> 테이블 'mysafetymerge_other' 생성 중...
[2026-09-26 19:05:19,538][INFO|database.py-upgrade_schema:285] >> 테이블 'mysafetymerge_parking' 생성 중...
[2026-09-26 19:05:19,547][INFO|database.py-upgrade_schema:285] >> 테이블 'mysafetymerge_traffic' 생성 중...
[2026-09-26 19:05:19,553][INFO|database.py-_apply_versioned_migrations:452] >> [schema] DB 스키마 버전 1 적용
[2026-09-26 19:05:19,560][INFO|database.py-_apply_versioned_migrations:452] >> [schema] DB 스키마 버전 2 적용
[2026-09-26 19:05:19,562][INFO|database.py-_apply_versioned_migrations:452] >> [schema] DB 스키마 버전 3 적용
[2026-09-26 19:05:19,583][INFO|database.py-_apply_versioned_migrations:452] >> [schema] DB 스키마 버전 4 적용
[2026-09-26 19:05:19,617][INFO|duplicate_group_service.py-_log_info:53] >> [duplicate] payload exact 중복군 0개, 멤버 0건 재생성
[2026-09-26 19:05:19,662][INFO|database.py-backfill_synced_at:100] >> [migration] mysafetydetail_traffic synced_at 백필: 12건, 미해결 0건
[2026-09-26 19:05:19,666][INFO|database.py-backfill_synced_at:100] >> [migration] mysafetydetail_parking synced_at 백필: 6건, 미해결 0건
[2026-09-26 19:05:19,669][INFO|database.py-backfill_synced_at:100] >> [migration] mysafetydetail_other synced_at 백필: 6건, 미해결 0건
[2026-09-26 19:05:19,674][INFO|database.py-backfill_synced_at:105] >> [migration] synced_at 백필 완료: 총 24건 갱신, merge 재생성 시작
[2026-09-26 19:05:19,686][INFO|database.py-merge_final:736] >> 최종 데이터 병합 완료 (Traffic/Parking/Other 분리)
[2026-09-26 19:05:19,710][INFO|duplicate_group_service.py-_log_info:53] >> [duplicate] payload exact 중복군 1개, 멤버 2건 재생성
[2026-09-26 19:05:19,722][INFO|database.py-merge_final:736] >> 최종 데이터 병합 완료 (Traffic/Parking/Other 분리)
[2026-09-26 19:05:19,747][INFO|duplicate_group_service.py-_log_info:53] >> [duplicate] payload exact 중복군 1개, 멤버 2건 재생성
........[2026-09-26 19:05:21,065][INFO|database.py-upgrade_schema:285] >> 테이블 'admin_users' 생성 중...
[2026-09-26 19:05:21,067][INFO|database.py-upgrade_schema:285] >> 테이블 'api_keys' 생성 중...
[2026-09-26 19:05:21,069][INFO|database.py-upgrade_schema:285] >> 테이블 'mysafety' 생성 중...
[2026-09-26 19:05:21,073][INFO|database.py-upgrade_schema:285] >> 테이블 'mysafety_change_cursor' 생성 중...
[2026-09-26 19:05:21,075][INFO|database.py-upgrade_schema:285] >> 테이블 'mysafety_change_log' 생성 중...
[2026-09-26 19:05:21,076][INFO|database.py-upgrade_schema:285] >> 테이블 'mysafety_duplicate_decision' 생성 중...
[2026-09-26 19:05:21,078][INFO|database.py-upgrade_schema:285] >> 테이블 'mysafety_duplicate_group' 생성 중...
[2026-09-26 19:05:21,080][INFO|database.py-upgrade_schema:285] >> 테이블 'mysafety_duplicate_member' 생성 중...
[2026-09-26 19:05:21,081][INFO|database.py-upgrade_schema:285] >> 테이블 'mysafety_entry_value' 생성 중...
[2026-09-26 19:05:21,087][INFO|database.py-upgrade_schema:285] >> 테이블 'mysafety_geocode_cache' 생성 중...
[2026-09-26 19:05:21,089][INFO|database.py-upgrade_schema:285] >> 테이블 'mysafety_raw_content' 생성 중...
[2026-09-26 19:05:21,096][INFO|database.py-upgrade_schema:285] >> 테이블 'mysafety_report_override' 생성 중...
[2026-09-26 19:05:21,098][INFO|database.py-upgrade_schema:285] >> 테이블 'mysafety_sync_meta' 생성 중...
[2026-09-26 19:05:21,100][INFO|database.py-upgrade_schema:285] >> 테이블 'mysafety_watchlist' 생성 중...
[2026-09-26 19:05:21,103][INFO|database.py-upgrade_schema:285] >> 테이블 'mysafetydetail_other' 생성 중...
[2026-09-26 19:05:21,105][INFO|database.py-upgrade_schema:285] >> 테이블 'mysafetydetail_parking' 생성 중...
[2026-09-26 19:05:21,107][INFO|database.py-upgrade_schema:285] >> 테이블 'mysafetydetail_traffic' 생성 중...
[2026-09-26 19:05:21,115][INFO|database.py-upgrade_schema:285] >> 테이블 'mysafetymerge_other' 생성 중...
[2026-09-26 19:05:21,118][INFO|database.py-upgrade_schema:285] >> 테이블 'mysafetymerge_parking' 생성 중...
[2026-09-26 19:05:21,120][INFO|database.py-upgrade_schema:285] >> 테이블 'mysafetymerge_traffic' 생성 중...
[2026-09-26 19:05:21,123][INFO|database.py-_apply_versioned_migrations:452] >> [schema] DB 스키마 버전 1 적용
[2026-09-26 19:05:21,128][INFO|database.py-_apply_versioned_migrations:452] >> [schema] DB 스키마 버전 2 적용
[2026-09-26 19:05:21,133][INFO|database.py-_apply_versioned_migrations:452] >> [schema] DB 스키마 버전 3 적용
[2026-09-26 19:05:21,151][INFO|database.py-_apply_versioned_migrations:452] >> [schema] DB 스키마 버전 4 적용
[2026-09-26 19:05:21,177][INFO|duplicate_group_service.py-_log_info:53] >> [duplicate] payload exact 중복군 0개, 멤버 0건 재생성
[2026-09-26 19:05:21,211][INFO|database.py-backfill_synced_at:100] >> [migration] mysafetydetail_traffic synced_at 백필: 12건, 미해결 0건
[2026-09-26 19:05:21,214][INFO|database.py-backfill_synced_at:100] >> [migration] mysafetydetail_parking synced_at 백필: 6건, 미해결 0건
[2026-09-26 19:05:21,218][INFO|database.py-backfill_synced_at:100] >> [migration] mysafetydetail_other synced_at 백필: 6건, 미해결 0건
[2026-09-26 19:05:21,223][INFO|database.py-backfill_synced_at:105] >> [migration] synced_at 백필 완료: 총 24건 갱신, merge 재생성 시작
[2026-09-26 19:05:21,236][INFO|database.py-merge_final:736] >> 최종 데이터 병합 완료 (Traffic/Parking/Other 분리)
[2026-09-26 19:05:21,259][INFO|duplicate_group_service.py-_log_info:53] >> [duplicate] payload exact 중복군 1개, 멤버 2건 재생성
[2026-09-26 19:05:21,267][INFO|database.py-merge_final:736] >> 최종 데이터 병합 완료 (Traffic/Parking/Other 분리)
[2026-09-26 19:05:21,292][INFO|duplicate_group_service.py-_log_info:53] >> [duplicate] payload exact 중복군 1개, 멤버 2건 재생성
.[2026-09-26 19:05:21,768][INFO|database.py-upgrade_schema:285] >> 테이블 'admin_users' 생성 중...
[2026-09-26 19:05:21,771][INFO|database.py-upgrade_schema:285] >> 테이블 'api_keys' 생성 중...
[2026-09-26 19:05:21,773][INFO|database.py-upgrade_schema:285] >> 테이블 'mysafety' 생성 중...
[2026-09-26 19:05:21,775][INFO|database.py-upgrade_schema:285] >> 테이블 'mysafety_change_cursor' 생성 중...
[2026-09-26 19:05:21,776][INFO|database.py-upgrade_schema:285] >> 테이블 'mysafety_change_log' 생성 중...
[2026-09-26 19:05:21,778][INFO|database.py-upgrade_schema:285] >> 테이블 'mysafety_duplicate_decision' 생성 중...
[2026-09-26 19:05:21,780][INFO|database.py-upgrade_schema:285] >> 테이블 'mysafety_duplicate_group' 생성 중...
[2026-09-26 19:05:21,784][INFO|database.py-upgrade_schema:285] >> 테이블 'mysafety_duplicate_member' 생성 중...
[2026-09-26 19:05:21,786][INFO|database.py-upgrade_schema:285] >> 테이블 'mysafety_entry_value' 생성 중...
[2026-09-26 19:05:21,787][INFO|database.py-upgrade_schema:285] >> 테이블 'mysafety_geocode_cache' 생성 중...
[2026-09-26 19:05:21,789][INFO|database.py-upgrade_schema:285] >> 테이블 'mysafety_raw_content' 생성 중...
[2026-09-26 19:05:21,797][INFO|database.py-upgrade_schema:285] >> 테이블 'mysafety_report_override' 생성 중...
[2026-09-26 19:05:21,800][INFO|database.py-upgrade_schema:285] >> 테이블 'mysafety_sync_meta' 생성 중...
[2026-09-26 19:05:21,802][INFO|database.py-upgrade_schema:285] >> 테이블 'mysafety_watchlist' 생성 중...
[2026-09-26 19:05:21,805][INFO|database.py-upgrade_schema:285] >> 테이블 'mysafetydetail_other' 생성 중...
[2026-09-26 19:05:21,807][INFO|database.py-upgrade_schema:285] >> 테이블 'mysafetydetail_parking' 생성 중...
[2026-09-26 19:05:21,809][INFO|database.py-upgrade_schema:285] >> 테이블 'mysafetydetail_traffic' 생성 중...
[2026-09-26 19:05:21,812][INFO|database.py-upgrade_schema:285] >> 테이블 'mysafetymerge_other' 생성 중...
[2026-09-26 19:05:21,815][INFO|database.py-upgrade_schema:285] >> 테이블 'mysafetymerge_parking' 생성 중...
[2026-09-26 19:05:21,820][INFO|database.py-upgrade_schema:285] >> 테이블 'mysafetymerge_traffic' 생성 중...
[2026-09-26 19:05:21,825][INFO|database.py-_apply_versioned_migrations:452] >> [schema] DB 스키마 버전 1 적용
[2026-09-26 19:05:21,832][INFO|database.py-_apply_versioned_migrations:452] >> [schema] DB 스키마 버전 2 적용
[2026-09-26 19:05:21,834][INFO|database.py-_apply_versioned_migrations:452] >> [schema] DB 스키마 버전 3 적용
[2026-09-26 19:05:21,854][INFO|database.py-_apply_versioned_migrations:452] >> [schema] DB 스키마 버전 4 적용
[2026-09-26 19:05:21,879][INFO|duplicate_group_service.py-_log_info:53] >> [duplicate] payload exact 중복군 0개, 멤버 0건 재생성
[2026-09-26 19:05:21,927][INFO|database.py-backfill_synced_at:100] >> [migration] mysafetydetail_traffic synced_at 백필: 12건, 미해결 0건
[2026-09-26 19:05:21,930][INFO|database.py-backfill_synced_at:100] >> [migration] mysafetydetail_parking synced_at 백필: 6건, 미해결 0건
[2026-09-26 19:05:21,934][INFO|database.py-backfill_synced_at:100] >> [migration] mysafetydetail_other synced_at 백필: 6건, 미해결 0건
[2026-09-26 19:05:21,936][INFO|database.py-backfill_synced_at:105] >> [migration] synced_at 백필 완료: 총 24건 갱신, merge 재생성 시작
[2026-09-26 19:05:21,958][INFO|database.py-merge_final:736] >> 최종 데이터 병합 완료 (Traffic/Parking/Other 분리)
[2026-09-26 19:05:22,000][INFO|duplicate_group_service.py-_log_info:53] >> [duplicate] payload exact 중복군 1개, 멤버 2건 재생성
[2026-09-26 19:05:22,011][INFO|database.py-merge_final:736] >> 최종 데이터 병합 완료 (Traffic/Parking/Other 분리)
[2026-09-26 19:05:22,047][INFO|duplicate_group_service.py-_log_info:53] >> [duplicate] payload exact 중복군 1개, 멤버 2건 재생성
.[2026-09-26 19:05:22,681][INFO|database.py-upgrade_schema:285] >> 테이블 'admin_users' 생성 중...
[2026-09-26 19:05:22,684][INFO|database.py-upgrade_schema:285] >> 테이블 'api_keys' 생성 중...
[2026-09-26 19:05:22,686][INFO|database.py-upgrade_schema:285] >> 테이블 'mysafety' 생성 중...
[2026-09-26 19:05:22,688][INFO|database.py-upgrade_schema:285] >> 테이블 'mysafety_change_cursor' 생성 중...
[2026-09-26 19:05:22,694][INFO|database.py-upgrade_schema:285] >> 테이블 'mysafety_change_log' 생성 중...
[2026-09-26 19:05:22,696][INFO|database.py-upgrade_schema:285] >> 테이블 'mysafety_duplicate_decision' 생성 중...
[2026-09-26 19:05:22,699][INFO|database.py-upgrade_schema:285] >> 테이블 'mysafety_duplicate_group' 생성 중...
[2026-09-26 19:05:22,701][INFO|database.py-upgrade_schema:285] >> 테이블 'mysafety_duplicate_member' 생성 중...
[2026-09-26 19:05:22,703][INFO|database.py-upgrade_schema:285] >> 테이블 'mysafety_entry_value' 생성 중...
[2026-09-26 19:05:22,704][INFO|database.py-upgrade_schema:285] >> 테이블 'mysafety_geocode_cache' 생성 중...
[2026-09-26 19:05:22,706][INFO|database.py-upgrade_schema:285] >> 테이블 'mysafety_raw_content' 생성 중...
[2026-09-26 19:05:22,708][INFO|database.py-upgrade_schema:285] >> 테이블 'mysafety_report_override' 생성 중...
[2026-09-26 19:05:22,709][INFO|database.py-upgrade_schema:285] >> 테이블 'mysafety_sync_meta' 생성 중...
[2026-09-26 19:05:22,714][INFO|database.py-upgrade_schema:285] >> 테이블 'mysafety_watchlist' 생성 중...
[2026-09-26 19:05:22,717][INFO|database.py-upgrade_schema:285] >> 테이블 'mysafetydetail_other' 생성 중...
[2026-09-26 19:05:22,719][INFO|database.py-upgrade_schema:285] >> 테이블 'mysafetydetail_parking' 생성 중...
[2026-09-26 19:05:22,723][INFO|database.py-upgrade_schema:285] >> 테이블 'mysafetydetail_traffic' 생성 중...
[2026-09-26 19:05:22,726][INFO|database.py-upgrade_schema:285] >> 테이블 'mysafetymerge_other' 생성 중...
[2026-09-26 19:05:22,729][INFO|database.py-upgrade_schema:285] >> 테이블 'mysafetymerge_parking' 생성 중...
[2026-09-26 19:05:22,734][INFO|database.py-upgrade_schema:285] >> 테이블 'mysafetymerge_traffic' 생성 중...
[2026-09-26 19:05:22,739][INFO|database.py-_apply_versioned_migrations:452] >> [schema] DB 스키마 버전 1 적용
[2026-09-26 19:05:22,745][INFO|database.py-_apply_versioned_migrations:452] >> [schema] DB 스키마 버전 2 적용
[2026-09-26 19:05:22,748][INFO|database.py-_apply_versioned_migrations:452] >> [schema] DB 스키마 버전 3 적용
[2026-09-26 19:05:22,772][INFO|database.py-_apply_versioned_migrations:452] >> [schema] DB 스키마 버전 4 적용
.[2026-09-26 19:05:22,818][INFO|database.py-upgrade_schema:285] >> 테이블 'admin_users' 생성 중...
[2026-09-26 19:05:22,824][INFO|database.py-upgrade_schema:285] >> 테이블 'api_keys' 생성 중...
[2026-09-26 19:05:22,826][INFO|database.py-upgrade_schema:285] >> 테이블 'mysafety' 생성 중...
[2026-09-26 19:05:22,828][INFO|database.py-upgrade_schema:285] >> 테이블 'mysafety_change_cursor' 생성 중...
[2026-09-26 19:05:22,837][INFO|database.py-upgrade_schema:285] >> 테이블 'mysafety_change_log' 생성 중...
[2026-09-26 19:05:22,840][INFO|database.py-upgrade_schema:285] >> 테이블 'mysafety_duplicate_decision' 생성 중...
[2026-09-26 19:05:22,845][INFO|database.py-upgrade_schema:285] >> 테이블 'mysafety_duplicate_group' 생성 중...
[2026-09-26 19:05:22,848][INFO|database.py-upgrade_schema:285] >> 테이블 'mysafety_duplicate_member' 생성 중...
[2026-09-26 19:05:22,849][INFO|database.py-upgrade_schema:285] >> 테이블 'mysafety_entry_value' 생성 중...
[2026-09-26 19:05:22,851][INFO|database.py-upgrade_schema:285] >> 테이블 'mysafety_geocode_cache' 생성 중...
[2026-09-26 19:05:22,854][INFO|database.py-upgrade_schema:285] >> 테이블 'mysafety_raw_content' 생성 중...
[2026-09-26 19:05:22,856][INFO|database.py-upgrade_schema:285] >> 테이블 'mysafety_report_override' 생성 중...
[2026-09-26 19:05:22,858][INFO|database.py-upgrade_schema:285] >> 테이블 'mysafety_sync_meta' 생성 중...
[2026-09-26 19:05:22,860][INFO|database.py-upgrade_schema:285] >> 테이블 'mysafety_watchlist' 생성 중...
[2026-09-26 19:05:22,861][INFO|database.py-upgrade_schema:285] >> 테이블 'mysafetydetail_other' 생성 중...
[2026-09-26 19:05:22,867][INFO|database.py-upgrade_schema:285] >> 테이블 'mysafetydetail_parking' 생성 중...
[2026-09-26 19:05:22,869][INFO|database.py-upgrade_schema:285] >> 테이블 'mysafetydetail_traffic' 생성 중...
[2026-09-26 19:05:22,872][INFO|database.py-upgrade_schema:285] >> 테이블 'mysafetymerge_other' 생성 중...
[2026-09-26 19:05:22,878][INFO|database.py-upgrade_schema:285] >> 테이블 'mysafetymerge_parking' 생성 중...
[2026-09-26 19:05:22,882][INFO|database.py-upgrade_schema:285] >> 테이블 'mysafetymerge_traffic' 생성 중...
[2026-09-26 19:05:22,889][INFO|database.py-_apply_versioned_migrations:452] >> [schema] DB 스키마 버전 1 적용
[2026-09-26 19:05:22,900][INFO|database.py-_apply_versioned_migrations:452] >> [schema] DB 스키마 버전 2 적용
[2026-09-26 19:05:22,902][INFO|database.py-_apply_versioned_migrations:452] >> [schema] DB 스키마 버전 3 적용
[2026-09-26 19:05:22,933][INFO|database.py-_apply_versioned_migrations:452] >> [schema] DB 스키마 버전 4 적용
.[2026-09-26 19:05:22,966][INFO|database.py-upgrade_schema:285] >> 테이블 'admin_users' 생성 중...
[2026-09-26 19:05:22,971][INFO|database.py-upgrade_schema:285] >> 테이블 'api_keys' 생성 중...
[2026-09-26 19:05:22,973][INFO|database.py-upgrade_schema:285] >> 테이블 'mysafety' 생성 중...
[2026-09-26 19:05:22,976][INFO|database.py-upgrade_schema:285] >> 테이블 'mysafety_change_cursor' 생성 중...
[2026-09-26 19:05:22,979][INFO|database.py-upgrade_schema:285] >> 테이블 'mysafety_change_log' 생성 중...
[2026-09-26 19:05:22,983][INFO|database.py-upgrade_schema:285] >> 테이블 'mysafety_duplicate_decision' 생성 중...
[2026-09-26 19:05:22,986][INFO|database.py-upgrade_schema:285] >> 테이블 'mysafety_duplicate_group' 생성 중...
[2026-09-26 19:05:22,988][INFO|database.py-upgrade_schema:285] >> 테이블 'mysafety_duplicate_member' 생성 중...
[2026-09-26 19:05:22,990][INFO|database.py-upgrade_schema:285] >> 테이블 'mysafety_entry_value' 생성 중...
[2026-09-26 19:05:22,992][INFO|database.py-upgrade_schema:285] >> 테이블 'mysafety_geocode_cache' 생성 중...
[2026-09-26 19:05:22,994][INFO|database.py-upgrade_schema:285] >> 테이블 'mysafety_raw_content' 생성 중...
[2026-09-26 19:05:23,002][INFO|database.py-upgrade_schema:285] >> 테이블 'mysafety_report_override' 생성 중...
[2026-09-26 19:05:23,010][INFO|database.py-upgrade_schema:285] >> 테이블 'mysafety_sync_meta' 생성 중...
[2026-09-26 19:05:23,014][INFO|database.py-upgrade_schema:285] >> 테이블 'mysafety_watchlist' 생성 중...
[2026-09-26 19:05:23,017][INFO|database.py-upgrade_schema:285] >> 테이블 'mysafetydetail_other' 생성 중...
[2026-09-26 19:05:23,019][INFO|database.py-upgrade_schema:285] >> 테이블 'mysafetydetail_parking' 생성 중...
[2026-09-26 19:05:23,022][INFO|database.py-upgrade_schema:285] >> 테이블 'mysafetydetail_traffic' 생성 중...
[2026-09-26 19:05:23,024][INFO|database.py-upgrade_schema:285] >> 테이블 'mysafetymerge_other' 생성 중...
[2026-09-26 19:05:23,027][INFO|database.py-upgrade_schema:285] >> 테이블 'mysafetymerge_parking' 생성 중...
[2026-09-26 19:05:23,034][INFO|database.py-upgrade_schema:285] >> 테이블 'mysafetymerge_traffic' 생성 중...
[2026-09-26 19:05:23,039][INFO|database.py-_apply_versioned_migrations:452] >> [schema] DB 스키마 버전 1 적용
[2026-09-26 19:05:23,051][INFO|database.py-_apply_versioned_migrations:452] >> [schema] DB 스키마 버전 2 적용
[2026-09-26 19:05:23,054][INFO|database.py-_apply_versioned_migrations:452] >> [schema] DB 스키마 버전 3 적용
[2026-09-26 19:05:23,083][INFO|database.py-_apply_versioned_migrations:452] >> [schema] DB 스키마 버전 4 적용
.[2026-09-26 19:05:23,122][INFO|database.py-upgrade_schema:285] >> 테이블 'admin_users' 생성 중...
[2026-09-26 19:05:23,125][INFO|database.py-upgrade_schema:285] >> 테이블 'api_keys' 생성 중...
[2026-09-26 19:05:23,128][INFO|database.py-upgrade_schema:285] >> 테이블 'mysafety' 생성 중...
[2026-09-26 19:05:23,129][INFO|database.py-upgrade_schema:285] >> 테이블 'mysafety_change_cursor' 생성 중...
[2026-09-26 19:05:23,133][INFO|database.py-upgrade_schema:285] >> 테이블 'mysafety_change_log' 생성 중...
[2026-09-26 19:05:23,137][INFO|database.py-upgrade_schema:285] >> 테이블 'mysafety_duplicate_decision' 생성 중...
[2026-09-26 19:05:23,139][INFO|database.py-upgrade_schema:285] >> 테이블 'mysafety_duplicate_group' 생성 중...
[2026-09-26 19:05:23,144][INFO|database.py-upgrade_schema:285] >> 테이블 'mysafety_duplicate_member' 생성 중...
[2026-09-26 19:05:23,147][INFO|database.py-upgrade_schema:285] >> 테이블 'mysafety_entry_value' 생성 중...
[2026-09-26 19:05:23,150][INFO|database.py-upgrade_schema:285] >> 테이블 'mysafety_geocode_cache' 생성 중...
[2026-09-26 19:05:23,152][INFO|database.py-upgrade_schema:285] >> 테이블 'mysafety_raw_content' 생성 중...
[2026-09-26 19:05:23,154][INFO|database.py-upgrade_schema:285] >> 테이블 'mysafety_report_override' 생성 중...
[2026-09-26 19:05:23,157][INFO|database.py-upgrade_schema:285] >> 테이블 'mysafety_sync_meta' 생성 중...
[2026-09-26 19:05:23,159][INFO|database.py-upgrade_schema:285] >> 테이블 'mysafety_watchlist' 생성 중...
[2026-09-26 19:05:23,160][INFO|database.py-upgrade_schema:285] >> 테이블 'mysafetydetail_other' 생성 중...
[2026-09-26 19:05:23,162][INFO|database.py-upgrade_schema:285] >> 테이블 'mysafetydetail_parking' 생성 중...
[2026-09-26 19:05:23,164][INFO|database.py-upgrade_schema:285] >> 테이블 'mysafetydetail_traffic' 생성 중...
[2026-09-26 19:05:23,166][INFO|database.py-upgrade_schema:285] >> 테이블 'mysafetymerge_other' 생성 중...
[2026-09-26 19:05:23,168][INFO|database.py-upgrade_schema:285] >> 테이블 'mysafetymerge_parking' 생성 중...
[2026-09-26 19:05:23,170][INFO|database.py-upgrade_schema:285] >> 테이블 'mysafetymerge_traffic' 생성 중...
[2026-09-26 19:05:23,174][INFO|database.py-_apply_versioned_migrations:452] >> [schema] DB 스키마 버전 1 적용
[2026-09-26 19:05:23,180][INFO|database.py-_apply_versioned_migrations:452] >> [schema] DB 스키마 버전 2 적용
[2026-09-26 19:05:23,185][INFO|database.py-_apply_versioned_migrations:452] >> [schema] DB 스키마 버전 3 적용
[2026-09-26 19:05:23,204][INFO|database.py-_apply_versioned_migrations:452] >> [schema] DB 스키마 버전 4 적용
.[2026-09-26 19:05:23,241][INFO|database.py-upgrade_schema:285] >> 테이블 'admin_users' 생성 중...
[2026-09-26 19:05:23,245][INFO|database.py-upgrade_schema:285] >> 테이블 'api_keys' 생성 중...
[2026-09-26 19:05:23,247][INFO|database.py-upgrade_schema:285] >> 테이블 'mysafety' 생성 중...
[2026-09-26 19:05:23,249][INFO|database.py-upgrade_schema:285] >> 테이블 'mysafety_change_cursor' 생성 중...
[2026-09-26 19:05:23,251][INFO|database.py-upgrade_schema:285] >> 테이블 'mysafety_change_log' 생성 중...
[2026-09-26 19:05:23,255][INFO|database.py-upgrade_schema:285] >> 테이블 'mysafety_duplicate_decision' 생성 중...
[2026-09-26 19:05:23,257][INFO|database.py-upgrade_schema:285] >> 테이블 'mysafety_duplicate_group' 생성 중...
[2026-09-26 19:05:23,259][INFO|database.py-upgrade_schema:285] >> 테이블 'mysafety_duplicate_member' 생성 중...
[2026-09-26 19:05:23,264][INFO|database.py-upgrade_schema:285] >> 테이블 'mysafety_entry_value' 생성 중...
[2026-09-26 19:05:23,267][INFO|database.py-upgrade_schema:285] >> 테이블 'mysafety_geocode_cache' 생성 중...
[2026-09-26 19:05:23,270][INFO|database.py-upgrade_schema:285] >> 테이블 'mysafety_raw_content' 생성 중...
[2026-09-26 19:05:23,273][INFO|database.py-upgrade_schema:285] >> 테이블 'mysafety_report_override' 생성 중...
[2026-09-26 19:05:23,275][INFO|database.py-upgrade_schema:285] >> 테이블 'mysafety_sync_meta' 생성 중...
[2026-09-26 19:05:23,277][INFO|database.py-upgrade_schema:285] >> 테이블 'mysafety_watchlist' 생성 중...
[2026-09-26 19:05:23,279][INFO|database.py-upgrade_schema:285] >> 테이블 'mysafetydetail_other' 생성 중...
[2026-09-26 19:05:23,281][INFO|database.py-upgrade_schema:285] >> 테이블 'mysafetydetail_parking' 생성 중...
[2026-09-26 19:05:23,284][INFO|database.py-upgrade_schema:285] >> 테이블 'mysafetydetail_traffic' 생성 중...
[2026-09-26 19:05:23,286][INFO|database.py-upgrade_schema:285] >> 테이블 'mysafetymerge_other' 생성 중...
[2026-09-26 19:05:23,291][INFO|database.py-upgrade_schema:285] >> 테이블 'mysafetymerge_parking' 생성 중...
[2026-09-26 19:05:23,294][INFO|database.py-upgrade_schema:285] >> 테이블 'mysafetymerge_traffic' 생성 중...
[2026-09-26 19:05:23,305][INFO|database.py-_apply_versioned_migrations:452] >> [schema] DB 스키마 버전 1 적용
[2026-09-26 19:05:23,313][INFO|database.py-_apply_versioned_migrations:452] >> [schema] DB 스키마 버전 2 적용
[2026-09-26 19:05:23,316][INFO|database.py-_apply_versioned_migrations:452] >> [schema] DB 스키마 버전 3 적용
[2026-09-26 19:05:23,399][INFO|database.py-_apply_versioned_migrations:452] >> [schema] DB 스키마 버전 4 적용
[2026-09-26 19:05:23,441][INFO|duplicate_group_service.py-_log_info:53] >> [duplicate] payload exact 중복군 0개, 멤버 0건 재생성
[2026-09-26 19:05:23,577][INFO|database.py-backfill_synced_at:100] >> [migration] mysafetydetail_traffic synced_at 백필: 12건, 미해결 0건
[2026-09-26 19:05:23,580][INFO|database.py-backfill_synced_at:100] >> [migration] mysafetydetail_parking synced_at 백필: 6건, 미해결 0건
[2026-09-26 19:05:23,583][INFO|database.py-backfill_synced_at:100] >> [migration] mysafetydetail_other synced_at 백필: 6건, 미해결 0건
[2026-09-26 19:05:23,585][INFO|database.py-backfill_synced_at:105] >> [migration] synced_at 백필 완료: 총 24건 갱신, merge 재생성 시작
[2026-09-26 19:05:23,596][INFO|database.py-merge_final:736] >> 최종 데이터 병합 완료 (Traffic/Parking/Other 분리)
[2026-09-26 19:05:23,619][INFO|duplicate_group_service.py-_log_info:53] >> [duplicate] payload exact 중복군 1개, 멤버 2건 재생성
[2026-09-26 19:05:23,625][INFO|database.py-merge_final:736] >> 최종 데이터 병합 완료 (Traffic/Parking/Other 분리)
[2026-09-26 19:05:23,647][INFO|duplicate_group_service.py-_log_info:53] >> [duplicate] payload exact 중복군 1개, 멤버 2건 재생성
.[2026-09-26 19:05:23,809][INFO|database.py-upgrade_schema:285] >> 테이블 'admin_users' 생성 중...
[2026-09-26 19:05:23,811][INFO|database.py-upgrade_schema:285] >> 테이블 'api_keys' 생성 중...
[2026-09-26 19:05:23,813][INFO|database.py-upgrade_schema:285] >> 테이블 'mysafety' 생성 중...
[2026-09-26 19:05:23,815][INFO|database.py-upgrade_schema:285] >> 테이블 'mysafety_change_cursor' 생성 중...
[2026-09-26 19:05:23,816][INFO|database.py-upgrade_schema:285] >> 테이블 'mysafety_change_log' 생성 중...
[2026-09-26 19:05:23,818][INFO|database.py-upgrade_schema:285] >> 테이블 'mysafety_duplicate_decision' 생성 중...
[2026-09-26 19:05:23,820][INFO|database.py-upgrade_schema:285] >> 테이블 'mysafety_duplicate_group' 생성 중...
[2026-09-26 19:05:23,822][INFO|database.py-upgrade_schema:285] >> 테이블 'mysafety_duplicate_member' 생성 중...
[2026-09-26 19:05:23,824][INFO|database.py-upgrade_schema:285] >> 테이블 'mysafety_entry_value' 생성 중...
[2026-09-26 19:05:23,828][INFO|database.py-upgrade_schema:285] >> 테이블 'mysafety_geocode_cache' 생성 중...
[2026-09-26 19:05:23,830][INFO|database.py-upgrade_schema:285] >> 테이블 'mysafety_raw_content' 생성 중...
[2026-09-26 19:05:23,832][INFO|database.py-upgrade_schema:285] >> 테이블 'mysafety_report_override' 생성 중...
[2026-09-26 19:05:23,842][INFO|database.py-upgrade_schema:285] >> 테이블 'mysafety_sync_meta' 생성 중...
[2026-09-26 19:05:23,844][INFO|database.py-upgrade_schema:285] >> 테이블 'mysafety_watchlist' 생성 중...
[2026-09-26 19:05:23,846][INFO|database.py-upgrade_schema:285] >> 테이블 'mysafetydetail_other' 생성 중...
[2026-09-26 19:05:23,849][INFO|database.py-upgrade_schema:285] >> 테이블 'mysafetydetail_parking' 생성 중...
[2026-09-26 19:05:23,851][INFO|database.py-upgrade_schema:285] >> 테이블 'mysafetydetail_traffic' 생성 중...
[2026-09-26 19:05:23,853][INFO|database.py-upgrade_schema:285] >> 테이블 'mysafetymerge_other' 생성 중...
[2026-09-26 19:05:23,858][INFO|database.py-upgrade_schema:285] >> 테이블 'mysafetymerge_parking' 생성 중...
[2026-09-26 19:05:23,860][INFO|database.py-upgrade_schema:285] >> 테이블 'mysafetymerge_traffic' 생성 중...
[2026-09-26 19:05:23,864][INFO|database.py-_apply_versioned_migrations:452] >> [schema] DB 스키마 버전 1 적용
[2026-09-26 19:05:23,869][INFO|database.py-_apply_versioned_migrations:452] >> [schema] DB 스키마 버전 2 적용
[2026-09-26 19:05:23,871][INFO|database.py-_apply_versioned_migrations:452] >> [schema] DB 스키마 버전 3 적용
[2026-09-26 19:05:23,895][INFO|database.py-_apply_versioned_migrations:452] >> [schema] DB 스키마 버전 4 적용
......[2026-09-26 19:05:23,908][INFO|database.py-upgrade_schema:285] >> 테이블 'admin_users' 생성 중...
[2026-09-26 19:05:23,911][INFO|database.py-upgrade_schema:285] >> 테이블 'api_keys' 생성 중...
[2026-09-26 19:05:23,913][INFO|database.py-upgrade_schema:285] >> 테이블 'mysafety' 생성 중...
[2026-09-26 19:05:23,916][INFO|database.py-upgrade_schema:285] >> 테이블 'mysafety_change_cursor' 생성 중...
[2026-09-26 19:05:23,919][INFO|database.py-upgrade_schema:285] >> 테이블 'mysafety_change_log' 생성 중...
[2026-09-26 19:05:23,924][INFO|database.py-upgrade_schema:285] >> 테이블 'mysafety_duplicate_decision' 생성 중...
[2026-09-26 19:05:23,926][INFO|database.py-upgrade_schema:285] >> 테이블 'mysafety_duplicate_group' 생성 중...
[2026-09-26 19:05:23,937][INFO|database.py-upgrade_schema:285] >> 테이블 'mysafety_duplicate_member' 생성 중...
[2026-09-26 19:05:23,939][INFO|database.py-upgrade_schema:285] >> 테이블 'mysafety_entry_value' 생성 중...
[2026-09-26 19:05:23,941][INFO|database.py-upgrade_schema:285] >> 테이블 'mysafety_geocode_cache' 생성 중...
[2026-09-26 19:05:23,946][INFO|database.py-upgrade_schema:285] >> 테이블 'mysafety_raw_content' 생성 중...
[2026-09-26 19:05:23,951][INFO|database.py-upgrade_schema:285] >> 테이블 'mysafety_report_override' 생성 중...
[2026-09-26 19:05:23,953][INFO|database.py-upgrade_schema:285] >> 테이블 'mysafety_sync_meta' 생성 중...
[2026-09-26 19:05:23,955][INFO|database.py-upgrade_schema:285] >> 테이블 'mysafety_watchlist' 생성 중...
[2026-09-26 19:05:23,956][INFO|database.py-upgrade_schema:285] >> 테이블 'mysafetydetail_other' 생성 중...
[2026-09-26 19:05:23,964][INFO|database.py-upgrade_schema:285] >> 테이블 'mysafetydetail_parking' 생성 중...
[2026-09-26 19:05:23,967][INFO|database.py-upgrade_schema:285] >> 테이블 'mysafetydetail_traffic' 생성 중...
[2026-09-26 19:05:23,970][INFO|database.py-upgrade_schema:285] >> 테이블 'mysafetymerge_other' 생성 중...
[2026-09-26 19:05:23,972][INFO|database.py-upgrade_schema:285] >> 테이블 'mysafetymerge_parking' 생성 중...
[2026-09-26 19:05:23,974][INFO|database.py-upgrade_schema:285] >> 테이블 'mysafetymerge_traffic' 생성 중...
[2026-09-26 19:05:23,978][INFO|database.py-_apply_versioned_migrations:452] >> [schema] DB 스키마 버전 1 적용
[2026-09-26 19:05:23,990][INFO|database.py-_apply_versioned_migrations:452] >> [schema] DB 스키마 버전 2 적용
[2026-09-26 19:05:23,993][INFO|database.py-_apply_versioned_migrations:452] >> [schema] DB 스키마 버전 3 적용
[2026-09-26 19:05:24,012][INFO|database.py-_apply_versioned_migrations:452] >> [schema] DB 스키마 버전 4 적용
[2026-09-26 19:05:24,046][INFO|duplicate_group_service.py-_log_info:53] >> [duplicate] payload exact 중복군 0개, 멤버 0건 재생성
[2026-09-26 19:05:24,082][INFO|database.py-backfill_synced_at:100] >> [migration] mysafetydetail_traffic synced_at 백필: 12건, 미해결 0건
[2026-09-26 19:05:24,086][INFO|database.py-backfill_synced_at:100] >> [migration] mysafetydetail_parking synced_at 백필: 6건, 미해결 0건
[2026-09-26 19:05:24,089][INFO|database.py-backfill_synced_at:100] >> [migration] mysafetydetail_other synced_at 백필: 6건, 미해결 0건
[2026-09-26 19:05:24,094][INFO|database.py-backfill_synced_at:105] >> [migration] synced_at 백필 완료: 총 24건 갱신, merge 재생성 시작
[2026-09-26 19:05:24,112][INFO|database.py-merge_final:736] >> 최종 데이터 병합 완료 (Traffic/Parking/Other 분리)
[2026-09-26 19:05:24,137][INFO|duplicate_group_service.py-_log_info:53] >> [duplicate] payload exact 중복군 1개, 멤버 2건 재생성
[2026-09-26 19:05:24,150][INFO|database.py-merge_final:736] >> 최종 데이터 병합 완료 (Traffic/Parking/Other 분리)
[2026-09-26 19:05:24,174][INFO|duplicate_group_service.py-_log_info:53] >> [duplicate] payload exact 중복군 1개, 멤버 2건 재생성
.[2026-09-26 19:05:24,330][INFO|database.py-upgrade_schema:285] >> 테이블 'admin_users' 생성 중...
[2026-09-26 19:05:24,334][INFO|database.py-upgrade_schema:285] >> 테이블 'api_keys' 생성 중...
[2026-09-26 19:05:24,336][INFO|database.py-upgrade_schema:285] >> 테이블 'mysafety' 생성 중...
[2026-09-26 19:05:24,337][INFO|database.py-upgrade_schema:285] >> 테이블 'mysafety_change_cursor' 생성 중...
[2026-09-26 19:05:24,339][INFO|database.py-upgrade_schema:285] >> 테이블 'mysafety_change_log' 생성 중...
[2026-09-26 19:05:24,341][INFO|database.py-upgrade_schema:285] >> 테이블 'mysafety_duplicate_decision' 생성 중...
[2026-09-26 19:05:24,343][INFO|database.py-upgrade_schema:285] >> 테이블 'mysafety_duplicate_group' 생성 중...
[2026-09-26 19:05:24,344][INFO|database.py-upgrade_schema:285] >> 테이블 'mysafety_duplicate_member' 생성 중...
[2026-09-26 19:05:24,349][INFO|database.py-upgrade_schema:285] >> 테이블 'mysafety_entry_value' 생성 중...
[2026-09-26 19:05:24,351][INFO|database.py-upgrade_schema:285] >> 테이블 'mysafety_geocode_cache' 생성 중...
[2026-09-26 19:05:24,352][INFO|database.py-upgrade_schema:285] >> 테이블 'mysafety_raw_content' 생성 중...
[2026-09-26 19:05:24,360][INFO|database.py-upgrade_schema:285] >> 테이블 'mysafety_report_override' 생성 중...
[2026-09-26 19:05:24,362][INFO|database.py-upgrade_schema:285] >> 테이블 'mysafety_sync_meta' 생성 중...
[2026-09-26 19:05:24,364][INFO|database.py-upgrade_schema:285] >> 테이블 'mysafety_watchlist' 생성 중...
[2026-09-26 19:05:24,366][INFO|database.py-upgrade_schema:285] >> 테이블 'mysafetydetail_other' 생성 중...
[2026-09-26 19:05:24,371][INFO|database.py-upgrade_schema:285] >> 테이블 'mysafetydetail_parking' 생성 중...
[2026-09-26 19:05:24,373][INFO|database.py-upgrade_schema:285] >> 테이블 'mysafetydetail_traffic' 생성 중...
[2026-09-26 19:05:24,376][INFO|database.py-upgrade_schema:285] >> 테이블 'mysafetymerge_other' 생성 중...
[2026-09-26 19:05:24,378][INFO|database.py-upgrade_schema:285] >> 테이블 'mysafetymerge_parking' 생성 중...
[2026-09-26 19:05:24,380][INFO|database.py-upgrade_schema:285] >> 테이블 'mysafetymerge_traffic' 생성 중...
[2026-09-26 19:05:24,386][INFO|database.py-_apply_versioned_migrations:452] >> [schema] DB 스키마 버전 1 적용
[2026-09-26 19:05:24,392][INFO|database.py-_apply_versioned_migrations:452] >> [schema] DB 스키마 버전 2 적용
[2026-09-26 19:05:24,394][INFO|database.py-_apply_versioned_migrations:452] >> [schema] DB 스키마 버전 3 적용
[2026-09-26 19:05:24,414][INFO|database.py-_apply_versioned_migrations:452] >> [schema] DB 스키마 버전 4 적용
[2026-09-26 19:05:24,440][INFO|duplicate_group_service.py-_log_info:53] >> [duplicate] payload exact 중복군 0개, 멤버 0건 재생성
[2026-09-26 19:05:24,478][INFO|database.py-backfill_synced_at:100] >> [migration] mysafetydetail_traffic synced_at 백필: 12건, 미해결 0건
[2026-09-26 19:05:24,481][INFO|database.py-backfill_synced_at:100] >> [migration] mysafetydetail_parking synced_at 백필: 6건, 미해결 0건
[2026-09-26 19:05:24,485][INFO|database.py-backfill_synced_at:100] >> [migration] mysafetydetail_other synced_at 백필: 6건, 미해결 0건
[2026-09-26 19:05:24,486][INFO|database.py-backfill_synced_at:105] >> [migration] synced_at 백필 완료: 총 24건 갱신, merge 재생성 시작
[2026-09-26 19:05:24,499][INFO|database.py-merge_final:736] >> 최종 데이터 병합 완료 (Traffic/Parking/Other 분리)
[2026-09-26 19:05:24,523][INFO|duplicate_group_service.py-_log_info:53] >> [duplicate] payload exact 중복군 1개, 멤버 2건 재생성
[2026-09-26 19:05:24,531][INFO|database.py-merge_final:736] >> 최종 데이터 병합 완료 (Traffic/Parking/Other 분리)
[2026-09-26 19:05:24,555][INFO|duplicate_group_service.py-_log_info:53] >> [duplicate] payload exact 중복군 1개, 멤버 2건 재생성
[2026-09-26 19:05:24,736][INFO|duplicate_group_service.py-_log_info:53] >> [duplicate] payload exact 중복군 1개, 멤버 2건 재생성
.[2026-09-26 19:05:24,754][INFO|database.py-upgrade_schema:285] >> 테이블 'admin_users' 생성 중...
[2026-09-26 19:05:24,759][INFO|database.py-upgrade_schema:285] >> 테이블 'api_keys' 생성 중...
[2026-09-26 19:05:24,764][INFO|database.py-upgrade_schema:285] >> 테이블 'mysafety' 생성 중...
[2026-09-26 19:05:24,766][INFO|database.py-upgrade_schema:285] >> 테이블 'mysafety_change_cursor' 생성 중...
[2026-09-26 19:05:24,768][INFO|database.py-upgrade_schema:285] >> 테이블 'mysafety_change_log' 생성 중...
[2026-09-26 19:05:24,770][INFO|database.py-upgrade_schema:285] >> 테이블 'mysafety_duplicate_decision' 생성 중...
[2026-09-26 19:05:24,771][INFO|database.py-upgrade_schema:285] >> 테이블 'mysafety_duplicate_group' 생성 중...
[2026-09-26 19:05:24,773][INFO|database.py-upgrade_schema:285] >> 테이블 'mysafety_duplicate_member' 생성 중...
[2026-09-26 19:05:24,775][INFO|database.py-upgrade_schema:285] >> 테이블 'mysafety_entry_value' 생성 중...
[2026-09-26 19:05:24,777][INFO|database.py-upgrade_schema:285] >> 테이블 'mysafety_geocode_cache' 생성 중...
[2026-09-26 19:05:24,779][INFO|database.py-upgrade_schema:285] >> 테이블 'mysafety_raw_content' 생성 중...
[2026-09-26 19:05:24,785][INFO|database.py-upgrade_schema:285] >> 테이블 'mysafety_report_override' 생성 중...
[2026-09-26 19:05:24,787][INFO|database.py-upgrade_schema:285] >> 테이블 'mysafety_sync_meta' 생성 중...
[2026-09-26 19:05:24,789][INFO|database.py-upgrade_schema:285] >> 테이블 'mysafety_watchlist' 생성 중...
[2026-09-26 19:05:24,797][INFO|database.py-upgrade_schema:285] >> 테이블 'mysafetydetail_other' 생성 중...
[2026-09-26 19:05:24,802][INFO|database.py-upgrade_schema:285] >> 테이블 'mysafetydetail_parking' 생성 중...
[2026-09-26 19:05:24,805][INFO|database.py-upgrade_schema:285] >> 테이블 'mysafetydetail_traffic' 생성 중...
[2026-09-26 19:05:24,807][INFO|database.py-upgrade_schema:285] >> 테이블 'mysafetymerge_other' 생성 중...
[2026-09-26 19:05:24,810][INFO|database.py-upgrade_schema:285] >> 테이블 'mysafetymerge_parking' 생성 중...
[2026-09-26 19:05:24,812][INFO|database.py-upgrade_schema:285] >> 테이블 'mysafetymerge_traffic' 생성 중...
[2026-09-26 19:05:24,819][INFO|database.py-_apply_versioned_migrations:452] >> [schema] DB 스키마 버전 1 적용
[2026-09-26 19:05:24,825][INFO|database.py-_apply_versioned_migrations:452] >> [schema] DB 스키마 버전 2 적용
[2026-09-26 19:05:24,827][INFO|database.py-_apply_versioned_migrations:452] >> [schema] DB 스키마 버전 3 적용
[2026-09-26 19:05:24,841][INFO|database.py-_apply_versioned_migrations:452] >> [schema] DB 스키마 버전 4 적용
[2026-09-26 19:05:25,046][INFO|duplicate_group_service.py-_log_info:53] >> [duplicate] payload exact 중복군 0개, 멤버 0건 재생성
[2026-09-26 19:05:25,081][INFO|database.py-backfill_synced_at:100] >> [migration] mysafetydetail_traffic synced_at 백필: 12건, 미해결 0건
[2026-09-26 19:05:25,085][INFO|database.py-backfill_synced_at:100] >> [migration] mysafetydetail_parking synced_at 백필: 6건, 미해결 0건
[2026-09-26 19:05:25,088][INFO|database.py-backfill_synced_at:100] >> [migration] mysafetydetail_other synced_at 백필: 6건, 미해결 0건
[2026-09-26 19:05:25,090][INFO|database.py-backfill_synced_at:105] >> [migration] synced_at 백필 완료: 총 24건 갱신, merge 재생성 시작
[2026-09-26 19:05:25,102][INFO|database.py-merge_final:736] >> 최종 데이터 병합 완료 (Traffic/Parking/Other 분리)
[2026-09-26 19:05:25,127][INFO|duplicate_group_service.py-_log_info:53] >> [duplicate] payload exact 중복군 1개, 멤버 2건 재생성
[2026-09-26 19:05:25,140][INFO|database.py-merge_final:736] >> 최종 데이터 병합 완료 (Traffic/Parking/Other 분리)
[2026-09-26 19:05:25,165][INFO|duplicate_group_service.py-_log_info:53] >> [duplicate] payload exact 중복군 1개, 멤버 2건 재생성
.[2026-09-26 19:05:25,382][INFO|database.py-upgrade_schema:285] >> 테이블 'admin_users' 생성 중...
[2026-09-26 19:05:25,385][INFO|database.py-upgrade_schema:285] >> 테이블 'api_keys' 생성 중...
[2026-09-26 19:05:25,387][INFO|database.py-upgrade_schema:285] >> 테이블 'mysafety' 생성 중...
[2026-09-26 19:05:25,388][INFO|database.py-upgrade_schema:285] >> 테이블 'mysafety_change_cursor' 생성 중...
[2026-09-26 19:05:25,390][INFO|database.py-upgrade_schema:285] >> 테이블 'mysafety_change_log' 생성 중...
[2026-09-26 19:05:25,391][INFO|database.py-upgrade_schema:285] >> 테이블 'mysafety_duplicate_decision' 생성 중...
[2026-09-26 19:05:25,393][INFO|database.py-upgrade_schema:285] >> 테이블 'mysafety_duplicate_group' 생성 중...
[2026-09-26 19:05:25,394][INFO|database.py-upgrade_schema:285] >> 테이블 'mysafety_duplicate_member' 생성 중...
[2026-09-26 19:05:25,397][INFO|database.py-upgrade_schema:285] >> 테이블 'mysafety_entry_value' 생성 중...
[2026-09-26 19:05:25,398][INFO|database.py-upgrade_schema:285] >> 테이블 'mysafety_geocode_cache' 생성 중...
[2026-09-26 19:05:25,400][INFO|database.py-upgrade_schema:285] >> 테이블 'mysafety_raw_content' 생성 중...
[2026-09-26 19:05:25,402][INFO|database.py-upgrade_schema:285] >> 테이블 'mysafety_report_override' 생성 중...
[2026-09-26 19:05:25,404][INFO|database.py-upgrade_schema:285] >> 테이블 'mysafety_sync_meta' 생성 중...
[2026-09-26 19:05:25,405][INFO|database.py-upgrade_schema:285] >> 테이블 'mysafety_watchlist' 생성 중...
[2026-09-26 19:05:25,407][INFO|database.py-upgrade_schema:285] >> 테이블 'mysafetydetail_other' 생성 중...
[2026-09-26 19:05:25,409][INFO|database.py-upgrade_schema:285] >> 테이블 'mysafetydetail_parking' 생성 중...
[2026-09-26 19:05:25,411][INFO|database.py-upgrade_schema:285] >> 테이블 'mysafetydetail_traffic' 생성 중...
[2026-09-26 19:05:25,419][INFO|database.py-upgrade_schema:285] >> 테이블 'mysafetymerge_other' 생성 중...
[2026-09-26 19:05:25,422][INFO|database.py-upgrade_schema:285] >> 테이블 'mysafetymerge_parking' 생성 중...
[2026-09-26 19:05:25,424][INFO|database.py-upgrade_schema:285] >> 테이블 'mysafetymerge_traffic' 생성 중...
[2026-09-26 19:05:25,428][INFO|database.py-_apply_versioned_migrations:452] >> [schema] DB 스키마 버전 1 적용
[2026-09-26 19:05:25,434][INFO|database.py-_apply_versioned_migrations:452] >> [schema] DB 스키마 버전 2 적용
[2026-09-26 19:05:25,436][INFO|database.py-_apply_versioned_migrations:452] >> [schema] DB 스키마 버전 3 적용
[2026-09-26 19:05:25,456][INFO|database.py-_apply_versioned_migrations:452] >> [schema] DB 스키마 버전 4 적용
[2026-09-26 19:05:25,481][INFO|duplicate_group_service.py-_log_info:53] >> [duplicate] payload exact 중복군 0개, 멤버 0건 재생성
[2026-09-26 19:05:25,515][INFO|database.py-backfill_synced_at:100] >> [migration] mysafetydetail_traffic synced_at 백필: 12건, 미해결 0건
[2026-09-26 19:05:25,519][INFO|database.py-backfill_synced_at:100] >> [migration] mysafetydetail_parking synced_at 백필: 6건, 미해결 0건
[2026-09-26 19:05:25,522][INFO|database.py-backfill_synced_at:100] >> [migration] mysafetydetail_other synced_at 백필: 6건, 미해결 0건
[2026-09-26 19:05:25,524][INFO|database.py-backfill_synced_at:105] >> [migration] synced_at 백필 완료: 총 24건 갱신, merge 재생성 시작
[2026-09-26 19:05:25,542][INFO|database.py-merge_final:736] >> 최종 데이터 병합 완료 (Traffic/Parking/Other 분리)
[2026-09-26 19:05:25,565][INFO|duplicate_group_service.py-_log_info:53] >> [duplicate] payload exact 중복군 1개, 멤버 2건 재생성
[2026-09-26 19:05:25,576][INFO|database.py-merge_final:736] >> 최종 데이터 병합 완료 (Traffic/Parking/Other 분리)
[2026-09-26 19:05:25,600][INFO|duplicate_group_service.py-_log_info:53] >> [duplicate] payload exact 중복군 1개, 멤버 2건 재생성
[2026-09-26 19:05:25,767][INFO|duplicate_group_service.py-_log_info:53] >> [duplicate] payload exact 중복군 1개, 멤버 2건 재생성
.[2026-09-26 19:05:25,780][INFO|database.py-upgrade_schema:285] >> 테이블 'admin_users' 생성 중...
[2026-09-26 19:05:25,784][INFO|database.py-upgrade_schema:285] >> 테이블 'api_keys' 생성 중...
[2026-09-26 19:05:25,786][INFO|database.py-upgrade_schema:285] >> 테이블 'mysafety' 생성 중...
[2026-09-26 19:05:25,788][INFO|database.py-upgrade_schema:285] >> 테이블 'mysafety_change_cursor' 생성 중...
[2026-09-26 19:05:25,792][INFO|database.py-upgrade_schema:285] >> 테이블 'mysafety_change_log' 생성 중...
[2026-09-26 19:05:25,794][INFO|database.py-upgrade_schema:285] >> 테이블 'mysafety_duplicate_decision' 생성 중...
[2026-09-26 19:05:25,796][INFO|database.py-upgrade_schema:285] >> 테이블 'mysafety_duplicate_group' 생성 중...
[2026-09-26 19:05:25,798][INFO|database.py-upgrade_schema:285] >> 테이블 'mysafety_duplicate_member' 생성 중...
[2026-09-26 19:05:25,800][INFO|database.py-upgrade_schema:285] >> 테이블 'mysafety_entry_value' 생성 중...
[2026-09-26 19:05:25,802][INFO|database.py-upgrade_schema:285] >> 테이블 'mysafety_geocode_cache' 생성 중...
[2026-09-26 19:05:25,803][INFO|database.py-upgrade_schema:285] >> 테이블 'mysafety_raw_content' 생성 중...
[2026-09-26 19:05:25,805][INFO|database.py-upgrade_schema:285] >> 테이블 'mysafety_report_override' 생성 중...
[2026-09-26 19:05:25,806][INFO|database.py-upgrade_schema:285] >> 테이블 'mysafety_sync_meta' 생성 중...
[2026-09-26 19:05:25,808][INFO|database.py-upgrade_schema:285] >> 테이블 'mysafety_watchlist' 생성 중...
[2026-09-26 19:05:25,809][INFO|database.py-upgrade_schema:285] >> 테이블 'mysafetydetail_other' 생성 중...
[2026-09-26 19:05:25,811][INFO|database.py-upgrade_schema:285] >> 테이블 'mysafetydetail_parking' 생성 중...
[2026-09-26 19:05:25,813][INFO|database.py-upgrade_schema:285] >> 테이블 'mysafetydetail_traffic' 생성 중...
[2026-09-26 19:05:25,815][INFO|database.py-upgrade_schema:285] >> 테이블 'mysafetymerge_other' 생성 중...
[2026-09-26 19:05:25,817][INFO|database.py-upgrade_schema:285] >> 테이블 'mysafetymerge_parking' 생성 중...
[2026-09-26 19:05:25,822][INFO|database.py-upgrade_schema:285] >> 테이블 'mysafetymerge_traffic' 생성 중...
[2026-09-26 19:05:25,832][INFO|database.py-_apply_versioned_migrations:452] >> [schema] DB 스키마 버전 1 적용
[2026-09-26 19:05:25,839][INFO|database.py-_apply_versioned_migrations:452] >> [schema] DB 스키마 버전 2 적용
[2026-09-26 19:05:25,844][INFO|database.py-_apply_versioned_migrations:452] >> [schema] DB 스키마 버전 3 적용
[2026-09-26 19:05:25,868][INFO|database.py-_apply_versioned_migrations:452] >> [schema] DB 스키마 버전 4 적용
[2026-09-26 19:05:25,895][INFO|duplicate_group_service.py-_log_info:53] >> [duplicate] payload exact 중복군 0개, 멤버 0건 재생성
[2026-09-26 19:05:25,931][INFO|database.py-backfill_synced_at:100] >> [migration] mysafetydetail_traffic synced_at 백필: 12건, 미해결 0건
[2026-09-26 19:05:25,934][INFO|database.py-backfill_synced_at:100] >> [migration] mysafetydetail_parking synced_at 백필: 6건, 미해결 0건
[2026-09-26 19:05:25,937][INFO|database.py-backfill_synced_at:100] >> [migration] mysafetydetail_other synced_at 백필: 6건, 미해결 0건
[2026-09-26 19:05:25,939][INFO|database.py-backfill_synced_at:105] >> [migration] synced_at 백필 완료: 총 24건 갱신, merge 재생성 시작
[2026-09-26 19:05:25,953][INFO|database.py-merge_final:736] >> 최종 데이터 병합 완료 (Traffic/Parking/Other 분리)
[2026-09-26 19:05:25,983][INFO|duplicate_group_service.py-_log_info:53] >> [duplicate] payload exact 중복군 1개, 멤버 2건 재생성
[2026-09-26 19:05:25,994][INFO|database.py-merge_final:736] >> 최종 데이터 병합 완료 (Traffic/Parking/Other 분리)
[2026-09-26 19:05:26,017][INFO|duplicate_group_service.py-_log_info:53] >> [duplicate] payload exact 중복군 1개, 멤버 2건 재생성
.[2026-09-26 19:05:26,182][INFO|database.py-upgrade_schema:285] >> 테이블 'admin_users' 생성 중...
[2026-09-26 19:05:26,189][INFO|database.py-upgrade_schema:285] >> 테이블 'api_keys' 생성 중...
[2026-09-26 19:05:26,191][INFO|database.py-upgrade_schema:285] >> 테이블 'mysafety' 생성 중...
[2026-09-26 19:05:26,197][INFO|database.py-upgrade_schema:285] >> 테이블 'mysafety_change_cursor' 생성 중...
[2026-09-26 19:05:26,200][INFO|database.py-upgrade_schema:285] >> 테이블 'mysafety_change_log' 생성 중...
[2026-09-26 19:05:26,202][INFO|database.py-upgrade_schema:285] >> 테이블 'mysafety_duplicate_decision' 생성 중...
[2026-09-26 19:05:26,204][INFO|database.py-upgrade_schema:285] >> 테이블 'mysafety_duplicate_group' 생성 중...
[2026-09-26 19:05:26,205][INFO|database.py-upgrade_schema:285] >> 테이블 'mysafety_duplicate_member' 생성 중...
[2026-09-26 19:05:26,207][INFO|database.py-upgrade_schema:285] >> 테이블 'mysafety_entry_value' 생성 중...
[2026-09-26 19:05:26,208][INFO|database.py-upgrade_schema:285] >> 테이블 'mysafety_geocode_cache' 생성 중...
[2026-09-26 19:05:26,210][INFO|database.py-upgrade_schema:285] >> 테이블 'mysafety_raw_content' 생성 중...
[2026-09-26 19:05:26,211][INFO|database.py-upgrade_schema:285] >> 테이블 'mysafety_report_override' 생성 중...
[2026-09-26 19:05:26,213][INFO|database.py-upgrade_schema:285] >> 테이블 'mysafety_sync_meta' 생성 중...
[2026-09-26 19:05:26,214][INFO|database.py-upgrade_schema:285] >> 테이블 'mysafety_watchlist' 생성 중...
[2026-09-26 19:05:26,215][INFO|database.py-upgrade_schema:285] >> 테이블 'mysafetydetail_other' 생성 중...
[2026-09-26 19:05:26,217][INFO|database.py-upgrade_schema:285] >> 테이블 'mysafetydetail_parking' 생성 중...
[2026-09-26 19:05:26,222][INFO|database.py-upgrade_schema:285] >> 테이블 'mysafetydetail_traffic' 생성 중...
[2026-09-26 19:05:26,224][INFO|database.py-upgrade_schema:285] >> 테이블 'mysafetymerge_other' 생성 중...
[2026-09-26 19:05:26,227][INFO|database.py-upgrade_schema:285] >> 테이블 'mysafetymerge_parking' 생성 중...
[2026-09-26 19:05:26,234][INFO|database.py-upgrade_schema:285] >> 테이블 'mysafetymerge_traffic' 생성 중...
[2026-09-26 19:05:26,238][INFO|database.py-_apply_versioned_migrations:452] >> [schema] DB 스키마 버전 1 적용
[2026-09-26 19:05:26,243][INFO|database.py-_apply_versioned_migrations:452] >> [schema] DB 스키마 버전 2 적용
[2026-09-26 19:05:26,245][INFO|database.py-_apply_versioned_migrations:452] >> [schema] DB 스키마 버전 3 적용
[2026-09-26 19:05:26,259][INFO|database.py-_apply_versioned_migrations:452] >> [schema] DB 스키마 버전 4 적용
[2026-09-26 19:05:26,288][INFO|duplicate_group_service.py-_log_info:53] >> [duplicate] payload exact 중복군 0개, 멤버 0건 재생성
[2026-09-26 19:05:26,337][INFO|database.py-backfill_synced_at:100] >> [migration] mysafetydetail_traffic synced_at 백필: 12건, 미해결 0건
[2026-09-26 19:05:26,340][INFO|database.py-backfill_synced_at:100] >> [migration] mysafetydetail_parking synced_at 백필: 6건, 미해결 0건
[2026-09-26 19:05:26,343][INFO|database.py-backfill_synced_at:100] >> [migration] mysafetydetail_other synced_at 백필: 6건, 미해결 0건
[2026-09-26 19:05:26,345][INFO|database.py-backfill_synced_at:105] >> [migration] synced_at 백필 완료: 총 24건 갱신, merge 재생성 시작
[2026-09-26 19:05:26,360][INFO|database.py-merge_final:736] >> 최종 데이터 병합 완료 (Traffic/Parking/Other 분리)
[2026-09-26 19:05:26,385][INFO|duplicate_group_service.py-_log_info:53] >> [duplicate] payload exact 중복군 1개, 멤버 2건 재생성
[2026-09-26 19:05:26,396][INFO|database.py-merge_final:736] >> 최종 데이터 병합 완료 (Traffic/Parking/Other 분리)
[2026-09-26 19:05:26,420][INFO|duplicate_group_service.py-_log_info:53] >> [duplicate] payload exact 중복군 1개, 멤버 2건 재생성
[2026-09-26 19:05:26,601][WARNING|start.py-_prepare_database:63] >> --reset 옵션이 사용되어 크롤링 데이터 테이블을 초기화합니다.
[2026-09-26 19:05:26,601][INFO|start.py-_prepare_database:82] >> --reset에서도 mysafety_geocode_cache는 유지합니다. 재크롤링 시 같은 주소는 캐시 좌표를 재사용합니다.
[2026-09-26 19:05:26,632][INFO|database.py-upgrade_schema:285] >> 테이블 'mysafety' 생성 중...
[2026-09-26 19:05:26,641][INFO|database.py-upgrade_schema:285] >> 테이블 'mysafety_duplicate_group' 생성 중...
[2026-09-26 19:05:26,650][INFO|database.py-upgrade_schema:285] >> 테이블 'mysafety_duplicate_member' 생성 중...
[2026-09-26 19:05:26,653][INFO|database.py-upgrade_schema:285] >> 테이블 'mysafety_entry_value' 생성 중...
[2026-09-26 19:05:26,655][INFO|database.py-upgrade_schema:285] >> 테이블 'mysafety_raw_content' 생성 중...
[2026-09-26 19:05:26,657][INFO|database.py-upgrade_schema:285] >> 테이블 'mysafetydetail_other' 생성 중...
[2026-09-26 19:05:26,659][INFO|database.py-upgrade_schema:285] >> 테이블 'mysafetydetail_parking' 생성 중...
[2026-09-26 19:05:26,661][INFO|database.py-upgrade_schema:285] >> 테이블 'mysafetydetail_traffic' 생성 중...
[2026-09-26 19:05:26,663][INFO|database.py-upgrade_schema:285] >> 테이블 'mysafetymerge_other' 생성 중...
[2026-09-26 19:05:26,665][INFO|database.py-upgrade_schema:285] >> 테이블 'mysafetymerge_parking' 생성 중...
[2026-09-26 19:05:26,667][INFO|database.py-upgrade_schema:285] >> 테이블 'mysafetymerge_traffic' 생성 중...
.[2026-09-26 19:05:26,683][INFO|database.py-upgrade_schema:285] >> 테이블 'admin_users' 생성 중...
[2026-09-26 19:05:26,686][INFO|database.py-upgrade_schema:285] >> 테이블 'api_keys' 생성 중...
[2026-09-26 19:05:26,688][INFO|database.py-upgrade_schema:285] >> 테이블 'mysafety' 생성 중...
[2026-09-26 19:05:26,689][INFO|database.py-upgrade_schema:285] >> 테이블 'mysafety_change_cursor' 생성 중...
[2026-09-26 19:05:26,691][INFO|database.py-upgrade_schema:285] >> 테이블 'mysafety_change_log' 생성 중...
[2026-09-26 19:05:26,693][INFO|database.py-upgrade_schema:285] >> 테이블 'mysafety_duplicate_decision' 생성 중...
[2026-09-26 19:05:26,695][INFO|database.py-upgrade_schema:285] >> 테이블 'mysafety_duplicate_group' 생성 중...
[2026-09-26 19:05:26,697][INFO|database.py-upgrade_schema:285] >> 테이블 'mysafety_duplicate_member' 생성 중...
[2026-09-26 19:05:26,701][INFO|database.py-upgrade_schema:285] >> 테이블 'mysafety_entry_value' 생성 중...
[2026-09-26 19:05:26,704][INFO|database.py-upgrade_schema:285] >> 테이블 'mysafety_geocode_cache' 생성 중...
[2026-09-26 19:05:26,707][INFO|database.py-upgrade_schema:285] >> 테이블 'mysafety_raw_content' 생성 중...
[2026-09-26 19:05:26,709][INFO|database.py-upgrade_schema:285] >> 테이블 'mysafety_report_override' 생성 중...
[2026-09-26 19:05:26,711][INFO|database.py-upgrade_schema:285] >> 테이블 'mysafety_sync_meta' 생성 중...
[2026-09-26 19:05:26,713][INFO|database.py-upgrade_schema:285] >> 테이블 'mysafety_watchlist' 생성 중...
[2026-09-26 19:05:26,716][INFO|database.py-upgrade_schema:285] >> 테이블 'mysafetydetail_other' 생성 중...
[2026-09-26 19:05:26,718][INFO|database.py-upgrade_schema:285] >> 테이블 'mysafetydetail_parking' 생성 중...
[2026-09-26 19:05:26,721][INFO|database.py-upgrade_schema:285] >> 테이블 'mysafetydetail_traffic' 생성 중...
[2026-09-26 19:05:26,724][INFO|database.py-upgrade_schema:285] >> 테이블 'mysafetymerge_other' 생성 중...
[2026-09-26 19:05:26,726][INFO|database.py-upgrade_schema:285] >> 테이블 'mysafetymerge_parking' 생성 중...
[2026-09-26 19:05:26,732][INFO|database.py-upgrade_schema:285] >> 테이블 'mysafetymerge_traffic' 생성 중...
[2026-09-26 19:05:26,740][INFO|database.py-_apply_versioned_migrations:452] >> [schema] DB 스키마 버전 1 적용
[2026-09-26 19:05:26,749][INFO|database.py-_apply_versioned_migrations:452] >> [schema] DB 스키마 버전 2 적용
[2026-09-26 19:05:26,752][INFO|database.py-_apply_versioned_migrations:452] >> [schema] DB 스키마 버전 3 적용
[2026-09-26 19:05:26,775][INFO|database.py-_apply_versioned_migrations:452] >> [schema] DB 스키마 버전 4 적용
[2026-09-26 19:05:26,802][INFO|duplicate_group_service.py-_log_info:53] >> [duplicate] payload exact 중복군 0개, 멤버 0건 재생성
[2026-09-26 19:05:26,842][INFO|database.py-backfill_synced_at:100] >> [migration] mysafetydetail_traffic synced_at 백필: 12건, 미해결 0건
[2026-09-26 19:05:26,859][INFO|database.py-backfill_synced_at:100] >> [migration] mysafetydetail_parking synced_at 백필: 6건, 미해결 0건
[2026-09-26 19:05:26,862][INFO|database.py-backfill_synced_at:100] >> [migration] mysafetydetail_other synced_at 백필: 6건, 미해결 0건
[2026-09-26 19:05:26,866][INFO|database.py-backfill_synced_at:105] >> [migration] synced_at 백필 완료: 총 24건 갱신, merge 재생성 시작
[2026-09-26 19:05:26,881][INFO|database.py-merge_final:736] >> 최종 데이터 병합 완료 (Traffic/Parking/Other 분리)
[2026-09-26 19:05:26,915][INFO|duplicate_group_service.py-_log_info:53] >> [duplicate] payload exact 중복군 1개, 멤버 2건 재생성
[2026-09-26 19:05:26,928][INFO|database.py-merge_final:736] >> 최종 데이터 병합 완료 (Traffic/Parking/Other 분리)
[2026-09-26 19:05:26,954][INFO|duplicate_group_service.py-_log_info:53] >> [duplicate] payload exact 중복군 1개, 멤버 2건 재생성
[2026-09-26 19:05:27,081][INFO|crawl_manager.py-launch_pending_crawl:413] >> [crawl] 대기 큐 1건 보류: COMMUNITY_REBUILD_REQUIRED
.[2026-09-26 19:05:27,200][INFO|database.py-upgrade_schema:285] >> 테이블 'admin_users' 생성 중...
[2026-09-26 19:05:27,203][INFO|database.py-upgrade_schema:285] >> 테이블 'api_keys' 생성 중...
[2026-09-26 19:05:27,205][INFO|database.py-upgrade_schema:285] >> 테이블 'mysafety' 생성 중...
[2026-09-26 19:05:27,208][INFO|database.py-upgrade_schema:285] >> 테이블 'mysafety_change_cursor' 생성 중...
[2026-09-26 19:05:27,214][INFO|database.py-upgrade_schema:285] >> 테이블 'mysafety_change_log' 생성 중...
[2026-09-26 19:05:27,217][INFO|database.py-upgrade_schema:285] >> 테이블 'mysafety_duplicate_decision' 생성 중...
[2026-09-26 19:05:27,222][INFO|database.py-upgrade_schema:285] >> 테이블 'mysafety_duplicate_group' 생성 중...
[2026-09-26 19:05:27,225][INFO|database.py-upgrade_schema:285] >> 테이블 'mysafety_duplicate_member' 생성 중...
[2026-09-26 19:05:27,230][INFO|database.py-upgrade_schema:285] >> 테이블 'mysafety_entry_value' 생성 중...
[2026-09-26 19:05:27,232][INFO|database.py-upgrade_schema:285] >> 테이블 'mysafety_geocode_cache' 생성 중...
[2026-09-26 19:05:27,234][INFO|database.py-upgrade_schema:285] >> 테이블 'mysafety_raw_content' 생성 중...
[2026-09-26 19:05:27,236][INFO|database.py-upgrade_schema:285] >> 테이블 'mysafety_report_override' 생성 중...
[2026-09-26 19:05:27,238][INFO|database.py-upgrade_schema:285] >> 테이블 'mysafety_sync_meta' 생성 중...
[2026-09-26 19:05:27,240][INFO|database.py-upgrade_schema:285] >> 테이블 'mysafety_watchlist' 생성 중...
[2026-09-26 19:05:27,242][INFO|database.py-upgrade_schema:285] >> 테이블 'mysafetydetail_other' 생성 중...
[2026-09-26 19:05:27,244][INFO|database.py-upgrade_schema:285] >> 테이블 'mysafetydetail_parking' 생성 중...
[2026-09-26 19:05:27,248][INFO|database.py-upgrade_schema:285] >> 테이블 'mysafetydetail_traffic' 생성 중...
[2026-09-26 19:05:27,251][INFO|database.py-upgrade_schema:285] >> 테이블 'mysafetymerge_other' 생성 중...
[2026-09-26 19:05:27,259][INFO|database.py-upgrade_schema:285] >> 테이블 'mysafetymerge_parking' 생성 중...
[2026-09-26 19:05:27,264][INFO|database.py-upgrade_schema:285] >> 테이블 'mysafetymerge_traffic' 생성 중...
[2026-09-26 19:05:27,268][INFO|database.py-_apply_versioned_migrations:452] >> [schema] DB 스키마 버전 1 적용
[2026-09-26 19:05:27,274][INFO|database.py-_apply_versioned_migrations:452] >> [schema] DB 스키마 버전 2 적용
[2026-09-26 19:05:27,276][INFO|database.py-_apply_versioned_migrations:452] >> [schema] DB 스키마 버전 3 적용
[2026-09-26 19:05:27,299][INFO|database.py-_apply_versioned_migrations:452] >> [schema] DB 스키마 버전 4 적용
[2026-09-26 19:05:27,316][INFO|duplicate_group_service.py-_log_info:53] >> [duplicate] payload exact 중복군 0개, 멤버 0건 재생성
[2026-09-26 19:05:27,354][INFO|database.py-backfill_synced_at:100] >> [migration] mysafetydetail_traffic synced_at 백필: 12건, 미해결 0건
[2026-09-26 19:05:27,358][INFO|database.py-backfill_synced_at:100] >> [migration] mysafetydetail_parking synced_at 백필: 6건, 미해결 0건
[2026-09-26 19:05:27,362][INFO|database.py-backfill_synced_at:100] >> [migration] mysafetydetail_other synced_at 백필: 6건, 미해결 0건
[2026-09-26 19:05:27,367][INFO|database.py-backfill_synced_at:105] >> [migration] synced_at 백필 완료: 총 24건 갱신, merge 재생성 시작
[2026-09-26 19:05:27,376][INFO|database.py-merge_final:736] >> 최종 데이터 병합 완료 (Traffic/Parking/Other 분리)
[2026-09-26 19:05:27,407][INFO|duplicate_group_service.py-_log_info:53] >> [duplicate] payload exact 중복군 1개, 멤버 2건 재생성
[2026-09-26 19:05:27,415][INFO|database.py-merge_final:736] >> 최종 데이터 병합 완료 (Traffic/Parking/Other 분리)
[2026-09-26 19:05:27,444][INFO|duplicate_group_service.py-_log_info:53] >> [duplicate] payload exact 중복군 1개, 멤버 2건 재생성
[2026-09-26 19:05:27,601][WARNING|crawl_manager.py-launch_pending_crawl:491] >> [crawl] 대기 큐 시작 알림 실패: RuntimeError
.[2026-09-26 19:05:27,743][INFO|database.py-upgrade_schema:285] >> 테이블 'admin_users' 생성 중...
[2026-09-26 19:05:27,746][INFO|database.py-upgrade_schema:285] >> 테이블 'api_keys' 생성 중...
[2026-09-26 19:05:27,748][INFO|database.py-upgrade_schema:285] >> 테이블 'mysafety' 생성 중...
[2026-09-26 19:05:27,749][INFO|database.py-upgrade_schema:285] >> 테이블 'mysafety_change_cursor' 생성 중...
[2026-09-26 19:05:27,751][INFO|database.py-upgrade_schema:285] >> 테이블 'mysafety_change_log' 생성 중...
[2026-09-26 19:05:27,753][INFO|database.py-upgrade_schema:285] >> 테이블 'mysafety_duplicate_decision' 생성 중...
[2026-09-26 19:05:27,755][INFO|database.py-upgrade_schema:285] >> 테이블 'mysafety_duplicate_group' 생성 중...
[2026-09-26 19:05:27,757][INFO|database.py-upgrade_schema:285] >> 테이블 'mysafety_duplicate_member' 생성 중...
[2026-09-26 19:05:27,759][INFO|database.py-upgrade_schema:285] >> 테이블 'mysafety_entry_value' 생성 중...
[2026-09-26 19:05:27,763][INFO|database.py-upgrade_schema:285] >> 테이블 'mysafety_geocode_cache' 생성 중...
[2026-09-26 19:05:27,765][INFO|database.py-upgrade_schema:285] >> 테이블 'mysafety_raw_content' 생성 중...
[2026-09-26 19:05:27,767][INFO|database.py-upgrade_schema:285] >> 테이블 'mysafety_report_override' 생성 중...
[2026-09-26 19:05:27,773][INFO|database.py-upgrade_schema:285] >> 테이블 'mysafety_sync_meta' 생성 중...
[2026-09-26 19:05:27,776][INFO|database.py-upgrade_schema:285] >> 테이블 'mysafety_watchlist' 생성 중...
[2026-09-26 19:05:27,778][INFO|database.py-upgrade_schema:285] >> 테이블 'mysafetydetail_other' 생성 중...
[2026-09-26 19:05:27,781][INFO|database.py-upgrade_schema:285] >> 테이블 'mysafetydetail_parking' 생성 중...
[2026-09-26 19:05:27,783][INFO|database.py-upgrade_schema:285] >> 테이블 'mysafetydetail_traffic' 생성 중...
[2026-09-26 19:05:27,785][INFO|database.py-upgrade_schema:285] >> 테이블 'mysafetymerge_other' 생성 중...
[2026-09-26 19:05:27,788][INFO|database.py-upgrade_schema:285] >> 테이블 'mysafetymerge_parking' 생성 중...
[2026-09-26 19:05:27,791][INFO|database.py-upgrade_schema:285] >> 테이블 'mysafetymerge_traffic' 생성 중...
[2026-09-26 19:05:27,800][INFO|database.py-_apply_versioned_migrations:452] >> [schema] DB 스키마 버전 1 적용
[2026-09-26 19:05:27,806][INFO|database.py-_apply_versioned_migrations:452] >> [schema] DB 스키마 버전 2 적용
[2026-09-26 19:05:27,809][INFO|database.py-_apply_versioned_migrations:452] >> [schema] DB 스키마 버전 3 적용
[2026-09-26 19:05:27,825][INFO|database.py-_apply_versioned_migrations:452] >> [schema] DB 스키마 버전 4 적용
[2026-09-26 19:05:27,845][INFO|duplicate_group_service.py-_log_info:53] >> [duplicate] payload exact 중복군 0개, 멤버 0건 재생성
[2026-09-26 19:05:27,883][INFO|database.py-backfill_synced_at:100] >> [migration] mysafetydetail_traffic synced_at 백필: 12건, 미해결 0건
[2026-09-26 19:05:27,886][INFO|database.py-backfill_synced_at:100] >> [migration] mysafetydetail_parking synced_at 백필: 6건, 미해결 0건
[2026-09-26 19:05:27,889][INFO|database.py-backfill_synced_at:100] >> [migration] mysafetydetail_other synced_at 백필: 6건, 미해결 0건
[2026-09-26 19:05:27,891][INFO|database.py-backfill_synced_at:105] >> [migration] synced_at 백필 완료: 총 24건 갱신, merge 재생성 시작
[2026-09-26 19:05:27,897][INFO|database.py-merge_final:736] >> 최종 데이터 병합 완료 (Traffic/Parking/Other 분리)
/home/better0101/projects/safetyreport/.venv/lib/python3.14/site-packages/numpy/_core/fromnumeric.py:54: ResourceWarning: unclosed file <_io.FileIO name='/tmp/claude-1000/-home-better0101-projects-safetyreport/aa9d30e6-e7a5-4376-8fce-c9fb26682fbe/scratchpad/tmp.85iy7vc2dN/logs/current_crawl.log' mode='ab' closefd=True>
  return bound(*args, **kwds)
ResourceWarning: Enable tracemalloc to get the object allocation traceback
[2026-09-26 19:05:27,937][INFO|duplicate_group_service.py-_log_info:53] >> [duplicate] payload exact 중복군 1개, 멤버 2건 재생성
[2026-09-26 19:05:27,947][INFO|database.py-merge_final:736] >> 최종 데이터 병합 완료 (Traffic/Parking/Other 분리)
[2026-09-26 19:05:27,981][INFO|duplicate_group_service.py-_log_info:53] >> [duplicate] payload exact 중복군 1개, 멤버 2건 재생성
[2026-09-26 19:05:28,143][INFO|start.py-_run_crawling_process:335] >> 큐 지정 크롤링 모드입니다. 전체 목록 갱신을 건너뜁니다.
[2026-09-26 19:05:28,144][WARNING|start.py-extract_ids_from_queue:126] >> 큐 신고번호 SPP-0000-NOPE의 ID를 찾을 수 없습니다. 목록 크롤링 후 재검색합니다.
[2026-09-26 19:05:28,144][INFO|start.py-_run_crawling_process:380] >> 미확인 신고번호 1건을 목록 전체에서 찾습니다.
[2026-09-26 19:05:28,144][INFO|crawltitle_api.py-crawl_titles:74] >> API 방식으로 목록 데이터를 호출합니다. (direct_login 세션)
[2026-09-26 19:05:28,145][ERROR|crawltitle_api.py-crawl_titles:86] >> API 목록 첫 페이지 호출 실패: network down
[2026-09-26 19:05:28,145][WARNING|start.py-_run_crawling_process:395] >> 목록 탐색을 끝내지 못했습니다: network: network down
[2026-09-26 19:05:28,145][WARNING|start.py-_run_crawling_process:421] >> 목록 탐색을 끝내지 못해 다음에 다시 찾습니다: ['SPP-0000-NOPE']
[2026-09-26 19:05:28,146][INFO|start.py-_run_crawling_process:423] >> 큐 파일에서 0개의 아이템 크롤링 시작.
[2026-09-26 19:05:28,146][INFO|start.py-_run_crawling_process:432] >> 크롤링할 상세 내역 없음.
[2026-09-26 19:05:28,151][INFO|start.py-_run_crawling_process:335] >> 큐 지정 크롤링 모드입니다. 전체 목록 갱신을 건너뜁니다.
[2026-09-26 19:05:28,152][WARNING|start.py-extract_ids_from_queue:126] >> 큐 신고번호 SPP-0000-NOPE의 ID를 찾을 수 없습니다. 목록 크롤링 후 재검색합니다.
[2026-09-26 19:05:28,152][INFO|start.py-_run_crawling_process:380] >> 미확인 신고번호 1건을 목록 전체에서 찾습니다.
[2026-09-26 19:05:28,152][INFO|crawltitle_api.py-crawl_titles:74] >> API 방식으로 목록 데이터를 호출합니다. (direct_login 세션)
[2026-09-26 19:05:28,152][ERROR|crawltitle_api.py-crawl_titles:91] >> API 목록 호출 실패: server busy
[2026-09-26 19:05:28,152][WARNING|start.py-_run_crawling_process:395] >> 목록 탐색을 끝내지 못했습니다: server busy
[2026-09-26 19:05:28,154][WARNING|start.py-_run_crawling_process:421] >> 목록 탐색을 끝내지 못해 다음에 다시 찾습니다: ['SPP-0000-NOPE']
[2026-09-26 19:05:28,154][INFO|start.py-_run_crawling_process:423] >> 큐 파일에서 0개의 아이템 크롤링 시작.
[2026-09-26 19:05:28,154][INFO|start.py-_run_crawling_process:432] >> 크롤링할 상세 내역 없음.
[2026-09-26 19:05:28,156][INFO|start.py-_run_crawling_process:335] >> 큐 지정 크롤링 모드입니다. 전체 목록 갱신을 건너뜁니다.
[2026-09-26 19:05:28,157][WARNING|start.py-extract_ids_from_queue:126] >> 큐 신고번호 SPP-0000-NOPE의 ID를 찾을 수 없습니다. 목록 크롤링 후 재검색합니다.
[2026-09-26 19:05:28,158][INFO|start.py-_run_crawling_process:380] >> 미확인 신고번호 1건을 목록 전체에서 찾습니다.
[2026-09-26 19:05:28,158][INFO|crawltitle_api.py-crawl_titles:74] >> API 방식으로 목록 데이터를 호출합니다. (direct_login 세션)
[2026-09-26 19:05:28,158][INFO|crawltitle_api.py-crawl_titles:104] >> API 확인됨: 총 600건 (3페이지 분량)
[2026-09-26 19:05:28,158][INFO|crawltitle_api.py-crawl_titles:117] >> API 목록 로드 중: 1 페이지 (1~200건)
[2026-09-26 19:05:28,224][INFO|crawltitle_api.py-crawl_titles:117] >> API 목록 로드 중: 2 페이지 (201~400건)
[2026-09-26 19:05:28,224][WARNING|crawltitle_api.py-crawl_titles:122] >> 페이지 2 호출 실패: network down
[2026-09-26 19:05:28,224][INFO|crawltitle_api.py-crawl_titles:117] >> API 목록 로드 중: 3 페이지 (401~600건)
[2026-09-26 19:05:28,284][WARNING|start.py-_run_crawling_process:395] >> 목록 탐색을 끝내지 못했습니다: network: network down
[2026-09-26 19:05:28,358][INFO|database.py-title_to_sql:694] >> 총 400건 title 테이블 upsert 완료. (신규: 376건)
[2026-09-26 19:05:28,359][WARNING|start.py-_run_crawling_process:421] >> 목록 탐색을 끝내지 못해 다음에 다시 찾습니다: ['SPP-0000-NOPE']
[2026-09-26 19:05:28,359][INFO|start.py-_run_crawling_process:423] >> 큐 파일에서 0개의 아이템 크롤링 시작.
[2026-09-26 19:05:28,359][INFO|start.py-_run_crawling_process:432] >> 크롤링할 상세 내역 없음.
[2026-09-26 19:05:28,366][INFO|start.py-_run_crawling_process:335] >> 큐 지정 크롤링 모드입니다. 전체 목록 갱신을 건너뜁니다.
[2026-09-26 19:05:28,367][WARNING|start.py-extract_ids_from_queue:126] >> 큐 신고번호 SPP-0000-NOPE의 ID를 찾을 수 없습니다. 목록 크롤링 후 재검색합니다.
[2026-09-26 19:05:28,367][INFO|start.py-_run_crawling_process:380] >> 미확인 신고번호 1건을 목록 전체에서 찾습니다.
[2026-09-26 19:05:28,367][INFO|crawltitle_api.py-crawl_titles:74] >> API 방식으로 목록 데이터를 호출합니다. (direct_login 세션)
[2026-09-26 19:05:28,367][INFO|crawltitle_api.py-crawl_titles:104] >> API 확인됨: 총 600건 (3페이지 분량)
[2026-09-26 19:05:28,367][INFO|crawltitle_api.py-crawl_titles:117] >> API 목록 로드 중: 1 페이지 (1~200건)
[2026-09-26 19:05:28,436][INFO|crawltitle_api.py-crawl_titles:117] >> API 목록 로드 중: 2 페이지 (201~400건)
[2026-09-26 19:05:28,496][INFO|crawltitle_api.py-crawl_titles:117] >> API 목록 로드 중: 3 페이지 (401~600건)
[2026-09-26 19:05:28,497][WARNING|start.py-_run_crawling_process:395] >> 목록 탐색을 끝내지 못했습니다: None
[2026-09-26 19:05:28,565][INFO|database.py-title_to_sql:694] >> 총 400건 title 테이블 upsert 완료. (신규: 200건)
[2026-09-26 19:05:28,566][WARNING|start.py-_run_crawling_process:421] >> 목록 탐색을 끝내지 못해 다음에 다시 찾습니다: ['SPP-0000-NOPE']
[2026-09-26 19:05:28,566][INFO|start.py-_run_crawling_process:423] >> 큐 파일에서 0개의 아이템 크롤링 시작.
[2026-09-26 19:05:28,566][INFO|start.py-_run_crawling_process:432] >> 크롤링할 상세 내역 없음.
[2026-09-26 19:05:28,574][INFO|start.py-_run_crawling_process:335] >> 큐 지정 크롤링 모드입니다. 전체 목록 갱신을 건너뜁니다.
[2026-09-26 19:05:28,575][WARNING|start.py-extract_ids_from_queue:126] >> 큐 신고번호 SPP-0000-NOPE의 ID를 찾을 수 없습니다. 목록 크롤링 후 재검색합니다.
[2026-09-26 19:05:28,575][INFO|start.py-_run_crawling_process:380] >> 미확인 신고번호 1건을 목록 전체에서 찾습니다.
[2026-09-26 19:05:28,575][INFO|crawltitle_api.py-crawl_titles:74] >> API 방식으로 목록 데이터를 호출합니다. (direct_login 세션)
[2026-09-26 19:05:28,575][WARNING|crawltitle_api.py-crawl_titles:98] >> 조회된 신고 내역이 없습니다.
[2026-09-26 19:05:28,576][WARNING|start.py-_run_crawling_process:419] >> 목록 전체를 찾아도 없는 신고번호: ['SPP-0000-NOPE']
[2026-09-26 19:05:28,576][INFO|start.py-_run_crawling_process:423] >> 큐 파일에서 0개의 아이템 크롤링 시작.
[2026-09-26 19:05:28,576][INFO|start.py-_run_crawling_process:432] >> 크롤링할 상세 내역 없음.
.[2026-09-26 19:05:28,591][INFO|database.py-upgrade_schema:285] >> 테이블 'admin_users' 생성 중...
[2026-09-26 19:05:28,603][INFO|database.py-upgrade_schema:285] >> 테이블 'api_keys' 생성 중...
[2026-09-26 19:05:28,606][INFO|database.py-upgrade_schema:285] >> 테이블 'mysafety' 생성 중...
[2026-09-26 19:05:28,608][INFO|database.py-upgrade_schema:285] >> 테이블 'mysafety_change_cursor' 생성 중...
[2026-09-26 19:05:28,609][INFO|database.py-upgrade_schema:285] >> 테이블 'mysafety_change_log' 생성 중...
[2026-09-26 19:05:28,611][INFO|database.py-upgrade_schema:285] >> 테이블 'mysafety_duplicate_decision' 생성 중...
[2026-09-26 19:05:28,616][INFO|database.py-upgrade_schema:285] >> 테이블 'mysafety_duplicate_group' 생성 중...
[2026-09-26 19:05:28,618][INFO|database.py-upgrade_schema:285] >> 테이블 'mysafety_duplicate_member' 생성 중...
[2026-09-26 19:05:28,619][INFO|database.py-upgrade_schema:285] >> 테이블 'mysafety_entry_value' 생성 중...
[2026-09-26 19:05:28,621][INFO|database.py-upgrade_schema:285] >> 테이블 'mysafety_geocode_cache' 생성 중...
[2026-09-26 19:05:28,622][INFO|database.py-upgrade_schema:285] >> 테이블 'mysafety_raw_content' 생성 중...
[2026-09-26 19:05:28,627][INFO|database.py-upgrade_schema:285] >> 테이블 'mysafety_report_override' 생성 중...
[2026-09-26 19:05:28,629][INFO|database.py-upgrade_schema:285] >> 테이블 'mysafety_sync_meta' 생성 중...
[2026-09-26 19:05:28,631][INFO|database.py-upgrade_schema:285] >> 테이블 'mysafety_watchlist' 생성 중...
[2026-09-26 19:05:28,636][INFO|database.py-upgrade_schema:285] >> 테이블 'mysafetydetail_other' 생성 중...
[2026-09-26 19:05:28,638][INFO|database.py-upgrade_schema:285] >> 테이블 'mysafetydetail_parking' 생성 중...
[2026-09-26 19:05:28,640][INFO|database.py-upgrade_schema:285] >> 테이블 'mysafetydetail_traffic' 생성 중...
[2026-09-26 19:05:28,642][INFO|database.py-upgrade_schema:285] >> 테이블 'mysafetymerge_other' 생성 중...
[2026-09-26 19:05:28,647][INFO|database.py-upgrade_schema:285] >> 테이블 'mysafetymerge_parking' 생성 중...
[2026-09-26 19:05:28,649][INFO|database.py-upgrade_schema:285] >> 테이블 'mysafetymerge_traffic' 생성 중...
[2026-09-26 19:05:28,660][INFO|database.py-_apply_versioned_migrations:452] >> [schema] DB 스키마 버전 1 적용
[2026-09-26 19:05:28,670][INFO|database.py-_apply_versioned_migrations:452] >> [schema] DB 스키마 버전 2 적용
[2026-09-26 19:05:28,673][INFO|database.py-_apply_versioned_migrations:452] >> [schema] DB 스키마 버전 3 적용
[2026-09-26 19:05:28,699][INFO|database.py-_apply_versioned_migrations:452] >> [schema] DB 스키마 버전 4 적용
[2026-09-26 19:05:28,714][INFO|duplicate_group_service.py-_log_info:53] >> [duplicate] payload exact 중복군 0개, 멤버 0건 재생성
[2026-09-26 19:05:28,751][INFO|database.py-backfill_synced_at:100] >> [migration] mysafetydetail_traffic synced_at 백필: 12건, 미해결 0건
[2026-09-26 19:05:28,755][INFO|database.py-backfill_synced_at:100] >> [migration] mysafetydetail_parking synced_at 백필: 6건, 미해결 0건
[2026-09-26 19:05:28,759][INFO|database.py-backfill_synced_at:100] >> [migration] mysafetydetail_other synced_at 백필: 6건, 미해결 0건
[2026-09-26 19:05:28,760][INFO|database.py-backfill_synced_at:105] >> [migration] synced_at 백필 완료: 총 24건 갱신, merge 재생성 시작
[2026-09-26 19:05:28,767][INFO|database.py-merge_final:736] >> 최종 데이터 병합 완료 (Traffic/Parking/Other 분리)
[2026-09-26 19:05:28,796][INFO|duplicate_group_service.py-_log_info:53] >> [duplicate] payload exact 중복군 1개, 멤버 2건 재생성
[2026-09-26 19:05:28,806][INFO|database.py-merge_final:736] >> 최종 데이터 병합 완료 (Traffic/Parking/Other 분리)
[2026-09-26 19:05:28,833][INFO|duplicate_group_service.py-_log_info:53] >> [duplicate] payload exact 중복군 1개, 멤버 2건 재생성
Exception in thread crawl-pending-after:
Traceback (most recent call last):
  File "/usr/lib/python3.14/threading.py", line 1082, in _bootstrap_inner
    self._context.run(self.run)
    ~~~~~~~~~~~~~~~~~^^^^^^^^^^
  File "/usr/lib/python3.14/threading.py", line 1024, in run
    self._target(*self._args, **self._kwargs)
    ~~~~~~~~~~~~^^^^^^^^^^^^^^^^^^^^^^^^^^^^^
  File "/home/better0101/projects/worktree/ci-20260926/safetyreport/audit-fix/services/crawl_manager.py", line 466, in _after
    self.run_after_crawl(proc, log_file)
    ~~~~~~~~~~~~~~~~~~~~^^^^^^^^^^^^^^^^
  File "/usr/lib/python3.14/unittest/mock.py", line 1176, in __call__
    return self._mock_call(*args, **kwargs)
           ~~~~~~~~~~~~~~~^^^^^^^^^^^^^^^^^
  File "/usr/lib/python3.14/unittest/mock.py", line 1180, in _mock_call
    return self._execute_mock_call(*args, **kwargs)
           ~~~~~~~~~~~~~~~~~~~~~~~^^^^^^^^^^^^^^^^^
  File "/usr/lib/python3.14/unittest/mock.py", line 1241, in _execute_mock_call
    raise effect
RuntimeError: hook failed
.[2026-09-26 19:05:29,128][INFO|database.py-upgrade_schema:285] >> 테이블 'admin_users' 생성 중...
[2026-09-26 19:05:29,132][INFO|database.py-upgrade_schema:285] >> 테이블 'api_keys' 생성 중...
[2026-09-26 19:05:29,134][INFO|database.py-upgrade_schema:285] >> 테이블 'mysafety' 생성 중...
[2026-09-26 19:05:29,136][INFO|database.py-upgrade_schema:285] >> 테이블 'mysafety_change_cursor' 생성 중...
[2026-09-26 19:05:29,138][INFO|database.py-upgrade_schema:285] >> 테이블 'mysafety_change_log' 생성 중...
[2026-09-26 19:05:29,140][INFO|database.py-upgrade_schema:285] >> 테이블 'mysafety_duplicate_decision' 생성 중...
[2026-09-26 19:05:29,142][INFO|database.py-upgrade_schema:285] >> 테이블 'mysafety_duplicate_group' 생성 중...
[2026-09-26 19:05:29,143][INFO|database.py-upgrade_schema:285] >> 테이블 'mysafety_duplicate_member' 생성 중...
[2026-09-26 19:05:29,145][INFO|database.py-upgrade_schema:285] >> 테이블 'mysafety_entry_value' 생성 중...
[2026-09-26 19:05:29,147][INFO|database.py-upgrade_schema:285] >> 테이블 'mysafety_geocode_cache' 생성 중...
[2026-09-26 19:05:29,149][INFO|database.py-upgrade_schema:285] >> 테이블 'mysafety_raw_content' 생성 중...
[2026-09-26 19:05:29,150][INFO|database.py-upgrade_schema:285] >> 테이블 'mysafety_report_override' 생성 중...
[2026-09-26 19:05:29,152][INFO|database.py-upgrade_schema:285] >> 테이블 'mysafety_sync_meta' 생성 중...
[2026-09-26 19:05:29,155][INFO|database.py-upgrade_schema:285] >> 테이블 'mysafety_watchlist' 생성 중...
[2026-09-26 19:05:29,156][INFO|database.py-upgrade_schema:285] >> 테이블 'mysafetydetail_other' 생성 중...
[2026-09-26 19:05:29,158][INFO|database.py-upgrade_schema:285] >> 테이블 'mysafetydetail_parking' 생성 중...
[2026-09-26 19:05:29,160][INFO|database.py-upgrade_schema:285] >> 테이블 'mysafetydetail_traffic' 생성 중...
[2026-09-26 19:05:29,162][INFO|database.py-upgrade_schema:285] >> 테이블 'mysafetymerge_other' 생성 중...
[2026-09-26 19:05:29,164][INFO|database.py-upgrade_schema:285] >> 테이블 'mysafetymerge_parking' 생성 중...
[2026-09-26 19:05:29,166][INFO|database.py-upgrade_schema:285] >> 테이블 'mysafetymerge_traffic' 생성 중...
[2026-09-26 19:05:29,170][INFO|database.py-_apply_versioned_migrations:452] >> [schema] DB 스키마 버전 1 적용
[2026-09-26 19:05:29,177][INFO|database.py-_apply_versioned_migrations:452] >> [schema] DB 스키마 버전 2 적용
[2026-09-26 19:05:29,179][INFO|database.py-_apply_versioned_migrations:452] >> [schema] DB 스키마 버전 3 적용
[2026-09-26 19:05:29,193][INFO|database.py-_apply_versioned_migrations:452] >> [schema] DB 스키마 버전 4 적용
[2026-09-26 19:05:29,209][INFO|duplicate_group_service.py-_log_info:53] >> [duplicate] payload exact 중복군 0개, 멤버 0건 재생성
[2026-09-26 19:05:29,242][INFO|database.py-backfill_synced_at:100] >> [migration] mysafetydetail_traffic synced_at 백필: 12건, 미해결 0건
[2026-09-26 19:05:29,246][INFO|database.py-backfill_synced_at:100] >> [migration] mysafetydetail_parking synced_at 백필: 6건, 미해결 0건
[2026-09-26 19:05:29,250][INFO|database.py-backfill_synced_at:100] >> [migration] mysafetydetail_other synced_at 백필: 6건, 미해결 0건
[2026-09-26 19:05:29,252][INFO|database.py-backfill_synced_at:105] >> [migration] synced_at 백필 완료: 총 24건 갱신, merge 재생성 시작
[2026-09-26 19:05:29,260][INFO|database.py-merge_final:736] >> 최종 데이터 병합 완료 (Traffic/Parking/Other 분리)
/home/better0101/projects/safetyreport/.venv/lib/python3.14/site-packages/pandas/core/internals/managers.py:2410: ResourceWarning: unclosed file <_io.FileIO name='/tmp/claude-1000/-home-better0101-projects-safetyreport/aa9d30e6-e7a5-4376-8fce-c9fb26682fbe/scratchpad/tmp.85iy7vc2dN/logs/current_crawl.log' mode='ab' closefd=True>
  block_type(x[1], placement=BlockPlacement(x[0]), ndim=2)
ResourceWarning: Enable tracemalloc to get the object allocation traceback
[2026-09-26 19:05:29,292][INFO|duplicate_group_service.py-_log_info:53] >> [duplicate] payload exact 중복군 1개, 멤버 2건 재생성
[2026-09-26 19:05:29,300][INFO|database.py-merge_final:736] >> 최종 데이터 병합 완료 (Traffic/Parking/Other 분리)
[2026-09-26 19:05:29,326][INFO|duplicate_group_service.py-_log_info:53] >> [duplicate] payload exact 중복군 1개, 멤버 2건 재생성
[2026-09-26 19:05:29,469][INFO|start.py-_run_crawling_process:335] >> 큐 지정 크롤링 모드입니다. 전체 목록 갱신을 건너뜁니다.
[2026-09-26 19:05:29,470][WARNING|start.py-extract_ids_from_queue:126] >> 큐 신고번호 SPP-2609-7999999의 ID를 찾을 수 없습니다. 목록 크롤링 후 재검색합니다.
[2026-09-26 19:05:29,470][WARNING|start.py-extract_ids_from_queue:126] >> 큐 신고번호 SPP-0000-NOPE의 ID를 찾을 수 없습니다. 목록 크롤링 후 재검색합니다.
[2026-09-26 19:05:29,470][INFO|start.py-_run_crawling_process:380] >> 미확인 신고번호 2건을 목록 전체에서 찾습니다.
[2026-09-26 19:05:29,470][INFO|crawltitle_api.py-crawl_titles:74] >> API 방식으로 목록 데이터를 호출합니다. (direct_login 세션)
[2026-09-26 19:05:29,471][INFO|crawltitle_api.py-crawl_titles:104] >> API 확인됨: 총 400건 (2페이지 분량)
[2026-09-26 19:05:29,471][INFO|crawltitle_api.py-crawl_titles:117] >> API 목록 로드 중: 1 페이지 (1~200건)
[2026-09-26 19:05:29,552][INFO|crawltitle_api.py-crawl_titles:117] >> API 목록 로드 중: 2 페이지 (201~400건)
[2026-09-26 19:05:29,721][INFO|database.py-title_to_sql:694] >> 총 400건 title 테이블 upsert 완료. (신규: 376건)
[2026-09-26 19:05:29,721][INFO|start.py-_run_crawling_process:406] >> 신고번호 SPP-2609-7999999 → ID 79999999 발견
[2026-09-26 19:05:29,722][WARNING|start.py-_run_crawling_process:419] >> 목록 전체를 찾아도 없는 신고번호: ['SPP-0000-NOPE']
[2026-09-26 19:05:29,722][INFO|start.py-_run_crawling_process:423] >> 큐 파일에서 1개의 아이템 크롤링 시작.
[2026-09-26 19:05:29,722][INFO|start.py-_run_crawling_process:437] >> 상세 크롤링 대상 ID: 1 건 (순차 처리)
[2026-09-26 19:05:29,722][INFO|start.py-_run_crawling_process:442] >> [API 방식] 상세 데이터 추출 시작
[2026-09-26 19:05:29,757][INFO|start.py-_save_details_as_they_arrive:485] >> 상세 저장 1건 (변경/신규 1건, 실패 0건)
[2026-09-26 19:05:29,781][INFO|start.py-_run_crawling_process:335] >> 큐 지정 크롤링 모드입니다. 전체 목록 갱신을 건너뜁니다.
[2026-09-26 19:05:29,783][WARNING|start.py-extract_ids_from_queue:126] >> 큐 신고번호 SPP-0000-NOPE의 ID를 찾을 수 없습니다. 목록 크롤링 후 재검색합니다.
[2026-09-26 19:05:29,783][INFO|start.py-_run_crawling_process:380] >> 미확인 신고번호 1건을 목록 전체에서 찾습니다.
[2026-09-26 19:05:29,783][INFO|crawltitle_api.py-crawl_titles:74] >> API 방식으로 목록 데이터를 호출합니다. (direct_login 세션)
[2026-09-26 19:05:29,783][INFO|crawltitle_api.py-crawl_titles:104] >> API 확인됨: 총 20200건 (101페이지 분량)
[2026-09-26 19:05:29,783][INFO|crawltitle_api.py-crawl_titles:117] >> API 목록 로드 중: 1 페이지 (1~200건)
[2026-09-26 19:05:29,847][INFO|crawltitle_api.py-crawl_titles:117] >> API 목록 로드 중: 2 페이지 (201~400건)
[2026-09-26 19:05:29,911][INFO|crawltitle_api.py-crawl_titles:117] >> API 목록 로드 중: 3 페이지 (401~600건)
[2026-09-26 19:05:29,976][INFO|crawltitle_api.py-crawl_titles:117] >> API 목록 로드 중: 4 페이지 (601~800건)
[2026-09-26 19:05:30,043][INFO|crawltitle_api.py-crawl_titles:117] >> API 목록 로드 중: 5 페이지 (801~1000건)
[2026-09-26 19:05:30,259][INFO|crawltitle_api.py-crawl_titles:117] >> API 목록 로드 중: 6 페이지 (1001~1200건)
[2026-09-26 19:05:30,321][INFO|crawltitle_api.py-crawl_titles:117] >> API 목록 로드 중: 7 페이지 (1201~1400건)
[2026-09-26 19:05:30,387][INFO|crawltitle_api.py-crawl_titles:117] >> API 목록 로드 중: 8 페이지 (1401~1600건)
[2026-09-26 19:05:30,451][INFO|crawltitle_api.py-crawl_titles:117] >> API 목록 로드 중: 9 페이지 (1601~1800건)
[2026-09-26 19:05:30,509][INFO|crawltitle_api.py-crawl_titles:117] >> API 목록 로드 중: 10 페이지 (1801~2000건)
[2026-09-26 19:05:30,569][INFO|crawltitle_api.py-crawl_titles:117] >> API 목록 로드 중: 11 페이지 (2001~2200건)
[2026-09-26 19:05:30,628][INFO|crawltitle_api.py-crawl_titles:117] >> API 목록 로드 중: 12 페이지 (2201~2400건)
[2026-09-26 19:05:30,689][INFO|crawltitle_api.py-crawl_titles:117] >> API 목록 로드 중: 13 페이지 (2401~2600건)
[2026-09-26 19:05:30,752][INFO|crawltitle_api.py-crawl_titles:117] >> API 목록 로드 중: 14 페이지 (2601~2800건)
[2026-09-26 19:05:30,817][INFO|crawltitle_api.py-crawl_titles:117] >> API 목록 로드 중: 15 페이지 (2801~3000건)
[2026-09-26 19:05:30,878][INFO|crawltitle_api.py-crawl_titles:117] >> API 목록 로드 중: 16 페이지 (3001~3200건)
[2026-09-26 19:05:30,946][INFO|crawltitle_api.py-crawl_titles:117] >> API 목록 로드 중: 17 페이지 (3201~3400건)
[2026-09-26 19:05:31,013][INFO|crawltitle_api.py-crawl_titles:117] >> API 목록 로드 중: 18 페이지 (3401~3600건)
[2026-09-26 19:05:31,087][INFO|crawltitle_api.py-crawl_titles:117] >> API 목록 로드 중: 19 페이지 (3601~3800건)
[2026-09-26 19:05:31,151][INFO|crawltitle_api.py-crawl_titles:117] >> API 목록 로드 중: 20 페이지 (3801~4000건)
[2026-09-26 19:05:31,215][INFO|crawltitle_api.py-crawl_titles:117] >> API 목록 로드 중: 21 페이지 (4001~4200건)
[2026-09-26 19:05:31,276][INFO|crawltitle_api.py-crawl_titles:117] >> API 목록 로드 중: 22 페이지 (4201~4400건)
[2026-09-26 19:05:31,553][INFO|crawltitle_api.py-crawl_titles:117] >> API 목록 로드 중: 23 페이지 (4401~4600건)
[2026-09-26 19:05:31,616][INFO|crawltitle_api.py-crawl_titles:117] >> API 목록 로드 중: 24 페이지 (4601~4800건)
[2026-09-26 19:05:31,678][INFO|crawltitle_api.py-crawl_titles:117] >> API 목록 로드 중: 25 페이지 (4801~5000건)
[2026-09-26 19:05:31,742][INFO|crawltitle_api.py-crawl_titles:117] >> API 목록 로드 중: 26 페이지 (5001~5200건)
[2026-09-26 19:05:31,812][INFO|crawltitle_api.py-crawl_titles:117] >> API 목록 로드 중: 27 페이지 (5201~5400건)
[2026-09-26 19:05:31,877][INFO|crawltitle_api.py-crawl_titles:117] >> API 목록 로드 중: 28 페이지 (5401~5600건)
[2026-09-26 19:05:31,941][INFO|crawltitle_api.py-crawl_titles:117] >> API 목록 로드 중: 29 페이지 (5601~5800건)
[2026-09-26 19:05:32,006][INFO|crawltitle_api.py-crawl_titles:117] >> API 목록 로드 중: 30 페이지 (5801~6000건)
[2026-09-26 19:05:32,071][INFO|crawltitle_api.py-crawl_titles:117] >> API 목록 로드 중: 31 페이지 (6001~6200건)
[2026-09-26 19:05:32,135][INFO|crawltitle_api.py-crawl_titles:117] >> API 목록 로드 중: 32 페이지 (6201~6400건)
[2026-09-26 19:05:32,199][INFO|crawltitle_api.py-crawl_titles:117] >> API 목록 로드 중: 33 페이지 (6401~6600건)
[2026-09-26 19:05:32,261][INFO|crawltitle_api.py-crawl_titles:117] >> API 목록 로드 중: 34 페이지 (6601~6800건)
[2026-09-26 19:05:32,328][INFO|crawltitle_api.py-crawl_titles:117] >> API 목록 로드 중: 35 페이지 (6801~7000건)
[2026-09-26 19:05:32,392][INFO|crawltitle_api.py-crawl_titles:117] >> API 목록 로드 중: 36 페이지 (7001~7200건)
[2026-09-26 19:05:32,454][INFO|crawltitle_api.py-crawl_titles:117] >> API 목록 로드 중: 37 페이지 (7201~7400건)
[2026-09-26 19:05:32,516][INFO|crawltitle_api.py-crawl_titles:117] >> API 목록 로드 중: 38 페이지 (7401~7600건)
[2026-09-26 19:05:32,579][INFO|crawltitle_api.py-crawl_titles:117] >> API 목록 로드 중: 39 페이지 (7601~7800건)
[2026-09-26 19:05:32,894][INFO|crawltitle_api.py-crawl_titles:117] >> API 목록 로드 중: 40 페이지 (7801~8000건)
[2026-09-26 19:05:32,957][INFO|crawltitle_api.py-crawl_titles:117] >> API 목록 로드 중: 41 페이지 (8001~8200건)
[2026-09-26 19:05:33,018][INFO|crawltitle_api.py-crawl_titles:117] >> API 목록 로드 중: 42 페이지 (8201~8400건)
[2026-09-26 19:05:33,077][INFO|crawltitle_api.py-crawl_titles:117] >> API 목록 로드 중: 43 페이지 (8401~8600건)
[2026-09-26 19:05:33,139][INFO|crawltitle_api.py-crawl_titles:117] >> API 목록 로드 중: 44 페이지 (8601~8800건)
[2026-09-26 19:05:33,199][INFO|crawltitle_api.py-crawl_titles:117] >> API 목록 로드 중: 45 페이지 (8801~9000건)
[2026-09-26 19:05:33,263][INFO|crawltitle_api.py-crawl_titles:117] >> API 목록 로드 중: 46 페이지 (9001~9200건)
[2026-09-26 19:05:33,326][INFO|crawltitle_api.py-crawl_titles:117] >> API 목록 로드 중: 47 페이지 (9201~9400건)
[2026-09-26 19:05:33,385][INFO|crawltitle_api.py-crawl_titles:117] >> API 목록 로드 중: 48 페이지 (9401~9600건)
[2026-09-26 19:05:33,449][INFO|crawltitle_api.py-crawl_titles:117] >> API 목록 로드 중: 49 페이지 (9601~9800건)
[2026-09-26 19:05:33,517][INFO|crawltitle_api.py-crawl_titles:117] >> API 목록 로드 중: 50 페이지 (9801~10000건)
[2026-09-26 19:05:33,582][INFO|crawltitle_api.py-crawl_titles:117] >> API 목록 로드 중: 51 페이지 (10001~10200건)
[2026-09-26 19:05:33,649][INFO|crawltitle_api.py-crawl_titles:117] >> API 목록 로드 중: 52 페이지 (10201~10400건)
[2026-09-26 19:05:33,716][INFO|crawltitle_api.py-crawl_titles:117] >> API 목록 로드 중: 53 페이지 (10401~10600건)
[2026-09-26 19:05:33,783][INFO|crawltitle_api.py-crawl_titles:117] >> API 목록 로드 중: 54 페이지 (10601~10800건)
[2026-09-26 19:05:33,848][INFO|crawltitle_api.py-crawl_titles:117] >> API 목록 로드 중: 55 페이지 (10801~11000건)
[2026-09-26 19:05:34,273][INFO|crawltitle_api.py-crawl_titles:117] >> API 목록 로드 중: 56 페이지 (11001~11200건)
[2026-09-26 19:05:34,333][INFO|crawltitle_api.py-crawl_titles:117] >> API 목록 로드 중: 57 페이지 (11201~11400건)
[2026-09-26 19:05:34,399][INFO|crawltitle_api.py-crawl_titles:117] >> API 목록 로드 중: 58 페이지 (11401~11600건)
[2026-09-26 19:05:34,464][INFO|crawltitle_api.py-crawl_titles:117] >> API 목록 로드 중: 59 페이지 (11601~11800건)
[2026-09-26 19:05:34,530][INFO|crawltitle_api.py-crawl_titles:117] >> API 목록 로드 중: 60 페이지 (11801~12000건)
[2026-09-26 19:05:34,599][INFO|crawltitle_api.py-crawl_titles:117] >> API 목록 로드 중: 61 페이지 (12001~12200건)
[2026-09-26 19:05:34,668][INFO|crawltitle_api.py-crawl_titles:117] >> API 목록 로드 중: 62 페이지 (12201~12400건)
[2026-09-26 19:05:34,734][INFO|crawltitle_api.py-crawl_titles:117] >> API 목록 로드 중: 63 페이지 (12401~12600건)
[2026-09-26 19:05:34,801][INFO|crawltitle_api.py-crawl_titles:117] >> API 목록 로드 중: 64 페이지 (12601~12800건)
[2026-09-26 19:05:34,869][INFO|crawltitle_api.py-crawl_titles:117] >> API 목록 로드 중: 65 페이지 (12801~13000건)
[2026-09-26 19:05:34,933][INFO|crawltitle_api.py-crawl_titles:117] >> API 목록 로드 중: 66 페이지 (13001~13200건)
[2026-09-26 19:05:35,000][INFO|crawltitle_api.py-crawl_titles:117] >> API 목록 로드 중: 67 페이지 (13201~13400건)
[2026-09-26 19:05:35,069][INFO|crawltitle_api.py-crawl_titles:117] >> API 목록 로드 중: 68 페이지 (13401~13600건)
[2026-09-26 19:05:35,141][INFO|crawltitle_api.py-crawl_titles:117] >> API 목록 로드 중: 69 페이지 (13601~13800건)
[2026-09-26 19:05:35,214][INFO|crawltitle_api.py-crawl_titles:117] >> API 목록 로드 중: 70 페이지 (13801~14000건)
[2026-09-26 19:05:35,287][INFO|crawltitle_api.py-crawl_titles:117] >> API 목록 로드 중: 71 페이지 (14001~14200건)
[2026-09-26 19:05:35,354][INFO|crawltitle_api.py-crawl_titles:117] >> API 목록 로드 중: 72 페이지 (14201~14400건)
[2026-09-26 19:05:35,421][INFO|crawltitle_api.py-crawl_titles:117] >> API 목록 로드 중: 73 페이지 (14401~14600건)
[2026-09-26 19:05:35,932][INFO|crawltitle_api.py-crawl_titles:117] >> API 목록 로드 중: 74 페이지 (14601~14800건)
[2026-09-26 19:05:35,990][INFO|crawltitle_api.py-crawl_titles:117] >> API 목록 로드 중: 75 페이지 (14801~15000건)
[2026-09-26 19:05:36,052][INFO|crawltitle_api.py-crawl_titles:117] >> API 목록 로드 중: 76 페이지 (15001~15200건)
[2026-09-26 19:05:36,116][INFO|crawltitle_api.py-crawl_titles:117] >> API 목록 로드 중: 77 페이지 (15201~15400건)
[2026-09-26 19:05:36,184][INFO|crawltitle_api.py-crawl_titles:117] >> API 목록 로드 중: 78 페이지 (15401~15600건)
[2026-09-26 19:05:36,249][INFO|crawltitle_api.py-crawl_titles:117] >> API 목록 로드 중: 79 페이지 (15601~15800건)
[2026-09-26 19:05:36,314][INFO|crawltitle_api.py-crawl_titles:117] >> API 목록 로드 중: 80 페이지 (15801~16000건)
[2026-09-26 19:05:36,382][INFO|crawltitle_api.py-crawl_titles:117] >> API 목록 로드 중: 81 페이지 (16001~16200건)
[2026-09-26 19:05:36,449][INFO|crawltitle_api.py-crawl_titles:117] >> API 목록 로드 중: 82 페이지 (16201~16400건)
[2026-09-26 19:05:36,520][INFO|crawltitle_api.py-crawl_titles:117] >> API 목록 로드 중: 83 페이지 (16401~16600건)
[2026-09-26 19:05:36,585][INFO|crawltitle_api.py-crawl_titles:117] >> API 목록 로드 중: 84 페이지 (16601~16800건)
[2026-09-26 19:05:36,652][INFO|crawltitle_api.py-crawl_titles:117] >> API 목록 로드 중: 85 페이지 (16801~17000건)
[2026-09-26 19:05:36,721][INFO|crawltitle_api.py-crawl_titles:117] >> API 목록 로드 중: 86 페이지 (17001~17200건)
[2026-09-26 19:05:36,787][INFO|crawltitle_api.py-crawl_titles:117] >> API 목록 로드 중: 87 페이지 (17201~17400건)
[2026-09-26 19:05:36,854][INFO|crawltitle_api.py-crawl_titles:117] >> API 목록 로드 중: 88 페이지 (17401~17600건)
[2026-09-26 19:05:36,931][INFO|crawltitle_api.py-crawl_titles:117] >> API 목록 로드 중: 89 페이지 (17601~17800건)
[2026-09-26 19:05:36,996][INFO|crawltitle_api.py-crawl_titles:117] >> API 목록 로드 중: 90 페이지 (17801~18000건)
[2026-09-26 19:05:37,064][INFO|crawltitle_api.py-crawl_titles:117] >> API 목록 로드 중: 91 페이지 (18001~18200건)
[2026-09-26 19:05:37,130][INFO|crawltitle_api.py-crawl_titles:117] >> API 목록 로드 중: 92 페이지 (18201~18400건)
[2026-09-26 19:05:37,192][INFO|crawltitle_api.py-crawl_titles:117] >> API 목록 로드 중: 93 페이지 (18401~18600건)
[2026-09-26 19:05:37,254][INFO|crawltitle_api.py-crawl_titles:117] >> API 목록 로드 중: 94 페이지 (18601~18800건)
[2026-09-26 19:05:37,316][INFO|crawltitle_api.py-crawl_titles:117] >> API 목록 로드 중: 95 페이지 (18801~19000건)
[2026-09-26 19:05:37,385][INFO|crawltitle_api.py-crawl_titles:117] >> API 목록 로드 중: 96 페이지 (19001~19200건)
[2026-09-26 19:05:37,986][INFO|crawltitle_api.py-crawl_titles:117] >> API 목록 로드 중: 97 페이지 (19201~19400건)
[2026-09-26 19:05:38,045][INFO|crawltitle_api.py-crawl_titles:117] >> API 목록 로드 중: 98 페이지 (19401~19600건)
[2026-09-26 19:05:38,102][INFO|crawltitle_api.py-crawl_titles:117] >> API 목록 로드 중: 99 페이지 (19601~19800건)
[2026-09-26 19:05:38,162][INFO|crawltitle_api.py-crawl_titles:117] >> API 목록 로드 중: 100 페이지 (19801~20000건)
[2026-09-26 19:05:38,224][INFO|crawltitle_api.py-crawl_titles:117] >> API 목록 로드 중: 101 페이지 (20001~20200건)
[2026-09-26 19:05:41,839][INFO|database.py-title_to_sql:694] >> 총 20200건 title 테이블 upsert 완료. (신규: 19800건)
[2026-09-26 19:05:41,850][WARNING|start.py-_run_crawling_process:419] >> 목록 전체를 찾아도 없는 신고번호: ['SPP-0000-NOPE']
[2026-09-26 19:05:41,850][INFO|start.py-_run_crawling_process:423] >> 큐 파일에서 1개의 아이템 크롤링 시작.
[2026-09-26 19:05:41,850][INFO|start.py-_run_crawling_process:437] >> 상세 크롤링 대상 ID: 1 건 (순차 처리)
[2026-09-26 19:05:41,850][INFO|start.py-_run_crawling_process:442] >> [API 방식] 상세 데이터 추출 시작
[2026-09-26 19:05:41,871][INFO|start.py-_save_details_as_they_arrive:485] >> 상세 저장 1건 (변경/신규 0건, 실패 0건)
.[2026-09-26 19:05:42,078][INFO|database.py-upgrade_schema:285] >> 테이블 'admin_users' 생성 중...
[2026-09-26 19:05:42,084][INFO|database.py-upgrade_schema:285] >> 테이블 'api_keys' 생성 중...
[2026-09-26 19:05:42,086][INFO|database.py-upgrade_schema:285] >> 테이블 'mysafety' 생성 중...
[2026-09-26 19:05:42,088][INFO|database.py-upgrade_schema:285] >> 테이블 'mysafety_change_cursor' 생성 중...
[2026-09-26 19:05:42,089][INFO|database.py-upgrade_schema:285] >> 테이블 'mysafety_change_log' 생성 중...
[2026-09-26 19:05:42,090][INFO|database.py-upgrade_schema:285] >> 테이블 'mysafety_duplicate_decision' 생성 중...
[2026-09-26 19:05:42,092][INFO|database.py-upgrade_schema:285] >> 테이블 'mysafety_duplicate_group' 생성 중...
[2026-09-26 19:05:42,093][INFO|database.py-upgrade_schema:285] >> 테이블 'mysafety_duplicate_member' 생성 중...
[2026-09-26 19:05:42,095][INFO|database.py-upgrade_schema:285] >> 테이블 'mysafety_entry_value' 생성 중...
[2026-09-26 19:05:42,097][INFO|database.py-upgrade_schema:285] >> 테이블 'mysafety_geocode_cache' 생성 중...
[2026-09-26 19:05:42,098][INFO|database.py-upgrade_schema:285] >> 테이블 'mysafety_raw_content' 생성 중...
[2026-09-26 19:05:42,100][INFO|database.py-upgrade_schema:285] >> 테이블 'mysafety_report_override' 생성 중...
[2026-09-26 19:05:42,102][INFO|database.py-upgrade_schema:285] >> 테이블 'mysafety_sync_meta' 생성 중...
[2026-09-26 19:05:42,109][INFO|database.py-upgrade_schema:285] >> 테이블 'mysafety_watchlist' 생성 중...
[2026-09-26 19:05:42,112][INFO|database.py-upgrade_schema:285] >> 테이블 'mysafetydetail_other' 생성 중...
[2026-09-26 19:05:42,115][INFO|database.py-upgrade_schema:285] >> 테이블 'mysafetydetail_parking' 생성 중...
[2026-09-26 19:05:42,118][INFO|database.py-upgrade_schema:285] >> 테이블 'mysafetydetail_traffic' 생성 중...
[2026-09-26 19:05:42,124][INFO|database.py-upgrade_schema:285] >> 테이블 'mysafetymerge_other' 생성 중...
[2026-09-26 19:05:42,126][INFO|database.py-upgrade_schema:285] >> 테이블 'mysafetymerge_parking' 생성 중...
[2026-09-26 19:05:42,130][INFO|database.py-upgrade_schema:285] >> 테이블 'mysafetymerge_traffic' 생성 중...
[2026-09-26 19:05:42,135][INFO|database.py-_apply_versioned_migrations:452] >> [schema] DB 스키마 버전 1 적용
[2026-09-26 19:05:42,141][INFO|database.py-_apply_versioned_migrations:452] >> [schema] DB 스키마 버전 2 적용
[2026-09-26 19:05:42,143][INFO|database.py-_apply_versioned_migrations:452] >> [schema] DB 스키마 버전 3 적용
[2026-09-26 19:05:42,157][INFO|database.py-_apply_versioned_migrations:452] >> [schema] DB 스키마 버전 4 적용
[2026-09-26 19:05:42,171][INFO|duplicate_group_service.py-_log_info:53] >> [duplicate] payload exact 중복군 0개, 멤버 0건 재생성
[2026-09-26 19:05:42,199][INFO|database.py-backfill_synced_at:100] >> [migration] mysafetydetail_traffic synced_at 백필: 12건, 미해결 0건
[2026-09-26 19:05:42,203][INFO|database.py-backfill_synced_at:100] >> [migration] mysafetydetail_parking synced_at 백필: 6건, 미해결 0건
[2026-09-26 19:05:42,206][INFO|database.py-backfill_synced_at:100] >> [migration] mysafetydetail_other synced_at 백필: 6건, 미해결 0건
[2026-09-26 19:05:42,207][INFO|database.py-backfill_synced_at:105] >> [migration] synced_at 백필 완료: 총 24건 갱신, merge 재생성 시작
[2026-09-26 19:05:42,216][INFO|database.py-merge_final:736] >> 최종 데이터 병합 완료 (Traffic/Parking/Other 분리)
[2026-09-26 19:05:42,243][INFO|duplicate_group_service.py-_log_info:53] >> [duplicate] payload exact 중복군 1개, 멤버 2건 재생성
[2026-09-26 19:05:42,252][INFO|database.py-merge_final:736] >> 최종 데이터 병합 완료 (Traffic/Parking/Other 분리)
[2026-09-26 19:05:42,277][INFO|duplicate_group_service.py-_log_info:53] >> [duplicate] payload exact 중복군 1개, 멤버 2건 재생성
.[2026-09-26 19:05:42,594][INFO|database.py-upgrade_schema:285] >> 테이블 'admin_users' 생성 중...
[2026-09-26 19:05:42,598][INFO|database.py-upgrade_schema:285] >> 테이블 'api_keys' 생성 중...
[2026-09-26 19:05:42,599][INFO|database.py-upgrade_schema:285] >> 테이블 'mysafety' 생성 중...
[2026-09-26 19:05:42,601][INFO|database.py-upgrade_schema:285] >> 테이블 'mysafety_change_cursor' 생성 중...
[2026-09-26 19:05:42,603][INFO|database.py-upgrade_schema:285] >> 테이블 'mysafety_change_log' 생성 중...
[2026-09-26 19:05:42,605][INFO|database.py-upgrade_schema:285] >> 테이블 'mysafety_duplicate_decision' 생성 중...
[2026-09-26 19:05:42,607][INFO|database.py-upgrade_schema:285] >> 테이블 'mysafety_duplicate_group' 생성 중...
[2026-09-26 19:05:42,612][INFO|database.py-upgrade_schema:285] >> 테이블 'mysafety_duplicate_member' 생성 중...
[2026-09-26 19:05:42,614][INFO|database.py-upgrade_schema:285] >> 테이블 'mysafety_entry_value' 생성 중...
[2026-09-26 19:05:42,617][INFO|database.py-upgrade_schema:285] >> 테이블 'mysafety_geocode_cache' 생성 중...
[2026-09-26 19:05:42,621][INFO|database.py-upgrade_schema:285] >> 테이블 'mysafety_raw_content' 생성 중...
[2026-09-26 19:05:42,623][INFO|database.py-upgrade_schema:285] >> 테이블 'mysafety_report_override' 생성 중...
[2026-09-26 19:05:42,625][INFO|database.py-upgrade_schema:285] >> 테이블 'mysafety_sync_meta' 생성 중...
[2026-09-26 19:05:42,627][INFO|database.py-upgrade_schema:285] >> 테이블 'mysafety_watchlist' 생성 중...
[2026-09-26 19:05:42,628][INFO|database.py-upgrade_schema:285] >> 테이블 'mysafetydetail_other' 생성 중...
[2026-09-26 19:05:42,630][INFO|database.py-upgrade_schema:285] >> 테이블 'mysafetydetail_parking' 생성 중...
[2026-09-26 19:05:42,631][INFO|database.py-upgrade_schema:285] >> 테이블 'mysafetydetail_traffic' 생성 중...
[2026-09-26 19:05:42,634][INFO|database.py-upgrade_schema:285] >> 테이블 'mysafetymerge_other' 생성 중...
[2026-09-26 19:05:42,636][INFO|database.py-upgrade_schema:285] >> 테이블 'mysafetymerge_parking' 생성 중...
[2026-09-26 19:05:42,639][INFO|database.py-upgrade_schema:285] >> 테이블 'mysafetymerge_traffic' 생성 중...
[2026-09-26 19:05:42,643][INFO|database.py-_apply_versioned_migrations:452] >> [schema] DB 스키마 버전 1 적용
[2026-09-26 19:05:42,653][INFO|database.py-_apply_versioned_migrations:452] >> [schema] DB 스키마 버전 2 적용
[2026-09-26 19:05:42,656][INFO|database.py-_apply_versioned_migrations:452] >> [schema] DB 스키마 버전 3 적용
[2026-09-26 19:05:42,677][INFO|database.py-_apply_versioned_migrations:452] >> [schema] DB 스키마 버전 4 적용
[2026-09-26 19:05:42,697][INFO|duplicate_group_service.py-_log_info:53] >> [duplicate] payload exact 중복군 0개, 멤버 0건 재생성
[2026-09-26 19:05:42,746][INFO|database.py-backfill_synced_at:100] >> [migration] mysafetydetail_traffic synced_at 백필: 12건, 미해결 0건
[2026-09-26 19:05:42,750][INFO|database.py-backfill_synced_at:100] >> [migration] mysafetydetail_parking synced_at 백필: 6건, 미해결 0건
[2026-09-26 19:05:42,753][INFO|database.py-backfill_synced_at:100] >> [migration] mysafetydetail_other synced_at 백필: 6건, 미해결 0건
[2026-09-26 19:05:42,758][INFO|database.py-backfill_synced_at:105] >> [migration] synced_at 백필 완료: 총 24건 갱신, merge 재생성 시작
[2026-09-26 19:05:42,768][INFO|database.py-merge_final:736] >> 최종 데이터 병합 완료 (Traffic/Parking/Other 분리)
/home/better0101/projects/safetyreport/.venv/lib/python3.14/site-packages/pandas/core/arrays/string_.py:789: ResourceWarning: unclosed file <_io.FileIO name='/tmp/claude-1000/-home-better0101-projects-safetyreport/aa9d30e6-e7a5-4376-8fce-c9fb26682fbe/scratchpad/tmp.85iy7vc2dN/logs/current_crawl.log' mode='ab' closefd=True>
  new_string_array = cls.__new__(cls)
ResourceWarning: Enable tracemalloc to get the object allocation traceback
[2026-09-26 19:05:42,796][INFO|duplicate_group_service.py-_log_info:53] >> [duplicate] payload exact 중복군 1개, 멤버 2건 재생성
[2026-09-26 19:05:42,808][INFO|database.py-merge_final:736] >> 최종 데이터 병합 완료 (Traffic/Parking/Other 분리)
[2026-09-26 19:05:42,831][INFO|duplicate_group_service.py-_log_info:53] >> [duplicate] payload exact 중복군 1개, 멤버 2건 재생성
.[2026-09-26 19:05:42,979][INFO|database.py-upgrade_schema:285] >> 테이블 'admin_users' 생성 중...
[2026-09-26 19:05:42,984][INFO|database.py-upgrade_schema:285] >> 테이블 'api_keys' 생성 중...
[2026-09-26 19:05:42,986][INFO|database.py-upgrade_schema:285] >> 테이블 'mysafety' 생성 중...
[2026-09-26 19:05:42,988][INFO|database.py-upgrade_schema:285] >> 테이블 'mysafety_change_cursor' 생성 중...
[2026-09-26 19:05:42,990][INFO|database.py-upgrade_schema:285] >> 테이블 'mysafety_change_log' 생성 중...
[2026-09-26 19:05:42,996][INFO|database.py-upgrade_schema:285] >> 테이블 'mysafety_duplicate_decision' 생성 중...
[2026-09-26 19:05:43,000][INFO|database.py-upgrade_schema:285] >> 테이블 'mysafety_duplicate_group' 생성 중...
[2026-09-26 19:05:43,001][INFO|database.py-upgrade_schema:285] >> 테이블 'mysafety_duplicate_member' 생성 중...
[2026-09-26 19:05:43,004][INFO|database.py-upgrade_schema:285] >> 테이블 'mysafety_entry_value' 생성 중...
[2026-09-26 19:05:43,005][INFO|database.py-upgrade_schema:285] >> 테이블 'mysafety_geocode_cache' 생성 중...
[2026-09-26 19:05:43,007][INFO|database.py-upgrade_schema:285] >> 테이블 'mysafety_raw_content' 생성 중...
[2026-09-26 19:05:43,009][INFO|database.py-upgrade_schema:285] >> 테이블 'mysafety_report_override' 생성 중...
[2026-09-26 19:05:43,011][INFO|database.py-upgrade_schema:285] >> 테이블 'mysafety_sync_meta' 생성 중...
[2026-09-26 19:05:43,012][INFO|database.py-upgrade_schema:285] >> 테이블 'mysafety_watchlist' 생성 중...
[2026-09-26 19:05:43,014][INFO|database.py-upgrade_schema:285] >> 테이블 'mysafetydetail_other' 생성 중...
[2026-09-26 19:05:43,019][INFO|database.py-upgrade_schema:285] >> 테이블 'mysafetydetail_parking' 생성 중...
[2026-09-26 19:05:43,022][INFO|database.py-upgrade_schema:285] >> 테이블 'mysafetydetail_traffic' 생성 중...
[2026-09-26 19:05:43,029][INFO|database.py-upgrade_schema:285] >> 테이블 'mysafetymerge_other' 생성 중...
[2026-09-26 19:05:43,032][INFO|database.py-upgrade_schema:285] >> 테이블 'mysafetymerge_parking' 생성 중...
[2026-09-26 19:05:43,034][INFO|database.py-upgrade_schema:285] >> 테이블 'mysafetymerge_traffic' 생성 중...
[2026-09-26 19:05:43,038][INFO|database.py-_apply_versioned_migrations:452] >> [schema] DB 스키마 버전 1 적용
[2026-09-26 19:05:43,043][INFO|database.py-_apply_versioned_migrations:452] >> [schema] DB 스키마 버전 2 적용
[2026-09-26 19:05:43,045][INFO|database.py-_apply_versioned_migrations:452] >> [schema] DB 스키마 버전 3 적용
[2026-09-26 19:05:43,067][INFO|database.py-_apply_versioned_migrations:452] >> [schema] DB 스키마 버전 4 적용
[2026-09-26 19:05:43,082][INFO|duplicate_group_service.py-_log_info:53] >> [duplicate] payload exact 중복군 0개, 멤버 0건 재생성
[2026-09-26 19:05:43,117][INFO|database.py-backfill_synced_at:100] >> [migration] mysafetydetail_traffic synced_at 백필: 12건, 미해결 0건
[2026-09-26 19:05:43,120][INFO|database.py-backfill_synced_at:100] >> [migration] mysafetydetail_parking synced_at 백필: 6건, 미해결 0건
[2026-09-26 19:05:43,123][INFO|database.py-backfill_synced_at:100] >> [migration] mysafetydetail_other synced_at 백필: 6건, 미해결 0건
[2026-09-26 19:05:43,125][INFO|database.py-backfill_synced_at:105] >> [migration] synced_at 백필 완료: 총 24건 갱신, merge 재생성 시작
[2026-09-26 19:05:43,131][INFO|database.py-merge_final:736] >> 최종 데이터 병합 완료 (Traffic/Parking/Other 분리)
[2026-09-26 19:05:43,154][INFO|duplicate_group_service.py-_log_info:53] >> [duplicate] payload exact 중복군 1개, 멤버 2건 재생성
[2026-09-26 19:05:43,161][INFO|database.py-merge_final:736] >> 최종 데이터 병합 완료 (Traffic/Parking/Other 분리)
[2026-09-26 19:05:43,184][INFO|duplicate_group_service.py-_log_info:53] >> [duplicate] payload exact 중복군 1개, 멤버 2건 재생성
.[2026-09-26 19:05:43,353][INFO|database.py-upgrade_schema:285] >> 테이블 'admin_users' 생성 중...
[2026-09-26 19:05:43,356][INFO|database.py-upgrade_schema:285] >> 테이블 'api_keys' 생성 중...
[2026-09-26 19:05:43,358][INFO|database.py-upgrade_schema:285] >> 테이블 'mysafety' 생성 중...
[2026-09-26 19:05:43,360][INFO|database.py-upgrade_schema:285] >> 테이블 'mysafety_change_cursor' 생성 중...
[2026-09-26 19:05:43,362][INFO|database.py-upgrade_schema:285] >> 테이블 'mysafety_change_log' 생성 중...
[2026-09-26 19:05:43,364][INFO|database.py-upgrade_schema:285] >> 테이블 'mysafety_duplicate_decision' 생성 중...
[2026-09-26 19:05:43,371][INFO|database.py-upgrade_schema:285] >> 테이블 'mysafety_duplicate_group' 생성 중...
[2026-09-26 19:05:43,376][INFO|database.py-upgrade_schema:285] >> 테이블 'mysafety_duplicate_member' 생성 중...
[2026-09-26 19:05:43,381][INFO|database.py-upgrade_schema:285] >> 테이블 'mysafety_entry_value' 생성 중...
[2026-09-26 19:05:43,383][INFO|database.py-upgrade_schema:285] >> 테이블 'mysafety_geocode_cache' 생성 중...
[2026-09-26 19:05:43,384][INFO|database.py-upgrade_schema:285] >> 테이블 'mysafety_raw_content' 생성 중...
[2026-09-26 19:05:43,386][INFO|database.py-upgrade_schema:285] >> 테이블 'mysafety_report_override' 생성 중...
[2026-09-26 19:05:43,392][INFO|database.py-upgrade_schema:285] >> 테이블 'mysafety_sync_meta' 생성 중...
[2026-09-26 19:05:43,395][INFO|database.py-upgrade_schema:285] >> 테이블 'mysafety_watchlist' 생성 중...
[2026-09-26 19:05:43,397][INFO|database.py-upgrade_schema:285] >> 테이블 'mysafetydetail_other' 생성 중...
[2026-09-26 19:05:43,406][INFO|database.py-upgrade_schema:285] >> 테이블 'mysafetydetail_parking' 생성 중...
[2026-09-26 19:05:43,409][INFO|database.py-upgrade_schema:285] >> 테이블 'mysafetydetail_traffic' 생성 중...
[2026-09-26 19:05:43,411][INFO|database.py-upgrade_schema:285] >> 테이블 'mysafetymerge_other' 생성 중...
[2026-09-26 19:05:43,413][INFO|database.py-upgrade_schema:285] >> 테이블 'mysafetymerge_parking' 생성 중...
[2026-09-26 19:05:43,417][INFO|database.py-upgrade_schema:285] >> 테이블 'mysafetymerge_traffic' 생성 중...
[2026-09-26 19:05:43,422][INFO|database.py-_apply_versioned_migrations:452] >> [schema] DB 스키마 버전 1 적용
[2026-09-26 19:05:43,434][INFO|database.py-_apply_versioned_migrations:452] >> [schema] DB 스키마 버전 2 적용
[2026-09-26 19:05:43,436][INFO|database.py-_apply_versioned_migrations:452] >> [schema] DB 스키마 버전 3 적용
[2026-09-26 19:05:43,457][INFO|database.py-_apply_versioned_migrations:452] >> [schema] DB 스키마 버전 4 적용
[2026-09-26 19:05:43,473][INFO|duplicate_group_service.py-_log_info:53] >> [duplicate] payload exact 중복군 0개, 멤버 0건 재생성
[2026-09-26 19:05:43,507][INFO|database.py-backfill_synced_at:100] >> [migration] mysafetydetail_traffic synced_at 백필: 12건, 미해결 0건
[2026-09-26 19:05:43,510][INFO|database.py-backfill_synced_at:100] >> [migration] mysafetydetail_parking synced_at 백필: 6건, 미해결 0건
[2026-09-26 19:05:43,513][INFO|database.py-backfill_synced_at:100] >> [migration] mysafetydetail_other synced_at 백필: 6건, 미해결 0건
[2026-09-26 19:05:43,515][INFO|database.py-backfill_synced_at:105] >> [migration] synced_at 백필 완료: 총 24건 갱신, merge 재생성 시작
[2026-09-26 19:05:43,522][INFO|database.py-merge_final:736] >> 최종 데이터 병합 완료 (Traffic/Parking/Other 분리)
[2026-09-26 19:05:43,550][INFO|duplicate_group_service.py-_log_info:53] >> [duplicate] payload exact 중복군 1개, 멤버 2건 재생성
[2026-09-26 19:05:43,559][INFO|database.py-merge_final:736] >> 최종 데이터 병합 완료 (Traffic/Parking/Other 분리)
[2026-09-26 19:05:43,585][INFO|duplicate_group_service.py-_log_info:53] >> [duplicate] payload exact 중복군 1개, 멤버 2건 재생성
[2026-09-26 19:05:43,725][INFO|crawl_manager.py-launch_pending_crawl:436] >> [crawl] 대기 큐 1건 보류: DB 가 복원되어 공유 데이터 확인을 다시 해야 합니다. 다시 시작하세요.
.[2026-09-26 19:05:43,838][INFO|database.py-upgrade_schema:285] >> 테이블 'admin_users' 생성 중...
[2026-09-26 19:05:43,841][INFO|database.py-upgrade_schema:285] >> 테이블 'api_keys' 생성 중...
[2026-09-26 19:05:43,843][INFO|database.py-upgrade_schema:285] >> 테이블 'mysafety' 생성 중...
[2026-09-26 19:05:43,845][INFO|database.py-upgrade_schema:285] >> 테이블 'mysafety_change_cursor' 생성 중...
[2026-09-26 19:05:43,847][INFO|database.py-upgrade_schema:285] >> 테이블 'mysafety_change_log' 생성 중...
[2026-09-26 19:05:43,851][INFO|database.py-upgrade_schema:285] >> 테이블 'mysafety_duplicate_decision' 생성 중...
[2026-09-26 19:05:43,853][INFO|database.py-upgrade_schema:285] >> 테이블 'mysafety_duplicate_group' 생성 중...
[2026-09-26 19:05:43,855][INFO|database.py-upgrade_schema:285] >> 테이블 'mysafety_duplicate_member' 생성 중...
[2026-09-26 19:05:43,859][INFO|database.py-upgrade_schema:285] >> 테이블 'mysafety_entry_value' 생성 중...
[2026-09-26 19:05:43,861][INFO|database.py-upgrade_schema:285] >> 테이블 'mysafety_geocode_cache' 생성 중...
[2026-09-26 19:05:43,864][INFO|database.py-upgrade_schema:285] >> 테이블 'mysafety_raw_content' 생성 중...
[2026-09-26 19:05:43,866][INFO|database.py-upgrade_schema:285] >> 테이블 'mysafety_report_override' 생성 중...
[2026-09-26 19:05:43,868][INFO|database.py-upgrade_schema:285] >> 테이블 'mysafety_sync_meta' 생성 중...
[2026-09-26 19:05:43,870][INFO|database.py-upgrade_schema:285] >> 테이블 'mysafety_watchlist' 생성 중...
[2026-09-26 19:05:43,872][INFO|database.py-upgrade_schema:285] >> 테이블 'mysafetydetail_other' 생성 중...
[2026-09-26 19:05:43,874][INFO|database.py-upgrade_schema:285] >> 테이블 'mysafetydetail_parking' 생성 중...
[2026-09-26 19:05:43,877][INFO|database.py-upgrade_schema:285] >> 테이블 'mysafetydetail_traffic' 생성 중...
[2026-09-26 19:05:43,879][INFO|database.py-upgrade_schema:285] >> 테이블 'mysafetymerge_other' 생성 중...
[2026-09-26 19:05:43,884][INFO|database.py-upgrade_schema:285] >> 테이블 'mysafetymerge_parking' 생성 중...
[2026-09-26 19:05:43,887][INFO|database.py-upgrade_schema:285] >> 테이블 'mysafetymerge_traffic' 생성 중...
[2026-09-26 19:05:43,894][INFO|database.py-_apply_versioned_migrations:452] >> [schema] DB 스키마 버전 1 적용
[2026-09-26 19:05:43,900][INFO|database.py-_apply_versioned_migrations:452] >> [schema] DB 스키마 버전 2 적용
[2026-09-26 19:05:43,902][INFO|database.py-_apply_versioned_migrations:452] >> [schema] DB 스키마 버전 3 적용
[2026-09-26 19:05:43,915][INFO|database.py-_apply_versioned_migrations:452] >> [schema] DB 스키마 버전 4 적용
[2026-09-26 19:05:43,932][INFO|duplicate_group_service.py-_log_info:53] >> [duplicate] payload exact 중복군 0개, 멤버 0건 재생성
[2026-09-26 19:05:43,964][INFO|database.py-backfill_synced_at:100] >> [migration] mysafetydetail_traffic synced_at 백필: 12건, 미해결 0건
[2026-09-26 19:05:43,968][INFO|database.py-backfill_synced_at:100] >> [migration] mysafetydetail_parking synced_at 백필: 6건, 미해결 0건
[2026-09-26 19:05:43,972][INFO|database.py-backfill_synced_at:100] >> [migration] mysafetydetail_other synced_at 백필: 6건, 미해결 0건
[2026-09-26 19:05:43,973][INFO|database.py-backfill_synced_at:105] >> [migration] synced_at 백필 완료: 총 24건 갱신, merge 재생성 시작
[2026-09-26 19:05:43,980][INFO|database.py-merge_final:736] >> 최종 데이터 병합 완료 (Traffic/Parking/Other 분리)
[2026-09-26 19:05:44,007][INFO|duplicate_group_service.py-_log_info:53] >> [duplicate] payload exact 중복군 1개, 멤버 2건 재생성
[2026-09-26 19:05:44,017][INFO|database.py-merge_final:736] >> 최종 데이터 병합 완료 (Traffic/Parking/Other 분리)
[2026-09-26 19:05:44,041][INFO|duplicate_group_service.py-_log_info:53] >> [duplicate] payload exact 중복군 1개, 멤버 2건 재생성
[2026-09-26 19:05:44,245][INFO|database.py-_normalize_processing_layers:188] >> [migration] raw/canonical 상태 정규화 완료: 총 5건 갱신
[2026-09-26 19:05:44,262][INFO|database.py-merge_final:736] >> 최종 데이터 병합 완료 (Traffic/Parking/Other 분리)
[2026-09-26 19:05:44,295][INFO|duplicate_group_service.py-_log_info:53] >> [duplicate] payload exact 중복군 1개, 멤버 2건 재생성
[2026-09-26 19:05:44,319][INFO|database.py-merge_final:736] >> 최종 데이터 병합 완료 (Traffic/Parking/Other 분리)
[2026-09-26 19:05:44,334][INFO|duplicate_group_service.py-_log_info:53] >> [duplicate] payload exact 중복군 0개, 멤버 0건 재생성
[2026-09-26 19:05:44,354][INFO|exchange.py-_restore_exclusive:413] >> mobile DB 복원 완료. 백업: /tmp/claude-1000/-home-better0101-projects-safetyreport/aa9d30e6-e7a5-4376-8fce-c9fb26682fbe/scratchpad/tmp.85iy7vc2dN/backups/data_before_restore_20260926_190544.db, 신고건수: 1
.[2026-09-26 19:05:44,365][INFO|database.py-upgrade_schema:285] >> 테이블 'admin_users' 생성 중...
[2026-09-26 19:05:44,371][INFO|database.py-upgrade_schema:285] >> 테이블 'api_keys' 생성 중...
[2026-09-26 19:05:44,373][INFO|database.py-upgrade_schema:285] >> 테이블 'mysafety' 생성 중...
[2026-09-26 19:05:44,375][INFO|database.py-upgrade_schema:285] >> 테이블 'mysafety_change_cursor' 생성 중...
[2026-09-26 19:05:44,377][INFO|database.py-upgrade_schema:285] >> 테이블 'mysafety_change_log' 생성 중...
[2026-09-26 19:05:44,379][INFO|database.py-upgrade_schema:285] >> 테이블 'mysafety_duplicate_decision' 생성 중...
[2026-09-26 19:05:44,381][INFO|database.py-upgrade_schema:285] >> 테이블 'mysafety_duplicate_group' 생성 중...
[2026-09-26 19:05:44,384][INFO|database.py-upgrade_schema:285] >> 테이블 'mysafety_duplicate_member' 생성 중...
[2026-09-26 19:05:44,386][INFO|database.py-upgrade_schema:285] >> 테이블 'mysafety_entry_value' 생성 중...
[2026-09-26 19:05:44,388][INFO|database.py-upgrade_schema:285] >> 테이블 'mysafety_geocode_cache' 생성 중...
[2026-09-26 19:05:44,390][INFO|database.py-upgrade_schema:285] >> 테이블 'mysafety_raw_content' 생성 중...
[2026-09-26 19:05:44,392][INFO|database.py-upgrade_schema:285] >> 테이블 'mysafety_report_override' 생성 중...
[2026-09-26 19:05:44,393][INFO|database.py-upgrade_schema:285] >> 테이블 'mysafety_sync_meta' 생성 중...
[2026-09-26 19:05:44,395][INFO|database.py-upgrade_schema:285] >> 테이블 'mysafety_watchlist' 생성 중...
[2026-09-26 19:05:44,397][INFO|database.py-upgrade_schema:285] >> 테이블 'mysafetydetail_other' 생성 중...
[2026-09-26 19:05:44,402][INFO|database.py-upgrade_schema:285] >> 테이블 'mysafetydetail_parking' 생성 중...
[2026-09-26 19:05:44,404][INFO|database.py-upgrade_schema:285] >> 테이블 'mysafetydetail_traffic' 생성 중...
[2026-09-26 19:05:44,406][INFO|database.py-upgrade_schema:285] >> 테이블 'mysafetymerge_other' 생성 중...
[2026-09-26 19:05:44,409][INFO|database.py-upgrade_schema:285] >> 테이블 'mysafetymerge_parking' 생성 중...
[2026-09-26 19:05:44,411][INFO|database.py-upgrade_schema:285] >> 테이블 'mysafetymerge_traffic' 생성 중...
[2026-09-26 19:05:44,415][INFO|database.py-_apply_versioned_migrations:452] >> [schema] DB 스키마 버전 1 적용
[2026-09-26 19:05:44,421][INFO|database.py-_apply_versioned_migrations:452] >> [schema] DB 스키마 버전 2 적용
[2026-09-26 19:05:44,423][INFO|database.py-_apply_versioned_migrations:452] >> [schema] DB 스키마 버전 3 적용
[2026-09-26 19:05:44,439][INFO|database.py-_apply_versioned_migrations:452] >> [schema] DB 스키마 버전 4 적용
[2026-09-26 19:05:44,455][INFO|duplicate_group_service.py-_log_info:53] >> [duplicate] payload exact 중복군 0개, 멤버 0건 재생성
[2026-09-26 19:05:44,487][INFO|database.py-backfill_synced_at:100] >> [migration] mysafetydetail_traffic synced_at 백필: 12건, 미해결 0건
[2026-09-26 19:05:44,491][INFO|database.py-backfill_synced_at:100] >> [migration] mysafetydetail_parking synced_at 백필: 6건, 미해결 0건
[2026-09-26 19:05:44,494][INFO|database.py-backfill_synced_at:100] >> [migration] mysafetydetail_other synced_at 백필: 6건, 미해결 0건
[2026-09-26 19:05:44,496][INFO|database.py-backfill_synced_at:105] >> [migration] synced_at 백필 완료: 총 24건 갱신, merge 재생성 시작
[2026-09-26 19:05:44,502][INFO|database.py-merge_final:736] >> 최종 데이터 병합 완료 (Traffic/Parking/Other 분리)
[2026-09-26 19:05:44,528][INFO|duplicate_group_service.py-_log_info:53] >> [duplicate] payload exact 중복군 1개, 멤버 2건 재생성
[2026-09-26 19:05:44,536][INFO|database.py-merge_final:736] >> 최종 데이터 병합 완료 (Traffic/Parking/Other 분리)
[2026-09-26 19:05:44,558][INFO|duplicate_group_service.py-_log_info:53] >> [duplicate] payload exact 중복군 1개, 멤버 2건 재생성
.[2026-09-26 19:05:44,701][INFO|database.py-upgrade_schema:285] >> 테이블 'admin_users' 생성 중...
[2026-09-26 19:05:44,704][INFO|database.py-upgrade_schema:285] >> 테이블 'api_keys' 생성 중...
[2026-09-26 19:05:44,705][INFO|database.py-upgrade_schema:285] >> 테이블 'mysafety' 생성 중...
[2026-09-26 19:05:44,706][INFO|database.py-upgrade_schema:285] >> 테이블 'mysafety_change_cursor' 생성 중...
[2026-09-26 19:05:44,708][INFO|database.py-upgrade_schema:285] >> 테이블 'mysafety_change_log' 생성 중...
[2026-09-26 19:05:44,710][INFO|database.py-upgrade_schema:285] >> 테이블 'mysafety_duplicate_decision' 생성 중...
[2026-09-26 19:05:44,712][INFO|database.py-upgrade_schema:285] >> 테이블 'mysafety_duplicate_group' 생성 중...
[2026-09-26 19:05:44,715][INFO|database.py-upgrade_schema:285] >> 테이블 'mysafety_duplicate_member' 생성 중...
[2026-09-26 19:05:44,716][INFO|database.py-upgrade_schema:285] >> 테이블 'mysafety_entry_value' 생성 중...
[2026-09-26 19:05:44,719][INFO|database.py-upgrade_schema:285] >> 테이블 'mysafety_geocode_cache' 생성 중...
[2026-09-26 19:05:44,722][INFO|database.py-upgrade_schema:285] >> 테이블 'mysafety_raw_content' 생성 중...
[2026-09-26 19:05:44,727][INFO|database.py-upgrade_schema:285] >> 테이블 'mysafety_report_override' 생성 중...
[2026-09-26 19:05:44,730][INFO|database.py-upgrade_schema:285] >> 테이블 'mysafety_sync_meta' 생성 중...
[2026-09-26 19:05:44,731][INFO|database.py-upgrade_schema:285] >> 테이블 'mysafety_watchlist' 생성 중...
[2026-09-26 19:05:44,734][INFO|database.py-upgrade_schema:285] >> 테이블 'mysafetydetail_other' 생성 중...
[2026-09-26 19:05:44,736][INFO|database.py-upgrade_schema:285] >> 테이블 'mysafetydetail_parking' 생성 중...
[2026-09-26 19:05:44,741][INFO|database.py-upgrade_schema:285] >> 테이블 'mysafetydetail_traffic' 생성 중...
[2026-09-26 19:05:44,744][INFO|database.py-upgrade_schema:285] >> 테이블 'mysafetymerge_other' 생성 중...
[2026-09-26 19:05:44,749][INFO|database.py-upgrade_schema:285] >> 테이블 'mysafetymerge_parking' 생성 중...
[2026-09-26 19:05:44,754][INFO|database.py-upgrade_schema:285] >> 테이블 'mysafetymerge_traffic' 생성 중...
[2026-09-26 19:05:44,758][INFO|database.py-_apply_versioned_migrations:452] >> [schema] DB 스키마 버전 1 적용
[2026-09-26 19:05:44,763][INFO|database.py-_apply_versioned_migrations:452] >> [schema] DB 스키마 버전 2 적용
[2026-09-26 19:05:44,766][INFO|database.py-_apply_versioned_migrations:452] >> [schema] DB 스키마 버전 3 적용
[2026-09-26 19:05:44,794][INFO|database.py-_apply_versioned_migrations:452] >> [schema] DB 스키마 버전 4 적용
[2026-09-26 19:05:44,816][INFO|duplicate_group_service.py-_log_info:53] >> [duplicate] payload exact 중복군 0개, 멤버 0건 재생성
[2026-09-26 19:05:44,849][INFO|database.py-backfill_synced_at:100] >> [migration] mysafetydetail_traffic synced_at 백필: 12건, 미해결 0건
[2026-09-26 19:05:44,853][INFO|database.py-backfill_synced_at:100] >> [migration] mysafetydetail_parking synced_at 백필: 6건, 미해결 0건
[2026-09-26 19:05:44,856][INFO|database.py-backfill_synced_at:100] >> [migration] mysafetydetail_other synced_at 백필: 6건, 미해결 0건
[2026-09-26 19:05:44,857][INFO|database.py-backfill_synced_at:105] >> [migration] synced_at 백필 완료: 총 24건 갱신, merge 재생성 시작
[2026-09-26 19:05:44,864][INFO|database.py-merge_final:736] >> 최종 데이터 병합 완료 (Traffic/Parking/Other 분리)
[2026-09-26 19:05:44,895][INFO|duplicate_group_service.py-_log_info:53] >> [duplicate] payload exact 중복군 1개, 멤버 2건 재생성
[2026-09-26 19:05:44,905][INFO|database.py-merge_final:736] >> 최종 데이터 병합 완료 (Traffic/Parking/Other 분리)
[2026-09-26 19:05:44,928][INFO|duplicate_group_service.py-_log_info:53] >> [duplicate] payload exact 중복군 1개, 멤버 2건 재생성
[2026-09-26 19:05:45,059][INFO|start.py-_run_crawling_process:335] >> 큐 지정 크롤링 모드입니다. 전체 목록 갱신을 건너뜁니다.
[2026-09-26 19:05:45,060][WARNING|start.py-extract_ids_from_queue:126] >> 큐 신고번호 SPP-의 ID를 찾을 수 없습니다. 목록 크롤링 후 재검색합니다.
[2026-09-26 19:05:45,060][INFO|start.py-_run_crawling_process:380] >> 미확인 신고번호 1건을 목록 전체에서 찾습니다.
[2026-09-26 19:05:45,060][INFO|crawltitle_api.py-crawl_titles:74] >> API 방식으로 목록 데이터를 호출합니다. (direct_login 세션)
[2026-09-26 19:05:45,060][INFO|crawltitle_api.py-crawl_titles:104] >> API 확인됨: 총 24건 (1페이지 분량)
[2026-09-26 19:05:45,060][INFO|crawltitle_api.py-crawl_titles:117] >> API 목록 로드 중: 1 페이지 (1~24건)
[2026-09-26 19:05:45,078][INFO|database.py-title_to_sql:694] >> 총 24건 title 테이블 upsert 완료. (신규: 0건)
[2026-09-26 19:05:45,079][ERROR|start.py-_run_crawling_process:416] >> 여러 신고에 걸리는 번호라 어느 신고인지 정할 수 없습니다 — 정확한 신고번호로 다시 요청하세요: ['SPP-']
[2026-09-26 19:05:45,079][INFO|start.py-_run_crawling_process:423] >> 큐 파일에서 0개의 아이템 크롤링 시작.
[2026-09-26 19:05:45,079][INFO|start.py-_run_crawling_process:432] >> 크롤링할 상세 내역 없음.
.[2026-09-26 19:05:45,096][INFO|database.py-upgrade_schema:285] >> 테이블 'admin_users' 생성 중...
[2026-09-26 19:05:45,101][INFO|database.py-upgrade_schema:285] >> 테이블 'api_keys' 생성 중...
[2026-09-26 19:05:45,104][INFO|database.py-upgrade_schema:285] >> 테이블 'mysafety' 생성 중...
[2026-09-26 19:05:45,105][INFO|database.py-upgrade_schema:285] >> 테이블 'mysafety_change_cursor' 생성 중...
[2026-09-26 19:05:45,107][INFO|database.py-upgrade_schema:285] >> 테이블 'mysafety_change_log' 생성 중...
[2026-09-26 19:05:45,109][INFO|database.py-upgrade_schema:285] >> 테이블 'mysafety_duplicate_decision' 생성 중...
[2026-09-26 19:05:45,114][INFO|database.py-upgrade_schema:285] >> 테이블 'mysafety_duplicate_group' 생성 중...
[2026-09-26 19:05:45,116][INFO|database.py-upgrade_schema:285] >> 테이블 'mysafety_duplicate_member' 생성 중...
[2026-09-26 19:05:45,122][INFO|database.py-upgrade_schema:285] >> 테이블 'mysafety_entry_value' 생성 중...
[2026-09-26 19:05:45,126][INFO|database.py-upgrade_schema:285] >> 테이블 'mysafety_geocode_cache' 생성 중...
[2026-09-26 19:05:45,128][INFO|database.py-upgrade_schema:285] >> 테이블 'mysafety_raw_content' 생성 중...
[2026-09-26 19:05:45,130][INFO|database.py-upgrade_schema:285] >> 테이블 'mysafety_report_override' 생성 중...
[2026-09-26 19:05:45,132][INFO|database.py-upgrade_schema:285] >> 테이블 'mysafety_sync_meta' 생성 중...
[2026-09-26 19:05:45,134][INFO|database.py-upgrade_schema:285] >> 테이블 'mysafety_watchlist' 생성 중...
[2026-09-26 19:05:45,136][INFO|database.py-upgrade_schema:285] >> 테이블 'mysafetydetail_other' 생성 중...
[2026-09-26 19:05:45,137][INFO|database.py-upgrade_schema:285] >> 테이블 'mysafetydetail_parking' 생성 중...
[2026-09-26 19:05:45,139][INFO|database.py-upgrade_schema:285] >> 테이블 'mysafetydetail_traffic' 생성 중...
[2026-09-26 19:05:45,141][INFO|database.py-upgrade_schema:285] >> 테이블 'mysafetymerge_other' 생성 중...
[2026-09-26 19:05:45,143][INFO|database.py-upgrade_schema:285] >> 테이블 'mysafetymerge_parking' 생성 중...
[2026-09-26 19:05:45,145][INFO|database.py-upgrade_schema:285] >> 테이블 'mysafetymerge_traffic' 생성 중...
[2026-09-26 19:05:45,148][INFO|database.py-_apply_versioned_migrations:452] >> [schema] DB 스키마 버전 1 적용
[2026-09-26 19:05:45,153][INFO|database.py-_apply_versioned_migrations:452] >> [schema] DB 스키마 버전 2 적용
[2026-09-26 19:05:45,155][INFO|database.py-_apply_versioned_migrations:452] >> [schema] DB 스키마 버전 3 적용
[2026-09-26 19:05:45,168][INFO|database.py-_apply_versioned_migrations:452] >> [schema] DB 스키마 버전 4 적용
[2026-09-26 19:05:45,183][INFO|duplicate_group_service.py-_log_info:53] >> [duplicate] payload exact 중복군 0개, 멤버 0건 재생성
[2026-09-26 19:05:45,227][INFO|database.py-backfill_synced_at:100] >> [migration] mysafetydetail_traffic synced_at 백필: 12건, 미해결 0건
[2026-09-26 19:05:45,231][INFO|database.py-backfill_synced_at:100] >> [migration] mysafetydetail_parking synced_at 백필: 6건, 미해결 0건
[2026-09-26 19:05:45,234][INFO|database.py-backfill_synced_at:100] >> [migration] mysafetydetail_other synced_at 백필: 6건, 미해결 0건
[2026-09-26 19:05:45,237][INFO|database.py-backfill_synced_at:105] >> [migration] synced_at 백필 완료: 총 24건 갱신, merge 재생성 시작
[2026-09-26 19:05:45,245][INFO|database.py-merge_final:736] >> 최종 데이터 병합 완료 (Traffic/Parking/Other 분리)
[2026-09-26 19:05:45,273][INFO|duplicate_group_service.py-_log_info:53] >> [duplicate] payload exact 중복군 1개, 멤버 2건 재생성
[2026-09-26 19:05:45,283][INFO|database.py-merge_final:736] >> 최종 데이터 병합 완료 (Traffic/Parking/Other 분리)
[2026-09-26 19:05:45,309][INFO|duplicate_group_service.py-_log_info:53] >> [duplicate] payload exact 중복군 1개, 멤버 2건 재생성
.[2026-09-26 19:05:45,460][INFO|database.py-upgrade_schema:285] >> 테이블 'admin_users' 생성 중...
[2026-09-26 19:05:45,464][INFO|database.py-upgrade_schema:285] >> 테이블 'api_keys' 생성 중...
[2026-09-26 19:05:45,465][INFO|database.py-upgrade_schema:285] >> 테이블 'mysafety' 생성 중...
[2026-09-26 19:05:45,468][INFO|database.py-upgrade_schema:285] >> 테이블 'mysafety_change_cursor' 생성 중...
[2026-09-26 19:05:45,470][INFO|database.py-upgrade_schema:285] >> 테이블 'mysafety_change_log' 생성 중...
[2026-09-26 19:05:45,472][INFO|database.py-upgrade_schema:285] >> 테이블 'mysafety_duplicate_decision' 생성 중...
[2026-09-26 19:05:45,474][INFO|database.py-upgrade_schema:285] >> 테이블 'mysafety_duplicate_group' 생성 중...
[2026-09-26 19:05:45,476][INFO|database.py-upgrade_schema:285] >> 테이블 'mysafety_duplicate_member' 생성 중...
[2026-09-26 19:05:45,478][INFO|database.py-upgrade_schema:285] >> 테이블 'mysafety_entry_value' 생성 중...
[2026-09-26 19:05:45,480][INFO|database.py-upgrade_schema:285] >> 테이블 'mysafety_geocode_cache' 생성 중...
[2026-09-26 19:05:45,483][INFO|database.py-upgrade_schema:285] >> 테이블 'mysafety_raw_content' 생성 중...
[2026-09-26 19:05:45,485][INFO|database.py-upgrade_schema:285] >> 테이블 'mysafety_report_override' 생성 중...
[2026-09-26 19:05:45,490][INFO|database.py-upgrade_schema:285] >> 테이블 'mysafety_sync_meta' 생성 중...
[2026-09-26 19:05:45,492][INFO|database.py-upgrade_schema:285] >> 테이블 'mysafety_watchlist' 생성 중...
[2026-09-26 19:05:45,495][INFO|database.py-upgrade_schema:285] >> 테이블 'mysafetydetail_other' 생성 중...
[2026-09-26 19:05:45,500][INFO|database.py-upgrade_schema:285] >> 테이블 'mysafetydetail_parking' 생성 중...
[2026-09-26 19:05:45,503][INFO|database.py-upgrade_schema:285] >> 테이블 'mysafetydetail_traffic' 생성 중...
[2026-09-26 19:05:45,505][INFO|database.py-upgrade_schema:285] >> 테이블 'mysafetymerge_other' 생성 중...
[2026-09-26 19:05:45,508][INFO|database.py-upgrade_schema:285] >> 테이블 'mysafetymerge_parking' 생성 중...
[2026-09-26 19:05:45,512][INFO|database.py-upgrade_schema:285] >> 테이블 'mysafetymerge_traffic' 생성 중...
[2026-09-26 19:05:45,517][INFO|database.py-_apply_versioned_migrations:452] >> [schema] DB 스키마 버전 1 적용
[2026-09-26 19:05:45,522][INFO|database.py-_apply_versioned_migrations:452] >> [schema] DB 스키마 버전 2 적용
[2026-09-26 19:05:45,524][INFO|database.py-_apply_versioned_migrations:452] >> [schema] DB 스키마 버전 3 적용
[2026-09-26 19:05:45,538][INFO|database.py-_apply_versioned_migrations:452] >> [schema] DB 스키마 버전 4 적용
[2026-09-26 19:05:45,554][INFO|duplicate_group_service.py-_log_info:53] >> [duplicate] payload exact 중복군 0개, 멤버 0건 재생성
[2026-09-26 19:05:45,591][INFO|database.py-backfill_synced_at:100] >> [migration] mysafetydetail_traffic synced_at 백필: 12건, 미해결 0건
[2026-09-26 19:05:45,597][INFO|database.py-backfill_synced_at:100] >> [migration] mysafetydetail_parking synced_at 백필: 6건, 미해결 0건
[2026-09-26 19:05:45,602][INFO|database.py-backfill_synced_at:100] >> [migration] mysafetydetail_other synced_at 백필: 6건, 미해결 0건
[2026-09-26 19:05:45,604][INFO|database.py-backfill_synced_at:105] >> [migration] synced_at 백필 완료: 총 24건 갱신, merge 재생성 시작
[2026-09-26 19:05:45,612][INFO|database.py-merge_final:736] >> 최종 데이터 병합 완료 (Traffic/Parking/Other 분리)
[2026-09-26 19:05:45,647][INFO|duplicate_group_service.py-_log_info:53] >> [duplicate] payload exact 중복군 1개, 멤버 2건 재생성
[2026-09-26 19:05:45,657][INFO|database.py-merge_final:736] >> 최종 데이터 병합 완료 (Traffic/Parking/Other 분리)
[2026-09-26 19:05:45,690][INFO|duplicate_group_service.py-_log_info:53] >> [duplicate] payload exact 중복군 1개, 멤버 2건 재생성
.[2026-09-26 19:05:45,982][INFO|database.py-upgrade_schema:285] >> 테이블 'admin_users' 생성 중...
[2026-09-26 19:05:45,987][INFO|database.py-upgrade_schema:285] >> 테이블 'api_keys' 생성 중...
[2026-09-26 19:05:45,990][INFO|database.py-upgrade_schema:285] >> 테이블 'mysafety' 생성 중...
[2026-09-26 19:05:45,992][INFO|database.py-upgrade_schema:285] >> 테이블 'mysafety_change_cursor' 생성 중...
[2026-09-26 19:05:45,996][INFO|database.py-upgrade_schema:285] >> 테이블 'mysafety_change_log' 생성 중...
[2026-09-26 19:05:45,998][INFO|database.py-upgrade_schema:285] >> 테이블 'mysafety_duplicate_decision' 생성 중...
[2026-09-26 19:05:46,000][INFO|database.py-upgrade_schema:285] >> 테이블 'mysafety_duplicate_group' 생성 중...
[2026-09-26 19:05:46,002][INFO|database.py-upgrade_schema:285] >> 테이블 'mysafety_duplicate_member' 생성 중...
[2026-09-26 19:05:46,008][INFO|database.py-upgrade_schema:285] >> 테이블 'mysafety_entry_value' 생성 중...
[2026-09-26 19:05:46,011][INFO|database.py-upgrade_schema:285] >> 테이블 'mysafety_geocode_cache' 생성 중...
[2026-09-26 19:05:46,020][INFO|database.py-upgrade_schema:285] >> 테이블 'mysafety_raw_content' 생성 중...
[2026-09-26 19:05:46,023][INFO|database.py-upgrade_schema:285] >> 테이블 'mysafety_report_override' 생성 중...
[2026-09-26 19:05:46,025][INFO|database.py-upgrade_schema:285] >> 테이블 'mysafety_sync_meta' 생성 중...
[2026-09-26 19:05:46,027][INFO|database.py-upgrade_schema:285] >> 테이블 'mysafety_watchlist' 생성 중...
[2026-09-26 19:05:46,035][INFO|database.py-upgrade_schema:285] >> 테이블 'mysafetydetail_other' 생성 중...
[2026-09-26 19:05:46,040][INFO|database.py-upgrade_schema:285] >> 테이블 'mysafetydetail_parking' 생성 중...
[2026-09-26 19:05:46,043][INFO|database.py-upgrade_schema:285] >> 테이블 'mysafetydetail_traffic' 생성 중...
[2026-09-26 19:05:46,046][INFO|database.py-upgrade_schema:285] >> 테이블 'mysafetymerge_other' 생성 중...
[2026-09-26 19:05:46,048][INFO|database.py-upgrade_schema:285] >> 테이블 'mysafetymerge_parking' 생성 중...
[2026-09-26 19:05:46,050][INFO|database.py-upgrade_schema:285] >> 테이블 'mysafetymerge_traffic' 생성 중...
[2026-09-26 19:05:46,054][INFO|database.py-_apply_versioned_migrations:452] >> [schema] DB 스키마 버전 1 적용
[2026-09-26 19:05:46,065][INFO|database.py-_apply_versioned_migrations:452] >> [schema] DB 스키마 버전 2 적용
[2026-09-26 19:05:46,071][INFO|database.py-_apply_versioned_migrations:452] >> [schema] DB 스키마 버전 3 적용
[2026-09-26 19:05:46,091][INFO|database.py-_apply_versioned_migrations:452] >> [schema] DB 스키마 버전 4 적용
[2026-09-26 19:05:46,104][INFO|duplicate_group_service.py-_log_info:53] >> [duplicate] payload exact 중복군 0개, 멤버 0건 재생성
[2026-09-26 19:05:46,142][INFO|database.py-backfill_synced_at:100] >> [migration] mysafetydetail_traffic synced_at 백필: 12건, 미해결 0건
[2026-09-26 19:05:46,145][INFO|database.py-backfill_synced_at:100] >> [migration] mysafetydetail_parking synced_at 백필: 6건, 미해결 0건
[2026-09-26 19:05:46,148][INFO|database.py-backfill_synced_at:100] >> [migration] mysafetydetail_other synced_at 백필: 6건, 미해결 0건
[2026-09-26 19:05:46,150][INFO|database.py-backfill_synced_at:105] >> [migration] synced_at 백필 완료: 총 24건 갱신, merge 재생성 시작
[2026-09-26 19:05:46,156][INFO|database.py-merge_final:736] >> 최종 데이터 병합 완료 (Traffic/Parking/Other 분리)
/home/better0101/projects/safetyreport/.venv/lib/python3.14/site-packages/pandas/core/arrays/string_.py:789: ResourceWarning: unclosed file <_io.FileIO name='/tmp/claude-1000/-home-better0101-projects-safetyreport/aa9d30e6-e7a5-4376-8fce-c9fb26682fbe/scratchpad/tmp.85iy7vc2dN/logs/current_crawl.log' mode='ab' closefd=True>
  new_string_array = cls.__new__(cls)
ResourceWarning: Enable tracemalloc to get the object allocation traceback
[2026-09-26 19:05:46,185][INFO|duplicate_group_service.py-_log_info:53] >> [duplicate] payload exact 중복군 1개, 멤버 2건 재생성
[2026-09-26 19:05:46,195][INFO|database.py-merge_final:736] >> 최종 데이터 병합 완료 (Traffic/Parking/Other 분리)
[2026-09-26 19:05:46,222][INFO|duplicate_group_service.py-_log_info:53] >> [duplicate] payload exact 중복군 1개, 멤버 2건 재생성
[2026-09-26 19:05:46,433][INFO|database.py-_normalize_processing_layers:188] >> [migration] raw/canonical 상태 정규화 완료: 총 5건 갱신
[2026-09-26 19:05:46,446][INFO|database.py-merge_final:736] >> 최종 데이터 병합 완료 (Traffic/Parking/Other 분리)
[2026-09-26 19:05:46,475][INFO|duplicate_group_service.py-_log_info:53] >> [duplicate] payload exact 중복군 1개, 멤버 2건 재생성
[2026-09-26 19:05:46,496][INFO|database.py-merge_final:736] >> 최종 데이터 병합 완료 (Traffic/Parking/Other 분리)
[2026-09-26 19:05:46,508][INFO|duplicate_group_service.py-_log_info:53] >> [duplicate] payload exact 중복군 0개, 멤버 0건 재생성
[2026-09-26 19:05:47,032][INFO|exchange.py-_restore_exclusive:413] >> mobile DB 복원 완료. 백업: /tmp/claude-1000/-home-better0101-projects-safetyreport/aa9d30e6-e7a5-4376-8fce-c9fb26682fbe/scratchpad/tmp.85iy7vc2dN/backups/data_before_restore_20260926_190546.db, 신고건수: 1
.[2026-09-26 19:05:47,044][INFO|database.py-upgrade_schema:285] >> 테이블 'admin_users' 생성 중...
[2026-09-26 19:05:47,050][INFO|database.py-upgrade_schema:285] >> 테이블 'api_keys' 생성 중...
[2026-09-26 19:05:47,052][INFO|database.py-upgrade_schema:285] >> 테이블 'mysafety' 생성 중...
[2026-09-26 19:05:47,057][INFO|database.py-upgrade_schema:285] >> 테이블 'mysafety_change_cursor' 생성 중...
[2026-09-26 19:05:47,060][INFO|database.py-upgrade_schema:285] >> 테이블 'mysafety_change_log' 생성 중...
[2026-09-26 19:05:47,063][INFO|database.py-upgrade_schema:285] >> 테이블 'mysafety_duplicate_decision' 생성 중...
[2026-09-26 19:05:47,065][INFO|database.py-upgrade_schema:285] >> 테이블 'mysafety_duplicate_group' 생성 중...
[2026-09-26 19:05:47,066][INFO|database.py-upgrade_schema:285] >> 테이블 'mysafety_duplicate_member' 생성 중...
[2026-09-26 19:05:47,068][INFO|database.py-upgrade_schema:285] >> 테이블 'mysafety_entry_value' 생성 중...
[2026-09-26 19:05:47,069][INFO|database.py-upgrade_schema:285] >> 테이블 'mysafety_geocode_cache' 생성 중...
[2026-09-26 19:05:47,071][INFO|database.py-upgrade_schema:285] >> 테이블 'mysafety_raw_content' 생성 중...
[2026-09-26 19:05:47,072][INFO|database.py-upgrade_schema:285] >> 테이블 'mysafety_report_override' 생성 중...
[2026-09-26 19:05:47,074][INFO|database.py-upgrade_schema:285] >> 테이블 'mysafety_sync_meta' 생성 중...
[2026-09-26 19:05:47,076][INFO|database.py-upgrade_schema:285] >> 테이블 'mysafety_watchlist' 생성 중...
[2026-09-26 19:05:47,077][INFO|database.py-upgrade_schema:285] >> 테이블 'mysafetydetail_other' 생성 중...
[2026-09-26 19:05:47,082][INFO|database.py-upgrade_schema:285] >> 테이블 'mysafetydetail_parking' 생성 중...
[2026-09-26 19:05:47,084][INFO|database.py-upgrade_schema:285] >> 테이블 'mysafetydetail_traffic' 생성 중...
[2026-09-26 19:05:47,088][INFO|database.py-upgrade_schema:285] >> 테이블 'mysafetymerge_other' 생성 중...
[2026-09-26 19:05:47,092][INFO|database.py-upgrade_schema:285] >> 테이블 'mysafetymerge_parking' 생성 중...
[2026-09-26 19:05:47,095][INFO|database.py-upgrade_schema:285] >> 테이블 'mysafetymerge_traffic' 생성 중...
[2026-09-26 19:05:47,101][INFO|database.py-_apply_versioned_migrations:452] >> [schema] DB 스키마 버전 1 적용
[2026-09-26 19:05:47,106][INFO|database.py-_apply_versioned_migrations:452] >> [schema] DB 스키마 버전 2 적용
[2026-09-26 19:05:47,108][INFO|database.py-_apply_versioned_migrations:452] >> [schema] DB 스키마 버전 3 적용
[2026-09-26 19:05:47,124][INFO|database.py-_apply_versioned_migrations:452] >> [schema] DB 스키마 버전 4 적용
[2026-09-26 19:05:47,140][INFO|duplicate_group_service.py-_log_info:53] >> [duplicate] payload exact 중복군 0개, 멤버 0건 재생성
[2026-09-26 19:05:47,176][INFO|database.py-backfill_synced_at:100] >> [migration] mysafetydetail_traffic synced_at 백필: 12건, 미해결 0건
[2026-09-26 19:05:47,179][INFO|database.py-backfill_synced_at:100] >> [migration] mysafetydetail_parking synced_at 백필: 6건, 미해결 0건
[2026-09-26 19:05:47,183][INFO|database.py-backfill_synced_at:100] >> [migration] mysafetydetail_other synced_at 백필: 6건, 미해결 0건
[2026-09-26 19:05:47,188][INFO|database.py-backfill_synced_at:105] >> [migration] synced_at 백필 완료: 총 24건 갱신, merge 재생성 시작
[2026-09-26 19:05:47,195][INFO|database.py-merge_final:736] >> 최종 데이터 병합 완료 (Traffic/Parking/Other 분리)
[2026-09-26 19:05:47,222][INFO|duplicate_group_service.py-_log_info:53] >> [duplicate] payload exact 중복군 1개, 멤버 2건 재생성
[2026-09-26 19:05:47,231][INFO|database.py-merge_final:736] >> 최종 데이터 병합 완료 (Traffic/Parking/Other 분리)
[2026-09-26 19:05:47,255][INFO|duplicate_group_service.py-_log_info:53] >> [duplicate] payload exact 중복군 1개, 멤버 2건 재생성
[2026-09-26 19:05:47,388][INFO|crawl_manager.py-launch_pending_crawl:413] >> [crawl] 대기 큐 1건 보류: COMMUNITY_REBUILD_REQUIRED
.[2026-09-26 19:05:47,504][INFO|database.py-upgrade_schema:285] >> 테이블 'admin_users' 생성 중...
[2026-09-26 19:05:47,512][INFO|database.py-upgrade_schema:285] >> 테이블 'api_keys' 생성 중...
[2026-09-26 19:05:47,514][INFO|database.py-upgrade_schema:285] >> 테이블 'mysafety' 생성 중...
[2026-09-26 19:05:47,516][INFO|database.py-upgrade_schema:285] >> 테이블 'mysafety_change_cursor' 생성 중...
[2026-09-26 19:05:47,518][INFO|database.py-upgrade_schema:285] >> 테이블 'mysafety_change_log' 생성 중...
[2026-09-26 19:05:47,519][INFO|database.py-upgrade_schema:285] >> 테이블 'mysafety_duplicate_decision' 생성 중...
[2026-09-26 19:05:47,521][INFO|database.py-upgrade_schema:285] >> 테이블 'mysafety_duplicate_group' 생성 중...
[2026-09-26 19:05:47,522][INFO|database.py-upgrade_schema:285] >> 테이블 'mysafety_duplicate_member' 생성 중...
[2026-09-26 19:05:47,524][INFO|database.py-upgrade_schema:285] >> 테이블 'mysafety_entry_value' 생성 중...
[2026-09-26 19:05:47,526][INFO|database.py-upgrade_schema:285] >> 테이블 'mysafety_geocode_cache' 생성 중...
[2026-09-26 19:05:47,529][INFO|database.py-upgrade_schema:285] >> 테이블 'mysafety_raw_content' 생성 중...
[2026-09-26 19:05:47,530][INFO|database.py-upgrade_schema:285] >> 테이블 'mysafety_report_override' 생성 중...
[2026-09-26 19:05:47,532][INFO|database.py-upgrade_schema:285] >> 테이블 'mysafety_sync_meta' 생성 중...
[2026-09-26 19:05:47,535][INFO|database.py-upgrade_schema:285] >> 테이블 'mysafety_watchlist' 생성 중...
[2026-09-26 19:05:47,537][INFO|database.py-upgrade_schema:285] >> 테이블 'mysafetydetail_other' 생성 중...
[2026-09-26 19:05:47,539][INFO|database.py-upgrade_schema:285] >> 테이블 'mysafetydetail_parking' 생성 중...
[2026-09-26 19:05:47,544][INFO|database.py-upgrade_schema:285] >> 테이블 'mysafetydetail_traffic' 생성 중...
[2026-09-26 19:05:47,546][INFO|database.py-upgrade_schema:285] >> 테이블 'mysafetymerge_other' 생성 중...
[2026-09-26 19:05:47,551][INFO|database.py-upgrade_schema:285] >> 테이블 'mysafetymerge_parking' 생성 중...
[2026-09-26 19:05:47,555][INFO|database.py-upgrade_schema:285] >> 테이블 'mysafetymerge_traffic' 생성 중...
[2026-09-26 19:05:47,560][INFO|database.py-_apply_versioned_migrations:452] >> [schema] DB 스키마 버전 1 적용
[2026-09-26 19:05:47,568][INFO|database.py-_apply_versioned_migrations:452] >> [schema] DB 스키마 버전 2 적용
[2026-09-26 19:05:47,570][INFO|database.py-_apply_versioned_migrations:452] >> [schema] DB 스키마 버전 3 적용
[2026-09-26 19:05:47,586][INFO|database.py-_apply_versioned_migrations:452] >> [schema] DB 스키마 버전 4 적용
[2026-09-26 19:05:47,602][INFO|duplicate_group_service.py-_log_info:53] >> [duplicate] payload exact 중복군 0개, 멤버 0건 재생성
[2026-09-26 19:05:47,646][INFO|database.py-backfill_synced_at:100] >> [migration] mysafetydetail_traffic synced_at 백필: 12건, 미해결 0건
[2026-09-26 19:05:47,650][INFO|database.py-backfill_synced_at:100] >> [migration] mysafetydetail_parking synced_at 백필: 6건, 미해결 0건
[2026-09-26 19:05:47,653][INFO|database.py-backfill_synced_at:100] >> [migration] mysafetydetail_other synced_at 백필: 6건, 미해결 0건
[2026-09-26 19:05:47,655][INFO|database.py-backfill_synced_at:105] >> [migration] synced_at 백필 완료: 총 24건 갱신, merge 재생성 시작
[2026-09-26 19:05:47,665][INFO|database.py-merge_final:736] >> 최종 데이터 병합 완료 (Traffic/Parking/Other 분리)
[2026-09-26 19:05:47,693][INFO|duplicate_group_service.py-_log_info:53] >> [duplicate] payload exact 중복군 1개, 멤버 2건 재생성
[2026-09-26 19:05:47,707][INFO|database.py-merge_final:736] >> 최종 데이터 병합 완료 (Traffic/Parking/Other 분리)
[2026-09-26 19:05:47,734][INFO|duplicate_group_service.py-_log_info:53] >> [duplicate] payload exact 중복군 1개, 멤버 2건 재생성
[2026-09-26 19:05:47,964][INFO|database.py-_normalize_processing_layers:188] >> [migration] raw/canonical 상태 정규화 완료: 총 5건 갱신
[2026-09-26 19:05:47,977][INFO|database.py-merge_final:736] >> 최종 데이터 병합 완료 (Traffic/Parking/Other 분리)
/home/better0101/projects/safetyreport/.venv/lib/python3.14/site-packages/pandas/_config/config.py:703: ResourceWarning: unclosed database in <sqlite3.Connection object at 0x76be843f2c50>
  def _translate_key(key: str) -> str:
ResourceWarning: Enable tracemalloc to get the object allocation traceback
[2026-09-26 19:05:48,018][INFO|duplicate_group_service.py-_log_info:53] >> [duplicate] payload exact 중복군 1개, 멤버 2건 재생성
[2026-09-26 19:05:48,044][INFO|database.py-merge_final:736] >> 최종 데이터 병합 완료 (Traffic/Parking/Other 분리)
[2026-09-26 19:05:48,060][INFO|duplicate_group_service.py-_log_info:53] >> [duplicate] payload exact 중복군 0개, 멤버 0건 재생성
[2026-09-26 19:05:48,084][INFO|crawl_manager.py-launch_pending_crawl:436] >> [crawl] 대기 큐 2건 보류: DB 복원이 진행 중입니다. 끝난 뒤 다시 시작하세요.
[2026-09-26 19:05:48,094][INFO|exchange.py-_restore_exclusive:413] >> mobile DB 복원 완료. 백업: /tmp/claude-1000/-home-better0101-projects-safetyreport/aa9d30e6-e7a5-4376-8fce-c9fb26682fbe/scratchpad/tmp.85iy7vc2dN/backups/data_before_restore_20260926_190548.db, 신고건수: 1
[2026-09-26 19:05:48,095][INFO|crawl_manager.py-launch_pending_crawl:413] >> [crawl] 대기 큐 2건 보류: COMMUNITY_REBUILD_REQUIRED
.[2026-09-26 19:05:48,103][INFO|database.py-upgrade_schema:285] >> 테이블 'admin_users' 생성 중...
[2026-09-26 19:05:48,105][INFO|database.py-upgrade_schema:285] >> 테이블 'api_keys' 생성 중...
[2026-09-26 19:05:48,107][INFO|database.py-upgrade_schema:285] >> 테이블 'mysafety' 생성 중...
[2026-09-26 19:05:48,108][INFO|database.py-upgrade_schema:285] >> 테이블 'mysafety_change_cursor' 생성 중...
[2026-09-26 19:05:48,110][INFO|database.py-upgrade_schema:285] >> 테이블 'mysafety_change_log' 생성 중...
[2026-09-26 19:05:48,111][INFO|database.py-upgrade_schema:285] >> 테이블 'mysafety_duplicate_decision' 생성 중...
[2026-09-26 19:05:48,113][INFO|database.py-upgrade_schema:285] >> 테이블 'mysafety_duplicate_group' 생성 중...
[2026-09-26 19:05:48,114][INFO|database.py-upgrade_schema:285] >> 테이블 'mysafety_duplicate_member' 생성 중...
[2026-09-26 19:05:48,116][INFO|database.py-upgrade_schema:285] >> 테이블 'mysafety_entry_value' 생성 중...
[2026-09-26 19:05:48,117][INFO|database.py-upgrade_schema:285] >> 테이블 'mysafety_geocode_cache' 생성 중...
[2026-09-26 19:05:48,122][INFO|database.py-upgrade_schema:285] >> 테이블 'mysafety_raw_content' 생성 중...
[2026-09-26 19:05:48,124][INFO|database.py-upgrade_schema:285] >> 테이블 'mysafety_report_override' 생성 중...
[2026-09-26 19:05:48,126][INFO|database.py-upgrade_schema:285] >> 테이블 'mysafety_sync_meta' 생성 중...
[2026-09-26 19:05:48,130][INFO|database.py-upgrade_schema:285] >> 테이블 'mysafety_watchlist' 생성 중...
[2026-09-26 19:05:48,134][INFO|database.py-upgrade_schema:285] >> 테이블 'mysafetydetail_other' 생성 중...
[2026-09-26 19:05:48,136][INFO|database.py-upgrade_schema:285] >> 테이블 'mysafetydetail_parking' 생성 중...
[2026-09-26 19:05:48,138][INFO|database.py-upgrade_schema:285] >> 테이블 'mysafetydetail_traffic' 생성 중...
[2026-09-26 19:05:48,140][INFO|database.py-upgrade_schema:285] >> 테이블 'mysafetymerge_other' 생성 중...
[2026-09-26 19:05:48,142][INFO|database.py-upgrade_schema:285] >> 테이블 'mysafetymerge_parking' 생성 중...
[2026-09-26 19:05:48,143][INFO|database.py-upgrade_schema:285] >> 테이블 'mysafetymerge_traffic' 생성 중...
[2026-09-26 19:05:48,151][INFO|database.py-_apply_versioned_migrations:452] >> [schema] DB 스키마 버전 1 적용
[2026-09-26 19:05:48,163][INFO|database.py-_apply_versioned_migrations:452] >> [schema] DB 스키마 버전 2 적용
[2026-09-26 19:05:48,166][INFO|database.py-_apply_versioned_migrations:452] >> [schema] DB 스키마 버전 3 적용
[2026-09-26 19:05:48,176][INFO|database.py-_apply_versioned_migrations:452] >> [schema] DB 스키마 버전 4 적용
[2026-09-26 19:05:48,192][INFO|duplicate_group_service.py-_log_info:53] >> [duplicate] payload exact 중복군 0개, 멤버 0건 재생성
[2026-09-26 19:05:48,231][INFO|database.py-backfill_synced_at:100] >> [migration] mysafetydetail_traffic synced_at 백필: 12건, 미해결 0건
[2026-09-26 19:05:48,235][INFO|database.py-backfill_synced_at:100] >> [migration] mysafetydetail_parking synced_at 백필: 6건, 미해결 0건
[2026-09-26 19:05:48,239][INFO|database.py-backfill_synced_at:100] >> [migration] mysafetydetail_other synced_at 백필: 6건, 미해결 0건
[2026-09-26 19:05:48,240][INFO|database.py-backfill_synced_at:105] >> [migration] synced_at 백필 완료: 총 24건 갱신, merge 재생성 시작
[2026-09-26 19:05:48,247][INFO|database.py-merge_final:736] >> 최종 데이터 병합 완료 (Traffic/Parking/Other 분리)
/home/better0101/projects/safetyreport/.venv/lib/python3.14/site-packages/pandas/core/internals/managers.py:2410: ResourceWarning: unclosed database in <sqlite3.Connection object at 0x76beb8dcfc40>
  block_type(x[1], placement=BlockPlacement(x[0]), ndim=2)
ResourceWarning: Enable tracemalloc to get the object allocation traceback
[2026-09-26 19:05:48,274][INFO|duplicate_group_service.py-_log_info:53] >> [duplicate] payload exact 중복군 1개, 멤버 2건 재생성
[2026-09-26 19:05:48,288][INFO|database.py-merge_final:736] >> 최종 데이터 병합 완료 (Traffic/Parking/Other 분리)
[2026-09-26 19:05:48,314][INFO|duplicate_group_service.py-_log_info:53] >> [duplicate] payload exact 중복군 1개, 멤버 2건 재생성
[2026-09-26 19:05:48,536][INFO|database.py-_normalize_processing_layers:188] >> [migration] raw/canonical 상태 정규화 완료: 총 5건 갱신
[2026-09-26 19:05:48,550][INFO|database.py-merge_final:736] >> 최종 데이터 병합 완료 (Traffic/Parking/Other 분리)
[2026-09-26 19:05:48,581][INFO|duplicate_group_service.py-_log_info:53] >> [duplicate] payload exact 중복군 1개, 멤버 2건 재생성
[2026-09-26 19:05:48,601][INFO|database.py-merge_final:736] >> 최종 데이터 병합 완료 (Traffic/Parking/Other 분리)
[2026-09-26 19:05:48,620][INFO|duplicate_group_service.py-_log_info:53] >> [duplicate] payload exact 중복군 1개, 멤버 2건 재생성
[2026-09-26 19:05:48,651][INFO|exchange.py-_restore_exclusive:413] >> mobile DB 복원 완료. 백업: /tmp/claude-1000/-home-better0101-projects-safetyreport/aa9d30e6-e7a5-4376-8fce-c9fb26682fbe/scratchpad/tmp.85iy7vc2dN/backups/data_before_restore_20260926_190548.db, 신고건수: 2
.[2026-09-26 19:05:48,662][INFO|database.py-upgrade_schema:285] >> 테이블 'admin_users' 생성 중...
[2026-09-26 19:05:48,670][INFO|database.py-upgrade_schema:285] >> 테이블 'api_keys' 생성 중...
[2026-09-26 19:05:48,673][INFO|database.py-upgrade_schema:285] >> 테이블 'mysafety' 생성 중...
[2026-09-26 19:05:48,675][INFO|database.py-upgrade_schema:285] >> 테이블 'mysafety_change_cursor' 생성 중...
[2026-09-26 19:05:48,676][INFO|database.py-upgrade_schema:285] >> 테이블 'mysafety_change_log' 생성 중...
[2026-09-26 19:05:48,678][INFO|database.py-upgrade_schema:285] >> 테이블 'mysafety_duplicate_decision' 생성 중...
[2026-09-26 19:05:48,680][INFO|database.py-upgrade_schema:285] >> 테이블 'mysafety_duplicate_group' 생성 중...
[2026-09-26 19:05:48,682][INFO|database.py-upgrade_schema:285] >> 테이블 'mysafety_duplicate_member' 생성 중...
[2026-09-26 19:05:48,685][INFO|database.py-upgrade_schema:285] >> 테이블 'mysafety_entry_value' 생성 중...
[2026-09-26 19:05:48,687][INFO|database.py-upgrade_schema:285] >> 테이블 'mysafety_geocode_cache' 생성 중...
[2026-09-26 19:05:48,689][INFO|database.py-upgrade_schema:285] >> 테이블 'mysafety_raw_content' 생성 중...
[2026-09-26 19:05:48,690][INFO|database.py-upgrade_schema:285] >> 테이블 'mysafety_report_override' 생성 중...
[2026-09-26 19:05:48,697][INFO|database.py-upgrade_schema:285] >> 테이블 'mysafety_sync_meta' 생성 중...
[2026-09-26 19:05:48,700][INFO|database.py-upgrade_schema:285] >> 테이블 'mysafety_watchlist' 생성 중...
[2026-09-26 19:05:48,702][INFO|database.py-upgrade_schema:285] >> 테이블 'mysafetydetail_other' 생성 중...
[2026-09-26 19:05:48,704][INFO|database.py-upgrade_schema:285] >> 테이블 'mysafetydetail_parking' 생성 중...
[2026-09-26 19:05:48,706][INFO|database.py-upgrade_schema:285] >> 테이블 'mysafetydetail_traffic' 생성 중...
[2026-09-26 19:05:48,708][INFO|database.py-upgrade_schema:285] >> 테이블 'mysafetymerge_other' 생성 중...
[2026-09-26 19:05:48,710][INFO|database.py-upgrade_schema:285] >> 테이블 'mysafetymerge_parking' 생성 중...
[2026-09-26 19:05:48,713][INFO|database.py-upgrade_schema:285] >> 테이블 'mysafetymerge_traffic' 생성 중...
[2026-09-26 19:05:48,717][INFO|database.py-_apply_versioned_migrations:452] >> [schema] DB 스키마 버전 1 적용
[2026-09-26 19:05:48,722][INFO|database.py-_apply_versioned_migrations:452] >> [schema] DB 스키마 버전 2 적용
[2026-09-26 19:05:48,724][INFO|database.py-_apply_versioned_migrations:452] >> [schema] DB 스키마 버전 3 적용
[2026-09-26 19:05:48,745][INFO|database.py-_apply_versioned_migrations:452] >> [schema] DB 스키마 버전 4 적용
[2026-09-26 19:05:48,764][INFO|duplicate_group_service.py-_log_info:53] >> [duplicate] payload exact 중복군 0개, 멤버 0건 재생성
[2026-09-26 19:05:48,803][INFO|database.py-backfill_synced_at:100] >> [migration] mysafetydetail_traffic synced_at 백필: 12건, 미해결 0건
[2026-09-26 19:05:48,807][INFO|database.py-backfill_synced_at:100] >> [migration] mysafetydetail_parking synced_at 백필: 6건, 미해결 0건
[2026-09-26 19:05:48,811][INFO|database.py-backfill_synced_at:100] >> [migration] mysafetydetail_other synced_at 백필: 6건, 미해결 0건
[2026-09-26 19:05:48,813][INFO|database.py-backfill_synced_at:105] >> [migration] synced_at 백필 완료: 총 24건 갱신, merge 재생성 시작
[2026-09-26 19:05:48,820][INFO|database.py-merge_final:736] >> 최종 데이터 병합 완료 (Traffic/Parking/Other 분리)
[2026-09-26 19:05:48,848][INFO|duplicate_group_service.py-_log_info:53] >> [duplicate] payload exact 중복군 1개, 멤버 2건 재생성
[2026-09-26 19:05:48,857][INFO|database.py-merge_final:736] >> 최종 데이터 병합 완료 (Traffic/Parking/Other 분리)
[2026-09-26 19:05:48,887][INFO|duplicate_group_service.py-_log_info:53] >> [duplicate] payload exact 중복군 1개, 멤버 2건 재생성
[2026-09-26 19:05:49,113][INFO|database.py-_normalize_processing_layers:188] >> [migration] raw/canonical 상태 정규화 완료: 총 5건 갱신
[2026-09-26 19:05:49,127][INFO|database.py-merge_final:736] >> 최종 데이터 병합 완료 (Traffic/Parking/Other 분리)
[2026-09-26 19:05:49,158][INFO|duplicate_group_service.py-_log_info:53] >> [duplicate] payload exact 중복군 1개, 멤버 2건 재생성
[2026-09-26 19:05:49,179][INFO|database.py-merge_final:736] >> 최종 데이터 병합 완료 (Traffic/Parking/Other 분리)
[2026-09-26 19:05:49,194][INFO|duplicate_group_service.py-_log_info:53] >> [duplicate] payload exact 중복군 0개, 멤버 0건 재생성
[2026-09-26 19:05:49,213][INFO|exchange.py-_restore_exclusive:413] >> mobile DB 복원 완료. 백업: /tmp/claude-1000/-home-better0101-projects-safetyreport/aa9d30e6-e7a5-4376-8fce-c9fb26682fbe/scratchpad/tmp.85iy7vc2dN/backups/data_before_restore_20260926_190549.db, 신고건수: 1
[2026-09-26 19:05:49,235][INFO|database.py-migrate_by_entry_value:254] >> [migrate] ID=m1 traffic → other (entry_value: 이전 값)
[2026-09-26 19:05:49,238][INFO|database.py-migrate_by_entry_value:261] >> [migrate] entry_value 기반 1건 재분류 완료. merge_final 재실행.
[2026-09-26 19:05:49,258][INFO|database.py-merge_final:736] >> 최종 데이터 병합 완료 (Traffic/Parking/Other 분리)
[2026-09-26 19:05:49,274][INFO|duplicate_group_service.py-_log_info:53] >> [duplicate] payload exact 중복군 0개, 멤버 0건 재생성
[2026-09-26 19:05:49,279][INFO|database.py-backfill_synced_at:100] >> [migration] mysafetydetail_other synced_at 백필: 1건, 미해결 0건
[2026-09-26 19:05:49,280][INFO|database.py-backfill_synced_at:105] >> [migration] synced_at 백필 완료: 총 1건 갱신, merge 재생성 시작
[2026-09-26 19:05:49,286][INFO|database.py-merge_final:736] >> 최종 데이터 병합 완료 (Traffic/Parking/Other 분리)
[2026-09-26 19:05:49,297][INFO|duplicate_group_service.py-_log_info:53] >> [duplicate] payload exact 중복군 0개, 멤버 0건 재생성
[2026-09-26 19:05:49,328][INFO|duplicate_group_service.py-_log_info:53] >> [duplicate] payload exact 중복군 0개, 멤버 0건 재생성
[2026-09-26 19:05:49,349][INFO|database.py-merge_final:736] >> 최종 데이터 병합 완료 (Traffic/Parking/Other 분리)
[2026-09-26 19:05:49,362][INFO|duplicate_group_service.py-_log_info:53] >> [duplicate] payload exact 중복군 0개, 멤버 0건 재생성
[2026-09-26 19:05:49,380][INFO|exchange.py-_restore_exclusive:413] >> mobile DB 복원 완료. 백업: /tmp/claude-1000/-home-better0101-projects-safetyreport/aa9d30e6-e7a5-4376-8fce-c9fb26682fbe/scratchpad/tmp.85iy7vc2dN/backups/data_before_restore_20260926_190549.db, 신고건수: 1
[2026-09-26 19:05:49,412][INFO|database.py-migrate_by_entry_value:254] >> [migrate] ID=m1 traffic → other (entry_value: 이전 값)
[2026-09-26 19:05:49,415][INFO|database.py-migrate_by_entry_value:261] >> [migrate] entry_value 기반 1건 재분류 완료. merge_final 재실행.
[2026-09-26 19:05:49,432][INFO|database.py-merge_final:736] >> 최종 데이터 병합 완료 (Traffic/Parking/Other 분리)
[2026-09-26 19:05:49,450][INFO|duplicate_group_service.py-_log_info:53] >> [duplicate] payload exact 중복군 0개, 멤버 0건 재생성
[2026-09-26 19:05:49,454][INFO|database.py-backfill_synced_at:100] >> [migration] mysafetydetail_other synced_at 백필: 1건, 미해결 0건
[2026-09-26 19:05:49,456][INFO|database.py-backfill_synced_at:105] >> [migration] synced_at 백필 완료: 총 1건 갱신, merge 재생성 시작
[2026-09-26 19:05:49,464][INFO|database.py-merge_final:736] >> 최종 데이터 병합 완료 (Traffic/Parking/Other 분리)
[2026-09-26 19:05:49,479][INFO|duplicate_group_service.py-_log_info:53] >> [duplicate] payload exact 중복군 0개, 멤버 0건 재생성
[2026-09-26 19:05:49,512][INFO|duplicate_group_service.py-_log_info:53] >> [duplicate] payload exact 중복군 0개, 멤버 0건 재생성
[2026-09-26 19:05:49,531][INFO|database.py-merge_final:736] >> 최종 데이터 병합 완료 (Traffic/Parking/Other 분리)
[2026-09-26 19:05:49,543][INFO|duplicate_group_service.py-_log_info:53] >> [duplicate] payload exact 중복군 0개, 멤버 0건 재생성
[2026-09-26 19:05:49,562][INFO|exchange.py-_restore_exclusive:413] >> mobile DB 복원 완료. 백업: /tmp/claude-1000/-home-better0101-projects-safetyreport/aa9d30e6-e7a5-4376-8fce-c9fb26682fbe/scratchpad/tmp.85iy7vc2dN/backups/data_before_restore_20260926_190549.db, 신고건수: 1
.[2026-09-26 19:05:49,576][INFO|database.py-upgrade_schema:285] >> 테이블 'admin_users' 생성 중...
[2026-09-26 19:05:49,581][INFO|database.py-upgrade_schema:285] >> 테이블 'api_keys' 생성 중...
[2026-09-26 19:05:49,588][INFO|database.py-upgrade_schema:285] >> 테이블 'mysafety' 생성 중...
[2026-09-26 19:05:49,590][INFO|database.py-upgrade_schema:285] >> 테이블 'mysafety_change_cursor' 생성 중...
[2026-09-26 19:05:49,592][INFO|database.py-upgrade_schema:285] >> 테이블 'mysafety_change_log' 생성 중...
[2026-09-26 19:05:49,594][INFO|database.py-upgrade_schema:285] >> 테이블 'mysafety_duplicate_decision' 생성 중...
[2026-09-26 19:05:49,596][INFO|database.py-upgrade_schema:285] >> 테이블 'mysafety_duplicate_group' 생성 중...
[2026-09-26 19:05:49,599][INFO|database.py-upgrade_schema:285] >> 테이블 'mysafety_duplicate_member' 생성 중...
[2026-09-26 19:05:49,602][INFO|database.py-upgrade_schema:285] >> 테이블 'mysafety_entry_value' 생성 중...
[2026-09-26 19:05:49,607][INFO|database.py-upgrade_schema:285] >> 테이블 'mysafety_geocode_cache' 생성 중...
[2026-09-26 19:05:49,610][INFO|database.py-upgrade_schema:285] >> 테이블 'mysafety_raw_content' 생성 중...
[2026-09-26 19:05:49,614][INFO|database.py-upgrade_schema:285] >> 테이블 'mysafety_report_override' 생성 중...
[2026-09-26 19:05:49,619][INFO|database.py-upgrade_schema:285] >> 테이블 'mysafety_sync_meta' 생성 중...
[2026-09-26 19:05:49,621][INFO|database.py-upgrade_schema:285] >> 테이블 'mysafety_watchlist' 생성 중...
[2026-09-26 19:05:49,623][INFO|database.py-upgrade_schema:285] >> 테이블 'mysafetydetail_other' 생성 중...
[2026-09-26 19:05:49,624][INFO|database.py-upgrade_schema:285] >> 테이블 'mysafetydetail_parking' 생성 중...
[2026-09-26 19:05:49,626][INFO|database.py-upgrade_schema:285] >> 테이블 'mysafetydetail_traffic' 생성 중...
[2026-09-26 19:05:49,628][INFO|database.py-upgrade_schema:285] >> 테이블 'mysafetymerge_other' 생성 중...
[2026-09-26 19:05:49,630][INFO|database.py-upgrade_schema:285] >> 테이블 'mysafetymerge_parking' 생성 중...
[2026-09-26 19:05:49,631][INFO|database.py-upgrade_schema:285] >> 테이블 'mysafetymerge_traffic' 생성 중...
[2026-09-26 19:05:49,635][INFO|database.py-_apply_versioned_migrations:452] >> [schema] DB 스키마 버전 1 적용
[2026-09-26 19:05:49,641][INFO|database.py-_apply_versioned_migrations:452] >> [schema] DB 스키마 버전 2 적용
[2026-09-26 19:05:49,643][INFO|database.py-_apply_versioned_migrations:452] >> [schema] DB 스키마 버전 3 적용
[2026-09-26 19:05:49,654][INFO|database.py-_apply_versioned_migrations:452] >> [schema] DB 스키마 버전 4 적용
[2026-09-26 19:05:49,671][INFO|duplicate_group_service.py-_log_info:53] >> [duplicate] payload exact 중복군 0개, 멤버 0건 재생성
[2026-09-26 19:05:49,716][INFO|database.py-backfill_synced_at:100] >> [migration] mysafetydetail_traffic synced_at 백필: 12건, 미해결 0건
[2026-09-26 19:05:49,719][INFO|database.py-backfill_synced_at:100] >> [migration] mysafetydetail_parking synced_at 백필: 6건, 미해결 0건
[2026-09-26 19:05:49,722][INFO|database.py-backfill_synced_at:100] >> [migration] mysafetydetail_other synced_at 백필: 6건, 미해결 0건
[2026-09-26 19:05:49,724][INFO|database.py-backfill_synced_at:105] >> [migration] synced_at 백필 완료: 총 24건 갱신, merge 재생성 시작
[2026-09-26 19:05:49,733][INFO|database.py-merge_final:736] >> 최종 데이터 병합 완료 (Traffic/Parking/Other 분리)
[2026-09-26 19:05:49,759][INFO|duplicate_group_service.py-_log_info:53] >> [duplicate] payload exact 중복군 1개, 멤버 2건 재생성
[2026-09-26 19:05:49,768][INFO|database.py-merge_final:736] >> 최종 데이터 병합 완료 (Traffic/Parking/Other 분리)
[2026-09-26 19:05:49,794][INFO|duplicate_group_service.py-_log_info:53] >> [duplicate] payload exact 중복군 1개, 멤버 2건 재생성
.[2026-09-26 19:05:50,075][INFO|database.py-upgrade_schema:285] >> 테이블 'admin_users' 생성 중...
[2026-09-26 19:05:50,079][INFO|database.py-upgrade_schema:285] >> 테이블 'api_keys' 생성 중...
[2026-09-26 19:05:50,081][INFO|database.py-upgrade_schema:285] >> 테이블 'mysafety' 생성 중...
[2026-09-26 19:05:50,083][INFO|database.py-upgrade_schema:285] >> 테이블 'mysafety_change_cursor' 생성 중...
[2026-09-26 19:05:50,088][INFO|database.py-upgrade_schema:285] >> 테이블 'mysafety_change_log' 생성 중...
[2026-09-26 19:05:50,090][INFO|database.py-upgrade_schema:285] >> 테이블 'mysafety_duplicate_decision' 생성 중...
[2026-09-26 19:05:50,092][INFO|database.py-upgrade_schema:285] >> 테이블 'mysafety_duplicate_group' 생성 중...
[2026-09-26 19:05:50,094][INFO|database.py-upgrade_schema:285] >> 테이블 'mysafety_duplicate_member' 생성 중...
[2026-09-26 19:05:50,095][INFO|database.py-upgrade_schema:285] >> 테이블 'mysafety_entry_value' 생성 중...
[2026-09-26 19:05:50,097][INFO|database.py-upgrade_schema:285] >> 테이블 'mysafety_geocode_cache' 생성 중...
[2026-09-26 19:05:50,099][INFO|database.py-upgrade_schema:285] >> 테이블 'mysafety_raw_content' 생성 중...
[2026-09-26 19:05:50,101][INFO|database.py-upgrade_schema:285] >> 테이블 'mysafety_report_override' 생성 중...
[2026-09-26 19:05:50,103][INFO|database.py-upgrade_schema:285] >> 테이블 'mysafety_sync_meta' 생성 중...
[2026-09-26 19:05:50,108][INFO|database.py-upgrade_schema:285] >> 테이블 'mysafety_watchlist' 생성 중...
[2026-09-26 19:05:50,110][INFO|database.py-upgrade_schema:285] >> 테이블 'mysafetydetail_other' 생성 중...
[2026-09-26 19:05:50,115][INFO|database.py-upgrade_schema:285] >> 테이블 'mysafetydetail_parking' 생성 중...
[2026-09-26 19:05:50,117][INFO|database.py-upgrade_schema:285] >> 테이블 'mysafetydetail_traffic' 생성 중...
[2026-09-26 19:05:50,119][INFO|database.py-upgrade_schema:285] >> 테이블 'mysafetymerge_other' 생성 중...
[2026-09-26 19:05:50,121][INFO|database.py-upgrade_schema:285] >> 테이블 'mysafetymerge_parking' 생성 중...
[2026-09-26 19:05:50,123][INFO|database.py-upgrade_schema:285] >> 테이블 'mysafetymerge_traffic' 생성 중...
[2026-09-26 19:05:50,126][INFO|database.py-_apply_versioned_migrations:452] >> [schema] DB 스키마 버전 1 적용
[2026-09-26 19:05:50,131][INFO|database.py-_apply_versioned_migrations:452] >> [schema] DB 스키마 버전 2 적용
[2026-09-26 19:05:50,133][INFO|database.py-_apply_versioned_migrations:452] >> [schema] DB 스키마 버전 3 적용
[2026-09-26 19:05:50,152][INFO|database.py-_apply_versioned_migrations:452] >> [schema] DB 스키마 버전 4 적용
[2026-09-26 19:05:50,167][INFO|duplicate_group_service.py-_log_info:53] >> [duplicate] payload exact 중복군 0개, 멤버 0건 재생성
[2026-09-26 19:05:50,199][INFO|database.py-backfill_synced_at:100] >> [migration] mysafetydetail_traffic synced_at 백필: 12건, 미해결 0건
[2026-09-26 19:05:50,202][INFO|database.py-backfill_synced_at:100] >> [migration] mysafetydetail_parking synced_at 백필: 6건, 미해결 0건
[2026-09-26 19:05:50,206][INFO|database.py-backfill_synced_at:100] >> [migration] mysafetydetail_other synced_at 백필: 6건, 미해결 0건
[2026-09-26 19:05:50,208][INFO|database.py-backfill_synced_at:105] >> [migration] synced_at 백필 완료: 총 24건 갱신, merge 재생성 시작
[2026-09-26 19:05:50,217][INFO|database.py-merge_final:736] >> 최종 데이터 병합 완료 (Traffic/Parking/Other 분리)
/home/better0101/projects/safetyreport/.venv/lib/python3.14/site-packages/pandas/core/internals/managers.py:2410: ResourceWarning: unclosed file <_io.FileIO name='/tmp/claude-1000/-home-better0101-projects-safetyreport/aa9d30e6-e7a5-4376-8fce-c9fb26682fbe/scratchpad/tmp.85iy7vc2dN/logs/current_crawl.log' mode='ab' closefd=True>
  block_type(x[1], placement=BlockPlacement(x[0]), ndim=2)
ResourceWarning: Enable tracemalloc to get the object allocation traceback
[2026-09-26 19:05:50,244][INFO|duplicate_group_service.py-_log_info:53] >> [duplicate] payload exact 중복군 1개, 멤버 2건 재생성
[2026-09-26 19:05:50,258][INFO|database.py-merge_final:736] >> 최종 데이터 병합 완료 (Traffic/Parking/Other 분리)
[2026-09-26 19:05:50,282][INFO|duplicate_group_service.py-_log_info:53] >> [duplicate] payload exact 중복군 1개, 멤버 2건 재생성
.[2026-09-26 19:05:50,421][INFO|database.py-upgrade_schema:285] >> 테이블 'admin_users' 생성 중...
[2026-09-26 19:05:50,425][INFO|database.py-upgrade_schema:285] >> 테이블 'api_keys' 생성 중...
[2026-09-26 19:05:50,427][INFO|database.py-upgrade_schema:285] >> 테이블 'mysafety' 생성 중...
[2026-09-26 19:05:50,429][INFO|database.py-upgrade_schema:285] >> 테이블 'mysafety_change_cursor' 생성 중...
[2026-09-26 19:05:50,431][INFO|database.py-upgrade_schema:285] >> 테이블 'mysafety_change_log' 생성 중...
[2026-09-26 19:05:50,432][INFO|database.py-upgrade_schema:285] >> 테이블 'mysafety_duplicate_decision' 생성 중...
[2026-09-26 19:05:50,434][INFO|database.py-upgrade_schema:285] >> 테이블 'mysafety_duplicate_group' 생성 중...
[2026-09-26 19:05:50,435][INFO|database.py-upgrade_schema:285] >> 테이블 'mysafety_duplicate_member' 생성 중...
[2026-09-26 19:05:50,437][INFO|database.py-upgrade_schema:285] >> 테이블 'mysafety_entry_value' 생성 중...
[2026-09-26 19:05:50,439][INFO|database.py-upgrade_schema:285] >> 테이블 'mysafety_geocode_cache' 생성 중...
[2026-09-26 19:05:50,440][INFO|database.py-upgrade_schema:285] >> 테이블 'mysafety_raw_content' 생성 중...
[2026-09-26 19:05:50,442][INFO|database.py-upgrade_schema:285] >> 테이블 'mysafety_report_override' 생성 중...
[2026-09-26 19:05:50,443][INFO|database.py-upgrade_schema:285] >> 테이블 'mysafety_sync_meta' 생성 중...
[2026-09-26 19:05:50,445][INFO|database.py-upgrade_schema:285] >> 테이블 'mysafety_watchlist' 생성 중...
[2026-09-26 19:05:50,449][INFO|database.py-upgrade_schema:285] >> 테이블 'mysafetydetail_other' 생성 중...
[2026-09-26 19:05:50,451][INFO|database.py-upgrade_schema:285] >> 테이블 'mysafetydetail_parking' 생성 중...
[2026-09-26 19:05:50,453][INFO|database.py-upgrade_schema:285] >> 테이블 'mysafetydetail_traffic' 생성 중...
[2026-09-26 19:05:50,456][INFO|database.py-upgrade_schema:285] >> 테이블 'mysafetymerge_other' 생성 중...
[2026-09-26 19:05:50,459][INFO|database.py-upgrade_schema:285] >> 테이블 'mysafetymerge_parking' 생성 중...
[2026-09-26 19:05:50,461][INFO|database.py-upgrade_schema:285] >> 테이블 'mysafetymerge_traffic' 생성 중...
[2026-09-26 19:05:50,465][INFO|database.py-_apply_versioned_migrations:452] >> [schema] DB 스키마 버전 1 적용
[2026-09-26 19:05:50,470][INFO|database.py-_apply_versioned_migrations:452] >> [schema] DB 스키마 버전 2 적용
[2026-09-26 19:05:50,472][INFO|database.py-_apply_versioned_migrations:452] >> [schema] DB 스키마 버전 3 적용
[2026-09-26 19:05:50,493][INFO|database.py-_apply_versioned_migrations:452] >> [schema] DB 스키마 버전 4 적용
[2026-09-26 19:05:50,507][INFO|duplicate_group_service.py-_log_info:53] >> [duplicate] payload exact 중복군 0개, 멤버 0건 재생성
[2026-09-26 19:05:50,539][INFO|database.py-backfill_synced_at:100] >> [migration] mysafetydetail_traffic synced_at 백필: 12건, 미해결 0건
[2026-09-26 19:05:50,543][INFO|database.py-backfill_synced_at:100] >> [migration] mysafetydetail_parking synced_at 백필: 6건, 미해결 0건
[2026-09-26 19:05:50,546][INFO|database.py-backfill_synced_at:100] >> [migration] mysafetydetail_other synced_at 백필: 6건, 미해결 0건
[2026-09-26 19:05:50,548][INFO|database.py-backfill_synced_at:105] >> [migration] synced_at 백필 완료: 총 24건 갱신, merge 재생성 시작
[2026-09-26 19:05:50,555][INFO|database.py-merge_final:736] >> 최종 데이터 병합 완료 (Traffic/Parking/Other 분리)
[2026-09-26 19:05:50,582][INFO|duplicate_group_service.py-_log_info:53] >> [duplicate] payload exact 중복군 1개, 멤버 2건 재생성
[2026-09-26 19:05:50,596][INFO|database.py-merge_final:736] >> 최종 데이터 병합 완료 (Traffic/Parking/Other 분리)
[2026-09-26 19:05:50,622][INFO|duplicate_group_service.py-_log_info:53] >> [duplicate] payload exact 중복군 1개, 멤버 2건 재생성
.[2026-09-26 19:05:50,799][INFO|database.py-upgrade_schema:285] >> 테이블 'admin_users' 생성 중...
[2026-09-26 19:05:50,801][INFO|database.py-upgrade_schema:285] >> 테이블 'api_keys' 생성 중...
[2026-09-26 19:05:50,803][INFO|database.py-upgrade_schema:285] >> 테이블 'mysafety' 생성 중...
[2026-09-26 19:05:50,804][INFO|database.py-upgrade_schema:285] >> 테이블 'mysafety_change_cursor' 생성 중...
[2026-09-26 19:05:50,806][INFO|database.py-upgrade_schema:285] >> 테이블 'mysafety_change_log' 생성 중...
[2026-09-26 19:05:50,807][INFO|database.py-upgrade_schema:285] >> 테이블 'mysafety_duplicate_decision' 생성 중...
[2026-09-26 19:05:50,808][INFO|database.py-upgrade_schema:285] >> 테이블 'mysafety_duplicate_group' 생성 중...
[2026-09-26 19:05:50,810][INFO|database.py-upgrade_schema:285] >> 테이블 'mysafety_duplicate_member' 생성 중...
[2026-09-26 19:05:50,811][INFO|database.py-upgrade_schema:285] >> 테이블 'mysafety_entry_value' 생성 중...
[2026-09-26 19:05:50,812][INFO|database.py-upgrade_schema:285] >> 테이블 'mysafety_geocode_cache' 생성 중...
[2026-09-26 19:05:50,814][INFO|database.py-upgrade_schema:285] >> 테이블 'mysafety_raw_content' 생성 중...
[2026-09-26 19:05:50,818][INFO|database.py-upgrade_schema:285] >> 테이블 'mysafety_report_override' 생성 중...
[2026-09-26 19:05:50,820][INFO|database.py-upgrade_schema:285] >> 테이블 'mysafety_sync_meta' 생성 중...
[2026-09-26 19:05:50,821][INFO|database.py-upgrade_schema:285] >> 테이블 'mysafety_watchlist' 생성 중...
[2026-09-26 19:05:50,829][INFO|database.py-upgrade_schema:285] >> 테이블 'mysafetydetail_other' 생성 중...
[2026-09-26 19:05:50,831][INFO|database.py-upgrade_schema:285] >> 테이블 'mysafetydetail_parking' 생성 중...
[2026-09-26 19:05:50,834][INFO|database.py-upgrade_schema:285] >> 테이블 'mysafetydetail_traffic' 생성 중...
[2026-09-26 19:05:50,835][INFO|database.py-upgrade_schema:285] >> 테이블 'mysafetymerge_other' 생성 중...
[2026-09-26 19:05:50,838][INFO|database.py-upgrade_schema:285] >> 테이블 'mysafetymerge_parking' 생성 중...
[2026-09-26 19:05:50,840][INFO|database.py-upgrade_schema:285] >> 테이블 'mysafetymerge_traffic' 생성 중...
[2026-09-26 19:05:50,843][INFO|database.py-_apply_versioned_migrations:452] >> [schema] DB 스키마 버전 1 적용
[2026-09-26 19:05:50,853][INFO|database.py-_apply_versioned_migrations:452] >> [schema] DB 스키마 버전 2 적용
[2026-09-26 19:05:50,855][INFO|database.py-_apply_versioned_migrations:452] >> [schema] DB 스키마 버전 3 적용
[2026-09-26 19:05:50,867][INFO|database.py-_apply_versioned_migrations:452] >> [schema] DB 스키마 버전 4 적용
[2026-09-26 19:05:50,881][INFO|duplicate_group_service.py-_log_info:53] >> [duplicate] payload exact 중복군 0개, 멤버 0건 재생성
[2026-09-26 19:05:50,909][INFO|database.py-backfill_synced_at:100] >> [migration] mysafetydetail_traffic synced_at 백필: 12건, 미해결 0건
[2026-09-26 19:05:50,913][INFO|database.py-backfill_synced_at:100] >> [migration] mysafetydetail_parking synced_at 백필: 6건, 미해결 0건
[2026-09-26 19:05:50,916][INFO|database.py-backfill_synced_at:100] >> [migration] mysafetydetail_other synced_at 백필: 6건, 미해결 0건
[2026-09-26 19:05:50,918][INFO|database.py-backfill_synced_at:105] >> [migration] synced_at 백필 완료: 총 24건 갱신, merge 재생성 시작
[2026-09-26 19:05:50,925][INFO|database.py-merge_final:736] >> 최종 데이터 병합 완료 (Traffic/Parking/Other 분리)
[2026-09-26 19:05:50,948][INFO|duplicate_group_service.py-_log_info:53] >> [duplicate] payload exact 중복군 1개, 멤버 2건 재생성
[2026-09-26 19:05:50,956][INFO|database.py-merge_final:736] >> 최종 데이터 병합 완료 (Traffic/Parking/Other 분리)
[2026-09-26 19:05:50,979][INFO|duplicate_group_service.py-_log_info:53] >> [duplicate] payload exact 중복군 1개, 멤버 2건 재생성
[2026-09-26 19:05:51,194][INFO|database.py-_normalize_processing_layers:188] >> [migration] raw/canonical 상태 정규화 완료: 총 5건 갱신
[2026-09-26 19:05:51,206][INFO|database.py-merge_final:736] >> 최종 데이터 병합 완료 (Traffic/Parking/Other 분리)
[2026-09-26 19:05:51,240][INFO|duplicate_group_service.py-_log_info:53] >> [duplicate] payload exact 중복군 1개, 멤버 2건 재생성
[2026-09-26 19:05:51,265][INFO|database.py-merge_final:736] >> 최종 데이터 병합 완료 (Traffic/Parking/Other 분리)
/home/better0101/projects/safetyreport/.venv/lib/python3.14/site-packages/pandas/core/arrays/_mixins.py:309: ResourceWarning: unclosed file <_io.TextIOWrapper name='/tmp/claude-1000/-home-better0101-projects-safetyreport/aa9d30e6-e7a5-4376-8fce-c9fb26682fbe/scratchpad/tmp.85iy7vc2dN/logs/t.log' mode='a' encoding='utf-8'>
  result = self._from_backing_data(result)
ResourceWarning: Enable tracemalloc to get the object allocation traceback
[2026-09-26 19:05:51,441][INFO|duplicate_group_service.py-_log_info:53] >> [duplicate] payload exact 중복군 1개, 멤버 2건 재생성
[2026-09-26 19:05:51,459][INFO|exchange.py-_restore_exclusive:413] >> mobile DB 복원 완료. 백업: /tmp/claude-1000/-home-better0101-projects-safetyreport/aa9d30e6-e7a5-4376-8fce-c9fb26682fbe/scratchpad/tmp.85iy7vc2dN/backups/data_before_restore_20260926_190551.db, 신고건수: 2
.[2026-09-26 19:05:51,474][INFO|database.py-upgrade_schema:285] >> 테이블 'admin_users' 생성 중...
[2026-09-26 19:05:51,477][INFO|database.py-upgrade_schema:285] >> 테이블 'api_keys' 생성 중...
[2026-09-26 19:05:51,478][INFO|database.py-upgrade_schema:285] >> 테이블 'mysafety' 생성 중...
[2026-09-26 19:05:51,480][INFO|database.py-upgrade_schema:285] >> 테이블 'mysafety_change_cursor' 생성 중...
[2026-09-26 19:05:51,482][INFO|database.py-upgrade_schema:285] >> 테이블 'mysafety_change_log' 생성 중...
[2026-09-26 19:05:51,483][INFO|database.py-upgrade_schema:285] >> 테이블 'mysafety_duplicate_decision' 생성 중...
[2026-09-26 19:05:51,485][INFO|database.py-upgrade_schema:285] >> 테이블 'mysafety_duplicate_group' 생성 중...
[2026-09-26 19:05:51,486][INFO|database.py-upgrade_schema:285] >> 테이블 'mysafety_duplicate_member' 생성 중...
[2026-09-26 19:05:51,488][INFO|database.py-upgrade_schema:285] >> 테이블 'mysafety_entry_value' 생성 중...
[2026-09-26 19:05:51,489][INFO|database.py-upgrade_schema:285] >> 테이블 'mysafety_geocode_cache' 생성 중...
[2026-09-26 19:05:51,490][INFO|database.py-upgrade_schema:285] >> 테이블 'mysafety_raw_content' 생성 중...
[2026-09-26 19:05:51,492][INFO|database.py-upgrade_schema:285] >> 테이블 'mysafety_report_override' 생성 중...
[2026-09-26 19:05:51,493][INFO|database.py-upgrade_schema:285] >> 테이블 'mysafety_sync_meta' 생성 중...
[2026-09-26 19:05:51,494][INFO|database.py-upgrade_schema:285] >> 테이블 'mysafety_watchlist' 생성 중...
[2026-09-26 19:05:51,496][INFO|database.py-upgrade_schema:285] >> 테이블 'mysafetydetail_other' 생성 중...
[2026-09-26 19:05:51,501][INFO|database.py-upgrade_schema:285] >> 테이블 'mysafetydetail_parking' 생성 중...
[2026-09-26 19:05:51,503][INFO|database.py-upgrade_schema:285] >> 테이블 'mysafetydetail_traffic' 생성 중...
[2026-09-26 19:05:51,508][INFO|database.py-upgrade_schema:285] >> 테이블 'mysafetymerge_other' 생성 중...
[2026-09-26 19:05:51,511][INFO|database.py-upgrade_schema:285] >> 테이블 'mysafetymerge_parking' 생성 중...
[2026-09-26 19:05:51,513][INFO|database.py-upgrade_schema:285] >> 테이블 'mysafetymerge_traffic' 생성 중...
[2026-09-26 19:05:51,516][INFO|database.py-_apply_versioned_migrations:452] >> [schema] DB 스키마 버전 1 적용
[2026-09-26 19:05:51,521][INFO|database.py-_apply_versioned_migrations:452] >> [schema] DB 스키마 버전 2 적용
[2026-09-26 19:05:51,523][INFO|database.py-_apply_versioned_migrations:452] >> [schema] DB 스키마 버전 3 적용
[2026-09-26 19:05:51,541][INFO|database.py-_apply_versioned_migrations:452] >> [schema] DB 스키마 버전 4 적용
[2026-09-26 19:05:51,556][INFO|duplicate_group_service.py-_log_info:53] >> [duplicate] payload exact 중복군 0개, 멤버 0건 재생성
[2026-09-26 19:05:51,588][INFO|database.py-backfill_synced_at:100] >> [migration] mysafetydetail_traffic synced_at 백필: 12건, 미해결 0건
[2026-09-26 19:05:51,592][INFO|database.py-backfill_synced_at:100] >> [migration] mysafetydetail_parking synced_at 백필: 6건, 미해결 0건
[2026-09-26 19:05:51,595][INFO|database.py-backfill_synced_at:100] >> [migration] mysafetydetail_other synced_at 백필: 6건, 미해결 0건
[2026-09-26 19:05:51,597][INFO|database.py-backfill_synced_at:105] >> [migration] synced_at 백필 완료: 총 24건 갱신, merge 재생성 시작
[2026-09-26 19:05:51,607][INFO|database.py-merge_final:736] >> 최종 데이터 병합 완료 (Traffic/Parking/Other 분리)
[2026-09-26 19:05:51,631][INFO|duplicate_group_service.py-_log_info:53] >> [duplicate] payload exact 중복군 1개, 멤버 2건 재생성
[2026-09-26 19:05:51,637][INFO|database.py-merge_final:736] >> 최종 데이터 병합 완료 (Traffic/Parking/Other 분리)
[2026-09-26 19:05:51,658][INFO|duplicate_group_service.py-_log_info:53] >> [duplicate] payload exact 중복군 1개, 멤버 2건 재생성
[2026-09-26 19:05:51,842][INFO|database.py-_normalize_processing_layers:188] >> [migration] raw/canonical 상태 정규화 완료: 총 5건 갱신
[2026-09-26 19:05:51,857][INFO|database.py-merge_final:736] >> 최종 데이터 병합 완료 (Traffic/Parking/Other 분리)
[2026-09-26 19:05:51,895][INFO|duplicate_group_service.py-_log_info:53] >> [duplicate] payload exact 중복군 1개, 멤버 2건 재생성
[2026-09-26 19:05:51,916][INFO|database.py-merge_final:736] >> 최종 데이터 병합 완료 (Traffic/Parking/Other 분리)
[2026-09-26 19:05:51,931][INFO|duplicate_group_service.py-_log_info:53] >> [duplicate] payload exact 중복군 0개, 멤버 0건 재생성
[2026-09-26 19:05:51,957][INFO|exchange.py-_restore_exclusive:413] >> mobile DB 복원 완료. 백업: /tmp/claude-1000/-home-better0101-projects-safetyreport/aa9d30e6-e7a5-4376-8fce-c9fb26682fbe/scratchpad/tmp.85iy7vc2dN/backups/data_before_restore_20260926_190551.db, 신고건수: 1
.[2026-09-26 19:05:51,967][INFO|database.py-upgrade_schema:285] >> 테이블 'admin_users' 생성 중...
[2026-09-26 19:05:51,977][INFO|database.py-upgrade_schema:285] >> 테이블 'api_keys' 생성 중...
[2026-09-26 19:05:51,979][INFO|database.py-upgrade_schema:285] >> 테이블 'mysafety' 생성 중...
[2026-09-26 19:05:51,980][INFO|database.py-upgrade_schema:285] >> 테이블 'mysafety_change_cursor' 생성 중...
[2026-09-26 19:05:51,982][INFO|database.py-upgrade_schema:285] >> 테이블 'mysafety_change_log' 생성 중...
[2026-09-26 19:05:51,984][INFO|database.py-upgrade_schema:285] >> 테이블 'mysafety_duplicate_decision' 생성 중...
[2026-09-26 19:05:51,989][INFO|database.py-upgrade_schema:285] >> 테이블 'mysafety_duplicate_group' 생성 중...
[2026-09-26 19:05:51,993][INFO|database.py-upgrade_schema:285] >> 테이블 'mysafety_duplicate_member' 생성 중...
[2026-09-26 19:05:51,999][INFO|database.py-upgrade_schema:285] >> 테이블 'mysafety_entry_value' 생성 중...
[2026-09-26 19:05:52,002][INFO|database.py-upgrade_schema:285] >> 테이블 'mysafety_geocode_cache' 생성 중...
[2026-09-26 19:05:52,004][INFO|database.py-upgrade_schema:285] >> 테이블 'mysafety_raw_content' 생성 중...
[2026-09-26 19:05:52,007][INFO|database.py-upgrade_schema:285] >> 테이블 'mysafety_report_override' 생성 중...
[2026-09-26 19:05:52,009][INFO|database.py-upgrade_schema:285] >> 테이블 'mysafety_sync_meta' 생성 중...
[2026-09-26 19:05:52,010][INFO|database.py-upgrade_schema:285] >> 테이블 'mysafety_watchlist' 생성 중...
[2026-09-26 19:05:52,013][INFO|database.py-upgrade_schema:285] >> 테이블 'mysafetydetail_other' 생성 중...
[2026-09-26 19:05:52,015][INFO|database.py-upgrade_schema:285] >> 테이블 'mysafetydetail_parking' 생성 중...
[2026-09-26 19:05:52,017][INFO|database.py-upgrade_schema:285] >> 테이블 'mysafetydetail_traffic' 생성 중...
[2026-09-26 19:05:52,019][INFO|database.py-upgrade_schema:285] >> 테이블 'mysafetymerge_other' 생성 중...
[2026-09-26 19:05:52,021][INFO|database.py-upgrade_schema:285] >> 테이블 'mysafetymerge_parking' 생성 중...
[2026-09-26 19:05:52,027][INFO|database.py-upgrade_schema:285] >> 테이블 'mysafetymerge_traffic' 생성 중...
[2026-09-26 19:05:52,033][INFO|database.py-_apply_versioned_migrations:452] >> [schema] DB 스키마 버전 1 적용
[2026-09-26 19:05:52,041][INFO|database.py-_apply_versioned_migrations:452] >> [schema] DB 스키마 버전 2 적용
[2026-09-26 19:05:52,044][INFO|database.py-_apply_versioned_migrations:452] >> [schema] DB 스키마 버전 3 적용
[2026-09-26 19:05:52,068][INFO|database.py-_apply_versioned_migrations:452] >> [schema] DB 스키마 버전 4 적용
[2026-09-26 19:05:52,082][INFO|duplicate_group_service.py-_log_info:53] >> [duplicate] payload exact 중복군 0개, 멤버 0건 재생성
[2026-09-26 19:05:52,120][INFO|database.py-backfill_synced_at:100] >> [migration] mysafetydetail_traffic synced_at 백필: 12건, 미해결 0건
[2026-09-26 19:05:52,123][INFO|database.py-backfill_synced_at:100] >> [migration] mysafetydetail_parking synced_at 백필: 6건, 미해결 0건
[2026-09-26 19:05:52,126][INFO|database.py-backfill_synced_at:100] >> [migration] mysafetydetail_other synced_at 백필: 6건, 미해결 0건
[2026-09-26 19:05:52,128][INFO|database.py-backfill_synced_at:105] >> [migration] synced_at 백필 완료: 총 24건 갱신, merge 재생성 시작
[2026-09-26 19:05:52,137][INFO|database.py-merge_final:736] >> 최종 데이터 병합 완료 (Traffic/Parking/Other 분리)
[2026-09-26 19:05:52,164][INFO|duplicate_group_service.py-_log_info:53] >> [duplicate] payload exact 중복군 1개, 멤버 2건 재생성
[2026-09-26 19:05:52,173][INFO|database.py-merge_final:736] >> 최종 데이터 병합 완료 (Traffic/Parking/Other 분리)
[2026-09-26 19:05:52,199][INFO|duplicate_group_service.py-_log_info:53] >> [duplicate] payload exact 중복군 1개, 멤버 2건 재생성
[2026-09-26 19:05:52,391][INFO|database.py-_normalize_processing_layers:188] >> [migration] raw/canonical 상태 정규화 완료: 총 5건 갱신
[2026-09-26 19:05:52,409][INFO|database.py-merge_final:736] >> 최종 데이터 병합 완료 (Traffic/Parking/Other 분리)
[2026-09-26 19:05:52,438][INFO|duplicate_group_service.py-_log_info:53] >> [duplicate] payload exact 중복군 1개, 멤버 2건 재생성
[2026-09-26 19:05:52,454][INFO|database.py-merge_final:736] >> 최종 데이터 병합 완료 (Traffic/Parking/Other 분리)
[2026-09-26 19:05:52,467][INFO|duplicate_group_service.py-_log_info:53] >> [duplicate] payload exact 중복군 0개, 멤버 0건 재생성
[2026-09-26 19:05:52,489][INFO|exchange.py-_restore_exclusive:413] >> mobile DB 복원 완료. 백업: /tmp/claude-1000/-home-better0101-projects-safetyreport/aa9d30e6-e7a5-4376-8fce-c9fb26682fbe/scratchpad/tmp.85iy7vc2dN/backups/data_before_restore_20260926_190552.db, 신고건수: 1
.[2026-09-26 19:05:52,497][INFO|database.py-upgrade_schema:285] >> 테이블 'admin_users' 생성 중...
[2026-09-26 19:05:52,500][INFO|database.py-upgrade_schema:285] >> 테이블 'api_keys' 생성 중...
[2026-09-26 19:05:52,502][INFO|database.py-upgrade_schema:285] >> 테이블 'mysafety' 생성 중...
[2026-09-26 19:05:52,504][INFO|database.py-upgrade_schema:285] >> 테이블 'mysafety_change_cursor' 생성 중...
[2026-09-26 19:05:52,505][INFO|database.py-upgrade_schema:285] >> 테이블 'mysafety_change_log' 생성 중...
[2026-09-26 19:05:52,507][INFO|database.py-upgrade_schema:285] >> 테이블 'mysafety_duplicate_decision' 생성 중...
[2026-09-26 19:05:52,509][INFO|database.py-upgrade_schema:285] >> 테이블 'mysafety_duplicate_group' 생성 중...
[2026-09-26 19:05:52,514][INFO|database.py-upgrade_schema:285] >> 테이블 'mysafety_duplicate_member' 생성 중...
[2026-09-26 19:05:52,516][INFO|database.py-upgrade_schema:285] >> 테이블 'mysafety_entry_value' 생성 중...
[2026-09-26 19:05:52,517][INFO|database.py-upgrade_schema:285] >> 테이블 'mysafety_geocode_cache' 생성 중...
[2026-09-26 19:05:52,524][INFO|database.py-upgrade_schema:285] >> 테이블 'mysafety_raw_content' 생성 중...
[2026-09-26 19:05:52,527][INFO|database.py-upgrade_schema:285] >> 테이블 'mysafety_report_override' 생성 중...
[2026-09-26 19:05:52,529][INFO|database.py-upgrade_schema:285] >> 테이블 'mysafety_sync_meta' 생성 중...
[2026-09-26 19:05:52,530][INFO|database.py-upgrade_schema:285] >> 테이블 'mysafety_watchlist' 생성 중...
[2026-09-26 19:05:52,532][INFO|database.py-upgrade_schema:285] >> 테이블 'mysafetydetail_other' 생성 중...
[2026-09-26 19:05:52,534][INFO|database.py-upgrade_schema:285] >> 테이블 'mysafetydetail_parking' 생성 중...
[2026-09-26 19:05:52,536][INFO|database.py-upgrade_schema:285] >> 테이블 'mysafetydetail_traffic' 생성 중...
[2026-09-26 19:05:52,538][INFO|database.py-upgrade_schema:285] >> 테이블 'mysafetymerge_other' 생성 중...
[2026-09-26 19:05:52,541][INFO|database.py-upgrade_schema:285] >> 테이블 'mysafetymerge_parking' 생성 중...
[2026-09-26 19:05:52,542][INFO|database.py-upgrade_schema:285] >> 테이블 'mysafetymerge_traffic' 생성 중...
[2026-09-26 19:05:52,546][INFO|database.py-_apply_versioned_migrations:452] >> [schema] DB 스키마 버전 1 적용
[2026-09-26 19:05:52,557][INFO|database.py-_apply_versioned_migrations:452] >> [schema] DB 스키마 버전 2 적용
[2026-09-26 19:05:52,560][INFO|database.py-_apply_versioned_migrations:452] >> [schema] DB 스키마 버전 3 적용
[2026-09-26 19:05:52,571][INFO|database.py-_apply_versioned_migrations:452] >> [schema] DB 스키마 버전 4 적용
[2026-09-26 19:05:52,591][INFO|duplicate_group_service.py-_log_info:53] >> [duplicate] payload exact 중복군 0개, 멤버 0건 재생성
[2026-09-26 19:05:52,628][INFO|database.py-backfill_synced_at:100] >> [migration] mysafetydetail_traffic synced_at 백필: 12건, 미해결 0건
[2026-09-26 19:05:52,631][INFO|database.py-backfill_synced_at:100] >> [migration] mysafetydetail_parking synced_at 백필: 6건, 미해결 0건
[2026-09-26 19:05:52,635][INFO|database.py-backfill_synced_at:100] >> [migration] mysafetydetail_other synced_at 백필: 6건, 미해결 0건
[2026-09-26 19:05:52,636][INFO|database.py-backfill_synced_at:105] >> [migration] synced_at 백필 완료: 총 24건 갱신, merge 재생성 시작
[2026-09-26 19:05:52,642][INFO|database.py-merge_final:736] >> 최종 데이터 병합 완료 (Traffic/Parking/Other 분리)
[2026-09-26 19:05:52,669][INFO|duplicate_group_service.py-_log_info:53] >> [duplicate] payload exact 중복군 1개, 멤버 2건 재생성
[2026-09-26 19:05:52,678][INFO|database.py-merge_final:736] >> 최종 데이터 병합 완료 (Traffic/Parking/Other 분리)
[2026-09-26 19:05:52,706][INFO|duplicate_group_service.py-_log_info:53] >> [duplicate] payload exact 중복군 1개, 멤버 2건 재생성
[2026-09-26 19:05:52,866][WARNING|crawl_manager.py-_read_queue_report:210] >> [crawl] 대기 큐에서 목록 전체에 없는 신고번호 제외: ['SPP-NONE']
.[2026-09-26 19:05:53,009][INFO|database.py-upgrade_schema:285] >> 테이블 'admin_users' 생성 중...
[2026-09-26 19:05:53,012][INFO|database.py-upgrade_schema:285] >> 테이블 'api_keys' 생성 중...
[2026-09-26 19:05:53,014][INFO|database.py-upgrade_schema:285] >> 테이블 'mysafety' 생성 중...
[2026-09-26 19:05:53,016][INFO|database.py-upgrade_schema:285] >> 테이블 'mysafety_change_cursor' 생성 중...
[2026-09-26 19:05:53,017][INFO|database.py-upgrade_schema:285] >> 테이블 'mysafety_change_log' 생성 중...
[2026-09-26 19:05:53,022][INFO|database.py-upgrade_schema:285] >> 테이블 'mysafety_duplicate_decision' 생성 중...
[2026-09-26 19:05:53,024][INFO|database.py-upgrade_schema:285] >> 테이블 'mysafety_duplicate_group' 생성 중...
[2026-09-26 19:05:53,026][INFO|database.py-upgrade_schema:285] >> 테이블 'mysafety_duplicate_member' 생성 중...
[2026-09-26 19:05:53,028][INFO|database.py-upgrade_schema:285] >> 테이블 'mysafety_entry_value' 생성 중...
[2026-09-26 19:05:53,030][INFO|database.py-upgrade_schema:285] >> 테이블 'mysafety_geocode_cache' 생성 중...
[2026-09-26 19:05:53,031][INFO|database.py-upgrade_schema:285] >> 테이블 'mysafety_raw_content' 생성 중...
[2026-09-26 19:05:53,034][INFO|database.py-upgrade_schema:285] >> 테이블 'mysafety_report_override' 생성 중...
[2026-09-26 19:05:53,038][INFO|database.py-upgrade_schema:285] >> 테이블 'mysafety_sync_meta' 생성 중...
[2026-09-26 19:05:53,040][INFO|database.py-upgrade_schema:285] >> 테이블 'mysafety_watchlist' 생성 중...
[2026-09-26 19:05:53,043][INFO|database.py-upgrade_schema:285] >> 테이블 'mysafetydetail_other' 생성 중...
[2026-09-26 19:05:53,046][INFO|database.py-upgrade_schema:285] >> 테이블 'mysafetydetail_parking' 생성 중...
[2026-09-26 19:05:53,048][INFO|database.py-upgrade_schema:285] >> 테이블 'mysafetydetail_traffic' 생성 중...
[2026-09-26 19:05:53,050][INFO|database.py-upgrade_schema:285] >> 테이블 'mysafetymerge_other' 생성 중...
[2026-09-26 19:05:53,052][INFO|database.py-upgrade_schema:285] >> 테이블 'mysafetymerge_parking' 생성 중...
[2026-09-26 19:05:53,055][INFO|database.py-upgrade_schema:285] >> 테이블 'mysafetymerge_traffic' 생성 중...
[2026-09-26 19:05:53,060][INFO|database.py-_apply_versioned_migrations:452] >> [schema] DB 스키마 버전 1 적용
[2026-09-26 19:05:53,068][INFO|database.py-_apply_versioned_migrations:452] >> [schema] DB 스키마 버전 2 적용
[2026-09-26 19:05:53,070][INFO|database.py-_apply_versioned_migrations:452] >> [schema] DB 스키마 버전 3 적용
[2026-09-26 19:05:53,082][INFO|database.py-_apply_versioned_migrations:452] >> [schema] DB 스키마 버전 4 적용
[2026-09-26 19:05:53,096][INFO|duplicate_group_service.py-_log_info:53] >> [duplicate] payload exact 중복군 0개, 멤버 0건 재생성
[2026-09-26 19:05:53,129][INFO|database.py-backfill_synced_at:100] >> [migration] mysafetydetail_traffic synced_at 백필: 12건, 미해결 0건
[2026-09-26 19:05:53,132][INFO|database.py-backfill_synced_at:100] >> [migration] mysafetydetail_parking synced_at 백필: 6건, 미해결 0건
[2026-09-26 19:05:53,135][INFO|database.py-backfill_synced_at:100] >> [migration] mysafetydetail_other synced_at 백필: 6건, 미해결 0건
[2026-09-26 19:05:53,139][INFO|database.py-backfill_synced_at:105] >> [migration] synced_at 백필 완료: 총 24건 갱신, merge 재생성 시작
[2026-09-26 19:05:53,145][INFO|database.py-merge_final:736] >> 최종 데이터 병합 완료 (Traffic/Parking/Other 분리)
/home/better0101/projects/safetyreport/.venv/lib/python3.14/site-packages/pandas/core/internals/blocks.py:173: ResourceWarning: unclosed file <_io.FileIO name='/tmp/claude-1000/-home-better0101-projects-safetyreport/aa9d30e6-e7a5-4376-8fce-c9fb26682fbe/scratchpad/tmp.85iy7vc2dN/logs/current_crawl.log' mode='ab' closefd=True>
  @final
ResourceWarning: Enable tracemalloc to get the object allocation traceback
[2026-09-26 19:05:53,173][INFO|duplicate_group_service.py-_log_info:53] >> [duplicate] payload exact 중복군 1개, 멤버 2건 재생성
[2026-09-26 19:05:53,180][INFO|database.py-merge_final:736] >> 최종 데이터 병합 완료 (Traffic/Parking/Other 분리)
[2026-09-26 19:05:53,202][INFO|duplicate_group_service.py-_log_info:53] >> [duplicate] payload exact 중복군 1개, 멤버 2건 재생성
.[2026-09-26 19:05:53,476][INFO|database.py-upgrade_schema:285] >> 테이블 'admin_users' 생성 중...
[2026-09-26 19:05:53,480][INFO|database.py-upgrade_schema:285] >> 테이블 'api_keys' 생성 중...
[2026-09-26 19:05:53,481][INFO|database.py-upgrade_schema:285] >> 테이블 'mysafety' 생성 중...
[2026-09-26 19:05:53,483][INFO|database.py-upgrade_schema:285] >> 테이블 'mysafety_change_cursor' 생성 중...
[2026-09-26 19:05:53,488][INFO|database.py-upgrade_schema:285] >> 테이블 'mysafety_change_log' 생성 중...
[2026-09-26 19:05:53,490][INFO|database.py-upgrade_schema:285] >> 테이블 'mysafety_duplicate_decision' 생성 중...
[2026-09-26 19:05:53,498][INFO|database.py-upgrade_schema:285] >> 테이블 'mysafety_duplicate_group' 생성 중...
[2026-09-26 19:05:53,501][INFO|database.py-upgrade_schema:285] >> 테이블 'mysafety_duplicate_member' 생성 중...
[2026-09-26 19:05:53,502][INFO|database.py-upgrade_schema:285] >> 테이블 'mysafety_entry_value' 생성 중...
[2026-09-26 19:05:53,504][INFO|database.py-upgrade_schema:285] >> 테이블 'mysafety_geocode_cache' 생성 중...
[2026-09-26 19:05:53,506][INFO|database.py-upgrade_schema:285] >> 테이블 'mysafety_raw_content' 생성 중...
[2026-09-26 19:05:53,508][INFO|database.py-upgrade_schema:285] >> 테이블 'mysafety_report_override' 생성 중...
[2026-09-26 19:05:53,509][INFO|database.py-upgrade_schema:285] >> 테이블 'mysafety_sync_meta' 생성 중...
[2026-09-26 19:05:53,511][INFO|database.py-upgrade_schema:285] >> 테이블 'mysafety_watchlist' 생성 중...
[2026-09-26 19:05:53,512][INFO|database.py-upgrade_schema:285] >> 테이블 'mysafetydetail_other' 생성 중...
[2026-09-26 19:05:53,515][INFO|database.py-upgrade_schema:285] >> 테이블 'mysafetydetail_parking' 생성 중...
[2026-09-26 19:05:53,517][INFO|database.py-upgrade_schema:285] >> 테이블 'mysafetydetail_traffic' 생성 중...
[2026-09-26 19:05:53,519][INFO|database.py-upgrade_schema:285] >> 테이블 'mysafetymerge_other' 생성 중...
[2026-09-26 19:05:53,522][INFO|database.py-upgrade_schema:285] >> 테이블 'mysafetymerge_parking' 생성 중...
[2026-09-26 19:05:53,527][INFO|database.py-upgrade_schema:285] >> 테이블 'mysafetymerge_traffic' 생성 중...
[2026-09-26 19:05:53,532][INFO|database.py-_apply_versioned_migrations:452] >> [schema] DB 스키마 버전 1 적용
[2026-09-26 19:05:53,542][INFO|database.py-_apply_versioned_migrations:452] >> [schema] DB 스키마 버전 2 적용
[2026-09-26 19:05:53,545][INFO|database.py-_apply_versioned_migrations:452] >> [schema] DB 스키마 버전 3 적용
[2026-09-26 19:05:53,559][INFO|database.py-_apply_versioned_migrations:452] >> [schema] DB 스키마 버전 4 적용
[2026-09-26 19:05:53,576][INFO|duplicate_group_service.py-_log_info:53] >> [duplicate] payload exact 중복군 0개, 멤버 0건 재생성
[2026-09-26 19:05:53,605][INFO|database.py-backfill_synced_at:100] >> [migration] mysafetydetail_traffic synced_at 백필: 12건, 미해결 0건
[2026-09-26 19:05:53,609][INFO|database.py-backfill_synced_at:100] >> [migration] mysafetydetail_parking synced_at 백필: 6건, 미해결 0건
[2026-09-26 19:05:53,613][INFO|database.py-backfill_synced_at:100] >> [migration] mysafetydetail_other synced_at 백필: 6건, 미해결 0건
[2026-09-26 19:05:53,616][INFO|database.py-backfill_synced_at:105] >> [migration] synced_at 백필 완료: 총 24건 갱신, merge 재생성 시작
[2026-09-26 19:05:53,623][INFO|database.py-merge_final:736] >> 최종 데이터 병합 완료 (Traffic/Parking/Other 분리)
/home/better0101/projects/safetyreport/.venv/lib/python3.14/site-packages/numpy/_core/_asarray.py:104: ResourceWarning: unclosed file <_io.FileIO name='/tmp/claude-1000/-home-better0101-projects-safetyreport/aa9d30e6-e7a5-4376-8fce-c9fb26682fbe/scratchpad/tmp.85iy7vc2dN/logs/current_crawl.log' mode='ab' closefd=True>
  requirements = {POSSIBLE_FLAGS[x.upper()] for x in requirements}
ResourceWarning: Enable tracemalloc to get the object allocation traceback
[2026-09-26 19:05:53,647][INFO|duplicate_group_service.py-_log_info:53] >> [duplicate] payload exact 중복군 1개, 멤버 2건 재생성
[2026-09-26 19:05:53,655][INFO|database.py-merge_final:736] >> 최종 데이터 병합 완료 (Traffic/Parking/Other 분리)
[2026-09-26 19:05:53,685][INFO|duplicate_group_service.py-_log_info:53] >> [duplicate] payload exact 중복군 1개, 멤버 2건 재생성
[2026-09-26 19:05:53,903][INFO|database.py-_normalize_processing_layers:188] >> [migration] raw/canonical 상태 정규화 완료: 총 5건 갱신
[2026-09-26 19:05:53,920][INFO|database.py-merge_final:736] >> 최종 데이터 병합 완료 (Traffic/Parking/Other 분리)
[2026-09-26 19:05:53,958][INFO|duplicate_group_service.py-_log_info:53] >> [duplicate] payload exact 중복군 1개, 멤버 2건 재생성
[2026-09-26 19:05:53,982][INFO|database.py-merge_final:736] >> 최종 데이터 병합 완료 (Traffic/Parking/Other 분리)
[2026-09-26 19:05:53,999][INFO|duplicate_group_service.py-_log_info:53] >> [duplicate] payload exact 중복군 0개, 멤버 0건 재생성
[2026-09-26 19:05:54,020][INFO|exchange.py-_restore_exclusive:413] >> mobile DB 복원 완료. 백업: /tmp/claude-1000/-home-better0101-projects-safetyreport/aa9d30e6-e7a5-4376-8fce-c9fb26682fbe/scratchpad/tmp.85iy7vc2dN/backups/data_before_restore_20260926_190554.db, 신고건수: 1
.[2026-09-26 19:05:54,180][INFO|database.py-upgrade_schema:285] >> 테이블 'admin_users' 생성 중...
[2026-09-26 19:05:54,184][INFO|database.py-upgrade_schema:285] >> 테이블 'api_keys' 생성 중...
[2026-09-26 19:05:54,186][INFO|database.py-upgrade_schema:285] >> 테이블 'mysafety' 생성 중...
[2026-09-26 19:05:54,188][INFO|database.py-upgrade_schema:285] >> 테이블 'mysafety_change_cursor' 생성 중...
[2026-09-26 19:05:54,190][INFO|database.py-upgrade_schema:285] >> 테이블 'mysafety_change_log' 생성 중...
[2026-09-26 19:05:54,192][INFO|database.py-upgrade_schema:285] >> 테이블 'mysafety_duplicate_decision' 생성 중...
[2026-09-26 19:05:54,194][INFO|database.py-upgrade_schema:285] >> 테이블 'mysafety_duplicate_group' 생성 중...
[2026-09-26 19:05:54,195][INFO|database.py-upgrade_schema:285] >> 테이블 'mysafety_duplicate_member' 생성 중...
[2026-09-26 19:05:54,197][INFO|database.py-upgrade_schema:285] >> 테이블 'mysafety_entry_value' 생성 중...
[2026-09-26 19:05:54,199][INFO|database.py-upgrade_schema:285] >> 테이블 'mysafety_geocode_cache' 생성 중...
[2026-09-26 19:05:54,201][INFO|database.py-upgrade_schema:285] >> 테이블 'mysafety_raw_content' 생성 중...
[2026-09-26 19:05:54,204][INFO|database.py-upgrade_schema:285] >> 테이블 'mysafety_report_override' 생성 중...
[2026-09-26 19:05:54,208][INFO|database.py-upgrade_schema:285] >> 테이블 'mysafety_sync_meta' 생성 중...
[2026-09-26 19:05:54,210][INFO|database.py-upgrade_schema:285] >> 테이블 'mysafety_watchlist' 생성 중...
[2026-09-26 19:05:54,217][INFO|database.py-upgrade_schema:285] >> 테이블 'mysafetydetail_other' 생성 중...
[2026-09-26 19:05:54,220][INFO|database.py-upgrade_schema:285] >> 테이블 'mysafetydetail_parking' 생성 중...
[2026-09-26 19:05:54,222][INFO|database.py-upgrade_schema:285] >> 테이블 'mysafetydetail_traffic' 생성 중...
[2026-09-26 19:05:54,224][INFO|database.py-upgrade_schema:285] >> 테이블 'mysafetymerge_other' 생성 중...
[2026-09-26 19:05:54,226][INFO|database.py-upgrade_schema:285] >> 테이블 'mysafetymerge_parking' 생성 중...
[2026-09-26 19:05:54,228][INFO|database.py-upgrade_schema:285] >> 테이블 'mysafetymerge_traffic' 생성 중...
[2026-09-26 19:05:54,232][INFO|database.py-_apply_versioned_migrations:452] >> [schema] DB 스키마 버전 1 적용
[2026-09-26 19:05:54,237][INFO|database.py-_apply_versioned_migrations:452] >> [schema] DB 스키마 버전 2 적용
[2026-09-26 19:05:54,240][INFO|database.py-_apply_versioned_migrations:452] >> [schema] DB 스키마 버전 3 적용
[2026-09-26 19:05:54,259][INFO|database.py-_apply_versioned_migrations:452] >> [schema] DB 스키마 버전 4 적용
[2026-09-26 19:05:54,284][INFO|duplicate_group_service.py-_log_info:53] >> [duplicate] payload exact 중복군 0개, 멤버 0건 재생성
[2026-09-26 19:05:54,321][INFO|database.py-backfill_synced_at:100] >> [migration] mysafetydetail_traffic synced_at 백필: 12건, 미해결 0건
[2026-09-26 19:05:54,325][INFO|database.py-backfill_synced_at:100] >> [migration] mysafetydetail_parking synced_at 백필: 6건, 미해결 0건
[2026-09-26 19:05:54,329][INFO|database.py-backfill_synced_at:100] >> [migration] mysafetydetail_other synced_at 백필: 6건, 미해결 0건
[2026-09-26 19:05:54,330][INFO|database.py-backfill_synced_at:105] >> [migration] synced_at 백필 완료: 총 24건 갱신, merge 재생성 시작
[2026-09-26 19:05:54,338][INFO|database.py-merge_final:736] >> 최종 데이터 병합 완료 (Traffic/Parking/Other 분리)
[2026-09-26 19:05:54,367][INFO|duplicate_group_service.py-_log_info:53] >> [duplicate] payload exact 중복군 1개, 멤버 2건 재생성
[2026-09-26 19:05:54,377][INFO|database.py-merge_final:736] >> 최종 데이터 병합 완료 (Traffic/Parking/Other 분리)
[2026-09-26 19:05:54,406][INFO|duplicate_group_service.py-_log_info:53] >> [duplicate] payload exact 중복군 1개, 멤버 2건 재생성
.[2026-09-26 19:05:54,574][INFO|database.py-upgrade_schema:285] >> 테이블 'admin_users' 생성 중...
[2026-09-26 19:05:54,576][INFO|database.py-upgrade_schema:285] >> 테이블 'api_keys' 생성 중...
[2026-09-26 19:05:54,578][INFO|database.py-upgrade_schema:285] >> 테이블 'mysafety' 생성 중...
[2026-09-26 19:05:54,580][INFO|database.py-upgrade_schema:285] >> 테이블 'mysafety_change_cursor' 생성 중...
[2026-09-26 19:05:54,582][INFO|database.py-upgrade_schema:285] >> 테이블 'mysafety_change_log' 생성 중...
[2026-09-26 19:05:54,583][INFO|database.py-upgrade_schema:285] >> 테이블 'mysafety_duplicate_decision' 생성 중...
[2026-09-26 19:05:54,584][INFO|database.py-upgrade_schema:285] >> 테이블 'mysafety_duplicate_group' 생성 중...
[2026-09-26 19:05:54,587][INFO|database.py-upgrade_schema:285] >> 테이블 'mysafety_duplicate_member' 생성 중...
[2026-09-26 19:05:54,589][INFO|database.py-upgrade_schema:285] >> 테이블 'mysafety_entry_value' 생성 중...
[2026-09-26 19:05:54,598][INFO|database.py-upgrade_schema:285] >> 테이블 'mysafety_geocode_cache' 생성 중...
[2026-09-26 19:05:54,600][INFO|database.py-upgrade_schema:285] >> 테이블 'mysafety_raw_content' 생성 중...
[2026-09-26 19:05:54,602][INFO|database.py-upgrade_schema:285] >> 테이블 'mysafety_report_override' 생성 중...
[2026-09-26 19:05:54,604][INFO|database.py-upgrade_schema:285] >> 테이블 'mysafety_sync_meta' 생성 중...
[2026-09-26 19:05:54,605][INFO|database.py-upgrade_schema:285] >> 테이블 'mysafety_watchlist' 생성 중...
[2026-09-26 19:05:54,607][INFO|database.py-upgrade_schema:285] >> 테이블 'mysafetydetail_other' 생성 중...
[2026-09-26 19:05:54,609][INFO|database.py-upgrade_schema:285] >> 테이블 'mysafetydetail_parking' 생성 중...
[2026-09-26 19:05:54,611][INFO|database.py-upgrade_schema:285] >> 테이블 'mysafetydetail_traffic' 생성 중...
[2026-09-26 19:05:54,613][INFO|database.py-upgrade_schema:285] >> 테이블 'mysafetymerge_other' 생성 중...
[2026-09-26 19:05:54,615][INFO|database.py-upgrade_schema:285] >> 테이블 'mysafetymerge_parking' 생성 중...
[2026-09-26 19:05:54,617][INFO|database.py-upgrade_schema:285] >> 테이블 'mysafetymerge_traffic' 생성 중...
[2026-09-26 19:05:54,620][INFO|database.py-_apply_versioned_migrations:452] >> [schema] DB 스키마 버전 1 적용
[2026-09-26 19:05:54,625][INFO|database.py-_apply_versioned_migrations:452] >> [schema] DB 스키마 버전 2 적용
[2026-09-26 19:05:54,627][INFO|database.py-_apply_versioned_migrations:452] >> [schema] DB 스키마 버전 3 적용
[2026-09-26 19:05:54,647][INFO|database.py-_apply_versioned_migrations:452] >> [schema] DB 스키마 버전 4 적용
[2026-09-26 19:05:54,661][INFO|duplicate_group_service.py-_log_info:53] >> [duplicate] payload exact 중복군 0개, 멤버 0건 재생성
[2026-09-26 19:05:54,690][INFO|database.py-backfill_synced_at:100] >> [migration] mysafetydetail_traffic synced_at 백필: 12건, 미해결 0건
[2026-09-26 19:05:54,693][INFO|database.py-backfill_synced_at:100] >> [migration] mysafetydetail_parking synced_at 백필: 6건, 미해결 0건
[2026-09-26 19:05:54,696][INFO|database.py-backfill_synced_at:100] >> [migration] mysafetydetail_other synced_at 백필: 6건, 미해결 0건
[2026-09-26 19:05:54,698][INFO|database.py-backfill_synced_at:105] >> [migration] synced_at 백필 완료: 총 24건 갱신, merge 재생성 시작
[2026-09-26 19:05:54,705][INFO|database.py-merge_final:736] >> 최종 데이터 병합 완료 (Traffic/Parking/Other 분리)
[2026-09-26 19:05:54,729][INFO|duplicate_group_service.py-_log_info:53] >> [duplicate] payload exact 중복군 1개, 멤버 2건 재생성
[2026-09-26 19:05:54,736][INFO|database.py-merge_final:736] >> 최종 데이터 병합 완료 (Traffic/Parking/Other 분리)
[2026-09-26 19:05:54,760][INFO|duplicate_group_service.py-_log_info:53] >> [duplicate] payload exact 중복군 1개, 멤버 2건 재생성
.[2026-09-26 19:05:54,926][INFO|database.py-upgrade_schema:285] >> 테이블 'admin_users' 생성 중...
[2026-09-26 19:05:54,929][INFO|database.py-upgrade_schema:285] >> 테이블 'api_keys' 생성 중...
[2026-09-26 19:05:54,931][INFO|database.py-upgrade_schema:285] >> 테이블 'mysafety' 생성 중...
[2026-09-26 19:05:54,932][INFO|database.py-upgrade_schema:285] >> 테이블 'mysafety_change_cursor' 생성 중...
[2026-09-26 19:05:54,933][INFO|database.py-upgrade_schema:285] >> 테이블 'mysafety_change_log' 생성 중...
[2026-09-26 19:05:54,935][INFO|database.py-upgrade_schema:285] >> 테이블 'mysafety_duplicate_decision' 생성 중...
[2026-09-26 19:05:54,937][INFO|database.py-upgrade_schema:285] >> 테이블 'mysafety_duplicate_group' 생성 중...
[2026-09-26 19:05:54,942][INFO|database.py-upgrade_schema:285] >> 테이블 'mysafety_duplicate_member' 생성 중...
[2026-09-26 19:05:54,944][INFO|database.py-upgrade_schema:285] >> 테이블 'mysafety_entry_value' 생성 중...
[2026-09-26 19:05:54,945][INFO|database.py-upgrade_schema:285] >> 테이블 'mysafety_geocode_cache' 생성 중...
[2026-09-26 19:05:54,949][INFO|database.py-upgrade_schema:285] >> 테이블 'mysafety_raw_content' 생성 중...
[2026-09-26 19:05:54,951][INFO|database.py-upgrade_schema:285] >> 테이블 'mysafety_report_override' 생성 중...
[2026-09-26 19:05:54,953][INFO|database.py-upgrade_schema:285] >> 테이블 'mysafety_sync_meta' 생성 중...
[2026-09-26 19:05:54,956][INFO|database.py-upgrade_schema:285] >> 테이블 'mysafety_watchlist' 생성 중...
[2026-09-26 19:05:54,958][INFO|database.py-upgrade_schema:285] >> 테이블 'mysafetydetail_other' 생성 중...
[2026-09-26 19:05:54,961][INFO|database.py-upgrade_schema:285] >> 테이블 'mysafetydetail_parking' 생성 중...
[2026-09-26 19:05:54,964][INFO|database.py-upgrade_schema:285] >> 테이블 'mysafetydetail_traffic' 생성 중...
[2026-09-26 19:05:54,966][INFO|database.py-upgrade_schema:285] >> 테이블 'mysafetymerge_other' 생성 중...
[2026-09-26 19:05:54,970][INFO|database.py-upgrade_schema:285] >> 테이블 'mysafetymerge_parking' 생성 중...
[2026-09-26 19:05:54,972][INFO|database.py-upgrade_schema:285] >> 테이블 'mysafetymerge_traffic' 생성 중...
[2026-09-26 19:05:54,984][INFO|database.py-_apply_versioned_migrations:452] >> [schema] DB 스키마 버전 1 적용
[2026-09-26 19:05:54,991][INFO|database.py-_apply_versioned_migrations:452] >> [schema] DB 스키마 버전 2 적용
[2026-09-26 19:05:54,994][INFO|database.py-_apply_versioned_migrations:452] >> [schema] DB 스키마 버전 3 적용
[2026-09-26 19:05:55,015][INFO|database.py-_apply_versioned_migrations:452] >> [schema] DB 스키마 버전 4 적용
[2026-09-26 19:05:55,036][INFO|duplicate_group_service.py-_log_info:53] >> [duplicate] payload exact 중복군 0개, 멤버 0건 재생성
[2026-09-26 19:05:55,075][INFO|database.py-backfill_synced_at:100] >> [migration] mysafetydetail_traffic synced_at 백필: 12건, 미해결 0건
[2026-09-26 19:05:55,080][INFO|database.py-backfill_synced_at:100] >> [migration] mysafetydetail_parking synced_at 백필: 6건, 미해결 0건
[2026-09-26 19:05:55,084][INFO|database.py-backfill_synced_at:100] >> [migration] mysafetydetail_other synced_at 백필: 6건, 미해결 0건
[2026-09-26 19:05:55,088][INFO|database.py-backfill_synced_at:105] >> [migration] synced_at 백필 완료: 총 24건 갱신, merge 재생성 시작
[2026-09-26 19:05:55,097][INFO|database.py-merge_final:736] >> 최종 데이터 병합 완료 (Traffic/Parking/Other 분리)
[2026-09-26 19:05:55,128][INFO|duplicate_group_service.py-_log_info:53] >> [duplicate] payload exact 중복군 1개, 멤버 2건 재생성
[2026-09-26 19:05:55,136][INFO|database.py-merge_final:736] >> 최종 데이터 병합 완료 (Traffic/Parking/Other 분리)
[2026-09-26 19:05:55,160][INFO|duplicate_group_service.py-_log_info:53] >> [duplicate] payload exact 중복군 1개, 멤버 2건 재생성
.[2026-09-26 19:05:55,628][INFO|database.py-upgrade_schema:285] >> 테이블 'admin_users' 생성 중...
[2026-09-26 19:05:55,640][INFO|database.py-upgrade_schema:285] >> 테이블 'api_keys' 생성 중...
[2026-09-26 19:05:55,643][INFO|database.py-upgrade_schema:285] >> 테이블 'mysafety' 생성 중...
[2026-09-26 19:05:55,646][INFO|database.py-upgrade_schema:285] >> 테이블 'mysafety_change_cursor' 생성 중...
[2026-09-26 19:05:55,649][INFO|database.py-upgrade_schema:285] >> 테이블 'mysafety_change_log' 생성 중...
[2026-09-26 19:05:55,651][INFO|database.py-upgrade_schema:285] >> 테이블 'mysafety_duplicate_decision' 생성 중...
[2026-09-26 19:05:55,653][INFO|database.py-upgrade_schema:285] >> 테이블 'mysafety_duplicate_group' 생성 중...
[2026-09-26 19:05:55,655][INFO|database.py-upgrade_schema:285] >> 테이블 'mysafety_duplicate_member' 생성 중...
[2026-09-26 19:05:55,658][INFO|database.py-upgrade_schema:285] >> 테이블 'mysafety_entry_value' 생성 중...
[2026-09-26 19:05:55,660][INFO|database.py-upgrade_schema:285] >> 테이블 'mysafety_geocode_cache' 생성 중...
[2026-09-26 19:05:55,662][INFO|database.py-upgrade_schema:285] >> 테이블 'mysafety_raw_content' 생성 중...
[2026-09-26 19:05:55,664][INFO|database.py-upgrade_schema:285] >> 테이블 'mysafety_report_override' 생성 중...
[2026-09-26 19:05:55,667][INFO|database.py-upgrade_schema:285] >> 테이블 'mysafety_sync_meta' 생성 중...
[2026-09-26 19:05:55,670][INFO|database.py-upgrade_schema:285] >> 테이블 'mysafety_watchlist' 생성 중...
[2026-09-26 19:05:55,672][INFO|database.py-upgrade_schema:285] >> 테이블 'mysafetydetail_other' 생성 중...
[2026-09-26 19:05:55,675][INFO|database.py-upgrade_schema:285] >> 테이블 'mysafetydetail_parking' 생성 중...
[2026-09-26 19:05:55,679][INFO|database.py-upgrade_schema:285] >> 테이블 'mysafetydetail_traffic' 생성 중...
[2026-09-26 19:05:55,688][INFO|database.py-upgrade_schema:285] >> 테이블 'mysafetymerge_other' 생성 중...
[2026-09-26 19:05:55,694][INFO|database.py-upgrade_schema:285] >> 테이블 'mysafetymerge_parking' 생성 중...
[2026-09-26 19:05:55,697][INFO|database.py-upgrade_schema:285] >> 테이블 'mysafetymerge_traffic' 생성 중...
[2026-09-26 19:05:55,703][INFO|database.py-_apply_versioned_migrations:452] >> [schema] DB 스키마 버전 1 적용
[2026-09-26 19:05:55,710][INFO|database.py-_apply_versioned_migrations:452] >> [schema] DB 스키마 버전 2 적용
[2026-09-26 19:05:55,712][INFO|database.py-_apply_versioned_migrations:452] >> [schema] DB 스키마 버전 3 적용
[2026-09-26 19:05:55,740][INFO|database.py-_apply_versioned_migrations:452] >> [schema] DB 스키마 버전 4 적용
[2026-09-26 19:05:55,761][INFO|duplicate_group_service.py-_log_info:53] >> [duplicate] payload exact 중복군 0개, 멤버 0건 재생성
[2026-09-26 19:05:55,798][INFO|database.py-backfill_synced_at:100] >> [migration] mysafetydetail_traffic synced_at 백필: 12건, 미해결 0건
[2026-09-26 19:05:55,801][INFO|database.py-backfill_synced_at:100] >> [migration] mysafetydetail_parking synced_at 백필: 6건, 미해결 0건
[2026-09-26 19:05:55,804][INFO|database.py-backfill_synced_at:100] >> [migration] mysafetydetail_other synced_at 백필: 6건, 미해결 0건
[2026-09-26 19:05:55,807][INFO|database.py-backfill_synced_at:105] >> [migration] synced_at 백필 완료: 총 24건 갱신, merge 재생성 시작
[2026-09-26 19:05:55,814][INFO|database.py-merge_final:736] >> 최종 데이터 병합 완료 (Traffic/Parking/Other 분리)
[2026-09-26 19:05:55,843][INFO|duplicate_group_service.py-_log_info:53] >> [duplicate] payload exact 중복군 1개, 멤버 2건 재생성
[2026-09-26 19:05:55,855][INFO|database.py-merge_final:736] >> 최종 데이터 병합 완료 (Traffic/Parking/Other 분리)
[2026-09-26 19:05:55,879][INFO|duplicate_group_service.py-_log_info:53] >> [duplicate] payload exact 중복군 1개, 멤버 2건 재생성
.[2026-09-26 19:05:56,062][INFO|database.py-upgrade_schema:285] >> 테이블 'admin_users' 생성 중...
[2026-09-26 19:05:56,069][INFO|database.py-upgrade_schema:285] >> 테이블 'api_keys' 생성 중...
[2026-09-26 19:05:56,073][INFO|database.py-upgrade_schema:285] >> 테이블 'mysafety' 생성 중...
[2026-09-26 19:05:56,078][INFO|database.py-upgrade_schema:285] >> 테이블 'mysafety_change_cursor' 생성 중...
[2026-09-26 19:05:56,080][INFO|database.py-upgrade_schema:285] >> 테이블 'mysafety_change_log' 생성 중...
[2026-09-26 19:05:56,082][INFO|database.py-upgrade_schema:285] >> 테이블 'mysafety_duplicate_decision' 생성 중...
[2026-09-26 19:05:56,084][INFO|database.py-upgrade_schema:285] >> 테이블 'mysafety_duplicate_group' 생성 중...
[2026-09-26 19:05:56,090][INFO|database.py-upgrade_schema:285] >> 테이블 'mysafety_duplicate_member' 생성 중...
[2026-09-26 19:05:56,093][INFO|database.py-upgrade_schema:285] >> 테이블 'mysafety_entry_value' 생성 중...
[2026-09-26 19:05:56,095][INFO|database.py-upgrade_schema:285] >> 테이블 'mysafety_geocode_cache' 생성 중...
[2026-09-26 19:05:56,097][INFO|database.py-upgrade_schema:285] >> 테이블 'mysafety_raw_content' 생성 중...
[2026-09-26 19:05:56,099][INFO|database.py-upgrade_schema:285] >> 테이블 'mysafety_report_override' 생성 중...
[2026-09-26 19:05:56,106][INFO|database.py-upgrade_schema:285] >> 테이블 'mysafety_sync_meta' 생성 중...
[2026-09-26 19:05:56,108][INFO|database.py-upgrade_schema:285] >> 테이블 'mysafety_watchlist' 생성 중...
[2026-09-26 19:05:56,110][INFO|database.py-upgrade_schema:285] >> 테이블 'mysafetydetail_other' 생성 중...
[2026-09-26 19:05:56,113][INFO|database.py-upgrade_schema:285] >> 테이블 'mysafetydetail_parking' 생성 중...
[2026-09-26 19:05:56,115][INFO|database.py-upgrade_schema:285] >> 테이블 'mysafetydetail_traffic' 생성 중...
[2026-09-26 19:05:56,117][INFO|database.py-upgrade_schema:285] >> 테이블 'mysafetymerge_other' 생성 중...
[2026-09-26 19:05:56,120][INFO|database.py-upgrade_schema:285] >> 테이블 'mysafetymerge_parking' 생성 중...
[2026-09-26 19:05:56,158][INFO|database.py-upgrade_schema:285] >> 테이블 'mysafetymerge_traffic' 생성 중...
[2026-09-26 19:05:56,744][INFO|database.py-_apply_versioned_migrations:452] >> [schema] DB 스키마 버전 1 적용
[2026-09-26 19:05:56,760][INFO|database.py-_apply_versioned_migrations:452] >> [schema] DB 스키마 버전 2 적용
[2026-09-26 19:05:56,763][INFO|database.py-_apply_versioned_migrations:452] >> [schema] DB 스키마 버전 3 적용
[2026-09-26 19:05:56,791][INFO|database.py-_apply_versioned_migrations:452] >> [schema] DB 스키마 버전 4 적용
[2026-09-26 19:05:56,809][INFO|duplicate_group_service.py-_log_info:53] >> [duplicate] payload exact 중복군 0개, 멤버 0건 재생성
[2026-09-26 19:05:56,843][INFO|database.py-backfill_synced_at:100] >> [migration] mysafetydetail_traffic synced_at 백필: 12건, 미해결 0건
[2026-09-26 19:05:56,846][INFO|database.py-backfill_synced_at:100] >> [migration] mysafetydetail_parking synced_at 백필: 6건, 미해결 0건
[2026-09-26 19:05:56,849][INFO|database.py-backfill_synced_at:100] >> [migration] mysafetydetail_other synced_at 백필: 6건, 미해결 0건
[2026-09-26 19:05:56,851][INFO|database.py-backfill_synced_at:105] >> [migration] synced_at 백필 완료: 총 24건 갱신, merge 재생성 시작
[2026-09-26 19:05:56,858][INFO|database.py-merge_final:736] >> 최종 데이터 병합 완료 (Traffic/Parking/Other 분리)
[2026-09-26 19:05:56,883][INFO|duplicate_group_service.py-_log_info:53] >> [duplicate] payload exact 중복군 1개, 멤버 2건 재생성
[2026-09-26 19:05:56,893][INFO|database.py-merge_final:736] >> 최종 데이터 병합 완료 (Traffic/Parking/Other 분리)
[2026-09-26 19:05:56,921][INFO|duplicate_group_service.py-_log_info:53] >> [duplicate] payload exact 중복군 1개, 멤버 2건 재생성
.[2026-09-26 19:05:57,072][INFO|database.py-upgrade_schema:285] >> 테이블 'admin_users' 생성 중...
[2026-09-26 19:05:57,075][INFO|database.py-upgrade_schema:285] >> 테이블 'api_keys' 생성 중...
[2026-09-26 19:05:57,076][INFO|database.py-upgrade_schema:285] >> 테이블 'mysafety' 생성 중...
[2026-09-26 19:05:57,078][INFO|database.py-upgrade_schema:285] >> 테이블 'mysafety_change_cursor' 생성 중...
[2026-09-26 19:05:57,080][INFO|database.py-upgrade_schema:285] >> 테이블 'mysafety_change_log' 생성 중...
[2026-09-26 19:05:57,086][INFO|database.py-upgrade_schema:285] >> 테이블 'mysafety_duplicate_decision' 생성 중...
[2026-09-26 19:05:57,088][INFO|database.py-upgrade_schema:285] >> 테이블 'mysafety_duplicate_group' 생성 중...
[2026-09-26 19:05:57,092][INFO|database.py-upgrade_schema:285] >> 테이블 'mysafety_duplicate_member' 생성 중...
[2026-09-26 19:05:57,095][INFO|database.py-upgrade_schema:285] >> 테이블 'mysafety_entry_value' 생성 중...
[2026-09-26 19:05:57,100][INFO|database.py-upgrade_schema:285] >> 테이블 'mysafety_geocode_cache' 생성 중...
[2026-09-26 19:05:57,102][INFO|database.py-upgrade_schema:285] >> 테이블 'mysafety_raw_content' 생성 중...
[2026-09-26 19:05:57,104][INFO|database.py-upgrade_schema:285] >> 테이블 'mysafety_report_override' 생성 중...
[2026-09-26 19:05:57,106][INFO|database.py-upgrade_schema:285] >> 테이블 'mysafety_sync_meta' 생성 중...
[2026-09-26 19:05:57,109][INFO|database.py-upgrade_schema:285] >> 테이블 'mysafety_watchlist' 생성 중...
[2026-09-26 19:05:57,110][INFO|database.py-upgrade_schema:285] >> 테이블 'mysafetydetail_other' 생성 중...
[2026-09-26 19:05:57,113][INFO|database.py-upgrade_schema:285] >> 테이블 'mysafetydetail_parking' 생성 중...
[2026-09-26 19:05:57,116][INFO|database.py-upgrade_schema:285] >> 테이블 'mysafetydetail_traffic' 생성 중...
[2026-09-26 19:05:57,118][INFO|database.py-upgrade_schema:285] >> 테이블 'mysafetymerge_other' 생성 중...
[2026-09-26 19:05:57,121][INFO|database.py-upgrade_schema:285] >> 테이블 'mysafetymerge_parking' 생성 중...
[2026-09-26 19:05:57,124][INFO|database.py-upgrade_schema:285] >> 테이블 'mysafetymerge_traffic' 생성 중...
[2026-09-26 19:05:57,128][INFO|database.py-_apply_versioned_migrations:452] >> [schema] DB 스키마 버전 1 적용
[2026-09-26 19:05:57,137][INFO|database.py-_apply_versioned_migrations:452] >> [schema] DB 스키마 버전 2 적용
[2026-09-26 19:05:57,139][INFO|database.py-_apply_versioned_migrations:452] >> [schema] DB 스키마 버전 3 적용
[2026-09-26 19:05:57,160][INFO|database.py-_apply_versioned_migrations:452] >> [schema] DB 스키마 버전 4 적용
[2026-09-26 19:05:57,177][INFO|duplicate_group_service.py-_log_info:53] >> [duplicate] payload exact 중복군 0개, 멤버 0건 재생성
[2026-09-26 19:05:57,210][INFO|database.py-backfill_synced_at:100] >> [migration] mysafetydetail_traffic synced_at 백필: 12건, 미해결 0건
[2026-09-26 19:05:57,214][INFO|database.py-backfill_synced_at:100] >> [migration] mysafetydetail_parking synced_at 백필: 6건, 미해결 0건
[2026-09-26 19:05:57,217][INFO|database.py-backfill_synced_at:100] >> [migration] mysafetydetail_other synced_at 백필: 6건, 미해결 0건
[2026-09-26 19:05:57,219][INFO|database.py-backfill_synced_at:105] >> [migration] synced_at 백필 완료: 총 24건 갱신, merge 재생성 시작
[2026-09-26 19:05:57,225][INFO|database.py-merge_final:736] >> 최종 데이터 병합 완료 (Traffic/Parking/Other 분리)
[2026-09-26 19:05:57,249][INFO|duplicate_group_service.py-_log_info:53] >> [duplicate] payload exact 중복군 1개, 멤버 2건 재생성
[2026-09-26 19:05:57,259][INFO|database.py-merge_final:736] >> 최종 데이터 병합 완료 (Traffic/Parking/Other 분리)
[2026-09-26 19:05:57,283][INFO|duplicate_group_service.py-_log_info:53] >> [duplicate] payload exact 중복군 1개, 멤버 2건 재생성
[2026-09-26 19:05:57,411][INFO|start.py-_run_crawling_process:335] >> 큐 지정 크롤링 모드입니다. 전체 목록 갱신을 건너뜁니다.
[2026-09-26 19:05:57,413][WARNING|start.py-extract_ids_from_queue:126] >> 큐 신고번호 SPP-0000-NOPE의 ID를 찾을 수 없습니다. 목록 크롤링 후 재검색합니다.
[2026-09-26 19:05:57,413][INFO|start.py-_run_crawling_process:380] >> 미확인 신고번호 1건을 목록 전체에서 찾습니다.
[2026-09-26 19:05:57,413][INFO|crawltitle_api.py-crawl_titles:74] >> API 방식으로 목록 데이터를 호출합니다. (direct_login 세션)
[2026-09-26 19:05:57,413][INFO|crawltitle_api.py-crawl_titles:104] >> API 확인됨: 총 24건 (1페이지 분량)
[2026-09-26 19:05:57,413][INFO|crawltitle_api.py-crawl_titles:117] >> API 목록 로드 중: 1 페이지 (1~24건)
[2026-09-26 19:05:57,435][INFO|database.py-title_to_sql:694] >> 총 24건 title 테이블 upsert 완료. (신규: 0건)
[2026-09-26 19:05:57,436][WARNING|start.py-_run_crawling_process:419] >> 목록 전체를 찾아도 없는 신고번호: ['SPP-0000-NOPE']
[2026-09-26 19:05:57,436][INFO|start.py-_run_crawling_process:423] >> 큐 파일에서 2개의 아이템 크롤링 시작.
[2026-09-26 19:05:57,436][INFO|start.py-_run_crawling_process:437] >> 상세 크롤링 대상 ID: 2 건 (순차 처리)
[2026-09-26 19:05:57,436][INFO|start.py-_run_crawling_process:442] >> [API 방식] 상세 데이터 추출 시작
[2026-09-26 19:05:57,459][ERROR|start.py-_save_details_as_they_arrive:484] >> 상세 크롤링이 중간에 멈췄습니다(1건까지 저장됨): 네트워크 끊김
[2026-09-26 19:05:57,459][INFO|start.py-_save_details_as_they_arrive:485] >> 상세 저장 1건 (변경/신규 1건, 실패 0건)
[2026-09-26 19:05:57,471][WARNING|crawl_manager.py-_read_queue_report:210] >> [crawl] 대기 큐에서 목록 전체에 없는 신고번호 제외: ['SPP-0000-NOPE']
[2026-09-26 19:05:57,475][ERROR|start.py-main:578] >> 직접 로그인 실패: login failed
[2026-09-26 19:05:57,475][WARNING|start.py-main:579] >> 직접 로그인 최대 재시도(5) 실패. Selenium 로그인 후 브라우저 기반 API 호출 fallback으로 진행합니다.
[2026-09-26 19:05:57,475][ERROR|start.py-main:601] >> 실행 중 치명적 오류 발생: no browser
[2026-09-26 19:05:57,476][INFO|start.py-main:617] >> ====== 크롤링 작업 완료 ======
.[2026-09-26 19:05:57,486][INFO|database.py-upgrade_schema:285] >> 테이블 'admin_users' 생성 중...
[2026-09-26 19:05:57,489][INFO|database.py-upgrade_schema:285] >> 테이블 'api_keys' 생성 중...
[2026-09-26 19:05:57,490][INFO|database.py-upgrade_schema:285] >> 테이블 'mysafety' 생성 중...
[2026-09-26 19:05:57,493][INFO|database.py-upgrade_schema:285] >> 테이블 'mysafety_change_cursor' 생성 중...
[2026-09-26 19:05:57,500][INFO|database.py-upgrade_schema:285] >> 테이블 'mysafety_change_log' 생성 중...
[2026-09-26 19:05:57,502][INFO|database.py-upgrade_schema:285] >> 테이블 'mysafety_duplicate_decision' 생성 중...
[2026-09-26 19:05:57,504][INFO|database.py-upgrade_schema:285] >> 테이블 'mysafety_duplicate_group' 생성 중...
[2026-09-26 19:05:57,506][INFO|database.py-upgrade_schema:285] >> 테이블 'mysafety_duplicate_member' 생성 중...
[2026-09-26 19:05:57,508][INFO|database.py-upgrade_schema:285] >> 테이블 'mysafety_entry_value' 생성 중...
[2026-09-26 19:05:57,510][INFO|database.py-upgrade_schema:285] >> 테이블 'mysafety_geocode_cache' 생성 중...
[2026-09-26 19:05:57,512][INFO|database.py-upgrade_schema:285] >> 테이블 'mysafety_raw_content' 생성 중...
[2026-09-26 19:05:57,513][INFO|database.py-upgrade_schema:285] >> 테이블 'mysafety_report_override' 생성 중...
[2026-09-26 19:05:57,515][INFO|database.py-upgrade_schema:285] >> 테이블 'mysafety_sync_meta' 생성 중...
[2026-09-26 19:05:57,517][INFO|database.py-upgrade_schema:285] >> 테이블 'mysafety_watchlist' 생성 중...
[2026-09-26 19:05:57,520][INFO|database.py-upgrade_schema:285] >> 테이블 'mysafetydetail_other' 생성 중...
[2026-09-26 19:05:57,522][INFO|database.py-upgrade_schema:285] >> 테이블 'mysafetydetail_parking' 생성 중...
[2026-09-26 19:05:57,529][INFO|database.py-upgrade_schema:285] >> 테이블 'mysafetydetail_traffic' 생성 중...
[2026-09-26 19:05:57,531][INFO|database.py-upgrade_schema:285] >> 테이블 'mysafetymerge_other' 생성 중...
[2026-09-26 19:05:57,538][INFO|database.py-upgrade_schema:285] >> 테이블 'mysafetymerge_parking' 생성 중...
[2026-09-26 19:05:57,540][INFO|database.py-upgrade_schema:285] >> 테이블 'mysafetymerge_traffic' 생성 중...
[2026-09-26 19:05:57,544][INFO|database.py-_apply_versioned_migrations:452] >> [schema] DB 스키마 버전 1 적용
[2026-09-26 19:05:57,552][INFO|database.py-_apply_versioned_migrations:452] >> [schema] DB 스키마 버전 2 적용
[2026-09-26 19:05:57,554][INFO|database.py-_apply_versioned_migrations:452] >> [schema] DB 스키마 버전 3 적용
[2026-09-26 19:05:57,578][INFO|database.py-_apply_versioned_migrations:452] >> [schema] DB 스키마 버전 4 적용
[2026-09-26 19:05:57,593][INFO|duplicate_group_service.py-_log_info:53] >> [duplicate] payload exact 중복군 0개, 멤버 0건 재생성
[2026-09-26 19:05:57,626][INFO|database.py-backfill_synced_at:100] >> [migration] mysafetydetail_traffic synced_at 백필: 12건, 미해결 0건
[2026-09-26 19:05:57,630][INFO|database.py-backfill_synced_at:100] >> [migration] mysafetydetail_parking synced_at 백필: 6건, 미해결 0건
[2026-09-26 19:05:57,633][INFO|database.py-backfill_synced_at:100] >> [migration] mysafetydetail_other synced_at 백필: 6건, 미해결 0건
[2026-09-26 19:05:57,641][INFO|database.py-backfill_synced_at:105] >> [migration] synced_at 백필 완료: 총 24건 갱신, merge 재생성 시작
[2026-09-26 19:05:57,648][INFO|database.py-merge_final:736] >> 최종 데이터 병합 완료 (Traffic/Parking/Other 분리)
/home/better0101/projects/safetyreport/.venv/lib/python3.14/site-packages/pandas/core/internals/managers.py:2410: ResourceWarning: unclosed file <_io.TextIOWrapper name='/tmp/claude-1000/-home-better0101-projects-safetyreport/aa9d30e6-e7a5-4376-8fce-c9fb26682fbe/scratchpad/tmp.85iy7vc2dN/logs/current_crawl.log' mode='a' encoding='utf-8'>
  block_type(x[1], placement=BlockPlacement(x[0]), ndim=2)
ResourceWarning: Enable tracemalloc to get the object allocation traceback
[2026-09-26 19:05:57,680][INFO|duplicate_group_service.py-_log_info:53] >> [duplicate] payload exact 중복군 1개, 멤버 2건 재생성
[2026-09-26 19:05:57,686][INFO|database.py-merge_final:736] >> 최종 데이터 병합 완료 (Traffic/Parking/Other 분리)
[2026-09-26 19:05:57,709][INFO|duplicate_group_service.py-_log_info:53] >> [duplicate] payload exact 중복군 1개, 멤버 2건 재생성
.[2026-09-26 19:05:58,294][INFO|database.py-upgrade_schema:285] >> 테이블 'admin_users' 생성 중...
[2026-09-26 19:05:58,304][INFO|database.py-upgrade_schema:285] >> 테이블 'api_keys' 생성 중...
[2026-09-26 19:05:58,306][INFO|database.py-upgrade_schema:285] >> 테이블 'mysafety' 생성 중...
[2026-09-26 19:05:58,310][INFO|database.py-upgrade_schema:285] >> 테이블 'mysafety_change_cursor' 생성 중...
[2026-09-26 19:05:58,318][INFO|database.py-upgrade_schema:285] >> 테이블 'mysafety_change_log' 생성 중...
[2026-09-26 19:05:58,322][INFO|database.py-upgrade_schema:285] >> 테이블 'mysafety_duplicate_decision' 생성 중...
[2026-09-26 19:05:58,324][INFO|database.py-upgrade_schema:285] >> 테이블 'mysafety_duplicate_group' 생성 중...
[2026-09-26 19:05:58,327][INFO|database.py-upgrade_schema:285] >> 테이블 'mysafety_duplicate_member' 생성 중...
[2026-09-26 19:05:58,329][INFO|database.py-upgrade_schema:285] >> 테이블 'mysafety_entry_value' 생성 중...
[2026-09-26 19:05:58,332][INFO|database.py-upgrade_schema:285] >> 테이블 'mysafety_geocode_cache' 생성 중...
[2026-09-26 19:05:58,338][INFO|database.py-upgrade_schema:285] >> 테이블 'mysafety_raw_content' 생성 중...
[2026-09-26 19:05:58,341][INFO|database.py-upgrade_schema:285] >> 테이블 'mysafety_report_override' 생성 중...
[2026-09-26 19:05:58,345][INFO|database.py-upgrade_schema:285] >> 테이블 'mysafety_sync_meta' 생성 중...
[2026-09-26 19:05:58,347][INFO|database.py-upgrade_schema:285] >> 테이블 'mysafety_watchlist' 생성 중...
[2026-09-26 19:05:58,350][INFO|database.py-upgrade_schema:285] >> 테이블 'mysafetydetail_other' 생성 중...
[2026-09-26 19:05:58,353][INFO|database.py-upgrade_schema:285] >> 테이블 'mysafetydetail_parking' 생성 중...
[2026-09-26 19:05:58,356][INFO|database.py-upgrade_schema:285] >> 테이블 'mysafetydetail_traffic' 생성 중...
[2026-09-26 19:05:58,358][INFO|database.py-upgrade_schema:285] >> 테이블 'mysafetymerge_other' 생성 중...
[2026-09-26 19:05:58,362][INFO|database.py-upgrade_schema:285] >> 테이블 'mysafetymerge_parking' 생성 중...
[2026-09-26 19:05:58,370][INFO|database.py-upgrade_schema:285] >> 테이블 'mysafetymerge_traffic' 생성 중...
[2026-09-26 19:05:58,380][INFO|database.py-_apply_versioned_migrations:452] >> [schema] DB 스키마 버전 1 적용
[2026-09-26 19:05:58,389][INFO|database.py-_apply_versioned_migrations:452] >> [schema] DB 스키마 버전 2 적용
[2026-09-26 19:05:58,392][INFO|database.py-_apply_versioned_migrations:452] >> [schema] DB 스키마 버전 3 적용
[2026-09-26 19:05:58,421][INFO|database.py-_apply_versioned_migrations:452] >> [schema] DB 스키마 버전 4 적용
[2026-09-26 19:05:58,435][INFO|duplicate_group_service.py-_log_info:53] >> [duplicate] payload exact 중복군 0개, 멤버 0건 재생성
[2026-09-26 19:05:58,472][INFO|database.py-backfill_synced_at:100] >> [migration] mysafetydetail_traffic synced_at 백필: 12건, 미해결 0건
[2026-09-26 19:05:58,476][INFO|database.py-backfill_synced_at:100] >> [migration] mysafetydetail_parking synced_at 백필: 6건, 미해결 0건
[2026-09-26 19:05:58,480][INFO|database.py-backfill_synced_at:100] >> [migration] mysafetydetail_other synced_at 백필: 6건, 미해결 0건
[2026-09-26 19:05:58,484][INFO|database.py-backfill_synced_at:105] >> [migration] synced_at 백필 완료: 총 24건 갱신, merge 재생성 시작
[2026-09-26 19:05:58,493][INFO|database.py-merge_final:736] >> 최종 데이터 병합 완료 (Traffic/Parking/Other 분리)
/home/better0101/projects/safetyreport/.venv/lib/python3.14/site-packages/pandas/core/internals/managers.py:2410: ResourceWarning: unclosed file <_io.FileIO name='/tmp/claude-1000/-home-better0101-projects-safetyreport/aa9d30e6-e7a5-4376-8fce-c9fb26682fbe/scratchpad/tmp.85iy7vc2dN/logs/current_crawl.log' mode='ab' closefd=True>
  block_type(x[1], placement=BlockPlacement(x[0]), ndim=2)
ResourceWarning: Enable tracemalloc to get the object allocation traceback
[2026-09-26 19:05:58,519][INFO|duplicate_group_service.py-_log_info:53] >> [duplicate] payload exact 중복군 1개, 멤버 2건 재생성
[2026-09-26 19:05:58,534][INFO|database.py-merge_final:736] >> 최종 데이터 병합 완료 (Traffic/Parking/Other 분리)
[2026-09-26 19:05:58,559][INFO|duplicate_group_service.py-_log_info:53] >> [duplicate] payload exact 중복군 1개, 멤버 2건 재생성
[2026-09-26 19:05:58,855][INFO|database.py-_normalize_processing_layers:188] >> [migration] raw/canonical 상태 정규화 완료: 총 5건 갱신
[2026-09-26 19:05:58,877][INFO|database.py-merge_final:736] >> 최종 데이터 병합 완료 (Traffic/Parking/Other 분리)
[2026-09-26 19:05:58,913][INFO|duplicate_group_service.py-_log_info:53] >> [duplicate] payload exact 중복군 1개, 멤버 2건 재생성
[2026-09-26 19:05:58,944][INFO|database.py-merge_final:736] >> 최종 데이터 병합 완료 (Traffic/Parking/Other 분리)
[2026-09-26 19:05:58,974][INFO|duplicate_group_service.py-_log_info:53] >> [duplicate] payload exact 중복군 0개, 멤버 0건 재생성
[2026-09-26 19:05:59,011][INFO|exchange.py-_restore_exclusive:413] >> mobile DB 복원 완료. 백업: /tmp/claude-1000/-home-better0101-projects-safetyreport/aa9d30e6-e7a5-4376-8fce-c9fb26682fbe/scratchpad/tmp.85iy7vc2dN/backups/data_before_restore_20260926_190558.db, 신고건수: 1
.[2026-09-26 19:05:59,021][INFO|database.py-upgrade_schema:285] >> 테이블 'admin_users' 생성 중...
[2026-09-26 19:05:59,030][INFO|database.py-upgrade_schema:285] >> 테이블 'api_keys' 생성 중...
[2026-09-26 19:05:59,034][INFO|database.py-upgrade_schema:285] >> 테이블 'mysafety' 생성 중...
[2026-09-26 19:05:59,036][INFO|database.py-upgrade_schema:285] >> 테이블 'mysafety_change_cursor' 생성 중...
[2026-09-26 19:05:59,039][INFO|database.py-upgrade_schema:285] >> 테이블 'mysafety_change_log' 생성 중...
[2026-09-26 19:05:59,042][INFO|database.py-upgrade_schema:285] >> 테이블 'mysafety_duplicate_decision' 생성 중...
[2026-09-26 19:05:59,046][INFO|database.py-upgrade_schema:285] >> 테이블 'mysafety_duplicate_group' 생성 중...
[2026-09-26 19:05:59,049][INFO|database.py-upgrade_schema:285] >> 테이블 'mysafety_duplicate_member' 생성 중...
[2026-09-26 19:05:59,051][INFO|database.py-upgrade_schema:285] >> 테이블 'mysafety_entry_value' 생성 중...
[2026-09-26 19:05:59,054][INFO|database.py-upgrade_schema:285] >> 테이블 'mysafety_geocode_cache' 생성 중...
[2026-09-26 19:05:59,056][INFO|database.py-upgrade_schema:285] >> 테이블 'mysafety_raw_content' 생성 중...
[2026-09-26 19:05:59,058][INFO|database.py-upgrade_schema:285] >> 테이블 'mysafety_report_override' 생성 중...
[2026-09-26 19:05:59,061][INFO|database.py-upgrade_schema:285] >> 테이블 'mysafety_sync_meta' 생성 중...
[2026-09-26 19:05:59,063][INFO|database.py-upgrade_schema:285] >> 테이블 'mysafety_watchlist' 생성 중...
[2026-09-26 19:05:59,068][INFO|database.py-upgrade_schema:285] >> 테이블 'mysafetydetail_other' 생성 중...
[2026-09-26 19:05:59,073][INFO|database.py-upgrade_schema:285] >> 테이블 'mysafetydetail_parking' 생성 중...
[2026-09-26 19:05:59,080][INFO|database.py-upgrade_schema:285] >> 테이블 'mysafetydetail_traffic' 생성 중...
[2026-09-26 19:05:59,094][INFO|database.py-upgrade_schema:285] >> 테이블 'mysafetymerge_other' 생성 중...
[2026-09-26 19:05:59,100][INFO|database.py-upgrade_schema:285] >> 테이블 'mysafetymerge_parking' 생성 중...
[2026-09-26 19:05:59,104][INFO|database.py-upgrade_schema:285] >> 테이블 'mysafetymerge_traffic' 생성 중...
[2026-09-26 19:05:59,118][INFO|database.py-_apply_versioned_migrations:452] >> [schema] DB 스키마 버전 1 적용
[2026-09-26 19:05:59,133][INFO|database.py-_apply_versioned_migrations:452] >> [schema] DB 스키마 버전 2 적용
[2026-09-26 19:05:59,156][INFO|database.py-_apply_versioned_migrations:452] >> [schema] DB 스키마 버전 3 적용
[2026-09-26 19:05:59,198][INFO|database.py-_apply_versioned_migrations:452] >> [schema] DB 스키마 버전 4 적용
[2026-09-26 19:05:59,317][INFO|duplicate_group_service.py-_log_info:53] >> [duplicate] payload exact 중복군 0개, 멤버 0건 재생성
[2026-09-26 19:05:59,359][INFO|database.py-backfill_synced_at:100] >> [migration] mysafetydetail_traffic synced_at 백필: 12건, 미해결 0건
[2026-09-26 19:05:59,362][INFO|database.py-backfill_synced_at:100] >> [migration] mysafetydetail_parking synced_at 백필: 6건, 미해결 0건
[2026-09-26 19:05:59,366][INFO|database.py-backfill_synced_at:100] >> [migration] mysafetydetail_other synced_at 백필: 6건, 미해결 0건
[2026-09-26 19:05:59,369][INFO|database.py-backfill_synced_at:105] >> [migration] synced_at 백필 완료: 총 24건 갱신, merge 재생성 시작
[2026-09-26 19:05:59,381][INFO|database.py-merge_final:736] >> 최종 데이터 병합 완료 (Traffic/Parking/Other 분리)
[2026-09-26 19:05:59,434][INFO|duplicate_group_service.py-_log_info:53] >> [duplicate] payload exact 중복군 1개, 멤버 2건 재생성
[2026-09-26 19:05:59,451][INFO|database.py-merge_final:736] >> 최종 데이터 병합 완료 (Traffic/Parking/Other 분리)
[2026-09-26 19:05:59,487][INFO|duplicate_group_service.py-_log_info:53] >> [duplicate] payload exact 중복군 1개, 멤버 2건 재생성
.[2026-09-26 19:05:59,688][INFO|database.py-upgrade_schema:285] >> 테이블 'admin_users' 생성 중...
[2026-09-26 19:05:59,691][INFO|database.py-upgrade_schema:285] >> 테이블 'api_keys' 생성 중...
[2026-09-26 19:05:59,693][INFO|database.py-upgrade_schema:285] >> 테이블 'mysafety' 생성 중...
[2026-09-26 19:05:59,694][INFO|database.py-upgrade_schema:285] >> 테이블 'mysafety_change_cursor' 생성 중...
[2026-09-26 19:05:59,696][INFO|database.py-upgrade_schema:285] >> 테이블 'mysafety_change_log' 생성 중...
[2026-09-26 19:05:59,697][INFO|database.py-upgrade_schema:285] >> 테이블 'mysafety_duplicate_decision' 생성 중...
[2026-09-26 19:05:59,699][INFO|database.py-upgrade_schema:285] >> 테이블 'mysafety_duplicate_group' 생성 중...
[2026-09-26 19:05:59,701][INFO|database.py-upgrade_schema:285] >> 테이블 'mysafety_duplicate_member' 생성 중...
[2026-09-26 19:05:59,702][INFO|database.py-upgrade_schema:285] >> 테이블 'mysafety_entry_value' 생성 중...
[2026-09-26 19:05:59,704][INFO|database.py-upgrade_schema:285] >> 테이블 'mysafety_geocode_cache' 생성 중...
[2026-09-26 19:05:59,709][INFO|database.py-upgrade_schema:285] >> 테이블 'mysafety_raw_content' 생성 중...
[2026-09-26 19:05:59,710][INFO|database.py-upgrade_schema:285] >> 테이블 'mysafety_report_override' 생성 중...
[2026-09-26 19:05:59,719][INFO|database.py-upgrade_schema:285] >> 테이블 'mysafety_sync_meta' 생성 중...
[2026-09-26 19:05:59,721][INFO|database.py-upgrade_schema:285] >> 테이블 'mysafety_watchlist' 생성 중...
[2026-09-26 19:05:59,723][INFO|database.py-upgrade_schema:285] >> 테이블 'mysafetydetail_other' 생성 중...
[2026-09-26 19:05:59,725][INFO|database.py-upgrade_schema:285] >> 테이블 'mysafetydetail_parking' 생성 중...
[2026-09-26 19:05:59,727][INFO|database.py-upgrade_schema:285] >> 테이블 'mysafetydetail_traffic' 생성 중...
[2026-09-26 19:05:59,729][INFO|database.py-upgrade_schema:285] >> 테이블 'mysafetymerge_other' 생성 중...
[2026-09-26 19:05:59,731][INFO|database.py-upgrade_schema:285] >> 테이블 'mysafetymerge_parking' 생성 중...
[2026-09-26 19:05:59,733][INFO|database.py-upgrade_schema:285] >> 테이블 'mysafetymerge_traffic' 생성 중...
[2026-09-26 19:05:59,736][INFO|database.py-_apply_versioned_migrations:452] >> [schema] DB 스키마 버전 1 적용
[2026-09-26 19:05:59,750][INFO|database.py-_apply_versioned_migrations:452] >> [schema] DB 스키마 버전 2 적용
[2026-09-26 19:05:59,754][INFO|database.py-_apply_versioned_migrations:452] >> [schema] DB 스키마 버전 3 적용
[2026-09-26 19:05:59,765][INFO|database.py-_apply_versioned_migrations:452] >> [schema] DB 스키마 버전 4 적용
[2026-09-26 19:05:59,782][INFO|duplicate_group_service.py-_log_info:53] >> [duplicate] payload exact 중복군 0개, 멤버 0건 재생성
[2026-09-26 19:05:59,822][INFO|database.py-backfill_synced_at:100] >> [migration] mysafetydetail_traffic synced_at 백필: 12건, 미해결 0건
[2026-09-26 19:05:59,826][INFO|database.py-backfill_synced_at:100] >> [migration] mysafetydetail_parking synced_at 백필: 6건, 미해결 0건
[2026-09-26 19:05:59,829][INFO|database.py-backfill_synced_at:100] >> [migration] mysafetydetail_other synced_at 백필: 6건, 미해결 0건
[2026-09-26 19:05:59,831][INFO|database.py-backfill_synced_at:105] >> [migration] synced_at 백필 완료: 총 24건 갱신, merge 재생성 시작
[2026-09-26 19:05:59,839][INFO|database.py-merge_final:736] >> 최종 데이터 병합 완료 (Traffic/Parking/Other 분리)
[2026-09-26 19:05:59,866][INFO|duplicate_group_service.py-_log_info:53] >> [duplicate] payload exact 중복군 1개, 멤버 2건 재생성
[2026-09-26 19:05:59,875][INFO|database.py-merge_final:736] >> 최종 데이터 병합 완료 (Traffic/Parking/Other 분리)
[2026-09-26 19:05:59,904][INFO|duplicate_group_service.py-_log_info:53] >> [duplicate] payload exact 중복군 1개, 멤버 2건 재생성
[2026-09-26 19:06:00,701][INFO|database.py-_normalize_processing_layers:188] >> [migration] raw/canonical 상태 정규화 완료: 총 5건 갱신
[2026-09-26 19:06:00,718][INFO|database.py-merge_final:736] >> 최종 데이터 병합 완료 (Traffic/Parking/Other 분리)
[2026-09-26 19:06:00,748][INFO|duplicate_group_service.py-_log_info:53] >> [duplicate] payload exact 중복군 1개, 멤버 2건 재생성
[2026-09-26 19:06:00,769][INFO|database.py-merge_final:736] >> 최종 데이터 병합 완료 (Traffic/Parking/Other 분리)
[2026-09-26 19:06:00,782][INFO|duplicate_group_service.py-_log_info:53] >> [duplicate] payload exact 중복군 0개, 멤버 0건 재생성
[2026-09-26 19:06:00,800][INFO|exchange.py-_restore_exclusive:413] >> mobile DB 복원 완료. 백업: /tmp/claude-1000/-home-better0101-projects-safetyreport/aa9d30e6-e7a5-4376-8fce-c9fb26682fbe/scratchpad/tmp.85iy7vc2dN/backups/data_before_restore_20260926_190600.db, 신고건수: 1
.[2026-09-26 19:06:00,816][INFO|database.py-upgrade_schema:285] >> 테이블 'admin_users' 생성 중...
[2026-09-26 19:06:00,823][INFO|database.py-upgrade_schema:285] >> 테이블 'api_keys' 생성 중...
[2026-09-26 19:06:00,825][INFO|database.py-upgrade_schema:285] >> 테이블 'mysafety' 생성 중...
[2026-09-26 19:06:00,827][INFO|database.py-upgrade_schema:285] >> 테이블 'mysafety_change_cursor' 생성 중...
[2026-09-26 19:06:00,828][INFO|database.py-upgrade_schema:285] >> 테이블 'mysafety_change_log' 생성 중...
[2026-09-26 19:06:00,830][INFO|database.py-upgrade_schema:285] >> 테이블 'mysafety_duplicate_decision' 생성 중...
[2026-09-26 19:06:00,831][INFO|database.py-upgrade_schema:285] >> 테이블 'mysafety_duplicate_group' 생성 중...
[2026-09-26 19:06:00,833][INFO|database.py-upgrade_schema:285] >> 테이블 'mysafety_duplicate_member' 생성 중...
[2026-09-26 19:06:00,834][INFO|database.py-upgrade_schema:285] >> 테이블 'mysafety_entry_value' 생성 중...
[2026-09-26 19:06:00,836][INFO|database.py-upgrade_schema:285] >> 테이블 'mysafety_geocode_cache' 생성 중...
[2026-09-26 19:06:00,837][INFO|database.py-upgrade_schema:285] >> 테이블 'mysafety_raw_content' 생성 중...
[2026-09-26 19:06:00,839][INFO|database.py-upgrade_schema:285] >> 테이블 'mysafety_report_override' 생성 중...
[2026-09-26 19:06:00,846][INFO|database.py-upgrade_schema:285] >> 테이블 'mysafety_sync_meta' 생성 중...
[2026-09-26 19:06:00,849][INFO|database.py-upgrade_schema:285] >> 테이블 'mysafety_watchlist' 생성 중...
[2026-09-26 19:06:00,852][INFO|database.py-upgrade_schema:285] >> 테이블 'mysafetydetail_other' 생성 중...
[2026-09-26 19:06:00,855][INFO|database.py-upgrade_schema:285] >> 테이블 'mysafetydetail_parking' 생성 중...
[2026-09-26 19:06:00,858][INFO|database.py-upgrade_schema:285] >> 테이블 'mysafetydetail_traffic' 생성 중...
[2026-09-26 19:06:00,860][INFO|database.py-upgrade_schema:285] >> 테이블 'mysafetymerge_other' 생성 중...
[2026-09-26 19:06:00,863][INFO|database.py-upgrade_schema:285] >> 테이블 'mysafetymerge_parking' 생성 중...
[2026-09-26 19:06:00,870][INFO|database.py-upgrade_schema:285] >> 테이블 'mysafetymerge_traffic' 생성 중...
[2026-09-26 19:06:00,875][INFO|database.py-_apply_versioned_migrations:452] >> [schema] DB 스키마 버전 1 적용
[2026-09-26 19:06:00,884][INFO|database.py-_apply_versioned_migrations:452] >> [schema] DB 스키마 버전 2 적용
[2026-09-26 19:06:00,891][INFO|database.py-_apply_versioned_migrations:452] >> [schema] DB 스키마 버전 3 적용
[2026-09-26 19:06:00,911][INFO|database.py-_apply_versioned_migrations:452] >> [schema] DB 스키마 버전 4 적용
/home/better0101/projects/safetyreport/.venv/lib/python3.14/site-packages/sqlalchemy/sql/selectable.py:4909: ResourceWarning: unclosed database in <sqlite3.Connection object at 0x76be843f04f0>
  if not seen.intersection(item._cloned_set):
ResourceWarning: Enable tracemalloc to get the object allocation traceback
[2026-09-26 19:06:00,943][INFO|duplicate_group_service.py-_log_info:53] >> [duplicate] payload exact 중복군 0개, 멤버 0건 재생성
[2026-09-26 19:06:01,000][INFO|database.py-backfill_synced_at:100] >> [migration] mysafetydetail_traffic synced_at 백필: 12건, 미해결 0건
[2026-09-26 19:06:01,004][INFO|database.py-backfill_synced_at:100] >> [migration] mysafetydetail_parking synced_at 백필: 6건, 미해결 0건
[2026-09-26 19:06:01,009][INFO|database.py-backfill_synced_at:100] >> [migration] mysafetydetail_other synced_at 백필: 6건, 미해결 0건
[2026-09-26 19:06:01,011][INFO|database.py-backfill_synced_at:105] >> [migration] synced_at 백필 완료: 총 24건 갱신, merge 재생성 시작
[2026-09-26 19:06:01,026][INFO|database.py-merge_final:736] >> 최종 데이터 병합 완료 (Traffic/Parking/Other 분리)
[2026-09-26 19:06:01,056][INFO|duplicate_group_service.py-_log_info:53] >> [duplicate] payload exact 중복군 1개, 멤버 2건 재생성
[2026-09-26 19:06:01,066][INFO|database.py-merge_final:736] >> 최종 데이터 병합 완료 (Traffic/Parking/Other 분리)
[2026-09-26 19:06:01,092][INFO|duplicate_group_service.py-_log_info:53] >> [duplicate] payload exact 중복군 1개, 멤버 2건 재생성
.[2026-09-26 19:06:01,260][INFO|database.py-upgrade_schema:285] >> 테이블 'admin_users' 생성 중...
[2026-09-26 19:06:01,267][INFO|database.py-upgrade_schema:285] >> 테이블 'api_keys' 생성 중...
[2026-09-26 19:06:01,270][INFO|database.py-upgrade_schema:285] >> 테이블 'mysafety' 생성 중...
[2026-09-26 19:06:01,272][INFO|database.py-upgrade_schema:285] >> 테이블 'mysafety_change_cursor' 생성 중...
[2026-09-26 19:06:01,275][INFO|database.py-upgrade_schema:285] >> 테이블 'mysafety_change_log' 생성 중...
[2026-09-26 19:06:01,279][INFO|database.py-upgrade_schema:285] >> 테이블 'mysafety_duplicate_decision' 생성 중...
[2026-09-26 19:06:01,286][INFO|database.py-upgrade_schema:285] >> 테이블 'mysafety_duplicate_group' 생성 중...
[2026-09-26 19:06:01,292][INFO|database.py-upgrade_schema:285] >> 테이블 'mysafety_duplicate_member' 생성 중...
[2026-09-26 19:06:01,295][INFO|database.py-upgrade_schema:285] >> 테이블 'mysafety_entry_value' 생성 중...
[2026-09-26 19:06:01,298][INFO|database.py-upgrade_schema:285] >> 테이블 'mysafety_geocode_cache' 생성 중...
[2026-09-26 19:06:01,302][INFO|database.py-upgrade_schema:285] >> 테이블 'mysafety_raw_content' 생성 중...
[2026-09-26 19:06:01,305][INFO|database.py-upgrade_schema:285] >> 테이블 'mysafety_report_override' 생성 중...
[2026-09-26 19:06:01,309][INFO|database.py-upgrade_schema:285] >> 테이블 'mysafety_sync_meta' 생성 중...
[2026-09-26 19:06:01,313][INFO|database.py-upgrade_schema:285] >> 테이블 'mysafety_watchlist' 생성 중...
[2026-09-26 19:06:01,316][INFO|database.py-upgrade_schema:285] >> 테이블 'mysafetydetail_other' 생성 중...
[2026-09-26 19:06:01,319][INFO|database.py-upgrade_schema:285] >> 테이블 'mysafetydetail_parking' 생성 중...
[2026-09-26 19:06:01,322][INFO|database.py-upgrade_schema:285] >> 테이블 'mysafetydetail_traffic' 생성 중...
[2026-09-26 19:06:01,329][INFO|database.py-upgrade_schema:285] >> 테이블 'mysafetymerge_other' 생성 중...
[2026-09-26 19:06:01,334][INFO|database.py-upgrade_schema:285] >> 테이블 'mysafetymerge_parking' 생성 중...
[2026-09-26 19:06:01,337][INFO|database.py-upgrade_schema:285] >> 테이블 'mysafetymerge_traffic' 생성 중...
[2026-09-26 19:06:01,343][INFO|database.py-_apply_versioned_migrations:452] >> [schema] DB 스키마 버전 1 적용
[2026-09-26 19:06:01,351][INFO|database.py-_apply_versioned_migrations:452] >> [schema] DB 스키마 버전 2 적용
[2026-09-26 19:06:01,353][INFO|database.py-_apply_versioned_migrations:452] >> [schema] DB 스키마 버전 3 적용
[2026-09-26 19:06:01,382][INFO|database.py-_apply_versioned_migrations:452] >> [schema] DB 스키마 버전 4 적용
[2026-09-26 19:06:01,412][INFO|duplicate_group_service.py-_log_info:53] >> [duplicate] payload exact 중복군 0개, 멤버 0건 재생성
[2026-09-26 19:06:01,455][INFO|database.py-backfill_synced_at:100] >> [migration] mysafetydetail_traffic synced_at 백필: 12건, 미해결 0건
[2026-09-26 19:06:01,460][INFO|database.py-backfill_synced_at:100] >> [migration] mysafetydetail_parking synced_at 백필: 6건, 미해결 0건
[2026-09-26 19:06:01,464][INFO|database.py-backfill_synced_at:100] >> [migration] mysafetydetail_other synced_at 백필: 6건, 미해결 0건
[2026-09-26 19:06:01,467][INFO|database.py-backfill_synced_at:105] >> [migration] synced_at 백필 완료: 총 24건 갱신, merge 재생성 시작
[2026-09-26 19:06:01,482][INFO|database.py-merge_final:736] >> 최종 데이터 병합 완료 (Traffic/Parking/Other 분리)
[2026-09-26 19:06:01,509][INFO|duplicate_group_service.py-_log_info:53] >> [duplicate] payload exact 중복군 1개, 멤버 2건 재생성
[2026-09-26 19:06:01,524][INFO|database.py-merge_final:736] >> 최종 데이터 병합 완료 (Traffic/Parking/Other 분리)
[2026-09-26 19:06:01,555][INFO|duplicate_group_service.py-_log_info:53] >> [duplicate] payload exact 중복군 1개, 멤버 2건 재생성
[2026-09-26 19:06:01,700][INFO|database.py-_get_new_and_incomplete_ids:460] >> 신규, 미종결 신고 건 스캔 시작
[2026-09-26 19:06:01,707][INFO|database.py-get_pending_detail_ids:618] >> 스캔대상 ID 총 24건
[2026-09-26 19:06:01,711][INFO|database.py-_get_new_and_incomplete_ids:460] >> 신규, 미종결 신고 건 스캔 시작
[2026-09-26 19:06:01,717][INFO|database.py-get_pending_detail_ids:618] >> 스캔대상 ID 총 24건
.[2026-09-26 19:06:01,729][INFO|database.py-upgrade_schema:285] >> 테이블 'admin_users' 생성 중...
[2026-09-26 19:06:01,738][INFO|database.py-upgrade_schema:285] >> 테이블 'api_keys' 생성 중...
[2026-09-26 19:06:01,741][INFO|database.py-upgrade_schema:285] >> 테이블 'mysafety' 생성 중...
[2026-09-26 19:06:01,744][INFO|database.py-upgrade_schema:285] >> 테이블 'mysafety_change_cursor' 생성 중...
[2026-09-26 19:06:01,746][INFO|database.py-upgrade_schema:285] >> 테이블 'mysafety_change_log' 생성 중...
[2026-09-26 19:06:01,748][INFO|database.py-upgrade_schema:285] >> 테이블 'mysafety_duplicate_decision' 생성 중...
[2026-09-26 19:06:01,752][INFO|database.py-upgrade_schema:285] >> 테이블 'mysafety_duplicate_group' 생성 중...
[2026-09-26 19:06:01,754][INFO|database.py-upgrade_schema:285] >> 테이블 'mysafety_duplicate_member' 생성 중...
[2026-09-26 19:06:01,758][INFO|database.py-upgrade_schema:285] >> 테이블 'mysafety_entry_value' 생성 중...
[2026-09-26 19:06:01,760][INFO|database.py-upgrade_schema:285] >> 테이블 'mysafety_geocode_cache' 생성 중...
[2026-09-26 19:06:01,762][INFO|database.py-upgrade_schema:285] >> 테이블 'mysafety_raw_content' 생성 중...
[2026-09-26 19:06:01,764][INFO|database.py-upgrade_schema:285] >> 테이블 'mysafety_report_override' 생성 중...
[2026-09-26 19:06:01,766][INFO|database.py-upgrade_schema:285] >> 테이블 'mysafety_sync_meta' 생성 중...
[2026-09-26 19:06:01,769][INFO|database.py-upgrade_schema:285] >> 테이블 'mysafety_watchlist' 생성 중...
[2026-09-26 19:06:01,771][INFO|database.py-upgrade_schema:285] >> 테이블 'mysafetydetail_other' 생성 중...
[2026-09-26 19:06:01,774][INFO|database.py-upgrade_schema:285] >> 테이블 'mysafetydetail_parking' 생성 중...
[2026-09-26 19:06:01,777][INFO|database.py-upgrade_schema:285] >> 테이블 'mysafetydetail_traffic' 생성 중...
[2026-09-26 19:06:01,778][INFO|database.py-upgrade_schema:285] >> 테이블 'mysafetymerge_other' 생성 중...
[2026-09-26 19:06:01,780][INFO|database.py-upgrade_schema:285] >> 테이블 'mysafetymerge_parking' 생성 중...
[2026-09-26 19:06:01,782][INFO|database.py-upgrade_schema:285] >> 테이블 'mysafetymerge_traffic' 생성 중...
[2026-09-26 19:06:01,787][INFO|database.py-_apply_versioned_migrations:452] >> [schema] DB 스키마 버전 1 적용
[2026-09-26 19:06:01,795][INFO|database.py-_apply_versioned_migrations:452] >> [schema] DB 스키마 버전 2 적용
[2026-09-26 19:06:01,798][INFO|database.py-_apply_versioned_migrations:452] >> [schema] DB 스키마 버전 3 적용
[2026-09-26 19:06:01,825][INFO|database.py-_apply_versioned_migrations:452] >> [schema] DB 스키마 버전 4 적용
[2026-09-26 19:06:01,857][INFO|duplicate_group_service.py-_log_info:53] >> [duplicate] payload exact 중복군 0개, 멤버 0건 재생성
[2026-09-26 19:06:01,896][INFO|database.py-backfill_synced_at:100] >> [migration] mysafetydetail_traffic synced_at 백필: 12건, 미해결 0건
[2026-09-26 19:06:01,901][INFO|database.py-backfill_synced_at:100] >> [migration] mysafetydetail_parking synced_at 백필: 6건, 미해결 0건
[2026-09-26 19:06:01,905][INFO|database.py-backfill_synced_at:100] >> [migration] mysafetydetail_other synced_at 백필: 6건, 미해결 0건
[2026-09-26 19:06:01,912][INFO|database.py-backfill_synced_at:105] >> [migration] synced_at 백필 완료: 총 24건 갱신, merge 재생성 시작
[2026-09-26 19:06:01,927][INFO|database.py-merge_final:736] >> 최종 데이터 병합 완료 (Traffic/Parking/Other 분리)
[2026-09-26 19:06:01,954][INFO|duplicate_group_service.py-_log_info:53] >> [duplicate] payload exact 중복군 1개, 멤버 2건 재생성
[2026-09-26 19:06:01,964][INFO|database.py-merge_final:736] >> 최종 데이터 병합 완료 (Traffic/Parking/Other 분리)
[2026-09-26 19:06:02,010][INFO|duplicate_group_service.py-_log_info:53] >> [duplicate] payload exact 중복군 1개, 멤버 2건 재생성
[2026-09-26 19:06:02,163][INFO|geocode_service.py-prepare_geo_payload:590] >> [geocode] 설정 누락으로 지오코딩 보류: 카카오 REST API 키가 비어 있습니다.
[2026-09-26 19:06:02,211][INFO|duplicate_group_service.py-_log_info:53] >> [duplicate] payload exact 중복군 1개, 멤버 2건 재생성
[2026-09-26 19:06:02,213][INFO|database.py-detail_to_sql:723] >> 총 1건 detail 저장 완료. (변경/신규: 1건, 실패: 0건)
[2026-09-26 19:06:02,219][INFO|database.py-merge_final:736] >> 최종 데이터 병합 완료 (Traffic/Parking/Other 분리)
[2026-09-26 19:06:02,245][INFO|duplicate_group_service.py-_log_info:53] >> [duplicate] payload exact 중복군 1개, 멤버 2건 재생성
.[2026-09-26 19:06:02,262][INFO|database.py-upgrade_schema:285] >> 테이블 'admin_users' 생성 중...
[2026-09-26 19:06:02,265][INFO|database.py-upgrade_schema:285] >> 테이블 'api_keys' 생성 중...
[2026-09-26 19:06:02,267][INFO|database.py-upgrade_schema:285] >> 테이블 'mysafety' 생성 중...
[2026-09-26 19:06:02,269][INFO|database.py-upgrade_schema:285] >> 테이블 'mysafety_change_cursor' 생성 중...
[2026-09-26 19:06:02,275][INFO|database.py-upgrade_schema:285] >> 테이블 'mysafety_change_log' 생성 중...
[2026-09-26 19:06:02,276][INFO|database.py-upgrade_schema:285] >> 테이블 'mysafety_duplicate_decision' 생성 중...
[2026-09-26 19:06:02,282][INFO|database.py-upgrade_schema:285] >> 테이블 'mysafety_duplicate_group' 생성 중...
[2026-09-26 19:06:02,286][INFO|database.py-upgrade_schema:285] >> 테이블 'mysafety_duplicate_member' 생성 중...
[2026-09-26 19:06:02,287][INFO|database.py-upgrade_schema:285] >> 테이블 'mysafety_entry_value' 생성 중...
[2026-09-26 19:06:02,289][INFO|database.py-upgrade_schema:285] >> 테이블 'mysafety_geocode_cache' 생성 중...
[2026-09-26 19:06:02,290][INFO|database.py-upgrade_schema:285] >> 테이블 'mysafety_raw_content' 생성 중...
[2026-09-26 19:06:02,292][INFO|database.py-upgrade_schema:285] >> 테이블 'mysafety_report_override' 생성 중...
[2026-09-26 19:06:02,293][INFO|database.py-upgrade_schema:285] >> 테이블 'mysafety_sync_meta' 생성 중...
[2026-09-26 19:06:02,295][INFO|database.py-upgrade_schema:285] >> 테이블 'mysafety_watchlist' 생성 중...
[2026-09-26 19:06:02,296][INFO|database.py-upgrade_schema:285] >> 테이블 'mysafetydetail_other' 생성 중...
[2026-09-26 19:06:02,299][INFO|database.py-upgrade_schema:285] >> 테이블 'mysafetydetail_parking' 생성 중...
[2026-09-26 19:06:02,301][INFO|database.py-upgrade_schema:285] >> 테이블 'mysafetydetail_traffic' 생성 중...
[2026-09-26 19:06:02,304][INFO|database.py-upgrade_schema:285] >> 테이블 'mysafetymerge_other' 생성 중...
[2026-09-26 19:06:02,307][INFO|database.py-upgrade_schema:285] >> 테이블 'mysafetymerge_parking' 생성 중...
[2026-09-26 19:06:02,309][INFO|database.py-upgrade_schema:285] >> 테이블 'mysafetymerge_traffic' 생성 중...
[2026-09-26 19:06:02,314][INFO|database.py-_apply_versioned_migrations:452] >> [schema] DB 스키마 버전 1 적용
[2026-09-26 19:06:02,328][INFO|database.py-_apply_versioned_migrations:452] >> [schema] DB 스키마 버전 2 적용
[2026-09-26 19:06:02,331][INFO|database.py-_apply_versioned_migrations:452] >> [schema] DB 스키마 버전 3 적용
[2026-09-26 19:06:02,347][INFO|database.py-_apply_versioned_migrations:452] >> [schema] DB 스키마 버전 4 적용
[2026-09-26 19:06:02,374][INFO|duplicate_group_service.py-_log_info:53] >> [duplicate] payload exact 중복군 0개, 멤버 0건 재생성
[2026-09-26 19:06:02,411][INFO|database.py-backfill_synced_at:100] >> [migration] mysafetydetail_traffic synced_at 백필: 12건, 미해결 0건
[2026-09-26 19:06:02,414][INFO|database.py-backfill_synced_at:100] >> [migration] mysafetydetail_parking synced_at 백필: 6건, 미해결 0건
[2026-09-26 19:06:02,417][INFO|database.py-backfill_synced_at:100] >> [migration] mysafetydetail_other synced_at 백필: 6건, 미해결 0건
[2026-09-26 19:06:02,419][INFO|database.py-backfill_synced_at:105] >> [migration] synced_at 백필 완료: 총 24건 갱신, merge 재생성 시작
[2026-09-26 19:06:02,436][INFO|database.py-merge_final:736] >> 최종 데이터 병합 완료 (Traffic/Parking/Other 분리)
[2026-09-26 19:06:02,467][INFO|duplicate_group_service.py-_log_info:53] >> [duplicate] payload exact 중복군 1개, 멤버 2건 재생성
[2026-09-26 19:06:02,474][INFO|database.py-merge_final:736] >> 최종 데이터 병합 완료 (Traffic/Parking/Other 분리)
[2026-09-26 19:06:02,501][INFO|duplicate_group_service.py-_log_info:53] >> [duplicate] payload exact 중복군 1개, 멤버 2건 재생성
[2026-09-26 19:06:02,656][INFO|database.py-title_to_sql:694] >> 총 1건 title 테이블 upsert 완료. (신규: 0건)
[2026-09-26 19:06:02,665][INFO|database.py-title_to_sql:694] >> 총 1건 title 테이블 upsert 완료. (신규: 0건)
.[2026-09-26 19:06:02,676][INFO|database.py-upgrade_schema:285] >> 테이블 'admin_users' 생성 중...
[2026-09-26 19:06:02,678][INFO|database.py-upgrade_schema:285] >> 테이블 'api_keys' 생성 중...
[2026-09-26 19:06:02,680][INFO|database.py-upgrade_schema:285] >> 테이블 'mysafety' 생성 중...
[2026-09-26 19:06:02,682][INFO|database.py-upgrade_schema:285] >> 테이블 'mysafety_change_cursor' 생성 중...
[2026-09-26 19:06:02,684][INFO|database.py-upgrade_schema:285] >> 테이블 'mysafety_change_log' 생성 중...
[2026-09-26 19:06:02,686][INFO|database.py-upgrade_schema:285] >> 테이블 'mysafety_duplicate_decision' 생성 중...
[2026-09-26 19:06:02,691][INFO|database.py-upgrade_schema:285] >> 테이블 'mysafety_duplicate_group' 생성 중...
[2026-09-26 19:06:02,693][INFO|database.py-upgrade_schema:285] >> 테이블 'mysafety_duplicate_member' 생성 중...
[2026-09-26 19:06:02,697][INFO|database.py-upgrade_schema:285] >> 테이블 'mysafety_entry_value' 생성 중...
[2026-09-26 19:06:02,700][INFO|database.py-upgrade_schema:285] >> 테이블 'mysafety_geocode_cache' 생성 중...
[2026-09-26 19:06:02,702][INFO|database.py-upgrade_schema:285] >> 테이블 'mysafety_raw_content' 생성 중...
[2026-09-26 19:06:02,705][INFO|database.py-upgrade_schema:285] >> 테이블 'mysafety_report_override' 생성 중...
[2026-09-26 19:06:02,707][INFO|database.py-upgrade_schema:285] >> 테이블 'mysafety_sync_meta' 생성 중...
[2026-09-26 19:06:02,709][INFO|database.py-upgrade_schema:285] >> 테이블 'mysafety_watchlist' 생성 중...
[2026-09-26 19:06:02,711][INFO|database.py-upgrade_schema:285] >> 테이블 'mysafetydetail_other' 생성 중...
[2026-09-26 19:06:02,713][INFO|database.py-upgrade_schema:285] >> 테이블 'mysafetydetail_parking' 생성 중...
[2026-09-26 19:06:02,715][INFO|database.py-upgrade_schema:285] >> 테이블 'mysafetydetail_traffic' 생성 중...
[2026-09-26 19:06:02,717][INFO|database.py-upgrade_schema:285] >> 테이블 'mysafetymerge_other' 생성 중...
[2026-09-26 19:06:02,719][INFO|database.py-upgrade_schema:285] >> 테이블 'mysafetymerge_parking' 생성 중...
[2026-09-26 19:06:02,721][INFO|database.py-upgrade_schema:285] >> 테이블 'mysafetymerge_traffic' 생성 중...
[2026-09-26 19:06:02,725][INFO|database.py-_apply_versioned_migrations:452] >> [schema] DB 스키마 버전 1 적용
[2026-09-26 19:06:02,734][INFO|database.py-_apply_versioned_migrations:452] >> [schema] DB 스키마 버전 2 적용
[2026-09-26 19:06:02,737][INFO|database.py-_apply_versioned_migrations:452] >> [schema] DB 스키마 버전 3 적용
[2026-09-26 19:06:02,757][INFO|database.py-_apply_versioned_migrations:452] >> [schema] DB 스키마 버전 4 적용
[2026-09-26 19:06:02,787][INFO|duplicate_group_service.py-_log_info:53] >> [duplicate] payload exact 중복군 0개, 멤버 0건 재생성
[2026-09-26 19:06:02,823][INFO|database.py-backfill_synced_at:100] >> [migration] mysafetydetail_traffic synced_at 백필: 12건, 미해결 0건
[2026-09-26 19:06:02,826][INFO|database.py-backfill_synced_at:100] >> [migration] mysafetydetail_parking synced_at 백필: 6건, 미해결 0건
[2026-09-26 19:06:02,830][INFO|database.py-backfill_synced_at:100] >> [migration] mysafetydetail_other synced_at 백필: 6건, 미해결 0건
[2026-09-26 19:06:02,831][INFO|database.py-backfill_synced_at:105] >> [migration] synced_at 백필 완료: 총 24건 갱신, merge 재생성 시작
[2026-09-26 19:06:02,843][INFO|database.py-merge_final:736] >> 최종 데이터 병합 완료 (Traffic/Parking/Other 분리)
[2026-09-26 19:06:02,883][INFO|duplicate_group_service.py-_log_info:53] >> [duplicate] payload exact 중복군 1개, 멤버 2건 재생성
[2026-09-26 19:06:02,891][INFO|database.py-merge_final:736] >> 최종 데이터 병합 완료 (Traffic/Parking/Other 분리)
[2026-09-26 19:06:02,916][INFO|duplicate_group_service.py-_log_info:53] >> [duplicate] payload exact 중복군 1개, 멤버 2건 재생성
.[2026-09-26 19:06:03,100][INFO|database.py-upgrade_schema:285] >> 테이블 'admin_users' 생성 중...
[2026-09-26 19:06:03,104][INFO|database.py-upgrade_schema:285] >> 테이블 'api_keys' 생성 중...
[2026-09-26 19:06:03,106][INFO|database.py-upgrade_schema:285] >> 테이블 'mysafety' 생성 중...
[2026-09-26 19:06:03,111][INFO|database.py-upgrade_schema:285] >> 테이블 'mysafety_change_cursor' 생성 중...
[2026-09-26 19:06:03,113][INFO|database.py-upgrade_schema:285] >> 테이블 'mysafety_change_log' 생성 중...
[2026-09-26 19:06:03,115][INFO|database.py-upgrade_schema:285] >> 테이블 'mysafety_duplicate_decision' 생성 중...
[2026-09-26 19:06:03,123][INFO|database.py-upgrade_schema:285] >> 테이블 'mysafety_duplicate_group' 생성 중...
[2026-09-26 19:06:03,125][INFO|database.py-upgrade_schema:285] >> 테이블 'mysafety_duplicate_member' 생성 중...
[2026-09-26 19:06:03,127][INFO|database.py-upgrade_schema:285] >> 테이블 'mysafety_entry_value' 생성 중...
[2026-09-26 19:06:03,129][INFO|database.py-upgrade_schema:285] >> 테이블 'mysafety_geocode_cache' 생성 중...
[2026-09-26 19:06:03,130][INFO|database.py-upgrade_schema:285] >> 테이블 'mysafety_raw_content' 생성 중...
[2026-09-26 19:06:03,132][INFO|database.py-upgrade_schema:285] >> 테이블 'mysafety_report_override' 생성 중...
[2026-09-26 19:06:03,133][INFO|database.py-upgrade_schema:285] >> 테이블 'mysafety_sync_meta' 생성 중...
[2026-09-26 19:06:03,135][INFO|database.py-upgrade_schema:285] >> 테이블 'mysafety_watchlist' 생성 중...
[2026-09-26 19:06:03,137][INFO|database.py-upgrade_schema:285] >> 테이블 'mysafetydetail_other' 생성 중...
[2026-09-26 19:06:03,140][INFO|database.py-upgrade_schema:285] >> 테이블 'mysafetydetail_parking' 생성 중...
[2026-09-26 19:06:03,142][INFO|database.py-upgrade_schema:285] >> 테이블 'mysafetydetail_traffic' 생성 중...
[2026-09-26 19:06:03,145][INFO|database.py-upgrade_schema:285] >> 테이블 'mysafetymerge_other' 생성 중...
[2026-09-26 19:06:03,149][INFO|database.py-upgrade_schema:285] >> 테이블 'mysafetymerge_parking' 생성 중...
[2026-09-26 19:06:03,151][INFO|database.py-upgrade_schema:285] >> 테이블 'mysafetymerge_traffic' 생성 중...
[2026-09-26 19:06:03,162][INFO|database.py-_apply_versioned_migrations:452] >> [schema] DB 스키마 버전 1 적용
[2026-09-26 19:06:03,172][INFO|database.py-_apply_versioned_migrations:452] >> [schema] DB 스키마 버전 2 적용
[2026-09-26 19:06:03,175][INFO|database.py-_apply_versioned_migrations:452] >> [schema] DB 스키마 버전 3 적용
[2026-09-26 19:06:03,202][INFO|database.py-_apply_versioned_migrations:452] >> [schema] DB 스키마 버전 4 적용
[2026-09-26 19:06:03,227][INFO|duplicate_group_service.py-_log_info:53] >> [duplicate] payload exact 중복군 0개, 멤버 0건 재생성
[2026-09-26 19:06:03,270][INFO|database.py-backfill_synced_at:100] >> [migration] mysafetydetail_traffic synced_at 백필: 12건, 미해결 0건
[2026-09-26 19:06:03,275][INFO|database.py-backfill_synced_at:100] >> [migration] mysafetydetail_parking synced_at 백필: 6건, 미해결 0건
[2026-09-26 19:06:03,279][INFO|database.py-backfill_synced_at:100] >> [migration] mysafetydetail_other synced_at 백필: 6건, 미해결 0건
[2026-09-26 19:06:03,285][INFO|database.py-backfill_synced_at:105] >> [migration] synced_at 백필 완료: 총 24건 갱신, merge 재생성 시작
[2026-09-26 19:06:03,301][INFO|database.py-merge_final:736] >> 최종 데이터 병합 완료 (Traffic/Parking/Other 분리)
[2026-09-26 19:06:03,330][INFO|duplicate_group_service.py-_log_info:53] >> [duplicate] payload exact 중복군 1개, 멤버 2건 재생성
[2026-09-26 19:06:03,342][INFO|database.py-merge_final:736] >> 최종 데이터 병합 완료 (Traffic/Parking/Other 분리)
[2026-09-26 19:06:03,369][INFO|duplicate_group_service.py-_log_info:53] >> [duplicate] payload exact 중복군 1개, 멤버 2건 재생성
.[2026-09-26 19:06:03,562][INFO|database.py-upgrade_schema:285] >> 테이블 'admin_users' 생성 중...
[2026-09-26 19:06:03,575][INFO|database.py-upgrade_schema:285] >> 테이블 'api_keys' 생성 중...
[2026-09-26 19:06:03,578][INFO|database.py-upgrade_schema:285] >> 테이블 'mysafety' 생성 중...
[2026-09-26 19:06:03,580][INFO|database.py-upgrade_schema:285] >> 테이블 'mysafety_change_cursor' 생성 중...
[2026-09-26 19:06:03,583][INFO|database.py-upgrade_schema:285] >> 테이블 'mysafety_change_log' 생성 중...
[2026-09-26 19:06:03,587][INFO|database.py-upgrade_schema:285] >> 테이블 'mysafety_duplicate_decision' 생성 중...
[2026-09-26 19:06:03,590][INFO|database.py-upgrade_schema:285] >> 테이블 'mysafety_duplicate_group' 생성 중...
[2026-09-26 19:06:03,595][INFO|database.py-upgrade_schema:285] >> 테이블 'mysafety_duplicate_member' 생성 중...
[2026-09-26 19:06:03,599][INFO|database.py-upgrade_schema:285] >> 테이블 'mysafety_entry_value' 생성 중...
[2026-09-26 19:06:03,602][INFO|database.py-upgrade_schema:285] >> 테이블 'mysafety_geocode_cache' 생성 중...
[2026-09-26 19:06:03,604][INFO|database.py-upgrade_schema:285] >> 테이블 'mysafety_raw_content' 생성 중...
[2026-09-26 19:06:03,607][INFO|database.py-upgrade_schema:285] >> 테이블 'mysafety_report_override' 생성 중...
[2026-09-26 19:06:03,609][INFO|database.py-upgrade_schema:285] >> 테이블 'mysafety_sync_meta' 생성 중...
[2026-09-26 19:06:03,612][INFO|database.py-upgrade_schema:285] >> 테이블 'mysafety_watchlist' 생성 중...
[2026-09-26 19:06:03,615][INFO|database.py-upgrade_schema:285] >> 테이블 'mysafetydetail_other' 생성 중...
[2026-09-26 19:06:03,619][INFO|database.py-upgrade_schema:285] >> 테이블 'mysafetydetail_parking' 생성 중...
[2026-09-26 19:06:03,624][INFO|database.py-upgrade_schema:285] >> 테이블 'mysafetydetail_traffic' 생성 중...
[2026-09-26 19:06:03,626][INFO|database.py-upgrade_schema:285] >> 테이블 'mysafetymerge_other' 생성 중...
[2026-09-26 19:06:03,630][INFO|database.py-upgrade_schema:285] >> 테이블 'mysafetymerge_parking' 생성 중...
[2026-09-26 19:06:03,635][INFO|database.py-upgrade_schema:285] >> 테이블 'mysafetymerge_traffic' 생성 중...
[2026-09-26 19:06:03,647][INFO|database.py-_apply_versioned_migrations:452] >> [schema] DB 스키마 버전 1 적용
[2026-09-26 19:06:03,654][INFO|database.py-_apply_versioned_migrations:452] >> [schema] DB 스키마 버전 2 적용
[2026-09-26 19:06:03,657][INFO|database.py-_apply_versioned_migrations:452] >> [schema] DB 스키마 버전 3 적용
[2026-09-26 19:06:03,679][INFO|database.py-_apply_versioned_migrations:452] >> [schema] DB 스키마 버전 4 적용
[2026-09-26 19:06:03,719][INFO|duplicate_group_service.py-_log_info:53] >> [duplicate] payload exact 중복군 0개, 멤버 0건 재생성
[2026-09-26 19:06:03,760][INFO|database.py-backfill_synced_at:100] >> [migration] mysafetydetail_traffic synced_at 백필: 12건, 미해결 0건
[2026-09-26 19:06:03,767][INFO|database.py-backfill_synced_at:100] >> [migration] mysafetydetail_parking synced_at 백필: 6건, 미해결 0건
[2026-09-26 19:06:03,774][INFO|database.py-backfill_synced_at:100] >> [migration] mysafetydetail_other synced_at 백필: 6건, 미해결 0건
[2026-09-26 19:06:03,776][INFO|database.py-backfill_synced_at:105] >> [migration] synced_at 백필 완료: 총 24건 갱신, merge 재생성 시작
[2026-09-26 19:06:03,793][INFO|database.py-merge_final:736] >> 최종 데이터 병합 완료 (Traffic/Parking/Other 분리)
[2026-09-26 19:06:03,824][INFO|duplicate_group_service.py-_log_info:53] >> [duplicate] payload exact 중복군 1개, 멤버 2건 재생성
[2026-09-26 19:06:03,836][INFO|database.py-merge_final:736] >> 최종 데이터 병합 완료 (Traffic/Parking/Other 분리)
[2026-09-26 19:06:03,882][INFO|duplicate_group_service.py-_log_info:53] >> [duplicate] payload exact 중복군 1개, 멤버 2건 재생성
.[2026-09-26 19:06:04,087][INFO|database.py-upgrade_schema:285] >> 테이블 'admin_users' 생성 중...
[2026-09-26 19:06:04,092][INFO|database.py-upgrade_schema:285] >> 테이블 'api_keys' 생성 중...
[2026-09-26 19:06:04,094][INFO|database.py-upgrade_schema:285] >> 테이블 'mysafety' 생성 중...
[2026-09-26 19:06:04,099][INFO|database.py-upgrade_schema:285] >> 테이블 'mysafety_change_cursor' 생성 중...
[2026-09-26 19:06:04,102][INFO|database.py-upgrade_schema:285] >> 테이블 'mysafety_change_log' 생성 중...
[2026-09-26 19:06:04,105][INFO|database.py-upgrade_schema:285] >> 테이블 'mysafety_duplicate_decision' 생성 중...
[2026-09-26 19:06:04,109][INFO|database.py-upgrade_schema:285] >> 테이블 'mysafety_duplicate_group' 생성 중...
[2026-09-26 19:06:04,112][INFO|database.py-upgrade_schema:285] >> 테이블 'mysafety_duplicate_member' 생성 중...
[2026-09-26 19:06:04,114][INFO|database.py-upgrade_schema:285] >> 테이블 'mysafety_entry_value' 생성 중...
[2026-09-26 19:06:04,116][INFO|database.py-upgrade_schema:285] >> 테이블 'mysafety_geocode_cache' 생성 중...
[2026-09-26 19:06:04,118][INFO|database.py-upgrade_schema:285] >> 테이블 'mysafety_raw_content' 생성 중...
[2026-09-26 19:06:04,120][INFO|database.py-upgrade_schema:285] >> 테이블 'mysafety_report_override' 생성 중...
[2026-09-26 19:06:04,123][INFO|database.py-upgrade_schema:285] >> 테이블 'mysafety_sync_meta' 생성 중...
[2026-09-26 19:06:04,126][INFO|database.py-upgrade_schema:285] >> 테이블 'mysafety_watchlist' 생성 중...
[2026-09-26 19:06:04,132][INFO|database.py-upgrade_schema:285] >> 테이블 'mysafetydetail_other' 생성 중...
[2026-09-26 19:06:04,142][INFO|database.py-upgrade_schema:285] >> 테이블 'mysafetydetail_parking' 생성 중...
[2026-09-26 19:06:04,144][INFO|database.py-upgrade_schema:285] >> 테이블 'mysafetydetail_traffic' 생성 중...
[2026-09-26 19:06:04,147][INFO|database.py-upgrade_schema:285] >> 테이블 'mysafetymerge_other' 생성 중...
[2026-09-26 19:06:04,149][INFO|database.py-upgrade_schema:285] >> 테이블 'mysafetymerge_parking' 생성 중...
[2026-09-26 19:06:04,151][INFO|database.py-upgrade_schema:285] >> 테이블 'mysafetymerge_traffic' 생성 중...
[2026-09-26 19:06:04,155][INFO|database.py-_apply_versioned_migrations:452] >> [schema] DB 스키마 버전 1 적용
[2026-09-26 19:06:04,165][INFO|database.py-_apply_versioned_migrations:452] >> [schema] DB 스키마 버전 2 적용
[2026-09-26 19:06:04,169][INFO|database.py-_apply_versioned_migrations:452] >> [schema] DB 스키마 버전 3 적용
[2026-09-26 19:06:04,192][INFO|database.py-_apply_versioned_migrations:452] >> [schema] DB 스키마 버전 4 적용
[2026-09-26 19:06:04,225][INFO|duplicate_group_service.py-_log_info:53] >> [duplicate] payload exact 중복군 0개, 멤버 0건 재생성
[2026-09-26 19:06:04,259][INFO|database.py-backfill_synced_at:100] >> [migration] mysafetydetail_traffic synced_at 백필: 12건, 미해결 0건
[2026-09-26 19:06:04,263][INFO|database.py-backfill_synced_at:100] >> [migration] mysafetydetail_parking synced_at 백필: 6건, 미해결 0건
[2026-09-26 19:06:04,266][INFO|database.py-backfill_synced_at:100] >> [migration] mysafetydetail_other synced_at 백필: 6건, 미해결 0건
[2026-09-26 19:06:04,269][INFO|database.py-backfill_synced_at:105] >> [migration] synced_at 백필 완료: 총 24건 갱신, merge 재생성 시작
[2026-09-26 19:06:04,283][INFO|database.py-merge_final:736] >> 최종 데이터 병합 완료 (Traffic/Parking/Other 분리)
[2026-09-26 19:06:04,307][INFO|duplicate_group_service.py-_log_info:53] >> [duplicate] payload exact 중복군 1개, 멤버 2건 재생성
[2026-09-26 19:06:04,320][INFO|database.py-merge_final:736] >> 최종 데이터 병합 완료 (Traffic/Parking/Other 분리)
[2026-09-26 19:06:04,345][INFO|duplicate_group_service.py-_log_info:53] >> [duplicate] payload exact 중복군 1개, 멤버 2건 재생성
.[2026-09-26 19:06:04,552][INFO|database.py-upgrade_schema:285] >> 테이블 'admin_users' 생성 중...
[2026-09-26 19:06:04,555][INFO|database.py-upgrade_schema:285] >> 테이블 'api_keys' 생성 중...
[2026-09-26 19:06:04,557][INFO|database.py-upgrade_schema:285] >> 테이블 'mysafety' 생성 중...
[2026-09-26 19:06:04,562][INFO|database.py-upgrade_schema:285] >> 테이블 'mysafety_change_cursor' 생성 중...
[2026-09-26 19:06:04,566][INFO|database.py-upgrade_schema:285] >> 테이블 'mysafety_change_log' 생성 중...
[2026-09-26 19:06:04,569][INFO|database.py-upgrade_schema:285] >> 테이블 'mysafety_duplicate_decision' 생성 중...
[2026-09-26 19:06:04,571][INFO|database.py-upgrade_schema:285] >> 테이블 'mysafety_duplicate_group' 생성 중...
[2026-09-26 19:06:04,572][INFO|database.py-upgrade_schema:285] >> 테이블 'mysafety_duplicate_member' 생성 중...
[2026-09-26 19:06:04,574][INFO|database.py-upgrade_schema:285] >> 테이블 'mysafety_entry_value' 생성 중...
[2026-09-26 19:06:04,575][INFO|database.py-upgrade_schema:285] >> 테이블 'mysafety_geocode_cache' 생성 중...
[2026-09-26 19:06:04,577][INFO|database.py-upgrade_schema:285] >> 테이블 'mysafety_raw_content' 생성 중...
[2026-09-26 19:06:04,579][INFO|database.py-upgrade_schema:285] >> 테이블 'mysafety_report_override' 생성 중...
[2026-09-26 19:06:04,581][INFO|database.py-upgrade_schema:285] >> 테이블 'mysafety_sync_meta' 생성 중...
[2026-09-26 19:06:04,583][INFO|database.py-upgrade_schema:285] >> 테이블 'mysafety_watchlist' 생성 중...
[2026-09-26 19:06:04,586][INFO|database.py-upgrade_schema:285] >> 테이블 'mysafetydetail_other' 생성 중...
[2026-09-26 19:06:04,591][INFO|database.py-upgrade_schema:285] >> 테이블 'mysafetydetail_parking' 생성 중...
[2026-09-26 19:06:04,594][INFO|database.py-upgrade_schema:285] >> 테이블 'mysafetydetail_traffic' 생성 중...
[2026-09-26 19:06:04,596][INFO|database.py-upgrade_schema:285] >> 테이블 'mysafetymerge_other' 생성 중...
[2026-09-26 19:06:04,598][INFO|database.py-upgrade_schema:285] >> 테이블 'mysafetymerge_parking' 생성 중...
[2026-09-26 19:06:04,599][INFO|database.py-upgrade_schema:285] >> 테이블 'mysafetymerge_traffic' 생성 중...
[2026-09-26 19:06:04,604][INFO|database.py-_apply_versioned_migrations:452] >> [schema] DB 스키마 버전 1 적용
[2026-09-26 19:06:04,613][INFO|database.py-_apply_versioned_migrations:452] >> [schema] DB 스키마 버전 2 적용
[2026-09-26 19:06:04,616][INFO|database.py-_apply_versioned_migrations:452] >> [schema] DB 스키마 버전 3 적용
[2026-09-26 19:06:04,636][INFO|database.py-_apply_versioned_migrations:452] >> [schema] DB 스키마 버전 4 적용
[2026-09-26 19:06:04,665][INFO|duplicate_group_service.py-_log_info:53] >> [duplicate] payload exact 중복군 0개, 멤버 0건 재생성
[2026-09-26 19:06:04,707][INFO|database.py-backfill_synced_at:100] >> [migration] mysafetydetail_traffic synced_at 백필: 12건, 미해결 0건
[2026-09-26 19:06:04,710][INFO|database.py-backfill_synced_at:100] >> [migration] mysafetydetail_parking synced_at 백필: 6건, 미해결 0건
[2026-09-26 19:06:04,714][INFO|database.py-backfill_synced_at:100] >> [migration] mysafetydetail_other synced_at 백필: 6건, 미해결 0건
[2026-09-26 19:06:04,715][INFO|database.py-backfill_synced_at:105] >> [migration] synced_at 백필 완료: 총 24건 갱신, merge 재생성 시작
[2026-09-26 19:06:04,729][INFO|database.py-merge_final:736] >> 최종 데이터 병합 완료 (Traffic/Parking/Other 분리)
[2026-09-26 19:06:04,767][INFO|duplicate_group_service.py-_log_info:53] >> [duplicate] payload exact 중복군 1개, 멤버 2건 재생성
[2026-09-26 19:06:04,774][INFO|database.py-merge_final:736] >> 최종 데이터 병합 완료 (Traffic/Parking/Other 분리)
[2026-09-26 19:06:04,805][INFO|duplicate_group_service.py-_log_info:53] >> [duplicate] payload exact 중복군 1개, 멤버 2건 재생성
[2026-09-26 19:06:04,956][INFO|geocode_service.py-prepare_geo_payload:590] >> [geocode] 설정 누락으로 지오코딩 보류: 카카오 REST API 키가 비어 있습니다.
[2026-09-26 19:06:05,007][INFO|duplicate_group_service.py-_log_info:53] >> [duplicate] payload exact 중복군 1개, 멤버 2건 재생성
[2026-09-26 19:06:05,010][INFO|database.py-detail_to_sql:723] >> 총 1건 detail 저장 완료. (변경/신규: 1건, 실패: 0건)
[2026-09-26 19:06:05,011][INFO|geocode_service.py-prepare_geo_payload:590] >> [geocode] 설정 누락으로 지오코딩 보류: 카카오 REST API 키가 비어 있습니다.
[2026-09-26 19:06:05,055][INFO|duplicate_group_service.py-_log_info:53] >> [duplicate] payload exact 중복군 1개, 멤버 2건 재생성
[2026-09-26 19:06:05,057][INFO|database.py-detail_to_sql:723] >> 총 1건 detail 저장 완료. (변경/신규: 0건, 실패: 0건)
[2026-09-26 19:06:05,060][INFO|geocode_service.py-prepare_geo_payload:590] >> [geocode] 설정 누락으로 지오코딩 보류: 카카오 REST API 키가 비어 있습니다.
[2026-09-26 19:06:05,106][INFO|duplicate_group_service.py-_log_info:53] >> [duplicate] payload exact 중복군 1개, 멤버 2건 재생성
[2026-09-26 19:06:05,108][INFO|database.py-detail_to_sql:723] >> 총 1건 detail 저장 완료. (변경/신규: 0건, 실패: 0건)
[2026-09-26 19:06:05,109][INFO|geocode_service.py-prepare_geo_payload:590] >> [geocode] 설정 누락으로 지오코딩 보류: 카카오 REST API 키가 비어 있습니다.
[2026-09-26 19:06:05,147][INFO|duplicate_group_service.py-_log_info:53] >> [duplicate] payload exact 중복군 1개, 멤버 2건 재생성
[2026-09-26 19:06:05,149][INFO|database.py-detail_to_sql:723] >> 총 1건 detail 저장 완료. (변경/신규: 1건, 실패: 0건)
.[2026-09-26 19:06:05,163][INFO|database.py-upgrade_schema:285] >> 테이블 'admin_users' 생성 중...
[2026-09-26 19:06:05,165][INFO|database.py-upgrade_schema:285] >> 테이블 'api_keys' 생성 중...
[2026-09-26 19:06:05,167][INFO|database.py-upgrade_schema:285] >> 테이블 'mysafety' 생성 중...
[2026-09-26 19:06:05,168][INFO|database.py-upgrade_schema:285] >> 테이블 'mysafety_change_cursor' 생성 중...
[2026-09-26 19:06:05,170][INFO|database.py-upgrade_schema:285] >> 테이블 'mysafety_change_log' 생성 중...
[2026-09-26 19:06:05,171][INFO|database.py-upgrade_schema:285] >> 테이블 'mysafety_duplicate_decision' 생성 중...
[2026-09-26 19:06:05,172][INFO|database.py-upgrade_schema:285] >> 테이블 'mysafety_duplicate_group' 생성 중...
[2026-09-26 19:06:05,174][INFO|database.py-upgrade_schema:285] >> 테이블 'mysafety_duplicate_member' 생성 중...
[2026-09-26 19:06:05,176][INFO|database.py-upgrade_schema:285] >> 테이블 'mysafety_entry_value' 생성 중...
[2026-09-26 19:06:05,181][INFO|database.py-upgrade_schema:285] >> 테이블 'mysafety_geocode_cache' 생성 중...
[2026-09-26 19:06:05,183][INFO|database.py-upgrade_schema:285] >> 테이블 'mysafety_raw_content' 생성 중...
[2026-09-26 19:06:05,185][INFO|database.py-upgrade_schema:285] >> 테이블 'mysafety_report_override' 생성 중...
[2026-09-26 19:06:05,186][INFO|database.py-upgrade_schema:285] >> 테이블 'mysafety_sync_meta' 생성 중...
[2026-09-26 19:06:05,188][INFO|database.py-upgrade_schema:285] >> 테이블 'mysafety_watchlist' 생성 중...
[2026-09-26 19:06:05,190][INFO|database.py-upgrade_schema:285] >> 테이블 'mysafetydetail_other' 생성 중...
[2026-09-26 19:06:05,192][INFO|database.py-upgrade_schema:285] >> 테이블 'mysafetydetail_parking' 생성 중...
[2026-09-26 19:06:05,195][INFO|database.py-upgrade_schema:285] >> 테이블 'mysafetydetail_traffic' 생성 중...
[2026-09-26 19:06:05,196][INFO|database.py-upgrade_schema:285] >> 테이블 'mysafetymerge_other' 생성 중...
[2026-09-26 19:06:05,198][INFO|database.py-upgrade_schema:285] >> 테이블 'mysafetymerge_parking' 생성 중...
[2026-09-26 19:06:05,200][INFO|database.py-upgrade_schema:285] >> 테이블 'mysafetymerge_traffic' 생성 중...
[2026-09-26 19:06:05,204][INFO|database.py-_apply_versioned_migrations:452] >> [schema] DB 스키마 버전 1 적용
[2026-09-26 19:06:05,210][INFO|database.py-_apply_versioned_migrations:452] >> [schema] DB 스키마 버전 2 적용
[2026-09-26 19:06:05,212][INFO|database.py-_apply_versioned_migrations:452] >> [schema] DB 스키마 버전 3 적용
[2026-09-26 19:06:05,234][INFO|database.py-_apply_versioned_migrations:452] >> [schema] DB 스키마 버전 4 적용
[2026-09-26 19:06:05,261][INFO|duplicate_group_service.py-_log_info:53] >> [duplicate] payload exact 중복군 0개, 멤버 0건 재생성
[2026-09-26 19:06:05,305][INFO|database.py-backfill_synced_at:100] >> [migration] mysafetydetail_traffic synced_at 백필: 12건, 미해결 0건
[2026-09-26 19:06:05,309][INFO|database.py-backfill_synced_at:100] >> [migration] mysafetydetail_parking synced_at 백필: 6건, 미해결 0건
[2026-09-26 19:06:05,314][INFO|database.py-backfill_synced_at:100] >> [migration] mysafetydetail_other synced_at 백필: 6건, 미해결 0건
[2026-09-26 19:06:05,318][INFO|database.py-backfill_synced_at:105] >> [migration] synced_at 백필 완료: 총 24건 갱신, merge 재생성 시작
[2026-09-26 19:06:05,334][INFO|database.py-merge_final:736] >> 최종 데이터 병합 완료 (Traffic/Parking/Other 분리)
[2026-09-26 19:06:05,366][INFO|duplicate_group_service.py-_log_info:53] >> [duplicate] payload exact 중복군 1개, 멤버 2건 재생성
[2026-09-26 19:06:05,377][INFO|database.py-merge_final:736] >> 최종 데이터 병합 완료 (Traffic/Parking/Other 분리)
[2026-09-26 19:06:05,432][INFO|duplicate_group_service.py-_log_info:53] >> [duplicate] payload exact 중복군 1개, 멤버 2건 재생성
.[2026-09-26 19:06:05,673][INFO|database.py-upgrade_schema:285] >> 테이블 'admin_users' 생성 중...
[2026-09-26 19:06:05,686][INFO|database.py-upgrade_schema:285] >> 테이블 'api_keys' 생성 중...
[2026-09-26 19:06:05,689][INFO|database.py-upgrade_schema:285] >> 테이블 'mysafety' 생성 중...
[2026-09-26 19:06:05,709][INFO|database.py-upgrade_schema:285] >> 테이블 'mysafety_change_cursor' 생성 중...
[2026-09-26 19:06:05,712][INFO|database.py-upgrade_schema:285] >> 테이블 'mysafety_change_log' 생성 중...
[2026-09-26 19:06:05,718][INFO|database.py-upgrade_schema:285] >> 테이블 'mysafety_duplicate_decision' 생성 중...
[2026-09-26 19:06:05,725][INFO|database.py-upgrade_schema:285] >> 테이블 'mysafety_duplicate_group' 생성 중...
[2026-09-26 19:06:05,732][INFO|database.py-upgrade_schema:285] >> 테이블 'mysafety_duplicate_member' 생성 중...
[2026-09-26 19:06:05,735][INFO|database.py-upgrade_schema:285] >> 테이블 'mysafety_entry_value' 생성 중...
[2026-09-26 19:06:05,740][INFO|database.py-upgrade_schema:285] >> 테이블 'mysafety_geocode_cache' 생성 중...
[2026-09-26 19:06:05,745][INFO|database.py-upgrade_schema:285] >> 테이블 'mysafety_raw_content' 생성 중...
[2026-09-26 19:06:05,750][INFO|database.py-upgrade_schema:285] >> 테이블 'mysafety_report_override' 생성 중...
[2026-09-26 19:06:05,755][INFO|database.py-upgrade_schema:285] >> 테이블 'mysafety_sync_meta' 생성 중...
[2026-09-26 19:06:05,758][INFO|database.py-upgrade_schema:285] >> 테이블 'mysafety_watchlist' 생성 중...
[2026-09-26 19:06:05,765][INFO|database.py-upgrade_schema:285] >> 테이블 'mysafetydetail_other' 생성 중...
[2026-09-26 19:06:05,771][INFO|database.py-upgrade_schema:285] >> 테이블 'mysafetydetail_parking' 생성 중...
[2026-09-26 19:06:05,779][INFO|database.py-upgrade_schema:285] >> 테이블 'mysafetydetail_traffic' 생성 중...
[2026-09-26 19:06:05,783][INFO|database.py-upgrade_schema:285] >> 테이블 'mysafetymerge_other' 생성 중...
[2026-09-26 19:06:05,789][INFO|database.py-upgrade_schema:285] >> 테이블 'mysafetymerge_parking' 생성 중...
[2026-09-26 19:06:05,792][INFO|database.py-upgrade_schema:285] >> 테이블 'mysafetymerge_traffic' 생성 중...
[2026-09-26 19:06:05,799][INFO|database.py-_apply_versioned_migrations:452] >> [schema] DB 스키마 버전 1 적용
[2026-09-26 19:06:05,810][INFO|database.py-_apply_versioned_migrations:452] >> [schema] DB 스키마 버전 2 적용
[2026-09-26 19:06:05,823][INFO|database.py-_apply_versioned_migrations:452] >> [schema] DB 스키마 버전 3 적용
[2026-09-26 19:06:05,882][INFO|database.py-_apply_versioned_migrations:452] >> [schema] DB 스키마 버전 4 적용
[2026-09-26 19:06:05,943][INFO|duplicate_group_service.py-_log_info:53] >> [duplicate] payload exact 중복군 0개, 멤버 0건 재생성
[2026-09-26 19:06:05,988][INFO|database.py-backfill_synced_at:100] >> [migration] mysafetydetail_traffic synced_at 백필: 12건, 미해결 0건
[2026-09-26 19:06:05,992][INFO|database.py-backfill_synced_at:100] >> [migration] mysafetydetail_parking synced_at 백필: 6건, 미해결 0건
[2026-09-26 19:06:05,996][INFO|database.py-backfill_synced_at:100] >> [migration] mysafetydetail_other synced_at 백필: 6건, 미해결 0건
[2026-09-26 19:06:06,002][INFO|database.py-backfill_synced_at:105] >> [migration] synced_at 백필 완료: 총 24건 갱신, merge 재생성 시작
[2026-09-26 19:06:06,026][INFO|database.py-merge_final:736] >> 최종 데이터 병합 완료 (Traffic/Parking/Other 분리)
[2026-09-26 19:06:06,051][INFO|duplicate_group_service.py-_log_info:53] >> [duplicate] payload exact 중복군 1개, 멤버 2건 재생성
[2026-09-26 19:06:06,069][INFO|database.py-merge_final:736] >> 최종 데이터 병합 완료 (Traffic/Parking/Other 분리)
[2026-09-26 19:06:06,114][INFO|duplicate_group_service.py-_log_info:53] >> [duplicate] payload exact 중복군 1개, 멤버 2건 재생성
[2026-09-26 19:06:06,269][INFO|database.py-title_to_sql:694] >> 총 1건 title 테이블 upsert 완료. (신규: 0건)
[2026-09-26 19:06:06,280][INFO|database.py-title_to_sql:694] >> 총 1건 title 테이블 upsert 완료. (신규: 0건)
..[2026-09-26 19:06:06,637][INFO|database.py-upgrade_schema:285] >> 테이블 'mysafety_change_cursor' 생성 중...
[2026-09-26 19:06:06,642][INFO|database.py-upgrade_schema:285] >> 테이블 'mysafety_change_log' 생성 중...
[2026-09-26 19:06:06,646][INFO|database.py-upgrade_schema:285] >> 테이블 'mysafety_duplicate_decision' 생성 중...
[2026-09-26 19:06:06,651][INFO|database.py-upgrade_schema:285] >> 테이블 'mysafety_geocode_cache' 생성 중...
[2026-09-26 19:06:06,657][INFO|database.py-upgrade_schema:285] >> 테이블 'mysafety_report_override' 생성 중...
[2026-09-26 19:06:06,661][WARNING|database.py-upgrade_schema:304] >> 'mysafetydetail_other' 테이블에 '주소정규화' 컬럼을 추가합니다.
[2026-09-26 19:06:06,664][WARNING|database.py-upgrade_schema:304] >> 'mysafetydetail_other' 테이블에 '행정구역' 컬럼을 추가합니다.
[2026-09-26 19:06:06,666][WARNING|database.py-upgrade_schema:304] >> 'mysafetydetail_other' 테이블에 '위도' 컬럼을 추가합니다.
[2026-09-26 19:06:06,670][WARNING|database.py-upgrade_schema:304] >> 'mysafetydetail_other' 테이블에 '경도' 컬럼을 추가합니다.
[2026-09-26 19:06:06,673][WARNING|database.py-upgrade_schema:304] >> 'mysafetydetail_other' 테이블에 '지오코딩상태' 컬럼을 추가합니다.
[2026-09-26 19:06:06,679][WARNING|database.py-upgrade_schema:304] >> 'mysafetydetail_other' 테이블에 '사진_첫촬영' 컬럼을 추가합니다.
[2026-09-26 19:06:06,684][WARNING|database.py-upgrade_schema:304] >> 'mysafetydetail_other' 테이블에 '사진_끝촬영' 컬럼을 추가합니다.
[2026-09-26 19:06:06,686][WARNING|database.py-upgrade_schema:304] >> 'mysafetydetail_other' 테이블에 '사진_촬영수' 컬럼을 추가합니다.
[2026-09-26 19:06:06,689][WARNING|database.py-upgrade_schema:304] >> 'mysafetydetail_parking' 테이블에 '주소정규화' 컬럼을 추가합니다.
[2026-09-26 19:06:06,694][WARNING|database.py-upgrade_schema:304] >> 'mysafetydetail_parking' 테이블에 '행정구역' 컬럼을 추가합니다.
[2026-09-26 19:06:06,699][WARNING|database.py-upgrade_schema:304] >> 'mysafetydetail_parking' 테이블에 '위도' 컬럼을 추가합니다.
[2026-09-26 19:06:06,702][WARNING|database.py-upgrade_schema:304] >> 'mysafetydetail_parking' 테이블에 '경도' 컬럼을 추가합니다.
[2026-09-26 19:06:06,705][WARNING|database.py-upgrade_schema:304] >> 'mysafetydetail_parking' 테이블에 '지오코딩상태' 컬럼을 추가합니다.
[2026-09-26 19:06:06,707][WARNING|database.py-upgrade_schema:304] >> 'mysafetydetail_parking' 테이블에 '사진_첫촬영' 컬럼을 추가합니다.
[2026-09-26 19:06:06,713][WARNING|database.py-upgrade_schema:304] >> 'mysafetydetail_parking' 테이블에 '사진_끝촬영' 컬럼을 추가합니다.
[2026-09-26 19:06:06,715][WARNING|database.py-upgrade_schema:304] >> 'mysafetydetail_parking' 테이블에 '사진_촬영수' 컬럼을 추가합니다.
[2026-09-26 19:06:06,720][WARNING|database.py-upgrade_schema:304] >> 'mysafetydetail_traffic' 테이블에 '주소정규화' 컬럼을 추가합니다.
[2026-09-26 19:06:06,723][WARNING|database.py-upgrade_schema:304] >> 'mysafetydetail_traffic' 테이블에 '행정구역' 컬럼을 추가합니다.
[2026-09-26 19:06:06,729][WARNING|database.py-upgrade_schema:304] >> 'mysafetydetail_traffic' 테이블에 '위도' 컬럼을 추가합니다.
[2026-09-26 19:06:06,731][WARNING|database.py-upgrade_schema:304] >> 'mysafetydetail_traffic' 테이블에 '경도' 컬럼을 추가합니다.
[2026-09-26 19:06:06,736][WARNING|database.py-upgrade_schema:304] >> 'mysafetydetail_traffic' 테이블에 '지오코딩상태' 컬럼을 추가합니다.
[2026-09-26 19:06:06,740][WARNING|database.py-upgrade_schema:304] >> 'mysafetydetail_traffic' 테이블에 '사진_첫촬영' 컬럼을 추가합니다.
[2026-09-26 19:06:06,744][WARNING|database.py-upgrade_schema:304] >> 'mysafetydetail_traffic' 테이블에 '사진_끝촬영' 컬럼을 추가합니다.
[2026-09-26 19:06:06,747][WARNING|database.py-upgrade_schema:304] >> 'mysafetydetail_traffic' 테이블에 '사진_촬영수' 컬럼을 추가합니다.
[2026-09-26 19:06:06,750][WARNING|database.py-upgrade_schema:304] >> 'mysafetymerge_other' 테이블에 '주소정규화' 컬럼을 추가합니다.
[2026-09-26 19:06:06,754][WARNING|database.py-upgrade_schema:304] >> 'mysafetymerge_other' 테이블에 '행정구역' 컬럼을 추가합니다.
[2026-09-26 19:06:06,759][WARNING|database.py-upgrade_schema:304] >> 'mysafetymerge_other' 테이블에 '위도' 컬럼을 추가합니다.
[2026-09-26 19:06:06,762][WARNING|database.py-upgrade_schema:304] >> 'mysafetymerge_other' 테이블에 '경도' 컬럼을 추가합니다.
[2026-09-26 19:06:06,765][WARNING|database.py-upgrade_schema:304] >> 'mysafetymerge_other' 테이블에 '지오코딩상태' 컬럼을 추가합니다.
[2026-09-26 19:06:06,768][WARNING|database.py-upgrade_schema:304] >> 'mysafetymerge_other' 테이블에 '사진_첫촬영' 컬럼을 추가합니다.
[2026-09-26 19:06:06,783][WARNING|database.py-upgrade_schema:304] >> 'mysafetymerge_other' 테이블에 '사진_끝촬영' 컬럼을 추가합니다.
[2026-09-26 19:06:06,787][WARNING|database.py-upgrade_schema:304] >> 'mysafetymerge_other' 테이블에 '사진_촬영수' 컬럼을 추가합니다.
[2026-09-26 19:06:06,795][WARNING|database.py-upgrade_schema:304] >> 'mysafetymerge_parking' 테이블에 '주소정규화' 컬럼을 추가합니다.
[2026-09-26 19:06:06,799][WARNING|database.py-upgrade_schema:304] >> 'mysafetymerge_parking' 테이블에 '행정구역' 컬럼을 추가합니다.
[2026-09-26 19:06:06,803][WARNING|database.py-upgrade_schema:304] >> 'mysafetymerge_parking' 테이블에 '위도' 컬럼을 추가합니다.
[2026-09-26 19:06:06,806][WARNING|database.py-upgrade_schema:304] >> 'mysafetymerge_parking' 테이블에 '경도' 컬럼을 추가합니다.
[2026-09-26 19:06:06,808][WARNING|database.py-upgrade_schema:304] >> 'mysafetymerge_parking' 테이블에 '지오코딩상태' 컬럼을 추가합니다.
[2026-09-26 19:06:06,811][WARNING|database.py-upgrade_schema:304] >> 'mysafetymerge_parking' 테이블에 '사진_첫촬영' 컬럼을 추가합니다.
[2026-09-26 19:06:06,817][WARNING|database.py-upgrade_schema:304] >> 'mysafetymerge_parking' 테이블에 '사진_끝촬영' 컬럼을 추가합니다.
[2026-09-26 19:06:06,822][WARNING|database.py-upgrade_schema:304] >> 'mysafetymerge_parking' 테이블에 '사진_촬영수' 컬럼을 추가합니다.
[2026-09-26 19:06:06,826][WARNING|database.py-upgrade_schema:304] >> 'mysafetymerge_traffic' 테이블에 '주소정규화' 컬럼을 추가합니다.
[2026-09-26 19:06:06,829][WARNING|database.py-upgrade_schema:304] >> 'mysafetymerge_traffic' 테이블에 '행정구역' 컬럼을 추가합니다.
[2026-09-26 19:06:06,834][WARNING|database.py-upgrade_schema:304] >> 'mysafetymerge_traffic' 테이블에 '위도' 컬럼을 추가합니다.
[2026-09-26 19:06:06,840][WARNING|database.py-upgrade_schema:304] >> 'mysafetymerge_traffic' 테이블에 '경도' 컬럼을 추가합니다.
[2026-09-26 19:06:06,843][WARNING|database.py-upgrade_schema:304] >> 'mysafetymerge_traffic' 테이블에 '지오코딩상태' 컬럼을 추가합니다.
[2026-09-26 19:06:06,846][WARNING|database.py-upgrade_schema:304] >> 'mysafetymerge_traffic' 테이블에 '사진_첫촬영' 컬럼을 추가합니다.
[2026-09-26 19:06:06,853][WARNING|database.py-upgrade_schema:304] >> 'mysafetymerge_traffic' 테이블에 '사진_끝촬영' 컬럼을 추가합니다.
[2026-09-26 19:06:06,856][WARNING|database.py-upgrade_schema:304] >> 'mysafetymerge_traffic' 테이블에 '사진_촬영수' 컬럼을 추가합니다.
[2026-09-26 19:06:06,864][INFO|database.py-_apply_versioned_migrations:452] >> [schema] DB 스키마 버전 1 적용
[2026-09-26 19:06:06,878][INFO|database.py-_apply_versioned_migrations:452] >> [schema] DB 스키마 버전 2 적용
[2026-09-26 19:06:06,882][INFO|database.py-_apply_versioned_migrations:452] >> [schema] DB 스키마 버전 3 적용
[2026-09-26 19:06:06,915][INFO|database.py-_apply_versioned_migrations:452] >> [schema] DB 스키마 버전 4 적용
.[2026-09-26 19:06:07,085][INFO|database.py-upgrade_schema:285] >> 테이블 'admin_users' 생성 중...
[2026-09-26 19:06:07,096][INFO|database.py-upgrade_schema:285] >> 테이블 'api_keys' 생성 중...
[2026-09-26 19:06:07,101][INFO|database.py-upgrade_schema:285] >> 테이블 'mysafety' 생성 중...
[2026-09-26 19:06:07,104][INFO|database.py-upgrade_schema:285] >> 테이블 'mysafety_change_cursor' 생성 중...
[2026-09-26 19:06:07,108][INFO|database.py-upgrade_schema:285] >> 테이블 'mysafety_change_log' 생성 중...
[2026-09-26 19:06:07,113][INFO|database.py-upgrade_schema:285] >> 테이블 'mysafety_duplicate_decision' 생성 중...
[2026-09-26 19:06:07,118][INFO|database.py-upgrade_schema:285] >> 테이블 'mysafety_duplicate_group' 생성 중...
[2026-09-26 19:06:07,125][INFO|database.py-upgrade_schema:285] >> 테이블 'mysafety_duplicate_member' 생성 중...
[2026-09-26 19:06:07,128][INFO|database.py-upgrade_schema:285] >> 테이블 'mysafety_entry_value' 생성 중...
[2026-09-26 19:06:07,131][INFO|database.py-upgrade_schema:285] >> 테이블 'mysafety_geocode_cache' 생성 중...
[2026-09-26 19:06:07,134][INFO|database.py-upgrade_schema:285] >> 테이블 'mysafety_raw_content' 생성 중...
[2026-09-26 19:06:07,136][INFO|database.py-upgrade_schema:285] >> 테이블 'mysafety_report_override' 생성 중...
[2026-09-26 19:06:07,145][INFO|database.py-upgrade_schema:285] >> 테이블 'mysafety_sync_meta' 생성 중...
[2026-09-26 19:06:07,150][INFO|database.py-upgrade_schema:285] >> 테이블 'mysafety_watchlist' 생성 중...
[2026-09-26 19:06:07,153][INFO|database.py-upgrade_schema:285] >> 테이블 'mysafetydetail_other' 생성 중...
[2026-09-26 19:06:07,161][INFO|database.py-upgrade_schema:285] >> 테이블 'mysafetydetail_parking' 생성 중...
[2026-09-26 19:06:07,166][INFO|database.py-upgrade_schema:285] >> 테이블 'mysafetydetail_traffic' 생성 중...
[2026-09-26 19:06:07,171][INFO|database.py-upgrade_schema:285] >> 테이블 'mysafetymerge_other' 생성 중...
[2026-09-26 19:06:07,175][INFO|database.py-upgrade_schema:285] >> 테이블 'mysafetymerge_parking' 생성 중...
[2026-09-26 19:06:07,181][INFO|database.py-upgrade_schema:285] >> 테이블 'mysafetymerge_traffic' 생성 중...
[2026-09-26 19:06:07,191][INFO|database.py-_apply_versioned_migrations:452] >> [schema] DB 스키마 버전 1 적용
[2026-09-26 19:06:07,209][INFO|database.py-_apply_versioned_migrations:452] >> [schema] DB 스키마 버전 2 적용
[2026-09-26 19:06:07,212][INFO|database.py-_apply_versioned_migrations:452] >> [schema] DB 스키마 버전 3 적용
[2026-09-26 19:06:07,245][INFO|database.py-_apply_versioned_migrations:452] >> [schema] DB 스키마 버전 4 적용
[2026-09-26 19:06:07,277][INFO|duplicate_group_service.py-_log_info:53] >> [duplicate] payload exact 중복군 0개, 멤버 0건 재생성
..[2026-09-26 19:06:07,561][INFO|database.py-backup_before_upgrade:436] >> [schema] 버전 0 → 4 올리기 전 DB 백업: /tmp/tmp00pboij7/backups/before_schema_v0_20260926_190607.db
[2026-09-26 19:06:07,568][INFO|database.py-upgrade_schema:285] >> 테이블 'mysafety_change_cursor' 생성 중...
[2026-09-26 19:06:07,572][INFO|database.py-upgrade_schema:285] >> 테이블 'mysafety_change_log' 생성 중...
[2026-09-26 19:06:07,582][INFO|database.py-upgrade_schema:285] >> 테이블 'mysafety_duplicate_decision' 생성 중...
[2026-09-26 19:06:07,590][INFO|database.py-upgrade_schema:285] >> 테이블 'mysafety_geocode_cache' 생성 중...
[2026-09-26 19:06:07,594][INFO|database.py-upgrade_schema:285] >> 테이블 'mysafety_report_override' 생성 중...
[2026-09-26 19:06:07,597][WARNING|database.py-upgrade_schema:304] >> 'mysafetydetail_other' 테이블에 '주소정규화' 컬럼을 추가합니다.
[2026-09-26 19:06:07,600][WARNING|database.py-upgrade_schema:304] >> 'mysafetydetail_other' 테이블에 '행정구역' 컬럼을 추가합니다.
[2026-09-26 19:06:07,604][WARNING|database.py-upgrade_schema:304] >> 'mysafetydetail_other' 테이블에 '위도' 컬럼을 추가합니다.
[2026-09-26 19:06:07,608][WARNING|database.py-upgrade_schema:304] >> 'mysafetydetail_other' 테이블에 '경도' 컬럼을 추가합니다.
[2026-09-26 19:06:07,613][WARNING|database.py-upgrade_schema:304] >> 'mysafetydetail_other' 테이블에 '지오코딩상태' 컬럼을 추가합니다.
[2026-09-26 19:06:07,615][WARNING|database.py-upgrade_schema:304] >> 'mysafetydetail_other' 테이블에 '사진_첫촬영' 컬럼을 추가합니다.
[2026-09-26 19:06:07,617][WARNING|database.py-upgrade_schema:304] >> 'mysafetydetail_other' 테이블에 '사진_끝촬영' 컬럼을 추가합니다.
[2026-09-26 19:06:07,621][WARNING|database.py-upgrade_schema:304] >> 'mysafetydetail_other' 테이블에 '사진_촬영수' 컬럼을 추가합니다.
[2026-09-26 19:06:07,627][WARNING|database.py-upgrade_schema:304] >> 'mysafetydetail_parking' 테이블에 '주소정규화' 컬럼을 추가합니다.
[2026-09-26 19:06:07,632][WARNING|database.py-upgrade_schema:304] >> 'mysafetydetail_parking' 테이블에 '행정구역' 컬럼을 추가합니다.
[2026-09-26 19:06:07,637][WARNING|database.py-upgrade_schema:304] >> 'mysafetydetail_parking' 테이블에 '위도' 컬럼을 추가합니다.
[2026-09-26 19:06:07,640][WARNING|database.py-upgrade_schema:304] >> 'mysafetydetail_parking' 테이블에 '경도' 컬럼을 추가합니다.
[2026-09-26 19:06:07,643][WARNING|database.py-upgrade_schema:304] >> 'mysafetydetail_parking' 테이블에 '지오코딩상태' 컬럼을 추가합니다.
[2026-09-26 19:06:07,646][WARNING|database.py-upgrade_schema:304] >> 'mysafetydetail_parking' 테이블에 '사진_첫촬영' 컬럼을 추가합니다.
[2026-09-26 19:06:07,649][WARNING|database.py-upgrade_schema:304] >> 'mysafetydetail_parking' 테이블에 '사진_끝촬영' 컬럼을 추가합니다.
[2026-09-26 19:06:07,653][WARNING|database.py-upgrade_schema:304] >> 'mysafetydetail_parking' 테이블에 '사진_촬영수' 컬럼을 추가합니다.
[2026-09-26 19:06:07,660][WARNING|database.py-upgrade_schema:304] >> 'mysafetydetail_traffic' 테이블에 '주소정규화' 컬럼을 추가합니다.
[2026-09-26 19:06:07,669][WARNING|database.py-upgrade_schema:304] >> 'mysafetydetail_traffic' 테이블에 '행정구역' 컬럼을 추가합니다.
[2026-09-26 19:06:07,673][WARNING|database.py-upgrade_schema:304] >> 'mysafetydetail_traffic' 테이블에 '위도' 컬럼을 추가합니다.
[2026-09-26 19:06:07,676][WARNING|database.py-upgrade_schema:304] >> 'mysafetydetail_traffic' 테이블에 '경도' 컬럼을 추가합니다.
[2026-09-26 19:06:07,680][WARNING|database.py-upgrade_schema:304] >> 'mysafetydetail_traffic' 테이블에 '지오코딩상태' 컬럼을 추가합니다.
[2026-09-26 19:06:07,683][WARNING|database.py-upgrade_schema:304] >> 'mysafetydetail_traffic' 테이블에 '사진_첫촬영' 컬럼을 추가합니다.
[2026-09-26 19:06:07,685][WARNING|database.py-upgrade_schema:304] >> 'mysafetydetail_traffic' 테이블에 '사진_끝촬영' 컬럼을 추가합니다.
[2026-09-26 19:06:07,687][WARNING|database.py-upgrade_schema:304] >> 'mysafetydetail_traffic' 테이블에 '사진_촬영수' 컬럼을 추가합니다.
[2026-09-26 19:06:07,690][WARNING|database.py-upgrade_schema:304] >> 'mysafetymerge_other' 테이블에 '주소정규화' 컬럼을 추가합니다.
[2026-09-26 19:06:07,692][WARNING|database.py-upgrade_schema:304] >> 'mysafetymerge_other' 테이블에 '행정구역' 컬럼을 추가합니다.
[2026-09-26 19:06:07,696][WARNING|database.py-upgrade_schema:304] >> 'mysafetymerge_other' 테이블에 '위도' 컬럼을 추가합니다.
[2026-09-26 19:06:07,698][WARNING|database.py-upgrade_schema:304] >> 'mysafetymerge_other' 테이블에 '경도' 컬럼을 추가합니다.
[2026-09-26 19:06:07,704][WARNING|database.py-upgrade_schema:304] >> 'mysafetymerge_other' 테이블에 '지오코딩상태' 컬럼을 추가합니다.
[2026-09-26 19:06:07,711][WARNING|database.py-upgrade_schema:304] >> 'mysafetymerge_other' 테이블에 '사진_첫촬영' 컬럼을 추가합니다.
[2026-09-26 19:06:07,714][WARNING|database.py-upgrade_schema:304] >> 'mysafetymerge_other' 테이블에 '사진_끝촬영' 컬럼을 추가합니다.
[2026-09-26 19:06:07,716][WARNING|database.py-upgrade_schema:304] >> 'mysafetymerge_other' 테이블에 '사진_촬영수' 컬럼을 추가합니다.
[2026-09-26 19:06:07,719][WARNING|database.py-upgrade_schema:304] >> 'mysafetymerge_parking' 테이블에 '주소정규화' 컬럼을 추가합니다.
[2026-09-26 19:06:07,722][WARNING|database.py-upgrade_schema:304] >> 'mysafetymerge_parking' 테이블에 '행정구역' 컬럼을 추가합니다.
[2026-09-26 19:06:07,724][WARNING|database.py-upgrade_schema:304] >> 'mysafetymerge_parking' 테이블에 '위도' 컬럼을 추가합니다.
[2026-09-26 19:06:07,726][WARNING|database.py-upgrade_schema:304] >> 'mysafetymerge_parking' 테이블에 '경도' 컬럼을 추가합니다.
[2026-09-26 19:06:07,728][WARNING|database.py-upgrade_schema:304] >> 'mysafetymerge_parking' 테이블에 '지오코딩상태' 컬럼을 추가합니다.
[2026-09-26 19:06:07,730][WARNING|database.py-upgrade_schema:304] >> 'mysafetymerge_parking' 테이블에 '사진_첫촬영' 컬럼을 추가합니다.
[2026-09-26 19:06:07,733][WARNING|database.py-upgrade_schema:304] >> 'mysafetymerge_parking' 테이블에 '사진_끝촬영' 컬럼을 추가합니다.
[2026-09-26 19:06:07,735][WARNING|database.py-upgrade_schema:304] >> 'mysafetymerge_parking' 테이블에 '사진_촬영수' 컬럼을 추가합니다.
[2026-09-26 19:06:07,737][WARNING|database.py-upgrade_schema:304] >> 'mysafetymerge_traffic' 테이블에 '주소정규화' 컬럼을 추가합니다.
[2026-09-26 19:06:07,739][WARNING|database.py-upgrade_schema:304] >> 'mysafetymerge_traffic' 테이블에 '행정구역' 컬럼을 추가합니다.
[2026-09-26 19:06:07,741][WARNING|database.py-upgrade_schema:304] >> 'mysafetymerge_traffic' 테이블에 '위도' 컬럼을 추가합니다.
[2026-09-26 19:06:07,742][WARNING|database.py-upgrade_schema:304] >> 'mysafetymerge_traffic' 테이블에 '경도' 컬럼을 추가합니다.
[2026-09-26 19:06:07,745][WARNING|database.py-upgrade_schema:304] >> 'mysafetymerge_traffic' 테이블에 '지오코딩상태' 컬럼을 추가합니다.
[2026-09-26 19:06:07,748][WARNING|database.py-upgrade_schema:304] >> 'mysafetymerge_traffic' 테이블에 '사진_첫촬영' 컬럼을 추가합니다.
[2026-09-26 19:06:07,751][WARNING|database.py-upgrade_schema:304] >> 'mysafetymerge_traffic' 테이블에 '사진_끝촬영' 컬럼을 추가합니다.
[2026-09-26 19:06:07,755][WARNING|database.py-upgrade_schema:304] >> 'mysafetymerge_traffic' 테이블에 '사진_촬영수' 컬럼을 추가합니다.
[2026-09-26 19:06:07,761][INFO|database.py-_apply_versioned_migrations:452] >> [schema] DB 스키마 버전 1 적용
[2026-09-26 19:06:07,768][INFO|database.py-_apply_versioned_migrations:452] >> [schema] DB 스키마 버전 2 적용
[2026-09-26 19:06:07,772][INFO|database.py-_apply_versioned_migrations:452] >> [schema] DB 스키마 버전 3 적용
[2026-09-26 19:06:07,795][INFO|database.py-_apply_versioned_migrations:452] >> [schema] DB 스키마 버전 4 적용
[2026-09-26 19:06:07,839][INFO|duplicate_group_service.py-_log_info:53] >> [duplicate] payload exact 중복군 0개, 멤버 0건 재생성
[2026-09-26 19:06:07,875][INFO|duplicate_group_service.py-_log_info:53] >> [duplicate] payload exact 중복군 0개, 멤버 0건 재생성
.[2026-09-26 19:06:08,007][INFO|database.py-backup_before_upgrade:436] >> [schema] 버전 0 → 4 올리기 전 DB 백업: /tmp/tmprulc0oyq/backups/before_schema_v0_20260926_190608.db
[2026-09-26 19:06:08,016][INFO|database.py-upgrade_schema:285] >> 테이블 'mysafety_change_cursor' 생성 중...
[2026-09-26 19:06:08,031][INFO|database.py-upgrade_schema:285] >> 테이블 'mysafety_change_log' 생성 중...
[2026-09-26 19:06:08,035][INFO|database.py-upgrade_schema:285] >> 테이블 'mysafety_duplicate_decision' 생성 중...
[2026-09-26 19:06:08,039][INFO|database.py-upgrade_schema:285] >> 테이블 'mysafety_geocode_cache' 생성 중...
[2026-09-26 19:06:08,045][INFO|database.py-upgrade_schema:285] >> 테이블 'mysafety_report_override' 생성 중...
[2026-09-26 19:06:08,052][WARNING|database.py-upgrade_schema:304] >> 'mysafetydetail_other' 테이블에 '주소정규화' 컬럼을 추가합니다.
[2026-09-26 19:06:08,055][WARNING|database.py-upgrade_schema:304] >> 'mysafetydetail_other' 테이블에 '행정구역' 컬럼을 추가합니다.
[2026-09-26 19:06:08,057][WARNING|database.py-upgrade_schema:304] >> 'mysafetydetail_other' 테이블에 '위도' 컬럼을 추가합니다.
[2026-09-26 19:06:08,059][WARNING|database.py-upgrade_schema:304] >> 'mysafetydetail_other' 테이블에 '경도' 컬럼을 추가합니다.
[2026-09-26 19:06:08,060][WARNING|database.py-upgrade_schema:304] >> 'mysafetydetail_other' 테이블에 '지오코딩상태' 컬럼을 추가합니다.
[2026-09-26 19:06:08,062][WARNING|database.py-upgrade_schema:304] >> 'mysafetydetail_other' 테이블에 '사진_첫촬영' 컬럼을 추가합니다.
[2026-09-26 19:06:08,064][WARNING|database.py-upgrade_schema:304] >> 'mysafetydetail_other' 테이블에 '사진_끝촬영' 컬럼을 추가합니다.
[2026-09-26 19:06:08,066][WARNING|database.py-upgrade_schema:304] >> 'mysafetydetail_other' 테이블에 '사진_촬영수' 컬럼을 추가합니다.
[2026-09-26 19:06:08,069][WARNING|database.py-upgrade_schema:304] >> 'mysafetydetail_parking' 테이블에 '주소정규화' 컬럼을 추가합니다.
[2026-09-26 19:06:08,073][WARNING|database.py-upgrade_schema:304] >> 'mysafetydetail_parking' 테이블에 '행정구역' 컬럼을 추가합니다.
[2026-09-26 19:06:08,076][WARNING|database.py-upgrade_schema:304] >> 'mysafetydetail_parking' 테이블에 '위도' 컬럼을 추가합니다.
[2026-09-26 19:06:08,082][WARNING|database.py-upgrade_schema:304] >> 'mysafetydetail_parking' 테이블에 '경도' 컬럼을 추가합니다.
[2026-09-26 19:06:08,085][WARNING|database.py-upgrade_schema:304] >> 'mysafetydetail_parking' 테이블에 '지오코딩상태' 컬럼을 추가합니다.
[2026-09-26 19:06:08,087][WARNING|database.py-upgrade_schema:304] >> 'mysafetydetail_parking' 테이블에 '사진_첫촬영' 컬럼을 추가합니다.
[2026-09-26 19:06:08,090][WARNING|database.py-upgrade_schema:304] >> 'mysafetydetail_parking' 테이블에 '사진_끝촬영' 컬럼을 추가합니다.
[2026-09-26 19:06:08,092][WARNING|database.py-upgrade_schema:304] >> 'mysafetydetail_parking' 테이블에 '사진_촬영수' 컬럼을 추가합니다.
[2026-09-26 19:06:08,095][WARNING|database.py-upgrade_schema:304] >> 'mysafetydetail_traffic' 테이블에 '주소정규화' 컬럼을 추가합니다.
[2026-09-26 19:06:08,098][WARNING|database.py-upgrade_schema:304] >> 'mysafetydetail_traffic' 테이블에 '행정구역' 컬럼을 추가합니다.
[2026-09-26 19:06:08,100][WARNING|database.py-upgrade_schema:304] >> 'mysafetydetail_traffic' 테이블에 '위도' 컬럼을 추가합니다.
[2026-09-26 19:06:08,107][WARNING|database.py-upgrade_schema:304] >> 'mysafetydetail_traffic' 테이블에 '경도' 컬럼을 추가합니다.
[2026-09-26 19:06:08,112][WARNING|database.py-upgrade_schema:304] >> 'mysafetydetail_traffic' 테이블에 '지오코딩상태' 컬럼을 추가합니다.
[2026-09-26 19:06:08,122][WARNING|database.py-upgrade_schema:304] >> 'mysafetydetail_traffic' 테이블에 '사진_첫촬영' 컬럼을 추가합니다.
[2026-09-26 19:06:08,125][WARNING|database.py-upgrade_schema:304] >> 'mysafetydetail_traffic' 테이블에 '사진_끝촬영' 컬럼을 추가합니다.
[2026-09-26 19:06:08,128][WARNING|database.py-upgrade_schema:304] >> 'mysafetydetail_traffic' 테이블에 '사진_촬영수' 컬럼을 추가합니다.
[2026-09-26 19:06:08,135][WARNING|database.py-upgrade_schema:304] >> 'mysafetymerge_other' 테이블에 '주소정규화' 컬럼을 추가합니다.
[2026-09-26 19:06:08,139][WARNING|database.py-upgrade_schema:304] >> 'mysafetymerge_other' 테이블에 '행정구역' 컬럼을 추가합니다.
[2026-09-26 19:06:08,142][WARNING|database.py-upgrade_schema:304] >> 'mysafetymerge_other' 테이블에 '위도' 컬럼을 추가합니다.
[2026-09-26 19:06:08,145][WARNING|database.py-upgrade_schema:304] >> 'mysafetymerge_other' 테이블에 '경도' 컬럼을 추가합니다.
[2026-09-26 19:06:08,147][WARNING|database.py-upgrade_schema:304] >> 'mysafetymerge_other' 테이블에 '지오코딩상태' 컬럼을 추가합니다.
[2026-09-26 19:06:08,150][WARNING|database.py-upgrade_schema:304] >> 'mysafetymerge_other' 테이블에 '사진_첫촬영' 컬럼을 추가합니다.
[2026-09-26 19:06:08,152][WARNING|database.py-upgrade_schema:304] >> 'mysafetymerge_other' 테이블에 '사진_끝촬영' 컬럼을 추가합니다.
[2026-09-26 19:06:08,154][WARNING|database.py-upgrade_schema:304] >> 'mysafetymerge_other' 테이블에 '사진_촬영수' 컬럼을 추가합니다.
[2026-09-26 19:06:08,158][WARNING|database.py-upgrade_schema:304] >> 'mysafetymerge_parking' 테이블에 '주소정규화' 컬럼을 추가합니다.
[2026-09-26 19:06:08,163][WARNING|database.py-upgrade_schema:304] >> 'mysafetymerge_parking' 테이블에 '행정구역' 컬럼을 추가합니다.
[2026-09-26 19:06:08,170][WARNING|database.py-upgrade_schema:304] >> 'mysafetymerge_parking' 테이블에 '위도' 컬럼을 추가합니다.
[2026-09-26 19:06:08,177][WARNING|database.py-upgrade_schema:304] >> 'mysafetymerge_parking' 테이블에 '경도' 컬럼을 추가합니다.
[2026-09-26 19:06:08,179][WARNING|database.py-upgrade_schema:304] >> 'mysafetymerge_parking' 테이블에 '지오코딩상태' 컬럼을 추가합니다.
[2026-09-26 19:06:08,181][WARNING|database.py-upgrade_schema:304] >> 'mysafetymerge_parking' 테이블에 '사진_첫촬영' 컬럼을 추가합니다.
[2026-09-26 19:06:08,183][WARNING|database.py-upgrade_schema:304] >> 'mysafetymerge_parking' 테이블에 '사진_끝촬영' 컬럼을 추가합니다.
[2026-09-26 19:06:08,185][WARNING|database.py-upgrade_schema:304] >> 'mysafetymerge_parking' 테이블에 '사진_촬영수' 컬럼을 추가합니다.
[2026-09-26 19:06:08,188][WARNING|database.py-upgrade_schema:304] >> 'mysafetymerge_traffic' 테이블에 '주소정규화' 컬럼을 추가합니다.
[2026-09-26 19:06:08,189][WARNING|database.py-upgrade_schema:304] >> 'mysafetymerge_traffic' 테이블에 '행정구역' 컬럼을 추가합니다.
[2026-09-26 19:06:08,191][WARNING|database.py-upgrade_schema:304] >> 'mysafetymerge_traffic' 테이블에 '위도' 컬럼을 추가합니다.
[2026-09-26 19:06:08,193][WARNING|database.py-upgrade_schema:304] >> 'mysafetymerge_traffic' 테이블에 '경도' 컬럼을 추가합니다.
[2026-09-26 19:06:08,195][WARNING|database.py-upgrade_schema:304] >> 'mysafetymerge_traffic' 테이블에 '지오코딩상태' 컬럼을 추가합니다.
[2026-09-26 19:06:08,198][WARNING|database.py-upgrade_schema:304] >> 'mysafetymerge_traffic' 테이블에 '사진_첫촬영' 컬럼을 추가합니다.
[2026-09-26 19:06:08,200][WARNING|database.py-upgrade_schema:304] >> 'mysafetymerge_traffic' 테이블에 '사진_끝촬영' 컬럼을 추가합니다.
[2026-09-26 19:06:08,205][WARNING|database.py-upgrade_schema:304] >> 'mysafetymerge_traffic' 테이블에 '사진_촬영수' 컬럼을 추가합니다.
[2026-09-26 19:06:08,212][INFO|database.py-_apply_versioned_migrations:452] >> [schema] DB 스키마 버전 1 적용
[2026-09-26 19:06:08,219][INFO|database.py-_apply_versioned_migrations:452] >> [schema] DB 스키마 버전 2 적용
[2026-09-26 19:06:08,221][INFO|database.py-_apply_versioned_migrations:452] >> [schema] DB 스키마 버전 3 적용
[2026-09-26 19:06:08,239][INFO|database.py-_apply_versioned_migrations:452] >> [schema] DB 스키마 버전 4 적용
[2026-09-26 19:06:08,273][INFO|duplicate_group_service.py-_log_info:53] >> [duplicate] payload exact 중복군 0개, 멤버 0건 재생성
.[2026-09-26 19:06:08,361][INFO|database.py-upgrade_schema:285] >> 테이블 'mysafety_change_cursor' 생성 중...
[2026-09-26 19:06:08,365][INFO|database.py-upgrade_schema:285] >> 테이블 'mysafety_change_log' 생성 중...
[2026-09-26 19:06:08,369][INFO|database.py-upgrade_schema:285] >> 테이블 'mysafety_duplicate_decision' 생성 중...
[2026-09-26 19:06:08,372][INFO|database.py-upgrade_schema:285] >> 테이블 'mysafety_geocode_cache' 생성 중...
[2026-09-26 19:06:08,382][INFO|database.py-upgrade_schema:285] >> 테이블 'mysafety_report_override' 생성 중...
[2026-09-26 19:06:08,385][WARNING|database.py-upgrade_schema:304] >> 'mysafetydetail_other' 테이블에 '주소정규화' 컬럼을 추가합니다.
[2026-09-26 19:06:08,387][WARNING|database.py-upgrade_schema:304] >> 'mysafetydetail_other' 테이블에 '행정구역' 컬럼을 추가합니다.
[2026-09-26 19:06:08,389][WARNING|database.py-upgrade_schema:304] >> 'mysafetydetail_other' 테이블에 '위도' 컬럼을 추가합니다.
[2026-09-26 19:06:08,392][WARNING|database.py-upgrade_schema:304] >> 'mysafetydetail_other' 테이블에 '경도' 컬럼을 추가합니다.
[2026-09-26 19:06:08,396][WARNING|database.py-upgrade_schema:304] >> 'mysafetydetail_other' 테이블에 '지오코딩상태' 컬럼을 추가합니다.
[2026-09-26 19:06:08,399][WARNING|database.py-upgrade_schema:304] >> 'mysafetydetail_other' 테이블에 '사진_첫촬영' 컬럼을 추가합니다.
[2026-09-26 19:06:08,401][WARNING|database.py-upgrade_schema:304] >> 'mysafetydetail_other' 테이블에 '사진_끝촬영' 컬럼을 추가합니다.
[2026-09-26 19:06:08,403][WARNING|database.py-upgrade_schema:304] >> 'mysafetydetail_other' 테이블에 '사진_촬영수' 컬럼을 추가합니다.
[2026-09-26 19:06:08,406][WARNING|database.py-upgrade_schema:304] >> 'mysafetydetail_parking' 테이블에 '주소정규화' 컬럼을 추가합니다.
[2026-09-26 19:06:08,408][WARNING|database.py-upgrade_schema:304] >> 'mysafetydetail_parking' 테이블에 '행정구역' 컬럼을 추가합니다.
[2026-09-26 19:06:08,410][WARNING|database.py-upgrade_schema:304] >> 'mysafetydetail_parking' 테이블에 '위도' 컬럼을 추가합니다.
[2026-09-26 19:06:08,412][WARNING|database.py-upgrade_schema:304] >> 'mysafetydetail_parking' 테이블에 '경도' 컬럼을 추가합니다.
[2026-09-26 19:06:08,423][WARNING|database.py-upgrade_schema:304] >> 'mysafetydetail_parking' 테이블에 '지오코딩상태' 컬럼을 추가합니다.
[2026-09-26 19:06:08,426][WARNING|database.py-upgrade_schema:304] >> 'mysafetydetail_parking' 테이블에 '사진_첫촬영' 컬럼을 추가합니다.
[2026-09-26 19:06:08,427][WARNING|database.py-upgrade_schema:304] >> 'mysafetydetail_parking' 테이블에 '사진_끝촬영' 컬럼을 추가합니다.
[2026-09-26 19:06:08,430][WARNING|database.py-upgrade_schema:304] >> 'mysafetydetail_parking' 테이블에 '사진_촬영수' 컬럼을 추가합니다.
[2026-09-26 19:06:08,432][WARNING|database.py-upgrade_schema:304] >> 'mysafetydetail_traffic' 테이블에 '주소정규화' 컬럼을 추가합니다.
[2026-09-26 19:06:08,434][WARNING|database.py-upgrade_schema:304] >> 'mysafetydetail_traffic' 테이블에 '행정구역' 컬럼을 추가합니다.
[2026-09-26 19:06:08,436][WARNING|database.py-upgrade_schema:304] >> 'mysafetydetail_traffic' 테이블에 '위도' 컬럼을 추가합니다.
[2026-09-26 19:06:08,438][WARNING|database.py-upgrade_schema:304] >> 'mysafetydetail_traffic' 테이블에 '경도' 컬럼을 추가합니다.
[2026-09-26 19:06:08,443][WARNING|database.py-upgrade_schema:304] >> 'mysafetydetail_traffic' 테이블에 '지오코딩상태' 컬럼을 추가합니다.
[2026-09-26 19:06:08,446][WARNING|database.py-upgrade_schema:304] >> 'mysafetydetail_traffic' 테이블에 '사진_첫촬영' 컬럼을 추가합니다.
[2026-09-26 19:06:08,454][WARNING|database.py-upgrade_schema:304] >> 'mysafetydetail_traffic' 테이블에 '사진_끝촬영' 컬럼을 추가합니다.
[2026-09-26 19:06:08,457][WARNING|database.py-upgrade_schema:304] >> 'mysafetydetail_traffic' 테이블에 '사진_촬영수' 컬럼을 추가합니다.
[2026-09-26 19:06:08,460][WARNING|database.py-upgrade_schema:304] >> 'mysafetymerge_other' 테이블에 '주소정규화' 컬럼을 추가합니다.
[2026-09-26 19:06:08,462][WARNING|database.py-upgrade_schema:304] >> 'mysafetymerge_other' 테이블에 '행정구역' 컬럼을 추가합니다.
[2026-09-26 19:06:08,464][WARNING|database.py-upgrade_schema:304] >> 'mysafetymerge_other' 테이블에 '위도' 컬럼을 추가합니다.
[2026-09-26 19:06:08,466][WARNING|database.py-upgrade_schema:304] >> 'mysafetymerge_other' 테이블에 '경도' 컬럼을 추가합니다.
[2026-09-26 19:06:08,468][WARNING|database.py-upgrade_schema:304] >> 'mysafetymerge_other' 테이블에 '지오코딩상태' 컬럼을 추가합니다.
[2026-09-26 19:06:08,469][WARNING|database.py-upgrade_schema:304] >> 'mysafetymerge_other' 테이블에 '사진_첫촬영' 컬럼을 추가합니다.
[2026-09-26 19:06:08,471][WARNING|database.py-upgrade_schema:304] >> 'mysafetymerge_other' 테이블에 '사진_끝촬영' 컬럼을 추가합니다.
[2026-09-26 19:06:08,477][WARNING|database.py-upgrade_schema:304] >> 'mysafetymerge_other' 테이블에 '사진_촬영수' 컬럼을 추가합니다.
[2026-09-26 19:06:08,479][WARNING|database.py-upgrade_schema:304] >> 'mysafetymerge_parking' 테이블에 '주소정규화' 컬럼을 추가합니다.
[2026-09-26 19:06:08,485][WARNING|database.py-upgrade_schema:304] >> 'mysafetymerge_parking' 테이블에 '행정구역' 컬럼을 추가합니다.
[2026-09-26 19:06:08,489][WARNING|database.py-upgrade_schema:304] >> 'mysafetymerge_parking' 테이블에 '위도' 컬럼을 추가합니다.
[2026-09-26 19:06:08,491][WARNING|database.py-upgrade_schema:304] >> 'mysafetymerge_parking' 테이블에 '경도' 컬럼을 추가합니다.
[2026-09-26 19:06:08,493][WARNING|database.py-upgrade_schema:304] >> 'mysafetymerge_parking' 테이블에 '지오코딩상태' 컬럼을 추가합니다.
[2026-09-26 19:06:08,495][WARNING|database.py-upgrade_schema:304] >> 'mysafetymerge_parking' 테이블에 '사진_첫촬영' 컬럼을 추가합니다.
[2026-09-26 19:06:08,497][WARNING|database.py-upgrade_schema:304] >> 'mysafetymerge_parking' 테이블에 '사진_끝촬영' 컬럼을 추가합니다.
[2026-09-26 19:06:08,499][WARNING|database.py-upgrade_schema:304] >> 'mysafetymerge_parking' 테이블에 '사진_촬영수' 컬럼을 추가합니다.
[2026-09-26 19:06:08,502][WARNING|database.py-upgrade_schema:304] >> 'mysafetymerge_traffic' 테이블에 '주소정규화' 컬럼을 추가합니다.
[2026-09-26 19:06:08,504][WARNING|database.py-upgrade_schema:304] >> 'mysafetymerge_traffic' 테이블에 '행정구역' 컬럼을 추가합니다.
[2026-09-26 19:06:08,506][WARNING|database.py-upgrade_schema:304] >> 'mysafetymerge_traffic' 테이블에 '위도' 컬럼을 추가합니다.
[2026-09-26 19:06:08,509][WARNING|database.py-upgrade_schema:304] >> 'mysafetymerge_traffic' 테이블에 '경도' 컬럼을 추가합니다.
[2026-09-26 19:06:08,513][WARNING|database.py-upgrade_schema:304] >> 'mysafetymerge_traffic' 테이블에 '지오코딩상태' 컬럼을 추가합니다.
[2026-09-26 19:06:08,516][WARNING|database.py-upgrade_schema:304] >> 'mysafetymerge_traffic' 테이블에 '사진_첫촬영' 컬럼을 추가합니다.
[2026-09-26 19:06:08,525][WARNING|database.py-upgrade_schema:304] >> 'mysafetymerge_traffic' 테이블에 '사진_끝촬영' 컬럼을 추가합니다.
[2026-09-26 19:06:08,528][WARNING|database.py-upgrade_schema:304] >> 'mysafetymerge_traffic' 테이블에 '사진_촬영수' 컬럼을 추가합니다.
[2026-09-26 19:06:08,531][INFO|database.py-_apply_versioned_migrations:452] >> [schema] DB 스키마 버전 1 적용
[2026-09-26 19:06:08,538][INFO|database.py-_apply_versioned_migrations:452] >> [schema] DB 스키마 버전 2 적용
[2026-09-26 19:06:08,540][INFO|database.py-_apply_versioned_migrations:452] >> [schema] DB 스키마 버전 3 적용
[2026-09-26 19:06:08,567][INFO|database.py-_apply_versioned_migrations:452] >> [schema] DB 스키마 버전 4 적용
[2026-09-26 19:06:08,609][INFO|duplicate_group_service.py-_log_info:53] >> [duplicate] payload exact 중복군 0개, 멤버 0건 재생성
.[2026-09-26 19:06:08,729][INFO|database.py-upgrade_schema:285] >> 테이블 'mysafety_change_cursor' 생성 중...
[2026-09-26 19:06:08,732][INFO|database.py-upgrade_schema:285] >> 테이블 'mysafety_change_log' 생성 중...
[2026-09-26 19:06:08,736][INFO|database.py-upgrade_schema:285] >> 테이블 'mysafety_duplicate_decision' 생성 중...
[2026-09-26 19:06:08,740][INFO|database.py-upgrade_schema:285] >> 테이블 'mysafety_geocode_cache' 생성 중...
[2026-09-26 19:06:08,742][INFO|database.py-upgrade_schema:285] >> 테이블 'mysafety_report_override' 생성 중...
[2026-09-26 19:06:08,744][WARNING|database.py-upgrade_schema:304] >> 'mysafetydetail_other' 테이블에 '주소정규화' 컬럼을 추가합니다.
[2026-09-26 19:06:08,746][WARNING|database.py-upgrade_schema:304] >> 'mysafetydetail_other' 테이블에 '행정구역' 컬럼을 추가합니다.
[2026-09-26 19:06:08,750][WARNING|database.py-upgrade_schema:304] >> 'mysafetydetail_other' 테이블에 '위도' 컬럼을 추가합니다.
[2026-09-26 19:06:08,752][WARNING|database.py-upgrade_schema:304] >> 'mysafetydetail_other' 테이블에 '경도' 컬럼을 추가합니다.
[2026-09-26 19:06:08,753][WARNING|database.py-upgrade_schema:304] >> 'mysafetydetail_other' 테이블에 '지오코딩상태' 컬럼을 추가합니다.
[2026-09-26 19:06:08,755][WARNING|database.py-upgrade_schema:304] >> 'mysafetydetail_other' 테이블에 '사진_첫촬영' 컬럼을 추가합니다.
[2026-09-26 19:06:08,756][WARNING|database.py-upgrade_schema:304] >> 'mysafetydetail_other' 테이블에 '사진_끝촬영' 컬럼을 추가합니다.
[2026-09-26 19:06:08,758][WARNING|database.py-upgrade_schema:304] >> 'mysafetydetail_other' 테이블에 '사진_촬영수' 컬럼을 추가합니다.
[2026-09-26 19:06:08,760][WARNING|database.py-upgrade_schema:304] >> 'mysafetydetail_parking' 테이블에 '주소정규화' 컬럼을 추가합니다.
[2026-09-26 19:06:08,761][WARNING|database.py-upgrade_schema:304] >> 'mysafetydetail_parking' 테이블에 '행정구역' 컬럼을 추가합니다.
[2026-09-26 19:06:08,764][WARNING|database.py-upgrade_schema:304] >> 'mysafetydetail_parking' 테이블에 '위도' 컬럼을 추가합니다.
[2026-09-26 19:06:08,765][WARNING|database.py-upgrade_schema:304] >> 'mysafetydetail_parking' 테이블에 '경도' 컬럼을 추가합니다.
[2026-09-26 19:06:08,767][WARNING|database.py-upgrade_schema:304] >> 'mysafetydetail_parking' 테이블에 '지오코딩상태' 컬럼을 추가합니다.
[2026-09-26 19:06:08,768][WARNING|database.py-upgrade_schema:304] >> 'mysafetydetail_parking' 테이블에 '사진_첫촬영' 컬럼을 추가합니다.
[2026-09-26 19:06:08,770][WARNING|database.py-upgrade_schema:304] >> 'mysafetydetail_parking' 테이블에 '사진_끝촬영' 컬럼을 추가합니다.
[2026-09-26 19:06:08,771][WARNING|database.py-upgrade_schema:304] >> 'mysafetydetail_parking' 테이블에 '사진_촬영수' 컬럼을 추가합니다.
[2026-09-26 19:06:08,773][WARNING|database.py-upgrade_schema:304] >> 'mysafetydetail_traffic' 테이블에 '주소정규화' 컬럼을 추가합니다.
[2026-09-26 19:06:08,775][WARNING|database.py-upgrade_schema:304] >> 'mysafetydetail_traffic' 테이블에 '행정구역' 컬럼을 추가합니다.
[2026-09-26 19:06:08,777][WARNING|database.py-upgrade_schema:304] >> 'mysafetydetail_traffic' 테이블에 '위도' 컬럼을 추가합니다.
[2026-09-26 19:06:08,778][WARNING|database.py-upgrade_schema:304] >> 'mysafetydetail_traffic' 테이블에 '경도' 컬럼을 추가합니다.
[2026-09-26 19:06:08,780][WARNING|database.py-upgrade_schema:304] >> 'mysafetydetail_traffic' 테이블에 '지오코딩상태' 컬럼을 추가합니다.
[2026-09-26 19:06:08,781][WARNING|database.py-upgrade_schema:304] >> 'mysafetydetail_traffic' 테이블에 '사진_첫촬영' 컬럼을 추가합니다.
[2026-09-26 19:06:08,783][WARNING|database.py-upgrade_schema:304] >> 'mysafetydetail_traffic' 테이블에 '사진_끝촬영' 컬럼을 추가합니다.
[2026-09-26 19:06:08,784][WARNING|database.py-upgrade_schema:304] >> 'mysafetydetail_traffic' 테이블에 '사진_촬영수' 컬럼을 추가합니다.
[2026-09-26 19:06:08,787][WARNING|database.py-upgrade_schema:304] >> 'mysafetymerge_other' 테이블에 '주소정규화' 컬럼을 추가합니다.
[2026-09-26 19:06:08,789][WARNING|database.py-upgrade_schema:304] >> 'mysafetymerge_other' 테이블에 '행정구역' 컬럼을 추가합니다.
[2026-09-26 19:06:08,796][WARNING|database.py-upgrade_schema:304] >> 'mysafetymerge_other' 테이블에 '위도' 컬럼을 추가합니다.
[2026-09-26 19:06:08,798][WARNING|database.py-upgrade_schema:304] >> 'mysafetymerge_other' 테이블에 '경도' 컬럼을 추가합니다.
[2026-09-26 19:06:08,802][WARNING|database.py-upgrade_schema:304] >> 'mysafetymerge_other' 테이블에 '지오코딩상태' 컬럼을 추가합니다.
[2026-09-26 19:06:08,804][WARNING|database.py-upgrade_schema:304] >> 'mysafetymerge_other' 테이블에 '사진_첫촬영' 컬럼을 추가합니다.
[2026-09-26 19:06:08,808][WARNING|database.py-upgrade_schema:304] >> 'mysafetymerge_other' 테이블에 '사진_끝촬영' 컬럼을 추가합니다.
[2026-09-26 19:06:08,810][WARNING|database.py-upgrade_schema:304] >> 'mysafetymerge_other' 테이블에 '사진_촬영수' 컬럼을 추가합니다.
[2026-09-26 19:06:08,813][WARNING|database.py-upgrade_schema:304] >> 'mysafetymerge_parking' 테이블에 '주소정규화' 컬럼을 추가합니다.
[2026-09-26 19:06:08,814][WARNING|database.py-upgrade_schema:304] >> 'mysafetymerge_parking' 테이블에 '행정구역' 컬럼을 추가합니다.
[2026-09-26 19:06:08,816][WARNING|database.py-upgrade_schema:304] >> 'mysafetymerge_parking' 테이블에 '위도' 컬럼을 추가합니다.
[2026-09-26 19:06:08,818][WARNING|database.py-upgrade_schema:304] >> 'mysafetymerge_parking' 테이블에 '경도' 컬럼을 추가합니다.
[2026-09-26 19:06:08,819][WARNING|database.py-upgrade_schema:304] >> 'mysafetymerge_parking' 테이블에 '지오코딩상태' 컬럼을 추가합니다.
[2026-09-26 19:06:08,824][WARNING|database.py-upgrade_schema:304] >> 'mysafetymerge_parking' 테이블에 '사진_첫촬영' 컬럼을 추가합니다.
[2026-09-26 19:06:08,826][WARNING|database.py-upgrade_schema:304] >> 'mysafetymerge_parking' 테이블에 '사진_끝촬영' 컬럼을 추가합니다.
[2026-09-26 19:06:08,828][WARNING|database.py-upgrade_schema:304] >> 'mysafetymerge_parking' 테이블에 '사진_촬영수' 컬럼을 추가합니다.
[2026-09-26 19:06:08,831][WARNING|database.py-upgrade_schema:304] >> 'mysafetymerge_traffic' 테이블에 '주소정규화' 컬럼을 추가합니다.
[2026-09-26 19:06:08,834][WARNING|database.py-upgrade_schema:304] >> 'mysafetymerge_traffic' 테이블에 '행정구역' 컬럼을 추가합니다.
[2026-09-26 19:06:08,836][WARNING|database.py-upgrade_schema:304] >> 'mysafetymerge_traffic' 테이블에 '위도' 컬럼을 추가합니다.
[2026-09-26 19:06:08,838][WARNING|database.py-upgrade_schema:304] >> 'mysafetymerge_traffic' 테이블에 '경도' 컬럼을 추가합니다.
[2026-09-26 19:06:08,840][WARNING|database.py-upgrade_schema:304] >> 'mysafetymerge_traffic' 테이블에 '지오코딩상태' 컬럼을 추가합니다.
[2026-09-26 19:06:08,842][WARNING|database.py-upgrade_schema:304] >> 'mysafetymerge_traffic' 테이블에 '사진_첫촬영' 컬럼을 추가합니다.
[2026-09-26 19:06:08,845][WARNING|database.py-upgrade_schema:304] >> 'mysafetymerge_traffic' 테이블에 '사진_끝촬영' 컬럼을 추가합니다.
[2026-09-26 19:06:08,847][WARNING|database.py-upgrade_schema:304] >> 'mysafetymerge_traffic' 테이블에 '사진_촬영수' 컬럼을 추가합니다.
[2026-09-26 19:06:08,854][INFO|database.py-_apply_versioned_migrations:452] >> [schema] DB 스키마 버전 1 적용
[2026-09-26 19:06:08,866][INFO|database.py-_apply_versioned_migrations:452] >> [schema] DB 스키마 버전 2 적용
[2026-09-26 19:06:08,870][INFO|database.py-_apply_versioned_migrations:452] >> [schema] DB 스키마 버전 3 적용
[2026-09-26 19:06:08,891][INFO|database.py-_apply_versioned_migrations:452] >> [schema] DB 스키마 버전 4 적용
[2026-09-26 19:06:08,924][INFO|duplicate_group_service.py-_log_info:53] >> [duplicate] payload exact 중복군 0개, 멤버 0건 재생성
[2026-09-26 19:06:08,962][INFO|duplicate_group_service.py-_log_info:53] >> [duplicate] payload exact 중복군 0개, 멤버 0건 재생성
.[2026-09-26 19:06:08,975][INFO|database.py-upgrade_schema:285] >> 테이블 'admin_users' 생성 중...
[2026-09-26 19:06:08,979][INFO|database.py-upgrade_schema:285] >> 테이블 'api_keys' 생성 중...
[2026-09-26 19:06:08,981][INFO|database.py-upgrade_schema:285] >> 테이블 'mysafety' 생성 중...
[2026-09-26 19:06:08,982][INFO|database.py-upgrade_schema:285] >> 테이블 'mysafety_change_cursor' 생성 중...
[2026-09-26 19:06:08,985][INFO|database.py-upgrade_schema:285] >> 테이블 'mysafety_change_log' 생성 중...
[2026-09-26 19:06:08,987][INFO|database.py-upgrade_schema:285] >> 테이블 'mysafety_duplicate_decision' 생성 중...
[2026-09-26 19:06:08,989][INFO|database.py-upgrade_schema:285] >> 테이블 'mysafety_duplicate_group' 생성 중...
[2026-09-26 19:06:08,991][INFO|database.py-upgrade_schema:285] >> 테이블 'mysafety_duplicate_member' 생성 중...
[2026-09-26 19:06:08,996][INFO|database.py-upgrade_schema:285] >> 테이블 'mysafety_entry_value' 생성 중...
[2026-09-26 19:06:08,999][INFO|database.py-upgrade_schema:285] >> 테이블 'mysafety_geocode_cache' 생성 중...
[2026-09-26 19:06:09,003][INFO|database.py-upgrade_schema:285] >> 테이블 'mysafety_raw_content' 생성 중...
[2026-09-26 19:06:09,005][INFO|database.py-upgrade_schema:285] >> 테이블 'mysafety_report_override' 생성 중...
[2026-09-26 19:06:09,007][INFO|database.py-upgrade_schema:285] >> 테이블 'mysafety_sync_meta' 생성 중...
[2026-09-26 19:06:09,008][INFO|database.py-upgrade_schema:285] >> 테이블 'mysafety_watchlist' 생성 중...
[2026-09-26 19:06:09,010][INFO|database.py-upgrade_schema:285] >> 테이블 'mysafetydetail_other' 생성 중...
[2026-09-26 19:06:09,012][INFO|database.py-upgrade_schema:285] >> 테이블 'mysafetydetail_parking' 생성 중...
[2026-09-26 19:06:09,014][INFO|database.py-upgrade_schema:285] >> 테이블 'mysafetydetail_traffic' 생성 중...
[2026-09-26 19:06:09,016][INFO|database.py-upgrade_schema:285] >> 테이블 'mysafetymerge_other' 생성 중...
[2026-09-26 19:06:09,019][INFO|database.py-upgrade_schema:285] >> 테이블 'mysafetymerge_parking' 생성 중...
[2026-09-26 19:06:09,021][INFO|database.py-upgrade_schema:285] >> 테이블 'mysafetymerge_traffic' 생성 중...
[2026-09-26 19:06:09,029][INFO|database.py-_apply_versioned_migrations:452] >> [schema] DB 스키마 버전 1 적용
[2026-09-26 19:06:09,041][INFO|database.py-_apply_versioned_migrations:452] >> [schema] DB 스키마 버전 2 적용
[2026-09-26 19:06:09,044][INFO|database.py-_apply_versioned_migrations:452] >> [schema] DB 스키마 버전 3 적용
[2026-09-26 19:06:09,062][INFO|database.py-_apply_versioned_migrations:452] >> [schema] DB 스키마 버전 4 적용
[2026-09-26 19:06:09,094][INFO|duplicate_group_service.py-_log_info:53] >> [duplicate] payload exact 중복군 0개, 멤버 0건 재생성
[2026-09-26 19:06:09,133][INFO|database.py-backfill_synced_at:100] >> [migration] mysafetydetail_traffic synced_at 백필: 12건, 미해결 0건
[2026-09-26 19:06:09,137][INFO|database.py-backfill_synced_at:100] >> [migration] mysafetydetail_parking synced_at 백필: 6건, 미해결 0건
[2026-09-26 19:06:09,141][INFO|database.py-backfill_synced_at:100] >> [migration] mysafetydetail_other synced_at 백필: 6건, 미해결 0건
[2026-09-26 19:06:09,143][INFO|database.py-backfill_synced_at:105] >> [migration] synced_at 백필 완료: 총 24건 갱신, merge 재생성 시작
[2026-09-26 19:06:09,161][INFO|database.py-merge_final:736] >> 최종 데이터 병합 완료 (Traffic/Parking/Other 분리)
[2026-09-26 19:06:09,189][INFO|duplicate_group_service.py-_log_info:53] >> [duplicate] payload exact 중복군 1개, 멤버 2건 재생성
[2026-09-26 19:06:09,198][INFO|database.py-merge_final:736] >> 최종 데이터 병합 완료 (Traffic/Parking/Other 분리)
[2026-09-26 19:06:09,220][INFO|duplicate_group_service.py-_log_info:53] >> [duplicate] payload exact 중복군 1개, 멤버 2건 재생성
[2026-09-26 19:06:09,356][INFO|database.py-merge_final:736] >> 최종 데이터 병합 완료 (Traffic/Parking/Other 분리)
[2026-09-26 19:06:09,378][INFO|duplicate_group_service.py-_log_info:53] >> [duplicate] payload exact 중복군 1개, 멤버 2건 재생성
[2026-09-26 19:06:09,383][INFO|geocode_service.py-prepare_geo_payload:590] >> [geocode] 설정 누락으로 지오코딩 보류: 카카오 REST API 키가 비어 있습니다.
[2026-09-26 19:06:09,436][INFO|duplicate_group_service.py-_log_info:53] >> [duplicate] payload exact 중복군 1개, 멤버 2건 재생성
.[2026-09-26 19:06:09,450][INFO|database.py-upgrade_schema:285] >> 테이블 'admin_users' 생성 중...
[2026-09-26 19:06:09,452][INFO|database.py-upgrade_schema:285] >> 테이블 'api_keys' 생성 중...
[2026-09-26 19:06:09,454][INFO|database.py-upgrade_schema:285] >> 테이블 'mysafety' 생성 중...
[2026-09-26 19:06:09,456][INFO|database.py-upgrade_schema:285] >> 테이블 'mysafety_change_cursor' 생성 중...
[2026-09-26 19:06:09,457][INFO|database.py-upgrade_schema:285] >> 테이블 'mysafety_change_log' 생성 중...
[2026-09-26 19:06:09,462][INFO|database.py-upgrade_schema:285] >> 테이블 'mysafety_duplicate_decision' 생성 중...
[2026-09-26 19:06:09,464][INFO|database.py-upgrade_schema:285] >> 테이블 'mysafety_duplicate_group' 생성 중...
[2026-09-26 19:06:09,466][INFO|database.py-upgrade_schema:285] >> 테이블 'mysafety_duplicate_member' 생성 중...
[2026-09-26 19:06:09,468][INFO|database.py-upgrade_schema:285] >> 테이블 'mysafety_entry_value' 생성 중...
[2026-09-26 19:06:09,472][INFO|database.py-upgrade_schema:285] >> 테이블 'mysafety_geocode_cache' 생성 중...
[2026-09-26 19:06:09,475][INFO|database.py-upgrade_schema:285] >> 테이블 'mysafety_raw_content' 생성 중...
[2026-09-26 19:06:09,477][INFO|database.py-upgrade_schema:285] >> 테이블 'mysafety_report_override' 생성 중...
[2026-09-26 19:06:09,479][INFO|database.py-upgrade_schema:285] >> 테이블 'mysafety_sync_meta' 생성 중...
[2026-09-26 19:06:09,480][INFO|database.py-upgrade_schema:285] >> 테이블 'mysafety_watchlist' 생성 중...
[2026-09-26 19:06:09,482][INFO|database.py-upgrade_schema:285] >> 테이블 'mysafetydetail_other' 생성 중...
[2026-09-26 19:06:09,483][INFO|database.py-upgrade_schema:285] >> 테이블 'mysafetydetail_parking' 생성 중...
[2026-09-26 19:06:09,485][INFO|database.py-upgrade_schema:285] >> 테이블 'mysafetydetail_traffic' 생성 중...
[2026-09-26 19:06:09,487][INFO|database.py-upgrade_schema:285] >> 테이블 'mysafetymerge_other' 생성 중...
[2026-09-26 19:06:09,489][INFO|database.py-upgrade_schema:285] >> 테이블 'mysafetymerge_parking' 생성 중...
[2026-09-26 19:06:09,491][INFO|database.py-upgrade_schema:285] >> 테이블 'mysafetymerge_traffic' 생성 중...
[2026-09-26 19:06:09,494][INFO|database.py-_apply_versioned_migrations:452] >> [schema] DB 스키마 버전 1 적용
[2026-09-26 19:06:09,500][INFO|database.py-_apply_versioned_migrations:452] >> [schema] DB 스키마 버전 2 적용
[2026-09-26 19:06:09,502][INFO|database.py-_apply_versioned_migrations:452] >> [schema] DB 스키마 버전 3 적용
[2026-09-26 19:06:09,515][INFO|database.py-_apply_versioned_migrations:452] >> [schema] DB 스키마 버전 4 적용
[2026-09-26 19:06:09,549][INFO|duplicate_group_service.py-_log_info:53] >> [duplicate] payload exact 중복군 0개, 멤버 0건 재생성
[2026-09-26 19:06:09,586][INFO|database.py-backfill_synced_at:100] >> [migration] mysafetydetail_traffic synced_at 백필: 12건, 미해결 0건
[2026-09-26 19:06:09,590][INFO|database.py-backfill_synced_at:100] >> [migration] mysafetydetail_parking synced_at 백필: 6건, 미해결 0건
[2026-09-26 19:06:09,593][INFO|database.py-backfill_synced_at:100] >> [migration] mysafetydetail_other synced_at 백필: 6건, 미해결 0건
[2026-09-26 19:06:09,595][INFO|database.py-backfill_synced_at:105] >> [migration] synced_at 백필 완료: 총 24건 갱신, merge 재생성 시작
[2026-09-26 19:06:09,607][INFO|database.py-merge_final:736] >> 최종 데이터 병합 완료 (Traffic/Parking/Other 분리)
[2026-09-26 19:06:09,632][INFO|duplicate_group_service.py-_log_info:53] >> [duplicate] payload exact 중복군 1개, 멤버 2건 재생성
[2026-09-26 19:06:09,639][INFO|database.py-merge_final:736] >> 최종 데이터 병합 완료 (Traffic/Parking/Other 분리)
[2026-09-26 19:06:09,659][INFO|duplicate_group_service.py-_log_info:53] >> [duplicate] payload exact 중복군 1개, 멤버 2건 재생성
[2026-09-26 19:06:09,784][INFO|geocode_service.py-prepare_geo_payload:590] >> [geocode] 설정 누락으로 지오코딩 보류: 카카오 REST API 키가 비어 있습니다.
[2026-09-26 19:06:09,839][INFO|duplicate_group_service.py-_log_info:53] >> [duplicate] payload exact 중복군 1개, 멤버 2건 재생성
.[2026-09-26 19:06:09,857][INFO|database.py-upgrade_schema:285] >> 테이블 'admin_users' 생성 중...
[2026-09-26 19:06:09,860][INFO|database.py-upgrade_schema:285] >> 테이블 'api_keys' 생성 중...
[2026-09-26 19:06:09,865][INFO|database.py-upgrade_schema:285] >> 테이블 'mysafety' 생성 중...
[2026-09-26 19:06:09,867][INFO|database.py-upgrade_schema:285] >> 테이블 'mysafety_change_cursor' 생성 중...
[2026-09-26 19:06:09,869][INFO|database.py-upgrade_schema:285] >> 테이블 'mysafety_change_log' 생성 중...
[2026-09-26 19:06:09,875][INFO|database.py-upgrade_schema:285] >> 테이블 'mysafety_duplicate_decision' 생성 중...
[2026-09-26 19:06:09,877][INFO|database.py-upgrade_schema:285] >> 테이블 'mysafety_duplicate_group' 생성 중...
[2026-09-26 19:06:09,882][INFO|database.py-upgrade_schema:285] >> 테이블 'mysafety_duplicate_member' 생성 중...
[2026-09-26 19:06:09,885][INFO|database.py-upgrade_schema:285] >> 테이블 'mysafety_entry_value' 생성 중...
[2026-09-26 19:06:09,887][INFO|database.py-upgrade_schema:285] >> 테이블 'mysafety_geocode_cache' 생성 중...
[2026-09-26 19:06:09,888][INFO|database.py-upgrade_schema:285] >> 테이블 'mysafety_raw_content' 생성 중...
[2026-09-26 19:06:09,890][INFO|database.py-upgrade_schema:285] >> 테이블 'mysafety_report_override' 생성 중...
[2026-09-26 19:06:09,892][INFO|database.py-upgrade_schema:285] >> 테이블 'mysafety_sync_meta' 생성 중...
[2026-09-26 19:06:09,894][INFO|database.py-upgrade_schema:285] >> 테이블 'mysafety_watchlist' 생성 중...
[2026-09-26 19:06:09,895][INFO|database.py-upgrade_schema:285] >> 테이블 'mysafetydetail_other' 생성 중...
[2026-09-26 19:06:09,900][INFO|database.py-upgrade_schema:285] >> 테이블 'mysafetydetail_parking' 생성 중...
[2026-09-26 19:06:09,902][INFO|database.py-upgrade_schema:285] >> 테이블 'mysafetydetail_traffic' 생성 중...
[2026-09-26 19:06:09,904][INFO|database.py-upgrade_schema:285] >> 테이블 'mysafetymerge_other' 생성 중...
[2026-09-26 19:06:09,906][INFO|database.py-upgrade_schema:285] >> 테이블 'mysafetymerge_parking' 생성 중...
[2026-09-26 19:06:09,908][INFO|database.py-upgrade_schema:285] >> 테이블 'mysafetymerge_traffic' 생성 중...
[2026-09-26 19:06:09,915][INFO|database.py-_apply_versioned_migrations:452] >> [schema] DB 스키마 버전 1 적용
[2026-09-26 19:06:09,923][INFO|database.py-_apply_versioned_migrations:452] >> [schema] DB 스키마 버전 2 적용
[2026-09-26 19:06:09,926][INFO|database.py-_apply_versioned_migrations:452] >> [schema] DB 스키마 버전 3 적용
[2026-09-26 19:06:09,939][INFO|database.py-_apply_versioned_migrations:452] >> [schema] DB 스키마 버전 4 적용
[2026-09-26 19:06:09,967][INFO|duplicate_group_service.py-_log_info:53] >> [duplicate] payload exact 중복군 0개, 멤버 0건 재생성
[2026-09-26 19:06:10,012][INFO|database.py-backfill_synced_at:100] >> [migration] mysafetydetail_traffic synced_at 백필: 12건, 미해결 0건
[2026-09-26 19:06:10,016][INFO|database.py-backfill_synced_at:100] >> [migration] mysafetydetail_parking synced_at 백필: 6건, 미해결 0건
[2026-09-26 19:06:10,019][INFO|database.py-backfill_synced_at:100] >> [migration] mysafetydetail_other synced_at 백필: 6건, 미해결 0건
[2026-09-26 19:06:10,022][INFO|database.py-backfill_synced_at:105] >> [migration] synced_at 백필 완료: 총 24건 갱신, merge 재생성 시작
[2026-09-26 19:06:10,037][INFO|database.py-merge_final:736] >> 최종 데이터 병합 완료 (Traffic/Parking/Other 분리)
[2026-09-26 19:06:10,066][INFO|duplicate_group_service.py-_log_info:53] >> [duplicate] payload exact 중복군 1개, 멤버 2건 재생성
[2026-09-26 19:06:10,075][INFO|database.py-merge_final:736] >> 최종 데이터 병합 완료 (Traffic/Parking/Other 분리)
[2026-09-26 19:06:10,103][INFO|duplicate_group_service.py-_log_info:53] >> [duplicate] payload exact 중복군 1개, 멤버 2건 재생성
[2026-09-26 19:06:10,231][INFO|geocode_service.py-prepare_geo_payload:590] >> [geocode] 설정 누락으로 지오코딩 보류: 카카오 REST API 키가 비어 있습니다.
[2026-09-26 19:06:10,292][INFO|duplicate_group_service.py-_log_info:53] >> [duplicate] payload exact 중복군 1개, 멤버 2건 재생성
.[2026-09-26 19:06:10,312][INFO|database.py-upgrade_schema:285] >> 테이블 'admin_users' 생성 중...
[2026-09-26 19:06:10,316][INFO|database.py-upgrade_schema:285] >> 테이블 'api_keys' 생성 중...
[2026-09-26 19:06:10,318][INFO|database.py-upgrade_schema:285] >> 테이블 'mysafety' 생성 중...
[2026-09-26 19:06:10,320][INFO|database.py-upgrade_schema:285] >> 테이블 'mysafety_change_cursor' 생성 중...
[2026-09-26 19:06:10,321][INFO|database.py-upgrade_schema:285] >> 테이블 'mysafety_change_log' 생성 중...
[2026-09-26 19:06:10,322][INFO|database.py-upgrade_schema:285] >> 테이블 'mysafety_duplicate_decision' 생성 중...
[2026-09-26 19:06:10,324][INFO|database.py-upgrade_schema:285] >> 테이블 'mysafety_duplicate_group' 생성 중...
[2026-09-26 19:06:10,326][INFO|database.py-upgrade_schema:285] >> 테이블 'mysafety_duplicate_member' 생성 중...
[2026-09-26 19:06:10,327][INFO|database.py-upgrade_schema:285] >> 테이블 'mysafety_entry_value' 생성 중...
[2026-09-26 19:06:10,329][INFO|database.py-upgrade_schema:285] >> 테이블 'mysafety_geocode_cache' 생성 중...
[2026-09-26 19:06:10,331][INFO|database.py-upgrade_schema:285] >> 테이블 'mysafety_raw_content' 생성 중...
[2026-09-26 19:06:10,333][INFO|database.py-upgrade_schema:285] >> 테이블 'mysafety_report_override' 생성 중...
[2026-09-26 19:06:10,338][INFO|database.py-upgrade_schema:285] >> 테이블 'mysafety_sync_meta' 생성 중...
[2026-09-26 19:06:10,340][INFO|database.py-upgrade_schema:285] >> 테이블 'mysafety_watchlist' 생성 중...
[2026-09-26 19:06:10,348][INFO|database.py-upgrade_schema:285] >> 테이블 'mysafetydetail_other' 생성 중...
[2026-09-26 19:06:10,350][INFO|database.py-upgrade_schema:285] >> 테이블 'mysafetydetail_parking' 생성 중...
[2026-09-26 19:06:10,352][INFO|database.py-upgrade_schema:285] >> 테이블 'mysafetydetail_traffic' 생성 중...
[2026-09-26 19:06:10,354][INFO|database.py-upgrade_schema:285] >> 테이블 'mysafetymerge_other' 생성 중...
[2026-09-26 19:06:10,357][INFO|database.py-upgrade_schema:285] >> 테이블 'mysafetymerge_parking' 생성 중...
[2026-09-26 19:06:10,359][INFO|database.py-upgrade_schema:285] >> 테이블 'mysafetymerge_traffic' 생성 중...
[2026-09-26 19:06:10,362][INFO|database.py-_apply_versioned_migrations:452] >> [schema] DB 스키마 버전 1 적용
[2026-09-26 19:06:10,371][INFO|database.py-_apply_versioned_migrations:452] >> [schema] DB 스키마 버전 2 적용
[2026-09-26 19:06:10,373][INFO|database.py-_apply_versioned_migrations:452] >> [schema] DB 스키마 버전 3 적용
[2026-09-26 19:06:10,392][INFO|database.py-_apply_versioned_migrations:452] >> [schema] DB 스키마 버전 4 적용
[2026-09-26 19:06:10,417][INFO|duplicate_group_service.py-_log_info:53] >> [duplicate] payload exact 중복군 0개, 멤버 0건 재생성
[2026-09-26 19:06:10,461][INFO|database.py-backfill_synced_at:100] >> [migration] mysafetydetail_traffic synced_at 백필: 12건, 미해결 0건
[2026-09-26 19:06:10,466][INFO|database.py-backfill_synced_at:100] >> [migration] mysafetydetail_parking synced_at 백필: 6건, 미해결 0건
[2026-09-26 19:06:10,470][INFO|database.py-backfill_synced_at:100] >> [migration] mysafetydetail_other synced_at 백필: 6건, 미해결 0건
[2026-09-26 19:06:10,472][INFO|database.py-backfill_synced_at:105] >> [migration] synced_at 백필 완료: 총 24건 갱신, merge 재생성 시작
[2026-09-26 19:06:10,486][INFO|database.py-merge_final:736] >> 최종 데이터 병합 완료 (Traffic/Parking/Other 분리)
[2026-09-26 19:06:10,729][INFO|duplicate_group_service.py-_log_info:53] >> [duplicate] payload exact 중복군 1개, 멤버 2건 재생성
[2026-09-26 19:06:10,738][INFO|database.py-merge_final:736] >> 최종 데이터 병합 완료 (Traffic/Parking/Other 분리)
[2026-09-26 19:06:10,760][INFO|duplicate_group_service.py-_log_info:53] >> [duplicate] payload exact 중복군 1개, 멤버 2건 재생성
[2026-09-26 19:06:10,897][ERROR|reports_repo.py-save_crawled:295] >> ID 90000001 저장 실패: boom
[2026-09-26 19:06:10,897][ERROR|reports_repo.py-save_crawled:306] >> 상세 저장 실패 1건: 90000001
.[2026-09-26 19:06:10,918][INFO|database.py-upgrade_schema:285] >> 테이블 'admin_users' 생성 중...
[2026-09-26 19:06:10,923][INFO|database.py-upgrade_schema:285] >> 테이블 'api_keys' 생성 중...
[2026-09-26 19:06:10,925][INFO|database.py-upgrade_schema:285] >> 테이블 'mysafety' 생성 중...
[2026-09-26 19:06:10,927][INFO|database.py-upgrade_schema:285] >> 테이블 'mysafety_change_cursor' 생성 중...
[2026-09-26 19:06:10,930][INFO|database.py-upgrade_schema:285] >> 테이블 'mysafety_change_log' 생성 중...
[2026-09-26 19:06:10,931][INFO|database.py-upgrade_schema:285] >> 테이블 'mysafety_duplicate_decision' 생성 중...
[2026-09-26 19:06:10,937][INFO|database.py-upgrade_schema:285] >> 테이블 'mysafety_duplicate_group' 생성 중...
[2026-09-26 19:06:10,940][INFO|database.py-upgrade_schema:285] >> 테이블 'mysafety_duplicate_member' 생성 중...
[2026-09-26 19:06:10,943][INFO|database.py-upgrade_schema:285] >> 테이블 'mysafety_entry_value' 생성 중...
[2026-09-26 19:06:10,946][INFO|database.py-upgrade_schema:285] >> 테이블 'mysafety_geocode_cache' 생성 중...
[2026-09-26 19:06:10,947][INFO|database.py-upgrade_schema:285] >> 테이블 'mysafety_raw_content' 생성 중...
[2026-09-26 19:06:10,949][INFO|database.py-upgrade_schema:285] >> 테이블 'mysafety_report_override' 생성 중...
[2026-09-26 19:06:10,951][INFO|database.py-upgrade_schema:285] >> 테이블 'mysafety_sync_meta' 생성 중...
[2026-09-26 19:06:10,953][INFO|database.py-upgrade_schema:285] >> 테이블 'mysafety_watchlist' 생성 중...
[2026-09-26 19:06:10,955][INFO|database.py-upgrade_schema:285] >> 테이블 'mysafetydetail_other' 생성 중...
[2026-09-26 19:06:10,958][INFO|database.py-upgrade_schema:285] >> 테이블 'mysafetydetail_parking' 생성 중...
[2026-09-26 19:06:10,960][INFO|database.py-upgrade_schema:285] >> 테이블 'mysafetydetail_traffic' 생성 중...
[2026-09-26 19:06:10,964][INFO|database.py-upgrade_schema:285] >> 테이블 'mysafetymerge_other' 생성 중...
[2026-09-26 19:06:10,966][INFO|database.py-upgrade_schema:285] >> 테이블 'mysafetymerge_parking' 생성 중...
[2026-09-26 19:06:10,971][INFO|database.py-upgrade_schema:285] >> 테이블 'mysafetymerge_traffic' 생성 중...
[2026-09-26 19:06:10,975][INFO|database.py-_apply_versioned_migrations:452] >> [schema] DB 스키마 버전 1 적용
[2026-09-26 19:06:10,984][INFO|database.py-_apply_versioned_migrations:452] >> [schema] DB 스키마 버전 2 적용
[2026-09-26 19:06:10,986][INFO|database.py-_apply_versioned_migrations:452] >> [schema] DB 스키마 버전 3 적용
[2026-09-26 19:06:10,998][INFO|database.py-_apply_versioned_migrations:452] >> [schema] DB 스키마 버전 4 적용
[2026-09-26 19:06:11,027][INFO|duplicate_group_service.py-_log_info:53] >> [duplicate] payload exact 중복군 0개, 멤버 0건 재생성
[2026-09-26 19:06:11,066][INFO|database.py-backfill_synced_at:100] >> [migration] mysafetydetail_traffic synced_at 백필: 12건, 미해결 0건
[2026-09-26 19:06:11,070][INFO|database.py-backfill_synced_at:100] >> [migration] mysafetydetail_parking synced_at 백필: 6건, 미해결 0건
[2026-09-26 19:06:11,073][INFO|database.py-backfill_synced_at:100] >> [migration] mysafetydetail_other synced_at 백필: 6건, 미해결 0건
[2026-09-26 19:06:11,079][INFO|database.py-backfill_synced_at:105] >> [migration] synced_at 백필 완료: 총 24건 갱신, merge 재생성 시작
[2026-09-26 19:06:11,093][INFO|database.py-merge_final:736] >> 최종 데이터 병합 완료 (Traffic/Parking/Other 분리)
[2026-09-26 19:06:11,120][INFO|duplicate_group_service.py-_log_info:53] >> [duplicate] payload exact 중복군 1개, 멤버 2건 재생성
[2026-09-26 19:06:11,129][INFO|database.py-merge_final:736] >> 최종 데이터 병합 완료 (Traffic/Parking/Other 분리)
[2026-09-26 19:06:11,153][INFO|duplicate_group_service.py-_log_info:53] >> [duplicate] payload exact 중복군 1개, 멤버 2건 재생성
[2026-09-26 19:06:11,331][INFO|duplicate_group_service.py-_log_info:53] >> [duplicate] payload exact 중복군 1개, 멤버 2건 재생성
.[2026-09-26 19:06:11,353][INFO|database.py-upgrade_schema:285] >> 테이블 'admin_users' 생성 중...
[2026-09-26 19:06:11,357][INFO|database.py-upgrade_schema:285] >> 테이블 'api_keys' 생성 중...
[2026-09-26 19:06:11,358][INFO|database.py-upgrade_schema:285] >> 테이블 'mysafety' 생성 중...
[2026-09-26 19:06:11,365][INFO|database.py-upgrade_schema:285] >> 테이블 'mysafety_change_cursor' 생성 중...
[2026-09-26 19:06:11,367][INFO|database.py-upgrade_schema:285] >> 테이블 'mysafety_change_log' 생성 중...
[2026-09-26 19:06:11,369][INFO|database.py-upgrade_schema:285] >> 테이블 'mysafety_duplicate_decision' 생성 중...
[2026-09-26 19:06:11,377][INFO|database.py-upgrade_schema:285] >> 테이블 'mysafety_duplicate_group' 생성 중...
[2026-09-26 19:06:11,379][INFO|database.py-upgrade_schema:285] >> 테이블 'mysafety_duplicate_member' 생성 중...
[2026-09-26 19:06:11,381][INFO|database.py-upgrade_schema:285] >> 테이블 'mysafety_entry_value' 생성 중...
[2026-09-26 19:06:11,382][INFO|database.py-upgrade_schema:285] >> 테이블 'mysafety_geocode_cache' 생성 중...
[2026-09-26 19:06:11,384][INFO|database.py-upgrade_schema:285] >> 테이블 'mysafety_raw_content' 생성 중...
[2026-09-26 19:06:11,386][INFO|database.py-upgrade_schema:285] >> 테이블 'mysafety_report_override' 생성 중...
[2026-09-26 19:06:11,387][INFO|database.py-upgrade_schema:285] >> 테이블 'mysafety_sync_meta' 생성 중...
[2026-09-26 19:06:11,388][INFO|database.py-upgrade_schema:285] >> 테이블 'mysafety_watchlist' 생성 중...
[2026-09-26 19:06:11,390][INFO|database.py-upgrade_schema:285] >> 테이블 'mysafetydetail_other' 생성 중...
[2026-09-26 19:06:11,391][INFO|database.py-upgrade_schema:285] >> 테이블 'mysafetydetail_parking' 생성 중...
[2026-09-26 19:06:11,393][INFO|database.py-upgrade_schema:285] >> 테이블 'mysafetydetail_traffic' 생성 중...
[2026-09-26 19:06:11,395][INFO|database.py-upgrade_schema:285] >> 테이블 'mysafetymerge_other' 생성 중...
[2026-09-26 19:06:11,397][INFO|database.py-upgrade_schema:285] >> 테이블 'mysafetymerge_parking' 생성 중...
[2026-09-26 19:06:11,398][INFO|database.py-upgrade_schema:285] >> 테이블 'mysafetymerge_traffic' 생성 중...
[2026-09-26 19:06:11,402][INFO|database.py-_apply_versioned_migrations:452] >> [schema] DB 스키마 버전 1 적용
[2026-09-26 19:06:11,414][INFO|database.py-_apply_versioned_migrations:452] >> [schema] DB 스키마 버전 2 적용
[2026-09-26 19:06:11,417][INFO|database.py-_apply_versioned_migrations:452] >> [schema] DB 스키마 버전 3 적용
[2026-09-26 19:06:11,431][INFO|database.py-_apply_versioned_migrations:452] >> [schema] DB 스키마 버전 4 적용
[2026-09-26 19:06:11,459][INFO|duplicate_group_service.py-_log_info:53] >> [duplicate] payload exact 중복군 0개, 멤버 0건 재생성
[2026-09-26 19:06:11,505][INFO|database.py-backfill_synced_at:100] >> [migration] mysafetydetail_traffic synced_at 백필: 12건, 미해결 0건
[2026-09-26 19:06:11,509][INFO|database.py-backfill_synced_at:100] >> [migration] mysafetydetail_parking synced_at 백필: 6건, 미해결 0건
[2026-09-26 19:06:11,512][INFO|database.py-backfill_synced_at:100] >> [migration] mysafetydetail_other synced_at 백필: 6건, 미해결 0건
[2026-09-26 19:06:11,514][INFO|database.py-backfill_synced_at:105] >> [migration] synced_at 백필 완료: 총 24건 갱신, merge 재생성 시작
[2026-09-26 19:06:11,528][INFO|database.py-merge_final:736] >> 최종 데이터 병합 완료 (Traffic/Parking/Other 분리)
[2026-09-26 19:06:11,552][INFO|duplicate_group_service.py-_log_info:53] >> [duplicate] payload exact 중복군 1개, 멤버 2건 재생성
[2026-09-26 19:06:11,562][INFO|database.py-merge_final:736] >> 최종 데이터 병합 완료 (Traffic/Parking/Other 분리)
[2026-09-26 19:06:11,583][INFO|duplicate_group_service.py-_log_info:53] >> [duplicate] payload exact 중복군 1개, 멤버 2건 재생성
[2026-09-26 19:06:11,765][INFO|duplicate_group_service.py-_log_info:53] >> [duplicate] payload exact 중복군 1개, 멤버 2건 재생성
[2026-09-26 19:06:11,769][INFO|database.py-detail_to_sql:723] >> 총 1건 detail 저장 완료. (변경/신규: 1건, 실패: 0건)
.[2026-09-26 19:06:11,781][INFO|database.py-upgrade_schema:285] >> 테이블 'admin_users' 생성 중...
[2026-09-26 19:06:11,785][INFO|database.py-upgrade_schema:285] >> 테이블 'api_keys' 생성 중...
[2026-09-26 19:06:11,787][INFO|database.py-upgrade_schema:285] >> 테이블 'mysafety' 생성 중...
[2026-09-26 19:06:11,790][INFO|database.py-upgrade_schema:285] >> 테이블 'mysafety_change_cursor' 생성 중...
[2026-09-26 19:06:11,793][INFO|database.py-upgrade_schema:285] >> 테이블 'mysafety_change_log' 생성 중...
[2026-09-26 19:06:11,796][INFO|database.py-upgrade_schema:285] >> 테이블 'mysafety_duplicate_decision' 생성 중...
[2026-09-26 19:06:11,798][INFO|database.py-upgrade_schema:285] >> 테이블 'mysafety_duplicate_group' 생성 중...
[2026-09-26 19:06:11,800][INFO|database.py-upgrade_schema:285] >> 테이블 'mysafety_duplicate_member' 생성 중...
[2026-09-26 19:06:11,802][INFO|database.py-upgrade_schema:285] >> 테이블 'mysafety_entry_value' 생성 중...
[2026-09-26 19:06:11,809][INFO|database.py-upgrade_schema:285] >> 테이블 'mysafety_geocode_cache' 생성 중...
[2026-09-26 19:06:11,812][INFO|database.py-upgrade_schema:285] >> 테이블 'mysafety_raw_content' 생성 중...
[2026-09-26 19:06:11,815][INFO|database.py-upgrade_schema:285] >> 테이블 'mysafety_report_override' 생성 중...
[2026-09-26 19:06:11,817][INFO|database.py-upgrade_schema:285] >> 테이블 'mysafety_sync_meta' 생성 중...
[2026-09-26 19:06:11,819][INFO|database.py-upgrade_schema:285] >> 테이블 'mysafety_watchlist' 생성 중...
[2026-09-26 19:06:11,820][INFO|database.py-upgrade_schema:285] >> 테이블 'mysafetydetail_other' 생성 중...
[2026-09-26 19:06:11,822][INFO|database.py-upgrade_schema:285] >> 테이블 'mysafetydetail_parking' 생성 중...
[2026-09-26 19:06:11,824][INFO|database.py-upgrade_schema:285] >> 테이블 'mysafetydetail_traffic' 생성 중...
[2026-09-26 19:06:11,826][INFO|database.py-upgrade_schema:285] >> 테이블 'mysafetymerge_other' 생성 중...
[2026-09-26 19:06:11,828][INFO|database.py-upgrade_schema:285] >> 테이블 'mysafetymerge_parking' 생성 중...
[2026-09-26 19:06:11,830][INFO|database.py-upgrade_schema:285] >> 테이블 'mysafetymerge_traffic' 생성 중...
[2026-09-26 19:06:11,834][INFO|database.py-_apply_versioned_migrations:452] >> [schema] DB 스키마 버전 1 적용
[2026-09-26 19:06:11,839][INFO|database.py-_apply_versioned_migrations:452] >> [schema] DB 스키마 버전 2 적용
[2026-09-26 19:06:11,848][INFO|database.py-_apply_versioned_migrations:452] >> [schema] DB 스키마 버전 3 적용
[2026-09-26 19:06:11,862][INFO|database.py-_apply_versioned_migrations:452] >> [schema] DB 스키마 버전 4 적용
[2026-09-26 19:06:11,890][INFO|duplicate_group_service.py-_log_info:53] >> [duplicate] payload exact 중복군 0개, 멤버 0건 재생성
[2026-09-26 19:06:11,931][INFO|database.py-backfill_synced_at:100] >> [migration] mysafetydetail_traffic synced_at 백필: 12건, 미해결 0건
[2026-09-26 19:06:11,934][INFO|database.py-backfill_synced_at:100] >> [migration] mysafetydetail_parking synced_at 백필: 6건, 미해결 0건
[2026-09-26 19:06:11,938][INFO|database.py-backfill_synced_at:100] >> [migration] mysafetydetail_other synced_at 백필: 6건, 미해결 0건
[2026-09-26 19:06:11,942][INFO|database.py-backfill_synced_at:105] >> [migration] synced_at 백필 완료: 총 24건 갱신, merge 재생성 시작
[2026-09-26 19:06:11,956][INFO|database.py-merge_final:736] >> 최종 데이터 병합 완료 (Traffic/Parking/Other 분리)
[2026-09-26 19:06:11,991][INFO|duplicate_group_service.py-_log_info:53] >> [duplicate] payload exact 중복군 1개, 멤버 2건 재생성
[2026-09-26 19:06:12,002][INFO|database.py-merge_final:736] >> 최종 데이터 병합 완료 (Traffic/Parking/Other 분리)
[2026-09-26 19:06:12,027][INFO|duplicate_group_service.py-_log_info:53] >> [duplicate] payload exact 중복군 1개, 멤버 2건 재생성
[2026-09-26 19:06:12,172][INFO|geocode_service.py-prepare_geo_payload:590] >> [geocode] 설정 누락으로 지오코딩 보류: 카카오 REST API 키가 비어 있습니다.
[2026-09-26 19:06:12,231][INFO|duplicate_group_service.py-_log_info:53] >> [duplicate] payload exact 중복군 1개, 멤버 2건 재생성
.[2026-09-26 19:06:12,250][INFO|database.py-upgrade_schema:285] >> 테이블 'admin_users' 생성 중...
[2026-09-26 19:06:12,253][INFO|database.py-upgrade_schema:285] >> 테이블 'api_keys' 생성 중...
[2026-09-26 19:06:12,256][INFO|database.py-upgrade_schema:285] >> 테이블 'mysafety' 생성 중...
[2026-09-26 19:06:12,258][INFO|database.py-upgrade_schema:285] >> 테이블 'mysafety_change_cursor' 생성 중...
[2026-09-26 19:06:12,260][INFO|database.py-upgrade_schema:285] >> 테이블 'mysafety_change_log' 생성 중...
[2026-09-26 19:06:12,269][INFO|database.py-upgrade_schema:285] >> 테이블 'mysafety_duplicate_decision' 생성 중...
[2026-09-26 19:06:12,272][INFO|database.py-upgrade_schema:285] >> 테이블 'mysafety_duplicate_group' 생성 중...
[2026-09-26 19:06:12,274][INFO|database.py-upgrade_schema:285] >> 테이블 'mysafety_duplicate_member' 생성 중...
[2026-09-26 19:06:12,275][INFO|database.py-upgrade_schema:285] >> 테이블 'mysafety_entry_value' 생성 중...
[2026-09-26 19:06:12,277][INFO|database.py-upgrade_schema:285] >> 테이블 'mysafety_geocode_cache' 생성 중...
[2026-09-26 19:06:12,278][INFO|database.py-upgrade_schema:285] >> 테이블 'mysafety_raw_content' 생성 중...
[2026-09-26 19:06:12,280][INFO|database.py-upgrade_schema:285] >> 테이블 'mysafety_report_override' 생성 중...
[2026-09-26 19:06:12,281][INFO|database.py-upgrade_schema:285] >> 테이블 'mysafety_sync_meta' 생성 중...
[2026-09-26 19:06:12,283][INFO|database.py-upgrade_schema:285] >> 테이블 'mysafety_watchlist' 생성 중...
[2026-09-26 19:06:12,284][INFO|database.py-upgrade_schema:285] >> 테이블 'mysafetydetail_other' 생성 중...
[2026-09-26 19:06:12,286][INFO|database.py-upgrade_schema:285] >> 테이블 'mysafetydetail_parking' 생성 중...
[2026-09-26 19:06:12,288][INFO|database.py-upgrade_schema:285] >> 테이블 'mysafetydetail_traffic' 생성 중...
[2026-09-26 19:06:12,289][INFO|database.py-upgrade_schema:285] >> 테이블 'mysafetymerge_other' 생성 중...
[2026-09-26 19:06:12,296][INFO|database.py-upgrade_schema:285] >> 테이블 'mysafetymerge_parking' 생성 중...
[2026-09-26 19:06:12,298][INFO|database.py-upgrade_schema:285] >> 테이블 'mysafetymerge_traffic' 생성 중...
[2026-09-26 19:06:12,311][INFO|database.py-_apply_versioned_migrations:452] >> [schema] DB 스키마 버전 1 적용
[2026-09-26 19:06:12,318][INFO|database.py-_apply_versioned_migrations:452] >> [schema] DB 스키마 버전 2 적용
[2026-09-26 19:06:12,320][INFO|database.py-_apply_versioned_migrations:452] >> [schema] DB 스키마 버전 3 적용
[2026-09-26 19:06:12,331][INFO|database.py-_apply_versioned_migrations:452] >> [schema] DB 스키마 버전 4 적용
[2026-09-26 19:06:12,358][INFO|duplicate_group_service.py-_log_info:53] >> [duplicate] payload exact 중복군 0개, 멤버 0건 재생성
[2026-09-26 19:06:12,409][INFO|database.py-backfill_synced_at:100] >> [migration] mysafetydetail_traffic synced_at 백필: 12건, 미해결 0건
[2026-09-26 19:06:12,414][INFO|database.py-backfill_synced_at:100] >> [migration] mysafetydetail_parking synced_at 백필: 6건, 미해결 0건
[2026-09-26 19:06:12,418][INFO|database.py-backfill_synced_at:100] >> [migration] mysafetydetail_other synced_at 백필: 6건, 미해결 0건
[2026-09-26 19:06:12,420][INFO|database.py-backfill_synced_at:105] >> [migration] synced_at 백필 완료: 총 24건 갱신, merge 재생성 시작
[2026-09-26 19:06:12,436][INFO|database.py-merge_final:736] >> 최종 데이터 병합 완료 (Traffic/Parking/Other 분리)
[2026-09-26 19:06:12,464][INFO|duplicate_group_service.py-_log_info:53] >> [duplicate] payload exact 중복군 1개, 멤버 2건 재생성
[2026-09-26 19:06:12,475][INFO|database.py-merge_final:736] >> 최종 데이터 병합 완료 (Traffic/Parking/Other 분리)
[2026-09-26 19:06:12,501][INFO|duplicate_group_service.py-_log_info:53] >> [duplicate] payload exact 중복군 1개, 멤버 2건 재생성
.[2026-09-26 19:06:12,657][INFO|database.py-upgrade_schema:285] >> 테이블 'admin_users' 생성 중...
[2026-09-26 19:06:12,660][INFO|database.py-upgrade_schema:285] >> 테이블 'api_keys' 생성 중...
[2026-09-26 19:06:12,661][INFO|database.py-upgrade_schema:285] >> 테이블 'mysafety' 생성 중...
[2026-09-26 19:06:12,663][INFO|database.py-upgrade_schema:285] >> 테이블 'mysafety_change_cursor' 생성 중...
[2026-09-26 19:06:12,665][INFO|database.py-upgrade_schema:285] >> 테이블 'mysafety_change_log' 생성 중...
[2026-09-26 19:06:12,666][INFO|database.py-upgrade_schema:285] >> 테이블 'mysafety_duplicate_decision' 생성 중...
[2026-09-26 19:06:12,668][INFO|database.py-upgrade_schema:285] >> 테이블 'mysafety_duplicate_group' 생성 중...
[2026-09-26 19:06:12,669][INFO|database.py-upgrade_schema:285] >> 테이블 'mysafety_duplicate_member' 생성 중...
[2026-09-26 19:06:12,671][INFO|database.py-upgrade_schema:285] >> 테이블 'mysafety_entry_value' 생성 중...
[2026-09-26 19:06:12,672][INFO|database.py-upgrade_schema:285] >> 테이블 'mysafety_geocode_cache' 생성 중...
[2026-09-26 19:06:12,678][INFO|database.py-upgrade_schema:285] >> 테이블 'mysafety_raw_content' 생성 중...
[2026-09-26 19:06:12,680][INFO|database.py-upgrade_schema:285] >> 테이블 'mysafety_report_override' 생성 중...
[2026-09-26 19:06:12,682][INFO|database.py-upgrade_schema:285] >> 테이블 'mysafety_sync_meta' 생성 중...
[2026-09-26 19:06:12,689][INFO|database.py-upgrade_schema:285] >> 테이블 'mysafety_watchlist' 생성 중...
[2026-09-26 19:06:12,691][INFO|database.py-upgrade_schema:285] >> 테이블 'mysafetydetail_other' 생성 중...
[2026-09-26 19:06:12,693][INFO|database.py-upgrade_schema:285] >> 테이블 'mysafetydetail_parking' 생성 중...
[2026-09-26 19:06:12,695][INFO|database.py-upgrade_schema:285] >> 테이블 'mysafetydetail_traffic' 생성 중...
[2026-09-26 19:06:12,697][INFO|database.py-upgrade_schema:285] >> 테이블 'mysafetymerge_other' 생성 중...
[2026-09-26 19:06:12,702][INFO|database.py-upgrade_schema:285] >> 테이블 'mysafetymerge_parking' 생성 중...
[2026-09-26 19:06:12,704][INFO|database.py-upgrade_schema:285] >> 테이블 'mysafetymerge_traffic' 생성 중...
[2026-09-26 19:06:12,713][INFO|database.py-_apply_versioned_migrations:452] >> [schema] DB 스키마 버전 1 적용
[2026-09-26 19:06:12,720][INFO|database.py-_apply_versioned_migrations:452] >> [schema] DB 스키마 버전 2 적용
[2026-09-26 19:06:12,722][INFO|database.py-_apply_versioned_migrations:452] >> [schema] DB 스키마 버전 3 적용
[2026-09-26 19:06:12,737][INFO|database.py-_apply_versioned_migrations:452] >> [schema] DB 스키마 버전 4 적용
[2026-09-26 19:06:12,766][INFO|duplicate_group_service.py-_log_info:53] >> [duplicate] payload exact 중복군 0개, 멤버 0건 재생성
[2026-09-26 19:06:12,802][INFO|database.py-backfill_synced_at:100] >> [migration] mysafetydetail_traffic synced_at 백필: 12건, 미해결 0건
[2026-09-26 19:06:12,805][INFO|database.py-backfill_synced_at:100] >> [migration] mysafetydetail_parking synced_at 백필: 6건, 미해결 0건
[2026-09-26 19:06:12,809][INFO|database.py-backfill_synced_at:100] >> [migration] mysafetydetail_other synced_at 백필: 6건, 미해결 0건
[2026-09-26 19:06:12,810][INFO|database.py-backfill_synced_at:105] >> [migration] synced_at 백필 완료: 총 24건 갱신, merge 재생성 시작
[2026-09-26 19:06:12,827][INFO|database.py-merge_final:736] >> 최종 데이터 병합 완료 (Traffic/Parking/Other 분리)
[2026-09-26 19:06:12,852][INFO|duplicate_group_service.py-_log_info:53] >> [duplicate] payload exact 중복군 1개, 멤버 2건 재생성
[2026-09-26 19:06:12,864][INFO|database.py-merge_final:736] >> 최종 데이터 병합 완료 (Traffic/Parking/Other 분리)
[2026-09-26 19:06:12,888][INFO|duplicate_group_service.py-_log_info:53] >> [duplicate] payload exact 중복군 1개, 멤버 2건 재생성
.[2026-09-26 19:06:13,072][INFO|database.py-upgrade_schema:285] >> 테이블 'admin_users' 생성 중...
[2026-09-26 19:06:13,077][INFO|database.py-upgrade_schema:285] >> 테이블 'api_keys' 생성 중...
[2026-09-26 19:06:13,078][INFO|database.py-upgrade_schema:285] >> 테이블 'mysafety' 생성 중...
[2026-09-26 19:06:13,080][INFO|database.py-upgrade_schema:285] >> 테이블 'mysafety_change_cursor' 생성 중...
[2026-09-26 19:06:13,082][INFO|database.py-upgrade_schema:285] >> 테이블 'mysafety_change_log' 생성 중...
[2026-09-26 19:06:13,084][INFO|database.py-upgrade_schema:285] >> 테이블 'mysafety_duplicate_decision' 생성 중...
[2026-09-26 19:06:13,087][INFO|database.py-upgrade_schema:285] >> 테이블 'mysafety_duplicate_group' 생성 중...
[2026-09-26 19:06:13,089][INFO|database.py-upgrade_schema:285] >> 테이블 'mysafety_duplicate_member' 생성 중...
[2026-09-26 19:06:13,091][INFO|database.py-upgrade_schema:285] >> 테이블 'mysafety_entry_value' 생성 중...
[2026-09-26 19:06:13,093][INFO|database.py-upgrade_schema:285] >> 테이블 'mysafety_geocode_cache' 생성 중...
[2026-09-26 19:06:13,095][INFO|database.py-upgrade_schema:285] >> 테이블 'mysafety_raw_content' 생성 중...
[2026-09-26 19:06:13,097][INFO|database.py-upgrade_schema:285] >> 테이블 'mysafety_report_override' 생성 중...
[2026-09-26 19:06:13,100][INFO|database.py-upgrade_schema:285] >> 테이블 'mysafety_sync_meta' 생성 중...
[2026-09-26 19:06:13,103][INFO|database.py-upgrade_schema:285] >> 테이블 'mysafety_watchlist' 생성 중...
[2026-09-26 19:06:13,108][INFO|database.py-upgrade_schema:285] >> 테이블 'mysafetydetail_other' 생성 중...
[2026-09-26 19:06:13,110][INFO|database.py-upgrade_schema:285] >> 테이블 'mysafetydetail_parking' 생성 중...
[2026-09-26 19:06:13,113][INFO|database.py-upgrade_schema:285] >> 테이블 'mysafetydetail_traffic' 생성 중...
[2026-09-26 19:06:13,115][INFO|database.py-upgrade_schema:285] >> 테이블 'mysafetymerge_other' 생성 중...
[2026-09-26 19:06:13,117][INFO|database.py-upgrade_schema:285] >> 테이블 'mysafetymerge_parking' 생성 중...
[2026-09-26 19:06:13,119][INFO|database.py-upgrade_schema:285] >> 테이블 'mysafetymerge_traffic' 생성 중...
[2026-09-26 19:06:13,126][INFO|database.py-_apply_versioned_migrations:452] >> [schema] DB 스키마 버전 1 적용
[2026-09-26 19:06:13,139][INFO|database.py-_apply_versioned_migrations:452] >> [schema] DB 스키마 버전 2 적용
[2026-09-26 19:06:13,142][INFO|database.py-_apply_versioned_migrations:452] >> [schema] DB 스키마 버전 3 적용
[2026-09-26 19:06:13,167][INFO|database.py-_apply_versioned_migrations:452] >> [schema] DB 스키마 버전 4 적용
[2026-09-26 19:06:13,195][INFO|duplicate_group_service.py-_log_info:53] >> [duplicate] payload exact 중복군 0개, 멤버 0건 재생성
[2026-09-26 19:06:13,236][INFO|database.py-backfill_synced_at:100] >> [migration] mysafetydetail_traffic synced_at 백필: 12건, 미해결 0건
[2026-09-26 19:06:13,240][INFO|database.py-backfill_synced_at:100] >> [migration] mysafetydetail_parking synced_at 백필: 6건, 미해결 0건
[2026-09-26 19:06:13,243][INFO|database.py-backfill_synced_at:100] >> [migration] mysafetydetail_other synced_at 백필: 6건, 미해결 0건
[2026-09-26 19:06:13,245][INFO|database.py-backfill_synced_at:105] >> [migration] synced_at 백필 완료: 총 24건 갱신, merge 재생성 시작
[2026-09-26 19:06:13,258][INFO|database.py-merge_final:736] >> 최종 데이터 병합 완료 (Traffic/Parking/Other 분리)
[2026-09-26 19:06:13,281][INFO|duplicate_group_service.py-_log_info:53] >> [duplicate] payload exact 중복군 1개, 멤버 2건 재생성
[2026-09-26 19:06:13,299][INFO|database.py-merge_final:736] >> 최종 데이터 병합 완료 (Traffic/Parking/Other 분리)
[2026-09-26 19:06:13,338][INFO|duplicate_group_service.py-_log_info:53] >> [duplicate] payload exact 중복군 1개, 멤버 2건 재생성
[2026-09-26 19:06:13,513][ERROR|start.py-_save_details_as_they_arrive:484] >> 상세 크롤링이 중간에 멈췄습니다(2건까지 저장됨): 네트워크 끊김
[2026-09-26 19:06:13,513][INFO|start.py-_save_details_as_they_arrive:485] >> 상세 저장 2건 (변경/신규 2건, 실패 0건)
.[2026-09-26 19:06:13,528][INFO|database.py-upgrade_schema:285] >> 테이블 'admin_users' 생성 중...
[2026-09-26 19:06:13,532][INFO|database.py-upgrade_schema:285] >> 테이블 'api_keys' 생성 중...
[2026-09-26 19:06:13,534][INFO|database.py-upgrade_schema:285] >> 테이블 'mysafety' 생성 중...
[2026-09-26 19:06:13,536][INFO|database.py-upgrade_schema:285] >> 테이블 'mysafety_change_cursor' 생성 중...
[2026-09-26 19:06:13,537][INFO|database.py-upgrade_schema:285] >> 테이블 'mysafety_change_log' 생성 중...
[2026-09-26 19:06:13,539][INFO|database.py-upgrade_schema:285] >> 테이블 'mysafety_duplicate_decision' 생성 중...
[2026-09-26 19:06:13,541][INFO|database.py-upgrade_schema:285] >> 테이블 'mysafety_duplicate_group' 생성 중...
[2026-09-26 19:06:13,543][INFO|database.py-upgrade_schema:285] >> 테이블 'mysafety_duplicate_member' 생성 중...
[2026-09-26 19:06:13,544][INFO|database.py-upgrade_schema:285] >> 테이블 'mysafety_entry_value' 생성 중...
[2026-09-26 19:06:13,546][INFO|database.py-upgrade_schema:285] >> 테이블 'mysafety_geocode_cache' 생성 중...
[2026-09-26 19:06:13,547][INFO|database.py-upgrade_schema:285] >> 테이블 'mysafety_raw_content' 생성 중...
[2026-09-26 19:06:13,549][INFO|database.py-upgrade_schema:285] >> 테이블 'mysafety_report_override' 생성 중...
[2026-09-26 19:06:13,550][INFO|database.py-upgrade_schema:285] >> 테이블 'mysafety_sync_meta' 생성 중...
[2026-09-26 19:06:13,551][INFO|database.py-upgrade_schema:285] >> 테이블 'mysafety_watchlist' 생성 중...
[2026-09-26 19:06:13,556][INFO|database.py-upgrade_schema:285] >> 테이블 'mysafetydetail_other' 생성 중...
[2026-09-26 19:06:13,559][INFO|database.py-upgrade_schema:285] >> 테이블 'mysafetydetail_parking' 생성 중...
[2026-09-26 19:06:13,562][INFO|database.py-upgrade_schema:285] >> 테이블 'mysafetydetail_traffic' 생성 중...
[2026-09-26 19:06:13,564][INFO|database.py-upgrade_schema:285] >> 테이블 'mysafetymerge_other' 생성 중...
[2026-09-26 19:06:13,567][INFO|database.py-upgrade_schema:285] >> 테이블 'mysafetymerge_parking' 생성 중...
[2026-09-26 19:06:13,570][INFO|database.py-upgrade_schema:285] >> 테이블 'mysafetymerge_traffic' 생성 중...
[2026-09-26 19:06:13,574][INFO|database.py-_apply_versioned_migrations:452] >> [schema] DB 스키마 버전 1 적용
[2026-09-26 19:06:13,579][INFO|database.py-_apply_versioned_migrations:452] >> [schema] DB 스키마 버전 2 적용
[2026-09-26 19:06:13,581][INFO|database.py-_apply_versioned_migrations:452] >> [schema] DB 스키마 버전 3 적용
[2026-09-26 19:06:13,605][INFO|database.py-_apply_versioned_migrations:452] >> [schema] DB 스키마 버전 4 적용
[2026-09-26 19:06:13,629][INFO|duplicate_group_service.py-_log_info:53] >> [duplicate] payload exact 중복군 0개, 멤버 0건 재생성
[2026-09-26 19:06:13,665][INFO|database.py-backfill_synced_at:100] >> [migration] mysafetydetail_traffic synced_at 백필: 12건, 미해결 0건
[2026-09-26 19:06:13,668][INFO|database.py-backfill_synced_at:100] >> [migration] mysafetydetail_parking synced_at 백필: 6건, 미해결 0건
[2026-09-26 19:06:13,672][INFO|database.py-backfill_synced_at:100] >> [migration] mysafetydetail_other synced_at 백필: 6건, 미해결 0건
[2026-09-26 19:06:13,673][INFO|database.py-backfill_synced_at:105] >> [migration] synced_at 백필 완료: 총 24건 갱신, merge 재생성 시작
[2026-09-26 19:06:13,690][INFO|database.py-merge_final:736] >> 최종 데이터 병합 완료 (Traffic/Parking/Other 분리)
[2026-09-26 19:06:13,716][INFO|duplicate_group_service.py-_log_info:53] >> [duplicate] payload exact 중복군 1개, 멤버 2건 재생성
[2026-09-26 19:06:13,728][INFO|database.py-merge_final:736] >> 최종 데이터 병합 완료 (Traffic/Parking/Other 분리)
[2026-09-26 19:06:13,752][INFO|duplicate_group_service.py-_log_info:53] >> [duplicate] payload exact 중복군 1개, 멤버 2건 재생성
[2026-09-26 19:06:13,886][INFO|database.py-merge_final:736] >> 최종 데이터 병합 완료 (Traffic/Parking/Other 분리)
[2026-09-26 19:06:13,913][INFO|duplicate_group_service.py-_log_info:53] >> [duplicate] payload exact 중복군 1개, 멤버 2건 재생성
[2026-09-26 19:06:13,918][INFO|geocode_service.py-prepare_geo_payload:590] >> [geocode] 설정 누락으로 지오코딩 보류: 카카오 REST API 키가 비어 있습니다.
[2026-09-26 19:06:13,971][INFO|duplicate_group_service.py-_log_info:53] >> [duplicate] payload exact 중복군 1개, 멤버 2건 재생성
.
----------------------------------------------------------------------
Ran 404 tests in 112.929s

OK (skipped=4)
# end: 2026-09-26T19:06:14+09:00
# exit: 0
