# cmd: timeout 900 /home/better0101/projects/safetyreport/.venv/bin/python -m unittest discover -s tests -p 'test_*.py'
# cwd: /home/better0101/projects/worktree/ci-20260926/safetyreport/audit-fix
# candidate: 2f925b5 (ci0926/audit-fix)
# dirty: 0 tracked changes
# start: 2026-09-26T20:05:16+09:00
....../home/better0101/projects/safetyreport/.venv/lib/python3.14/site-packages/fastapi/testclient.py:1: StarletteDeprecationWarning: Using `httpx` with `starlette.testclient` is deprecated; install `httpx2` instead.
  from starlette.testclient import TestClient as TestClient  # noqa
[2026-09-26 20:05:17,565][INFO|database.py-upgrade_schema:285] >> 테이블 'admin_users' 생성 중...
[2026-09-26 20:05:17,571][INFO|database.py-upgrade_schema:285] >> 테이블 'api_keys' 생성 중...
[2026-09-26 20:05:17,573][INFO|database.py-upgrade_schema:285] >> 테이블 'mysafety' 생성 중...
[2026-09-26 20:05:17,575][INFO|database.py-upgrade_schema:285] >> 테이블 'mysafety_change_cursor' 생성 중...
[2026-09-26 20:05:17,582][INFO|database.py-upgrade_schema:285] >> 테이블 'mysafety_change_log' 생성 중...
[2026-09-26 20:05:17,585][INFO|database.py-upgrade_schema:285] >> 테이블 'mysafety_duplicate_decision' 생성 중...
[2026-09-26 20:05:17,591][INFO|database.py-upgrade_schema:285] >> 테이블 'mysafety_duplicate_group' 생성 중...
[2026-09-26 20:05:17,594][INFO|database.py-upgrade_schema:285] >> 테이블 'mysafety_duplicate_member' 생성 중...
[2026-09-26 20:05:17,597][INFO|database.py-upgrade_schema:285] >> 테이블 'mysafety_entry_value' 생성 중...
[2026-09-26 20:05:17,599][INFO|database.py-upgrade_schema:285] >> 테이블 'mysafety_geocode_cache' 생성 중...
[2026-09-26 20:05:17,603][INFO|database.py-upgrade_schema:285] >> 테이블 'mysafety_raw_content' 생성 중...
[2026-09-26 20:05:17,606][INFO|database.py-upgrade_schema:285] >> 테이블 'mysafety_report_override' 생성 중...
[2026-09-26 20:05:17,614][INFO|database.py-upgrade_schema:285] >> 테이블 'mysafety_sync_meta' 생성 중...
[2026-09-26 20:05:17,616][INFO|database.py-upgrade_schema:285] >> 테이블 'mysafety_watchlist' 생성 중...
[2026-09-26 20:05:17,618][INFO|database.py-upgrade_schema:285] >> 테이블 'mysafetydetail_other' 생성 중...
[2026-09-26 20:05:17,620][INFO|database.py-upgrade_schema:285] >> 테이블 'mysafetydetail_parking' 생성 중...
[2026-09-26 20:05:17,623][INFO|database.py-upgrade_schema:285] >> 테이블 'mysafetydetail_traffic' 생성 중...
[2026-09-26 20:05:17,626][INFO|database.py-upgrade_schema:285] >> 테이블 'mysafetymerge_other' 생성 중...
[2026-09-26 20:05:17,629][INFO|database.py-upgrade_schema:285] >> 테이블 'mysafetymerge_parking' 생성 중...
[2026-09-26 20:05:17,631][INFO|database.py-upgrade_schema:285] >> 테이블 'mysafetymerge_traffic' 생성 중...
[2026-09-26 20:05:17,638][INFO|database.py-_apply_versioned_migrations:452] >> [schema] DB 스키마 버전 1 적용
[2026-09-26 20:05:17,645][INFO|database.py-_apply_versioned_migrations:452] >> [schema] DB 스키마 버전 2 적용
[2026-09-26 20:05:17,648][INFO|database.py-_apply_versioned_migrations:452] >> [schema] DB 스키마 버전 3 적용
[2026-09-26 20:05:17,668][INFO|database.py-_apply_versioned_migrations:452] >> [schema] DB 스키마 버전 4 적용
[2026-09-26 20:05:17,824][INFO|community_auth_service.py-start:465] >> [community] 연결 요청을 만들었습니다(pc).
[2026-09-26 20:05:17,844][INFO|community_auth_service.py-_handle_code:663] >> [community] 로그인 결과를 받았습니다. 관리자 확인을 기다립니다.
[2026-09-26 20:05:17,851][INFO|community_auth_service.py-confirm:744] >> [community] 커뮤니티 계정을 이 서버에 연결했습니다.
[2026-09-26 20:05:17,954][INFO|_client.py-_send_single_request:1025] >> HTTP Request: GET http://testserver/api/v1/app/config "HTTP/1.1 200 OK"
.[2026-09-26 20:05:18,370][INFO|community_auth_service.py-start:465] >> [community] 연결 요청을 만들었습니다(pc).
[2026-09-26 20:05:18,411][INFO|community_auth_service.py-_handle_code:663] >> [community] 로그인 결과를 받았습니다. 관리자 확인을 기다립니다.
[2026-09-26 20:05:18,420][INFO|community_auth_service.py-confirm:744] >> [community] 커뮤니티 계정을 이 서버에 연결했습니다.
.[2026-09-26 20:05:18,935][INFO|_client.py-_send_single_request:1025] >> HTTP Request: GET http://testserver/api/v1/files?path=auth "HTTP/1.1 403 Forbidden"
.[2026-09-26 20:05:19,964][WARNING|community_auth_service.py-start:446] >> [community] 연결 요청 생성 실패: network_error
[2026-09-26 20:05:19,968][INFO|_client.py-_send_single_request:1025] >> HTTP Request: POST http://testserver/api/v1/community-auth/start "HTTP/1.1 502 Bad Gateway"
.[2026-09-26 20:05:19,980][INFO|_client.py-_send_single_request:1025] >> HTTP Request: GET http://testserver/api/v1/community-auth/status "HTTP/1.1 200 OK"
[2026-09-26 20:05:19,997][INFO|community_auth_service.py-start:465] >> [community] 연결 요청을 만들었습니다(mobile_client_server).
[2026-09-26 20:05:20,006][INFO|_client.py-_send_single_request:1025] >> HTTP Request: POST http://testserver/api/v1/community-auth/start "HTTP/1.1 200 OK"
[2026-09-26 20:05:20,012][INFO|_client.py-_send_single_request:1025] >> HTTP Request: GET http://testserver/api/v1/community-auth/status "HTTP/1.1 200 OK"
[2026-09-26 20:05:20,034][INFO|community_auth_service.py-_handle_code:663] >> [community] 로그인 결과를 받았습니다. 관리자 확인을 기다립니다.
[2026-09-26 20:05:20,045][INFO|_client.py-_send_single_request:1025] >> HTTP Request: GET http://testserver/api/v1/community-auth/status "HTTP/1.1 200 OK"
[2026-09-26 20:05:20,055][INFO|community_auth_service.py-confirm:744] >> [community] 커뮤니티 계정을 이 서버에 연결했습니다.
[2026-09-26 20:05:20,097][INFO|_client.py-_send_single_request:1025] >> HTTP Request: POST http://testserver/api/v1/community-auth/confirm "HTTP/1.1 200 OK"
[2026-09-26 20:05:20,103][INFO|_client.py-_send_single_request:1025] >> HTTP Request: POST http://testserver/api/v1/community-auth/confirm "HTTP/1.1 409 Conflict"
[2026-09-26 20:05:20,115][INFO|community_auth_service.py-disconnect:826] >> [community] 커뮤니티 계정 연결을 해제했습니다(서버 로그아웃 확인: True).
[2026-09-26 20:05:20,119][INFO|_client.py-_send_single_request:1025] >> HTTP Request: POST http://testserver/api/v1/community-auth/disconnect "HTTP/1.1 200 OK"
.[2026-09-26 20:05:20,621][INFO|_client.py-_send_single_request:1025] >> HTTP Request: GET http://testserver/api/v1/community-auth/status "HTTP/1.1 401 Unauthorized"
[2026-09-26 20:05:20,640][INFO|community_auth_service.py-start:465] >> [community] 연결 요청을 만들었습니다(pc).
/usr/lib/python3.14/_weakrefset.py:46: ResourceWarning: unclosed database in <sqlite3.Connection object at 0x7eb49c658f40>
  self.data.add(ref(item, self._remove))
ResourceWarning: Enable tracemalloc to get the object allocation traceback
/usr/lib/python3.14/_weakrefset.py:46: ResourceWarning: unclosed database in <sqlite3.Connection object at 0x7eb49c65ab60>
  self.data.add(ref(item, self._remove))
ResourceWarning: Enable tracemalloc to get the object allocation traceback
[2026-09-26 20:05:20,658][INFO|_client.py-_send_single_request:1025] >> HTTP Request: GET http://testserver/api/v1/community-auth/status "HTTP/1.1 200 OK"
[2026-09-26 20:05:20,665][INFO|_client.py-_send_single_request:1025] >> HTTP Request: POST http://testserver/api/v1/community-auth/start "HTTP/1.1 403 Forbidden"
[2026-09-26 20:05:20,676][INFO|_client.py-_send_single_request:1025] >> HTTP Request: POST http://testserver/api/v1/community-auth/confirm "HTTP/1.1 403 Forbidden"
[2026-09-26 20:05:20,687][INFO|_client.py-_send_single_request:1025] >> HTTP Request: POST http://testserver/api/v1/community-auth/cancel "HTTP/1.1 403 Forbidden"
[2026-09-26 20:05:20,695][INFO|_client.py-_send_single_request:1025] >> HTTP Request: POST http://testserver/api/v1/community-auth/disconnect "HTTP/1.1 403 Forbidden"
.[2026-09-26 20:05:21,192][INFO|_client.py-_send_single_request:1025] >> HTTP Request: GET http://testserver/settings/community/status "HTTP/1.1 401 Unauthorized"
[2026-09-26 20:05:21,194][INFO|_client.py-_send_single_request:1025] >> HTTP Request: POST http://testserver/settings/community/start "HTTP/1.1 401 Unauthorized"
[2026-09-26 20:05:21,196][INFO|_client.py-_send_single_request:1025] >> HTTP Request: POST http://testserver/settings/community/start "HTTP/1.1 302 Found"
.[2026-09-26 20:05:21,815][INFO|_client.py-_send_single_request:1025] >> HTTP Request: POST http://testserver/login "HTTP/1.1 303 See Other"
[2026-09-26 20:05:21,825][INFO|_client.py-_send_single_request:1025] >> HTTP Request: GET http://testserver/settings/ "HTTP/1.1 302 Found"
[2026-09-26 20:05:21,845][INFO|_client.py-_send_single_request:1025] >> HTTP Request: GET http://testserver/onboarding/community?next=/settings/ "HTTP/1.1 200 OK"
[2026-09-26 20:05:21,848][INFO|_client.py-_send_single_request:1025] >> HTTP Request: POST http://testserver/settings/community/start "HTTP/1.1 403 Forbidden"
[2026-09-26 20:05:21,852][INFO|_client.py-_send_single_request:1025] >> HTTP Request: POST http://testserver/settings/community/start "HTTP/1.1 403 Forbidden"
[2026-09-26 20:05:21,856][INFO|_client.py-_send_single_request:1025] >> HTTP Request: POST http://testserver/settings/community/start "HTTP/1.1 403 Forbidden"
[2026-09-26 20:05:21,859][INFO|_client.py-_send_single_request:1025] >> HTTP Request: POST http://testserver/settings/community/start "HTTP/1.1 403 Forbidden"
[2026-09-26 20:05:21,862][INFO|_client.py-_send_single_request:1025] >> HTTP Request: POST http://testserver/settings/community/start "HTTP/1.1 403 Forbidden"
[2026-09-26 20:05:21,867][INFO|_client.py-_send_single_request:1025] >> HTTP Request: POST http://testserver/settings/community/start "HTTP/1.1 403 Forbidden"
[2026-09-26 20:05:21,874][INFO|_client.py-_send_single_request:1025] >> HTTP Request: POST http://testserver/settings/community/confirm "HTTP/1.1 403 Forbidden"
[2026-09-26 20:05:21,880][INFO|_client.py-_send_single_request:1025] >> HTTP Request: POST http://testserver/settings/community/cancel "HTTP/1.1 403 Forbidden"
[2026-09-26 20:05:21,882][INFO|_client.py-_send_single_request:1025] >> HTTP Request: POST http://testserver/settings/community/disconnect "HTTP/1.1 403 Forbidden"
[2026-09-26 20:05:21,887][INFO|_client.py-_send_single_request:1025] >> HTTP Request: POST http://testserver/settings/community/settings "HTTP/1.1 403 Forbidden"
[2026-09-26 20:05:21,905][INFO|community_auth_service.py-start:465] >> [community] 연결 요청을 만들었습니다(pc).
[2026-09-26 20:05:21,909][INFO|_client.py-_send_single_request:1025] >> HTTP Request: POST http://testserver/settings/community/start "HTTP/1.1 200 OK"
.[2026-09-26 20:05:22,562][INFO|_client.py-_send_single_request:1025] >> HTTP Request: POST http://testserver/login "HTTP/1.1 303 See Other"
[2026-09-26 20:05:22,565][INFO|_client.py-_send_single_request:1025] >> HTTP Request: GET http://testserver/settings/ "HTTP/1.1 302 Found"
[2026-09-26 20:05:22,570][INFO|_client.py-_send_single_request:1025] >> HTTP Request: GET http://testserver/onboarding/community?next=/settings/ "HTTP/1.1 200 OK"
[2026-09-26 20:05:22,575][INFO|_client.py-_send_single_request:1025] >> HTTP Request: POST http://testserver/settings/community/confirm "HTTP/1.1 409 Conflict"
[2026-09-26 20:05:22,579][INFO|_client.py-_send_single_request:1025] >> HTTP Request: POST http://testserver/settings/community/cancel "HTTP/1.1 409 Conflict"
[2026-09-26 20:05:22,583][INFO|_client.py-_send_single_request:1025] >> HTTP Request: POST http://testserver/settings/community/start "HTTP/1.1 400 Bad Request"
.[2026-09-26 20:05:23,054][INFO|_client.py-_send_single_request:1025] >> HTTP Request: POST http://testserver/login "HTTP/1.1 303 See Other"
[2026-09-26 20:05:23,058][INFO|_client.py-_send_single_request:1025] >> HTTP Request: GET http://testserver/settings/ "HTTP/1.1 302 Found"
[2026-09-26 20:05:23,062][INFO|_client.py-_send_single_request:1025] >> HTTP Request: GET http://testserver/onboarding/community?next=/settings/ "HTTP/1.1 200 OK"
[2026-09-26 20:05:23,087][INFO|community_auth_service.py-start:465] >> [community] 연결 요청을 만들었습니다(pc).
[2026-09-26 20:05:23,093][INFO|_client.py-_send_single_request:1025] >> HTTP Request: POST http://testserver/settings/community/start "HTTP/1.1 200 OK"
[2026-09-26 20:05:23,103][INFO|_client.py-_send_single_request:1025] >> HTTP Request: POST http://testserver/settings/community/start "HTTP/1.1 400 Bad Request"
[2026-09-26 20:05:23,127][INFO|community_auth_service.py-start:465] >> [community] 연결 요청을 만들었습니다(pc).
[2026-09-26 20:05:23,134][INFO|_client.py-_send_single_request:1025] >> HTTP Request: POST http://testserver/settings/community/start "HTTP/1.1 200 OK"
[2026-09-26 20:05:23,143][INFO|_client.py-_send_single_request:1025] >> HTTP Request: GET http://testserver/settings/community/status "HTTP/1.1 200 OK"
[2026-09-26 20:05:23,167][INFO|community_auth_service.py-_handle_code:663] >> [community] 로그인 결과를 받았습니다. 관리자 확인을 기다립니다.
[2026-09-26 20:05:23,175][INFO|_client.py-_send_single_request:1025] >> HTTP Request: GET http://testserver/settings/community/status "HTTP/1.1 200 OK"
[2026-09-26 20:05:23,185][INFO|_client.py-_send_single_request:1025] >> HTTP Request: GET http://testserver/settings/community/status "HTTP/1.1 200 OK"
[2026-09-26 20:05:23,193][INFO|community_auth_service.py-confirm:744] >> [community] 커뮤니티 계정을 이 서버에 연결했습니다.
[2026-09-26 20:05:23,205][INFO|_client.py-_send_single_request:1025] >> HTTP Request: POST http://testserver/settings/community/confirm "HTTP/1.1 200 OK"
[2026-09-26 20:05:23,211][INFO|_client.py-_send_single_request:1025] >> HTTP Request: GET http://testserver/settings/ "HTTP/1.1 302 Found"
[2026-09-26 20:05:23,220][INFO|_client.py-_send_single_request:1025] >> HTTP Request: GET http://testserver/onboarding/community?next=/settings/ "HTTP/1.1 200 OK"
/home/better0101/projects/safetyreport/.venv/lib/python3.14/site-packages/anyio/_backends/_asyncio.py:402: ResourceWarning: unclosed database in <sqlite3.Connection object at 0x7eb49c6936a0>
  return object.__new__(cls)
ResourceWarning: Enable tracemalloc to get the object allocation traceback
[2026-09-26 20:05:23,240][INFO|community_auth_service.py-disconnect:826] >> [community] 커뮤니티 계정 연결을 해제했습니다(서버 로그아웃 확인: True).
[2026-09-26 20:05:23,250][INFO|_client.py-_send_single_request:1025] >> HTTP Request: POST http://testserver/settings/community/disconnect "HTTP/1.1 200 OK"
.[2026-09-26 20:05:23,866][INFO|_client.py-_send_single_request:1025] >> HTTP Request: POST http://testserver/login "HTTP/1.1 303 See Other"
[2026-09-26 20:05:23,870][INFO|_client.py-_send_single_request:1025] >> HTTP Request: GET http://testserver/settings/ "HTTP/1.1 302 Found"
[2026-09-26 20:05:23,874][INFO|_client.py-_send_single_request:1025] >> HTTP Request: GET http://testserver/onboarding/community?next=/settings/ "HTTP/1.1 200 OK"
[2026-09-26 20:05:23,888][INFO|_client.py-_send_single_request:1025] >> HTTP Request: POST http://testserver/settings/community/settings "HTTP/1.1 200 OK"
[2026-09-26 20:05:23,893][INFO|_client.py-_send_single_request:1025] >> HTTP Request: POST http://testserver/settings/community/settings "HTTP/1.1 400 Bad Request"
[2026-09-26 20:05:23,898][INFO|_client.py-_send_single_request:1025] >> HTTP Request: POST http://testserver/settings/community/settings "HTTP/1.1 400 Bad Request"
/home/better0101/projects/safetyreport/.venv/lib/python3.14/site-packages/anyio/_backends/_asyncio.py:1932: ResourceWarning: unclosed database in <sqlite3.Connection object at 0x7eb49c8166b0>
  async def wait(self) -> None:
ResourceWarning: Enable tracemalloc to get the object allocation traceback
/home/better0101/projects/safetyreport/.venv/lib/python3.14/site-packages/anyio/_backends/_asyncio.py:1932: ResourceWarning: unclosed database in <sqlite3.Connection object at 0x7eb49c815a80>
  async def wait(self) -> None:
ResourceWarning: Enable tracemalloc to get the object allocation traceback
/home/better0101/projects/safetyreport/.venv/lib/python3.14/site-packages/anyio/_backends/_asyncio.py:1932: ResourceWarning: unclosed database in <sqlite3.Connection object at 0x7eb49c65bb50>
  async def wait(self) -> None:
ResourceWarning: Enable tracemalloc to get the object allocation traceback
[2026-09-26 20:05:23,914][INFO|_client.py-_send_single_request:1025] >> HTTP Request: POST http://testserver/settings/community/settings "HTTP/1.1 400 Bad Request"
[2026-09-26 20:05:23,931][INFO|_client.py-_send_single_request:1025] >> HTTP Request: POST http://testserver/settings/community/settings "HTTP/1.1 200 OK"
.[2026-09-26 20:05:24,268][INFO|community_auth_service.py-start:465] >> [community] 연결 요청을 만들었습니다(pc).
[2026-09-26 20:05:24,287][INFO|community_auth_service.py-_handle_code:663] >> [community] 로그인 결과를 받았습니다. 관리자 확인을 기다립니다.
[2026-09-26 20:05:24,301][INFO|community_auth_service.py-confirm:744] >> [community] 커뮤니티 계정을 이 서버에 연결했습니다.
[2026-09-26 20:05:24,317][INFO|community_auth_service.py-start:465] >> [community] 연결 요청을 만들었습니다(pc).
[2026-09-26 20:05:24,366][INFO|community_auth_service.py-_handle_code:663] >> [community] 로그인 결과를 받았습니다. 관리자 확인을 기다립니다.
[2026-09-26 20:05:24,377][INFO|community_auth_service.py-cancel:788] >> [community] 연결 요청을 취소했습니다.
.[2026-09-26 20:05:24,895][INFO|community_auth_service.py-start:465] >> [community] 연결 요청을 만들었습니다(pc).
[2026-09-26 20:05:24,931][INFO|community_auth_service.py-_handle_code:663] >> [community] 로그인 결과를 받았습니다. 관리자 확인을 기다립니다.
[2026-09-26 20:05:24,950][INFO|community_auth_service.py-confirm:744] >> [community] 커뮤니티 계정을 이 서버에 연결했습니다.
[2026-09-26 20:05:24,953][WARNING|community_auth_service.py-_complete_with_retry:768] >> [community] complete 실패: auth_invalid
.[2026-09-26 20:05:25,471][INFO|community_auth_service.py-start:465] >> [community] 연결 요청을 만들었습니다(pc).
[2026-09-26 20:05:25,487][INFO|community_auth_service.py-_handle_code:663] >> [community] 로그인 결과를 받았습니다. 관리자 확인을 기다립니다.
[2026-09-26 20:05:25,498][INFO|community_auth_service.py-confirm:744] >> [community] 커뮤니티 계정을 이 서버에 연결했습니다.
.[2026-09-26 20:05:26,052][INFO|community_auth_service.py-start:465] >> [community] 연결 요청을 만들었습니다(pc).
[2026-09-26 20:05:26,071][INFO|community_auth_service.py-_handle_code:663] >> [community] 로그인 결과를 받았습니다. 관리자 확인을 기다립니다.
[2026-09-26 20:05:26,088][INFO|community_auth_service.py-confirm:744] >> [community] 커뮤니티 계정을 이 서버에 연결했습니다.
.[2026-09-26 20:05:26,618][INFO|community_auth_service.py-start:465] >> [community] 연결 요청을 만들었습니다(pc).
.[2026-09-26 20:05:27,140][INFO|community_auth_service.py-start:465] >> [community] 연결 요청을 만들었습니다(pc).
[2026-09-26 20:05:27,188][INFO|community_auth_service.py-_handle_code:663] >> [community] 로그인 결과를 받았습니다. 관리자 확인을 기다립니다.
[2026-09-26 20:05:27,192][INFO|community_auth_service.py-confirm:744] >> [community] 커뮤니티 계정을 이 서버에 연결했습니다.
[2026-09-26 20:05:27,202][INFO|community_auth_service.py-start:465] >> [community] 연결 요청을 만들었습니다(pc).
[2026-09-26 20:05:27,218][INFO|community_auth_service.py-_handle_code:663] >> [community] 로그인 결과를 받았습니다. 관리자 확인을 기다립니다.
[2026-09-26 20:05:27,231][INFO|community_auth_service.py-confirm:744] >> [community] 커뮤니티 계정을 이 서버에 연결했습니다.
.[2026-09-26 20:05:27,755][INFO|community_auth_service.py-start:465] >> [community] 연결 요청을 만들었습니다(pc).
.[2026-09-26 20:05:28,282][INFO|community_auth_service.py-start:465] >> [community] 연결 요청을 만들었습니다(pc).
[2026-09-26 20:05:28,322][INFO|community_auth_service.py-_handle_code:663] >> [community] 로그인 결과를 받았습니다. 관리자 확인을 기다립니다.
[2026-09-26 20:05:28,331][INFO|community_auth_service.py-confirm:744] >> [community] 커뮤니티 계정을 이 서버에 연결했습니다.
[2026-09-26 20:05:28,340][INFO|community_auth_service.py-disconnect:826] >> [community] 커뮤니티 계정 연결을 해제했습니다(서버 로그아웃 확인: True).
.[2026-09-26 20:05:28,856][INFO|community_auth_service.py-start:465] >> [community] 연결 요청을 만들었습니다(pc).
[2026-09-26 20:05:28,893][INFO|community_auth_service.py-_handle_code:663] >> [community] 로그인 결과를 받았습니다. 관리자 확인을 기다립니다.
[2026-09-26 20:05:28,913][INFO|community_auth_service.py-confirm:744] >> [community] 커뮤니티 계정을 이 서버에 연결했습니다.
[2026-09-26 20:05:29,421][INFO|community_auth_service.py-_logout_quietly:840] >> [community] 세션 로그아웃 실패(무시): network_error
[2026-09-26 20:05:29,422][INFO|community_auth_service.py-disconnect:826] >> [community] 커뮤니티 계정 연결을 해제했습니다(서버 로그아웃 확인: False).
.[2026-09-26 20:05:29,441][INFO|community_auth_service.py-start:465] >> [community] 연결 요청을 만들었습니다(pc).
[2026-09-26 20:05:29,480][INFO|community_auth_service.py-_handle_code:663] >> [community] 로그인 결과를 받았습니다. 관리자 확인을 기다립니다.
[2026-09-26 20:05:29,494][INFO|community_auth_service.py-confirm:744] >> [community] 커뮤니티 계정을 이 서버에 연결했습니다.
[2026-09-26 20:05:29,508][INFO|community_auth_service.py-disconnect:826] >> [community] 커뮤니티 계정 연결을 해제했습니다(서버 로그아웃 확인: True).
.[2026-09-26 20:05:30,026][INFO|community_auth_service.py-start:465] >> [community] 연결 요청을 만들었습니다(pc).
[2026-09-26 20:05:30,038][WARNING|community_auth_service.py-_handle_code:639] >> [community] 코드 교환 실패: bad_code_verifier
[2026-09-26 20:05:30,045][INFO|community_auth_service.py-_fail_pending:697] >> [community] 연결 요청 종료: exchange_failed
.[2026-09-26 20:05:30,570][INFO|community_auth_service.py-start:465] >> [community] 연결 요청을 만들었습니다(pc).
.[2026-09-26 20:05:31,077][WARNING|runtime_mode.py-block_if_fixture:47] >> [fixture] blocked: community auth network
./home/better0101/projects/worktree/ci-20260926/safetyreport/audit-fix/services/community_auth_store.py:131: ResourceWarning: unclosed database in <sqlite3.Connection object at 0x7eb49c65be20>
  def empty_state() -> dict:
ResourceWarning: Enable tracemalloc to get the object allocation traceback
[2026-09-26 20:05:31,592][INFO|community_auth_service.py-start:465] >> [community] 연결 요청을 만들었습니다(pc).
[2026-09-26 20:05:31,616][INFO|community_auth_service.py-_handle_code:663] >> [community] 로그인 결과를 받았습니다. 관리자 확인을 기다립니다.
[2026-09-26 20:05:31,624][INFO|community_auth_service.py-confirm:744] >> [community] 커뮤니티 계정을 이 서버에 연결했습니다.
[2026-09-26 20:05:31,639][WARNING|community_auth_service.py-get_access_token:863] >> [community] refresh 토큰이 거부되어 다시 로그인이 필요합니다: refresh_token_not_found
..[2026-09-26 20:05:32,676][INFO|community_auth_service.py-start:465] >> [community] 연결 요청을 만들었습니다(pc).
[2026-09-26 20:05:32,690][INFO|community_auth_service.py-_handle_code:663] >> [community] 로그인 결과를 받았습니다. 관리자 확인을 기다립니다.
[2026-09-26 20:05:32,704][INFO|community_auth_service.py-confirm:744] >> [community] 커뮤니티 계정을 이 서버에 연결했습니다.
[2026-09-26 20:05:32,727][INFO|community_auth_service.py-start:465] >> [community] 연결 요청을 만들었습니다(pc).
[2026-09-26 20:05:32,745][INFO|community_auth_service.py-_handle_code:663] >> [community] 로그인 결과를 받았습니다. 관리자 확인을 기다립니다.
[2026-09-26 20:05:32,762][INFO|community_auth_service.py-cancel:788] >> [community] 연결 요청을 취소했습니다.
[2026-09-26 20:05:32,775][INFO|community_auth_service.py-disconnect:826] >> [community] 커뮤니티 계정 연결을 해제했습니다(서버 로그아웃 확인: True).
.[2026-09-26 20:05:33,293][INFO|community_auth_service.py-start:465] >> [community] 연결 요청을 만들었습니다(pc).
[2026-09-26 20:05:33,390][INFO|community_auth_service.py-_handle_code:663] >> [community] 로그인 결과를 받았습니다. 관리자 확인을 기다립니다.
.[2026-09-26 20:05:33,902][INFO|community_auth_service.py-start:465] >> [community] 연결 요청을 만들었습니다(pc).
[2026-09-26 20:05:33,923][INFO|community_auth_service.py-start:465] >> [community] 연결 요청을 만들었습니다(pc).
.[2026-09-26 20:05:34,447][INFO|community_auth_service.py-start:465] >> [community] 연결 요청을 만들었습니다(pc).
[2026-09-26 20:05:34,457][INFO|community_auth_service.py-_fail_pending:697] >> [community] 연결 요청 종료: expired
.[2026-09-26 20:05:34,974][INFO|community_auth_service.py-start:465] >> [community] 연결 요청을 만들었습니다(pc).
[2026-09-26 20:05:35,019][INFO|community_auth_service.py-_handle_code:663] >> [community] 로그인 결과를 받았습니다. 관리자 확인을 기다립니다.
[2026-09-26 20:05:35,025][INFO|community_auth_service.py-confirm:744] >> [community] 커뮤니티 계정을 이 서버에 연결했습니다.
.[2026-09-26 20:05:35,541][INFO|community_auth_service.py-_fail_pending:697] >> [community] 연결 요청 종료: interrupted
[2026-09-26 20:05:35,543][INFO|community_auth_service.py-_safe_relay_cancel:806] >> [community] 중계 취소 실패(무시): not_found
.[2026-09-26 20:05:36,061][INFO|community_auth_service.py-start:465] >> [community] 연결 요청을 만들었습니다(pc).
[2026-09-26 20:05:36,076][INFO|community_auth_service.py-_handle_code:663] >> [community] 로그인 결과를 받았습니다. 관리자 확인을 기다립니다.
.[2026-09-26 20:05:36,592][INFO|community_auth_service.py-start:465] >> [community] 연결 요청을 만들었습니다(pc).
.[2026-09-26 20:05:37,119][INFO|community_auth_service.py-start:465] >> [community] 연결 요청을 만들었습니다(pc).
[2026-09-26 20:05:37,186][INFO|community_auth_service.py-_handle_code:663] >> [community] 로그인 결과를 받았습니다. 관리자 확인을 기다립니다.
[2026-09-26 20:05:37,351][INFO|community_auth_service.py-confirm:744] >> [community] 커뮤니티 계정을 이 서버에 연결했습니다.
.[2026-09-26 20:05:37,874][INFO|community_auth_service.py-start:465] >> [community] 연결 요청을 만들었습니다(pc).
.[2026-09-26 20:05:38,400][INFO|community_auth_service.py-start:465] >> [community] 연결 요청을 만들었습니다(pc).
[2026-09-26 20:05:38,414][INFO|community_auth_service.py-_handle_code:663] >> [community] 로그인 결과를 받았습니다. 관리자 확인을 기다립니다.
[2026-09-26 20:05:38,432][INFO|community_auth_service.py-confirm:744] >> [community] 커뮤니티 계정을 이 서버에 연결했습니다.
.[2026-09-26 20:05:38,964][INFO|community_auth_service.py-start:465] >> [community] 연결 요청을 만들었습니다(pc).
[2026-09-26 20:05:38,979][INFO|community_auth_service.py-_handle_code:663] >> [community] 로그인 결과를 받았습니다. 관리자 확인을 기다립니다.
[2026-09-26 20:05:38,995][INFO|community_auth_service.py-confirm:744] >> [community] 커뮤니티 계정을 이 서버에 연결했습니다.
[2026-09-26 20:05:38,999][WARNING|community_auth_store.py-reset_unreadable:264] >> [community] 읽을 수 없는 커뮤니티 세션 파일을 community_session.enc.unreadable-20260926200538 로 옮겼습니다.
.[2026-09-26 20:05:39,519][INFO|community_auth_service.py-start:465] >> [community] 연결 요청을 만들었습니다(pc).
[2026-09-26 20:05:39,537][INFO|community_auth_service.py-_handle_code:663] >> [community] 로그인 결과를 받았습니다. 관리자 확인을 기다립니다.
[2026-09-26 20:05:39,548][INFO|community_auth_service.py-confirm:744] >> [community] 커뮤니티 계정을 이 서버에 연결했습니다.
[2026-09-26 20:05:39,555][INFO|community_auth_service.py-disconnect:826] >> [community] 커뮤니티 계정 연결을 해제했습니다(서버 로그아웃 확인: True).
.......[2026-09-26 20:05:40,118][INFO|community_auth_service.py-start:465] >> [community] 연결 요청을 만들었습니다(pc).
[2026-09-26 20:05:40,143][INFO|community_auth_service.py-start:465] >> [community] 연결 요청을 만들었습니다(pc).
[2026-09-26 20:05:40,165][INFO|community_auth_service.py-_handle_code:663] >> [community] 로그인 결과를 받았습니다. 관리자 확인을 기다립니다.
[2026-09-26 20:05:40,191][INFO|community_auth_service.py-_handle_code:663] >> [community] 로그인 결과를 받았습니다. 관리자 확인을 기다립니다.
[2026-09-26 20:05:40,197][INFO|community_auth_service.py-confirm:744] >> [community] 커뮤니티 계정을 이 서버에 연결했습니다.
[2026-09-26 20:05:40,202][INFO|community_auth_service.py-confirm:744] >> [community] 커뮤니티 계정을 이 서버에 연결했습니다.
.sss........................./usr/lib/python3.14/unittest/mock.py:2259: ResourceWarning: unclosed database in <sqlite3.Connection object at 0x7eb49c6f6200>
  def __init__(self, name, parent):
ResourceWarning: Enable tracemalloc to get the object allocation traceback
/usr/lib/python3.14/unittest/mock.py:2259: ResourceWarning: unclosed database in <sqlite3.Connection object at 0x7eb49c6f5b70>
  def __init__(self, name, parent):
ResourceWarning: Enable tracemalloc to get the object allocation traceback
/usr/lib/python3.14/unittest/mock.py:2259: ResourceWarning: unclosed database in <sqlite3.Connection object at 0x7eb49c6f4f40>
  def __init__(self, name, parent):
ResourceWarning: Enable tracemalloc to get the object allocation traceback
/usr/lib/python3.14/unittest/mock.py:2259: ResourceWarning: unclosed database in <sqlite3.Connection object at 0x7eb49c6f5c60>
  def __init__(self, name, parent):
ResourceWarning: Enable tracemalloc to get the object allocation traceback
../usr/lib/python3.14/unittest/mock.py:2259: ResourceWarning: unclosed database in <sqlite3.Connection object at 0x7eb4cea79d50>
  def __init__(self, name, parent):
ResourceWarning: Enable tracemalloc to get the object allocation traceback
....[2026-09-26 20:05:42,015][WARNING|community_route.py-_contributions_delete:296] >> 공유 자료 삭제 뒤 writer 연결 파일을 지우지 못함 — 다음 게이트 확인 때 다시 등록 필요
....[2026-09-26 20:05:42,034][INFO|_client.py-_send_single_request:1025] >> HTTP Request: GET http://testserver/settings/ "HTTP/1.1 302 Found"
[2026-09-26 20:05:42,035][INFO|_client.py-_send_single_request:1025] >> HTTP Request: GET http://testserver/onboarding/community "HTTP/1.1 302 Found"
..[2026-09-26 20:05:43,040][INFO|_client.py-_send_single_request:1025] >> HTTP Request: GET http://testserver/api/v1/summary "HTTP/1.1 401 Unauthorized"
[2026-09-26 20:05:43,044][INFO|_client.py-_send_single_request:1025] >> HTTP Request: GET http://testserver/api/v1/summary "HTTP/1.1 403 Forbidden"
[2026-09-26 20:05:43,048][INFO|_client.py-_send_single_request:1025] >> HTTP Request: POST http://testserver/api/v1/crawl/start "HTTP/1.1 403 Forbidden"
[2026-09-26 20:05:43,053][INFO|_client.py-_send_single_request:1025] >> HTTP Request: GET http://testserver/api/v1/app/config "HTTP/1.1 200 OK"
[2026-09-26 20:05:43,093][INFO|_client.py-_send_single_request:1025] >> HTTP Request: GET http://testserver/api/v1/community/gate "HTTP/1.1 200 OK"
.[2026-09-26 20:05:43,538][INFO|ws_manager.py-disconnect:47] >> [WS] 클라이언트 종료: t-open (남은 0개)
.[2026-09-26 20:05:44,057][INFO|community_auth_service.py-start:465] >> [community] 연결 요청을 만들었습니다(pc).
[2026-09-26 20:05:44,102][INFO|community_auth_service.py-_handle_code:663] >> [community] 로그인 결과를 받았습니다. 관리자 확인을 기다립니다.
[2026-09-26 20:05:44,109][INFO|community_auth_service.py-confirm:744] >> [community] 커뮤니티 계정을 이 서버에 연결했습니다.
[2026-09-26 20:05:44,163][INFO|_client.py-_send_single_request:1025] >> HTTP Request: POST http://testserver/api/v1/community/upload/run "HTTP/1.1 403 Forbidden"
[2026-09-26 20:05:44,176][INFO|_client.py-_send_single_request:1025] >> HTTP Request: POST http://testserver/api/v1/community/upload/run "HTTP/1.1 403 Forbidden"
[2026-09-26 20:05:44,191][INFO|_client.py-_send_single_request:1025] >> HTTP Request: POST http://testserver/api/v1/community/upload/run "HTTP/1.1 200 OK"
[2026-09-26 20:05:44,199][INFO|_client.py-_send_single_request:1025] >> HTTP Request: POST http://testserver/api/v1/community/rebuild/start "HTTP/1.1 403 Forbidden"
./usr/lib/python3.14/weakref.py:335: ResourceWarning: unclosed database in <sqlite3.Connection object at 0x7eb49c8163e0>
  self.data[ref(key, self._remove)] = value
ResourceWarning: Enable tracemalloc to get the object allocation traceback
/usr/lib/python3.14/weakref.py:335: ResourceWarning: unclosed database in <sqlite3.Connection object at 0x7eb49c693790>
  self.data[ref(key, self._remove)] = value
ResourceWarning: Enable tracemalloc to get the object allocation traceback
[2026-09-26 20:05:44,815][INFO|_client.py-_send_single_request:1025] >> HTTP Request: POST http://testserver/login "HTTP/1.1 303 See Other"
[2026-09-26 20:05:44,821][INFO|_client.py-_send_single_request:1025] >> HTTP Request: GET http://testserver/onboarding/community "HTTP/1.1 200 OK"
[2026-09-26 20:05:44,826][INFO|_client.py-_send_single_request:1025] >> HTTP Request: GET http://testserver/onboarding/community "HTTP/1.1 200 OK"
[2026-09-26 20:05:44,895][INFO|_client.py-_send_single_request:1025] >> HTTP Request: POST http://testserver/settings/community/settings "HTTP/1.1 200 OK"
.[2026-09-26 20:05:45,320][INFO|_client.py-_send_single_request:1025] >> HTTP Request: POST http://testserver/login "HTTP/1.1 303 See Other"
[2026-09-26 20:05:45,326][INFO|_client.py-_send_single_request:1025] >> HTTP Request: GET http://testserver/onboarding/community "HTTP/1.1 200 OK"
[2026-09-26 20:05:45,330][INFO|_client.py-_send_single_request:1025] >> HTTP Request: DELETE http://testserver/file-browser/delete "HTTP/1.1 403 Forbidden"
[2026-09-26 20:05:45,333][INFO|_client.py-_send_single_request:1025] >> HTTP Request: GET http://testserver/ "HTTP/1.1 403 Forbidden"
[2026-09-26 20:05:45,336][INFO|_client.py-_send_single_request:1025] >> HTTP Request: GET http://testserver/api/v1/address "HTTP/1.1 403 Forbidden"
[2026-09-26 20:05:45,340][INFO|_client.py-_send_single_request:1025] >> HTTP Request: GET http://testserver/api/v1/community/upload/status "HTTP/1.1 403 Forbidden"
[2026-09-26 20:05:45,346][INFO|_client.py-_send_single_request:1025] >> HTTP Request: GET http://testserver/api/v1/crawl/config "HTTP/1.1 403 Forbidden"
[2026-09-26 20:05:45,350][INFO|_client.py-_send_single_request:1025] >> HTTP Request: GET http://testserver/api/v1/crawl/done "HTTP/1.1 403 Forbidden"
[2026-09-26 20:05:45,360][INFO|_client.py-_send_single_request:1025] >> HTTP Request: GET http://testserver/api/v1/crawl/done/ext "HTTP/1.1 403 Forbidden"
/home/better0101/projects/safetyreport/.venv/lib/python3.14/site-packages/sqlalchemy/sql/elements.py:1975: ResourceWarning: unclosed database in <sqlite3.Connection object at 0x7eb49c6f6200>
  def __init__(
ResourceWarning: Enable tracemalloc to get the object allocation traceback
[2026-09-26 20:05:45,372][INFO|_client.py-_send_single_request:1025] >> HTTP Request: GET http://testserver/api/v1/crawl/results "HTTP/1.1 403 Forbidden"
[2026-09-26 20:05:45,378][INFO|_client.py-_send_single_request:1025] >> HTTP Request: GET http://testserver/api/v1/crawl/status "HTTP/1.1 403 Forbidden"
[2026-09-26 20:05:45,381][INFO|_client.py-_send_single_request:1025] >> HTTP Request: GET http://testserver/api/v1/duplicates/groups "HTTP/1.1 403 Forbidden"
[2026-09-26 20:05:45,387][INFO|_client.py-_send_single_request:1025] >> HTTP Request: GET http://testserver/api/v1/editor/schema "HTTP/1.1 403 Forbidden"
[2026-09-26 20:05:45,392][INFO|_client.py-_send_single_request:1025] >> HTTP Request: GET http://testserver/api/v1/editor/category/record_id "HTTP/1.1 403 Forbidden"
[2026-09-26 20:05:45,396][INFO|_client.py-_send_single_request:1025] >> HTTP Request: GET http://testserver/api/v1/files "HTTP/1.1 403 Forbidden"
[2026-09-26 20:05:45,401][INFO|_client.py-_send_single_request:1025] >> HTTP Request: GET http://testserver/api/v1/files/download "HTTP/1.1 403 Forbidden"
[2026-09-26 20:05:45,406][INFO|_client.py-_send_single_request:1025] >> HTTP Request: GET http://testserver/api/v1/maintenance/status "HTTP/1.1 403 Forbidden"
[2026-09-26 20:05:45,409][INFO|_client.py-_send_single_request:1025] >> HTTP Request: GET http://testserver/api/v1/reports/category "HTTP/1.1 403 Forbidden"
[2026-09-26 20:05:45,415][INFO|_client.py-_send_single_request:1025] >> HTTP Request: GET http://testserver/api/v1/server/version "HTTP/1.1 403 Forbidden"
[2026-09-26 20:05:45,422][INFO|_client.py-_send_single_request:1025] >> HTTP Request: GET http://testserver/api/v1/settings/db "HTTP/1.1 403 Forbidden"
[2026-09-26 20:05:45,429][INFO|_client.py-_send_single_request:1025] >> HTTP Request: GET http://testserver/api/v1/stats "HTTP/1.1 403 Forbidden"
[2026-09-26 20:05:45,433][INFO|_client.py-_send_single_request:1025] >> HTTP Request: GET http://testserver/api/v1/stats/map "HTTP/1.1 403 Forbidden"
[2026-09-26 20:05:45,437][INFO|_client.py-_send_single_request:1025] >> HTTP Request: GET http://testserver/api/v1/stats/map/missing "HTTP/1.1 403 Forbidden"
[2026-09-26 20:05:45,441][INFO|_client.py-_send_single_request:1025] >> HTTP Request: GET http://testserver/api/v1/stats/map/progress "HTTP/1.1 403 Forbidden"
[2026-09-26 20:05:45,444][INFO|_client.py-_send_single_request:1025] >> HTTP Request: GET http://testserver/api/v1/stats/overview "HTTP/1.1 403 Forbidden"
[2026-09-26 20:05:45,448][INFO|_client.py-_send_single_request:1025] >> HTTP Request: GET http://testserver/api/v1/summary "HTTP/1.1 403 Forbidden"
[2026-09-26 20:05:45,451][INFO|_client.py-_send_single_request:1025] >> HTTP Request: GET http://testserver/api/v1/sunwi/payload "HTTP/1.1 403 Forbidden"
[2026-09-26 20:05:45,455][INFO|_client.py-_send_single_request:1025] >> HTTP Request: GET http://testserver/api/v1/vehicle/vehicle_number "HTTP/1.1 403 Forbidden"
[2026-09-26 20:05:45,460][INFO|_client.py-_send_single_request:1025] >> HTTP Request: GET http://testserver/api/v1/watchlist "HTTP/1.1 403 Forbidden"
[2026-09-26 20:05:45,464][INFO|_client.py-_send_single_request:1025] >> HTTP Request: GET http://testserver/backup "HTTP/1.1 403 Forbidden"
[2026-09-26 20:05:45,467][INFO|_client.py-_send_single_request:1025] >> HTTP Request: GET http://testserver/backup/download "HTTP/1.1 403 Forbidden"
[2026-09-26 20:05:45,470][INFO|_client.py-_send_single_request:1025] >> HTTP Request: GET http://testserver/community/upload/status "HTTP/1.1 403 Forbidden"
[2026-09-26 20:05:45,473][INFO|_client.py-_send_single_request:1025] >> HTTP Request: GET http://testserver/crawl/ "HTTP/1.1 403 Forbidden"
[2026-09-26 20:05:45,477][INFO|_client.py-_send_single_request:1025] >> HTTP Request: GET http://testserver/data/all "HTTP/1.1 403 Forbidden"
[2026-09-26 20:05:45,480][INFO|_client.py-_send_single_request:1025] >> HTTP Request: GET http://testserver/data/duplicates "HTTP/1.1 403 Forbidden"
[2026-09-26 20:05:45,483][INFO|_client.py-_send_single_request:1025] >> HTTP Request: GET http://testserver/data/other "HTTP/1.1 403 Forbidden"
[2026-09-26 20:05:45,487][INFO|_client.py-_send_single_request:1025] >> HTTP Request: GET http://testserver/data/parking "HTTP/1.1 403 Forbidden"
[2026-09-26 20:05:45,491][INFO|_client.py-_send_single_request:1025] >> HTTP Request: GET http://testserver/data/traffic "HTTP/1.1 403 Forbidden"
[2026-09-26 20:05:45,494][INFO|_client.py-_send_single_request:1025] >> HTTP Request: GET http://testserver/db-editor "HTTP/1.1 403 Forbidden"
[2026-09-26 20:05:45,497][INFO|_client.py-_send_single_request:1025] >> HTTP Request: GET http://testserver/db-editor/category/record_id "HTTP/1.1 403 Forbidden"
[2026-09-26 20:05:45,501][INFO|_client.py-_send_single_request:1025] >> HTTP Request: GET http://testserver/devices/ "HTTP/1.1 403 Forbidden"
[2026-09-26 20:05:45,503][INFO|_client.py-_send_single_request:1025] >> HTTP Request: GET http://testserver/devices/connected-clients "HTTP/1.1 403 Forbidden"
[2026-09-26 20:05:45,506][INFO|_client.py-_send_single_request:1025] >> HTTP Request: GET http://testserver/duplicates/manage "HTTP/1.1 403 Forbidden"
[2026-09-26 20:05:45,509][INFO|_client.py-_send_single_request:1025] >> HTTP Request: GET http://testserver/file-browser "HTTP/1.1 403 Forbidden"
[2026-09-26 20:05:45,513][INFO|_client.py-_send_single_request:1025] >> HTTP Request: GET http://testserver/file-browser/download "HTTP/1.1 403 Forbidden"
[2026-09-26 20:05:45,516][INFO|_client.py-_send_single_request:1025] >> HTTP Request: GET http://testserver/maintenance/status "HTTP/1.1 403 Forbidden"
[2026-09-26 20:05:45,520][INFO|_client.py-_send_single_request:1025] >> HTTP Request: GET http://testserver/media/proxy "HTTP/1.1 403 Forbidden"
[2026-09-26 20:05:45,524][INFO|_client.py-_send_single_request:1025] >> HTTP Request: GET http://testserver/media/status "HTTP/1.1 403 Forbidden"
[2026-09-26 20:05:45,527][INFO|_client.py-_send_single_request:1025] >> HTTP Request: GET http://testserver/rating/ "HTTP/1.1 403 Forbidden"
[2026-09-26 20:05:45,529][INFO|_client.py-_send_single_request:1025] >> HTTP Request: GET http://testserver/settings/ "HTTP/1.1 403 Forbidden"
[2026-09-26 20:05:45,532][INFO|_client.py-_send_single_request:1025] >> HTTP Request: GET http://testserver/settings/admin "HTTP/1.1 403 Forbidden"
[2026-09-26 20:05:45,536][INFO|_client.py-_send_single_request:1025] >> HTTP Request: GET http://testserver/stats "HTTP/1.1 403 Forbidden"
[2026-09-26 20:05:45,544][INFO|_client.py-_send_single_request:1025] >> HTTP Request: GET http://testserver/stats/map "HTTP/1.1 403 Forbidden"
[2026-09-26 20:05:45,547][INFO|_client.py-_send_single_request:1025] >> HTTP Request: GET http://testserver/stats/map/missing "HTTP/1.1 403 Forbidden"
[2026-09-26 20:05:45,554][INFO|_client.py-_send_single_request:1025] >> HTTP Request: GET http://testserver/stats/map/progress "HTTP/1.1 403 Forbidden"
[2026-09-26 20:05:45,557][INFO|_client.py-_send_single_request:1025] >> HTTP Request: GET http://testserver/sunwi/download/all "HTTP/1.1 403 Forbidden"
[2026-09-26 20:05:45,561][INFO|_client.py-_send_single_request:1025] >> HTTP Request: GET http://testserver/sunwi/download/top5 "HTTP/1.1 403 Forbidden"
[2026-09-26 20:05:45,564][INFO|_client.py-_send_single_request:1025] >> HTTP Request: GET http://testserver/sunwi/payload "HTTP/1.1 403 Forbidden"
[2026-09-26 20:05:45,567][INFO|_client.py-_send_single_request:1025] >> HTTP Request: GET http://testserver/version/latest "HTTP/1.1 403 Forbidden"
[2026-09-26 20:05:45,570][INFO|_client.py-_send_single_request:1025] >> HTTP Request: GET http://testserver/watchlist/ "HTTP/1.1 403 Forbidden"
[2026-09-26 20:05:45,574][INFO|_client.py-_send_single_request:1025] >> HTTP Request: POST http://testserver/api/v1/community/upload/run "HTTP/1.1 403 Forbidden"
[2026-09-26 20:05:45,578][INFO|_client.py-_send_single_request:1025] >> HTTP Request: POST http://testserver/api/v1/crawl/enqueue "HTTP/1.1 403 Forbidden"
[2026-09-26 20:05:45,585][INFO|_client.py-_send_single_request:1025] >> HTTP Request: POST http://testserver/api/v1/crawl/kill "HTTP/1.1 403 Forbidden"
[2026-09-26 20:05:45,594][INFO|_client.py-_send_single_request:1025] >> HTTP Request: POST http://testserver/api/v1/crawl/resume "HTTP/1.1 403 Forbidden"
[2026-09-26 20:05:45,598][INFO|_client.py-_send_single_request:1025] >> HTTP Request: POST http://testserver/api/v1/crawl/start "HTTP/1.1 403 Forbidden"
[2026-09-26 20:05:45,602][INFO|_client.py-_send_single_request:1025] >> HTTP Request: POST http://testserver/api/v1/duplicates/groups/bulk-status "HTTP/1.1 403 Forbidden"
[2026-09-26 20:05:45,606][INFO|_client.py-_send_single_request:1025] >> HTTP Request: POST http://testserver/api/v1/duplicates/groups/group_id "HTTP/1.1 403 Forbidden"
[2026-09-26 20:05:45,610][INFO|_client.py-_send_single_request:1025] >> HTTP Request: POST http://testserver/api/v1/editor/category/record_id "HTTP/1.1 403 Forbidden"
[2026-09-26 20:05:45,613][INFO|_client.py-_send_single_request:1025] >> HTTP Request: POST http://testserver/api/v1/files/delete-multi "HTTP/1.1 403 Forbidden"
[2026-09-26 20:05:45,617][INFO|_client.py-_send_single_request:1025] >> HTTP Request: POST http://testserver/api/v1/files/download-multi "HTTP/1.1 403 Forbidden"
[2026-09-26 20:05:45,621][INFO|_client.py-_send_single_request:1025] >> HTTP Request: POST http://testserver/api/v1/rating/start "HTTP/1.1 403 Forbidden"
[2026-09-26 20:05:45,628][INFO|_client.py-_send_single_request:1025] >> HTTP Request: POST http://testserver/api/v1/settings "HTTP/1.1 403 Forbidden"
[2026-09-26 20:05:45,632][INFO|_client.py-_send_single_request:1025] >> HTTP Request: POST http://testserver/api/v1/settings/db/upload "HTTP/1.1 403 Forbidden"
[2026-09-26 20:05:45,635][INFO|_client.py-_send_single_request:1025] >> HTTP Request: POST http://testserver/api/v1/sunwi/export/kind "HTTP/1.1 403 Forbidden"
[2026-09-26 20:05:45,640][INFO|_client.py-_send_single_request:1025] >> HTTP Request: POST http://testserver/api/v1/watchlist "HTTP/1.1 403 Forbidden"
[2026-09-26 20:05:45,643][INFO|_client.py-_send_single_request:1025] >> HTTP Request: POST http://testserver/backup/upload "HTTP/1.1 403 Forbidden"
[2026-09-26 20:05:45,646][INFO|_client.py-_send_single_request:1025] >> HTTP Request: POST http://testserver/change-admin "HTTP/1.1 403 Forbidden"
[2026-09-26 20:05:45,649][INFO|_client.py-_send_single_request:1025] >> HTTP Request: POST http://testserver/community/upload/reshare "HTTP/1.1 403 Forbidden"
[2026-09-26 20:05:45,656][INFO|_client.py-_send_single_request:1025] >> HTTP Request: POST http://testserver/community/upload/run "HTTP/1.1 403 Forbidden"
[2026-09-26 20:05:45,665][INFO|_client.py-_send_single_request:1025] >> HTTP Request: POST http://testserver/crawl/enqueue-selected "HTTP/1.1 403 Forbidden"
[2026-09-26 20:05:45,668][INFO|_client.py-_send_single_request:1025] >> HTTP Request: POST http://testserver/crawl/export/excel "HTTP/1.1 403 Forbidden"
[2026-09-26 20:05:45,671][INFO|_client.py-_send_single_request:1025] >> HTTP Request: POST http://testserver/crawl/export/sheet "HTTP/1.1 403 Forbidden"
[2026-09-26 20:05:45,674][INFO|_client.py-_send_single_request:1025] >> HTTP Request: POST http://testserver/crawl/kill "HTTP/1.1 403 Forbidden"
[2026-09-26 20:05:45,677][INFO|_client.py-_send_single_request:1025] >> HTTP Request: POST http://testserver/crawl/start "HTTP/1.1 403 Forbidden"
[2026-09-26 20:05:45,679][INFO|_client.py-_send_single_request:1025] >> HTTP Request: POST http://testserver/db-editor/category/record_id "HTTP/1.1 403 Forbidden"
[2026-09-26 20:05:45,683][INFO|_client.py-_send_single_request:1025] >> HTTP Request: POST http://testserver/devices/api-keys/create "HTTP/1.1 403 Forbidden"
[2026-09-26 20:05:45,691][INFO|_client.py-_send_single_request:1025] >> HTTP Request: POST http://testserver/devices/api-keys/delete "HTTP/1.1 403 Forbidden"
[2026-09-26 20:05:45,694][INFO|_client.py-_send_single_request:1025] >> HTTP Request: POST http://testserver/duplicates/manage/bulk-status "HTTP/1.1 403 Forbidden"
[2026-09-26 20:05:45,696][INFO|_client.py-_send_single_request:1025] >> HTTP Request: POST http://testserver/duplicates/manage/refresh "HTTP/1.1 403 Forbidden"
[2026-09-26 20:05:45,702][INFO|_client.py-_send_single_request:1025] >> HTTP Request: POST http://testserver/duplicates/manage/group_id/update "HTTP/1.1 403 Forbidden"
[2026-09-26 20:05:45,706][INFO|_client.py-_send_single_request:1025] >> HTTP Request: POST http://testserver/file-browser/delete-all "HTTP/1.1 403 Forbidden"
[2026-09-26 20:05:45,709][INFO|_client.py-_send_single_request:1025] >> HTTP Request: POST http://testserver/file-browser/delete-multi "HTTP/1.1 403 Forbidden"
[2026-09-26 20:05:45,712][INFO|_client.py-_send_single_request:1025] >> HTTP Request: POST http://testserver/file-browser/download-multi "HTTP/1.1 403 Forbidden"
[2026-09-26 20:05:45,715][INFO|_client.py-_send_single_request:1025] >> HTTP Request: POST http://testserver/media/prepare "HTTP/1.1 403 Forbidden"
[2026-09-26 20:05:45,718][INFO|_client.py-_send_single_request:1025] >> HTTP Request: POST http://testserver/rating/start "HTTP/1.1 403 Forbidden"
[2026-09-26 20:05:45,720][INFO|_client.py-_send_single_request:1025] >> HTTP Request: POST http://testserver/settings/community/rebuild/accept-gaps "HTTP/1.1 403 Forbidden"
[2026-09-26 20:05:45,727][INFO|_client.py-_send_single_request:1025] >> HTTP Request: POST http://testserver/settings/save "HTTP/1.1 403 Forbidden"
[2026-09-26 20:05:45,739][INFO|_client.py-_send_single_request:1025] >> HTTP Request: POST http://testserver/settings/upload_json "HTTP/1.1 403 Forbidden"
[2026-09-26 20:05:45,743][INFO|_client.py-_send_single_request:1025] >> HTTP Request: POST http://testserver/watchlist/add "HTTP/1.1 403 Forbidden"
[2026-09-26 20:05:45,746][INFO|_client.py-_send_single_request:1025] >> HTTP Request: POST http://testserver/watchlist/remove "HTTP/1.1 403 Forbidden"
..[2026-09-26 20:05:46,830][INFO|_client.py-_send_single_request:1025] >> HTTP Request: POST http://testserver/login "HTTP/1.1 303 See Other"
[2026-09-26 20:05:46,836][INFO|_client.py-_send_single_request:1025] >> HTTP Request: GET http://testserver/onboarding/community "HTTP/1.1 200 OK"
[2026-09-26 20:05:46,839][INFO|_client.py-_send_single_request:1025] >> HTTP Request: GET http://testserver/stats?law=all "HTTP/1.1 302 Found"
[2026-09-26 20:05:46,843][INFO|_client.py-_send_single_request:1025] >> HTTP Request: GET http://testserver/settings/ "HTTP/1.1 403 Forbidden"
[2026-09-26 20:05:46,846][INFO|_client.py-_send_single_request:1025] >> HTTP Request: POST http://testserver/crawl/start "HTTP/1.1 403 Forbidden"
[2026-09-26 20:05:46,851][INFO|_client.py-_send_single_request:1025] >> HTTP Request: GET http://testserver/onboarding/community "HTTP/1.1 200 OK"
[2026-09-26 20:05:46,856][INFO|_client.py-_send_single_request:1025] >> HTTP Request: GET http://testserver/settings/community/status "HTTP/1.1 200 OK"
[2026-09-26 20:05:46,865][INFO|_client.py-_send_single_request:1025] >> HTTP Request: GET http://testserver/settings/community/policy "HTTP/1.1 200 OK"
[2026-09-26 20:05:46,906][INFO|_client.py-_send_single_request:1025] >> HTTP Request: GET http://testserver/settings/community/gate "HTTP/1.1 200 OK"
[2026-09-26 20:05:46,911][INFO|_client.py-_send_single_request:1025] >> HTTP Request: GET http://testserver/health "HTTP/1.1 200 OK"
[2026-09-26 20:05:46,917][INFO|_client.py-_send_single_request:1025] >> HTTP Request: GET http://testserver/settings/community/policy "HTTP/1.1 200 OK"
.[2026-09-26 20:05:47,327][INFO|_client.py-_send_single_request:1025] >> HTTP Request: POST http://testserver/login "HTTP/1.1 303 See Other"
[2026-09-26 20:05:47,333][INFO|_client.py-_send_single_request:1025] >> HTTP Request: GET http://testserver/onboarding/community "HTTP/1.1 200 OK"
[2026-09-26 20:05:47,354][INFO|community_auth_service.py-start:465] >> [community] 연결 요청을 만들었습니다(pc).
[2026-09-26 20:05:47,369][INFO|community_auth_service.py-_handle_code:663] >> [community] 로그인 결과를 받았습니다. 관리자 확인을 기다립니다.
[2026-09-26 20:05:47,383][INFO|community_auth_service.py-confirm:744] >> [community] 커뮤니티 계정을 이 서버에 연결했습니다.
/home/better0101/projects/safetyreport/.venv/lib/python3.14/site-packages/starlette/_exception_handler.py:31: ResourceWarning: unclosed database in <sqlite3.Connection object at 0x7eb49c4b0c70>
  async def wrapped_app(scope: Scope, receive: Receive, send: Send) -> None:
ResourceWarning: Enable tracemalloc to get the object allocation traceback
[2026-09-26 20:05:47,484][INFO|_client.py-_send_single_request:1025] >> HTTP Request: GET http://testserver/settings/ "HTTP/1.1 200 OK"
[2026-09-26 20:05:47,495][INFO|community_auth_service.py-disconnect:826] >> [community] 커뮤니티 계정 연결을 해제했습니다(서버 로그아웃 확인: True).
[2026-09-26 20:05:47,498][INFO|_client.py-_send_single_request:1025] >> HTTP Request: POST http://testserver/settings/community/disconnect "HTTP/1.1 200 OK"
[2026-09-26 20:05:47,501][INFO|_client.py-_send_single_request:1025] >> HTTP Request: GET http://testserver/settings/ "HTTP/1.1 302 Found"
.[2026-09-26 20:05:48,001][INFO|_client.py-_send_single_request:1025] >> HTTP Request: GET http://testserver/media/proxy?url=https://example.invalid/a.jpg "HTTP/1.1 401 Unauthorized"
[2026-09-26 20:05:48,005][INFO|_client.py-_send_single_request:1025] >> HTTP Request: GET http://testserver/media/proxy?url=https://example.invalid/a.jpg "HTTP/1.1 403 Forbidden"
..[2026-09-26 20:05:49,126][INFO|_client.py-_send_single_request:1025] >> HTTP Request: POST http://testserver/login "HTTP/1.1 303 See Other"
[2026-09-26 20:05:49,133][INFO|_client.py-_send_single_request:1025] >> HTTP Request: GET http://testserver/onboarding/community "HTTP/1.1 200 OK"
[2026-09-26 20:05:49,153][INFO|community_auth_service.py-start:465] >> [community] 연결 요청을 만들었습니다(pc).
[2026-09-26 20:05:49,191][INFO|community_auth_service.py-_handle_code:663] >> [community] 로그인 결과를 받았습니다. 관리자 확인을 기다립니다.
[2026-09-26 20:05:49,202][INFO|community_auth_service.py-confirm:744] >> [community] 커뮤니티 계정을 이 서버에 연결했습니다.
/home/better0101/projects/safetyreport/.venv/lib/python3.14/site-packages/anyio/_backends/_asyncio.py:713: ResourceWarning: unclosed database in <sqlite3.Connection object at 0x7eb49c4b1a80>
  @shield.setter
ResourceWarning: Enable tracemalloc to get the object allocation traceback
/home/better0101/projects/safetyreport/.venv/lib/python3.14/site-packages/anyio/_backends/_asyncio.py:713: ResourceWarning: unclosed database in <sqlite3.Connection object at 0x7eb49c4b2020>
  @shield.setter
ResourceWarning: Enable tracemalloc to get the object allocation traceback
[2026-09-26 20:05:49,271][INFO|_client.py-_send_single_request:1025] >> HTTP Request: POST http://testserver/crawl/start "HTTP/1.1 409 Conflict"
[2026-09-26 20:05:49,284][INFO|_client.py-_send_single_request:1025] >> HTTP Request: POST http://testserver/api/v1/crawl/enqueue "HTTP/1.1 409 Conflict"
[2026-09-26 20:05:49,289][INFO|_client.py-_send_single_request:1025] >> HTTP Request: POST http://testserver/crawl/start "HTTP/1.1 200 OK"
[2026-09-26 20:05:49,302][INFO|_client.py-_send_single_request:1025] >> HTTP Request: POST http://testserver/crawl/start "HTTP/1.1 403 Forbidden"
.[2026-09-26 20:05:49,936][INFO|_client.py-_send_single_request:1025] >> HTTP Request: POST http://testserver/login "HTTP/1.1 303 See Other"
/usr/lib/python3.14/contextlib.py:141: ResourceWarning: unclosed database in <sqlite3.Connection object at 0x7eb49c691d50>
  return next(self.gen)
ResourceWarning: Enable tracemalloc to get the object allocation traceback
/usr/lib/python3.14/contextlib.py:141: ResourceWarning: unclosed database in <sqlite3.Connection object at 0x7eb49c6f63e0>
  return next(self.gen)
ResourceWarning: Enable tracemalloc to get the object allocation traceback
[2026-09-26 20:05:49,947][INFO|_client.py-_send_single_request:1025] >> HTTP Request: GET http://testserver/onboarding/community "HTTP/1.1 200 OK"
[2026-09-26 20:05:49,959][INFO|community_auth_service.py-start:465] >> [community] 연결 요청을 만들었습니다(pc).
[2026-09-26 20:05:49,997][INFO|community_auth_service.py-_handle_code:663] >> [community] 로그인 결과를 받았습니다. 관리자 확인을 기다립니다.
[2026-09-26 20:05:50,016][INFO|community_auth_service.py-confirm:744] >> [community] 커뮤니티 계정을 이 서버에 연결했습니다.
[2026-09-26 20:05:50,066][INFO|_client.py-_send_single_request:1025] >> HTTP Request: POST http://testserver/settings/community/confirm "HTTP/1.1 200 OK"
[2026-09-26 20:05:50,071][INFO|_client.py-_send_single_request:1025] >> HTTP Request: POST http://testserver/settings/community/consent "HTTP/1.1 400 Bad Request"
[2026-09-26 20:05:50,076][INFO|_client.py-_send_single_request:1025] >> HTTP Request: POST http://testserver/settings/community/consent "HTTP/1.1 400 Bad Request"
[2026-09-26 20:05:50,081][INFO|_client.py-_send_single_request:1025] >> HTTP Request: POST http://testserver/settings/community/consent "HTTP/1.1 403 Forbidden"
[2026-09-26 20:05:50,100][INFO|_client.py-_send_single_request:1025] >> HTTP Request: POST http://testserver/settings/community/consent "HTTP/1.1 200 OK"
/home/better0101/projects/safetyreport/.venv/lib/python3.14/site-packages/jinja2/parser.py:560: ResourceWarning: unclosed database in <sqlite3.Connection object at 0x7eb4cea35d50>
  def parse_compare(self) -> nodes.Expr:
ResourceWarning: Enable tracemalloc to get the object allocation traceback
/home/better0101/projects/safetyreport/.venv/lib/python3.14/site-packages/jinja2/parser.py:560: ResourceWarning: unclosed database in <sqlite3.Connection object at 0x7eb49c8a6f20>
  def parse_compare(self) -> nodes.Expr:
ResourceWarning: Enable tracemalloc to get the object allocation traceback
/home/better0101/projects/safetyreport/.venv/lib/python3.14/site-packages/jinja2/parser.py:560: ResourceWarning: unclosed database in <sqlite3.Connection object at 0x7eb49c4b2980>
  def parse_compare(self) -> nodes.Expr:
ResourceWarning: Enable tracemalloc to get the object allocation traceback
/home/better0101/projects/safetyreport/.venv/lib/python3.14/site-packages/jinja2/parser.py:560: ResourceWarning: unclosed database in <sqlite3.Connection object at 0x7eb49c4b0310>
  def parse_compare(self) -> nodes.Expr:
ResourceWarning: Enable tracemalloc to get the object allocation traceback
/home/better0101/projects/safetyreport/.venv/lib/python3.14/site-packages/jinja2/parser.py:560: ResourceWarning: unclosed database in <sqlite3.Connection object at 0x7eb49c6f4d60>
  def parse_compare(self) -> nodes.Expr:
ResourceWarning: Enable tracemalloc to get the object allocation traceback
/home/better0101/projects/safetyreport/.venv/lib/python3.14/site-packages/jinja2/parser.py:560: ResourceWarning: unclosed database in <sqlite3.Connection object at 0x7eb49c375030>
  def parse_compare(self) -> nodes.Expr:
ResourceWarning: Enable tracemalloc to get the object allocation traceback
[2026-09-26 20:05:50,152][INFO|_client.py-_send_single_request:1025] >> HTTP Request: GET http://testserver/settings/ "HTTP/1.1 200 OK"
[2026-09-26 20:05:50,171][INFO|_client.py-_send_single_request:1025] >> HTTP Request: GET http://testserver/api/v1/summary "HTTP/1.1 200 OK"
[2026-09-26 20:05:50,192][INFO|_client.py-_send_single_request:1025] >> HTTP Request: POST http://testserver/settings/community/consent-revoke "HTTP/1.1 200 OK"
[2026-09-26 20:05:50,197][INFO|_client.py-_send_single_request:1025] >> HTTP Request: GET http://testserver/settings/ "HTTP/1.1 302 Found"
.[2026-09-26 20:05:50,842][INFO|_client.py-_send_single_request:1025] >> HTTP Request: POST http://testserver/login "HTTP/1.1 303 See Other"
[2026-09-26 20:05:50,848][INFO|_client.py-_send_single_request:1025] >> HTTP Request: GET http://testserver/onboarding/community "HTTP/1.1 200 OK"
.[2026-09-26 20:05:51,219][INFO|community_auth_service.py-start:465] >> [community] 연결 요청을 만들었습니다(pc).
[2026-09-26 20:05:51,240][INFO|community_auth_service.py-_handle_code:663] >> [community] 로그인 결과를 받았습니다. 관리자 확인을 기다립니다.
[2026-09-26 20:05:51,252][INFO|community_auth_service.py-confirm:744] >> [community] 커뮤니티 계정을 이 서버에 연결했습니다.
.[2026-09-26 20:05:51,820][INFO|community_auth_service.py-start:465] >> [community] 연결 요청을 만들었습니다(pc).
[2026-09-26 20:05:51,860][INFO|community_auth_service.py-_handle_code:663] >> [community] 로그인 결과를 받았습니다. 관리자 확인을 기다립니다.
[2026-09-26 20:05:51,874][INFO|community_auth_service.py-confirm:744] >> [community] 커뮤니티 계정을 이 서버에 연결했습니다.
.[2026-09-26 20:05:52,442][INFO|community_auth_service.py-start:465] >> [community] 연결 요청을 만들었습니다(pc).
[2026-09-26 20:05:52,460][INFO|community_auth_service.py-_handle_code:663] >> [community] 로그인 결과를 받았습니다. 관리자 확인을 기다립니다.
[2026-09-26 20:05:52,468][INFO|community_auth_service.py-confirm:744] >> [community] 커뮤니티 계정을 이 서버에 연결했습니다.
.[2026-09-26 20:05:53,033][INFO|community_auth_service.py-start:465] >> [community] 연결 요청을 만들었습니다(pc).
[2026-09-26 20:05:53,057][INFO|community_auth_service.py-_handle_code:663] >> [community] 로그인 결과를 받았습니다. 관리자 확인을 기다립니다.
[2026-09-26 20:05:53,064][INFO|community_auth_service.py-confirm:744] >> [community] 커뮤니티 계정을 이 서버에 연결했습니다.
.[2026-09-26 20:05:53,586][INFO|community_auth_service.py-start:465] >> [community] 연결 요청을 만들었습니다(pc).
[2026-09-26 20:05:53,599][INFO|community_auth_service.py-_handle_code:663] >> [community] 로그인 결과를 받았습니다. 관리자 확인을 기다립니다.
[2026-09-26 20:05:53,611][INFO|community_auth_service.py-confirm:744] >> [community] 커뮤니티 계정을 이 서버에 연결했습니다.
[2026-09-26 20:05:53,668][INFO|community_auth_service.py-disconnect:826] >> [community] 커뮤니티 계정 연결을 해제했습니다(서버 로그아웃 확인: True).
[2026-09-26 20:05:53,676][INFO|community_auth_service.py-start:465] >> [community] 연결 요청을 만들었습니다(pc).
[2026-09-26 20:05:53,712][INFO|community_auth_service.py-_handle_code:663] >> [community] 로그인 결과를 받았습니다. 관리자 확인을 기다립니다.
[2026-09-26 20:05:53,725][INFO|community_auth_service.py-confirm:744] >> [community] 커뮤니티 계정을 이 서버에 연결했습니다.
.[2026-09-26 20:05:54,258][INFO|community_auth_service.py-start:465] >> [community] 연결 요청을 만들었습니다(pc).
[2026-09-26 20:05:54,279][INFO|community_auth_service.py-_handle_code:663] >> [community] 로그인 결과를 받았습니다. 관리자 확인을 기다립니다.
[2026-09-26 20:05:54,288][INFO|community_auth_service.py-confirm:744] >> [community] 커뮤니티 계정을 이 서버에 연결했습니다.
../home/better0101/projects/worktree/ci-20260926/safetyreport/audit-fix/services/community_auth_store.py:131: ResourceWarning: unclosed database in <sqlite3.Connection object at 0x7eb4cea35d50>
  def empty_state() -> dict:
ResourceWarning: Enable tracemalloc to get the object allocation traceback
/home/better0101/projects/worktree/ci-20260926/safetyreport/audit-fix/services/community_auth_store.py:131: ResourceWarning: unclosed database in <sqlite3.Connection object at 0x7eb49c4b2d40>
  def empty_state() -> dict:
ResourceWarning: Enable tracemalloc to get the object allocation traceback
/home/better0101/projects/worktree/ci-20260926/safetyreport/audit-fix/services/community_auth_store.py:131: ResourceWarning: unclosed database in <sqlite3.Connection object at 0x7eb49c4b2e30>
  def empty_state() -> dict:
ResourceWarning: Enable tracemalloc to get the object allocation traceback
/home/better0101/projects/worktree/ci-20260926/safetyreport/audit-fix/services/community_auth_store.py:131: ResourceWarning: unclosed database in <sqlite3.Connection object at 0x7eb49c4b3880>
  def empty_state() -> dict:
ResourceWarning: Enable tracemalloc to get the object allocation traceback
/home/better0101/projects/worktree/ci-20260926/safetyreport/audit-fix/services/community_auth_store.py:131: ResourceWarning: unclosed database in <sqlite3.Connection object at 0x7eb49c4b3a60>
  def empty_state() -> dict:
ResourceWarning: Enable tracemalloc to get the object allocation traceback
/home/better0101/projects/worktree/ci-20260926/safetyreport/audit-fix/services/community_auth_store.py:131: ResourceWarning: unclosed database in <sqlite3.Connection object at 0x7eb49c4b0130>
  def empty_state() -> dict:
ResourceWarning: Enable tracemalloc to get the object allocation traceback
/home/better0101/projects/worktree/ci-20260926/safetyreport/audit-fix/services/community_auth_store.py:131: ResourceWarning: unclosed database in <sqlite3.Connection object at 0x7eb49c4b1b70>
  def empty_state() -> dict:
ResourceWarning: Enable tracemalloc to get the object allocation traceback
/home/better0101/projects/worktree/ci-20260926/safetyreport/audit-fix/services/community_auth_store.py:131: ResourceWarning: unclosed database in <sqlite3.Connection object at 0x7eb49c4b1300>
  def empty_state() -> dict:
ResourceWarning: Enable tracemalloc to get the object allocation traceback
/home/better0101/projects/worktree/ci-20260926/safetyreport/audit-fix/services/community_auth_store.py:131: ResourceWarning: unclosed database in <sqlite3.Connection object at 0x7eb49c4b0040>
  def empty_state() -> dict:
ResourceWarning: Enable tracemalloc to get the object allocation traceback
[2026-09-26 20:05:55,378][INFO|community_auth_service.py-start:465] >> [community] 연결 요청을 만들었습니다(pc).
[2026-09-26 20:05:55,414][INFO|community_auth_service.py-_handle_code:663] >> [community] 로그인 결과를 받았습니다. 관리자 확인을 기다립니다.
[2026-09-26 20:05:55,427][INFO|community_auth_service.py-confirm:744] >> [community] 커뮤니티 계정을 이 서버에 연결했습니다.
.[2026-09-26 20:05:55,952][INFO|community_auth_service.py-start:465] >> [community] 연결 요청을 만들었습니다(pc).
[2026-09-26 20:05:55,993][INFO|community_auth_service.py-_handle_code:663] >> [community] 로그인 결과를 받았습니다. 관리자 확인을 기다립니다.
[2026-09-26 20:05:56,013][INFO|community_auth_service.py-confirm:744] >> [community] 커뮤니티 계정을 이 서버에 연결했습니다.
.[2026-09-26 20:05:56,587][INFO|community_auth_service.py-start:465] >> [community] 연결 요청을 만들었습니다(pc).
[2026-09-26 20:05:56,626][INFO|community_auth_service.py-_handle_code:663] >> [community] 로그인 결과를 받았습니다. 관리자 확인을 기다립니다.
[2026-09-26 20:05:56,637][INFO|community_auth_service.py-confirm:744] >> [community] 커뮤니티 계정을 이 서버에 연결했습니다.
[2026-09-26 20:05:56,699][INFO|community_auth_service.py-disconnect:826] >> [community] 커뮤니티 계정 연결을 해제했습니다(서버 로그아웃 확인: True).
[2026-09-26 20:05:56,709][INFO|community_auth_service.py-start:465] >> [community] 연결 요청을 만들었습니다(pc).
[2026-09-26 20:05:56,753][INFO|community_auth_service.py-_handle_code:663] >> [community] 로그인 결과를 받았습니다. 관리자 확인을 기다립니다.
[2026-09-26 20:05:56,757][INFO|community_auth_service.py-confirm:744] >> [community] 커뮤니티 계정을 이 서버에 연결했습니다.
.[2026-09-26 20:05:57,290][INFO|community_auth_service.py-start:465] >> [community] 연결 요청을 만들었습니다(pc).
[2026-09-26 20:05:57,328][INFO|community_auth_service.py-_handle_code:663] >> [community] 로그인 결과를 받았습니다. 관리자 확인을 기다립니다.
[2026-09-26 20:05:57,345][INFO|community_auth_service.py-confirm:744] >> [community] 커뮤니티 계정을 이 서버에 연결했습니다.
.[2026-09-26 20:05:57,927][INFO|community_auth_service.py-start:465] >> [community] 연결 요청을 만들었습니다(pc).
[2026-09-26 20:05:57,968][INFO|community_auth_service.py-_handle_code:663] >> [community] 로그인 결과를 받았습니다. 관리자 확인을 기다립니다.
[2026-09-26 20:05:57,983][INFO|community_auth_service.py-confirm:744] >> [community] 커뮤니티 계정을 이 서버에 연결했습니다.
.[2026-09-26 20:05:58,544][INFO|community_auth_service.py-start:465] >> [community] 연결 요청을 만들었습니다(pc).
[2026-09-26 20:05:58,580][INFO|community_auth_service.py-_handle_code:663] >> [community] 로그인 결과를 받았습니다. 관리자 확인을 기다립니다.
[2026-09-26 20:05:58,593][INFO|community_auth_service.py-confirm:744] >> [community] 커뮤니티 계정을 이 서버에 연결했습니다.
.[2026-09-26 20:05:59,115][INFO|community_auth_service.py-start:465] >> [community] 연결 요청을 만들었습니다(pc).
[2026-09-26 20:05:59,156][INFO|community_auth_service.py-_handle_code:663] >> [community] 로그인 결과를 받았습니다. 관리자 확인을 기다립니다.
[2026-09-26 20:05:59,166][INFO|community_auth_service.py-confirm:744] >> [community] 커뮤니티 계정을 이 서버에 연결했습니다.
..s...WARNING: COMMUNITY_SUPABASE_URL/COMMUNITY_PUBLISHABLE_KEY 없음 — 공개 설정을 번들하지 않습니다.
[2026-09-26 20:05:59,731][INFO|database.py-upgrade_schema:285] >> 테이블 'admin_users' 생성 중...
[2026-09-26 20:05:59,737][INFO|database.py-upgrade_schema:285] >> 테이블 'api_keys' 생성 중...
[2026-09-26 20:05:59,739][INFO|database.py-upgrade_schema:285] >> 테이블 'mysafety' 생성 중...
[2026-09-26 20:05:59,744][INFO|database.py-upgrade_schema:285] >> 테이블 'mysafety_change_cursor' 생성 중...
[2026-09-26 20:05:59,746][INFO|database.py-upgrade_schema:285] >> 테이블 'mysafety_change_log' 생성 중...
[2026-09-26 20:05:59,747][INFO|database.py-upgrade_schema:285] >> 테이블 'mysafety_duplicate_decision' 생성 중...
[2026-09-26 20:05:59,749][INFO|database.py-upgrade_schema:285] >> 테이블 'mysafety_duplicate_group' 생성 중...
[2026-09-26 20:05:59,751][INFO|database.py-upgrade_schema:285] >> 테이블 'mysafety_duplicate_member' 생성 중...
[2026-09-26 20:05:59,753][INFO|database.py-upgrade_schema:285] >> 테이블 'mysafety_entry_value' 생성 중...
[2026-09-26 20:05:59,754][INFO|database.py-upgrade_schema:285] >> 테이블 'mysafety_geocode_cache' 생성 중...
[2026-09-26 20:05:59,756][INFO|database.py-upgrade_schema:285] >> 테이블 'mysafety_raw_content' 생성 중...
[2026-09-26 20:05:59,758][INFO|database.py-upgrade_schema:285] >> 테이블 'mysafety_report_override' 생성 중...
[2026-09-26 20:05:59,759][INFO|database.py-upgrade_schema:285] >> 테이블 'mysafety_sync_meta' 생성 중...
[2026-09-26 20:05:59,761][INFO|database.py-upgrade_schema:285] >> 테이블 'mysafety_watchlist' 생성 중...
[2026-09-26 20:05:59,763][INFO|database.py-upgrade_schema:285] >> 테이블 'mysafetydetail_other' 생성 중...
[2026-09-26 20:05:59,764][INFO|database.py-upgrade_schema:285] >> 테이블 'mysafetydetail_parking' 생성 중...
[2026-09-26 20:05:59,769][INFO|database.py-upgrade_schema:285] >> 테이블 'mysafetydetail_traffic' 생성 중...
[2026-09-26 20:05:59,772][INFO|database.py-upgrade_schema:285] >> 테이블 'mysafetymerge_other' 생성 중...
[2026-09-26 20:05:59,778][INFO|database.py-upgrade_schema:285] >> 테이블 'mysafetymerge_parking' 생성 중...
[2026-09-26 20:05:59,781][INFO|database.py-upgrade_schema:285] >> 테이블 'mysafetymerge_traffic' 생성 중...
[2026-09-26 20:05:59,785][INFO|database.py-_apply_versioned_migrations:452] >> [schema] DB 스키마 버전 1 적용
[2026-09-26 20:05:59,791][INFO|database.py-_apply_versioned_migrations:452] >> [schema] DB 스키마 버전 2 적용
[2026-09-26 20:05:59,793][INFO|database.py-_apply_versioned_migrations:452] >> [schema] DB 스키마 버전 3 적용
[2026-09-26 20:05:59,805][INFO|database.py-_apply_versioned_migrations:452] >> [schema] DB 스키마 버전 4 적용
/home/better0101/projects/safetyreport/.venv/lib/python3.14/site-packages/sqlalchemy/util/langhelpers.py:382: ResourceWarning: unclosed database in <sqlite3.Connection object at 0x7eb49c817e20>
  list(co.co_varnames[:nargs]),
ResourceWarning: Enable tracemalloc to get the object allocation traceback
/home/better0101/projects/safetyreport/.venv/lib/python3.14/site-packages/sqlalchemy/util/langhelpers.py:382: ResourceWarning: unclosed database in <sqlite3.Connection object at 0x7eb49c8174c0>
  list(co.co_varnames[:nargs]),
ResourceWarning: Enable tracemalloc to get the object allocation traceback
/home/better0101/projects/safetyreport/.venv/lib/python3.14/site-packages/sqlalchemy/util/langhelpers.py:382: ResourceWarning: unclosed database in <sqlite3.Connection object at 0x7eb49c816980>
  list(co.co_varnames[:nargs]),
ResourceWarning: Enable tracemalloc to get the object allocation traceback
/home/better0101/projects/safetyreport/.venv/lib/python3.14/site-packages/sqlalchemy/util/langhelpers.py:382: ResourceWarning: unclosed database in <sqlite3.Connection object at 0x7eb49c4b1300>
  list(co.co_varnames[:nargs]),
ResourceWarning: Enable tracemalloc to get the object allocation traceback
/home/better0101/projects/safetyreport/.venv/lib/python3.14/site-packages/sqlalchemy/util/langhelpers.py:382: ResourceWarning: unclosed database in <sqlite3.Connection object at 0x7eb49c4b2b60>
  list(co.co_varnames[:nargs]),
ResourceWarning: Enable tracemalloc to get the object allocation traceback
/home/better0101/projects/safetyreport/.venv/lib/python3.14/site-packages/sqlalchemy/util/langhelpers.py:382: ResourceWarning: unclosed database in <sqlite3.Connection object at 0x7eb49c4b23e0>
  list(co.co_varnames[:nargs]),
ResourceWarning: Enable tracemalloc to get the object allocation traceback
[2026-09-26 20:05:59,842][INFO|duplicate_group_service.py-_log_info:53] >> [duplicate] payload exact 중복군 0개, 멤버 0건 재생성
.[2026-09-26 20:05:59,891][INFO|database.py-upgrade_schema:285] >> 테이블 'admin_users' 생성 중...
[2026-09-26 20:05:59,894][INFO|database.py-upgrade_schema:285] >> 테이블 'api_keys' 생성 중...
[2026-09-26 20:05:59,896][INFO|database.py-upgrade_schema:285] >> 테이블 'mysafety' 생성 중...
[2026-09-26 20:05:59,897][INFO|database.py-upgrade_schema:285] >> 테이블 'mysafety_change_cursor' 생성 중...
[2026-09-26 20:05:59,899][INFO|database.py-upgrade_schema:285] >> 테이블 'mysafety_change_log' 생성 중...
[2026-09-26 20:05:59,900][INFO|database.py-upgrade_schema:285] >> 테이블 'mysafety_duplicate_decision' 생성 중...
[2026-09-26 20:05:59,901][INFO|database.py-upgrade_schema:285] >> 테이블 'mysafety_duplicate_group' 생성 중...
[2026-09-26 20:05:59,903][INFO|database.py-upgrade_schema:285] >> 테이블 'mysafety_duplicate_member' 생성 중...
[2026-09-26 20:05:59,904][INFO|database.py-upgrade_schema:285] >> 테이블 'mysafety_entry_value' 생성 중...
[2026-09-26 20:05:59,905][INFO|database.py-upgrade_schema:285] >> 테이블 'mysafety_geocode_cache' 생성 중...
[2026-09-26 20:05:59,907][INFO|database.py-upgrade_schema:285] >> 테이블 'mysafety_raw_content' 생성 중...
[2026-09-26 20:05:59,912][INFO|database.py-upgrade_schema:285] >> 테이블 'mysafety_report_override' 생성 중...
[2026-09-26 20:05:59,914][INFO|database.py-upgrade_schema:285] >> 테이블 'mysafety_sync_meta' 생성 중...
[2026-09-26 20:05:59,916][INFO|database.py-upgrade_schema:285] >> 테이블 'mysafety_watchlist' 생성 중...
[2026-09-26 20:05:59,917][INFO|database.py-upgrade_schema:285] >> 테이블 'mysafetydetail_other' 생성 중...
[2026-09-26 20:05:59,919][INFO|database.py-upgrade_schema:285] >> 테이블 'mysafetydetail_parking' 생성 중...
[2026-09-26 20:05:59,921][INFO|database.py-upgrade_schema:285] >> 테이블 'mysafetydetail_traffic' 생성 중...
[2026-09-26 20:05:59,923][INFO|database.py-upgrade_schema:285] >> 테이블 'mysafetymerge_other' 생성 중...
[2026-09-26 20:05:59,925][INFO|database.py-upgrade_schema:285] >> 테이블 'mysafetymerge_parking' 생성 중...
[2026-09-26 20:05:59,927][INFO|database.py-upgrade_schema:285] >> 테이블 'mysafetymerge_traffic' 생성 중...
[2026-09-26 20:05:59,931][INFO|database.py-_apply_versioned_migrations:452] >> [schema] DB 스키마 버전 1 적용
[2026-09-26 20:05:59,936][INFO|database.py-_apply_versioned_migrations:452] >> [schema] DB 스키마 버전 2 적용
[2026-09-26 20:05:59,938][INFO|database.py-_apply_versioned_migrations:452] >> [schema] DB 스키마 버전 3 적용
[2026-09-26 20:05:59,953][INFO|database.py-_apply_versioned_migrations:452] >> [schema] DB 스키마 버전 4 적용
[2026-09-26 20:05:59,988][INFO|duplicate_group_service.py-_log_info:53] >> [duplicate] payload exact 중복군 0개, 멤버 0건 재생성
.[2026-09-26 20:06:00,000][INFO|database.py-upgrade_schema:285] >> 테이블 'admin_users' 생성 중...
[2026-09-26 20:06:00,006][INFO|database.py-upgrade_schema:285] >> 테이블 'api_keys' 생성 중...
[2026-09-26 20:06:00,008][INFO|database.py-upgrade_schema:285] >> 테이블 'mysafety' 생성 중...
[2026-09-26 20:06:00,009][INFO|database.py-upgrade_schema:285] >> 테이블 'mysafety_change_cursor' 생성 중...
[2026-09-26 20:06:00,011][INFO|database.py-upgrade_schema:285] >> 테이블 'mysafety_change_log' 생성 중...
[2026-09-26 20:06:00,013][INFO|database.py-upgrade_schema:285] >> 테이블 'mysafety_duplicate_decision' 생성 중...
[2026-09-26 20:06:00,015][INFO|database.py-upgrade_schema:285] >> 테이블 'mysafety_duplicate_group' 생성 중...
[2026-09-26 20:06:00,017][INFO|database.py-upgrade_schema:285] >> 테이블 'mysafety_duplicate_member' 생성 중...
[2026-09-26 20:06:00,019][INFO|database.py-upgrade_schema:285] >> 테이블 'mysafety_entry_value' 생성 중...
[2026-09-26 20:06:00,021][INFO|database.py-upgrade_schema:285] >> 테이블 'mysafety_geocode_cache' 생성 중...
[2026-09-26 20:06:00,023][INFO|database.py-upgrade_schema:285] >> 테이블 'mysafety_raw_content' 생성 중...
[2026-09-26 20:06:00,025][INFO|database.py-upgrade_schema:285] >> 테이블 'mysafety_report_override' 생성 중...
[2026-09-26 20:06:00,029][INFO|database.py-upgrade_schema:285] >> 테이블 'mysafety_sync_meta' 생성 중...
[2026-09-26 20:06:00,031][INFO|database.py-upgrade_schema:285] >> 테이블 'mysafety_watchlist' 생성 중...
[2026-09-26 20:06:00,036][INFO|database.py-upgrade_schema:285] >> 테이블 'mysafetydetail_other' 생성 중...
[2026-09-26 20:06:00,043][INFO|database.py-upgrade_schema:285] >> 테이블 'mysafetydetail_parking' 생성 중...
[2026-09-26 20:06:00,045][INFO|database.py-upgrade_schema:285] >> 테이블 'mysafetydetail_traffic' 생성 중...
[2026-09-26 20:06:00,049][INFO|database.py-upgrade_schema:285] >> 테이블 'mysafetymerge_other' 생성 중...
[2026-09-26 20:06:00,052][INFO|database.py-upgrade_schema:285] >> 테이블 'mysafetymerge_parking' 생성 중...
[2026-09-26 20:06:00,056][INFO|database.py-upgrade_schema:285] >> 테이블 'mysafetymerge_traffic' 생성 중...
[2026-09-26 20:06:00,065][INFO|database.py-_apply_versioned_migrations:452] >> [schema] DB 스키마 버전 1 적용
[2026-09-26 20:06:00,073][INFO|database.py-_apply_versioned_migrations:452] >> [schema] DB 스키마 버전 2 적용
[2026-09-26 20:06:00,076][INFO|database.py-_apply_versioned_migrations:452] >> [schema] DB 스키마 버전 3 적용
[2026-09-26 20:06:00,094][INFO|database.py-_apply_versioned_migrations:452] >> [schema] DB 스키마 버전 4 적용
[2026-09-26 20:06:00,121][INFO|duplicate_group_service.py-_log_info:53] >> [duplicate] payload exact 중복군 0개, 멤버 0건 재생성
.[2026-09-26 20:06:00,188][INFO|database.py-upgrade_schema:285] >> 테이블 'admin_users' 생성 중...
[2026-09-26 20:06:00,197][INFO|database.py-upgrade_schema:285] >> 테이블 'api_keys' 생성 중...
[2026-09-26 20:06:00,198][INFO|database.py-upgrade_schema:285] >> 테이블 'mysafety' 생성 중...
[2026-09-26 20:06:00,200][INFO|database.py-upgrade_schema:285] >> 테이블 'mysafety_change_cursor' 생성 중...
[2026-09-26 20:06:00,201][INFO|database.py-upgrade_schema:285] >> 테이블 'mysafety_change_log' 생성 중...
[2026-09-26 20:06:00,203][INFO|database.py-upgrade_schema:285] >> 테이블 'mysafety_duplicate_decision' 생성 중...
[2026-09-26 20:06:00,204][INFO|database.py-upgrade_schema:285] >> 테이블 'mysafety_duplicate_group' 생성 중...
[2026-09-26 20:06:00,206][INFO|database.py-upgrade_schema:285] >> 테이블 'mysafety_duplicate_member' 생성 중...
[2026-09-26 20:06:00,207][INFO|database.py-upgrade_schema:285] >> 테이블 'mysafety_entry_value' 생성 중...
[2026-09-26 20:06:00,209][INFO|database.py-upgrade_schema:285] >> 테이블 'mysafety_geocode_cache' 생성 중...
[2026-09-26 20:06:00,210][INFO|database.py-upgrade_schema:285] >> 테이블 'mysafety_raw_content' 생성 중...
[2026-09-26 20:06:00,212][INFO|database.py-upgrade_schema:285] >> 테이블 'mysafety_report_override' 생성 중...
[2026-09-26 20:06:00,213][INFO|database.py-upgrade_schema:285] >> 테이블 'mysafety_sync_meta' 생성 중...
[2026-09-26 20:06:00,215][INFO|database.py-upgrade_schema:285] >> 테이블 'mysafety_watchlist' 생성 중...
[2026-09-26 20:06:00,216][INFO|database.py-upgrade_schema:285] >> 테이블 'mysafetydetail_other' 생성 중...
[2026-09-26 20:06:00,222][INFO|database.py-upgrade_schema:285] >> 테이블 'mysafetydetail_parking' 생성 중...
[2026-09-26 20:06:00,225][INFO|database.py-upgrade_schema:285] >> 테이블 'mysafetydetail_traffic' 생성 중...
[2026-09-26 20:06:00,231][INFO|database.py-upgrade_schema:285] >> 테이블 'mysafetymerge_other' 생성 중...
[2026-09-26 20:06:00,235][INFO|database.py-upgrade_schema:285] >> 테이블 'mysafetymerge_parking' 생성 중...
[2026-09-26 20:06:00,238][INFO|database.py-upgrade_schema:285] >> 테이블 'mysafetymerge_traffic' 생성 중...
[2026-09-26 20:06:00,243][INFO|database.py-_apply_versioned_migrations:452] >> [schema] DB 스키마 버전 1 적용
[2026-09-26 20:06:00,249][INFO|database.py-_apply_versioned_migrations:452] >> [schema] DB 스키마 버전 2 적용
[2026-09-26 20:06:00,252][INFO|database.py-_apply_versioned_migrations:452] >> [schema] DB 스키마 버전 3 적용
[2026-09-26 20:06:00,272][INFO|database.py-_apply_versioned_migrations:452] >> [schema] DB 스키마 버전 4 적용
/home/better0101/projects/safetyreport/.venv/lib/python3.14/site-packages/sqlalchemy/sql/base.py:749: ResourceWarning: unclosed database in <sqlite3.Connection object at 0x7eb49c6f4e50>
  @classmethod
ResourceWarning: Enable tracemalloc to get the object allocation traceback
/home/better0101/projects/safetyreport/.venv/lib/python3.14/site-packages/sqlalchemy/sql/type_api.py:975: ResourceWarning: unclosed database in <sqlite3.Connection object at 0x7eb49c4b27a0>
  def _dialect_info(self, dialect: Dialect) -> _TypeMemoDict:
ResourceWarning: Enable tracemalloc to get the object allocation traceback
[2026-09-26 20:06:00,313][INFO|duplicate_group_service.py-_log_info:53] >> [duplicate] payload exact 중복군 0개, 멤버 0건 재생성
.[2026-09-26 20:06:00,369][INFO|database.py-upgrade_schema:285] >> 테이블 'admin_users' 생성 중...
[2026-09-26 20:06:00,372][INFO|database.py-upgrade_schema:285] >> 테이블 'api_keys' 생성 중...
[2026-09-26 20:06:00,379][INFO|database.py-upgrade_schema:285] >> 테이블 'mysafety' 생성 중...
[2026-09-26 20:06:00,381][INFO|database.py-upgrade_schema:285] >> 테이블 'mysafety_change_cursor' 생성 중...
[2026-09-26 20:06:00,382][INFO|database.py-upgrade_schema:285] >> 테이블 'mysafety_change_log' 생성 중...
[2026-09-26 20:06:00,384][INFO|database.py-upgrade_schema:285] >> 테이블 'mysafety_duplicate_decision' 생성 중...
[2026-09-26 20:06:00,385][INFO|database.py-upgrade_schema:285] >> 테이블 'mysafety_duplicate_group' 생성 중...
[2026-09-26 20:06:00,387][INFO|database.py-upgrade_schema:285] >> 테이블 'mysafety_duplicate_member' 생성 중...
[2026-09-26 20:06:00,389][INFO|database.py-upgrade_schema:285] >> 테이블 'mysafety_entry_value' 생성 중...
[2026-09-26 20:06:00,391][INFO|database.py-upgrade_schema:285] >> 테이블 'mysafety_geocode_cache' 생성 중...
[2026-09-26 20:06:00,397][INFO|database.py-upgrade_schema:285] >> 테이블 'mysafety_raw_content' 생성 중...
[2026-09-26 20:06:00,402][INFO|database.py-upgrade_schema:285] >> 테이블 'mysafety_report_override' 생성 중...
[2026-09-26 20:06:00,404][INFO|database.py-upgrade_schema:285] >> 테이블 'mysafety_sync_meta' 생성 중...
[2026-09-26 20:06:00,405][INFO|database.py-upgrade_schema:285] >> 테이블 'mysafety_watchlist' 생성 중...
[2026-09-26 20:06:00,407][INFO|database.py-upgrade_schema:285] >> 테이블 'mysafetydetail_other' 생성 중...
[2026-09-26 20:06:00,408][INFO|database.py-upgrade_schema:285] >> 테이블 'mysafetydetail_parking' 생성 중...
[2026-09-26 20:06:00,410][INFO|database.py-upgrade_schema:285] >> 테이블 'mysafetydetail_traffic' 생성 중...
[2026-09-26 20:06:00,412][INFO|database.py-upgrade_schema:285] >> 테이블 'mysafetymerge_other' 생성 중...
[2026-09-26 20:06:00,414][INFO|database.py-upgrade_schema:285] >> 테이블 'mysafetymerge_parking' 생성 중...
[2026-09-26 20:06:00,416][INFO|database.py-upgrade_schema:285] >> 테이블 'mysafetymerge_traffic' 생성 중...
[2026-09-26 20:06:00,420][INFO|database.py-_apply_versioned_migrations:452] >> [schema] DB 스키마 버전 1 적용
[2026-09-26 20:06:00,431][INFO|database.py-_apply_versioned_migrations:452] >> [schema] DB 스키마 버전 2 적용
[2026-09-26 20:06:00,433][INFO|database.py-_apply_versioned_migrations:452] >> [schema] DB 스키마 버전 3 적용
/home/better0101/projects/safetyreport/.venv/lib/python3.14/site-packages/sqlalchemy/sql/compiler.py:2689: ResourceWarning: unclosed database in <sqlite3.Connection object at 0x7eb49c6f6980>
  def visit_textclause(self, textclause, add_to_result_map=None, **kw):
ResourceWarning: Enable tracemalloc to get the object allocation traceback
[2026-09-26 20:06:00,453][INFO|database.py-_apply_versioned_migrations:452] >> [schema] DB 스키마 버전 4 적용
[2026-09-26 20:06:00,479][INFO|duplicate_group_service.py-_log_info:53] >> [duplicate] payload exact 중복군 0개, 멤버 0건 재생성
.[2026-09-26 20:06:00,551][INFO|database.py-upgrade_schema:285] >> 테이블 'admin_users' 생성 중...
[2026-09-26 20:06:00,560][INFO|database.py-upgrade_schema:285] >> 테이블 'api_keys' 생성 중...
[2026-09-26 20:06:00,562][INFO|database.py-upgrade_schema:285] >> 테이블 'mysafety' 생성 중...
[2026-09-26 20:06:00,564][INFO|database.py-upgrade_schema:285] >> 테이블 'mysafety_change_cursor' 생성 중...
[2026-09-26 20:06:00,565][INFO|database.py-upgrade_schema:285] >> 테이블 'mysafety_change_log' 생성 중...
[2026-09-26 20:06:00,567][INFO|database.py-upgrade_schema:285] >> 테이블 'mysafety_duplicate_decision' 생성 중...
[2026-09-26 20:06:00,568][INFO|database.py-upgrade_schema:285] >> 테이블 'mysafety_duplicate_group' 생성 중...
[2026-09-26 20:06:00,569][INFO|database.py-upgrade_schema:285] >> 테이블 'mysafety_duplicate_member' 생성 중...
[2026-09-26 20:06:00,571][INFO|database.py-upgrade_schema:285] >> 테이블 'mysafety_entry_value' 생성 중...
[2026-09-26 20:06:00,572][INFO|database.py-upgrade_schema:285] >> 테이블 'mysafety_geocode_cache' 생성 중...
[2026-09-26 20:06:00,573][INFO|database.py-upgrade_schema:285] >> 테이블 'mysafety_raw_content' 생성 중...
[2026-09-26 20:06:00,575][INFO|database.py-upgrade_schema:285] >> 테이블 'mysafety_report_override' 생성 중...
[2026-09-26 20:06:00,576][INFO|database.py-upgrade_schema:285] >> 테이블 'mysafety_sync_meta' 생성 중...
[2026-09-26 20:06:00,577][INFO|database.py-upgrade_schema:285] >> 테이블 'mysafety_watchlist' 생성 중...
[2026-09-26 20:06:00,579][INFO|database.py-upgrade_schema:285] >> 테이블 'mysafetydetail_other' 생성 중...
[2026-09-26 20:06:00,580][INFO|database.py-upgrade_schema:285] >> 테이블 'mysafetydetail_parking' 생성 중...
[2026-09-26 20:06:00,582][INFO|database.py-upgrade_schema:285] >> 테이블 'mysafetydetail_traffic' 생성 중...
[2026-09-26 20:06:00,583][INFO|database.py-upgrade_schema:285] >> 테이블 'mysafetymerge_other' 생성 중...
[2026-09-26 20:06:00,585][INFO|database.py-upgrade_schema:285] >> 테이블 'mysafetymerge_parking' 생성 중...
[2026-09-26 20:06:00,586][INFO|database.py-upgrade_schema:285] >> 테이블 'mysafetymerge_traffic' 생성 중...
[2026-09-26 20:06:00,591][INFO|database.py-_apply_versioned_migrations:452] >> [schema] DB 스키마 버전 1 적용
[2026-09-26 20:06:00,603][INFO|database.py-_apply_versioned_migrations:452] >> [schema] DB 스키마 버전 2 적용
[2026-09-26 20:06:00,605][INFO|database.py-_apply_versioned_migrations:452] >> [schema] DB 스키마 버전 3 적용
[2026-09-26 20:06:00,617][INFO|database.py-_apply_versioned_migrations:452] >> [schema] DB 스키마 버전 4 적용
/home/better0101/projects/safetyreport/.venv/lib/python3.14/site-packages/sqlalchemy/sql/selectable.py:4885: ResourceWarning: unclosed database in <sqlite3.Connection object at 0x7eb49c4b04f0>
  @classmethod
ResourceWarning: Enable tracemalloc to get the object allocation traceback
[2026-09-26 20:06:00,646][INFO|duplicate_group_service.py-_log_info:53] >> [duplicate] payload exact 중복군 0개, 멤버 0건 재생성
./home/better0101/projects/safetyreport/.venv/lib/python3.14/site-packages/sqlalchemy/engine/cursor.py:1529: ResourceWarning: unclosed database in <sqlite3.Connection object at 0x7eb49c8146d0>
  def __init__(
ResourceWarning: Enable tracemalloc to get the object allocation traceback
[2026-09-26 20:06:00,723][INFO|database.py-upgrade_schema:285] >> 테이블 'admin_users' 생성 중...
[2026-09-26 20:06:00,733][INFO|database.py-upgrade_schema:285] >> 테이블 'api_keys' 생성 중...
[2026-09-26 20:06:00,735][INFO|database.py-upgrade_schema:285] >> 테이블 'mysafety' 생성 중...
[2026-09-26 20:06:00,736][INFO|database.py-upgrade_schema:285] >> 테이블 'mysafety_change_cursor' 생성 중...
[2026-09-26 20:06:00,738][INFO|database.py-upgrade_schema:285] >> 테이블 'mysafety_change_log' 생성 중...
[2026-09-26 20:06:00,739][INFO|database.py-upgrade_schema:285] >> 테이블 'mysafety_duplicate_decision' 생성 중...
[2026-09-26 20:06:00,740][INFO|database.py-upgrade_schema:285] >> 테이블 'mysafety_duplicate_group' 생성 중...
[2026-09-26 20:06:00,741][INFO|database.py-upgrade_schema:285] >> 테이블 'mysafety_duplicate_member' 생성 중...
[2026-09-26 20:06:00,743][INFO|database.py-upgrade_schema:285] >> 테이블 'mysafety_entry_value' 생성 중...
[2026-09-26 20:06:00,744][INFO|database.py-upgrade_schema:285] >> 테이블 'mysafety_geocode_cache' 생성 중...
[2026-09-26 20:06:00,746][INFO|database.py-upgrade_schema:285] >> 테이블 'mysafety_raw_content' 생성 중...
[2026-09-26 20:06:00,747][INFO|database.py-upgrade_schema:285] >> 테이블 'mysafety_report_override' 생성 중...
[2026-09-26 20:06:00,748][INFO|database.py-upgrade_schema:285] >> 테이블 'mysafety_sync_meta' 생성 중...
[2026-09-26 20:06:00,750][INFO|database.py-upgrade_schema:285] >> 테이블 'mysafety_watchlist' 생성 중...
[2026-09-26 20:06:00,751][INFO|database.py-upgrade_schema:285] >> 테이블 'mysafetydetail_other' 생성 중...
[2026-09-26 20:06:00,753][INFO|database.py-upgrade_schema:285] >> 테이블 'mysafetydetail_parking' 생성 중...
[2026-09-26 20:06:00,755][INFO|database.py-upgrade_schema:285] >> 테이블 'mysafetydetail_traffic' 생성 중...
[2026-09-26 20:06:00,756][INFO|database.py-upgrade_schema:285] >> 테이블 'mysafetymerge_other' 생성 중...
[2026-09-26 20:06:00,761][INFO|database.py-upgrade_schema:285] >> 테이블 'mysafetymerge_parking' 생성 중...
[2026-09-26 20:06:00,764][INFO|database.py-upgrade_schema:285] >> 테이블 'mysafetymerge_traffic' 생성 중...
[2026-09-26 20:06:00,768][INFO|database.py-_apply_versioned_migrations:452] >> [schema] DB 스키마 버전 1 적용
[2026-09-26 20:06:00,773][INFO|database.py-_apply_versioned_migrations:452] >> [schema] DB 스키마 버전 2 적용
[2026-09-26 20:06:00,775][INFO|database.py-_apply_versioned_migrations:452] >> [schema] DB 스키마 버전 3 적용
[2026-09-26 20:06:00,796][INFO|database.py-_apply_versioned_migrations:452] >> [schema] DB 스키마 버전 4 적용
[2026-09-26 20:06:00,820][INFO|duplicate_group_service.py-_log_info:53] >> [duplicate] payload exact 중복군 0개, 멤버 0건 재생성
.[2026-09-26 20:06:00,880][INFO|database.py-upgrade_schema:285] >> 테이블 'admin_users' 생성 중...
[2026-09-26 20:06:00,886][INFO|database.py-upgrade_schema:285] >> 테이블 'api_keys' 생성 중...
[2026-09-26 20:06:00,892][INFO|database.py-upgrade_schema:285] >> 테이블 'mysafety' 생성 중...
[2026-09-26 20:06:00,895][INFO|database.py-upgrade_schema:285] >> 테이블 'mysafety_change_cursor' 생성 중...
[2026-09-26 20:06:00,897][INFO|database.py-upgrade_schema:285] >> 테이블 'mysafety_change_log' 생성 중...
[2026-09-26 20:06:00,898][INFO|database.py-upgrade_schema:285] >> 테이블 'mysafety_duplicate_decision' 생성 중...
[2026-09-26 20:06:00,900][INFO|database.py-upgrade_schema:285] >> 테이블 'mysafety_duplicate_group' 생성 중...
[2026-09-26 20:06:00,901][INFO|database.py-upgrade_schema:285] >> 테이블 'mysafety_duplicate_member' 생성 중...
[2026-09-26 20:06:00,903][INFO|database.py-upgrade_schema:285] >> 테이블 'mysafety_entry_value' 생성 중...
[2026-09-26 20:06:00,905][INFO|database.py-upgrade_schema:285] >> 테이블 'mysafety_geocode_cache' 생성 중...
[2026-09-26 20:06:00,906][INFO|database.py-upgrade_schema:285] >> 테이블 'mysafety_raw_content' 생성 중...
[2026-09-26 20:06:00,908][INFO|database.py-upgrade_schema:285] >> 테이블 'mysafety_report_override' 생성 중...
[2026-09-26 20:06:00,909][INFO|database.py-upgrade_schema:285] >> 테이블 'mysafety_sync_meta' 생성 중...
[2026-09-26 20:06:00,911][INFO|database.py-upgrade_schema:285] >> 테이블 'mysafety_watchlist' 생성 중...
[2026-09-26 20:06:00,912][INFO|database.py-upgrade_schema:285] >> 테이블 'mysafetydetail_other' 생성 중...
[2026-09-26 20:06:00,914][INFO|database.py-upgrade_schema:285] >> 테이블 'mysafetydetail_parking' 생성 중...
[2026-09-26 20:06:00,916][INFO|database.py-upgrade_schema:285] >> 테이블 'mysafetydetail_traffic' 생성 중...
[2026-09-26 20:06:00,917][INFO|database.py-upgrade_schema:285] >> 테이블 'mysafetymerge_other' 생성 중...
[2026-09-26 20:06:00,922][INFO|database.py-upgrade_schema:285] >> 테이블 'mysafetymerge_parking' 생성 중...
[2026-09-26 20:06:00,924][INFO|database.py-upgrade_schema:285] >> 테이블 'mysafetymerge_traffic' 생성 중...
[2026-09-26 20:06:00,934][INFO|database.py-_apply_versioned_migrations:452] >> [schema] DB 스키마 버전 1 적용
[2026-09-26 20:06:00,939][INFO|database.py-_apply_versioned_migrations:452] >> [schema] DB 스키마 버전 2 적용
[2026-09-26 20:06:00,943][INFO|database.py-_apply_versioned_migrations:452] >> [schema] DB 스키마 버전 3 적용
[2026-09-26 20:06:00,958][INFO|database.py-_apply_versioned_migrations:452] >> [schema] DB 스키마 버전 4 적용
/home/better0101/projects/safetyreport/.venv/lib/python3.14/site-packages/sqlalchemy/sql/elements.py:708: ResourceWarning: unclosed database in <sqlite3.Connection object at 0x7eb49c693790>
  tuple(column_keys),
ResourceWarning: Enable tracemalloc to get the object allocation traceback
/home/better0101/projects/safetyreport/.venv/lib/python3.14/site-packages/sqlalchemy/sql/elements.py:708: ResourceWarning: unclosed database in <sqlite3.Connection object at 0x7eb49c4b04f0>
  tuple(column_keys),
ResourceWarning: Enable tracemalloc to get the object allocation traceback
[2026-09-26 20:06:00,994][INFO|duplicate_group_service.py-_log_info:53] >> [duplicate] payload exact 중복군 0개, 멤버 0건 재생성
.[2026-09-26 20:06:01,054][INFO|database.py-upgrade_schema:285] >> 테이블 'admin_users' 생성 중...
[2026-09-26 20:06:01,057][INFO|database.py-upgrade_schema:285] >> 테이블 'api_keys' 생성 중...
[2026-09-26 20:06:01,059][INFO|database.py-upgrade_schema:285] >> 테이블 'mysafety' 생성 중...
[2026-09-26 20:06:01,060][INFO|database.py-upgrade_schema:285] >> 테이블 'mysafety_change_cursor' 생성 중...
[2026-09-26 20:06:01,066][INFO|database.py-upgrade_schema:285] >> 테이블 'mysafety_change_log' 생성 중...
[2026-09-26 20:06:01,070][INFO|database.py-upgrade_schema:285] >> 테이블 'mysafety_duplicate_decision' 생성 중...
[2026-09-26 20:06:01,072][INFO|database.py-upgrade_schema:285] >> 테이블 'mysafety_duplicate_group' 생성 중...
[2026-09-26 20:06:01,077][INFO|database.py-upgrade_schema:285] >> 테이블 'mysafety_duplicate_member' 생성 중...
[2026-09-26 20:06:01,080][INFO|database.py-upgrade_schema:285] >> 테이블 'mysafety_entry_value' 생성 중...
[2026-09-26 20:06:01,082][INFO|database.py-upgrade_schema:285] >> 테이블 'mysafety_geocode_cache' 생성 중...
[2026-09-26 20:06:01,084][INFO|database.py-upgrade_schema:285] >> 테이블 'mysafety_raw_content' 생성 중...
[2026-09-26 20:06:01,087][INFO|database.py-upgrade_schema:285] >> 테이블 'mysafety_report_override' 생성 중...
[2026-09-26 20:06:01,088][INFO|database.py-upgrade_schema:285] >> 테이블 'mysafety_sync_meta' 생성 중...
[2026-09-26 20:06:01,090][INFO|database.py-upgrade_schema:285] >> 테이블 'mysafety_watchlist' 생성 중...
[2026-09-26 20:06:01,091][INFO|database.py-upgrade_schema:285] >> 테이블 'mysafetydetail_other' 생성 중...
[2026-09-26 20:06:01,094][INFO|database.py-upgrade_schema:285] >> 테이블 'mysafetydetail_parking' 생성 중...
[2026-09-26 20:06:01,096][INFO|database.py-upgrade_schema:285] >> 테이블 'mysafetydetail_traffic' 생성 중...
[2026-09-26 20:06:01,101][INFO|database.py-upgrade_schema:285] >> 테이블 'mysafetymerge_other' 생성 중...
[2026-09-26 20:06:01,104][INFO|database.py-upgrade_schema:285] >> 테이블 'mysafetymerge_parking' 생성 중...
[2026-09-26 20:06:01,106][INFO|database.py-upgrade_schema:285] >> 테이블 'mysafetymerge_traffic' 생성 중...
[2026-09-26 20:06:01,112][INFO|database.py-_apply_versioned_migrations:452] >> [schema] DB 스키마 버전 1 적용
[2026-09-26 20:06:01,118][INFO|database.py-_apply_versioned_migrations:452] >> [schema] DB 스키마 버전 2 적용
[2026-09-26 20:06:01,120][INFO|database.py-_apply_versioned_migrations:452] >> [schema] DB 스키마 버전 3 적용
[2026-09-26 20:06:01,132][INFO|database.py-_apply_versioned_migrations:452] >> [schema] DB 스키마 버전 4 적용
<string>:1: ResourceWarning: unclosed database in <sqlite3.Connection object at 0x7eb49c693790>
ResourceWarning: Enable tracemalloc to get the object allocation traceback
[2026-09-26 20:06:01,173][INFO|duplicate_group_service.py-_log_info:53] >> [duplicate] payload exact 중복군 0개, 멤버 0건 재생성
.[2026-09-26 20:06:01,241][INFO|database.py-upgrade_schema:285] >> 테이블 'admin_users' 생성 중...
[2026-09-26 20:06:01,251][INFO|database.py-upgrade_schema:285] >> 테이블 'api_keys' 생성 중...
[2026-09-26 20:06:01,253][INFO|database.py-upgrade_schema:285] >> 테이블 'mysafety' 생성 중...
[2026-09-26 20:06:01,255][INFO|database.py-upgrade_schema:285] >> 테이블 'mysafety_change_cursor' 생성 중...
[2026-09-26 20:06:01,257][INFO|database.py-upgrade_schema:285] >> 테이블 'mysafety_change_log' 생성 중...
[2026-09-26 20:06:01,258][INFO|database.py-upgrade_schema:285] >> 테이블 'mysafety_duplicate_decision' 생성 중...
[2026-09-26 20:06:01,260][INFO|database.py-upgrade_schema:285] >> 테이블 'mysafety_duplicate_group' 생성 중...
[2026-09-26 20:06:01,262][INFO|database.py-upgrade_schema:285] >> 테이블 'mysafety_duplicate_member' 생성 중...
[2026-09-26 20:06:01,263][INFO|database.py-upgrade_schema:285] >> 테이블 'mysafety_entry_value' 생성 중...
[2026-09-26 20:06:01,265][INFO|database.py-upgrade_schema:285] >> 테이블 'mysafety_geocode_cache' 생성 중...
[2026-09-26 20:06:01,267][INFO|database.py-upgrade_schema:285] >> 테이블 'mysafety_raw_content' 생성 중...
[2026-09-26 20:06:01,269][INFO|database.py-upgrade_schema:285] >> 테이블 'mysafety_report_override' 생성 중...
[2026-09-26 20:06:01,270][INFO|database.py-upgrade_schema:285] >> 테이블 'mysafety_sync_meta' 생성 중...
[2026-09-26 20:06:01,272][INFO|database.py-upgrade_schema:285] >> 테이블 'mysafety_watchlist' 생성 중...
[2026-09-26 20:06:01,275][INFO|database.py-upgrade_schema:285] >> 테이블 'mysafetydetail_other' 생성 중...
[2026-09-26 20:06:01,277][INFO|database.py-upgrade_schema:285] >> 테이블 'mysafetydetail_parking' 생성 중...
[2026-09-26 20:06:01,279][INFO|database.py-upgrade_schema:285] >> 테이블 'mysafetydetail_traffic' 생성 중...
[2026-09-26 20:06:01,281][INFO|database.py-upgrade_schema:285] >> 테이블 'mysafetymerge_other' 생성 중...
[2026-09-26 20:06:01,287][INFO|database.py-upgrade_schema:285] >> 테이블 'mysafetymerge_parking' 생성 중...
[2026-09-26 20:06:01,289][INFO|database.py-upgrade_schema:285] >> 테이블 'mysafetymerge_traffic' 생성 중...
[2026-09-26 20:06:01,293][INFO|database.py-_apply_versioned_migrations:452] >> [schema] DB 스키마 버전 1 적용
[2026-09-26 20:06:01,299][INFO|database.py-_apply_versioned_migrations:452] >> [schema] DB 스키마 버전 2 적용
[2026-09-26 20:06:01,302][INFO|database.py-_apply_versioned_migrations:452] >> [schema] DB 스키마 버전 3 적용
/home/better0101/projects/safetyreport/.venv/lib/python3.14/site-packages/sqlalchemy/sql/compiler.py:858: ResourceWarning: unclosed database in <sqlite3.Connection object at 0x7eb49c693790>
  def __init__(
ResourceWarning: Enable tracemalloc to get the object allocation traceback
[2026-09-26 20:06:01,327][INFO|database.py-_apply_versioned_migrations:452] >> [schema] DB 스키마 버전 4 적용
[2026-09-26 20:06:01,357][INFO|duplicate_group_service.py-_log_info:53] >> [duplicate] payload exact 중복군 0개, 멤버 0건 재생성
[2026-09-26 20:06:01,407][INFO|start.py-_run_rebuild_process:289] >> [rebuild] 목록 수집 시작 (run d1d00faad1cf43e99adc386efd442dab)
[2026-09-26 20:06:01,417][INFO|database.py-title_to_sql:694] >> 총 3건 title 테이블 upsert 완료. (신규: 3건)
[2026-09-26 20:06:01,418][INFO|start.py-_rebuild_register_list:187] >> [rebuild] 목록 등록 완료: 3건 (신규 3건)
[2026-09-26 20:06:01,420][INFO|start.py-_run_rebuild_process:318] >> [rebuild] 상세 크롤링 대상 3건 (checkpoint: 미완료만)
[2026-09-26 20:06:01,431][INFO|start.py-_rebuild_consume_details:275] >> [rebuild] 상세 저장 3건 (변경/신규 3건)
.[2026-09-26 20:06:01,450][INFO|database.py-upgrade_schema:285] >> 테이블 'admin_users' 생성 중...
[2026-09-26 20:06:01,453][INFO|database.py-upgrade_schema:285] >> 테이블 'api_keys' 생성 중...
[2026-09-26 20:06:01,455][INFO|database.py-upgrade_schema:285] >> 테이블 'mysafety' 생성 중...
[2026-09-26 20:06:01,457][INFO|database.py-upgrade_schema:285] >> 테이블 'mysafety_change_cursor' 생성 중...
[2026-09-26 20:06:01,459][INFO|database.py-upgrade_schema:285] >> 테이블 'mysafety_change_log' 생성 중...
[2026-09-26 20:06:01,460][INFO|database.py-upgrade_schema:285] >> 테이블 'mysafety_duplicate_decision' 생성 중...
[2026-09-26 20:06:01,462][INFO|database.py-upgrade_schema:285] >> 테이블 'mysafety_duplicate_group' 생성 중...
[2026-09-26 20:06:01,464][INFO|database.py-upgrade_schema:285] >> 테이블 'mysafety_duplicate_member' 생성 중...
[2026-09-26 20:06:01,466][INFO|database.py-upgrade_schema:285] >> 테이블 'mysafety_entry_value' 생성 중...
[2026-09-26 20:06:01,468][INFO|database.py-upgrade_schema:285] >> 테이블 'mysafety_geocode_cache' 생성 중...
[2026-09-26 20:06:01,470][INFO|database.py-upgrade_schema:285] >> 테이블 'mysafety_raw_content' 생성 중...
[2026-09-26 20:06:01,472][INFO|database.py-upgrade_schema:285] >> 테이블 'mysafety_report_override' 생성 중...
[2026-09-26 20:06:01,473][INFO|database.py-upgrade_schema:285] >> 테이블 'mysafety_sync_meta' 생성 중...
[2026-09-26 20:06:01,475][INFO|database.py-upgrade_schema:285] >> 테이블 'mysafety_watchlist' 생성 중...
[2026-09-26 20:06:01,477][INFO|database.py-upgrade_schema:285] >> 테이블 'mysafetydetail_other' 생성 중...
[2026-09-26 20:06:01,479][INFO|database.py-upgrade_schema:285] >> 테이블 'mysafetydetail_parking' 생성 중...
[2026-09-26 20:06:01,481][INFO|database.py-upgrade_schema:285] >> 테이블 'mysafetydetail_traffic' 생성 중...
[2026-09-26 20:06:01,483][INFO|database.py-upgrade_schema:285] >> 테이블 'mysafetymerge_other' 생성 중...
[2026-09-26 20:06:01,485][INFO|database.py-upgrade_schema:285] >> 테이블 'mysafetymerge_parking' 생성 중...
[2026-09-26 20:06:01,487][INFO|database.py-upgrade_schema:285] >> 테이블 'mysafetymerge_traffic' 생성 중...
[2026-09-26 20:06:01,491][INFO|database.py-_apply_versioned_migrations:452] >> [schema] DB 스키마 버전 1 적용
[2026-09-26 20:06:01,498][INFO|database.py-_apply_versioned_migrations:452] >> [schema] DB 스키마 버전 2 적용
[2026-09-26 20:06:01,500][INFO|database.py-_apply_versioned_migrations:452] >> [schema] DB 스키마 버전 3 적용
/home/better0101/projects/safetyreport/.venv/lib/python3.14/site-packages/sqlalchemy/sql/visitors.py:126: ResourceWarning: unclosed database in <sqlite3.Connection object at 0x7eb49c693790>
  def _compiler_dispatch(
ResourceWarning: Enable tracemalloc to get the object allocation traceback
[2026-09-26 20:06:01,524][INFO|database.py-_apply_versioned_migrations:452] >> [schema] DB 스키마 버전 4 적용
[2026-09-26 20:06:01,554][INFO|duplicate_group_service.py-_log_info:53] >> [duplicate] payload exact 중복군 0개, 멤버 0건 재생성
[2026-09-26 20:06:01,596][INFO|start.py-_run_rebuild_process:289] >> [rebuild] 목록 수집 시작 (run 6dc438281eec418186ef139718e66e70)
[2026-09-26 20:06:01,603][INFO|database.py-title_to_sql:694] >> 총 3건 title 테이블 upsert 완료. (신규: 3건)
[2026-09-26 20:06:01,604][INFO|start.py-_rebuild_register_list:187] >> [rebuild] 목록 등록 완료: 3건 (신규 3건)
[2026-09-26 20:06:01,605][INFO|start.py-_run_rebuild_process:318] >> [rebuild] 상세 크롤링 대상 3건 (checkpoint: 미완료만)
[2026-09-26 20:06:01,618][INFO|start.py-_rebuild_consume_details:275] >> [rebuild] 상세 저장 2건 (변경/신규 2건)
.[2026-09-26 20:06:01,637][INFO|database.py-upgrade_schema:285] >> 테이블 'admin_users' 생성 중...
[2026-09-26 20:06:01,644][INFO|database.py-upgrade_schema:285] >> 테이블 'api_keys' 생성 중...
[2026-09-26 20:06:01,651][INFO|database.py-upgrade_schema:285] >> 테이블 'mysafety' 생성 중...
[2026-09-26 20:06:01,653][INFO|database.py-upgrade_schema:285] >> 테이블 'mysafety_change_cursor' 생성 중...
[2026-09-26 20:06:01,654][INFO|database.py-upgrade_schema:285] >> 테이블 'mysafety_change_log' 생성 중...
[2026-09-26 20:06:01,656][INFO|database.py-upgrade_schema:285] >> 테이블 'mysafety_duplicate_decision' 생성 중...
[2026-09-26 20:06:01,658][INFO|database.py-upgrade_schema:285] >> 테이블 'mysafety_duplicate_group' 생성 중...
[2026-09-26 20:06:01,659][INFO|database.py-upgrade_schema:285] >> 테이블 'mysafety_duplicate_member' 생성 중...
[2026-09-26 20:06:01,661][INFO|database.py-upgrade_schema:285] >> 테이블 'mysafety_entry_value' 생성 중...
[2026-09-26 20:06:01,662][INFO|database.py-upgrade_schema:285] >> 테이블 'mysafety_geocode_cache' 생성 중...
[2026-09-26 20:06:01,664][INFO|database.py-upgrade_schema:285] >> 테이블 'mysafety_raw_content' 생성 중...
[2026-09-26 20:06:01,665][INFO|database.py-upgrade_schema:285] >> 테이블 'mysafety_report_override' 생성 중...
[2026-09-26 20:06:01,667][INFO|database.py-upgrade_schema:285] >> 테이블 'mysafety_sync_meta' 생성 중...
[2026-09-26 20:06:01,668][INFO|database.py-upgrade_schema:285] >> 테이블 'mysafety_watchlist' 생성 중...
[2026-09-26 20:06:01,669][INFO|database.py-upgrade_schema:285] >> 테이블 'mysafetydetail_other' 생성 중...
[2026-09-26 20:06:01,674][INFO|database.py-upgrade_schema:285] >> 테이블 'mysafetydetail_parking' 생성 중...
[2026-09-26 20:06:01,677][INFO|database.py-upgrade_schema:285] >> 테이블 'mysafetydetail_traffic' 생성 중...
[2026-09-26 20:06:01,683][INFO|database.py-upgrade_schema:285] >> 테이블 'mysafetymerge_other' 생성 중...
[2026-09-26 20:06:01,686][INFO|database.py-upgrade_schema:285] >> 테이블 'mysafetymerge_parking' 생성 중...
[2026-09-26 20:06:01,687][INFO|database.py-upgrade_schema:285] >> 테이블 'mysafetymerge_traffic' 생성 중...
[2026-09-26 20:06:01,691][INFO|database.py-_apply_versioned_migrations:452] >> [schema] DB 스키마 버전 1 적용
[2026-09-26 20:06:01,695][INFO|database.py-_apply_versioned_migrations:452] >> [schema] DB 스키마 버전 2 적용
[2026-09-26 20:06:01,697][INFO|database.py-_apply_versioned_migrations:452] >> [schema] DB 스키마 버전 3 적용
[2026-09-26 20:06:01,710][INFO|database.py-_apply_versioned_migrations:452] >> [schema] DB 스키마 버전 4 적용
[2026-09-26 20:06:01,746][INFO|duplicate_group_service.py-_log_info:53] >> [duplicate] payload exact 중복군 0개, 멤버 0건 재생성
[2026-09-26 20:06:01,796][INFO|start.py-_run_rebuild_process:289] >> [rebuild] 목록 수집 시작 (run c1df11abd9e643d59d753bcbe46bc694)
[2026-09-26 20:06:01,803][INFO|database.py-title_to_sql:694] >> 총 3건 title 테이블 upsert 완료. (신규: 3건)
[2026-09-26 20:06:01,804][INFO|start.py-_rebuild_register_list:187] >> [rebuild] 목록 등록 완료: 3건 (신규 3건)
[2026-09-26 20:06:01,805][INFO|start.py-_run_rebuild_process:318] >> [rebuild] 상세 크롤링 대상 3건 (checkpoint: 미완료만)
[2026-09-26 20:06:01,809][INFO|start.py-_rebuild_consume_details:275] >> [rebuild] 상세 저장 3건 (변경/신규 3건)
.[2026-09-26 20:06:01,830][INFO|database.py-upgrade_schema:285] >> 테이블 'admin_users' 생성 중...
[2026-09-26 20:06:01,833][INFO|database.py-upgrade_schema:285] >> 테이블 'api_keys' 생성 중...
[2026-09-26 20:06:01,835][INFO|database.py-upgrade_schema:285] >> 테이블 'mysafety' 생성 중...
[2026-09-26 20:06:01,839][INFO|database.py-upgrade_schema:285] >> 테이블 'mysafety_change_cursor' 생성 중...
[2026-09-26 20:06:01,841][INFO|database.py-upgrade_schema:285] >> 테이블 'mysafety_change_log' 생성 중...
[2026-09-26 20:06:01,842][INFO|database.py-upgrade_schema:285] >> 테이블 'mysafety_duplicate_decision' 생성 중...
[2026-09-26 20:06:01,846][INFO|database.py-upgrade_schema:285] >> 테이블 'mysafety_duplicate_group' 생성 중...
[2026-09-26 20:06:01,848][INFO|database.py-upgrade_schema:285] >> 테이블 'mysafety_duplicate_member' 생성 중...
[2026-09-26 20:06:01,850][INFO|database.py-upgrade_schema:285] >> 테이블 'mysafety_entry_value' 생성 중...
[2026-09-26 20:06:01,851][INFO|database.py-upgrade_schema:285] >> 테이블 'mysafety_geocode_cache' 생성 중...
[2026-09-26 20:06:01,853][INFO|database.py-upgrade_schema:285] >> 테이블 'mysafety_raw_content' 생성 중...
[2026-09-26 20:06:01,855][INFO|database.py-upgrade_schema:285] >> 테이블 'mysafety_report_override' 생성 중...
[2026-09-26 20:06:01,856][INFO|database.py-upgrade_schema:285] >> 테이블 'mysafety_sync_meta' 생성 중...
[2026-09-26 20:06:01,857][INFO|database.py-upgrade_schema:285] >> 테이블 'mysafety_watchlist' 생성 중...
[2026-09-26 20:06:01,859][INFO|database.py-upgrade_schema:285] >> 테이블 'mysafetydetail_other' 생성 중...
[2026-09-26 20:06:01,860][INFO|database.py-upgrade_schema:285] >> 테이블 'mysafetydetail_parking' 생성 중...
[2026-09-26 20:06:01,862][INFO|database.py-upgrade_schema:285] >> 테이블 'mysafetydetail_traffic' 생성 중...
[2026-09-26 20:06:01,863][INFO|database.py-upgrade_schema:285] >> 테이블 'mysafetymerge_other' 생성 중...
[2026-09-26 20:06:01,865][INFO|database.py-upgrade_schema:285] >> 테이블 'mysafetymerge_parking' 생성 중...
[2026-09-26 20:06:01,868][INFO|database.py-upgrade_schema:285] >> 테이블 'mysafetymerge_traffic' 생성 중...
[2026-09-26 20:06:01,873][INFO|database.py-_apply_versioned_migrations:452] >> [schema] DB 스키마 버전 1 적용
[2026-09-26 20:06:01,882][INFO|database.py-_apply_versioned_migrations:452] >> [schema] DB 스키마 버전 2 적용
[2026-09-26 20:06:01,884][INFO|database.py-_apply_versioned_migrations:452] >> [schema] DB 스키마 버전 3 적용
[2026-09-26 20:06:01,897][INFO|database.py-_apply_versioned_migrations:452] >> [schema] DB 스키마 버전 4 적용
/home/better0101/projects/safetyreport/.venv/lib/python3.14/site-packages/sqlalchemy/sql/visitors.py:126: ResourceWarning: unclosed database in <sqlite3.Connection object at 0x7eb49c376e30>
  def _compiler_dispatch(
ResourceWarning: Enable tracemalloc to get the object allocation traceback
[2026-09-26 20:06:01,935][INFO|duplicate_group_service.py-_log_info:53] >> [duplicate] payload exact 중복군 0개, 멤버 0건 재생성
.[2026-09-26 20:06:01,999][INFO|database.py-upgrade_schema:285] >> 테이블 'admin_users' 생성 중...
[2026-09-26 20:06:02,001][INFO|database.py-upgrade_schema:285] >> 테이블 'api_keys' 생성 중...
[2026-09-26 20:06:02,003][INFO|database.py-upgrade_schema:285] >> 테이블 'mysafety' 생성 중...
[2026-09-26 20:06:02,004][INFO|database.py-upgrade_schema:285] >> 테이블 'mysafety_change_cursor' 생성 중...
[2026-09-26 20:06:02,006][INFO|database.py-upgrade_schema:285] >> 테이블 'mysafety_change_log' 생성 중...
[2026-09-26 20:06:02,008][INFO|database.py-upgrade_schema:285] >> 테이블 'mysafety_duplicate_decision' 생성 중...
[2026-09-26 20:06:02,010][INFO|database.py-upgrade_schema:285] >> 테이블 'mysafety_duplicate_group' 생성 중...
[2026-09-26 20:06:02,012][INFO|database.py-upgrade_schema:285] >> 테이블 'mysafety_duplicate_member' 생성 중...
[2026-09-26 20:06:02,014][INFO|database.py-upgrade_schema:285] >> 테이블 'mysafety_entry_value' 생성 중...
[2026-09-26 20:06:02,016][INFO|database.py-upgrade_schema:285] >> 테이블 'mysafety_geocode_cache' 생성 중...
[2026-09-26 20:06:02,017][INFO|database.py-upgrade_schema:285] >> 테이블 'mysafety_raw_content' 생성 중...
[2026-09-26 20:06:02,019][INFO|database.py-upgrade_schema:285] >> 테이블 'mysafety_report_override' 생성 중...
[2026-09-26 20:06:02,021][INFO|database.py-upgrade_schema:285] >> 테이블 'mysafety_sync_meta' 생성 중...
[2026-09-26 20:06:02,023][INFO|database.py-upgrade_schema:285] >> 테이블 'mysafety_watchlist' 생성 중...
[2026-09-26 20:06:02,024][INFO|database.py-upgrade_schema:285] >> 테이블 'mysafetydetail_other' 생성 중...
[2026-09-26 20:06:02,026][INFO|database.py-upgrade_schema:285] >> 테이블 'mysafetydetail_parking' 생성 중...
[2026-09-26 20:06:02,028][INFO|database.py-upgrade_schema:285] >> 테이블 'mysafetydetail_traffic' 생성 중...
[2026-09-26 20:06:02,030][INFO|database.py-upgrade_schema:285] >> 테이블 'mysafetymerge_other' 생성 중...
/home/better0101/projects/safetyreport/.venv/lib/python3.14/site-packages/sqlalchemy/sql/schema.py:4470: ResourceWarning: unclosed database in <sqlite3.Connection object at 0x7eb49c376e30>
  def __iter__(self) -> Iterator[Column[Any]]:
ResourceWarning: Enable tracemalloc to get the object allocation traceback
[2026-09-26 20:06:02,036][INFO|database.py-upgrade_schema:285] >> 테이블 'mysafetymerge_parking' 생성 중...
[2026-09-26 20:06:02,038][INFO|database.py-upgrade_schema:285] >> 테이블 'mysafetymerge_traffic' 생성 중...
[2026-09-26 20:06:02,045][INFO|database.py-_apply_versioned_migrations:452] >> [schema] DB 스키마 버전 1 적용
[2026-09-26 20:06:02,057][INFO|database.py-_apply_versioned_migrations:452] >> [schema] DB 스키마 버전 2 적용
[2026-09-26 20:06:02,060][INFO|database.py-_apply_versioned_migrations:452] >> [schema] DB 스키마 버전 3 적용
[2026-09-26 20:06:02,076][INFO|database.py-_apply_versioned_migrations:452] >> [schema] DB 스키마 버전 4 적용
[2026-09-26 20:06:02,104][INFO|duplicate_group_service.py-_log_info:53] >> [duplicate] payload exact 중복군 0개, 멤버 0건 재생성
.[2026-09-26 20:06:02,164][INFO|database.py-upgrade_schema:285] >> 테이블 'admin_users' 생성 중...
[2026-09-26 20:06:02,168][INFO|database.py-upgrade_schema:285] >> 테이블 'api_keys' 생성 중...
[2026-09-26 20:06:02,170][INFO|database.py-upgrade_schema:285] >> 테이블 'mysafety' 생성 중...
[2026-09-26 20:06:02,171][INFO|database.py-upgrade_schema:285] >> 테이블 'mysafety_change_cursor' 생성 중...
[2026-09-26 20:06:02,173][INFO|database.py-upgrade_schema:285] >> 테이블 'mysafety_change_log' 생성 중...
[2026-09-26 20:06:02,174][INFO|database.py-upgrade_schema:285] >> 테이블 'mysafety_duplicate_decision' 생성 중...
[2026-09-26 20:06:02,176][INFO|database.py-upgrade_schema:285] >> 테이블 'mysafety_duplicate_group' 생성 중...
[2026-09-26 20:06:02,177][INFO|database.py-upgrade_schema:285] >> 테이블 'mysafety_duplicate_member' 생성 중...
[2026-09-26 20:06:02,179][INFO|database.py-upgrade_schema:285] >> 테이블 'mysafety_entry_value' 생성 중...
[2026-09-26 20:06:02,183][INFO|database.py-upgrade_schema:285] >> 테이블 'mysafety_geocode_cache' 생성 중...
[2026-09-26 20:06:02,185][INFO|database.py-upgrade_schema:285] >> 테이블 'mysafety_raw_content' 생성 중...
[2026-09-26 20:06:02,187][INFO|database.py-upgrade_schema:285] >> 테이블 'mysafety_report_override' 생성 중...
[2026-09-26 20:06:02,189][INFO|database.py-upgrade_schema:285] >> 테이블 'mysafety_sync_meta' 생성 중...
[2026-09-26 20:06:02,193][INFO|database.py-upgrade_schema:285] >> 테이블 'mysafety_watchlist' 생성 중...
[2026-09-26 20:06:02,196][INFO|database.py-upgrade_schema:285] >> 테이블 'mysafetydetail_other' 생성 중...
[2026-09-26 20:06:02,199][INFO|database.py-upgrade_schema:285] >> 테이블 'mysafetydetail_parking' 생성 중...
[2026-09-26 20:06:02,201][INFO|database.py-upgrade_schema:285] >> 테이블 'mysafetydetail_traffic' 생성 중...
[2026-09-26 20:06:02,205][INFO|database.py-upgrade_schema:285] >> 테이블 'mysafetymerge_other' 생성 중...
[2026-09-26 20:06:02,207][INFO|database.py-upgrade_schema:285] >> 테이블 'mysafetymerge_parking' 생성 중...
[2026-09-26 20:06:02,209][INFO|database.py-upgrade_schema:285] >> 테이블 'mysafetymerge_traffic' 생성 중...
[2026-09-26 20:06:02,213][INFO|database.py-_apply_versioned_migrations:452] >> [schema] DB 스키마 버전 1 적용
[2026-09-26 20:06:02,223][INFO|database.py-_apply_versioned_migrations:452] >> [schema] DB 스키마 버전 2 적용
[2026-09-26 20:06:02,225][INFO|database.py-_apply_versioned_migrations:452] >> [schema] DB 스키마 버전 3 적용
[2026-09-26 20:06:02,241][INFO|database.py-_apply_versioned_migrations:452] >> [schema] DB 스키마 버전 4 적용
/home/better0101/projects/safetyreport/.venv/lib/python3.14/site-packages/sqlalchemy/sql/visitors.py:126: ResourceWarning: unclosed database in <sqlite3.Connection object at 0x7eb48c3b14e0>
  def _compiler_dispatch(
ResourceWarning: Enable tracemalloc to get the object allocation traceback
[2026-09-26 20:06:02,271][INFO|duplicate_group_service.py-_log_info:53] >> [duplicate] payload exact 중복군 0개, 멤버 0건 재생성
[2026-09-26 20:06:02,319][INFO|start.py-_run_rebuild_process:289] >> [rebuild] 목록 수집 시작 (run 947d74d8a0db4503b69852b7c5741d7d)
[2026-09-26 20:06:02,319][ERROR|start.py-_rebuild_register_list:175] >> [rebuild] 목록 수집 실패 — job failed (page 2 timeout)
.[2026-09-26 20:06:02,340][INFO|database.py-upgrade_schema:285] >> 테이블 'admin_users' 생성 중...
[2026-09-26 20:06:02,343][INFO|database.py-upgrade_schema:285] >> 테이블 'api_keys' 생성 중...
[2026-09-26 20:06:02,347][INFO|database.py-upgrade_schema:285] >> 테이블 'mysafety' 생성 중...
[2026-09-26 20:06:02,349][INFO|database.py-upgrade_schema:285] >> 테이블 'mysafety_change_cursor' 생성 중...
[2026-09-26 20:06:02,351][INFO|database.py-upgrade_schema:285] >> 테이블 'mysafety_change_log' 생성 중...
[2026-09-26 20:06:02,353][INFO|database.py-upgrade_schema:285] >> 테이블 'mysafety_duplicate_decision' 생성 중...
[2026-09-26 20:06:02,355][INFO|database.py-upgrade_schema:285] >> 테이블 'mysafety_duplicate_group' 생성 중...
[2026-09-26 20:06:02,357][INFO|database.py-upgrade_schema:285] >> 테이블 'mysafety_duplicate_member' 생성 중...
[2026-09-26 20:06:02,362][INFO|database.py-upgrade_schema:285] >> 테이블 'mysafety_entry_value' 생성 중...
[2026-09-26 20:06:02,367][INFO|database.py-upgrade_schema:285] >> 테이블 'mysafety_geocode_cache' 생성 중...
[2026-09-26 20:06:02,368][INFO|database.py-upgrade_schema:285] >> 테이블 'mysafety_raw_content' 생성 중...
[2026-09-26 20:06:02,370][INFO|database.py-upgrade_schema:285] >> 테이블 'mysafety_report_override' 생성 중...
[2026-09-26 20:06:02,372][INFO|database.py-upgrade_schema:285] >> 테이블 'mysafety_sync_meta' 생성 중...
[2026-09-26 20:06:02,373][INFO|database.py-upgrade_schema:285] >> 테이블 'mysafety_watchlist' 생성 중...
[2026-09-26 20:06:02,375][INFO|database.py-upgrade_schema:285] >> 테이블 'mysafetydetail_other' 생성 중...
[2026-09-26 20:06:02,377][INFO|database.py-upgrade_schema:285] >> 테이블 'mysafetydetail_parking' 생성 중...
[2026-09-26 20:06:02,379][INFO|database.py-upgrade_schema:285] >> 테이블 'mysafetydetail_traffic' 생성 중...
[2026-09-26 20:06:02,381][INFO|database.py-upgrade_schema:285] >> 테이블 'mysafetymerge_other' 생성 중...
[2026-09-26 20:06:02,387][INFO|database.py-upgrade_schema:285] >> 테이블 'mysafetymerge_parking' 생성 중...
[2026-09-26 20:06:02,390][INFO|database.py-upgrade_schema:285] >> 테이블 'mysafetymerge_traffic' 생성 중...
[2026-09-26 20:06:02,394][INFO|database.py-_apply_versioned_migrations:452] >> [schema] DB 스키마 버전 1 적용
[2026-09-26 20:06:02,406][INFO|database.py-_apply_versioned_migrations:452] >> [schema] DB 스키마 버전 2 적용
[2026-09-26 20:06:02,409][INFO|database.py-_apply_versioned_migrations:452] >> [schema] DB 스키마 버전 3 적용
[2026-09-26 20:06:02,421][INFO|database.py-_apply_versioned_migrations:452] >> [schema] DB 스키마 버전 4 적용
/home/better0101/projects/safetyreport/.venv/lib/python3.14/site-packages/sqlalchemy/sql/elements.py:5319: ResourceWarning: unclosed database in <sqlite3.Connection object at 0x7eb48c3b1d50>
  self = super().__new__(cls, value)
ResourceWarning: Enable tracemalloc to get the object allocation traceback
[2026-09-26 20:06:02,451][INFO|duplicate_group_service.py-_log_info:53] >> [duplicate] payload exact 중복군 0개, 멤버 0건 재생성
[2026-09-26 20:06:02,506][INFO|start.py-_run_rebuild_process:289] >> [rebuild] 목록 수집 시작 (run 135ddfd4e5064e92859eb7b217c2a158)
[2026-09-26 20:06:02,507][INFO|start.py-_rebuild_register_list:187] >> [rebuild] 목록 등록 완료: 0건 (신규 0건)
[2026-09-26 20:06:02,507][INFO|start.py-_run_rebuild_process:315] >> [rebuild] 상세 대상 없음 (빈 목록 또는 전부 fetched)
.[2026-09-26 20:06:02,527][INFO|database.py-upgrade_schema:285] >> 테이블 'admin_users' 생성 중...
[2026-09-26 20:06:02,530][INFO|database.py-upgrade_schema:285] >> 테이블 'api_keys' 생성 중...
[2026-09-26 20:06:02,531][INFO|database.py-upgrade_schema:285] >> 테이블 'mysafety' 생성 중...
[2026-09-26 20:06:02,533][INFO|database.py-upgrade_schema:285] >> 테이블 'mysafety_change_cursor' 생성 중...
[2026-09-26 20:06:02,535][INFO|database.py-upgrade_schema:285] >> 테이블 'mysafety_change_log' 생성 중...
[2026-09-26 20:06:02,537][INFO|database.py-upgrade_schema:285] >> 테이블 'mysafety_duplicate_decision' 생성 중...
[2026-09-26 20:06:02,538][INFO|database.py-upgrade_schema:285] >> 테이블 'mysafety_duplicate_group' 생성 중...
[2026-09-26 20:06:02,539][INFO|database.py-upgrade_schema:285] >> 테이블 'mysafety_duplicate_member' 생성 중...
[2026-09-26 20:06:02,541][INFO|database.py-upgrade_schema:285] >> 테이블 'mysafety_entry_value' 생성 중...
[2026-09-26 20:06:02,542][INFO|database.py-upgrade_schema:285] >> 테이블 'mysafety_geocode_cache' 생성 중...
[2026-09-26 20:06:02,543][INFO|database.py-upgrade_schema:285] >> 테이블 'mysafety_raw_content' 생성 중...
[2026-09-26 20:06:02,544][INFO|database.py-upgrade_schema:285] >> 테이블 'mysafety_report_override' 생성 중...
[2026-09-26 20:06:02,546][INFO|database.py-upgrade_schema:285] >> 테이블 'mysafety_sync_meta' 생성 중...
[2026-09-26 20:06:02,547][INFO|database.py-upgrade_schema:285] >> 테이블 'mysafety_watchlist' 생성 중...
[2026-09-26 20:06:02,549][INFO|database.py-upgrade_schema:285] >> 테이블 'mysafetydetail_other' 생성 중...
[2026-09-26 20:06:02,551][INFO|database.py-upgrade_schema:285] >> 테이블 'mysafetydetail_parking' 생성 중...
[2026-09-26 20:06:02,553][INFO|database.py-upgrade_schema:285] >> 테이블 'mysafetydetail_traffic' 생성 중...
[2026-09-26 20:06:02,554][INFO|database.py-upgrade_schema:285] >> 테이블 'mysafetymerge_other' 생성 중...
[2026-09-26 20:06:02,556][INFO|database.py-upgrade_schema:285] >> 테이블 'mysafetymerge_parking' 생성 중...
[2026-09-26 20:06:02,558][INFO|database.py-upgrade_schema:285] >> 테이블 'mysafetymerge_traffic' 생성 중...
[2026-09-26 20:06:02,564][INFO|database.py-_apply_versioned_migrations:452] >> [schema] DB 스키마 버전 1 적용
/home/better0101/projects/safetyreport/.venv/lib/python3.14/site-packages/sqlalchemy/sql/compiler.py:1454: ResourceWarning: unclosed database in <sqlite3.Connection object at 0x7eb48c3b1210>
  self.anon_map = prefix_anon_map()
ResourceWarning: Enable tracemalloc to get the object allocation traceback
[2026-09-26 20:06:02,575][INFO|database.py-_apply_versioned_migrations:452] >> [schema] DB 스키마 버전 2 적용
[2026-09-26 20:06:02,577][INFO|database.py-_apply_versioned_migrations:452] >> [schema] DB 스키마 버전 3 적용
[2026-09-26 20:06:02,593][INFO|database.py-_apply_versioned_migrations:452] >> [schema] DB 스키마 버전 4 적용
[2026-09-26 20:06:02,620][INFO|duplicate_group_service.py-_log_info:53] >> [duplicate] payload exact 중복군 0개, 멤버 0건 재생성
[2026-09-26 20:06:02,661][INFO|start.py-_run_rebuild_process:289] >> [rebuild] 목록 수집 시작 (run af6451fe5cd7494b9f5b5fc5f609b612)
[2026-09-26 20:06:02,668][INFO|database.py-title_to_sql:694] >> 총 3건 title 테이블 upsert 완료. (신규: 3건)
[2026-09-26 20:06:02,672][INFO|start.py-_rebuild_register_list:187] >> [rebuild] 목록 등록 완료: 3건 (신규 3건)
[2026-09-26 20:06:02,673][INFO|start.py-_run_rebuild_process:318] >> [rebuild] 상세 크롤링 대상 3건 (checkpoint: 미완료만)
[2026-09-26 20:06:02,680][INFO|start.py-_rebuild_consume_details:275] >> [rebuild] 상세 저장 3건 (변경/신규 3건)
.[2026-09-26 20:06:02,705][INFO|database.py-upgrade_schema:285] >> 테이블 'admin_users' 생성 중...
[2026-09-26 20:06:02,707][INFO|database.py-upgrade_schema:285] >> 테이블 'api_keys' 생성 중...
[2026-09-26 20:06:02,709][INFO|database.py-upgrade_schema:285] >> 테이블 'mysafety' 생성 중...
[2026-09-26 20:06:02,710][INFO|database.py-upgrade_schema:285] >> 테이블 'mysafety_change_cursor' 생성 중...
[2026-09-26 20:06:02,712][INFO|database.py-upgrade_schema:285] >> 테이블 'mysafety_change_log' 생성 중...
[2026-09-26 20:06:02,713][INFO|database.py-upgrade_schema:285] >> 테이블 'mysafety_duplicate_decision' 생성 중...
[2026-09-26 20:06:02,715][INFO|database.py-upgrade_schema:285] >> 테이블 'mysafety_duplicate_group' 생성 중...
[2026-09-26 20:06:02,716][INFO|database.py-upgrade_schema:285] >> 테이블 'mysafety_duplicate_member' 생성 중...
[2026-09-26 20:06:02,720][INFO|database.py-upgrade_schema:285] >> 테이블 'mysafety_entry_value' 생성 중...
[2026-09-26 20:06:02,722][INFO|database.py-upgrade_schema:285] >> 테이블 'mysafety_geocode_cache' 생성 중...
[2026-09-26 20:06:02,723][INFO|database.py-upgrade_schema:285] >> 테이블 'mysafety_raw_content' 생성 중...
[2026-09-26 20:06:02,725][INFO|database.py-upgrade_schema:285] >> 테이블 'mysafety_report_override' 생성 중...
[2026-09-26 20:06:02,727][INFO|database.py-upgrade_schema:285] >> 테이블 'mysafety_sync_meta' 생성 중...
[2026-09-26 20:06:02,729][INFO|database.py-upgrade_schema:285] >> 테이블 'mysafety_watchlist' 생성 중...
[2026-09-26 20:06:02,731][INFO|database.py-upgrade_schema:285] >> 테이블 'mysafetydetail_other' 생성 중...
[2026-09-26 20:06:02,734][INFO|database.py-upgrade_schema:285] >> 테이블 'mysafetydetail_parking' 생성 중...
[2026-09-26 20:06:02,736][INFO|database.py-upgrade_schema:285] >> 테이블 'mysafetydetail_traffic' 생성 중...
[2026-09-26 20:06:02,738][INFO|database.py-upgrade_schema:285] >> 테이블 'mysafetymerge_other' 생성 중...
[2026-09-26 20:06:02,740][INFO|database.py-upgrade_schema:285] >> 테이블 'mysafetymerge_parking' 생성 중...
[2026-09-26 20:06:02,742][INFO|database.py-upgrade_schema:285] >> 테이블 'mysafetymerge_traffic' 생성 중...
[2026-09-26 20:06:02,745][INFO|database.py-_apply_versioned_migrations:452] >> [schema] DB 스키마 버전 1 적용
[2026-09-26 20:06:02,757][INFO|database.py-_apply_versioned_migrations:452] >> [schema] DB 스키마 버전 2 적용
[2026-09-26 20:06:02,760][INFO|database.py-_apply_versioned_migrations:452] >> [schema] DB 스키마 버전 3 적용
/home/better0101/projects/safetyreport/.venv/lib/python3.14/site-packages/sqlalchemy/sql/visitors.py:126: ResourceWarning: unclosed database in <sqlite3.Connection object at 0x7eb48c3b08b0>
  def _compiler_dispatch(
ResourceWarning: Enable tracemalloc to get the object allocation traceback
[2026-09-26 20:06:02,786][INFO|database.py-_apply_versioned_migrations:452] >> [schema] DB 스키마 버전 4 적용
[2026-09-26 20:06:02,812][INFO|duplicate_group_service.py-_log_info:53] >> [duplicate] payload exact 중복군 0개, 멤버 0건 재생성
.[2026-09-26 20:06:02,875][INFO|database.py-upgrade_schema:285] >> 테이블 'admin_users' 생성 중...
[2026-09-26 20:06:02,880][INFO|database.py-upgrade_schema:285] >> 테이블 'api_keys' 생성 중...
[2026-09-26 20:06:02,883][INFO|database.py-upgrade_schema:285] >> 테이블 'mysafety' 생성 중...
[2026-09-26 20:06:02,885][INFO|database.py-upgrade_schema:285] >> 테이블 'mysafety_change_cursor' 생성 중...
[2026-09-26 20:06:02,886][INFO|database.py-upgrade_schema:285] >> 테이블 'mysafety_change_log' 생성 중...
[2026-09-26 20:06:02,887][INFO|database.py-upgrade_schema:285] >> 테이블 'mysafety_duplicate_decision' 생성 중...
[2026-09-26 20:06:02,889][INFO|database.py-upgrade_schema:285] >> 테이블 'mysafety_duplicate_group' 생성 중...
[2026-09-26 20:06:02,890][INFO|database.py-upgrade_schema:285] >> 테이블 'mysafety_duplicate_member' 생성 중...
[2026-09-26 20:06:02,892][INFO|database.py-upgrade_schema:285] >> 테이블 'mysafety_entry_value' 생성 중...
[2026-09-26 20:06:02,893][INFO|database.py-upgrade_schema:285] >> 테이블 'mysafety_geocode_cache' 생성 중...
[2026-09-26 20:06:02,894][INFO|database.py-upgrade_schema:285] >> 테이블 'mysafety_raw_content' 생성 중...
[2026-09-26 20:06:02,896][INFO|database.py-upgrade_schema:285] >> 테이블 'mysafety_report_override' 생성 중...
[2026-09-26 20:06:02,897][INFO|database.py-upgrade_schema:285] >> 테이블 'mysafety_sync_meta' 생성 중...
[2026-09-26 20:06:02,899][INFO|database.py-upgrade_schema:285] >> 테이블 'mysafety_watchlist' 생성 중...
[2026-09-26 20:06:02,900][INFO|database.py-upgrade_schema:285] >> 테이블 'mysafetydetail_other' 생성 중...
[2026-09-26 20:06:02,902][INFO|database.py-upgrade_schema:285] >> 테이블 'mysafetydetail_parking' 생성 중...
[2026-09-26 20:06:02,904][INFO|database.py-upgrade_schema:285] >> 테이블 'mysafetydetail_traffic' 생성 중...
[2026-09-26 20:06:02,906][INFO|database.py-upgrade_schema:285] >> 테이블 'mysafetymerge_other' 생성 중...
[2026-09-26 20:06:02,911][INFO|database.py-upgrade_schema:285] >> 테이블 'mysafetymerge_parking' 생성 중...
[2026-09-26 20:06:02,913][INFO|database.py-upgrade_schema:285] >> 테이블 'mysafetymerge_traffic' 생성 중...
[2026-09-26 20:06:02,922][INFO|database.py-_apply_versioned_migrations:452] >> [schema] DB 스키마 버전 1 적용
[2026-09-26 20:06:02,928][INFO|database.py-_apply_versioned_migrations:452] >> [schema] DB 스키마 버전 2 적용
[2026-09-26 20:06:02,933][INFO|database.py-_apply_versioned_migrations:452] >> [schema] DB 스키마 버전 3 적용
[2026-09-26 20:06:02,945][INFO|database.py-_apply_versioned_migrations:452] >> [schema] DB 스키마 버전 4 적용
[2026-09-26 20:06:02,973][INFO|duplicate_group_service.py-_log_info:53] >> [duplicate] payload exact 중복군 0개, 멤버 0건 재생성
[2026-09-26 20:06:03,028][INFO|start.py-_run_rebuild_process:289] >> [rebuild] 목록 수집 시작 (run eb8d612cad704faaa65d1eb627d18b7a)
[2026-09-26 20:06:03,035][INFO|database.py-title_to_sql:694] >> 총 3건 title 테이블 upsert 완료. (신규: 3건)
[2026-09-26 20:06:03,037][INFO|start.py-_rebuild_register_list:187] >> [rebuild] 목록 등록 완료: 3건 (신규 3건)
[2026-09-26 20:06:03,038][INFO|start.py-_run_rebuild_process:318] >> [rebuild] 상세 크롤링 대상 3건 (checkpoint: 미완료만)
[2026-09-26 20:06:03,049][INFO|start.py-_rebuild_consume_details:275] >> [rebuild] 상세 저장 3건 (변경/신규 3건)
.[2026-09-26 20:06:03,067][INFO|database.py-upgrade_schema:285] >> 테이블 'admin_users' 생성 중...
[2026-09-26 20:06:03,073][INFO|database.py-upgrade_schema:285] >> 테이블 'api_keys' 생성 중...
[2026-09-26 20:06:03,075][INFO|database.py-upgrade_schema:285] >> 테이블 'mysafety' 생성 중...
[2026-09-26 20:06:03,076][INFO|database.py-upgrade_schema:285] >> 테이블 'mysafety_change_cursor' 생성 중...
[2026-09-26 20:06:03,078][INFO|database.py-upgrade_schema:285] >> 테이블 'mysafety_change_log' 생성 중...
[2026-09-26 20:06:03,080][INFO|database.py-upgrade_schema:285] >> 테이블 'mysafety_duplicate_decision' 생성 중...
[2026-09-26 20:06:03,081][INFO|database.py-upgrade_schema:285] >> 테이블 'mysafety_duplicate_group' 생성 중...
[2026-09-26 20:06:03,089][INFO|database.py-upgrade_schema:285] >> 테이블 'mysafety_duplicate_member' 생성 중...
[2026-09-26 20:06:03,092][INFO|database.py-upgrade_schema:285] >> 테이블 'mysafety_entry_value' 생성 중...
[2026-09-26 20:06:03,094][INFO|database.py-upgrade_schema:285] >> 테이블 'mysafety_geocode_cache' 생성 중...
[2026-09-26 20:06:03,096][INFO|database.py-upgrade_schema:285] >> 테이블 'mysafety_raw_content' 생성 중...
[2026-09-26 20:06:03,098][INFO|database.py-upgrade_schema:285] >> 테이블 'mysafety_report_override' 생성 중...
[2026-09-26 20:06:03,100][INFO|database.py-upgrade_schema:285] >> 테이블 'mysafety_sync_meta' 생성 중...
[2026-09-26 20:06:03,101][INFO|database.py-upgrade_schema:285] >> 테이블 'mysafety_watchlist' 생성 중...
[2026-09-26 20:06:03,103][INFO|database.py-upgrade_schema:285] >> 테이블 'mysafetydetail_other' 생성 중...
[2026-09-26 20:06:03,105][INFO|database.py-upgrade_schema:285] >> 테이블 'mysafetydetail_parking' 생성 중...
[2026-09-26 20:06:03,107][INFO|database.py-upgrade_schema:285] >> 테이블 'mysafetydetail_traffic' 생성 중...
[2026-09-26 20:06:03,110][INFO|database.py-upgrade_schema:285] >> 테이블 'mysafetymerge_other' 생성 중...
[2026-09-26 20:06:03,113][INFO|database.py-upgrade_schema:285] >> 테이블 'mysafetymerge_parking' 생성 중...
[2026-09-26 20:06:03,115][INFO|database.py-upgrade_schema:285] >> 테이블 'mysafetymerge_traffic' 생성 중...
[2026-09-26 20:06:03,119][INFO|database.py-_apply_versioned_migrations:452] >> [schema] DB 스키마 버전 1 적용
[2026-09-26 20:06:03,129][INFO|database.py-_apply_versioned_migrations:452] >> [schema] DB 스키마 버전 2 적용
[2026-09-26 20:06:03,131][INFO|database.py-_apply_versioned_migrations:452] >> [schema] DB 스키마 버전 3 적용
[2026-09-26 20:06:03,156][INFO|database.py-_apply_versioned_migrations:452] >> [schema] DB 스키마 버전 4 적용
[2026-09-26 20:06:03,187][INFO|duplicate_group_service.py-_log_info:53] >> [duplicate] payload exact 중복군 0개, 멤버 0건 재생성
[2026-09-26 20:06:03,229][WARNING|crawl_control.py-_refuse_ambiguous:94] >> [crawl] 요청 번호 모호성 검사 생략: DatabaseError
.[2026-09-26 20:06:03,244][INFO|database.py-upgrade_schema:285] >> 테이블 'admin_users' 생성 중...
[2026-09-26 20:06:03,251][INFO|database.py-upgrade_schema:285] >> 테이블 'api_keys' 생성 중...
[2026-09-26 20:06:03,253][INFO|database.py-upgrade_schema:285] >> 테이블 'mysafety' 생성 중...
[2026-09-26 20:06:03,254][INFO|database.py-upgrade_schema:285] >> 테이블 'mysafety_change_cursor' 생성 중...
[2026-09-26 20:06:03,256][INFO|database.py-upgrade_schema:285] >> 테이블 'mysafety_change_log' 생성 중...
[2026-09-26 20:06:03,257][INFO|database.py-upgrade_schema:285] >> 테이블 'mysafety_duplicate_decision' 생성 중...
[2026-09-26 20:06:03,259][INFO|database.py-upgrade_schema:285] >> 테이블 'mysafety_duplicate_group' 생성 중...
[2026-09-26 20:06:03,261][INFO|database.py-upgrade_schema:285] >> 테이블 'mysafety_duplicate_member' 생성 중...
[2026-09-26 20:06:03,263][INFO|database.py-upgrade_schema:285] >> 테이블 'mysafety_entry_value' 생성 중...
[2026-09-26 20:06:03,264][INFO|database.py-upgrade_schema:285] >> 테이블 'mysafety_geocode_cache' 생성 중...
[2026-09-26 20:06:03,269][INFO|database.py-upgrade_schema:285] >> 테이블 'mysafety_raw_content' 생성 중...
[2026-09-26 20:06:03,270][INFO|database.py-upgrade_schema:285] >> 테이블 'mysafety_report_override' 생성 중...
[2026-09-26 20:06:03,272][INFO|database.py-upgrade_schema:285] >> 테이블 'mysafety_sync_meta' 생성 중...
[2026-09-26 20:06:03,274][INFO|database.py-upgrade_schema:285] >> 테이블 'mysafety_watchlist' 생성 중...
[2026-09-26 20:06:03,276][INFO|database.py-upgrade_schema:285] >> 테이블 'mysafetydetail_other' 생성 중...
[2026-09-26 20:06:03,279][INFO|database.py-upgrade_schema:285] >> 테이블 'mysafetydetail_parking' 생성 중...
[2026-09-26 20:06:03,281][INFO|database.py-upgrade_schema:285] >> 테이블 'mysafetydetail_traffic' 생성 중...
[2026-09-26 20:06:03,283][INFO|database.py-upgrade_schema:285] >> 테이블 'mysafetymerge_other' 생성 중...
[2026-09-26 20:06:03,285][INFO|database.py-upgrade_schema:285] >> 테이블 'mysafetymerge_parking' 생성 중...
[2026-09-26 20:06:03,287][INFO|database.py-upgrade_schema:285] >> 테이블 'mysafetymerge_traffic' 생성 중...
[2026-09-26 20:06:03,291][INFO|database.py-_apply_versioned_migrations:452] >> [schema] DB 스키마 버전 1 적용
[2026-09-26 20:06:03,297][INFO|database.py-_apply_versioned_migrations:452] >> [schema] DB 스키마 버전 2 적용
/home/better0101/projects/safetyreport/.venv/lib/python3.14/site-packages/sqlalchemy/pool/base.py:1494: ResourceWarning: unclosed database in <sqlite3.Connection object at 0x7eb484529030>
  return self.dbapi_connection.cursor(*args, **kwargs)
ResourceWarning: Enable tracemalloc to get the object allocation traceback
[2026-09-26 20:06:03,303][INFO|database.py-_apply_versioned_migrations:452] >> [schema] DB 스키마 버전 3 적용
[2026-09-26 20:06:03,320][INFO|database.py-_apply_versioned_migrations:452] >> [schema] DB 스키마 버전 4 적용
[2026-09-26 20:06:03,346][INFO|duplicate_group_service.py-_log_info:53] >> [duplicate] payload exact 중복군 0개, 멤버 0건 재생성
.[2026-09-26 20:06:03,361][INFO|database.py-upgrade_schema:285] >> 테이블 'admin_users' 생성 중...
[2026-09-26 20:06:03,367][INFO|database.py-upgrade_schema:285] >> 테이블 'api_keys' 생성 중...
[2026-09-26 20:06:03,369][INFO|database.py-upgrade_schema:285] >> 테이블 'mysafety' 생성 중...
[2026-09-26 20:06:03,374][INFO|database.py-upgrade_schema:285] >> 테이블 'mysafety_change_cursor' 생성 중...
[2026-09-26 20:06:03,378][INFO|database.py-upgrade_schema:285] >> 테이블 'mysafety_change_log' 생성 중...
[2026-09-26 20:06:03,380][INFO|database.py-upgrade_schema:285] >> 테이블 'mysafety_duplicate_decision' 생성 중...
[2026-09-26 20:06:03,385][INFO|database.py-upgrade_schema:285] >> 테이블 'mysafety_duplicate_group' 생성 중...
[2026-09-26 20:06:03,388][INFO|database.py-upgrade_schema:285] >> 테이블 'mysafety_duplicate_member' 생성 중...
[2026-09-26 20:06:03,390][INFO|database.py-upgrade_schema:285] >> 테이블 'mysafety_entry_value' 생성 중...
[2026-09-26 20:06:03,392][INFO|database.py-upgrade_schema:285] >> 테이블 'mysafety_geocode_cache' 생성 중...
[2026-09-26 20:06:03,394][INFO|database.py-upgrade_schema:285] >> 테이블 'mysafety_raw_content' 생성 중...
[2026-09-26 20:06:03,395][INFO|database.py-upgrade_schema:285] >> 테이블 'mysafety_report_override' 생성 중...
[2026-09-26 20:06:03,397][INFO|database.py-upgrade_schema:285] >> 테이블 'mysafety_sync_meta' 생성 중...
[2026-09-26 20:06:03,399][INFO|database.py-upgrade_schema:285] >> 테이블 'mysafety_watchlist' 생성 중...
[2026-09-26 20:06:03,400][INFO|database.py-upgrade_schema:285] >> 테이블 'mysafetydetail_other' 생성 중...
[2026-09-26 20:06:03,406][INFO|database.py-upgrade_schema:285] >> 테이블 'mysafetydetail_parking' 생성 중...
[2026-09-26 20:06:03,408][INFO|database.py-upgrade_schema:285] >> 테이블 'mysafetydetail_traffic' 생성 중...
[2026-09-26 20:06:03,413][INFO|database.py-upgrade_schema:285] >> 테이블 'mysafetymerge_other' 생성 중...
[2026-09-26 20:06:03,419][INFO|database.py-upgrade_schema:285] >> 테이블 'mysafetymerge_parking' 생성 중...
[2026-09-26 20:06:03,421][INFO|database.py-upgrade_schema:285] >> 테이블 'mysafetymerge_traffic' 생성 중...
[2026-09-26 20:06:03,426][INFO|database.py-_apply_versioned_migrations:452] >> [schema] DB 스키마 버전 1 적용
[2026-09-26 20:06:03,431][INFO|database.py-_apply_versioned_migrations:452] >> [schema] DB 스키마 버전 2 적용
[2026-09-26 20:06:03,433][INFO|database.py-_apply_versioned_migrations:452] >> [schema] DB 스키마 버전 3 적용
[2026-09-26 20:06:03,444][INFO|database.py-_apply_versioned_migrations:452] >> [schema] DB 스키마 버전 4 적용
/home/better0101/projects/safetyreport/.venv/lib/python3.14/site-packages/sqlalchemy/sql/compiler.py:3393: ResourceWarning: unclosed database in <sqlite3.Connection object at 0x7eb48c3b0a90>
  def visit_binary(
ResourceWarning: Enable tracemalloc to get the object allocation traceback
[2026-09-26 20:06:03,478][INFO|duplicate_group_service.py-_log_info:53] >> [duplicate] payload exact 중복군 0개, 멤버 0건 재생성
.[2026-09-26 20:06:03,493][INFO|database.py-upgrade_schema:285] >> 테이블 'admin_users' 생성 중...
[2026-09-26 20:06:03,502][INFO|database.py-upgrade_schema:285] >> 테이블 'api_keys' 생성 중...
[2026-09-26 20:06:03,504][INFO|database.py-upgrade_schema:285] >> 테이블 'mysafety' 생성 중...
[2026-09-26 20:06:03,506][INFO|database.py-upgrade_schema:285] >> 테이블 'mysafety_change_cursor' 생성 중...
[2026-09-26 20:06:03,508][INFO|database.py-upgrade_schema:285] >> 테이블 'mysafety_change_log' 생성 중...
[2026-09-26 20:06:03,510][INFO|database.py-upgrade_schema:285] >> 테이블 'mysafety_duplicate_decision' 생성 중...
[2026-09-26 20:06:03,511][INFO|database.py-upgrade_schema:285] >> 테이블 'mysafety_duplicate_group' 생성 중...
[2026-09-26 20:06:03,516][INFO|database.py-upgrade_schema:285] >> 테이블 'mysafety_duplicate_member' 생성 중...
[2026-09-26 20:06:03,518][INFO|database.py-upgrade_schema:285] >> 테이블 'mysafety_entry_value' 생성 중...
[2026-09-26 20:06:03,526][INFO|database.py-upgrade_schema:285] >> 테이블 'mysafety_geocode_cache' 생성 중...
[2026-09-26 20:06:03,528][INFO|database.py-upgrade_schema:285] >> 테이블 'mysafety_raw_content' 생성 중...
[2026-09-26 20:06:03,530][INFO|database.py-upgrade_schema:285] >> 테이블 'mysafety_report_override' 생성 중...
[2026-09-26 20:06:03,532][INFO|database.py-upgrade_schema:285] >> 테이블 'mysafety_sync_meta' 생성 중...
[2026-09-26 20:06:03,534][INFO|database.py-upgrade_schema:285] >> 테이블 'mysafety_watchlist' 생성 중...
[2026-09-26 20:06:03,536][INFO|database.py-upgrade_schema:285] >> 테이블 'mysafetydetail_other' 생성 중...
[2026-09-26 20:06:03,538][INFO|database.py-upgrade_schema:285] >> 테이블 'mysafetydetail_parking' 생성 중...
[2026-09-26 20:06:03,541][INFO|database.py-upgrade_schema:285] >> 테이블 'mysafetydetail_traffic' 생성 중...
[2026-09-26 20:06:03,542][INFO|database.py-upgrade_schema:285] >> 테이블 'mysafetymerge_other' 생성 중...
[2026-09-26 20:06:03,545][INFO|database.py-upgrade_schema:285] >> 테이블 'mysafetymerge_parking' 생성 중...
[2026-09-26 20:06:03,546][INFO|database.py-upgrade_schema:285] >> 테이블 'mysafetymerge_traffic' 생성 중...
[2026-09-26 20:06:03,550][INFO|database.py-_apply_versioned_migrations:452] >> [schema] DB 스키마 버전 1 적용
[2026-09-26 20:06:03,557][INFO|database.py-_apply_versioned_migrations:452] >> [schema] DB 스키마 버전 2 적용
[2026-09-26 20:06:03,559][INFO|database.py-_apply_versioned_migrations:452] >> [schema] DB 스키마 버전 3 적용
[2026-09-26 20:06:03,571][INFO|database.py-_apply_versioned_migrations:452] >> [schema] DB 스키마 버전 4 적용
[2026-09-26 20:06:03,597][INFO|duplicate_group_service.py-_log_info:53] >> [duplicate] payload exact 중복군 0개, 멤버 0건 재생성
...[2026-09-26 20:06:03,613][INFO|database.py-upgrade_schema:285] >> 테이블 'admin_users' 생성 중...
[2026-09-26 20:06:03,616][INFO|database.py-upgrade_schema:285] >> 테이블 'api_keys' 생성 중...
[2026-09-26 20:06:03,618][INFO|database.py-upgrade_schema:285] >> 테이블 'mysafety' 생성 중...
[2026-09-26 20:06:03,619][INFO|database.py-upgrade_schema:285] >> 테이블 'mysafety_change_cursor' 생성 중...
[2026-09-26 20:06:03,621][INFO|database.py-upgrade_schema:285] >> 테이블 'mysafety_change_log' 생성 중...
[2026-09-26 20:06:03,622][INFO|database.py-upgrade_schema:285] >> 테이블 'mysafety_duplicate_decision' 생성 중...
[2026-09-26 20:06:03,623][INFO|database.py-upgrade_schema:285] >> 테이블 'mysafety_duplicate_group' 생성 중...
[2026-09-26 20:06:03,625][INFO|database.py-upgrade_schema:285] >> 테이블 'mysafety_duplicate_member' 생성 중...
[2026-09-26 20:06:03,626][INFO|database.py-upgrade_schema:285] >> 테이블 'mysafety_entry_value' 생성 중...
[2026-09-26 20:06:03,627][INFO|database.py-upgrade_schema:285] >> 테이블 'mysafety_geocode_cache' 생성 중...
[2026-09-26 20:06:03,628][INFO|database.py-upgrade_schema:285] >> 테이블 'mysafety_raw_content' 생성 중...
[2026-09-26 20:06:03,639][INFO|database.py-upgrade_schema:285] >> 테이블 'mysafety_report_override' 생성 중...
[2026-09-26 20:06:03,642][INFO|database.py-upgrade_schema:285] >> 테이블 'mysafety_sync_meta' 생성 중...
[2026-09-26 20:06:03,644][INFO|database.py-upgrade_schema:285] >> 테이블 'mysafety_watchlist' 생성 중...
[2026-09-26 20:06:03,645][INFO|database.py-upgrade_schema:285] >> 테이블 'mysafetydetail_other' 생성 중...
[2026-09-26 20:06:03,647][INFO|database.py-upgrade_schema:285] >> 테이블 'mysafetydetail_parking' 생성 중...
[2026-09-26 20:06:03,649][INFO|database.py-upgrade_schema:285] >> 테이블 'mysafetydetail_traffic' 생성 중...
[2026-09-26 20:06:03,650][INFO|database.py-upgrade_schema:285] >> 테이블 'mysafetymerge_other' 생성 중...
[2026-09-26 20:06:03,652][INFO|database.py-upgrade_schema:285] >> 테이블 'mysafetymerge_parking' 생성 중...
[2026-09-26 20:06:03,654][INFO|database.py-upgrade_schema:285] >> 테이블 'mysafetymerge_traffic' 생성 중...
[2026-09-26 20:06:03,657][INFO|database.py-_apply_versioned_migrations:452] >> [schema] DB 스키마 버전 1 적용
[2026-09-26 20:06:03,663][INFO|database.py-_apply_versioned_migrations:452] >> [schema] DB 스키마 버전 2 적용
[2026-09-26 20:06:03,666][INFO|database.py-_apply_versioned_migrations:452] >> [schema] DB 스키마 버전 3 적용
[2026-09-26 20:06:03,683][INFO|database.py-_apply_versioned_migrations:452] >> [schema] DB 스키마 버전 4 적용
[2026-09-26 20:06:03,707][INFO|duplicate_group_service.py-_log_info:53] >> [duplicate] payload exact 중복군 0개, 멤버 0건 재생성
[2026-09-26 20:06:03,753][INFO|_client.py-_send_single_request:1025] >> HTTP Request: GET http://testserver/api/v1/community/rebuild "HTTP/1.1 200 OK"
[2026-09-26 20:06:03,756][INFO|_client.py-_send_single_request:1025] >> HTTP Request: POST http://testserver/api/v1/community/rebuild/start "HTTP/1.1 403 Forbidden"
[2026-09-26 20:06:03,759][INFO|_client.py-_send_single_request:1025] >> HTTP Request: POST http://testserver/api/v1/community/rebuild/start "HTTP/1.1 403 Forbidden"
[2026-09-26 20:06:03,772][INFO|_client.py-_send_single_request:1025] >> HTTP Request: POST http://testserver/api/v1/community/rebuild/start "HTTP/1.1 200 OK"
.[2026-09-26 20:06:03,785][INFO|database.py-upgrade_schema:285] >> 테이블 'admin_users' 생성 중...
[2026-09-26 20:06:03,788][INFO|database.py-upgrade_schema:285] >> 테이블 'api_keys' 생성 중...
[2026-09-26 20:06:03,789][INFO|database.py-upgrade_schema:285] >> 테이블 'mysafety' 생성 중...
[2026-09-26 20:06:03,791][INFO|database.py-upgrade_schema:285] >> 테이블 'mysafety_change_cursor' 생성 중...
[2026-09-26 20:06:03,792][INFO|database.py-upgrade_schema:285] >> 테이블 'mysafety_change_log' 생성 중...
[2026-09-26 20:06:03,793][INFO|database.py-upgrade_schema:285] >> 테이블 'mysafety_duplicate_decision' 생성 중...
[2026-09-26 20:06:03,795][INFO|database.py-upgrade_schema:285] >> 테이블 'mysafety_duplicate_group' 생성 중...
[2026-09-26 20:06:03,796][INFO|database.py-upgrade_schema:285] >> 테이블 'mysafety_duplicate_member' 생성 중...
[2026-09-26 20:06:03,798][INFO|database.py-upgrade_schema:285] >> 테이블 'mysafety_entry_value' 생성 중...
[2026-09-26 20:06:03,799][INFO|database.py-upgrade_schema:285] >> 테이블 'mysafety_geocode_cache' 생성 중...
[2026-09-26 20:06:03,800][INFO|database.py-upgrade_schema:285] >> 테이블 'mysafety_raw_content' 생성 중...
[2026-09-26 20:06:03,802][INFO|database.py-upgrade_schema:285] >> 테이블 'mysafety_report_override' 생성 중...
[2026-09-26 20:06:03,804][INFO|database.py-upgrade_schema:285] >> 테이블 'mysafety_sync_meta' 생성 중...
[2026-09-26 20:06:03,806][INFO|database.py-upgrade_schema:285] >> 테이블 'mysafety_watchlist' 생성 중...
[2026-09-26 20:06:03,808][INFO|database.py-upgrade_schema:285] >> 테이블 'mysafetydetail_other' 생성 중...
[2026-09-26 20:06:03,810][INFO|database.py-upgrade_schema:285] >> 테이블 'mysafetydetail_parking' 생성 중...
[2026-09-26 20:06:03,813][INFO|database.py-upgrade_schema:285] >> 테이블 'mysafetydetail_traffic' 생성 중...
[2026-09-26 20:06:03,816][INFO|database.py-upgrade_schema:285] >> 테이블 'mysafetymerge_other' 생성 중...
[2026-09-26 20:06:03,818][INFO|database.py-upgrade_schema:285] >> 테이블 'mysafetymerge_parking' 생성 중...
[2026-09-26 20:06:03,820][INFO|database.py-upgrade_schema:285] >> 테이블 'mysafetymerge_traffic' 생성 중...
[2026-09-26 20:06:03,823][INFO|database.py-_apply_versioned_migrations:452] >> [schema] DB 스키마 버전 1 적용
[2026-09-26 20:06:03,828][INFO|database.py-_apply_versioned_migrations:452] >> [schema] DB 스키마 버전 2 적용
[2026-09-26 20:06:03,830][INFO|database.py-_apply_versioned_migrations:452] >> [schema] DB 스키마 버전 3 적용
/home/better0101/projects/safetyreport/.venv/lib/python3.14/site-packages/sqlalchemy/sql/compiler.py:1436: ResourceWarning: unclosed database in <sqlite3.Connection object at 0x7eb4841224d0>
  self._numeric_binds = nb = dialect.paramstyle.startswith("numeric")
ResourceWarning: Enable tracemalloc to get the object allocation traceback
/home/better0101/projects/safetyreport/.venv/lib/python3.14/site-packages/sqlalchemy/sql/compiler.py:1436: ResourceWarning: unclosed database in <sqlite3.Connection object at 0x7eb4841226b0>
  self._numeric_binds = nb = dialect.paramstyle.startswith("numeric")
ResourceWarning: Enable tracemalloc to get the object allocation traceback
[2026-09-26 20:06:03,854][INFO|database.py-_apply_versioned_migrations:452] >> [schema] DB 스키마 버전 4 적용
[2026-09-26 20:06:03,880][INFO|duplicate_group_service.py-_log_info:53] >> [duplicate] payload exact 중복군 0개, 멤버 0건 재생성
[2026-09-26 20:06:03,921][INFO|_client.py-_send_single_request:1025] >> HTTP Request: GET http://testserver/settings/community/rebuild "HTTP/1.1 200 OK"
.[2026-09-26 20:06:03,931][INFO|database.py-upgrade_schema:285] >> 테이블 'admin_users' 생성 중...
[2026-09-26 20:06:03,934][INFO|database.py-upgrade_schema:285] >> 테이블 'api_keys' 생성 중...
[2026-09-26 20:06:03,936][INFO|database.py-upgrade_schema:285] >> 테이블 'mysafety' 생성 중...
[2026-09-26 20:06:03,937][INFO|database.py-upgrade_schema:285] >> 테이블 'mysafety_change_cursor' 생성 중...
[2026-09-26 20:06:03,939][INFO|database.py-upgrade_schema:285] >> 테이블 'mysafety_change_log' 생성 중...
[2026-09-26 20:06:03,940][INFO|database.py-upgrade_schema:285] >> 테이블 'mysafety_duplicate_decision' 생성 중...
[2026-09-26 20:06:03,942][INFO|database.py-upgrade_schema:285] >> 테이블 'mysafety_duplicate_group' 생성 중...
[2026-09-26 20:06:03,943][INFO|database.py-upgrade_schema:285] >> 테이블 'mysafety_duplicate_member' 생성 중...
[2026-09-26 20:06:03,948][INFO|database.py-upgrade_schema:285] >> 테이블 'mysafety_entry_value' 생성 중...
[2026-09-26 20:06:03,952][INFO|database.py-upgrade_schema:285] >> 테이블 'mysafety_geocode_cache' 생성 중...
[2026-09-26 20:06:03,953][INFO|database.py-upgrade_schema:285] >> 테이블 'mysafety_raw_content' 생성 중...
[2026-09-26 20:06:03,955][INFO|database.py-upgrade_schema:285] >> 테이블 'mysafety_report_override' 생성 중...
[2026-09-26 20:06:03,956][INFO|database.py-upgrade_schema:285] >> 테이블 'mysafety_sync_meta' 생성 중...
[2026-09-26 20:06:03,957][INFO|database.py-upgrade_schema:285] >> 테이블 'mysafety_watchlist' 생성 중...
[2026-09-26 20:06:03,959][INFO|database.py-upgrade_schema:285] >> 테이블 'mysafetydetail_other' 생성 중...
[2026-09-26 20:06:03,961][INFO|database.py-upgrade_schema:285] >> 테이블 'mysafetydetail_parking' 생성 중...
[2026-09-26 20:06:03,962][INFO|database.py-upgrade_schema:285] >> 테이블 'mysafetydetail_traffic' 생성 중...
[2026-09-26 20:06:03,964][INFO|database.py-upgrade_schema:285] >> 테이블 'mysafetymerge_other' 생성 중...
[2026-09-26 20:06:03,966][INFO|database.py-upgrade_schema:285] >> 테이블 'mysafetymerge_parking' 생성 중...
[2026-09-26 20:06:03,969][INFO|database.py-upgrade_schema:285] >> 테이블 'mysafetymerge_traffic' 생성 중...
[2026-09-26 20:06:03,975][INFO|database.py-_apply_versioned_migrations:452] >> [schema] DB 스키마 버전 1 적용
[2026-09-26 20:06:03,982][INFO|database.py-_apply_versioned_migrations:452] >> [schema] DB 스키마 버전 2 적용
[2026-09-26 20:06:03,985][INFO|database.py-_apply_versioned_migrations:452] >> [schema] DB 스키마 버전 3 적용
[2026-09-26 20:06:03,996][INFO|database.py-_apply_versioned_migrations:452] >> [schema] DB 스키마 버전 4 적용
/home/better0101/projects/safetyreport/.venv/lib/python3.14/site-packages/sqlalchemy/sql/compiler.py:740: ResourceWarning: unclosed database in <sqlite3.Connection object at 0x7eb484123100>
  stack.extendleft(edge[not edge.index(node)] for edge in to_remove)
ResourceWarning: Enable tracemalloc to get the object allocation traceback
[2026-09-26 20:06:04,036][INFO|duplicate_group_service.py-_log_info:53] >> [duplicate] payload exact 중복군 0개, 멤버 0건 재생성
[2026-09-26 20:06:04,042][INFO|_client.py-_send_single_request:1025] >> HTTP Request: POST http://testserver/settings/community/rebuild/start "HTTP/1.1 409 Conflict"
.[2026-09-26 20:06:04,058][INFO|database.py-upgrade_schema:285] >> 테이블 'admin_users' 생성 중...
[2026-09-26 20:06:04,062][INFO|database.py-upgrade_schema:285] >> 테이블 'api_keys' 생성 중...
[2026-09-26 20:06:04,063][INFO|database.py-upgrade_schema:285] >> 테이블 'mysafety' 생성 중...
[2026-09-26 20:06:04,065][INFO|database.py-upgrade_schema:285] >> 테이블 'mysafety_change_cursor' 생성 중...
[2026-09-26 20:06:04,067][INFO|database.py-upgrade_schema:285] >> 테이블 'mysafety_change_log' 생성 중...
[2026-09-26 20:06:04,068][INFO|database.py-upgrade_schema:285] >> 테이블 'mysafety_duplicate_decision' 생성 중...
[2026-09-26 20:06:04,070][INFO|database.py-upgrade_schema:285] >> 테이블 'mysafety_duplicate_group' 생성 중...
[2026-09-26 20:06:04,071][INFO|database.py-upgrade_schema:285] >> 테이블 'mysafety_duplicate_member' 생성 중...
[2026-09-26 20:06:04,073][INFO|database.py-upgrade_schema:285] >> 테이블 'mysafety_entry_value' 생성 중...
[2026-09-26 20:06:04,074][INFO|database.py-upgrade_schema:285] >> 테이블 'mysafety_geocode_cache' 생성 중...
[2026-09-26 20:06:04,076][INFO|database.py-upgrade_schema:285] >> 테이블 'mysafety_raw_content' 생성 중...
[2026-09-26 20:06:04,077][INFO|database.py-upgrade_schema:285] >> 테이블 'mysafety_report_override' 생성 중...
[2026-09-26 20:06:04,079][INFO|database.py-upgrade_schema:285] >> 테이블 'mysafety_sync_meta' 생성 중...
[2026-09-26 20:06:04,080][INFO|database.py-upgrade_schema:285] >> 테이블 'mysafety_watchlist' 생성 중...
[2026-09-26 20:06:04,084][INFO|database.py-upgrade_schema:285] >> 테이블 'mysafetydetail_other' 생성 중...
[2026-09-26 20:06:04,087][INFO|database.py-upgrade_schema:285] >> 테이블 'mysafetydetail_parking' 생성 중...
[2026-09-26 20:06:04,092][INFO|database.py-upgrade_schema:285] >> 테이블 'mysafetydetail_traffic' 생성 중...
[2026-09-26 20:06:04,097][INFO|database.py-upgrade_schema:285] >> 테이블 'mysafetymerge_other' 생성 중...
[2026-09-26 20:06:04,099][INFO|database.py-upgrade_schema:285] >> 테이블 'mysafetymerge_parking' 생성 중...
[2026-09-26 20:06:04,101][INFO|database.py-upgrade_schema:285] >> 테이블 'mysafetymerge_traffic' 생성 중...
[2026-09-26 20:06:04,104][INFO|database.py-_apply_versioned_migrations:452] >> [schema] DB 스키마 버전 1 적용
[2026-09-26 20:06:04,111][INFO|database.py-_apply_versioned_migrations:452] >> [schema] DB 스키마 버전 2 적용
[2026-09-26 20:06:04,114][INFO|database.py-_apply_versioned_migrations:452] >> [schema] DB 스키마 버전 3 적용
[2026-09-26 20:06:04,133][INFO|database.py-_apply_versioned_migrations:452] >> [schema] DB 스키마 버전 4 적용
[2026-09-26 20:06:04,163][INFO|duplicate_group_service.py-_log_info:53] >> [duplicate] payload exact 중복군 0개, 멤버 0건 재생성
[2026-09-26 20:06:04,216][INFO|_client.py-_send_single_request:1025] >> HTTP Request: GET http://testserver/settings/community/rebuild "HTTP/1.1 200 OK"
[2026-09-26 20:06:04,236][INFO|_client.py-_send_single_request:1025] >> HTTP Request: POST http://testserver/settings/community/rebuild/start "HTTP/1.1 200 OK"
[2026-09-26 20:06:04,246][INFO|_client.py-_send_single_request:1025] >> HTTP Request: POST http://testserver/settings/community/rebuild/pause "HTTP/1.1 200 OK"
[2026-09-26 20:06:04,255][INFO|_client.py-_send_single_request:1025] >> HTTP Request: POST http://testserver/settings/community/rebuild/resume "HTTP/1.1 200 OK"
[2026-09-26 20:06:04,257][INFO|_client.py-_send_single_request:1025] >> HTTP Request: POST http://testserver/settings/community/rebuild/start "HTTP/1.1 400 Bad Request"
.[2026-09-26 20:06:04,316][INFO|community_schedule.py-catch_up_on_start:187] >> [community] midnight catch-up: succeeded
.[2026-09-26 20:06:04,366][INFO|base.py-add_job:454] >> Adding job tentatively -- it will be properly scheduled when the scheduler starts
[2026-09-26 20:06:04,366][INFO|base.py-add_job:454] >> Adding job tentatively -- it will be properly scheduled when the scheduler starts
[2026-09-26 20:06:04,366][INFO|base.py-remove_job:641] >> Removed job community-midnight-upload
[2026-09-26 20:06:04,366][INFO|base.py-remove_job:641] >> Removed job community-gate-poll
[2026-09-26 20:06:04,366][INFO|base.py-add_job:454] >> Adding job tentatively -- it will be properly scheduled when the scheduler starts
[2026-09-26 20:06:04,366][INFO|base.py-add_job:454] >> Adding job tentatively -- it will be properly scheduled when the scheduler starts
............[2026-09-26 20:06:04,473][INFO|database.py-upgrade_schema:285] >> 테이블 'admin_users' 생성 중...
[2026-09-26 20:06:04,476][INFO|database.py-upgrade_schema:285] >> 테이블 'api_keys' 생성 중...
[2026-09-26 20:06:04,478][INFO|database.py-upgrade_schema:285] >> 테이블 'mysafety' 생성 중...
[2026-09-26 20:06:04,480][INFO|database.py-upgrade_schema:285] >> 테이블 'mysafety_change_cursor' 생성 중...
[2026-09-26 20:06:04,481][INFO|database.py-upgrade_schema:285] >> 테이블 'mysafety_change_log' 생성 중...
[2026-09-26 20:06:04,482][INFO|database.py-upgrade_schema:285] >> 테이블 'mysafety_duplicate_decision' 생성 중...
[2026-09-26 20:06:04,484][INFO|database.py-upgrade_schema:285] >> 테이블 'mysafety_duplicate_group' 생성 중...
[2026-09-26 20:06:04,489][INFO|database.py-upgrade_schema:285] >> 테이블 'mysafety_duplicate_member' 생성 중...
[2026-09-26 20:06:04,491][INFO|database.py-upgrade_schema:285] >> 테이블 'mysafety_entry_value' 생성 중...
[2026-09-26 20:06:04,492][INFO|database.py-upgrade_schema:285] >> 테이블 'mysafety_geocode_cache' 생성 중...
[2026-09-26 20:06:04,495][INFO|database.py-upgrade_schema:285] >> 테이블 'mysafety_raw_content' 생성 중...
[2026-09-26 20:06:04,497][INFO|database.py-upgrade_schema:285] >> 테이블 'mysafety_report_override' 생성 중...
[2026-09-26 20:06:04,500][INFO|database.py-upgrade_schema:285] >> 테이블 'mysafety_sync_meta' 생성 중...
[2026-09-26 20:06:04,502][INFO|database.py-upgrade_schema:285] >> 테이블 'mysafety_watchlist' 생성 중...
[2026-09-26 20:06:04,503][INFO|database.py-upgrade_schema:285] >> 테이블 'mysafetydetail_other' 생성 중...
[2026-09-26 20:06:04,505][INFO|database.py-upgrade_schema:285] >> 테이블 'mysafetydetail_parking' 생성 중...
[2026-09-26 20:06:04,507][INFO|database.py-upgrade_schema:285] >> 테이블 'mysafetydetail_traffic' 생성 중...
[2026-09-26 20:06:04,509][INFO|database.py-upgrade_schema:285] >> 테이블 'mysafetymerge_other' 생성 중...
[2026-09-26 20:06:04,511][INFO|database.py-upgrade_schema:285] >> 테이블 'mysafetymerge_parking' 생성 중...
[2026-09-26 20:06:04,513][INFO|database.py-upgrade_schema:285] >> 테이블 'mysafetymerge_traffic' 생성 중...
[2026-09-26 20:06:04,516][INFO|database.py-_apply_versioned_migrations:452] >> [schema] DB 스키마 버전 1 적용
[2026-09-26 20:06:04,522][INFO|database.py-_apply_versioned_migrations:452] >> [schema] DB 스키마 버전 2 적용
[2026-09-26 20:06:04,523][INFO|database.py-_apply_versioned_migrations:452] >> [schema] DB 스키마 버전 3 적용
[2026-09-26 20:06:04,540][INFO|database.py-_apply_versioned_migrations:452] >> [schema] DB 스키마 버전 4 적용
/home/better0101/projects/safetyreport/.venv/lib/python3.14/site-packages/sqlalchemy/sql/base.py:338: ResourceWarning: unclosed database in <sqlite3.Connection object at 0x7eb4841231f0>
  def _de_clone(
ResourceWarning: Enable tracemalloc to get the object allocation traceback
/home/better0101/projects/safetyreport/.venv/lib/python3.14/site-packages/sqlalchemy/sql/base.py:338: ResourceWarning: unclosed database in <sqlite3.Connection object at 0x7eb47c5706d0>
  def _de_clone(
ResourceWarning: Enable tracemalloc to get the object allocation traceback
/home/better0101/projects/safetyreport/.venv/lib/python3.14/site-packages/sqlalchemy/sql/base.py:338: ResourceWarning: unclosed database in <sqlite3.Connection object at 0x7eb47c570b80>
  def _de_clone(
ResourceWarning: Enable tracemalloc to get the object allocation traceback
/home/better0101/projects/safetyreport/.venv/lib/python3.14/site-packages/sqlalchemy/sql/base.py:338: ResourceWarning: unclosed database in <sqlite3.Connection object at 0x7eb47c571030>
  def _de_clone(
ResourceWarning: Enable tracemalloc to get the object allocation traceback
[2026-09-26 20:06:04,572][INFO|duplicate_group_service.py-_log_info:53] >> [duplicate] payload exact 중복군 0개, 멤버 0건 재생성
[2026-09-26 20:06:04,613][INFO|database.py-backfill_synced_at:100] >> [migration] mysafetydetail_traffic synced_at 백필: 12건, 미해결 0건
[2026-09-26 20:06:04,617][INFO|database.py-backfill_synced_at:100] >> [migration] mysafetydetail_parking synced_at 백필: 6건, 미해결 0건
[2026-09-26 20:06:04,621][INFO|database.py-backfill_synced_at:100] >> [migration] mysafetydetail_other synced_at 백필: 6건, 미해결 0건
[2026-09-26 20:06:04,624][INFO|database.py-backfill_synced_at:105] >> [migration] synced_at 백필 완료: 총 24건 갱신, merge 재생성 시작
[2026-09-26 20:06:04,640][INFO|database.py-merge_final:736] >> 최종 데이터 병합 완료 (Traffic/Parking/Other 분리)
[2026-09-26 20:06:04,670][INFO|duplicate_group_service.py-_log_info:53] >> [duplicate] payload exact 중복군 1개, 멤버 2건 재생성
[2026-09-26 20:06:04,678][INFO|database.py-merge_final:736] >> 최종 데이터 병합 완료 (Traffic/Parking/Other 분리)
[2026-09-26 20:06:04,702][INFO|duplicate_group_service.py-_log_info:53] >> [duplicate] payload exact 중복군 1개, 멤버 2건 재생성
[2026-09-26 20:06:04,892][INFO|database.py-_normalize_processing_layers:188] >> [migration] raw/canonical 상태 정규화 완료: 총 5건 갱신
[2026-09-26 20:06:04,909][INFO|database.py-merge_final:736] >> 최종 데이터 병합 완료 (Traffic/Parking/Other 분리)
/home/better0101/projects/safetyreport/.venv/lib/python3.14/site-packages/pandas/core/internals/blocks.py:2216: ResourceWarning: unclosed database in <sqlite3.Connection object at 0x7eb49c816200>
  def get_block_type(dtype: DtypeObj) -> type[Block]:
ResourceWarning: Enable tracemalloc to get the object allocation traceback
/home/better0101/projects/safetyreport/.venv/lib/python3.14/site-packages/pandas/core/internals/blocks.py:2216: ResourceWarning: unclosed database in <sqlite3.Connection object at 0x7eb49c815e40>
  def get_block_type(dtype: DtypeObj) -> type[Block]:
ResourceWarning: Enable tracemalloc to get the object allocation traceback
/home/better0101/projects/safetyreport/.venv/lib/python3.14/site-packages/pandas/core/internals/blocks.py:2216: ResourceWarning: unclosed database in <sqlite3.Connection object at 0x7eb49c816f20>
  def get_block_type(dtype: DtypeObj) -> type[Block]:
ResourceWarning: Enable tracemalloc to get the object allocation traceback
/home/better0101/projects/safetyreport/.venv/lib/python3.14/site-packages/pandas/core/internals/blocks.py:2216: ResourceWarning: unclosed database in <sqlite3.Connection object at 0x7eb4cea79d50>
  def get_block_type(dtype: DtypeObj) -> type[Block]:
ResourceWarning: Enable tracemalloc to get the object allocation traceback
/home/better0101/projects/safetyreport/.venv/lib/python3.14/site-packages/pandas/core/internals/blocks.py:2216: ResourceWarning: unclosed database in <sqlite3.Connection object at 0x7eb49c691210>
  def get_block_type(dtype: DtypeObj) -> type[Block]:
ResourceWarning: Enable tracemalloc to get the object allocation traceback
[2026-09-26 20:06:05,133][INFO|duplicate_group_service.py-_log_info:53] >> [duplicate] payload exact 중복군 1개, 멤버 2건 재생성
[2026-09-26 20:06:05,152][INFO|database.py-merge_final:736] >> 최종 데이터 병합 완료 (Traffic/Parking/Other 분리)
[2026-09-26 20:06:05,165][INFO|duplicate_group_service.py-_log_info:53] >> [duplicate] payload exact 중복군 0개, 멤버 0건 재생성
[2026-09-26 20:06:05,190][INFO|exchange.py-_restore_exclusive:413] >> mobile DB 복원 완료. 백업: /tmp/claude-1000/-home-better0101-projects-safetyreport/aa9d30e6-e7a5-4376-8fce-c9fb26682fbe/scratchpad/tmp.n9yNStgd1j/backups/data_before_restore_20260926_200605.db, 신고건수: 1
.[2026-09-26 20:06:05,197][INFO|database.py-upgrade_schema:285] >> 테이블 'admin_users' 생성 중...
[2026-09-26 20:06:05,202][INFO|database.py-upgrade_schema:285] >> 테이블 'api_keys' 생성 중...
[2026-09-26 20:06:05,206][INFO|database.py-upgrade_schema:285] >> 테이블 'mysafety' 생성 중...
[2026-09-26 20:06:05,208][INFO|database.py-upgrade_schema:285] >> 테이블 'mysafety_change_cursor' 생성 중...
[2026-09-26 20:06:05,210][INFO|database.py-upgrade_schema:285] >> 테이블 'mysafety_change_log' 생성 중...
[2026-09-26 20:06:05,214][INFO|database.py-upgrade_schema:285] >> 테이블 'mysafety_duplicate_decision' 생성 중...
[2026-09-26 20:06:05,218][INFO|database.py-upgrade_schema:285] >> 테이블 'mysafety_duplicate_group' 생성 중...
[2026-09-26 20:06:05,220][INFO|database.py-upgrade_schema:285] >> 테이블 'mysafety_duplicate_member' 생성 중...
[2026-09-26 20:06:05,222][INFO|database.py-upgrade_schema:285] >> 테이블 'mysafety_entry_value' 생성 중...
[2026-09-26 20:06:05,223][INFO|database.py-upgrade_schema:285] >> 테이블 'mysafety_geocode_cache' 생성 중...
[2026-09-26 20:06:05,225][INFO|database.py-upgrade_schema:285] >> 테이블 'mysafety_raw_content' 생성 중...
[2026-09-26 20:06:05,227][INFO|database.py-upgrade_schema:285] >> 테이블 'mysafety_report_override' 생성 중...
[2026-09-26 20:06:05,229][INFO|database.py-upgrade_schema:285] >> 테이블 'mysafety_sync_meta' 생성 중...
[2026-09-26 20:06:05,231][INFO|database.py-upgrade_schema:285] >> 테이블 'mysafety_watchlist' 생성 중...
[2026-09-26 20:06:05,232][INFO|database.py-upgrade_schema:285] >> 테이블 'mysafetydetail_other' 생성 중...
[2026-09-26 20:06:05,234][INFO|database.py-upgrade_schema:285] >> 테이블 'mysafetydetail_parking' 생성 중...
[2026-09-26 20:06:05,236][INFO|database.py-upgrade_schema:285] >> 테이블 'mysafetydetail_traffic' 생성 중...
[2026-09-26 20:06:05,238][INFO|database.py-upgrade_schema:285] >> 테이블 'mysafetymerge_other' 생성 중...
[2026-09-26 20:06:05,240][INFO|database.py-upgrade_schema:285] >> 테이블 'mysafetymerge_parking' 생성 중...
[2026-09-26 20:06:05,242][INFO|database.py-upgrade_schema:285] >> 테이블 'mysafetymerge_traffic' 생성 중...
[2026-09-26 20:06:05,252][INFO|database.py-_apply_versioned_migrations:452] >> [schema] DB 스키마 버전 1 적용
[2026-09-26 20:06:05,257][INFO|database.py-_apply_versioned_migrations:452] >> [schema] DB 스키마 버전 2 적용
[2026-09-26 20:06:05,258][INFO|database.py-_apply_versioned_migrations:452] >> [schema] DB 스키마 버전 3 적용
[2026-09-26 20:06:05,274][INFO|database.py-_apply_versioned_migrations:452] >> [schema] DB 스키마 버전 4 적용
[2026-09-26 20:06:05,287][INFO|duplicate_group_service.py-_log_info:53] >> [duplicate] payload exact 중복군 0개, 멤버 0건 재생성
[2026-09-26 20:06:05,317][INFO|database.py-backfill_synced_at:100] >> [migration] mysafetydetail_traffic synced_at 백필: 12건, 미해결 0건
[2026-09-26 20:06:05,320][INFO|database.py-backfill_synced_at:100] >> [migration] mysafetydetail_parking synced_at 백필: 6건, 미해결 0건
[2026-09-26 20:06:05,323][INFO|database.py-backfill_synced_at:100] >> [migration] mysafetydetail_other synced_at 백필: 6건, 미해결 0건
[2026-09-26 20:06:05,325][INFO|database.py-backfill_synced_at:105] >> [migration] synced_at 백필 완료: 총 24건 갱신, merge 재생성 시작
[2026-09-26 20:06:05,331][INFO|database.py-merge_final:736] >> 최종 데이터 병합 완료 (Traffic/Parking/Other 분리)
[2026-09-26 20:06:05,354][INFO|duplicate_group_service.py-_log_info:53] >> [duplicate] payload exact 중복군 1개, 멤버 2건 재생성
[2026-09-26 20:06:05,361][INFO|database.py-merge_final:736] >> 최종 데이터 병합 완료 (Traffic/Parking/Other 분리)
[2026-09-26 20:06:05,384][INFO|duplicate_group_service.py-_log_info:53] >> [duplicate] payload exact 중복군 1개, 멤버 2건 재생성
[2026-09-26 20:06:05,562][INFO|database.py-_normalize_processing_layers:188] >> [migration] raw/canonical 상태 정규화 완료: 총 5건 갱신
[2026-09-26 20:06:05,575][INFO|database.py-merge_final:736] >> 최종 데이터 병합 완료 (Traffic/Parking/Other 분리)
[2026-09-26 20:06:05,605][INFO|duplicate_group_service.py-_log_info:53] >> [duplicate] payload exact 중복군 1개, 멤버 2건 재생성
[2026-09-26 20:06:05,621][INFO|database.py-merge_final:736] >> 최종 데이터 병합 완료 (Traffic/Parking/Other 분리)
[2026-09-26 20:06:05,634][INFO|duplicate_group_service.py-_log_info:53] >> [duplicate] payload exact 중복군 0개, 멤버 0건 재생성
.[2026-09-26 20:06:05,660][INFO|scheduler.py-update_jobs:77] >> 스케줄러: 크롤 작업을 제거하고 설정을 초기화했습니다(커뮤니티 작업 유지).
[2026-09-26 20:06:05,661][INFO|scheduler.py-update_jobs:91] >> 스케줄러 업데이트 시작 (모드: cron)
[2026-09-26 20:06:05,661][INFO|base.py-add_job:454] >> Adding job tentatively -- it will be properly scheduled when the scheduler starts
[2026-09-26 20:06:05,661][INFO|scheduler.py-update_jobs:150] >> 스케줄러 등록: 매일 09:00 (ID: cron_09_00, 시스템 시각 기준)
[2026-09-26 20:06:05,661][INFO|base.py-add_job:454] >> Adding job tentatively -- it will be properly scheduled when the scheduler starts
[2026-09-26 20:06:05,661][INFO|scheduler.py-update_jobs:150] >> 스케줄러 등록: 매일 18:30 (ID: cron_18_30, 시스템 시각 기준)
[2026-09-26 20:06:05,661][INFO|base.py-add_job:454] >> Adding job tentatively -- it will be properly scheduled when the scheduler starts
[2026-09-26 20:06:05,662][INFO|base.py-add_job:454] >> Adding job tentatively -- it will be properly scheduled when the scheduler starts
[2026-09-26 20:06:05,662][INFO|scheduler.py-update_jobs:160] >> 현재 활성화된 스케줄러 작업 수: 4개
[2026-09-26 20:06:05,662][INFO|scheduler.py-update_jobs:163] >>  - 작업ID: cron_09_00, 다음 실행예정: None (시스템 시각 기준)
[2026-09-26 20:06:05,662][INFO|scheduler.py-update_jobs:163] >>  - 작업ID: cron_18_30, 다음 실행예정: None (시스템 시각 기준)
[2026-09-26 20:06:05,662][INFO|scheduler.py-update_jobs:163] >>  - 작업ID: community-midnight-upload, 다음 실행예정: None (시스템 시각 기준)
[2026-09-26 20:06:05,662][INFO|scheduler.py-update_jobs:163] >>  - 작업ID: community-gate-poll, 다음 실행예정: None (시스템 시각 기준)
.[2026-09-26 20:06:05,662][INFO|scheduler.py-update_jobs:77] >> 스케줄러: 크롤 작업을 제거하고 설정을 초기화했습니다(커뮤니티 작업 유지).
[2026-09-26 20:06:05,663][INFO|scheduler.py-update_jobs:91] >> 스케줄러 업데이트 시작 (모드: interval)
[2026-09-26 20:06:05,663][INFO|base.py-add_job:454] >> Adding job tentatively -- it will be properly scheduled when the scheduler starts
[2026-09-26 20:06:05,663][INFO|scheduler.py-update_jobs:117] >> 스케줄러: 24시간 간격으로 실행 예약됨. (시작 기준 시각: 00:00)
[2026-09-26 20:06:05,663][INFO|base.py-add_job:454] >> Adding job tentatively -- it will be properly scheduled when the scheduler starts
[2026-09-26 20:06:05,663][INFO|base.py-add_job:454] >> Adding job tentatively -- it will be properly scheduled when the scheduler starts
[2026-09-26 20:06:05,663][INFO|scheduler.py-update_jobs:160] >> 현재 활성화된 스케줄러 작업 수: 3개
[2026-09-26 20:06:05,663][INFO|scheduler.py-update_jobs:163] >>  - 작업ID: crawl_job_interval, 다음 실행예정: None (시스템 시각 기준)
[2026-09-26 20:06:05,663][INFO|scheduler.py-update_jobs:163] >>  - 작업ID: community-midnight-upload, 다음 실행예정: None (시스템 시각 기준)
[2026-09-26 20:06:05,663][INFO|scheduler.py-update_jobs:163] >>  - 작업ID: community-gate-poll, 다음 실행예정: None (시스템 시각 기준)
[2026-09-26 20:06:05,663][INFO|base.py-remove_job:641] >> Removed job crawl_job_interval
[2026-09-26 20:06:05,664][INFO|scheduler.py-update_jobs:77] >> 스케줄러: 크롤 작업을 제거하고 설정을 초기화했습니다(커뮤니티 작업 유지).
[2026-09-26 20:06:05,664][INFO|scheduler.py-update_jobs:86] >> 스케줄러가 비활성화되어 크롤 작업을 제거했습니다(커뮤니티 작업 유지).
[2026-09-26 20:06:05,664][INFO|base.py-add_job:454] >> Adding job tentatively -- it will be properly scheduled when the scheduler starts
[2026-09-26 20:06:05,664][INFO|base.py-add_job:454] >> Adding job tentatively -- it will be properly scheduled when the scheduler starts
.[2026-09-26 20:06:05,665][INFO|scheduler.py-update_jobs:77] >> 스케줄러: 크롤 작업을 제거하고 설정을 초기화했습니다(커뮤니티 작업 유지).
[2026-09-26 20:06:05,665][INFO|scheduler.py-update_jobs:91] >> 스케줄러 업데이트 시작 (모드: interval)
[2026-09-26 20:06:05,665][INFO|base.py-add_job:454] >> Adding job tentatively -- it will be properly scheduled when the scheduler starts
[2026-09-26 20:06:05,665][INFO|scheduler.py-update_jobs:117] >> 스케줄러: 24시간 간격으로 실행 예약됨. (시작 기준 시각: 00:00)
[2026-09-26 20:06:05,665][INFO|base.py-add_job:454] >> Adding job tentatively -- it will be properly scheduled when the scheduler starts
[2026-09-26 20:06:05,665][INFO|base.py-add_job:454] >> Adding job tentatively -- it will be properly scheduled when the scheduler starts
[2026-09-26 20:06:05,665][INFO|scheduler.py-update_jobs:160] >> 현재 활성화된 스케줄러 작업 수: 3개
[2026-09-26 20:06:05,665][INFO|scheduler.py-update_jobs:163] >>  - 작업ID: crawl_job_interval, 다음 실행예정: None (시스템 시각 기준)
[2026-09-26 20:06:05,665][INFO|scheduler.py-update_jobs:163] >>  - 작업ID: community-midnight-upload, 다음 실행예정: None (시스템 시각 기준)
[2026-09-26 20:06:05,665][INFO|scheduler.py-update_jobs:163] >>  - 작업ID: community-gate-poll, 다음 실행예정: None (시스템 시각 기준)
[2026-09-26 20:06:05,665][INFO|base.py-add_job:454] >> Adding job tentatively -- it will be properly scheduled when the scheduler starts
[2026-09-26 20:06:05,665][INFO|base.py-remove_job:641] >> Removed job crawl_job_interval
[2026-09-26 20:06:05,665][INFO|scheduler.py-update_jobs:77] >> 스케줄러: 크롤 작업을 제거하고 설정을 초기화했습니다(커뮤니티 작업 유지).
[2026-09-26 20:06:05,666][INFO|scheduler.py-update_jobs:91] >> 스케줄러 업데이트 시작 (모드: interval)
[2026-09-26 20:06:05,666][INFO|base.py-add_job:454] >> Adding job tentatively -- it will be properly scheduled when the scheduler starts
[2026-09-26 20:06:05,666][INFO|scheduler.py-update_jobs:117] >> 스케줄러: 24시간 간격으로 실행 예약됨. (시작 기준 시각: 00:00)
[2026-09-26 20:06:05,666][INFO|base.py-add_job:454] >> Adding job tentatively -- it will be properly scheduled when the scheduler starts
[2026-09-26 20:06:05,666][INFO|base.py-add_job:454] >> Adding job tentatively -- it will be properly scheduled when the scheduler starts
[2026-09-26 20:06:05,666][INFO|scheduler.py-update_jobs:160] >> 현재 활성화된 스케줄러 작업 수: 6개
[2026-09-26 20:06:05,666][INFO|scheduler.py-update_jobs:163] >>  - 작업ID: community-midnight-upload, 다음 실행예정: None (시스템 시각 기준)
[2026-09-26 20:06:05,666][INFO|scheduler.py-update_jobs:163] >>  - 작업ID: community-gate-poll, 다음 실행예정: None (시스템 시각 기준)
[2026-09-26 20:06:05,666][INFO|scheduler.py-update_jobs:163] >>  - 작업ID: other-owner, 다음 실행예정: None (시스템 시각 기준)
[2026-09-26 20:06:05,666][INFO|scheduler.py-update_jobs:163] >>  - 작업ID: crawl_job_interval, 다음 실행예정: None (시스템 시각 기준)
[2026-09-26 20:06:05,666][INFO|scheduler.py-update_jobs:163] >>  - 작업ID: community-midnight-upload, 다음 실행예정: None (시스템 시각 기준)
[2026-09-26 20:06:05,666][INFO|scheduler.py-update_jobs:163] >>  - 작업ID: community-gate-poll, 다음 실행예정: None (시스템 시각 기준)
.[2026-09-26 20:06:05,667][WARNING|scheduler.py-run_crawler:21] >> 스케줄러: 커뮤니티 게이트 미충족. 건너뜁니다.
....[2026-09-26 20:06:05,672][INFO|database.py-upgrade_schema:285] >> 테이블 'admin_users' 생성 중...
[2026-09-26 20:06:05,675][INFO|database.py-upgrade_schema:285] >> 테이블 'api_keys' 생성 중...
[2026-09-26 20:06:05,676][INFO|database.py-upgrade_schema:285] >> 테이블 'mysafety' 생성 중...
[2026-09-26 20:06:05,678][INFO|database.py-upgrade_schema:285] >> 테이블 'mysafety_change_cursor' 생성 중...
[2026-09-26 20:06:05,680][INFO|database.py-upgrade_schema:285] >> 테이블 'mysafety_change_log' 생성 중...
[2026-09-26 20:06:05,682][INFO|database.py-upgrade_schema:285] >> 테이블 'mysafety_duplicate_decision' 생성 중...
[2026-09-26 20:06:05,689][INFO|database.py-upgrade_schema:285] >> 테이블 'mysafety_duplicate_group' 생성 중...
[2026-09-26 20:06:05,691][INFO|database.py-upgrade_schema:285] >> 테이블 'mysafety_duplicate_member' 생성 중...
[2026-09-26 20:06:05,692][INFO|database.py-upgrade_schema:285] >> 테이블 'mysafety_entry_value' 생성 중...
[2026-09-26 20:06:05,694][INFO|database.py-upgrade_schema:285] >> 테이블 'mysafety_geocode_cache' 생성 중...
[2026-09-26 20:06:05,695][INFO|database.py-upgrade_schema:285] >> 테이블 'mysafety_raw_content' 생성 중...
[2026-09-26 20:06:05,697][INFO|database.py-upgrade_schema:285] >> 테이블 'mysafety_report_override' 생성 중...
[2026-09-26 20:06:05,700][INFO|database.py-upgrade_schema:285] >> 테이블 'mysafety_sync_meta' 생성 중...
[2026-09-26 20:06:05,703][INFO|database.py-upgrade_schema:285] >> 테이블 'mysafety_watchlist' 생성 중...
[2026-09-26 20:06:05,705][INFO|database.py-upgrade_schema:285] >> 테이블 'mysafetydetail_other' 생성 중...
[2026-09-26 20:06:05,711][INFO|database.py-upgrade_schema:285] >> 테이블 'mysafetydetail_parking' 생성 중...
[2026-09-26 20:06:05,713][INFO|database.py-upgrade_schema:285] >> 테이블 'mysafetydetail_traffic' 생성 중...
[2026-09-26 20:06:05,715][INFO|database.py-upgrade_schema:285] >> 테이블 'mysafetymerge_other' 생성 중...
[2026-09-26 20:06:05,717][INFO|database.py-upgrade_schema:285] >> 테이블 'mysafetymerge_parking' 생성 중...
[2026-09-26 20:06:05,718][INFO|database.py-upgrade_schema:285] >> 테이블 'mysafetymerge_traffic' 생성 중...
[2026-09-26 20:06:05,722][INFO|database.py-_apply_versioned_migrations:452] >> [schema] DB 스키마 버전 1 적용
[2026-09-26 20:06:05,727][INFO|database.py-_apply_versioned_migrations:452] >> [schema] DB 스키마 버전 2 적용
[2026-09-26 20:06:05,729][INFO|database.py-_apply_versioned_migrations:452] >> [schema] DB 스키마 버전 3 적용
[2026-09-26 20:06:05,750][INFO|database.py-_apply_versioned_migrations:452] >> [schema] DB 스키마 버전 4 적용
[2026-09-26 20:06:05,775][INFO|duplicate_group_service.py-_log_info:53] >> [duplicate] payload exact 중복군 0개, 멤버 0건 재생성
[2026-09-26 20:06:05,783][INFO|database.py-_get_title_ids_for_scan:455] >> 전체 신고 건을 다시 스캔합니다.
[2026-09-26 20:06:05,785][INFO|database.py-get_pending_detail_ids:618] >> 스캔대상 ID 총 10건
.[2026-09-26 20:06:05,793][INFO|database.py-upgrade_schema:285] >> 테이블 'admin_users' 생성 중...
[2026-09-26 20:06:05,797][INFO|database.py-upgrade_schema:285] >> 테이블 'api_keys' 생성 중...
[2026-09-26 20:06:05,799][INFO|database.py-upgrade_schema:285] >> 테이블 'mysafety' 생성 중...
[2026-09-26 20:06:05,800][INFO|database.py-upgrade_schema:285] >> 테이블 'mysafety_change_cursor' 생성 중...
[2026-09-26 20:06:05,802][INFO|database.py-upgrade_schema:285] >> 테이블 'mysafety_change_log' 생성 중...
[2026-09-26 20:06:05,804][INFO|database.py-upgrade_schema:285] >> 테이블 'mysafety_duplicate_decision' 생성 중...
[2026-09-26 20:06:05,806][INFO|database.py-upgrade_schema:285] >> 테이블 'mysafety_duplicate_group' 생성 중...
[2026-09-26 20:06:05,807][INFO|database.py-upgrade_schema:285] >> 테이블 'mysafety_duplicate_member' 생성 중...
[2026-09-26 20:06:05,809][INFO|database.py-upgrade_schema:285] >> 테이블 'mysafety_entry_value' 생성 중...
[2026-09-26 20:06:05,813][INFO|database.py-upgrade_schema:285] >> 테이블 'mysafety_geocode_cache' 생성 중...
[2026-09-26 20:06:05,816][INFO|database.py-upgrade_schema:285] >> 테이블 'mysafety_raw_content' 생성 중...
[2026-09-26 20:06:05,818][INFO|database.py-upgrade_schema:285] >> 테이블 'mysafety_report_override' 생성 중...
[2026-09-26 20:06:05,820][INFO|database.py-upgrade_schema:285] >> 테이블 'mysafety_sync_meta' 생성 중...
[2026-09-26 20:06:05,821][INFO|database.py-upgrade_schema:285] >> 테이블 'mysafety_watchlist' 생성 중...
[2026-09-26 20:06:05,823][INFO|database.py-upgrade_schema:285] >> 테이블 'mysafetydetail_other' 생성 중...
[2026-09-26 20:06:05,824][INFO|database.py-upgrade_schema:285] >> 테이블 'mysafetydetail_parking' 생성 중...
[2026-09-26 20:06:05,827][INFO|database.py-upgrade_schema:285] >> 테이블 'mysafetydetail_traffic' 생성 중...
[2026-09-26 20:06:05,828][INFO|database.py-upgrade_schema:285] >> 테이블 'mysafetymerge_other' 생성 중...
[2026-09-26 20:06:05,830][INFO|database.py-upgrade_schema:285] >> 테이블 'mysafetymerge_parking' 생성 중...
[2026-09-26 20:06:05,832][INFO|database.py-upgrade_schema:285] >> 테이블 'mysafetymerge_traffic' 생성 중...
[2026-09-26 20:06:05,835][INFO|database.py-_apply_versioned_migrations:452] >> [schema] DB 스키마 버전 1 적용
[2026-09-26 20:06:05,843][INFO|database.py-_apply_versioned_migrations:452] >> [schema] DB 스키마 버전 2 적용
[2026-09-26 20:06:05,845][INFO|database.py-_apply_versioned_migrations:452] >> [schema] DB 스키마 버전 3 적용
[2026-09-26 20:06:05,862][INFO|database.py-_apply_versioned_migrations:452] >> [schema] DB 스키마 버전 4 적용
[2026-09-26 20:06:05,889][INFO|duplicate_group_service.py-_log_info:53] >> [duplicate] payload exact 중복군 0개, 멤버 0건 재생성
[2026-09-26 20:06:05,898][INFO|database.py-_get_new_and_incomplete_ids:460] >> 신규, 미종결 신고 건 스캔 시작
[2026-09-26 20:06:05,905][INFO|database.py-get_pending_detail_ids:618] >> 스캔대상 ID 총 8건
................./usr/lib/python3.14/unittest/mock.py:504: ResourceWarning: unclosed database in <sqlite3.Connection object at 0x7eb48452a3e0>
  _safe_super(NonCallableMock, self).__init__(
ResourceWarning: Enable tracemalloc to get the object allocation traceback
............/usr/lib/python3.14/unittest/mock.py:2259: ResourceWarning: unclosed database in <sqlite3.Connection object at 0x7eb48452b3d0>
  def __init__(self, name, parent):
ResourceWarning: Enable tracemalloc to get the object allocation traceback
............/usr/lib/python3.14/unittest/mock.py:806: ResourceWarning: unclosed database in <sqlite3.Connection object at 0x7eb484529120>
  def __setattr__(self, name, value):
ResourceWarning: Enable tracemalloc to get the object allocation traceback
........./usr/lib/python3.14/unittest/mock.py:2259: ResourceWarning: unclosed database in <sqlite3.Connection object at 0x7eb484528a90>
  def __init__(self, name, parent):
ResourceWarning: Enable tracemalloc to get the object allocation traceback
......................[2026-09-26 20:06:10,641][WARNING|runtime_mode.py-block_if_fixture:47] >> [fixture] blocked: crawl subprocess
.[2026-09-26 20:06:10,641][WARNING|runtime_mode.py-block_if_fixture:47] >> [fixture] blocked: safetyreport direct login
[2026-09-26 20:06:10,641][INFO|runtime_mode.py-skip_in_fixture:57] >> [fixture] skipped: direct_login keep-alive
.[2026-09-26 20:06:10,652][INFO|database.py-upgrade_schema:285] >> 테이블 'admin_users' 생성 중...
[2026-09-26 20:06:10,658][INFO|database.py-upgrade_schema:285] >> 테이블 'api_keys' 생성 중...
[2026-09-26 20:06:10,659][INFO|database.py-upgrade_schema:285] >> 테이블 'mysafety' 생성 중...
[2026-09-26 20:06:10,663][INFO|database.py-upgrade_schema:285] >> 테이블 'mysafety_change_cursor' 생성 중...
[2026-09-26 20:06:10,667][INFO|database.py-upgrade_schema:285] >> 테이블 'mysafety_change_log' 생성 중...
[2026-09-26 20:06:10,669][INFO|database.py-upgrade_schema:285] >> 테이블 'mysafety_duplicate_decision' 생성 중...
[2026-09-26 20:06:10,670][INFO|database.py-upgrade_schema:285] >> 테이블 'mysafety_duplicate_group' 생성 중...
[2026-09-26 20:06:10,672][INFO|database.py-upgrade_schema:285] >> 테이블 'mysafety_duplicate_member' 생성 중...
[2026-09-26 20:06:10,673][INFO|database.py-upgrade_schema:285] >> 테이블 'mysafety_entry_value' 생성 중...
[2026-09-26 20:06:10,674][INFO|database.py-upgrade_schema:285] >> 테이블 'mysafety_geocode_cache' 생성 중...
[2026-09-26 20:06:10,676][INFO|database.py-upgrade_schema:285] >> 테이블 'mysafety_raw_content' 생성 중...
[2026-09-26 20:06:10,677][INFO|database.py-upgrade_schema:285] >> 테이블 'mysafety_report_override' 생성 중...
[2026-09-26 20:06:10,679][INFO|database.py-upgrade_schema:285] >> 테이블 'mysafety_sync_meta' 생성 중...
[2026-09-26 20:06:10,682][INFO|database.py-upgrade_schema:285] >> 테이블 'mysafety_watchlist' 생성 중...
[2026-09-26 20:06:10,684][INFO|database.py-upgrade_schema:285] >> 테이블 'mysafetydetail_other' 생성 중...
[2026-09-26 20:06:10,687][INFO|database.py-upgrade_schema:285] >> 테이블 'mysafetydetail_parking' 생성 중...
[2026-09-26 20:06:10,694][INFO|database.py-upgrade_schema:285] >> 테이블 'mysafetydetail_traffic' 생성 중...
[2026-09-26 20:06:10,697][INFO|database.py-upgrade_schema:285] >> 테이블 'mysafetymerge_other' 생성 중...
[2026-09-26 20:06:10,699][INFO|database.py-upgrade_schema:285] >> 테이블 'mysafetymerge_parking' 생성 중...
[2026-09-26 20:06:10,701][INFO|database.py-upgrade_schema:285] >> 테이블 'mysafetymerge_traffic' 생성 중...
[2026-09-26 20:06:10,707][INFO|database.py-_apply_versioned_migrations:452] >> [schema] DB 스키마 버전 1 적용
[2026-09-26 20:06:10,716][INFO|database.py-_apply_versioned_migrations:452] >> [schema] DB 스키마 버전 2 적용
[2026-09-26 20:06:10,718][INFO|database.py-_apply_versioned_migrations:452] >> [schema] DB 스키마 버전 3 적용
[2026-09-26 20:06:10,740][INFO|database.py-_apply_versioned_migrations:452] >> [schema] DB 스키마 버전 4 적용
[2026-09-26 20:06:10,771][INFO|duplicate_group_service.py-_log_info:53] >> [duplicate] payload exact 중복군 0개, 멤버 0건 재생성
[2026-09-26 20:06:10,781][WARNING|runtime_mode.py-block_if_fixture:47] >> [fixture] blocked: kakao geocode request
.[2026-09-26 20:06:10,787][WARNING|runtime_mode.py-block_if_fixture:47] >> [fixture] blocked: media upstream download
..[2026-09-26 20:06:10,790][WARNING|runtime_mode.py-block_if_fixture:47] >> [fixture] blocked: star rating batch
.[2026-09-26 20:06:10,791][WARNING|runtime_mode.py-block_if_fixture:47] >> [fixture] blocked: sunwi statistics fetch
[2026-09-26 20:06:10,791][INFO|runtime_mode.py-skip_in_fixture:57] >> [fixture] skipped: sunwi background refresh
.[2026-09-26 20:06:10,793][WARNING|runtime_mode.py-block_if_fixture:47] >> [fixture] blocked: github release request
.[2026-09-26 20:06:10,794][WARNING|runtime_mode.py-block_if_fixture:47] >> [fixture] blocked: x
....[2026-09-26 20:06:10,802][INFO|database.py-upgrade_schema:285] >> 테이블 'admin_users' 생성 중...
[2026-09-26 20:06:10,805][INFO|database.py-upgrade_schema:285] >> 테이블 'api_keys' 생성 중...
[2026-09-26 20:06:10,806][INFO|database.py-upgrade_schema:285] >> 테이블 'mysafety' 생성 중...
[2026-09-26 20:06:10,808][INFO|database.py-upgrade_schema:285] >> 테이블 'mysafety_change_cursor' 생성 중...
[2026-09-26 20:06:10,809][INFO|database.py-upgrade_schema:285] >> 테이블 'mysafety_change_log' 생성 중...
[2026-09-26 20:06:10,810][INFO|database.py-upgrade_schema:285] >> 테이블 'mysafety_duplicate_decision' 생성 중...
[2026-09-26 20:06:10,812][INFO|database.py-upgrade_schema:285] >> 테이블 'mysafety_duplicate_group' 생성 중...
[2026-09-26 20:06:10,813][INFO|database.py-upgrade_schema:285] >> 테이블 'mysafety_duplicate_member' 생성 중...
[2026-09-26 20:06:10,814][INFO|database.py-upgrade_schema:285] >> 테이블 'mysafety_entry_value' 생성 중...
[2026-09-26 20:06:10,815][INFO|database.py-upgrade_schema:285] >> 테이블 'mysafety_geocode_cache' 생성 중...
[2026-09-26 20:06:10,817][INFO|database.py-upgrade_schema:285] >> 테이블 'mysafety_raw_content' 생성 중...
[2026-09-26 20:06:10,818][INFO|database.py-upgrade_schema:285] >> 테이블 'mysafety_report_override' 생성 중...
[2026-09-26 20:06:10,820][INFO|database.py-upgrade_schema:285] >> 테이블 'mysafety_sync_meta' 생성 중...
[2026-09-26 20:06:10,821][INFO|database.py-upgrade_schema:285] >> 테이블 'mysafety_watchlist' 생성 중...
[2026-09-26 20:06:10,825][INFO|database.py-upgrade_schema:285] >> 테이블 'mysafetydetail_other' 생성 중...
[2026-09-26 20:06:10,827][INFO|database.py-upgrade_schema:285] >> 테이블 'mysafetydetail_parking' 생성 중...
[2026-09-26 20:06:10,832][INFO|database.py-upgrade_schema:285] >> 테이블 'mysafetydetail_traffic' 생성 중...
[2026-09-26 20:06:10,835][INFO|database.py-upgrade_schema:285] >> 테이블 'mysafetymerge_other' 생성 중...
[2026-09-26 20:06:10,837][INFO|database.py-upgrade_schema:285] >> 테이블 'mysafetymerge_parking' 생성 중...
[2026-09-26 20:06:10,839][INFO|database.py-upgrade_schema:285] >> 테이블 'mysafetymerge_traffic' 생성 중...
[2026-09-26 20:06:10,842][INFO|database.py-_apply_versioned_migrations:452] >> [schema] DB 스키마 버전 1 적용
[2026-09-26 20:06:10,847][INFO|database.py-_apply_versioned_migrations:452] >> [schema] DB 스키마 버전 2 적용
[2026-09-26 20:06:10,849][INFO|database.py-_apply_versioned_migrations:452] >> [schema] DB 스키마 버전 3 적용
[2026-09-26 20:06:10,867][INFO|database.py-_apply_versioned_migrations:452] >> [schema] DB 스키마 버전 4 적용
[2026-09-26 20:06:10,900][INFO|duplicate_group_service.py-_log_info:53] >> [duplicate] payload exact 중복군 0개, 멤버 0건 재생성
[2026-09-26 20:06:10,911][INFO|geocode_service.py-ensure_map_backfill_started:782] >> [geocode] 크롤링이 진행 중이라 지도 지오코딩 백필을 대기 상태로 둡니다.
.[2026-09-26 20:06:10,929][INFO|database.py-upgrade_schema:285] >> 테이블 'admin_users' 생성 중...
[2026-09-26 20:06:10,933][INFO|database.py-upgrade_schema:285] >> 테이블 'api_keys' 생성 중...
[2026-09-26 20:06:10,934][INFO|database.py-upgrade_schema:285] >> 테이블 'mysafety' 생성 중...
[2026-09-26 20:06:10,939][INFO|database.py-upgrade_schema:285] >> 테이블 'mysafety_change_cursor' 생성 중...
[2026-09-26 20:06:10,941][INFO|database.py-upgrade_schema:285] >> 테이블 'mysafety_change_log' 생성 중...
[2026-09-26 20:06:10,948][INFO|database.py-upgrade_schema:285] >> 테이블 'mysafety_duplicate_decision' 생성 중...
[2026-09-26 20:06:10,950][INFO|database.py-upgrade_schema:285] >> 테이블 'mysafety_duplicate_group' 생성 중...
[2026-09-26 20:06:10,952][INFO|database.py-upgrade_schema:285] >> 테이블 'mysafety_duplicate_member' 생성 중...
[2026-09-26 20:06:10,953][INFO|database.py-upgrade_schema:285] >> 테이블 'mysafety_entry_value' 생성 중...
[2026-09-26 20:06:10,955][INFO|database.py-upgrade_schema:285] >> 테이블 'mysafety_geocode_cache' 생성 중...
[2026-09-26 20:06:10,956][INFO|database.py-upgrade_schema:285] >> 테이블 'mysafety_raw_content' 생성 중...
[2026-09-26 20:06:10,958][INFO|database.py-upgrade_schema:285] >> 테이블 'mysafety_report_override' 생성 중...
[2026-09-26 20:06:10,960][INFO|database.py-upgrade_schema:285] >> 테이블 'mysafety_sync_meta' 생성 중...
[2026-09-26 20:06:10,962][INFO|database.py-upgrade_schema:285] >> 테이블 'mysafety_watchlist' 생성 중...
[2026-09-26 20:06:10,964][INFO|database.py-upgrade_schema:285] >> 테이블 'mysafetydetail_other' 생성 중...
[2026-09-26 20:06:10,969][INFO|database.py-upgrade_schema:285] >> 테이블 'mysafetydetail_parking' 생성 중...
[2026-09-26 20:06:10,971][INFO|database.py-upgrade_schema:285] >> 테이블 'mysafetydetail_traffic' 생성 중...
[2026-09-26 20:06:10,977][INFO|database.py-upgrade_schema:285] >> 테이블 'mysafetymerge_other' 생성 중...
[2026-09-26 20:06:10,980][INFO|database.py-upgrade_schema:285] >> 테이블 'mysafetymerge_parking' 생성 중...
[2026-09-26 20:06:10,982][INFO|database.py-upgrade_schema:285] >> 테이블 'mysafetymerge_traffic' 생성 중...
[2026-09-26 20:06:10,988][INFO|database.py-_apply_versioned_migrations:452] >> [schema] DB 스키마 버전 1 적용
[2026-09-26 20:06:10,999][INFO|database.py-_apply_versioned_migrations:452] >> [schema] DB 스키마 버전 2 적용
[2026-09-26 20:06:11,001][INFO|database.py-_apply_versioned_migrations:452] >> [schema] DB 스키마 버전 3 적용
[2026-09-26 20:06:11,012][INFO|database.py-_apply_versioned_migrations:452] >> [schema] DB 스키마 버전 4 적용
[2026-09-26 20:06:11,037][INFO|duplicate_group_service.py-_log_info:53] >> [duplicate] payload exact 중복군 0개, 멤버 0건 재생성
.[2026-09-26 20:06:11,103][INFO|database.py-upgrade_schema:285] >> 테이블 'admin_users' 생성 중...
[2026-09-26 20:06:11,106][INFO|database.py-upgrade_schema:285] >> 테이블 'api_keys' 생성 중...
[2026-09-26 20:06:11,107][INFO|database.py-upgrade_schema:285] >> 테이블 'mysafety' 생성 중...
[2026-09-26 20:06:11,109][INFO|database.py-upgrade_schema:285] >> 테이블 'mysafety_change_cursor' 생성 중...
[2026-09-26 20:06:11,110][INFO|database.py-upgrade_schema:285] >> 테이블 'mysafety_change_log' 생성 중...
[2026-09-26 20:06:11,111][INFO|database.py-upgrade_schema:285] >> 테이블 'mysafety_duplicate_decision' 생성 중...
[2026-09-26 20:06:11,113][INFO|database.py-upgrade_schema:285] >> 테이블 'mysafety_duplicate_group' 생성 중...
[2026-09-26 20:06:11,114][INFO|database.py-upgrade_schema:285] >> 테이블 'mysafety_duplicate_member' 생성 중...
[2026-09-26 20:06:11,115][INFO|database.py-upgrade_schema:285] >> 테이블 'mysafety_entry_value' 생성 중...
[2026-09-26 20:06:11,116][INFO|database.py-upgrade_schema:285] >> 테이블 'mysafety_geocode_cache' 생성 중...
[2026-09-26 20:06:11,118][INFO|database.py-upgrade_schema:285] >> 테이블 'mysafety_raw_content' 생성 중...
[2026-09-26 20:06:11,119][INFO|database.py-upgrade_schema:285] >> 테이블 'mysafety_report_override' 생성 중...
[2026-09-26 20:06:11,121][INFO|database.py-upgrade_schema:285] >> 테이블 'mysafety_sync_meta' 생성 중...
[2026-09-26 20:06:11,126][INFO|database.py-upgrade_schema:285] >> 테이블 'mysafety_watchlist' 생성 중...
[2026-09-26 20:06:11,128][INFO|database.py-upgrade_schema:285] >> 테이블 'mysafetydetail_other' 생성 중...
[2026-09-26 20:06:11,129][INFO|database.py-upgrade_schema:285] >> 테이블 'mysafetydetail_parking' 생성 중...
[2026-09-26 20:06:11,134][INFO|database.py-upgrade_schema:285] >> 테이블 'mysafetydetail_traffic' 생성 중...
[2026-09-26 20:06:11,137][INFO|database.py-upgrade_schema:285] >> 테이블 'mysafetymerge_other' 생성 중...
[2026-09-26 20:06:11,140][INFO|database.py-upgrade_schema:285] >> 테이블 'mysafetymerge_parking' 생성 중...
[2026-09-26 20:06:11,142][INFO|database.py-upgrade_schema:285] >> 테이블 'mysafetymerge_traffic' 생성 중...
[2026-09-26 20:06:11,146][INFO|database.py-_apply_versioned_migrations:452] >> [schema] DB 스키마 버전 1 적용
[2026-09-26 20:06:11,152][INFO|database.py-_apply_versioned_migrations:452] >> [schema] DB 스키마 버전 2 적용
[2026-09-26 20:06:11,154][INFO|database.py-_apply_versioned_migrations:452] >> [schema] DB 스키마 버전 3 적용
[2026-09-26 20:06:11,173][INFO|database.py-_apply_versioned_migrations:452] >> [schema] DB 스키마 버전 4 적용
[2026-09-26 20:06:11,199][INFO|duplicate_group_service.py-_log_info:53] >> [duplicate] payload exact 중복군 0개, 멤버 0건 재생성
[2026-09-26 20:06:11,253][INFO|duplicate_group_service.py-_log_info:53] >> [duplicate] payload exact 중복군 0개, 멤버 0건 재생성
[2026-09-26 20:06:11,258][INFO|database.py-detail_to_sql:723] >> 총 1건 detail 저장 완료. (변경/신규: 1건, 실패: 0건)
.[2026-09-26 20:06:11,270][INFO|database.py-upgrade_schema:285] >> 테이블 'admin_users' 생성 중...
[2026-09-26 20:06:11,273][INFO|database.py-upgrade_schema:285] >> 테이블 'api_keys' 생성 중...
[2026-09-26 20:06:11,274][INFO|database.py-upgrade_schema:285] >> 테이블 'mysafety' 생성 중...
[2026-09-26 20:06:11,276][INFO|database.py-upgrade_schema:285] >> 테이블 'mysafety_change_cursor' 생성 중...
[2026-09-26 20:06:11,277][INFO|database.py-upgrade_schema:285] >> 테이블 'mysafety_change_log' 생성 중...
[2026-09-26 20:06:11,279][INFO|database.py-upgrade_schema:285] >> 테이블 'mysafety_duplicate_decision' 생성 중...
[2026-09-26 20:06:11,280][INFO|database.py-upgrade_schema:285] >> 테이블 'mysafety_duplicate_group' 생성 중...
[2026-09-26 20:06:11,282][INFO|database.py-upgrade_schema:285] >> 테이블 'mysafety_duplicate_member' 생성 중...
[2026-09-26 20:06:11,283][INFO|database.py-upgrade_schema:285] >> 테이블 'mysafety_entry_value' 생성 중...
[2026-09-26 20:06:11,285][INFO|database.py-upgrade_schema:285] >> 테이블 'mysafety_geocode_cache' 생성 중...
[2026-09-26 20:06:11,286][INFO|database.py-upgrade_schema:285] >> 테이블 'mysafety_raw_content' 생성 중...
[2026-09-26 20:06:11,288][INFO|database.py-upgrade_schema:285] >> 테이블 'mysafety_report_override' 생성 중...
[2026-09-26 20:06:11,289][INFO|database.py-upgrade_schema:285] >> 테이블 'mysafety_sync_meta' 생성 중...
[2026-09-26 20:06:11,290][INFO|database.py-upgrade_schema:285] >> 테이블 'mysafety_watchlist' 생성 중...
[2026-09-26 20:06:11,292][INFO|database.py-upgrade_schema:285] >> 테이블 'mysafetydetail_other' 생성 중...
[2026-09-26 20:06:11,293][INFO|database.py-upgrade_schema:285] >> 테이블 'mysafetydetail_parking' 생성 중...
[2026-09-26 20:06:11,295][INFO|database.py-upgrade_schema:285] >> 테이블 'mysafetydetail_traffic' 생성 중...
[2026-09-26 20:06:11,297][INFO|database.py-upgrade_schema:285] >> 테이블 'mysafetymerge_other' 생성 중...
[2026-09-26 20:06:11,298][INFO|database.py-upgrade_schema:285] >> 테이블 'mysafetymerge_parking' 생성 중...
[2026-09-26 20:06:11,300][INFO|database.py-upgrade_schema:285] >> 테이블 'mysafetymerge_traffic' 생성 중...
[2026-09-26 20:06:11,304][INFO|database.py-_apply_versioned_migrations:452] >> [schema] DB 스키마 버전 1 적용
[2026-09-26 20:06:11,310][INFO|database.py-_apply_versioned_migrations:452] >> [schema] DB 스키마 버전 2 적용
[2026-09-26 20:06:11,312][INFO|database.py-_apply_versioned_migrations:452] >> [schema] DB 스키마 버전 3 적용
[2026-09-26 20:06:11,326][INFO|database.py-_apply_versioned_migrations:452] >> [schema] DB 스키마 버전 4 적용
[2026-09-26 20:06:11,351][INFO|duplicate_group_service.py-_log_info:53] >> [duplicate] payload exact 중복군 0개, 멤버 0건 재생성
.[2026-09-26 20:06:11,408][INFO|database.py-upgrade_schema:285] >> 테이블 'admin_users' 생성 중...
[2026-09-26 20:06:11,411][INFO|database.py-upgrade_schema:285] >> 테이블 'api_keys' 생성 중...
[2026-09-26 20:06:11,413][INFO|database.py-upgrade_schema:285] >> 테이블 'mysafety' 생성 중...
[2026-09-26 20:06:11,415][INFO|database.py-upgrade_schema:285] >> 테이블 'mysafety_change_cursor' 생성 중...
[2026-09-26 20:06:11,417][INFO|database.py-upgrade_schema:285] >> 테이블 'mysafety_change_log' 생성 중...
[2026-09-26 20:06:11,419][INFO|database.py-upgrade_schema:285] >> 테이블 'mysafety_duplicate_decision' 생성 중...
[2026-09-26 20:06:11,420][INFO|database.py-upgrade_schema:285] >> 테이블 'mysafety_duplicate_group' 생성 중...
[2026-09-26 20:06:11,424][INFO|database.py-upgrade_schema:285] >> 테이블 'mysafety_duplicate_member' 생성 중...
[2026-09-26 20:06:11,426][INFO|database.py-upgrade_schema:285] >> 테이블 'mysafety_entry_value' 생성 중...
[2026-09-26 20:06:11,428][INFO|database.py-upgrade_schema:285] >> 테이블 'mysafety_geocode_cache' 생성 중...
[2026-09-26 20:06:11,429][INFO|database.py-upgrade_schema:285] >> 테이블 'mysafety_raw_content' 생성 중...
[2026-09-26 20:06:11,431][INFO|database.py-upgrade_schema:285] >> 테이블 'mysafety_report_override' 생성 중...
[2026-09-26 20:06:11,432][INFO|database.py-upgrade_schema:285] >> 테이블 'mysafety_sync_meta' 생성 중...
[2026-09-26 20:06:11,434][INFO|database.py-upgrade_schema:285] >> 테이블 'mysafety_watchlist' 생성 중...
[2026-09-26 20:06:11,436][INFO|database.py-upgrade_schema:285] >> 테이블 'mysafetydetail_other' 생성 중...
[2026-09-26 20:06:11,441][INFO|database.py-upgrade_schema:285] >> 테이블 'mysafetydetail_parking' 생성 중...
[2026-09-26 20:06:11,443][INFO|database.py-upgrade_schema:285] >> 테이블 'mysafetydetail_traffic' 생성 중...
[2026-09-26 20:06:11,447][INFO|database.py-upgrade_schema:285] >> 테이블 'mysafetymerge_other' 생성 중...
[2026-09-26 20:06:11,449][INFO|database.py-upgrade_schema:285] >> 테이블 'mysafetymerge_parking' 생성 중...
[2026-09-26 20:06:11,452][INFO|database.py-upgrade_schema:285] >> 테이블 'mysafetymerge_traffic' 생성 중...
[2026-09-26 20:06:11,456][INFO|database.py-_apply_versioned_migrations:452] >> [schema] DB 스키마 버전 1 적용
[2026-09-26 20:06:11,461][INFO|database.py-_apply_versioned_migrations:452] >> [schema] DB 스키마 버전 2 적용
[2026-09-26 20:06:11,463][INFO|database.py-_apply_versioned_migrations:452] >> [schema] DB 스키마 버전 3 적용
[2026-09-26 20:06:11,486][INFO|database.py-_apply_versioned_migrations:452] >> [schema] DB 스키마 버전 4 적용
[2026-09-26 20:06:11,520][INFO|duplicate_group_service.py-_log_info:53] >> [duplicate] payload exact 중복군 0개, 멤버 0건 재생성
[2026-09-26 20:06:11,537][INFO|geocode_service.py-ensure_map_backfill_started:763] >> [geocode] 카카오 REST API 키가 없어 신규 지도 지오코딩 백필을 시작하지 않습니다.
.[2026-09-26 20:06:11,547][INFO|database.py-upgrade_schema:285] >> 테이블 'admin_users' 생성 중...
[2026-09-26 20:06:11,550][INFO|database.py-upgrade_schema:285] >> 테이블 'api_keys' 생성 중...
[2026-09-26 20:06:11,551][INFO|database.py-upgrade_schema:285] >> 테이블 'mysafety' 생성 중...
[2026-09-26 20:06:11,553][INFO|database.py-upgrade_schema:285] >> 테이블 'mysafety_change_cursor' 생성 중...
[2026-09-26 20:06:11,555][INFO|database.py-upgrade_schema:285] >> 테이블 'mysafety_change_log' 생성 중...
[2026-09-26 20:06:11,556][INFO|database.py-upgrade_schema:285] >> 테이블 'mysafety_duplicate_decision' 생성 중...
[2026-09-26 20:06:11,561][INFO|database.py-upgrade_schema:285] >> 테이블 'mysafety_duplicate_group' 생성 중...
[2026-09-26 20:06:11,563][INFO|database.py-upgrade_schema:285] >> 테이블 'mysafety_duplicate_member' 생성 중...
[2026-09-26 20:06:11,564][INFO|database.py-upgrade_schema:285] >> 테이블 'mysafety_entry_value' 생성 중...
[2026-09-26 20:06:11,566][INFO|database.py-upgrade_schema:285] >> 테이블 'mysafety_geocode_cache' 생성 중...
[2026-09-26 20:06:11,567][INFO|database.py-upgrade_schema:285] >> 테이블 'mysafety_raw_content' 생성 중...
[2026-09-26 20:06:11,569][INFO|database.py-upgrade_schema:285] >> 테이블 'mysafety_report_override' 생성 중...
[2026-09-26 20:06:11,570][INFO|database.py-upgrade_schema:285] >> 테이블 'mysafety_sync_meta' 생성 중...
[2026-09-26 20:06:11,572][INFO|database.py-upgrade_schema:285] >> 테이블 'mysafety_watchlist' 생성 중...
[2026-09-26 20:06:11,573][INFO|database.py-upgrade_schema:285] >> 테이블 'mysafetydetail_other' 생성 중...
[2026-09-26 20:06:11,575][INFO|database.py-upgrade_schema:285] >> 테이블 'mysafetydetail_parking' 생성 중...
[2026-09-26 20:06:11,577][INFO|database.py-upgrade_schema:285] >> 테이블 'mysafetydetail_traffic' 생성 중...
[2026-09-26 20:06:11,579][INFO|database.py-upgrade_schema:285] >> 테이블 'mysafetymerge_other' 생성 중...
[2026-09-26 20:06:11,581][INFO|database.py-upgrade_schema:285] >> 테이블 'mysafetymerge_parking' 생성 중...
[2026-09-26 20:06:11,583][INFO|database.py-upgrade_schema:285] >> 테이블 'mysafetymerge_traffic' 생성 중...
[2026-09-26 20:06:11,587][INFO|database.py-_apply_versioned_migrations:452] >> [schema] DB 스키마 버전 1 적용
[2026-09-26 20:06:11,593][INFO|database.py-_apply_versioned_migrations:452] >> [schema] DB 스키마 버전 2 적용
[2026-09-26 20:06:11,595][INFO|database.py-_apply_versioned_migrations:452] >> [schema] DB 스키마 버전 3 적용
[2026-09-26 20:06:11,616][INFO|database.py-_apply_versioned_migrations:452] >> [schema] DB 스키마 버전 4 적용
[2026-09-26 20:06:11,647][INFO|duplicate_group_service.py-_log_info:53] >> [duplicate] payload exact 중복군 0개, 멤버 0건 재생성
[2026-09-26 20:06:11,651][WARNING|geocode_service.py-get_backfill_progress:250] >> [geocode] 진행 상태 lease 만료로 간주하여 비동기 백필을 중단 처리합니다.
.[2026-09-26 20:06:11,661][INFO|database.py-upgrade_schema:285] >> 테이블 'admin_users' 생성 중...
[2026-09-26 20:06:11,664][INFO|database.py-upgrade_schema:285] >> 테이블 'api_keys' 생성 중...
[2026-09-26 20:06:11,669][INFO|database.py-upgrade_schema:285] >> 테이블 'mysafety' 생성 중...
[2026-09-26 20:06:11,671][INFO|database.py-upgrade_schema:285] >> 테이블 'mysafety_change_cursor' 생성 중...
[2026-09-26 20:06:11,676][INFO|database.py-upgrade_schema:285] >> 테이블 'mysafety_change_log' 생성 중...
[2026-09-26 20:06:11,678][INFO|database.py-upgrade_schema:285] >> 테이블 'mysafety_duplicate_decision' 생성 중...
[2026-09-26 20:06:11,679][INFO|database.py-upgrade_schema:285] >> 테이블 'mysafety_duplicate_group' 생성 중...
[2026-09-26 20:06:11,681][INFO|database.py-upgrade_schema:285] >> 테이블 'mysafety_duplicate_member' 생성 중...
[2026-09-26 20:06:11,682][INFO|database.py-upgrade_schema:285] >> 테이블 'mysafety_entry_value' 생성 중...
[2026-09-26 20:06:11,683][INFO|database.py-upgrade_schema:285] >> 테이블 'mysafety_geocode_cache' 생성 중...
[2026-09-26 20:06:11,685][INFO|database.py-upgrade_schema:285] >> 테이블 'mysafety_raw_content' 생성 중...
[2026-09-26 20:06:11,686][INFO|database.py-upgrade_schema:285] >> 테이블 'mysafety_report_override' 생성 중...
[2026-09-26 20:06:11,687][INFO|database.py-upgrade_schema:285] >> 테이블 'mysafety_sync_meta' 생성 중...
[2026-09-26 20:06:11,689][INFO|database.py-upgrade_schema:285] >> 테이블 'mysafety_watchlist' 생성 중...
[2026-09-26 20:06:11,690][INFO|database.py-upgrade_schema:285] >> 테이블 'mysafetydetail_other' 생성 중...
[2026-09-26 20:06:11,692][INFO|database.py-upgrade_schema:285] >> 테이블 'mysafetydetail_parking' 생성 중...
[2026-09-26 20:06:11,693][INFO|database.py-upgrade_schema:285] >> 테이블 'mysafetydetail_traffic' 생성 중...
[2026-09-26 20:06:11,695][INFO|database.py-upgrade_schema:285] >> 테이블 'mysafetymerge_other' 생성 중...
[2026-09-26 20:06:11,697][INFO|database.py-upgrade_schema:285] >> 테이블 'mysafetymerge_parking' 생성 중...
[2026-09-26 20:06:11,700][INFO|database.py-upgrade_schema:285] >> 테이블 'mysafetymerge_traffic' 생성 중...
[2026-09-26 20:06:11,703][INFO|database.py-_apply_versioned_migrations:452] >> [schema] DB 스키마 버전 1 적용
[2026-09-26 20:06:11,713][INFO|database.py-_apply_versioned_migrations:452] >> [schema] DB 스키마 버전 2 적용
[2026-09-26 20:06:11,715][INFO|database.py-_apply_versioned_migrations:452] >> [schema] DB 스키마 버전 3 적용
[2026-09-26 20:06:11,728][INFO|database.py-_apply_versioned_migrations:452] >> [schema] DB 스키마 버전 4 적용
[2026-09-26 20:06:11,755][INFO|duplicate_group_service.py-_log_info:53] >> [duplicate] payload exact 중복군 0개, 멤버 0건 재생성
[2026-09-26 20:06:11,792][INFO|database.py-backfill_synced_at:100] >> [migration] mysafetydetail_traffic synced_at 백필: 12건, 미해결 0건
[2026-09-26 20:06:11,795][INFO|database.py-backfill_synced_at:100] >> [migration] mysafetydetail_parking synced_at 백필: 6건, 미해결 0건
[2026-09-26 20:06:11,798][INFO|database.py-backfill_synced_at:100] >> [migration] mysafetydetail_other synced_at 백필: 6건, 미해결 0건
[2026-09-26 20:06:11,800][INFO|database.py-backfill_synced_at:105] >> [migration] synced_at 백필 완료: 총 24건 갱신, merge 재생성 시작
[2026-09-26 20:06:11,813][INFO|database.py-merge_final:736] >> 최종 데이터 병합 완료 (Traffic/Parking/Other 분리)
[2026-09-26 20:06:11,838][INFO|duplicate_group_service.py-_log_info:53] >> [duplicate] payload exact 중복군 1개, 멤버 2건 재생성
[2026-09-26 20:06:11,849][INFO|database.py-merge_final:736] >> 최종 데이터 병합 완료 (Traffic/Parking/Other 분리)
[2026-09-26 20:06:11,873][INFO|duplicate_group_service.py-_log_info:53] >> [duplicate] payload exact 중복군 1개, 멤버 2건 재생성
[2026-09-26 20:06:12,029][INFO|maintenance_service.py-repair_car_numbers:135] >> [maintenance] 차량번호 다시 뽑기: 1건
.[2026-09-26 20:06:12,039][INFO|database.py-upgrade_schema:285] >> 테이블 'admin_users' 생성 중...
[2026-09-26 20:06:12,043][INFO|database.py-upgrade_schema:285] >> 테이블 'api_keys' 생성 중...
[2026-09-26 20:06:12,045][INFO|database.py-upgrade_schema:285] >> 테이블 'mysafety' 생성 중...
[2026-09-26 20:06:12,047][INFO|database.py-upgrade_schema:285] >> 테이블 'mysafety_change_cursor' 생성 중...
[2026-09-26 20:06:12,048][INFO|database.py-upgrade_schema:285] >> 테이블 'mysafety_change_log' 생성 중...
[2026-09-26 20:06:12,049][INFO|database.py-upgrade_schema:285] >> 테이블 'mysafety_duplicate_decision' 생성 중...
[2026-09-26 20:06:12,054][INFO|database.py-upgrade_schema:285] >> 테이블 'mysafety_duplicate_group' 생성 중...
[2026-09-26 20:06:12,055][INFO|database.py-upgrade_schema:285] >> 테이블 'mysafety_duplicate_member' 생성 중...
[2026-09-26 20:06:12,057][INFO|database.py-upgrade_schema:285] >> 테이블 'mysafety_entry_value' 생성 중...
[2026-09-26 20:06:12,063][INFO|database.py-upgrade_schema:285] >> 테이블 'mysafety_geocode_cache' 생성 중...
[2026-09-26 20:06:12,066][INFO|database.py-upgrade_schema:285] >> 테이블 'mysafety_raw_content' 생성 중...
[2026-09-26 20:06:12,068][INFO|database.py-upgrade_schema:285] >> 테이블 'mysafety_report_override' 생성 중...
[2026-09-26 20:06:12,070][INFO|database.py-upgrade_schema:285] >> 테이블 'mysafety_sync_meta' 생성 중...
[2026-09-26 20:06:12,071][INFO|database.py-upgrade_schema:285] >> 테이블 'mysafety_watchlist' 생성 중...
[2026-09-26 20:06:12,072][INFO|database.py-upgrade_schema:285] >> 테이블 'mysafetydetail_other' 생성 중...
[2026-09-26 20:06:12,074][INFO|database.py-upgrade_schema:285] >> 테이블 'mysafetydetail_parking' 생성 중...
[2026-09-26 20:06:12,076][INFO|database.py-upgrade_schema:285] >> 테이블 'mysafetydetail_traffic' 생성 중...
[2026-09-26 20:06:12,077][INFO|database.py-upgrade_schema:285] >> 테이블 'mysafetymerge_other' 생성 중...
[2026-09-26 20:06:12,079][INFO|database.py-upgrade_schema:285] >> 테이블 'mysafetymerge_parking' 생성 중...
[2026-09-26 20:06:12,081][INFO|database.py-upgrade_schema:285] >> 테이블 'mysafetymerge_traffic' 생성 중...
[2026-09-26 20:06:12,087][INFO|database.py-_apply_versioned_migrations:452] >> [schema] DB 스키마 버전 1 적용
[2026-09-26 20:06:12,097][INFO|database.py-_apply_versioned_migrations:452] >> [schema] DB 스키마 버전 2 적용
[2026-09-26 20:06:12,100][INFO|database.py-_apply_versioned_migrations:452] >> [schema] DB 스키마 버전 3 적용
[2026-09-26 20:06:12,116][INFO|database.py-_apply_versioned_migrations:452] >> [schema] DB 스키마 버전 4 적용
[2026-09-26 20:06:12,153][INFO|duplicate_group_service.py-_log_info:53] >> [duplicate] payload exact 중복군 0개, 멤버 0건 재생성
[2026-09-26 20:06:12,201][INFO|database.py-backfill_synced_at:100] >> [migration] mysafetydetail_traffic synced_at 백필: 12건, 미해결 0건
[2026-09-26 20:06:12,205][INFO|database.py-backfill_synced_at:100] >> [migration] mysafetydetail_parking synced_at 백필: 6건, 미해결 0건
[2026-09-26 20:06:12,208][INFO|database.py-backfill_synced_at:100] >> [migration] mysafetydetail_other synced_at 백필: 6건, 미해결 0건
[2026-09-26 20:06:12,210][INFO|database.py-backfill_synced_at:105] >> [migration] synced_at 백필 완료: 총 24건 갱신, merge 재생성 시작
[2026-09-26 20:06:12,222][INFO|database.py-merge_final:736] >> 최종 데이터 병합 완료 (Traffic/Parking/Other 분리)
[2026-09-26 20:06:12,248][INFO|duplicate_group_service.py-_log_info:53] >> [duplicate] payload exact 중복군 1개, 멤버 2건 재생성
[2026-09-26 20:06:12,257][INFO|database.py-merge_final:736] >> 최종 데이터 병합 완료 (Traffic/Parking/Other 분리)
[2026-09-26 20:06:12,280][INFO|duplicate_group_service.py-_log_info:53] >> [duplicate] payload exact 중복군 1개, 멤버 2건 재생성
[2026-09-26 20:06:12,412][INFO|maintenance_service.py-start_photo_backfill:95] >> [maintenance] 사진 촬영 시각 한 번 훑기 시작: 3건
[2026-09-26 20:06:12,436][INFO|maintenance_service.py-_run_photo_job:78] >> [maintenance] 사진 촬영 시각 한 번 훑기 끝: 채움 2, 실패 1
[2026-09-26 20:06:12,438][INFO|maintenance_service.py-start_photo_backfill:95] >> [maintenance] 사진 촬영 시각 한 번 훑기 시작: 1건
[2026-09-26 20:06:12,445][INFO|maintenance_service.py-_run_photo_job:78] >> [maintenance] 사진 촬영 시각 한 번 훑기 끝: 채움 1, 실패 0
.[2026-09-26 20:06:12,457][INFO|database.py-upgrade_schema:285] >> 테이블 'admin_users' 생성 중...
[2026-09-26 20:06:12,461][INFO|database.py-upgrade_schema:285] >> 테이블 'api_keys' 생성 중...
[2026-09-26 20:06:12,463][INFO|database.py-upgrade_schema:285] >> 테이블 'mysafety' 생성 중...
[2026-09-26 20:06:12,468][INFO|database.py-upgrade_schema:285] >> 테이블 'mysafety_change_cursor' 생성 중...
[2026-09-26 20:06:12,470][INFO|database.py-upgrade_schema:285] >> 테이블 'mysafety_change_log' 생성 중...
[2026-09-26 20:06:12,472][INFO|database.py-upgrade_schema:285] >> 테이블 'mysafety_duplicate_decision' 생성 중...
[2026-09-26 20:06:12,474][INFO|database.py-upgrade_schema:285] >> 테이블 'mysafety_duplicate_group' 생성 중...
[2026-09-26 20:06:12,475][INFO|database.py-upgrade_schema:285] >> 테이블 'mysafety_duplicate_member' 생성 중...
[2026-09-26 20:06:12,477][INFO|database.py-upgrade_schema:285] >> 테이블 'mysafety_entry_value' 생성 중...
[2026-09-26 20:06:12,479][INFO|database.py-upgrade_schema:285] >> 테이블 'mysafety_geocode_cache' 생성 중...
[2026-09-26 20:06:12,481][INFO|database.py-upgrade_schema:285] >> 테이블 'mysafety_raw_content' 생성 중...
[2026-09-26 20:06:12,482][INFO|database.py-upgrade_schema:285] >> 테이블 'mysafety_report_override' 생성 중...
[2026-09-26 20:06:12,484][INFO|database.py-upgrade_schema:285] >> 테이블 'mysafety_sync_meta' 생성 중...
[2026-09-26 20:06:12,485][INFO|database.py-upgrade_schema:285] >> 테이블 'mysafety_watchlist' 생성 중...
[2026-09-26 20:06:12,487][INFO|database.py-upgrade_schema:285] >> 테이블 'mysafetydetail_other' 생성 중...
[2026-09-26 20:06:12,489][INFO|database.py-upgrade_schema:285] >> 테이블 'mysafetydetail_parking' 생성 중...
[2026-09-26 20:06:12,491][INFO|database.py-upgrade_schema:285] >> 테이블 'mysafetydetail_traffic' 생성 중...
[2026-09-26 20:06:12,494][INFO|database.py-upgrade_schema:285] >> 테이블 'mysafetymerge_other' 생성 중...
[2026-09-26 20:06:12,496][INFO|database.py-upgrade_schema:285] >> 테이블 'mysafetymerge_parking' 생성 중...
[2026-09-26 20:06:12,500][INFO|database.py-upgrade_schema:285] >> 테이블 'mysafetymerge_traffic' 생성 중...
[2026-09-26 20:06:12,508][INFO|database.py-_apply_versioned_migrations:452] >> [schema] DB 스키마 버전 1 적용
[2026-09-26 20:06:12,514][INFO|database.py-_apply_versioned_migrations:452] >> [schema] DB 스키마 버전 2 적용
[2026-09-26 20:06:12,516][INFO|database.py-_apply_versioned_migrations:452] >> [schema] DB 스키마 버전 3 적용
[2026-09-26 20:06:12,530][INFO|database.py-_apply_versioned_migrations:452] >> [schema] DB 스키마 버전 4 적용
[2026-09-26 20:06:12,555][INFO|duplicate_group_service.py-_log_info:53] >> [duplicate] payload exact 중복군 0개, 멤버 0건 재생성
[2026-09-26 20:06:12,589][INFO|database.py-backfill_synced_at:100] >> [migration] mysafetydetail_traffic synced_at 백필: 12건, 미해결 0건
[2026-09-26 20:06:12,592][INFO|database.py-backfill_synced_at:100] >> [migration] mysafetydetail_parking synced_at 백필: 6건, 미해결 0건
[2026-09-26 20:06:12,596][INFO|database.py-backfill_synced_at:100] >> [migration] mysafetydetail_other synced_at 백필: 6건, 미해결 0건
[2026-09-26 20:06:12,597][INFO|database.py-backfill_synced_at:105] >> [migration] synced_at 백필 완료: 총 24건 갱신, merge 재생성 시작
[2026-09-26 20:06:12,609][INFO|database.py-merge_final:736] >> 최종 데이터 병합 완료 (Traffic/Parking/Other 분리)
[2026-09-26 20:06:12,635][INFO|duplicate_group_service.py-_log_info:53] >> [duplicate] payload exact 중복군 1개, 멤버 2건 재생성
[2026-09-26 20:06:12,648][INFO|database.py-merge_final:736] >> 최종 데이터 병합 완료 (Traffic/Parking/Other 분리)
[2026-09-26 20:06:12,678][INFO|duplicate_group_service.py-_log_info:53] >> [duplicate] payload exact 중복군 1개, 멤버 2건 재생성
[2026-09-26 20:06:12,825][INFO|maintenance_service.py-start_photo_backfill:95] >> [maintenance] 사진 촬영 시각 한 번 훑기 시작: 3건
[2026-09-26 20:06:12,885][INFO|maintenance_service.py-_run_photo_job:78] >> [maintenance] 사진 촬영 시각 한 번 훑기 끝: 채움 3, 실패 0
.[2026-09-26 20:06:12,896][INFO|database.py-upgrade_schema:285] >> 테이블 'admin_users' 생성 중...
[2026-09-26 20:06:12,900][INFO|database.py-upgrade_schema:285] >> 테이블 'api_keys' 생성 중...
[2026-09-26 20:06:12,902][INFO|database.py-upgrade_schema:285] >> 테이블 'mysafety' 생성 중...
[2026-09-26 20:06:12,905][INFO|database.py-upgrade_schema:285] >> 테이블 'mysafety_change_cursor' 생성 중...
[2026-09-26 20:06:12,908][INFO|database.py-upgrade_schema:285] >> 테이블 'mysafety_change_log' 생성 중...
[2026-09-26 20:06:12,910][INFO|database.py-upgrade_schema:285] >> 테이블 'mysafety_duplicate_decision' 생성 중...
[2026-09-26 20:06:12,916][INFO|database.py-upgrade_schema:285] >> 테이블 'mysafety_duplicate_group' 생성 중...
[2026-09-26 20:06:12,918][INFO|database.py-upgrade_schema:285] >> 테이블 'mysafety_duplicate_member' 생성 중...
[2026-09-26 20:06:12,921][INFO|database.py-upgrade_schema:285] >> 테이블 'mysafety_entry_value' 생성 중...
[2026-09-26 20:06:12,922][INFO|database.py-upgrade_schema:285] >> 테이블 'mysafety_geocode_cache' 생성 중...
[2026-09-26 20:06:12,924][INFO|database.py-upgrade_schema:285] >> 테이블 'mysafety_raw_content' 생성 중...
[2026-09-26 20:06:12,926][INFO|database.py-upgrade_schema:285] >> 테이블 'mysafety_report_override' 생성 중...
[2026-09-26 20:06:12,928][INFO|database.py-upgrade_schema:285] >> 테이블 'mysafety_sync_meta' 생성 중...
[2026-09-26 20:06:12,930][INFO|database.py-upgrade_schema:285] >> 테이블 'mysafety_watchlist' 생성 중...
[2026-09-26 20:06:12,931][INFO|database.py-upgrade_schema:285] >> 테이블 'mysafetydetail_other' 생성 중...
[2026-09-26 20:06:12,936][INFO|database.py-upgrade_schema:285] >> 테이블 'mysafetydetail_parking' 생성 중...
[2026-09-26 20:06:12,938][INFO|database.py-upgrade_schema:285] >> 테이블 'mysafetydetail_traffic' 생성 중...
[2026-09-26 20:06:12,940][INFO|database.py-upgrade_schema:285] >> 테이블 'mysafetymerge_other' 생성 중...
[2026-09-26 20:06:12,944][INFO|database.py-upgrade_schema:285] >> 테이블 'mysafetymerge_parking' 생성 중...
[2026-09-26 20:06:12,947][INFO|database.py-upgrade_schema:285] >> 테이블 'mysafetymerge_traffic' 생성 중...
[2026-09-26 20:06:12,952][INFO|database.py-_apply_versioned_migrations:452] >> [schema] DB 스키마 버전 1 적용
[2026-09-26 20:06:12,957][INFO|database.py-_apply_versioned_migrations:452] >> [schema] DB 스키마 버전 2 적용
[2026-09-26 20:06:12,959][INFO|database.py-_apply_versioned_migrations:452] >> [schema] DB 스키마 버전 3 적용
[2026-09-26 20:06:12,979][INFO|database.py-_apply_versioned_migrations:452] >> [schema] DB 스키마 버전 4 적용
[2026-09-26 20:06:13,005][INFO|duplicate_group_service.py-_log_info:53] >> [duplicate] payload exact 중복군 0개, 멤버 0건 재생성
[2026-09-26 20:06:13,043][INFO|database.py-backfill_synced_at:100] >> [migration] mysafetydetail_traffic synced_at 백필: 12건, 미해결 0건
[2026-09-26 20:06:13,047][INFO|database.py-backfill_synced_at:100] >> [migration] mysafetydetail_parking synced_at 백필: 6건, 미해결 0건
[2026-09-26 20:06:13,051][INFO|database.py-backfill_synced_at:100] >> [migration] mysafetydetail_other synced_at 백필: 6건, 미해결 0건
[2026-09-26 20:06:13,052][INFO|database.py-backfill_synced_at:105] >> [migration] synced_at 백필 완료: 총 24건 갱신, merge 재생성 시작
[2026-09-26 20:06:13,064][INFO|database.py-merge_final:736] >> 최종 데이터 병합 완료 (Traffic/Parking/Other 분리)
[2026-09-26 20:06:13,100][INFO|duplicate_group_service.py-_log_info:53] >> [duplicate] payload exact 중복군 1개, 멤버 2건 재생성
[2026-09-26 20:06:13,110][INFO|database.py-merge_final:736] >> 최종 데이터 병합 완료 (Traffic/Parking/Other 분리)
[2026-09-26 20:06:13,141][INFO|duplicate_group_service.py-_log_info:53] >> [duplicate] payload exact 중복군 1개, 멤버 2건 재생성
....[2026-09-26 20:06:13,287][WARNING|runtime_mode.py-block_if_fixture:47] >> [fixture] blocked: photo capture fetch
....[2026-09-26 20:06:13,293][INFO|database.py-upgrade_schema:285] >> 테이블 'admin_users' 생성 중...
[2026-09-26 20:06:13,296][INFO|database.py-upgrade_schema:285] >> 테이블 'api_keys' 생성 중...
[2026-09-26 20:06:13,298][INFO|database.py-upgrade_schema:285] >> 테이블 'mysafety' 생성 중...
[2026-09-26 20:06:13,299][INFO|database.py-upgrade_schema:285] >> 테이블 'mysafety_change_cursor' 생성 중...
[2026-09-26 20:06:13,301][INFO|database.py-upgrade_schema:285] >> 테이블 'mysafety_change_log' 생성 중...
[2026-09-26 20:06:13,303][INFO|database.py-upgrade_schema:285] >> 테이블 'mysafety_duplicate_decision' 생성 중...
[2026-09-26 20:06:13,305][INFO|database.py-upgrade_schema:285] >> 테이블 'mysafety_duplicate_group' 생성 중...
[2026-09-26 20:06:13,306][INFO|database.py-upgrade_schema:285] >> 테이블 'mysafety_duplicate_member' 생성 중...
[2026-09-26 20:06:13,311][INFO|database.py-upgrade_schema:285] >> 테이블 'mysafety_entry_value' 생성 중...
[2026-09-26 20:06:13,313][INFO|database.py-upgrade_schema:285] >> 테이블 'mysafety_geocode_cache' 생성 중...
[2026-09-26 20:06:13,315][INFO|database.py-upgrade_schema:285] >> 테이블 'mysafety_raw_content' 생성 중...
[2026-09-26 20:06:13,318][INFO|database.py-upgrade_schema:285] >> 테이블 'mysafety_report_override' 생성 중...
[2026-09-26 20:06:13,323][INFO|database.py-upgrade_schema:285] >> 테이블 'mysafety_sync_meta' 생성 중...
[2026-09-26 20:06:13,325][INFO|database.py-upgrade_schema:285] >> 테이블 'mysafety_watchlist' 생성 중...
[2026-09-26 20:06:13,327][INFO|database.py-upgrade_schema:285] >> 테이블 'mysafetydetail_other' 생성 중...
[2026-09-26 20:06:13,329][INFO|database.py-upgrade_schema:285] >> 테이블 'mysafetydetail_parking' 생성 중...
[2026-09-26 20:06:13,331][INFO|database.py-upgrade_schema:285] >> 테이블 'mysafetydetail_traffic' 생성 중...
[2026-09-26 20:06:13,334][INFO|database.py-upgrade_schema:285] >> 테이블 'mysafetymerge_other' 생성 중...
[2026-09-26 20:06:13,336][INFO|database.py-upgrade_schema:285] >> 테이블 'mysafetymerge_parking' 생성 중...
[2026-09-26 20:06:13,338][INFO|database.py-upgrade_schema:285] >> 테이블 'mysafetymerge_traffic' 생성 중...
[2026-09-26 20:06:13,341][INFO|database.py-_apply_versioned_migrations:452] >> [schema] DB 스키마 버전 1 적용
[2026-09-26 20:06:13,347][INFO|database.py-_apply_versioned_migrations:452] >> [schema] DB 스키마 버전 2 적용
[2026-09-26 20:06:13,349][INFO|database.py-_apply_versioned_migrations:452] >> [schema] DB 스키마 버전 3 적용
[2026-09-26 20:06:13,369][INFO|database.py-_apply_versioned_migrations:452] >> [schema] DB 스키마 버전 4 적용
[2026-09-26 20:06:13,396][INFO|duplicate_group_service.py-_log_info:53] >> [duplicate] payload exact 중복군 0개, 멤버 0건 재생성
[2026-09-26 20:06:13,448][INFO|duplicate_group_service.py-_log_info:53] >> [duplicate] payload exact 중복군 0개, 멤버 0건 재생성
[2026-09-26 20:06:13,450][INFO|database.py-detail_to_sql:723] >> 총 1건 detail 저장 완료. (변경/신규: 1건, 실패: 0건)
[2026-09-26 20:06:13,476][INFO|duplicate_group_service.py-_log_info:53] >> [duplicate] payload exact 중복군 0개, 멤버 0건 재생성
[2026-09-26 20:06:13,478][INFO|database.py-detail_to_sql:723] >> 총 1건 detail 저장 완료. (변경/신규: 0건, 실패: 0건)
.[2026-09-26 20:06:13,490][INFO|database.py-upgrade_schema:285] >> 테이블 'admin_users' 생성 중...
[2026-09-26 20:06:13,493][INFO|database.py-upgrade_schema:285] >> 테이블 'api_keys' 생성 중...
[2026-09-26 20:06:13,495][INFO|database.py-upgrade_schema:285] >> 테이블 'mysafety' 생성 중...
[2026-09-26 20:06:13,497][INFO|database.py-upgrade_schema:285] >> 테이블 'mysafety_change_cursor' 생성 중...
[2026-09-26 20:06:13,499][INFO|database.py-upgrade_schema:285] >> 테이블 'mysafety_change_log' 생성 중...
[2026-09-26 20:06:13,500][INFO|database.py-upgrade_schema:285] >> 테이블 'mysafety_duplicate_decision' 생성 중...
[2026-09-26 20:06:13,502][INFO|database.py-upgrade_schema:285] >> 테이블 'mysafety_duplicate_group' 생성 중...
[2026-09-26 20:06:13,504][INFO|database.py-upgrade_schema:285] >> 테이블 'mysafety_duplicate_member' 생성 중...
[2026-09-26 20:06:13,505][INFO|database.py-upgrade_schema:285] >> 테이블 'mysafety_entry_value' 생성 중...
[2026-09-26 20:06:13,507][INFO|database.py-upgrade_schema:285] >> 테이블 'mysafety_geocode_cache' 생성 중...
[2026-09-26 20:06:13,509][INFO|database.py-upgrade_schema:285] >> 테이블 'mysafety_raw_content' 생성 중...
[2026-09-26 20:06:13,514][INFO|database.py-upgrade_schema:285] >> 테이블 'mysafety_report_override' 생성 중...
[2026-09-26 20:06:13,516][INFO|database.py-upgrade_schema:285] >> 테이블 'mysafety_sync_meta' 생성 중...
[2026-09-26 20:06:13,521][INFO|database.py-upgrade_schema:285] >> 테이블 'mysafety_watchlist' 생성 중...
[2026-09-26 20:06:13,524][INFO|database.py-upgrade_schema:285] >> 테이블 'mysafetydetail_other' 생성 중...
[2026-09-26 20:06:13,525][INFO|database.py-upgrade_schema:285] >> 테이블 'mysafetydetail_parking' 생성 중...
[2026-09-26 20:06:13,527][INFO|database.py-upgrade_schema:285] >> 테이블 'mysafetydetail_traffic' 생성 중...
[2026-09-26 20:06:13,529][INFO|database.py-upgrade_schema:285] >> 테이블 'mysafetymerge_other' 생성 중...
[2026-09-26 20:06:13,531][INFO|database.py-upgrade_schema:285] >> 테이블 'mysafetymerge_parking' 생성 중...
[2026-09-26 20:06:13,533][INFO|database.py-upgrade_schema:285] >> 테이블 'mysafetymerge_traffic' 생성 중...
[2026-09-26 20:06:13,536][INFO|database.py-_apply_versioned_migrations:452] >> [schema] DB 스키마 버전 1 적용
[2026-09-26 20:06:13,541][INFO|database.py-_apply_versioned_migrations:452] >> [schema] DB 스키마 버전 2 적용
[2026-09-26 20:06:13,543][INFO|database.py-_apply_versioned_migrations:452] >> [schema] DB 스키마 버전 3 적용
[2026-09-26 20:06:13,563][INFO|database.py-_apply_versioned_migrations:452] >> [schema] DB 스키마 버전 4 적용
[2026-09-26 20:06:13,589][INFO|duplicate_group_service.py-_log_info:53] >> [duplicate] payload exact 중복군 0개, 멤버 0건 재생성
[2026-09-26 20:06:13,647][INFO|duplicate_group_service.py-_log_info:53] >> [duplicate] payload exact 중복군 0개, 멤버 0건 재생성
[2026-09-26 20:06:13,649][INFO|database.py-detail_to_sql:723] >> 총 1건 detail 저장 완료. (변경/신규: 1건, 실패: 0건)
[2026-09-26 20:06:13,660][INFO|database.py-merge_final:736] >> 최종 데이터 병합 완료 (Traffic/Parking/Other 분리)
[2026-09-26 20:06:13,673][INFO|duplicate_group_service.py-_log_info:53] >> [duplicate] payload exact 중복군 0개, 멤버 0건 재생성
.[2026-09-26 20:06:13,688][INFO|database.py-upgrade_schema:285] >> 테이블 'admin_users' 생성 중...
[2026-09-26 20:06:13,696][INFO|database.py-upgrade_schema:285] >> 테이블 'api_keys' 생성 중...
[2026-09-26 20:06:13,698][INFO|database.py-upgrade_schema:285] >> 테이블 'mysafety' 생성 중...
[2026-09-26 20:06:13,699][INFO|database.py-upgrade_schema:285] >> 테이블 'mysafety_change_cursor' 생성 중...
[2026-09-26 20:06:13,701][INFO|database.py-upgrade_schema:285] >> 테이블 'mysafety_change_log' 생성 중...
[2026-09-26 20:06:13,702][INFO|database.py-upgrade_schema:285] >> 테이블 'mysafety_duplicate_decision' 생성 중...
[2026-09-26 20:06:13,704][INFO|database.py-upgrade_schema:285] >> 테이블 'mysafety_duplicate_group' 생성 중...
[2026-09-26 20:06:13,706][INFO|database.py-upgrade_schema:285] >> 테이블 'mysafety_duplicate_member' 생성 중...
[2026-09-26 20:06:13,707][INFO|database.py-upgrade_schema:285] >> 테이블 'mysafety_entry_value' 생성 중...
[2026-09-26 20:06:13,709][INFO|database.py-upgrade_schema:285] >> 테이블 'mysafety_geocode_cache' 생성 중...
[2026-09-26 20:06:13,710][INFO|database.py-upgrade_schema:285] >> 테이블 'mysafety_raw_content' 생성 중...
[2026-09-26 20:06:13,712][INFO|database.py-upgrade_schema:285] >> 테이블 'mysafety_report_override' 생성 중...
[2026-09-26 20:06:13,714][INFO|database.py-upgrade_schema:285] >> 테이블 'mysafety_sync_meta' 생성 중...
[2026-09-26 20:06:13,716][INFO|database.py-upgrade_schema:285] >> 테이블 'mysafety_watchlist' 생성 중...
[2026-09-26 20:06:13,717][INFO|database.py-upgrade_schema:285] >> 테이블 'mysafetydetail_other' 생성 중...
[2026-09-26 20:06:13,719][INFO|database.py-upgrade_schema:285] >> 테이블 'mysafetydetail_parking' 생성 중...
[2026-09-26 20:06:13,725][INFO|database.py-upgrade_schema:285] >> 테이블 'mysafetydetail_traffic' 생성 중...
[2026-09-26 20:06:13,727][INFO|database.py-upgrade_schema:285] >> 테이블 'mysafetymerge_other' 생성 중...
[2026-09-26 20:06:13,734][INFO|database.py-upgrade_schema:285] >> 테이블 'mysafetymerge_parking' 생성 중...
[2026-09-26 20:06:13,737][INFO|database.py-upgrade_schema:285] >> 테이블 'mysafetymerge_traffic' 생성 중...
[2026-09-26 20:06:13,740][INFO|database.py-_apply_versioned_migrations:452] >> [schema] DB 스키마 버전 1 적용
[2026-09-26 20:06:13,749][INFO|database.py-_apply_versioned_migrations:452] >> [schema] DB 스키마 버전 2 적용
[2026-09-26 20:06:13,753][INFO|database.py-_apply_versioned_migrations:452] >> [schema] DB 스키마 버전 3 적용
[2026-09-26 20:06:13,775][INFO|database.py-_apply_versioned_migrations:452] >> [schema] DB 스키마 버전 4 적용
[2026-09-26 20:06:13,803][INFO|duplicate_group_service.py-_log_info:53] >> [duplicate] payload exact 중복군 0개, 멤버 0건 재생성
[2026-09-26 20:06:13,862][INFO|duplicate_group_service.py-_log_info:53] >> [duplicate] payload exact 중복군 0개, 멤버 0건 재생성
[2026-09-26 20:06:13,863][INFO|database.py-detail_to_sql:723] >> 총 1건 detail 저장 완료. (변경/신규: 1건, 실패: 0건)
....[2026-09-26 20:06:13,876][INFO|database.py-upgrade_schema:285] >> 테이블 'admin_users' 생성 중...
[2026-09-26 20:06:13,879][INFO|database.py-upgrade_schema:285] >> 테이블 'api_keys' 생성 중...
[2026-09-26 20:06:13,881][INFO|database.py-upgrade_schema:285] >> 테이블 'mysafety' 생성 중...
[2026-09-26 20:06:13,883][INFO|database.py-upgrade_schema:285] >> 테이블 'mysafety_change_cursor' 생성 중...
[2026-09-26 20:06:13,885][INFO|database.py-upgrade_schema:285] >> 테이블 'mysafety_change_log' 생성 중...
[2026-09-26 20:06:13,886][INFO|database.py-upgrade_schema:285] >> 테이블 'mysafety_duplicate_decision' 생성 중...
[2026-09-26 20:06:13,891][INFO|database.py-upgrade_schema:285] >> 테이블 'mysafety_duplicate_group' 생성 중...
[2026-09-26 20:06:13,893][INFO|database.py-upgrade_schema:285] >> 테이블 'mysafety_duplicate_member' 생성 중...
[2026-09-26 20:06:13,895][INFO|database.py-upgrade_schema:285] >> 테이블 'mysafety_entry_value' 생성 중...
[2026-09-26 20:06:13,897][INFO|database.py-upgrade_schema:285] >> 테이블 'mysafety_geocode_cache' 생성 중...
[2026-09-26 20:06:13,899][INFO|database.py-upgrade_schema:285] >> 테이블 'mysafety_raw_content' 생성 중...
[2026-09-26 20:06:13,900][INFO|database.py-upgrade_schema:285] >> 테이블 'mysafety_report_override' 생성 중...
[2026-09-26 20:06:13,901][INFO|database.py-upgrade_schema:285] >> 테이블 'mysafety_sync_meta' 생성 중...
[2026-09-26 20:06:13,903][INFO|database.py-upgrade_schema:285] >> 테이블 'mysafety_watchlist' 생성 중...
[2026-09-26 20:06:13,904][INFO|database.py-upgrade_schema:285] >> 테이블 'mysafetydetail_other' 생성 중...
[2026-09-26 20:06:13,907][WARNING|database.py-upgrade_schema:304] >> 'mysafetydetail_parking' 테이블에 '차량번호' 컬럼을 추가합니다.
[2026-09-26 20:06:13,908][WARNING|database.py-upgrade_schema:304] >> 'mysafetydetail_parking' 테이블에 '위반법규' 컬럼을 추가합니다.
[2026-09-26 20:06:13,910][WARNING|database.py-upgrade_schema:304] >> 'mysafetydetail_parking' 테이블에 '범칙금_과태료' 컬럼을 추가합니다.
[2026-09-26 20:06:13,911][WARNING|database.py-upgrade_schema:304] >> 'mysafetydetail_parking' 테이블에 '벌점' 컬럼을 추가합니다.
[2026-09-26 20:06:13,913][WARNING|database.py-upgrade_schema:304] >> 'mysafetydetail_parking' 테이블에 '처리기관' 컬럼을 추가합니다.
[2026-09-26 20:06:13,914][WARNING|database.py-upgrade_schema:304] >> 'mysafetydetail_parking' 테이블에 '담당자' 컬럼을 추가합니다.
[2026-09-26 20:06:13,916][WARNING|database.py-upgrade_schema:304] >> 'mysafetydetail_parking' 테이블에 '답변일' 컬럼을 추가합니다.
[2026-09-26 20:06:13,917][WARNING|database.py-upgrade_schema:304] >> 'mysafetydetail_parking' 테이블에 '발생일자' 컬럼을 추가합니다.
[2026-09-26 20:06:13,922][WARNING|database.py-upgrade_schema:304] >> 'mysafetydetail_parking' 테이블에 '발생시각' 컬럼을 추가합니다.
[2026-09-26 20:06:13,924][WARNING|database.py-upgrade_schema:304] >> 'mysafetydetail_parking' 테이블에 '위반장소' 컬럼을 추가합니다.
[2026-09-26 20:06:13,929][WARNING|database.py-upgrade_schema:304] >> 'mysafetydetail_parking' 테이블에 '주소정규화' 컬럼을 추가합니다.
[2026-09-26 20:06:13,932][WARNING|database.py-upgrade_schema:304] >> 'mysafetydetail_parking' 테이블에 '행정구역' 컬럼을 추가합니다.
[2026-09-26 20:06:13,934][WARNING|database.py-upgrade_schema:304] >> 'mysafetydetail_parking' 테이블에 '위도' 컬럼을 추가합니다.
[2026-09-26 20:06:13,935][WARNING|database.py-upgrade_schema:304] >> 'mysafetydetail_parking' 테이블에 '경도' 컬럼을 추가합니다.
[2026-09-26 20:06:13,938][WARNING|database.py-upgrade_schema:304] >> 'mysafetydetail_parking' 테이블에 '지오코딩상태' 컬럼을 추가합니다.
[2026-09-26 20:06:13,939][WARNING|database.py-upgrade_schema:304] >> 'mysafetydetail_parking' 테이블에 '종결여부' 컬럼을 추가합니다.
[2026-09-26 20:06:13,941][WARNING|database.py-upgrade_schema:304] >> 'mysafetydetail_parking' 테이블에 '신고내용' 컬럼을 추가합니다.
[2026-09-26 20:06:13,942][WARNING|database.py-upgrade_schema:304] >> 'mysafetydetail_parking' 테이블에 '처리내용' 컬럼을 추가합니다.
[2026-09-26 20:06:13,944][WARNING|database.py-upgrade_schema:304] >> 'mysafetydetail_parking' 테이블에 '지도' 컬럼을 추가합니다.
[2026-09-26 20:06:13,945][WARNING|database.py-upgrade_schema:304] >> 'mysafetydetail_parking' 테이블에 '첨부사진' 컬럼을 추가합니다.
[2026-09-26 20:06:13,947][WARNING|database.py-upgrade_schema:304] >> 'mysafetydetail_parking' 테이블에 '첨부파일' 컬럼을 추가합니다.
[2026-09-26 20:06:13,948][WARNING|database.py-upgrade_schema:304] >> 'mysafetydetail_parking' 테이블에 'synced_at' 컬럼을 추가합니다.
[2026-09-26 20:06:13,950][WARNING|database.py-upgrade_schema:304] >> 'mysafetydetail_parking' 테이블에 '보완횟수' 컬럼을 추가합니다.
[2026-09-26 20:06:13,952][WARNING|database.py-upgrade_schema:304] >> 'mysafetydetail_parking' 테이블에 '보완_미응답' 컬럼을 추가합니다.
[2026-09-26 20:06:13,953][WARNING|database.py-upgrade_schema:304] >> 'mysafetydetail_parking' 테이블에 '보완_요청자' 컬럼을 추가합니다.
[2026-09-26 20:06:13,957][WARNING|database.py-upgrade_schema:304] >> 'mysafetydetail_parking' 테이블에 '보완_요청일시' 컬럼을 추가합니다.
[2026-09-26 20:06:13,959][WARNING|database.py-upgrade_schema:304] >> 'mysafetydetail_parking' 테이블에 '보완_완료일시' 컬럼을 추가합니다.
[2026-09-26 20:06:13,963][WARNING|database.py-upgrade_schema:304] >> 'mysafetydetail_parking' 테이블에 '보완_요청_내용' 컬럼을 추가합니다.
[2026-09-26 20:06:13,968][WARNING|database.py-upgrade_schema:304] >> 'mysafetydetail_parking' 테이블에 '보완_신고자_의견' 컬럼을 추가합니다.
[2026-09-26 20:06:13,970][WARNING|database.py-upgrade_schema:304] >> 'mysafetydetail_parking' 테이블에 '사진_첫촬영' 컬럼을 추가합니다.
[2026-09-26 20:06:13,972][WARNING|database.py-upgrade_schema:304] >> 'mysafetydetail_parking' 테이블에 '사진_끝촬영' 컬럼을 추가합니다.
[2026-09-26 20:06:13,973][WARNING|database.py-upgrade_schema:304] >> 'mysafetydetail_parking' 테이블에 '사진_촬영수' 컬럼을 추가합니다.
[2026-09-26 20:06:13,975][INFO|database.py-upgrade_schema:285] >> 테이블 'mysafetydetail_traffic' 생성 중...
[2026-09-26 20:06:13,977][INFO|database.py-upgrade_schema:285] >> 테이블 'mysafetymerge_other' 생성 중...
[2026-09-26 20:06:13,978][INFO|database.py-upgrade_schema:285] >> 테이블 'mysafetymerge_parking' 생성 중...
[2026-09-26 20:06:13,980][INFO|database.py-upgrade_schema:285] >> 테이블 'mysafetymerge_traffic' 생성 중...
[2026-09-26 20:06:13,983][INFO|database.py-_apply_versioned_migrations:452] >> [schema] DB 스키마 버전 1 적용
[2026-09-26 20:06:13,989][INFO|database.py-_apply_versioned_migrations:452] >> [schema] DB 스키마 버전 2 적용
[2026-09-26 20:06:13,991][INFO|database.py-_apply_versioned_migrations:452] >> [schema] DB 스키마 버전 3 적용
[2026-09-26 20:06:14,004][INFO|database.py-_apply_versioned_migrations:452] >> [schema] DB 스키마 버전 4 적용
[2026-09-26 20:06:14,031][INFO|duplicate_group_service.py-_log_info:53] >> [duplicate] payload exact 중복군 0개, 멤버 0건 재생성
.......[2026-09-26 20:06:14,048][INFO|database.py-upgrade_schema:285] >> 테이블 'admin_users' 생성 중...
[2026-09-26 20:06:14,051][INFO|database.py-upgrade_schema:285] >> 테이블 'api_keys' 생성 중...
[2026-09-26 20:06:14,053][INFO|database.py-upgrade_schema:285] >> 테이블 'mysafety' 생성 중...
[2026-09-26 20:06:14,054][INFO|database.py-upgrade_schema:285] >> 테이블 'mysafety_change_cursor' 생성 중...
[2026-09-26 20:06:14,056][INFO|database.py-upgrade_schema:285] >> 테이블 'mysafety_change_log' 생성 중...
[2026-09-26 20:06:14,057][INFO|database.py-upgrade_schema:285] >> 테이블 'mysafety_duplicate_decision' 생성 중...
[2026-09-26 20:06:14,059][INFO|database.py-upgrade_schema:285] >> 테이블 'mysafety_duplicate_group' 생성 중...
[2026-09-26 20:06:14,061][INFO|database.py-upgrade_schema:285] >> 테이블 'mysafety_duplicate_member' 생성 중...
[2026-09-26 20:06:14,062][INFO|database.py-upgrade_schema:285] >> 테이블 'mysafety_entry_value' 생성 중...
[2026-09-26 20:06:14,067][INFO|database.py-upgrade_schema:285] >> 테이블 'mysafety_geocode_cache' 생성 중...
[2026-09-26 20:06:14,069][INFO|database.py-upgrade_schema:285] >> 테이블 'mysafety_raw_content' 생성 중...
[2026-09-26 20:06:14,072][INFO|database.py-upgrade_schema:285] >> 테이블 'mysafety_report_override' 생성 중...
[2026-09-26 20:06:14,074][INFO|database.py-upgrade_schema:285] >> 테이블 'mysafety_sync_meta' 생성 중...
[2026-09-26 20:06:14,076][INFO|database.py-upgrade_schema:285] >> 테이블 'mysafety_watchlist' 생성 중...
[2026-09-26 20:06:14,078][INFO|database.py-upgrade_schema:285] >> 테이블 'mysafetydetail_other' 생성 중...
[2026-09-26 20:06:14,080][INFO|database.py-upgrade_schema:285] >> 테이블 'mysafetydetail_parking' 생성 중...
[2026-09-26 20:06:14,082][INFO|database.py-upgrade_schema:285] >> 테이블 'mysafetydetail_traffic' 생성 중...
[2026-09-26 20:06:14,084][INFO|database.py-upgrade_schema:285] >> 테이블 'mysafetymerge_other' 생성 중...
[2026-09-26 20:06:14,089][INFO|database.py-upgrade_schema:285] >> 테이블 'mysafetymerge_parking' 생성 중...
[2026-09-26 20:06:14,091][INFO|database.py-upgrade_schema:285] >> 테이블 'mysafetymerge_traffic' 생성 중...
[2026-09-26 20:06:14,100][INFO|database.py-_apply_versioned_migrations:452] >> [schema] DB 스키마 버전 1 적용
[2026-09-26 20:06:14,106][INFO|database.py-_apply_versioned_migrations:452] >> [schema] DB 스키마 버전 2 적용
[2026-09-26 20:06:14,108][INFO|database.py-_apply_versioned_migrations:452] >> [schema] DB 스키마 버전 3 적용
[2026-09-26 20:06:14,119][INFO|database.py-_apply_versioned_migrations:452] >> [schema] DB 스키마 버전 4 적용
[2026-09-26 20:06:14,150][INFO|duplicate_group_service.py-_log_info:53] >> [duplicate] payload exact 중복군 0개, 멤버 0건 재생성
[2026-09-26 20:06:14,192][INFO|database.py-backfill_synced_at:100] >> [migration] mysafetydetail_traffic synced_at 백필: 12건, 미해결 0건
[2026-09-26 20:06:14,196][INFO|database.py-backfill_synced_at:100] >> [migration] mysafetydetail_parking synced_at 백필: 6건, 미해결 0건
[2026-09-26 20:06:14,199][INFO|database.py-backfill_synced_at:100] >> [migration] mysafetydetail_other synced_at 백필: 6건, 미해결 0건
[2026-09-26 20:06:14,202][INFO|database.py-backfill_synced_at:105] >> [migration] synced_at 백필 완료: 총 24건 갱신, merge 재생성 시작
[2026-09-26 20:06:14,216][INFO|database.py-merge_final:736] >> 최종 데이터 병합 완료 (Traffic/Parking/Other 분리)
[2026-09-26 20:06:14,242][INFO|duplicate_group_service.py-_log_info:53] >> [duplicate] payload exact 중복군 1개, 멤버 2건 재생성
[2026-09-26 20:06:14,251][INFO|database.py-merge_final:736] >> 최종 데이터 병합 완료 (Traffic/Parking/Other 분리)
[2026-09-26 20:06:14,275][INFO|duplicate_group_service.py-_log_info:53] >> [duplicate] payload exact 중복군 1개, 멤버 2건 재생성
..................[2026-09-26 20:06:14,527][INFO|database.py-upgrade_schema:285] >> 테이블 'admin_users' 생성 중...
[2026-09-26 20:06:14,537][INFO|database.py-upgrade_schema:285] >> 테이블 'api_keys' 생성 중...
[2026-09-26 20:06:14,539][INFO|database.py-upgrade_schema:285] >> 테이블 'mysafety' 생성 중...
[2026-09-26 20:06:14,541][INFO|database.py-upgrade_schema:285] >> 테이블 'mysafety_change_cursor' 생성 중...
[2026-09-26 20:06:14,542][INFO|database.py-upgrade_schema:285] >> 테이블 'mysafety_change_log' 생성 중...
[2026-09-26 20:06:14,544][INFO|database.py-upgrade_schema:285] >> 테이블 'mysafety_duplicate_decision' 생성 중...
[2026-09-26 20:06:14,545][INFO|database.py-upgrade_schema:285] >> 테이블 'mysafety_duplicate_group' 생성 중...
[2026-09-26 20:06:14,548][INFO|database.py-upgrade_schema:285] >> 테이블 'mysafety_duplicate_member' 생성 중...
[2026-09-26 20:06:14,551][INFO|database.py-upgrade_schema:285] >> 테이블 'mysafety_entry_value' 생성 중...
[2026-09-26 20:06:14,553][INFO|database.py-upgrade_schema:285] >> 테이블 'mysafety_geocode_cache' 생성 중...
[2026-09-26 20:06:14,558][INFO|database.py-upgrade_schema:285] >> 테이블 'mysafety_raw_content' 생성 중...
[2026-09-26 20:06:14,562][INFO|database.py-upgrade_schema:285] >> 테이블 'mysafety_report_override' 생성 중...
[2026-09-26 20:06:14,564][INFO|database.py-upgrade_schema:285] >> 테이블 'mysafety_sync_meta' 생성 중...
[2026-09-26 20:06:14,566][INFO|database.py-upgrade_schema:285] >> 테이블 'mysafety_watchlist' 생성 중...
[2026-09-26 20:06:14,567][INFO|database.py-upgrade_schema:285] >> 테이블 'mysafetydetail_other' 생성 중...
[2026-09-26 20:06:14,569][INFO|database.py-upgrade_schema:285] >> 테이블 'mysafetydetail_parking' 생성 중...
[2026-09-26 20:06:14,571][INFO|database.py-upgrade_schema:285] >> 테이블 'mysafetydetail_traffic' 생성 중...
[2026-09-26 20:06:14,573][INFO|database.py-upgrade_schema:285] >> 테이블 'mysafetymerge_other' 생성 중...
[2026-09-26 20:06:14,575][INFO|database.py-upgrade_schema:285] >> 테이블 'mysafetymerge_parking' 생성 중...
[2026-09-26 20:06:14,577][INFO|database.py-upgrade_schema:285] >> 테이블 'mysafetymerge_traffic' 생성 중...
[2026-09-26 20:06:14,583][INFO|database.py-_apply_versioned_migrations:452] >> [schema] DB 스키마 버전 1 적용
[2026-09-26 20:06:14,588][INFO|database.py-_apply_versioned_migrations:452] >> [schema] DB 스키마 버전 2 적용
[2026-09-26 20:06:14,590][INFO|database.py-_apply_versioned_migrations:452] >> [schema] DB 스키마 버전 3 적용
[2026-09-26 20:06:14,607][INFO|database.py-_apply_versioned_migrations:452] >> [schema] DB 스키마 버전 4 적용
[2026-09-26 20:06:14,644][INFO|duplicate_group_service.py-_log_info:53] >> [duplicate] payload exact 중복군 0개, 멤버 0건 재생성
[2026-09-26 20:06:14,652][WARNING|start.py-_prepare_database:63] >> --reset 옵션이 사용되어 크롤링 데이터 테이블을 초기화합니다.
[2026-09-26 20:06:14,652][INFO|start.py-_prepare_database:82] >> --reset에서도 mysafety_geocode_cache는 유지합니다. 재크롤링 시 같은 주소는 캐시 좌표를 재사용합니다.
[2026-09-26 20:06:14,672][INFO|database.py-upgrade_schema:285] >> 테이블 'mysafety' 생성 중...
[2026-09-26 20:06:14,675][INFO|database.py-upgrade_schema:285] >> 테이블 'mysafety_duplicate_group' 생성 중...
[2026-09-26 20:06:14,677][INFO|database.py-upgrade_schema:285] >> 테이블 'mysafety_duplicate_member' 생성 중...
[2026-09-26 20:06:14,678][INFO|database.py-upgrade_schema:285] >> 테이블 'mysafety_entry_value' 생성 중...
[2026-09-26 20:06:14,680][INFO|database.py-upgrade_schema:285] >> 테이블 'mysafety_raw_content' 생성 중...
[2026-09-26 20:06:14,683][INFO|database.py-upgrade_schema:285] >> 테이블 'mysafetydetail_other' 생성 중...
[2026-09-26 20:06:14,684][INFO|database.py-upgrade_schema:285] >> 테이블 'mysafetydetail_parking' 생성 중...
[2026-09-26 20:06:14,686][INFO|database.py-upgrade_schema:285] >> 테이블 'mysafetydetail_traffic' 생성 중...
[2026-09-26 20:06:14,687][INFO|database.py-upgrade_schema:285] >> 테이블 'mysafetymerge_other' 생성 중...
[2026-09-26 20:06:14,689][INFO|database.py-upgrade_schema:285] >> 테이블 'mysafetymerge_parking' 생성 중...
[2026-09-26 20:06:14,691][INFO|database.py-upgrade_schema:285] >> 테이블 'mysafetymerge_traffic' 생성 중...
.[2026-09-26 20:06:14,707][INFO|database.py-upgrade_schema:285] >> 테이블 'admin_users' 생성 중...
[2026-09-26 20:06:14,711][INFO|database.py-upgrade_schema:285] >> 테이블 'api_keys' 생성 중...
[2026-09-26 20:06:14,714][INFO|database.py-upgrade_schema:285] >> 테이블 'mysafety' 생성 중...
[2026-09-26 20:06:14,717][INFO|database.py-upgrade_schema:285] >> 테이블 'mysafety_change_cursor' 생성 중...
[2026-09-26 20:06:14,720][INFO|database.py-upgrade_schema:285] >> 테이블 'mysafety_change_log' 생성 중...
[2026-09-26 20:06:14,721][INFO|database.py-upgrade_schema:285] >> 테이블 'mysafety_duplicate_decision' 생성 중...
[2026-09-26 20:06:14,723][INFO|database.py-upgrade_schema:285] >> 테이블 'mysafety_duplicate_group' 생성 중...
[2026-09-26 20:06:14,725][INFO|database.py-upgrade_schema:285] >> 테이블 'mysafety_duplicate_member' 생성 중...
[2026-09-26 20:06:14,726][INFO|database.py-upgrade_schema:285] >> 테이블 'mysafety_entry_value' 생성 중...
[2026-09-26 20:06:14,728][INFO|database.py-upgrade_schema:285] >> 테이블 'mysafety_geocode_cache' 생성 중...
[2026-09-26 20:06:14,732][INFO|database.py-upgrade_schema:285] >> 테이블 'mysafety_raw_content' 생성 중...
[2026-09-26 20:06:14,734][INFO|database.py-upgrade_schema:285] >> 테이블 'mysafety_report_override' 생성 중...
[2026-09-26 20:06:14,735][INFO|database.py-upgrade_schema:285] >> 테이블 'mysafety_sync_meta' 생성 중...
[2026-09-26 20:06:14,737][INFO|database.py-upgrade_schema:285] >> 테이블 'mysafety_watchlist' 생성 중...
[2026-09-26 20:06:14,739][INFO|database.py-upgrade_schema:285] >> 테이블 'mysafetydetail_other' 생성 중...
[2026-09-26 20:06:14,741][INFO|database.py-upgrade_schema:285] >> 테이블 'mysafetydetail_parking' 생성 중...
[2026-09-26 20:06:14,744][INFO|database.py-upgrade_schema:285] >> 테이블 'mysafetydetail_traffic' 생성 중...
[2026-09-26 20:06:14,746][INFO|database.py-upgrade_schema:285] >> 테이블 'mysafetymerge_other' 생성 중...
[2026-09-26 20:06:14,748][INFO|database.py-upgrade_schema:285] >> 테이블 'mysafetymerge_parking' 생성 중...
[2026-09-26 20:06:14,750][INFO|database.py-upgrade_schema:285] >> 테이블 'mysafetymerge_traffic' 생성 중...
[2026-09-26 20:06:14,753][INFO|database.py-_apply_versioned_migrations:452] >> [schema] DB 스키마 버전 1 적용
[2026-09-26 20:06:14,759][INFO|database.py-_apply_versioned_migrations:452] >> [schema] DB 스키마 버전 2 적용
[2026-09-26 20:06:14,761][INFO|database.py-_apply_versioned_migrations:452] >> [schema] DB 스키마 버전 3 적용
[2026-09-26 20:06:14,781][INFO|database.py-_apply_versioned_migrations:452] >> [schema] DB 스키마 버전 4 적용
[2026-09-26 20:06:14,806][INFO|duplicate_group_service.py-_log_info:53] >> [duplicate] payload exact 중복군 0개, 멤버 0건 재생성
[2026-09-26 20:06:14,843][INFO|database.py-backfill_synced_at:100] >> [migration] mysafetydetail_traffic synced_at 백필: 12건, 미해결 0건
[2026-09-26 20:06:14,847][INFO|database.py-backfill_synced_at:100] >> [migration] mysafetydetail_parking synced_at 백필: 6건, 미해결 0건
[2026-09-26 20:06:14,852][INFO|database.py-backfill_synced_at:100] >> [migration] mysafetydetail_other synced_at 백필: 6건, 미해결 0건
[2026-09-26 20:06:14,854][INFO|database.py-backfill_synced_at:105] >> [migration] synced_at 백필 완료: 총 24건 갱신, merge 재생성 시작
[2026-09-26 20:06:14,865][INFO|database.py-merge_final:736] >> 최종 데이터 병합 완료 (Traffic/Parking/Other 분리)
[2026-09-26 20:06:14,892][INFO|duplicate_group_service.py-_log_info:53] >> [duplicate] payload exact 중복군 1개, 멤버 2건 재생성
[2026-09-26 20:06:14,899][INFO|database.py-merge_final:736] >> 최종 데이터 병합 완료 (Traffic/Parking/Other 분리)
[2026-09-26 20:06:14,923][INFO|duplicate_group_service.py-_log_info:53] >> [duplicate] payload exact 중복군 1개, 멤버 2건 재생성
........[2026-09-26 20:06:16,298][INFO|database.py-upgrade_schema:285] >> 테이블 'admin_users' 생성 중...
[2026-09-26 20:06:16,300][INFO|database.py-upgrade_schema:285] >> 테이블 'api_keys' 생성 중...
[2026-09-26 20:06:16,302][INFO|database.py-upgrade_schema:285] >> 테이블 'mysafety' 생성 중...
[2026-09-26 20:06:16,303][INFO|database.py-upgrade_schema:285] >> 테이블 'mysafety_change_cursor' 생성 중...
[2026-09-26 20:06:16,307][INFO|database.py-upgrade_schema:285] >> 테이블 'mysafety_change_log' 생성 중...
[2026-09-26 20:06:16,310][INFO|database.py-upgrade_schema:285] >> 테이블 'mysafety_duplicate_decision' 생성 중...
[2026-09-26 20:06:16,312][INFO|database.py-upgrade_schema:285] >> 테이블 'mysafety_duplicate_group' 생성 중...
[2026-09-26 20:06:16,315][INFO|database.py-upgrade_schema:285] >> 테이블 'mysafety_duplicate_member' 생성 중...
[2026-09-26 20:06:16,317][INFO|database.py-upgrade_schema:285] >> 테이블 'mysafety_entry_value' 생성 중...
[2026-09-26 20:06:16,321][INFO|database.py-upgrade_schema:285] >> 테이블 'mysafety_geocode_cache' 생성 중...
[2026-09-26 20:06:16,323][INFO|database.py-upgrade_schema:285] >> 테이블 'mysafety_raw_content' 생성 중...
[2026-09-26 20:06:16,326][INFO|database.py-upgrade_schema:285] >> 테이블 'mysafety_report_override' 생성 중...
[2026-09-26 20:06:16,328][INFO|database.py-upgrade_schema:285] >> 테이블 'mysafety_sync_meta' 생성 중...
[2026-09-26 20:06:16,330][INFO|database.py-upgrade_schema:285] >> 테이블 'mysafety_watchlist' 생성 중...
[2026-09-26 20:06:16,332][INFO|database.py-upgrade_schema:285] >> 테이블 'mysafetydetail_other' 생성 중...
[2026-09-26 20:06:16,334][INFO|database.py-upgrade_schema:285] >> 테이블 'mysafetydetail_parking' 생성 중...
[2026-09-26 20:06:16,336][INFO|database.py-upgrade_schema:285] >> 테이블 'mysafetydetail_traffic' 생성 중...
[2026-09-26 20:06:16,341][INFO|database.py-upgrade_schema:285] >> 테이블 'mysafetymerge_other' 생성 중...
[2026-09-26 20:06:16,344][INFO|database.py-upgrade_schema:285] >> 테이블 'mysafetymerge_parking' 생성 중...
[2026-09-26 20:06:16,351][INFO|database.py-upgrade_schema:285] >> 테이블 'mysafetymerge_traffic' 생성 중...
[2026-09-26 20:06:16,355][INFO|database.py-_apply_versioned_migrations:452] >> [schema] DB 스키마 버전 1 적용
[2026-09-26 20:06:16,360][INFO|database.py-_apply_versioned_migrations:452] >> [schema] DB 스키마 버전 2 적용
[2026-09-26 20:06:16,362][INFO|database.py-_apply_versioned_migrations:452] >> [schema] DB 스키마 버전 3 적용
[2026-09-26 20:06:16,378][INFO|database.py-_apply_versioned_migrations:452] >> [schema] DB 스키마 버전 4 적용
[2026-09-26 20:06:16,408][INFO|duplicate_group_service.py-_log_info:53] >> [duplicate] payload exact 중복군 0개, 멤버 0건 재생성
[2026-09-26 20:06:16,446][INFO|database.py-backfill_synced_at:100] >> [migration] mysafetydetail_traffic synced_at 백필: 12건, 미해결 0건
[2026-09-26 20:06:16,449][INFO|database.py-backfill_synced_at:100] >> [migration] mysafetydetail_parking synced_at 백필: 6건, 미해결 0건
[2026-09-26 20:06:16,452][INFO|database.py-backfill_synced_at:100] >> [migration] mysafetydetail_other synced_at 백필: 6건, 미해결 0건
[2026-09-26 20:06:16,454][INFO|database.py-backfill_synced_at:105] >> [migration] synced_at 백필 완료: 총 24건 갱신, merge 재생성 시작
[2026-09-26 20:06:16,465][INFO|database.py-merge_final:736] >> 최종 데이터 병합 완료 (Traffic/Parking/Other 분리)
[2026-09-26 20:06:16,488][INFO|duplicate_group_service.py-_log_info:53] >> [duplicate] payload exact 중복군 1개, 멤버 2건 재생성
[2026-09-26 20:06:16,496][INFO|database.py-merge_final:736] >> 최종 데이터 병합 완료 (Traffic/Parking/Other 분리)
[2026-09-26 20:06:16,519][INFO|duplicate_group_service.py-_log_info:53] >> [duplicate] payload exact 중복군 1개, 멤버 2건 재생성
.[2026-09-26 20:06:17,007][INFO|database.py-upgrade_schema:285] >> 테이블 'admin_users' 생성 중...
[2026-09-26 20:06:17,017][INFO|database.py-upgrade_schema:285] >> 테이블 'api_keys' 생성 중...
[2026-09-26 20:06:17,019][INFO|database.py-upgrade_schema:285] >> 테이블 'mysafety' 생성 중...
[2026-09-26 20:06:17,021][INFO|database.py-upgrade_schema:285] >> 테이블 'mysafety_change_cursor' 생성 중...
[2026-09-26 20:06:17,023][INFO|database.py-upgrade_schema:285] >> 테이블 'mysafety_change_log' 생성 중...
[2026-09-26 20:06:17,025][INFO|database.py-upgrade_schema:285] >> 테이블 'mysafety_duplicate_decision' 생성 중...
[2026-09-26 20:06:17,026][INFO|database.py-upgrade_schema:285] >> 테이블 'mysafety_duplicate_group' 생성 중...
[2026-09-26 20:06:17,028][INFO|database.py-upgrade_schema:285] >> 테이블 'mysafety_duplicate_member' 생성 중...
[2026-09-26 20:06:17,030][INFO|database.py-upgrade_schema:285] >> 테이블 'mysafety_entry_value' 생성 중...
[2026-09-26 20:06:17,032][INFO|database.py-upgrade_schema:285] >> 테이블 'mysafety_geocode_cache' 생성 중...
[2026-09-26 20:06:17,034][INFO|database.py-upgrade_schema:285] >> 테이블 'mysafety_raw_content' 생성 중...
[2026-09-26 20:06:17,036][INFO|database.py-upgrade_schema:285] >> 테이블 'mysafety_report_override' 생성 중...
[2026-09-26 20:06:17,038][INFO|database.py-upgrade_schema:285] >> 테이블 'mysafety_sync_meta' 생성 중...
[2026-09-26 20:06:17,039][INFO|database.py-upgrade_schema:285] >> 테이블 'mysafety_watchlist' 생성 중...
[2026-09-26 20:06:17,045][INFO|database.py-upgrade_schema:285] >> 테이블 'mysafetydetail_other' 생성 중...
[2026-09-26 20:06:17,049][INFO|database.py-upgrade_schema:285] >> 테이블 'mysafetydetail_parking' 생성 중...
[2026-09-26 20:06:17,051][INFO|database.py-upgrade_schema:285] >> 테이블 'mysafetydetail_traffic' 생성 중...
[2026-09-26 20:06:17,053][INFO|database.py-upgrade_schema:285] >> 테이블 'mysafetymerge_other' 생성 중...
[2026-09-26 20:06:17,058][INFO|database.py-upgrade_schema:285] >> 테이블 'mysafetymerge_parking' 생성 중...
[2026-09-26 20:06:17,060][INFO|database.py-upgrade_schema:285] >> 테이블 'mysafetymerge_traffic' 생성 중...
[2026-09-26 20:06:17,071][INFO|database.py-_apply_versioned_migrations:452] >> [schema] DB 스키마 버전 1 적용
[2026-09-26 20:06:17,078][INFO|database.py-_apply_versioned_migrations:452] >> [schema] DB 스키마 버전 2 적용
[2026-09-26 20:06:17,080][INFO|database.py-_apply_versioned_migrations:452] >> [schema] DB 스키마 버전 3 적용
[2026-09-26 20:06:17,101][INFO|database.py-_apply_versioned_migrations:452] >> [schema] DB 스키마 버전 4 적용
[2026-09-26 20:06:17,131][INFO|duplicate_group_service.py-_log_info:53] >> [duplicate] payload exact 중복군 0개, 멤버 0건 재생성
[2026-09-26 20:06:17,169][INFO|database.py-backfill_synced_at:100] >> [migration] mysafetydetail_traffic synced_at 백필: 12건, 미해결 0건
[2026-09-26 20:06:17,173][INFO|database.py-backfill_synced_at:100] >> [migration] mysafetydetail_parking synced_at 백필: 6건, 미해결 0건
[2026-09-26 20:06:17,176][INFO|database.py-backfill_synced_at:100] >> [migration] mysafetydetail_other synced_at 백필: 6건, 미해결 0건
[2026-09-26 20:06:17,177][INFO|database.py-backfill_synced_at:105] >> [migration] synced_at 백필 완료: 총 24건 갱신, merge 재생성 시작
[2026-09-26 20:06:17,195][INFO|database.py-merge_final:736] >> 최종 데이터 병합 완료 (Traffic/Parking/Other 분리)
[2026-09-26 20:06:17,224][INFO|duplicate_group_service.py-_log_info:53] >> [duplicate] payload exact 중복군 1개, 멤버 2건 재생성
[2026-09-26 20:06:17,238][INFO|database.py-merge_final:736] >> 최종 데이터 병합 완료 (Traffic/Parking/Other 분리)
[2026-09-26 20:06:17,265][INFO|duplicate_group_service.py-_log_info:53] >> [duplicate] payload exact 중복군 1개, 멤버 2건 재생성
.[2026-09-26 20:06:17,919][INFO|database.py-upgrade_schema:285] >> 테이블 'admin_users' 생성 중...
[2026-09-26 20:06:17,922][INFO|database.py-upgrade_schema:285] >> 테이블 'api_keys' 생성 중...
[2026-09-26 20:06:17,923][INFO|database.py-upgrade_schema:285] >> 테이블 'mysafety' 생성 중...
[2026-09-26 20:06:17,925][INFO|database.py-upgrade_schema:285] >> 테이블 'mysafety_change_cursor' 생성 중...
[2026-09-26 20:06:17,926][INFO|database.py-upgrade_schema:285] >> 테이블 'mysafety_change_log' 생성 중...
[2026-09-26 20:06:17,927][INFO|database.py-upgrade_schema:285] >> 테이블 'mysafety_duplicate_decision' 생성 중...
[2026-09-26 20:06:17,929][INFO|database.py-upgrade_schema:285] >> 테이블 'mysafety_duplicate_group' 생성 중...
[2026-09-26 20:06:17,930][INFO|database.py-upgrade_schema:285] >> 테이블 'mysafety_duplicate_member' 생성 중...
[2026-09-26 20:06:17,932][INFO|database.py-upgrade_schema:285] >> 테이블 'mysafety_entry_value' 생성 중...
[2026-09-26 20:06:17,933][INFO|database.py-upgrade_schema:285] >> 테이블 'mysafety_geocode_cache' 생성 중...
[2026-09-26 20:06:17,935][INFO|database.py-upgrade_schema:285] >> 테이블 'mysafety_raw_content' 생성 중...
[2026-09-26 20:06:17,937][INFO|database.py-upgrade_schema:285] >> 테이블 'mysafety_report_override' 생성 중...
[2026-09-26 20:06:17,939][INFO|database.py-upgrade_schema:285] >> 테이블 'mysafety_sync_meta' 생성 중...
[2026-09-26 20:06:17,941][INFO|database.py-upgrade_schema:285] >> 테이블 'mysafety_watchlist' 생성 중...
[2026-09-26 20:06:17,943][INFO|database.py-upgrade_schema:285] >> 테이블 'mysafetydetail_other' 생성 중...
[2026-09-26 20:06:17,951][INFO|database.py-upgrade_schema:285] >> 테이블 'mysafetydetail_parking' 생성 중...
[2026-09-26 20:06:17,954][INFO|database.py-upgrade_schema:285] >> 테이블 'mysafetydetail_traffic' 생성 중...
[2026-09-26 20:06:17,956][INFO|database.py-upgrade_schema:285] >> 테이블 'mysafetymerge_other' 생성 중...
[2026-09-26 20:06:17,958][INFO|database.py-upgrade_schema:285] >> 테이블 'mysafetymerge_parking' 생성 중...
[2026-09-26 20:06:17,960][INFO|database.py-upgrade_schema:285] >> 테이블 'mysafetymerge_traffic' 생성 중...
[2026-09-26 20:06:17,964][INFO|database.py-_apply_versioned_migrations:452] >> [schema] DB 스키마 버전 1 적용
[2026-09-26 20:06:17,971][INFO|database.py-_apply_versioned_migrations:452] >> [schema] DB 스키마 버전 2 적용
[2026-09-26 20:06:17,974][INFO|database.py-_apply_versioned_migrations:452] >> [schema] DB 스키마 버전 3 적용
[2026-09-26 20:06:17,992][INFO|database.py-_apply_versioned_migrations:452] >> [schema] DB 스키마 버전 4 적용
.[2026-09-26 20:06:18,027][INFO|database.py-upgrade_schema:285] >> 테이블 'admin_users' 생성 중...
[2026-09-26 20:06:18,031][INFO|database.py-upgrade_schema:285] >> 테이블 'api_keys' 생성 중...
[2026-09-26 20:06:18,033][INFO|database.py-upgrade_schema:285] >> 테이블 'mysafety' 생성 중...
[2026-09-26 20:06:18,034][INFO|database.py-upgrade_schema:285] >> 테이블 'mysafety_change_cursor' 생성 중...
[2026-09-26 20:06:18,036][INFO|database.py-upgrade_schema:285] >> 테이블 'mysafety_change_log' 생성 중...
[2026-09-26 20:06:18,037][INFO|database.py-upgrade_schema:285] >> 테이블 'mysafety_duplicate_decision' 생성 중...
[2026-09-26 20:06:18,039][INFO|database.py-upgrade_schema:285] >> 테이블 'mysafety_duplicate_group' 생성 중...
[2026-09-26 20:06:18,044][INFO|database.py-upgrade_schema:285] >> 테이블 'mysafety_duplicate_member' 생성 중...
[2026-09-26 20:06:18,047][INFO|database.py-upgrade_schema:285] >> 테이블 'mysafety_entry_value' 생성 중...
[2026-09-26 20:06:18,049][INFO|database.py-upgrade_schema:285] >> 테이블 'mysafety_geocode_cache' 생성 중...
[2026-09-26 20:06:18,050][INFO|database.py-upgrade_schema:285] >> 테이블 'mysafety_raw_content' 생성 중...
[2026-09-26 20:06:18,052][INFO|database.py-upgrade_schema:285] >> 테이블 'mysafety_report_override' 생성 중...
[2026-09-26 20:06:18,054][INFO|database.py-upgrade_schema:285] >> 테이블 'mysafety_sync_meta' 생성 중...
[2026-09-26 20:06:18,056][INFO|database.py-upgrade_schema:285] >> 테이블 'mysafety_watchlist' 생성 중...
[2026-09-26 20:06:18,058][INFO|database.py-upgrade_schema:285] >> 테이블 'mysafetydetail_other' 생성 중...
[2026-09-26 20:06:18,060][INFO|database.py-upgrade_schema:285] >> 테이블 'mysafetydetail_parking' 생성 중...
[2026-09-26 20:06:18,062][INFO|database.py-upgrade_schema:285] >> 테이블 'mysafetydetail_traffic' 생성 중...
[2026-09-26 20:06:18,067][INFO|database.py-upgrade_schema:285] >> 테이블 'mysafetymerge_other' 생성 중...
[2026-09-26 20:06:18,070][INFO|database.py-upgrade_schema:285] >> 테이블 'mysafetymerge_parking' 생성 중...
[2026-09-26 20:06:18,073][INFO|database.py-upgrade_schema:285] >> 테이블 'mysafetymerge_traffic' 생성 중...
[2026-09-26 20:06:18,079][INFO|database.py-_apply_versioned_migrations:452] >> [schema] DB 스키마 버전 1 적용
[2026-09-26 20:06:18,085][INFO|database.py-_apply_versioned_migrations:452] >> [schema] DB 스키마 버전 2 적용
[2026-09-26 20:06:18,087][INFO|database.py-_apply_versioned_migrations:452] >> [schema] DB 스키마 버전 3 적용
[2026-09-26 20:06:18,100][INFO|database.py-_apply_versioned_migrations:452] >> [schema] DB 스키마 버전 4 적용
.[2026-09-26 20:06:18,129][INFO|database.py-upgrade_schema:285] >> 테이블 'admin_users' 생성 중...
[2026-09-26 20:06:18,132][INFO|database.py-upgrade_schema:285] >> 테이블 'api_keys' 생성 중...
[2026-09-26 20:06:18,134][INFO|database.py-upgrade_schema:285] >> 테이블 'mysafety' 생성 중...
[2026-09-26 20:06:18,136][INFO|database.py-upgrade_schema:285] >> 테이블 'mysafety_change_cursor' 생성 중...
[2026-09-26 20:06:18,137][INFO|database.py-upgrade_schema:285] >> 테이블 'mysafety_change_log' 생성 중...
[2026-09-26 20:06:18,139][INFO|database.py-upgrade_schema:285] >> 테이블 'mysafety_duplicate_decision' 생성 중...
[2026-09-26 20:06:18,140][INFO|database.py-upgrade_schema:285] >> 테이블 'mysafety_duplicate_group' 생성 중...
[2026-09-26 20:06:18,142][INFO|database.py-upgrade_schema:285] >> 테이블 'mysafety_duplicate_member' 생성 중...
[2026-09-26 20:06:18,143][INFO|database.py-upgrade_schema:285] >> 테이블 'mysafety_entry_value' 생성 중...
[2026-09-26 20:06:18,148][INFO|database.py-upgrade_schema:285] >> 테이블 'mysafety_geocode_cache' 생성 중...
[2026-09-26 20:06:18,152][INFO|database.py-upgrade_schema:285] >> 테이블 'mysafety_raw_content' 생성 중...
[2026-09-26 20:06:18,155][INFO|database.py-upgrade_schema:285] >> 테이블 'mysafety_report_override' 생성 중...
[2026-09-26 20:06:18,157][INFO|database.py-upgrade_schema:285] >> 테이블 'mysafety_sync_meta' 생성 중...
[2026-09-26 20:06:18,158][INFO|database.py-upgrade_schema:285] >> 테이블 'mysafety_watchlist' 생성 중...
[2026-09-26 20:06:18,160][INFO|database.py-upgrade_schema:285] >> 테이블 'mysafetydetail_other' 생성 중...
[2026-09-26 20:06:18,162][INFO|database.py-upgrade_schema:285] >> 테이블 'mysafetydetail_parking' 생성 중...
[2026-09-26 20:06:18,164][INFO|database.py-upgrade_schema:285] >> 테이블 'mysafetydetail_traffic' 생성 중...
[2026-09-26 20:06:18,166][INFO|database.py-upgrade_schema:285] >> 테이블 'mysafetymerge_other' 생성 중...
[2026-09-26 20:06:18,168][INFO|database.py-upgrade_schema:285] >> 테이블 'mysafetymerge_parking' 생성 중...
[2026-09-26 20:06:18,173][INFO|database.py-upgrade_schema:285] >> 테이블 'mysafetymerge_traffic' 생성 중...
[2026-09-26 20:06:18,181][INFO|database.py-_apply_versioned_migrations:452] >> [schema] DB 스키마 버전 1 적용
[2026-09-26 20:06:18,188][INFO|database.py-_apply_versioned_migrations:452] >> [schema] DB 스키마 버전 2 적용
[2026-09-26 20:06:18,190][INFO|database.py-_apply_versioned_migrations:452] >> [schema] DB 스키마 버전 3 적용
[2026-09-26 20:06:18,206][INFO|database.py-_apply_versioned_migrations:452] >> [schema] DB 스키마 버전 4 적용
.[2026-09-26 20:06:18,233][INFO|database.py-upgrade_schema:285] >> 테이블 'admin_users' 생성 중...
[2026-09-26 20:06:18,237][INFO|database.py-upgrade_schema:285] >> 테이블 'api_keys' 생성 중...
[2026-09-26 20:06:18,239][INFO|database.py-upgrade_schema:285] >> 테이블 'mysafety' 생성 중...
[2026-09-26 20:06:18,241][INFO|database.py-upgrade_schema:285] >> 테이블 'mysafety_change_cursor' 생성 중...
[2026-09-26 20:06:18,243][INFO|database.py-upgrade_schema:285] >> 테이블 'mysafety_change_log' 생성 중...
[2026-09-26 20:06:18,245][INFO|database.py-upgrade_schema:285] >> 테이블 'mysafety_duplicate_decision' 생성 중...
[2026-09-26 20:06:18,247][INFO|database.py-upgrade_schema:285] >> 테이블 'mysafety_duplicate_group' 생성 중...
[2026-09-26 20:06:18,248][INFO|database.py-upgrade_schema:285] >> 테이블 'mysafety_duplicate_member' 생성 중...
[2026-09-26 20:06:18,250][INFO|database.py-upgrade_schema:285] >> 테이블 'mysafety_entry_value' 생성 중...
[2026-09-26 20:06:18,253][INFO|database.py-upgrade_schema:285] >> 테이블 'mysafety_geocode_cache' 생성 중...
[2026-09-26 20:06:18,255][INFO|database.py-upgrade_schema:285] >> 테이블 'mysafety_raw_content' 생성 중...
[2026-09-26 20:06:18,257][INFO|database.py-upgrade_schema:285] >> 테이블 'mysafety_report_override' 생성 중...
[2026-09-26 20:06:18,260][INFO|database.py-upgrade_schema:285] >> 테이블 'mysafety_sync_meta' 생성 중...
[2026-09-26 20:06:18,265][INFO|database.py-upgrade_schema:285] >> 테이블 'mysafety_watchlist' 생성 중...
[2026-09-26 20:06:18,268][INFO|database.py-upgrade_schema:285] >> 테이블 'mysafetydetail_other' 생성 중...
[2026-09-26 20:06:18,270][INFO|database.py-upgrade_schema:285] >> 테이블 'mysafetydetail_parking' 생성 중...
[2026-09-26 20:06:18,273][INFO|database.py-upgrade_schema:285] >> 테이블 'mysafetydetail_traffic' 생성 중...
[2026-09-26 20:06:18,276][INFO|database.py-upgrade_schema:285] >> 테이블 'mysafetymerge_other' 생성 중...
[2026-09-26 20:06:18,277][INFO|database.py-upgrade_schema:285] >> 테이블 'mysafetymerge_parking' 생성 중...
[2026-09-26 20:06:18,279][INFO|database.py-upgrade_schema:285] >> 테이블 'mysafetymerge_traffic' 생성 중...
[2026-09-26 20:06:18,282][INFO|database.py-_apply_versioned_migrations:452] >> [schema] DB 스키마 버전 1 적용
[2026-09-26 20:06:18,290][INFO|database.py-_apply_versioned_migrations:452] >> [schema] DB 스키마 버전 2 적용
[2026-09-26 20:06:18,298][INFO|database.py-_apply_versioned_migrations:452] >> [schema] DB 스키마 버전 3 적용
[2026-09-26 20:06:18,313][INFO|database.py-_apply_versioned_migrations:452] >> [schema] DB 스키마 버전 4 적용
.[2026-09-26 20:06:18,345][INFO|database.py-upgrade_schema:285] >> 테이블 'admin_users' 생성 중...
[2026-09-26 20:06:18,349][INFO|database.py-upgrade_schema:285] >> 테이블 'api_keys' 생성 중...
[2026-09-26 20:06:18,353][INFO|database.py-upgrade_schema:285] >> 테이블 'mysafety' 생성 중...
[2026-09-26 20:06:18,355][INFO|database.py-upgrade_schema:285] >> 테이블 'mysafety_change_cursor' 생성 중...
[2026-09-26 20:06:18,357][INFO|database.py-upgrade_schema:285] >> 테이블 'mysafety_change_log' 생성 중...
[2026-09-26 20:06:18,359][INFO|database.py-upgrade_schema:285] >> 테이블 'mysafety_duplicate_decision' 생성 중...
[2026-09-26 20:06:18,360][INFO|database.py-upgrade_schema:285] >> 테이블 'mysafety_duplicate_group' 생성 중...
[2026-09-26 20:06:18,361][INFO|database.py-upgrade_schema:285] >> 테이블 'mysafety_duplicate_member' 생성 중...
[2026-09-26 20:06:18,363][INFO|database.py-upgrade_schema:285] >> 테이블 'mysafety_entry_value' 생성 중...
[2026-09-26 20:06:18,364][INFO|database.py-upgrade_schema:285] >> 테이블 'mysafety_geocode_cache' 생성 중...
[2026-09-26 20:06:18,366][INFO|database.py-upgrade_schema:285] >> 테이블 'mysafety_raw_content' 생성 중...
[2026-09-26 20:06:18,367][INFO|database.py-upgrade_schema:285] >> 테이블 'mysafety_report_override' 생성 중...
[2026-09-26 20:06:18,368][INFO|database.py-upgrade_schema:285] >> 테이블 'mysafety_sync_meta' 생성 중...
[2026-09-26 20:06:18,370][INFO|database.py-upgrade_schema:285] >> 테이블 'mysafety_watchlist' 생성 중...
[2026-09-26 20:06:18,371][INFO|database.py-upgrade_schema:285] >> 테이블 'mysafetydetail_other' 생성 중...
[2026-09-26 20:06:18,373][INFO|database.py-upgrade_schema:285] >> 테이블 'mysafetydetail_parking' 생성 중...
[2026-09-26 20:06:18,374][INFO|database.py-upgrade_schema:285] >> 테이블 'mysafetydetail_traffic' 생성 중...
[2026-09-26 20:06:18,376][INFO|database.py-upgrade_schema:285] >> 테이블 'mysafetymerge_other' 생성 중...
[2026-09-26 20:06:18,378][INFO|database.py-upgrade_schema:285] >> 테이블 'mysafetymerge_parking' 생성 중...
[2026-09-26 20:06:18,380][INFO|database.py-upgrade_schema:285] >> 테이블 'mysafetymerge_traffic' 생성 중...
[2026-09-26 20:06:18,383][INFO|database.py-_apply_versioned_migrations:452] >> [schema] DB 스키마 버전 1 적용
[2026-09-26 20:06:18,389][INFO|database.py-_apply_versioned_migrations:452] >> [schema] DB 스키마 버전 2 적용
[2026-09-26 20:06:18,394][INFO|database.py-_apply_versioned_migrations:452] >> [schema] DB 스키마 버전 3 적용
[2026-09-26 20:06:18,411][INFO|database.py-_apply_versioned_migrations:452] >> [schema] DB 스키마 버전 4 적용
[2026-09-26 20:06:18,448][INFO|duplicate_group_service.py-_log_info:53] >> [duplicate] payload exact 중복군 0개, 멤버 0건 재생성
[2026-09-26 20:06:18,494][INFO|database.py-backfill_synced_at:100] >> [migration] mysafetydetail_traffic synced_at 백필: 12건, 미해결 0건
[2026-09-26 20:06:18,498][INFO|database.py-backfill_synced_at:100] >> [migration] mysafetydetail_parking synced_at 백필: 6건, 미해결 0건
[2026-09-26 20:06:18,501][INFO|database.py-backfill_synced_at:100] >> [migration] mysafetydetail_other synced_at 백필: 6건, 미해결 0건
[2026-09-26 20:06:18,503][INFO|database.py-backfill_synced_at:105] >> [migration] synced_at 백필 완료: 총 24건 갱신, merge 재생성 시작
[2026-09-26 20:06:18,516][INFO|database.py-merge_final:736] >> 최종 데이터 병합 완료 (Traffic/Parking/Other 분리)
[2026-09-26 20:06:18,542][INFO|duplicate_group_service.py-_log_info:53] >> [duplicate] payload exact 중복군 1개, 멤버 2건 재생성
[2026-09-26 20:06:18,554][INFO|database.py-merge_final:736] >> 최종 데이터 병합 완료 (Traffic/Parking/Other 분리)
[2026-09-26 20:06:18,578][INFO|duplicate_group_service.py-_log_info:53] >> [duplicate] payload exact 중복군 1개, 멤버 2건 재생성
.[2026-09-26 20:06:18,728][INFO|database.py-upgrade_schema:285] >> 테이블 'admin_users' 생성 중...
[2026-09-26 20:06:18,733][INFO|database.py-upgrade_schema:285] >> 테이블 'api_keys' 생성 중...
[2026-09-26 20:06:18,734][INFO|database.py-upgrade_schema:285] >> 테이블 'mysafety' 생성 중...
[2026-09-26 20:06:18,736][INFO|database.py-upgrade_schema:285] >> 테이블 'mysafety_change_cursor' 생성 중...
[2026-09-26 20:06:18,737][INFO|database.py-upgrade_schema:285] >> 테이블 'mysafety_change_log' 생성 중...
[2026-09-26 20:06:18,742][INFO|database.py-upgrade_schema:285] >> 테이블 'mysafety_duplicate_decision' 생성 중...
[2026-09-26 20:06:18,743][INFO|database.py-upgrade_schema:285] >> 테이블 'mysafety_duplicate_group' 생성 중...
[2026-09-26 20:06:18,745][INFO|database.py-upgrade_schema:285] >> 테이블 'mysafety_duplicate_member' 생성 중...
[2026-09-26 20:06:18,749][INFO|database.py-upgrade_schema:285] >> 테이블 'mysafety_entry_value' 생성 중...
[2026-09-26 20:06:18,752][INFO|database.py-upgrade_schema:285] >> 테이블 'mysafety_geocode_cache' 생성 중...
[2026-09-26 20:06:18,754][INFO|database.py-upgrade_schema:285] >> 테이블 'mysafety_raw_content' 생성 중...
[2026-09-26 20:06:18,755][INFO|database.py-upgrade_schema:285] >> 테이블 'mysafety_report_override' 생성 중...
[2026-09-26 20:06:18,757][INFO|database.py-upgrade_schema:285] >> 테이블 'mysafety_sync_meta' 생성 중...
[2026-09-26 20:06:18,758][INFO|database.py-upgrade_schema:285] >> 테이블 'mysafety_watchlist' 생성 중...
[2026-09-26 20:06:18,760][INFO|database.py-upgrade_schema:285] >> 테이블 'mysafetydetail_other' 생성 중...
[2026-09-26 20:06:18,761][INFO|database.py-upgrade_schema:285] >> 테이블 'mysafetydetail_parking' 생성 중...
[2026-09-26 20:06:18,763][INFO|database.py-upgrade_schema:285] >> 테이블 'mysafetydetail_traffic' 생성 중...
[2026-09-26 20:06:18,765][INFO|database.py-upgrade_schema:285] >> 테이블 'mysafetymerge_other' 생성 중...
[2026-09-26 20:06:18,766][INFO|database.py-upgrade_schema:285] >> 테이블 'mysafetymerge_parking' 생성 중...
[2026-09-26 20:06:18,768][INFO|database.py-upgrade_schema:285] >> 테이블 'mysafetymerge_traffic' 생성 중...
[2026-09-26 20:06:18,775][INFO|database.py-_apply_versioned_migrations:452] >> [schema] DB 스키마 버전 1 적용
[2026-09-26 20:06:18,781][INFO|database.py-_apply_versioned_migrations:452] >> [schema] DB 스키마 버전 2 적용
[2026-09-26 20:06:18,784][INFO|database.py-_apply_versioned_migrations:452] >> [schema] DB 스키마 버전 3 적용
[2026-09-26 20:06:18,797][INFO|database.py-_apply_versioned_migrations:452] >> [schema] DB 스키마 버전 4 적용
......[2026-09-26 20:06:18,808][INFO|database.py-upgrade_schema:285] >> 테이블 'admin_users' 생성 중...
[2026-09-26 20:06:18,818][INFO|database.py-upgrade_schema:285] >> 테이블 'api_keys' 생성 중...
[2026-09-26 20:06:18,822][INFO|database.py-upgrade_schema:285] >> 테이블 'mysafety' 생성 중...
[2026-09-26 20:06:18,824][INFO|database.py-upgrade_schema:285] >> 테이블 'mysafety_change_cursor' 생성 중...
[2026-09-26 20:06:18,825][INFO|database.py-upgrade_schema:285] >> 테이블 'mysafety_change_log' 생성 중...
[2026-09-26 20:06:18,827][INFO|database.py-upgrade_schema:285] >> 테이블 'mysafety_duplicate_decision' 생성 중...
[2026-09-26 20:06:18,829][INFO|database.py-upgrade_schema:285] >> 테이블 'mysafety_duplicate_group' 생성 중...
[2026-09-26 20:06:18,831][INFO|database.py-upgrade_schema:285] >> 테이블 'mysafety_duplicate_member' 생성 중...
[2026-09-26 20:06:18,833][INFO|database.py-upgrade_schema:285] >> 테이블 'mysafety_entry_value' 생성 중...
[2026-09-26 20:06:18,835][INFO|database.py-upgrade_schema:285] >> 테이블 'mysafety_geocode_cache' 생성 중...
[2026-09-26 20:06:18,837][INFO|database.py-upgrade_schema:285] >> 테이블 'mysafety_raw_content' 생성 중...
[2026-09-26 20:06:18,838][INFO|database.py-upgrade_schema:285] >> 테이블 'mysafety_report_override' 생성 중...
[2026-09-26 20:06:18,840][INFO|database.py-upgrade_schema:285] >> 테이블 'mysafety_sync_meta' 생성 중...
[2026-09-26 20:06:18,842][INFO|database.py-upgrade_schema:285] >> 테이블 'mysafety_watchlist' 생성 중...
[2026-09-26 20:06:18,843][INFO|database.py-upgrade_schema:285] >> 테이블 'mysafetydetail_other' 생성 중...
[2026-09-26 20:06:18,845][INFO|database.py-upgrade_schema:285] >> 테이블 'mysafetydetail_parking' 생성 중...
[2026-09-26 20:06:18,846][INFO|database.py-upgrade_schema:285] >> 테이블 'mysafetydetail_traffic' 생성 중...
[2026-09-26 20:06:18,848][INFO|database.py-upgrade_schema:285] >> 테이블 'mysafetymerge_other' 생성 중...
[2026-09-26 20:06:18,853][INFO|database.py-upgrade_schema:285] >> 테이블 'mysafetymerge_parking' 생성 중...
[2026-09-26 20:06:18,855][INFO|database.py-upgrade_schema:285] >> 테이블 'mysafetymerge_traffic' 생성 중...
[2026-09-26 20:06:18,865][INFO|database.py-_apply_versioned_migrations:452] >> [schema] DB 스키마 버전 1 적용
[2026-09-26 20:06:18,883][INFO|database.py-_apply_versioned_migrations:452] >> [schema] DB 스키마 버전 2 적용
[2026-09-26 20:06:18,886][INFO|database.py-_apply_versioned_migrations:452] >> [schema] DB 스키마 버전 3 적용
[2026-09-26 20:06:18,898][INFO|database.py-_apply_versioned_migrations:452] >> [schema] DB 스키마 버전 4 적용
[2026-09-26 20:06:18,927][INFO|duplicate_group_service.py-_log_info:53] >> [duplicate] payload exact 중복군 0개, 멤버 0건 재생성
[2026-09-26 20:06:18,966][INFO|database.py-backfill_synced_at:100] >> [migration] mysafetydetail_traffic synced_at 백필: 12건, 미해결 0건
[2026-09-26 20:06:18,970][INFO|database.py-backfill_synced_at:100] >> [migration] mysafetydetail_parking synced_at 백필: 6건, 미해결 0건
[2026-09-26 20:06:18,974][INFO|database.py-backfill_synced_at:100] >> [migration] mysafetydetail_other synced_at 백필: 6건, 미해결 0건
[2026-09-26 20:06:18,976][INFO|database.py-backfill_synced_at:105] >> [migration] synced_at 백필 완료: 총 24건 갱신, merge 재생성 시작
[2026-09-26 20:06:18,990][INFO|database.py-merge_final:736] >> 최종 데이터 병합 완료 (Traffic/Parking/Other 분리)
[2026-09-26 20:06:19,017][INFO|duplicate_group_service.py-_log_info:53] >> [duplicate] payload exact 중복군 1개, 멤버 2건 재생성
[2026-09-26 20:06:19,025][INFO|database.py-merge_final:736] >> 최종 데이터 병합 완료 (Traffic/Parking/Other 분리)
[2026-09-26 20:06:19,048][INFO|duplicate_group_service.py-_log_info:53] >> [duplicate] payload exact 중복군 1개, 멤버 2건 재생성
.[2026-09-26 20:06:19,211][INFO|database.py-upgrade_schema:285] >> 테이블 'admin_users' 생성 중...
[2026-09-26 20:06:19,213][INFO|database.py-upgrade_schema:285] >> 테이블 'api_keys' 생성 중...
[2026-09-26 20:06:19,215][INFO|database.py-upgrade_schema:285] >> 테이블 'mysafety' 생성 중...
[2026-09-26 20:06:19,216][INFO|database.py-upgrade_schema:285] >> 테이블 'mysafety_change_cursor' 생성 중...
[2026-09-26 20:06:19,218][INFO|database.py-upgrade_schema:285] >> 테이블 'mysafety_change_log' 생성 중...
[2026-09-26 20:06:19,219][INFO|database.py-upgrade_schema:285] >> 테이블 'mysafety_duplicate_decision' 생성 중...
[2026-09-26 20:06:19,221][INFO|database.py-upgrade_schema:285] >> 테이블 'mysafety_duplicate_group' 생성 중...
[2026-09-26 20:06:19,222][INFO|database.py-upgrade_schema:285] >> 테이블 'mysafety_duplicate_member' 생성 중...
[2026-09-26 20:06:19,224][INFO|database.py-upgrade_schema:285] >> 테이블 'mysafety_entry_value' 생성 중...
[2026-09-26 20:06:19,226][INFO|database.py-upgrade_schema:285] >> 테이블 'mysafety_geocode_cache' 생성 중...
[2026-09-26 20:06:19,227][INFO|database.py-upgrade_schema:285] >> 테이블 'mysafety_raw_content' 생성 중...
[2026-09-26 20:06:19,231][INFO|database.py-upgrade_schema:285] >> 테이블 'mysafety_report_override' 생성 중...
[2026-09-26 20:06:19,236][INFO|database.py-upgrade_schema:285] >> 테이블 'mysafety_sync_meta' 생성 중...
[2026-09-26 20:06:19,240][INFO|database.py-upgrade_schema:285] >> 테이블 'mysafety_watchlist' 생성 중...
[2026-09-26 20:06:19,242][INFO|database.py-upgrade_schema:285] >> 테이블 'mysafetydetail_other' 생성 중...
[2026-09-26 20:06:19,244][INFO|database.py-upgrade_schema:285] >> 테이블 'mysafetydetail_parking' 생성 중...
[2026-09-26 20:06:19,247][INFO|database.py-upgrade_schema:285] >> 테이블 'mysafetydetail_traffic' 생성 중...
[2026-09-26 20:06:19,251][INFO|database.py-upgrade_schema:285] >> 테이블 'mysafetymerge_other' 생성 중...
[2026-09-26 20:06:19,253][INFO|database.py-upgrade_schema:285] >> 테이블 'mysafetymerge_parking' 생성 중...
[2026-09-26 20:06:19,256][INFO|database.py-upgrade_schema:285] >> 테이블 'mysafetymerge_traffic' 생성 중...
[2026-09-26 20:06:19,263][INFO|database.py-_apply_versioned_migrations:452] >> [schema] DB 스키마 버전 1 적용
[2026-09-26 20:06:19,271][INFO|database.py-_apply_versioned_migrations:452] >> [schema] DB 스키마 버전 2 적용
[2026-09-26 20:06:19,273][INFO|database.py-_apply_versioned_migrations:452] >> [schema] DB 스키마 버전 3 적용
[2026-09-26 20:06:19,284][INFO|database.py-_apply_versioned_migrations:452] >> [schema] DB 스키마 버전 4 적용
[2026-09-26 20:06:19,309][INFO|duplicate_group_service.py-_log_info:53] >> [duplicate] payload exact 중복군 0개, 멤버 0건 재생성
[2026-09-26 20:06:19,342][INFO|database.py-backfill_synced_at:100] >> [migration] mysafetydetail_traffic synced_at 백필: 12건, 미해결 0건
[2026-09-26 20:06:19,346][INFO|database.py-backfill_synced_at:100] >> [migration] mysafetydetail_parking synced_at 백필: 6건, 미해결 0건
[2026-09-26 20:06:19,349][INFO|database.py-backfill_synced_at:100] >> [migration] mysafetydetail_other synced_at 백필: 6건, 미해결 0건
[2026-09-26 20:06:19,350][INFO|database.py-backfill_synced_at:105] >> [migration] synced_at 백필 완료: 총 24건 갱신, merge 재생성 시작
[2026-09-26 20:06:19,367][INFO|database.py-merge_final:736] >> 최종 데이터 병합 완료 (Traffic/Parking/Other 분리)
[2026-09-26 20:06:19,390][INFO|duplicate_group_service.py-_log_info:53] >> [duplicate] payload exact 중복군 1개, 멤버 2건 재생성
[2026-09-26 20:06:19,398][INFO|database.py-merge_final:736] >> 최종 데이터 병합 완료 (Traffic/Parking/Other 분리)
[2026-09-26 20:06:19,426][INFO|duplicate_group_service.py-_log_info:53] >> [duplicate] payload exact 중복군 1개, 멤버 2건 재생성
[2026-09-26 20:06:19,612][INFO|duplicate_group_service.py-_log_info:53] >> [duplicate] payload exact 중복군 1개, 멤버 2건 재생성
.[2026-09-26 20:06:19,634][INFO|database.py-upgrade_schema:285] >> 테이블 'admin_users' 생성 중...
[2026-09-26 20:06:19,638][INFO|database.py-upgrade_schema:285] >> 테이블 'api_keys' 생성 중...
[2026-09-26 20:06:19,640][INFO|database.py-upgrade_schema:285] >> 테이블 'mysafety' 생성 중...
[2026-09-26 20:06:19,641][INFO|database.py-upgrade_schema:285] >> 테이블 'mysafety_change_cursor' 생성 중...
[2026-09-26 20:06:19,643][INFO|database.py-upgrade_schema:285] >> 테이블 'mysafety_change_log' 생성 중...
[2026-09-26 20:06:19,644][INFO|database.py-upgrade_schema:285] >> 테이블 'mysafety_duplicate_decision' 생성 중...
[2026-09-26 20:06:19,646][INFO|database.py-upgrade_schema:285] >> 테이블 'mysafety_duplicate_group' 생성 중...
[2026-09-26 20:06:19,648][INFO|database.py-upgrade_schema:285] >> 테이블 'mysafety_duplicate_member' 생성 중...
[2026-09-26 20:06:19,649][INFO|database.py-upgrade_schema:285] >> 테이블 'mysafety_entry_value' 생성 중...
[2026-09-26 20:06:19,651][INFO|database.py-upgrade_schema:285] >> 테이블 'mysafety_geocode_cache' 생성 중...
[2026-09-26 20:06:19,656][INFO|database.py-upgrade_schema:285] >> 테이블 'mysafety_raw_content' 생성 중...
[2026-09-26 20:06:19,657][INFO|database.py-upgrade_schema:285] >> 테이블 'mysafety_report_override' 생성 중...
[2026-09-26 20:06:19,666][INFO|database.py-upgrade_schema:285] >> 테이블 'mysafety_sync_meta' 생성 중...
[2026-09-26 20:06:19,668][INFO|database.py-upgrade_schema:285] >> 테이블 'mysafety_watchlist' 생성 중...
[2026-09-26 20:06:19,669][INFO|database.py-upgrade_schema:285] >> 테이블 'mysafetydetail_other' 생성 중...
[2026-09-26 20:06:19,671][INFO|database.py-upgrade_schema:285] >> 테이블 'mysafetydetail_parking' 생성 중...
[2026-09-26 20:06:19,673][INFO|database.py-upgrade_schema:285] >> 테이블 'mysafetydetail_traffic' 생성 중...
[2026-09-26 20:06:19,674][INFO|database.py-upgrade_schema:285] >> 테이블 'mysafetymerge_other' 생성 중...
[2026-09-26 20:06:19,676][INFO|database.py-upgrade_schema:285] >> 테이블 'mysafetymerge_parking' 생성 중...
[2026-09-26 20:06:19,678][INFO|database.py-upgrade_schema:285] >> 테이블 'mysafetymerge_traffic' 생성 중...
[2026-09-26 20:06:19,681][INFO|database.py-_apply_versioned_migrations:452] >> [schema] DB 스키마 버전 1 적용
[2026-09-26 20:06:19,689][INFO|database.py-_apply_versioned_migrations:452] >> [schema] DB 스키마 버전 2 적용
[2026-09-26 20:06:19,691][INFO|database.py-_apply_versioned_migrations:452] >> [schema] DB 스키마 버전 3 적용
[2026-09-26 20:06:19,708][INFO|database.py-_apply_versioned_migrations:452] >> [schema] DB 스키마 버전 4 적용
[2026-09-26 20:06:19,888][INFO|duplicate_group_service.py-_log_info:53] >> [duplicate] payload exact 중복군 0개, 멤버 0건 재생성
[2026-09-26 20:06:19,929][INFO|database.py-backfill_synced_at:100] >> [migration] mysafetydetail_traffic synced_at 백필: 12건, 미해결 0건
[2026-09-26 20:06:19,932][INFO|database.py-backfill_synced_at:100] >> [migration] mysafetydetail_parking synced_at 백필: 6건, 미해결 0건
[2026-09-26 20:06:19,935][INFO|database.py-backfill_synced_at:100] >> [migration] mysafetydetail_other synced_at 백필: 6건, 미해결 0건
[2026-09-26 20:06:19,937][INFO|database.py-backfill_synced_at:105] >> [migration] synced_at 백필 완료: 총 24건 갱신, merge 재생성 시작
[2026-09-26 20:06:19,949][INFO|database.py-merge_final:736] >> 최종 데이터 병합 완료 (Traffic/Parking/Other 분리)
[2026-09-26 20:06:19,973][INFO|duplicate_group_service.py-_log_info:53] >> [duplicate] payload exact 중복군 1개, 멤버 2건 재생성
[2026-09-26 20:06:19,980][INFO|database.py-merge_final:736] >> 최종 데이터 병합 완료 (Traffic/Parking/Other 분리)
[2026-09-26 20:06:20,006][INFO|duplicate_group_service.py-_log_info:53] >> [duplicate] payload exact 중복군 1개, 멤버 2건 재생성
.[2026-09-26 20:06:20,229][INFO|database.py-upgrade_schema:285] >> 테이블 'admin_users' 생성 중...
[2026-09-26 20:06:20,232][INFO|database.py-upgrade_schema:285] >> 테이블 'api_keys' 생성 중...
[2026-09-26 20:06:20,234][INFO|database.py-upgrade_schema:285] >> 테이블 'mysafety' 생성 중...
[2026-09-26 20:06:20,236][INFO|database.py-upgrade_schema:285] >> 테이블 'mysafety_change_cursor' 생성 중...
[2026-09-26 20:06:20,238][INFO|database.py-upgrade_schema:285] >> 테이블 'mysafety_change_log' 생성 중...
[2026-09-26 20:06:20,240][INFO|database.py-upgrade_schema:285] >> 테이블 'mysafety_duplicate_decision' 생성 중...
[2026-09-26 20:06:20,242][INFO|database.py-upgrade_schema:285] >> 테이블 'mysafety_duplicate_group' 생성 중...
[2026-09-26 20:06:20,244][INFO|database.py-upgrade_schema:285] >> 테이블 'mysafety_duplicate_member' 생성 중...
[2026-09-26 20:06:20,245][INFO|database.py-upgrade_schema:285] >> 테이블 'mysafety_entry_value' 생성 중...
[2026-09-26 20:06:20,247][INFO|database.py-upgrade_schema:285] >> 테이블 'mysafety_geocode_cache' 생성 중...
[2026-09-26 20:06:20,249][INFO|database.py-upgrade_schema:285] >> 테이블 'mysafety_raw_content' 생성 중...
[2026-09-26 20:06:20,251][INFO|database.py-upgrade_schema:285] >> 테이블 'mysafety_report_override' 생성 중...
[2026-09-26 20:06:20,253][INFO|database.py-upgrade_schema:285] >> 테이블 'mysafety_sync_meta' 생성 중...
[2026-09-26 20:06:20,254][INFO|database.py-upgrade_schema:285] >> 테이블 'mysafety_watchlist' 생성 중...
[2026-09-26 20:06:20,256][INFO|database.py-upgrade_schema:285] >> 테이블 'mysafetydetail_other' 생성 중...
[2026-09-26 20:06:20,259][INFO|database.py-upgrade_schema:285] >> 테이블 'mysafetydetail_parking' 생성 중...
[2026-09-26 20:06:20,261][INFO|database.py-upgrade_schema:285] >> 테이블 'mysafetydetail_traffic' 생성 중...
[2026-09-26 20:06:20,268][INFO|database.py-upgrade_schema:285] >> 테이블 'mysafetymerge_other' 생성 중...
[2026-09-26 20:06:20,270][INFO|database.py-upgrade_schema:285] >> 테이블 'mysafetymerge_parking' 생성 중...
[2026-09-26 20:06:20,273][INFO|database.py-upgrade_schema:285] >> 테이블 'mysafetymerge_traffic' 생성 중...
[2026-09-26 20:06:20,276][INFO|database.py-_apply_versioned_migrations:452] >> [schema] DB 스키마 버전 1 적용
[2026-09-26 20:06:20,281][INFO|database.py-_apply_versioned_migrations:452] >> [schema] DB 스키마 버전 2 적용
[2026-09-26 20:06:20,283][INFO|database.py-_apply_versioned_migrations:452] >> [schema] DB 스키마 버전 3 적용
[2026-09-26 20:06:20,307][INFO|database.py-_apply_versioned_migrations:452] >> [schema] DB 스키마 버전 4 적용
[2026-09-26 20:06:20,337][INFO|duplicate_group_service.py-_log_info:53] >> [duplicate] payload exact 중복군 0개, 멤버 0건 재생성
[2026-09-26 20:06:20,377][INFO|database.py-backfill_synced_at:100] >> [migration] mysafetydetail_traffic synced_at 백필: 12건, 미해결 0건
[2026-09-26 20:06:20,380][INFO|database.py-backfill_synced_at:100] >> [migration] mysafetydetail_parking synced_at 백필: 6건, 미해결 0건
[2026-09-26 20:06:20,383][INFO|database.py-backfill_synced_at:100] >> [migration] mysafetydetail_other synced_at 백필: 6건, 미해결 0건
[2026-09-26 20:06:20,387][INFO|database.py-backfill_synced_at:105] >> [migration] synced_at 백필 완료: 총 24건 갱신, merge 재생성 시작
[2026-09-26 20:06:20,403][INFO|database.py-merge_final:736] >> 최종 데이터 병합 완료 (Traffic/Parking/Other 분리)
[2026-09-26 20:06:20,429][INFO|duplicate_group_service.py-_log_info:53] >> [duplicate] payload exact 중복군 1개, 멤버 2건 재생성
[2026-09-26 20:06:20,439][INFO|database.py-merge_final:736] >> 최종 데이터 병합 완료 (Traffic/Parking/Other 분리)
[2026-09-26 20:06:20,463][INFO|duplicate_group_service.py-_log_info:53] >> [duplicate] payload exact 중복군 1개, 멤버 2건 재생성
[2026-09-26 20:06:20,616][INFO|duplicate_group_service.py-_log_info:53] >> [duplicate] payload exact 중복군 1개, 멤버 2건 재생성
.[2026-09-26 20:06:20,627][INFO|database.py-upgrade_schema:285] >> 테이블 'admin_users' 생성 중...
[2026-09-26 20:06:20,630][INFO|database.py-upgrade_schema:285] >> 테이블 'api_keys' 생성 중...
[2026-09-26 20:06:20,631][INFO|database.py-upgrade_schema:285] >> 테이블 'mysafety' 생성 중...
[2026-09-26 20:06:20,633][INFO|database.py-upgrade_schema:285] >> 테이블 'mysafety_change_cursor' 생성 중...
[2026-09-26 20:06:20,637][INFO|database.py-upgrade_schema:285] >> 테이블 'mysafety_change_log' 생성 중...
[2026-09-26 20:06:20,639][INFO|database.py-upgrade_schema:285] >> 테이블 'mysafety_duplicate_decision' 생성 중...
[2026-09-26 20:06:20,640][INFO|database.py-upgrade_schema:285] >> 테이블 'mysafety_duplicate_group' 생성 중...
[2026-09-26 20:06:20,647][INFO|database.py-upgrade_schema:285] >> 테이블 'mysafety_duplicate_member' 생성 중...
[2026-09-26 20:06:20,649][INFO|database.py-upgrade_schema:285] >> 테이블 'mysafety_entry_value' 생성 중...
[2026-09-26 20:06:20,651][INFO|database.py-upgrade_schema:285] >> 테이블 'mysafety_geocode_cache' 생성 중...
[2026-09-26 20:06:20,652][INFO|database.py-upgrade_schema:285] >> 테이블 'mysafety_raw_content' 생성 중...
[2026-09-26 20:06:20,654][INFO|database.py-upgrade_schema:285] >> 테이블 'mysafety_report_override' 생성 중...
[2026-09-26 20:06:20,655][INFO|database.py-upgrade_schema:285] >> 테이블 'mysafety_sync_meta' 생성 중...
[2026-09-26 20:06:20,656][INFO|database.py-upgrade_schema:285] >> 테이블 'mysafety_watchlist' 생성 중...
[2026-09-26 20:06:20,658][INFO|database.py-upgrade_schema:285] >> 테이블 'mysafetydetail_other' 생성 중...
[2026-09-26 20:06:20,659][INFO|database.py-upgrade_schema:285] >> 테이블 'mysafetydetail_parking' 생성 중...
[2026-09-26 20:06:20,661][INFO|database.py-upgrade_schema:285] >> 테이블 'mysafetydetail_traffic' 생성 중...
[2026-09-26 20:06:20,663][INFO|database.py-upgrade_schema:285] >> 테이블 'mysafetymerge_other' 생성 중...
[2026-09-26 20:06:20,665][INFO|database.py-upgrade_schema:285] >> 테이블 'mysafetymerge_parking' 생성 중...
[2026-09-26 20:06:20,669][INFO|database.py-upgrade_schema:285] >> 테이블 'mysafetymerge_traffic' 생성 중...
[2026-09-26 20:06:20,676][INFO|database.py-_apply_versioned_migrations:452] >> [schema] DB 스키마 버전 1 적용
[2026-09-26 20:06:20,683][INFO|database.py-_apply_versioned_migrations:452] >> [schema] DB 스키마 버전 2 적용
[2026-09-26 20:06:20,685][INFO|database.py-_apply_versioned_migrations:452] >> [schema] DB 스키마 버전 3 적용
[2026-09-26 20:06:20,695][INFO|database.py-_apply_versioned_migrations:452] >> [schema] DB 스키마 버전 4 적용
[2026-09-26 20:06:20,721][INFO|duplicate_group_service.py-_log_info:53] >> [duplicate] payload exact 중복군 0개, 멤버 0건 재생성
[2026-09-26 20:06:20,754][INFO|database.py-backfill_synced_at:100] >> [migration] mysafetydetail_traffic synced_at 백필: 12건, 미해결 0건
[2026-09-26 20:06:20,757][INFO|database.py-backfill_synced_at:100] >> [migration] mysafetydetail_parking synced_at 백필: 6건, 미해결 0건
[2026-09-26 20:06:20,761][INFO|database.py-backfill_synced_at:100] >> [migration] mysafetydetail_other synced_at 백필: 6건, 미해결 0건
[2026-09-26 20:06:20,763][INFO|database.py-backfill_synced_at:105] >> [migration] synced_at 백필 완료: 총 24건 갱신, merge 재생성 시작
[2026-09-26 20:06:20,776][INFO|database.py-merge_final:736] >> 최종 데이터 병합 완료 (Traffic/Parking/Other 분리)
[2026-09-26 20:06:20,805][INFO|duplicate_group_service.py-_log_info:53] >> [duplicate] payload exact 중복군 1개, 멤버 2건 재생성
[2026-09-26 20:06:20,812][INFO|database.py-merge_final:736] >> 최종 데이터 병합 완료 (Traffic/Parking/Other 분리)
[2026-09-26 20:06:20,834][INFO|duplicate_group_service.py-_log_info:53] >> [duplicate] payload exact 중복군 1개, 멤버 2건 재생성
.[2026-09-26 20:06:20,972][INFO|database.py-upgrade_schema:285] >> 테이블 'admin_users' 생성 중...
[2026-09-26 20:06:20,979][INFO|database.py-upgrade_schema:285] >> 테이블 'api_keys' 생성 중...
[2026-09-26 20:06:20,981][INFO|database.py-upgrade_schema:285] >> 테이블 'mysafety' 생성 중...
[2026-09-26 20:06:20,983][INFO|database.py-upgrade_schema:285] >> 테이블 'mysafety_change_cursor' 생성 중...
[2026-09-26 20:06:20,984][INFO|database.py-upgrade_schema:285] >> 테이블 'mysafety_change_log' 생성 중...
[2026-09-26 20:06:20,986][INFO|database.py-upgrade_schema:285] >> 테이블 'mysafety_duplicate_decision' 생성 중...
[2026-09-26 20:06:20,987][INFO|database.py-upgrade_schema:285] >> 테이블 'mysafety_duplicate_group' 생성 중...
[2026-09-26 20:06:20,989][INFO|database.py-upgrade_schema:285] >> 테이블 'mysafety_duplicate_member' 생성 중...
[2026-09-26 20:06:20,990][INFO|database.py-upgrade_schema:285] >> 테이블 'mysafety_entry_value' 생성 중...
[2026-09-26 20:06:20,992][INFO|database.py-upgrade_schema:285] >> 테이블 'mysafety_geocode_cache' 생성 중...
[2026-09-26 20:06:20,993][INFO|database.py-upgrade_schema:285] >> 테이블 'mysafety_raw_content' 생성 중...
[2026-09-26 20:06:20,995][INFO|database.py-upgrade_schema:285] >> 테이블 'mysafety_report_override' 생성 중...
[2026-09-26 20:06:20,997][INFO|database.py-upgrade_schema:285] >> 테이블 'mysafety_sync_meta' 생성 중...
[2026-09-26 20:06:20,999][INFO|database.py-upgrade_schema:285] >> 테이블 'mysafety_watchlist' 생성 중...
[2026-09-26 20:06:21,000][INFO|database.py-upgrade_schema:285] >> 테이블 'mysafetydetail_other' 생성 중...
[2026-09-26 20:06:21,002][INFO|database.py-upgrade_schema:285] >> 테이블 'mysafetydetail_parking' 생성 중...
[2026-09-26 20:06:21,004][INFO|database.py-upgrade_schema:285] >> 테이블 'mysafetydetail_traffic' 생성 중...
[2026-09-26 20:06:21,006][INFO|database.py-upgrade_schema:285] >> 테이블 'mysafetymerge_other' 생성 중...
[2026-09-26 20:06:21,009][INFO|database.py-upgrade_schema:285] >> 테이블 'mysafetymerge_parking' 생성 중...
[2026-09-26 20:06:21,011][INFO|database.py-upgrade_schema:285] >> 테이블 'mysafetymerge_traffic' 생성 중...
[2026-09-26 20:06:21,019][INFO|database.py-_apply_versioned_migrations:452] >> [schema] DB 스키마 버전 1 적용
[2026-09-26 20:06:21,025][INFO|database.py-_apply_versioned_migrations:452] >> [schema] DB 스키마 버전 2 적용
[2026-09-26 20:06:21,026][INFO|database.py-_apply_versioned_migrations:452] >> [schema] DB 스키마 버전 3 적용
[2026-09-26 20:06:21,038][INFO|database.py-_apply_versioned_migrations:452] >> [schema] DB 스키마 버전 4 적용
[2026-09-26 20:06:21,066][INFO|duplicate_group_service.py-_log_info:53] >> [duplicate] payload exact 중복군 0개, 멤버 0건 재생성
[2026-09-26 20:06:21,109][INFO|database.py-backfill_synced_at:100] >> [migration] mysafetydetail_traffic synced_at 백필: 12건, 미해결 0건
[2026-09-26 20:06:21,112][INFO|database.py-backfill_synced_at:100] >> [migration] mysafetydetail_parking synced_at 백필: 6건, 미해결 0건
[2026-09-26 20:06:21,116][INFO|database.py-backfill_synced_at:100] >> [migration] mysafetydetail_other synced_at 백필: 6건, 미해결 0건
[2026-09-26 20:06:21,118][INFO|database.py-backfill_synced_at:105] >> [migration] synced_at 백필 완료: 총 24건 갱신, merge 재생성 시작
[2026-09-26 20:06:21,134][INFO|database.py-merge_final:736] >> 최종 데이터 병합 완료 (Traffic/Parking/Other 분리)
[2026-09-26 20:06:21,161][INFO|duplicate_group_service.py-_log_info:53] >> [duplicate] payload exact 중복군 1개, 멤버 2건 재생성
[2026-09-26 20:06:21,169][INFO|database.py-merge_final:736] >> 최종 데이터 병합 완료 (Traffic/Parking/Other 분리)
[2026-09-26 20:06:21,194][INFO|duplicate_group_service.py-_log_info:53] >> [duplicate] payload exact 중복군 1개, 멤버 2건 재생성
[2026-09-26 20:06:21,350][WARNING|start.py-_prepare_database:63] >> --reset 옵션이 사용되어 크롤링 데이터 테이블을 초기화합니다.
[2026-09-26 20:06:21,350][INFO|start.py-_prepare_database:82] >> --reset에서도 mysafety_geocode_cache는 유지합니다. 재크롤링 시 같은 주소는 캐시 좌표를 재사용합니다.
[2026-09-26 20:06:21,377][INFO|database.py-upgrade_schema:285] >> 테이블 'mysafety' 생성 중...
[2026-09-26 20:06:21,380][INFO|database.py-upgrade_schema:285] >> 테이블 'mysafety_duplicate_group' 생성 중...
[2026-09-26 20:06:21,382][INFO|database.py-upgrade_schema:285] >> 테이블 'mysafety_duplicate_member' 생성 중...
[2026-09-26 20:06:21,384][INFO|database.py-upgrade_schema:285] >> 테이블 'mysafety_entry_value' 생성 중...
[2026-09-26 20:06:21,387][INFO|database.py-upgrade_schema:285] >> 테이블 'mysafety_raw_content' 생성 중...
[2026-09-26 20:06:21,389][INFO|database.py-upgrade_schema:285] >> 테이블 'mysafetydetail_other' 생성 중...
[2026-09-26 20:06:21,391][INFO|database.py-upgrade_schema:285] >> 테이블 'mysafetydetail_parking' 생성 중...
[2026-09-26 20:06:21,393][INFO|database.py-upgrade_schema:285] >> 테이블 'mysafetydetail_traffic' 생성 중...
[2026-09-26 20:06:21,394][INFO|database.py-upgrade_schema:285] >> 테이블 'mysafetymerge_other' 생성 중...
[2026-09-26 20:06:21,397][INFO|database.py-upgrade_schema:285] >> 테이블 'mysafetymerge_parking' 생성 중...
[2026-09-26 20:06:21,399][INFO|database.py-upgrade_schema:285] >> 테이블 'mysafetymerge_traffic' 생성 중...
.[2026-09-26 20:06:21,424][INFO|database.py-upgrade_schema:285] >> 테이블 'admin_users' 생성 중...
[2026-09-26 20:06:21,427][INFO|database.py-upgrade_schema:285] >> 테이블 'api_keys' 생성 중...
[2026-09-26 20:06:21,429][INFO|database.py-upgrade_schema:285] >> 테이블 'mysafety' 생성 중...
[2026-09-26 20:06:21,430][INFO|database.py-upgrade_schema:285] >> 테이블 'mysafety_change_cursor' 생성 중...
[2026-09-26 20:06:21,432][INFO|database.py-upgrade_schema:285] >> 테이블 'mysafety_change_log' 생성 중...
[2026-09-26 20:06:21,433][INFO|database.py-upgrade_schema:285] >> 테이블 'mysafety_duplicate_decision' 생성 중...
[2026-09-26 20:06:21,435][INFO|database.py-upgrade_schema:285] >> 테이블 'mysafety_duplicate_group' 생성 중...
[2026-09-26 20:06:21,437][INFO|database.py-upgrade_schema:285] >> 테이블 'mysafety_duplicate_member' 생성 중...
[2026-09-26 20:06:21,439][INFO|database.py-upgrade_schema:285] >> 테이블 'mysafety_entry_value' 생성 중...
[2026-09-26 20:06:21,440][INFO|database.py-upgrade_schema:285] >> 테이블 'mysafety_geocode_cache' 생성 중...
[2026-09-26 20:06:21,442][INFO|database.py-upgrade_schema:285] >> 테이블 'mysafety_raw_content' 생성 중...
[2026-09-26 20:06:21,443][INFO|database.py-upgrade_schema:285] >> 테이블 'mysafety_report_override' 생성 중...
[2026-09-26 20:06:21,445][INFO|database.py-upgrade_schema:285] >> 테이블 'mysafety_sync_meta' 생성 중...
[2026-09-26 20:06:21,447][INFO|database.py-upgrade_schema:285] >> 테이블 'mysafety_watchlist' 생성 중...
[2026-09-26 20:06:21,448][INFO|database.py-upgrade_schema:285] >> 테이블 'mysafetydetail_other' 생성 중...
[2026-09-26 20:06:21,450][INFO|database.py-upgrade_schema:285] >> 테이블 'mysafetydetail_parking' 생성 중...
[2026-09-26 20:06:21,452][INFO|database.py-upgrade_schema:285] >> 테이블 'mysafetydetail_traffic' 생성 중...
[2026-09-26 20:06:21,454][INFO|database.py-upgrade_schema:285] >> 테이블 'mysafetymerge_other' 생성 중...
[2026-09-26 20:06:21,455][INFO|database.py-upgrade_schema:285] >> 테이블 'mysafetymerge_parking' 생성 중...
[2026-09-26 20:06:21,457][INFO|database.py-upgrade_schema:285] >> 테이블 'mysafetymerge_traffic' 생성 중...
[2026-09-26 20:06:21,461][INFO|database.py-_apply_versioned_migrations:452] >> [schema] DB 스키마 버전 1 적용
[2026-09-26 20:06:21,465][INFO|database.py-_apply_versioned_migrations:452] >> [schema] DB 스키마 버전 2 적용
[2026-09-26 20:06:21,467][INFO|database.py-_apply_versioned_migrations:452] >> [schema] DB 스키마 버전 3 적용
[2026-09-26 20:06:21,478][INFO|database.py-_apply_versioned_migrations:452] >> [schema] DB 스키마 버전 4 적용
[2026-09-26 20:06:21,492][INFO|duplicate_group_service.py-_log_info:53] >> [duplicate] payload exact 중복군 0개, 멤버 0건 재생성
[2026-09-26 20:06:21,523][INFO|database.py-backfill_synced_at:100] >> [migration] mysafetydetail_traffic synced_at 백필: 12건, 미해결 0건
[2026-09-26 20:06:21,527][INFO|database.py-backfill_synced_at:100] >> [migration] mysafetydetail_parking synced_at 백필: 6건, 미해결 0건
[2026-09-26 20:06:21,530][INFO|database.py-backfill_synced_at:100] >> [migration] mysafetydetail_other synced_at 백필: 6건, 미해결 0건
[2026-09-26 20:06:21,532][INFO|database.py-backfill_synced_at:105] >> [migration] synced_at 백필 완료: 총 24건 갱신, merge 재생성 시작
[2026-09-26 20:06:21,538][INFO|database.py-merge_final:736] >> 최종 데이터 병합 완료 (Traffic/Parking/Other 분리)
[2026-09-26 20:06:21,565][INFO|duplicate_group_service.py-_log_info:53] >> [duplicate] payload exact 중복군 1개, 멤버 2건 재생성
[2026-09-26 20:06:21,573][INFO|database.py-merge_final:736] >> 최종 데이터 병합 완료 (Traffic/Parking/Other 분리)
[2026-09-26 20:06:21,599][INFO|duplicate_group_service.py-_log_info:53] >> [duplicate] payload exact 중복군 1개, 멤버 2건 재생성
[2026-09-26 20:06:21,740][INFO|crawl_manager.py-launch_pending_crawl:474] >> [crawl] 대기 큐 1건 보류: COMMUNITY_REBUILD_REQUIRED
.[2026-09-26 20:06:21,852][INFO|database.py-upgrade_schema:285] >> 테이블 'admin_users' 생성 중...
[2026-09-26 20:06:21,855][INFO|database.py-upgrade_schema:285] >> 테이블 'api_keys' 생성 중...
[2026-09-26 20:06:21,856][INFO|database.py-upgrade_schema:285] >> 테이블 'mysafety' 생성 중...
[2026-09-26 20:06:21,858][INFO|database.py-upgrade_schema:285] >> 테이블 'mysafety_change_cursor' 생성 중...
[2026-09-26 20:06:21,859][INFO|database.py-upgrade_schema:285] >> 테이블 'mysafety_change_log' 생성 중...
[2026-09-26 20:06:21,860][INFO|database.py-upgrade_schema:285] >> 테이블 'mysafety_duplicate_decision' 생성 중...
[2026-09-26 20:06:21,862][INFO|database.py-upgrade_schema:285] >> 테이블 'mysafety_duplicate_group' 생성 중...
[2026-09-26 20:06:21,863][INFO|database.py-upgrade_schema:285] >> 테이블 'mysafety_duplicate_member' 생성 중...
[2026-09-26 20:06:21,865][INFO|database.py-upgrade_schema:285] >> 테이블 'mysafety_entry_value' 생성 중...
[2026-09-26 20:06:21,869][INFO|database.py-upgrade_schema:285] >> 테이블 'mysafety_geocode_cache' 생성 중...
[2026-09-26 20:06:21,871][INFO|database.py-upgrade_schema:285] >> 테이블 'mysafety_raw_content' 생성 중...
[2026-09-26 20:06:21,878][INFO|database.py-upgrade_schema:285] >> 테이블 'mysafety_report_override' 생성 중...
[2026-09-26 20:06:21,880][INFO|database.py-upgrade_schema:285] >> 테이블 'mysafety_sync_meta' 생성 중...
[2026-09-26 20:06:21,882][INFO|database.py-upgrade_schema:285] >> 테이블 'mysafety_watchlist' 생성 중...
[2026-09-26 20:06:21,883][INFO|database.py-upgrade_schema:285] >> 테이블 'mysafetydetail_other' 생성 중...
[2026-09-26 20:06:21,885][INFO|database.py-upgrade_schema:285] >> 테이블 'mysafetydetail_parking' 생성 중...
[2026-09-26 20:06:21,888][INFO|database.py-upgrade_schema:285] >> 테이블 'mysafetydetail_traffic' 생성 중...
[2026-09-26 20:06:21,890][INFO|database.py-upgrade_schema:285] >> 테이블 'mysafetymerge_other' 생성 중...
[2026-09-26 20:06:21,899][INFO|database.py-upgrade_schema:285] >> 테이블 'mysafetymerge_parking' 생성 중...
[2026-09-26 20:06:21,901][INFO|database.py-upgrade_schema:285] >> 테이블 'mysafetymerge_traffic' 생성 중...
[2026-09-26 20:06:21,906][INFO|database.py-_apply_versioned_migrations:452] >> [schema] DB 스키마 버전 1 적용
[2026-09-26 20:06:21,912][INFO|database.py-_apply_versioned_migrations:452] >> [schema] DB 스키마 버전 2 적용
[2026-09-26 20:06:21,914][INFO|database.py-_apply_versioned_migrations:452] >> [schema] DB 스키마 버전 3 적용
[2026-09-26 20:06:21,937][INFO|database.py-_apply_versioned_migrations:452] >> [schema] DB 스키마 버전 4 적용
[2026-09-26 20:06:21,951][INFO|duplicate_group_service.py-_log_info:53] >> [duplicate] payload exact 중복군 0개, 멤버 0건 재생성
[2026-09-26 20:06:21,985][INFO|database.py-backfill_synced_at:100] >> [migration] mysafetydetail_traffic synced_at 백필: 12건, 미해결 0건
[2026-09-26 20:06:21,989][INFO|database.py-backfill_synced_at:100] >> [migration] mysafetydetail_parking synced_at 백필: 6건, 미해결 0건
[2026-09-26 20:06:21,992][INFO|database.py-backfill_synced_at:100] >> [migration] mysafetydetail_other synced_at 백필: 6건, 미해결 0건
[2026-09-26 20:06:21,998][INFO|database.py-backfill_synced_at:105] >> [migration] synced_at 백필 완료: 총 24건 갱신, merge 재생성 시작
[2026-09-26 20:06:22,004][INFO|database.py-merge_final:736] >> 최종 데이터 병합 완료 (Traffic/Parking/Other 분리)
[2026-09-26 20:06:22,027][INFO|duplicate_group_service.py-_log_info:53] >> [duplicate] payload exact 중복군 1개, 멤버 2건 재생성
[2026-09-26 20:06:22,040][INFO|database.py-merge_final:736] >> 최종 데이터 병합 완료 (Traffic/Parking/Other 분리)
[2026-09-26 20:06:22,063][INFO|duplicate_group_service.py-_log_info:53] >> [duplicate] payload exact 중복군 1개, 멤버 2건 재생성
[2026-09-26 20:06:22,206][WARNING|crawl_manager.py-launch_pending_crawl:552] >> [crawl] 대기 큐 시작 알림 실패: RuntimeError
.[2026-09-26 20:06:22,347][INFO|database.py-upgrade_schema:285] >> 테이블 'admin_users' 생성 중...
[2026-09-26 20:06:22,350][INFO|database.py-upgrade_schema:285] >> 테이블 'api_keys' 생성 중...
[2026-09-26 20:06:22,351][INFO|database.py-upgrade_schema:285] >> 테이블 'mysafety' 생성 중...
[2026-09-26 20:06:22,353][INFO|database.py-upgrade_schema:285] >> 테이블 'mysafety_change_cursor' 생성 중...
[2026-09-26 20:06:22,357][INFO|database.py-upgrade_schema:285] >> 테이블 'mysafety_change_log' 생성 중...
[2026-09-26 20:06:22,359][INFO|database.py-upgrade_schema:285] >> 테이블 'mysafety_duplicate_decision' 생성 중...
[2026-09-26 20:06:22,364][INFO|database.py-upgrade_schema:285] >> 테이블 'mysafety_duplicate_group' 생성 중...
[2026-09-26 20:06:22,368][INFO|database.py-upgrade_schema:285] >> 테이블 'mysafety_duplicate_member' 생성 중...
[2026-09-26 20:06:22,371][INFO|database.py-upgrade_schema:285] >> 테이블 'mysafety_entry_value' 생성 중...
[2026-09-26 20:06:22,372][INFO|database.py-upgrade_schema:285] >> 테이블 'mysafety_geocode_cache' 생성 중...
[2026-09-26 20:06:22,373][INFO|database.py-upgrade_schema:285] >> 테이블 'mysafety_raw_content' 생성 중...
[2026-09-26 20:06:22,375][INFO|database.py-upgrade_schema:285] >> 테이블 'mysafety_report_override' 생성 중...
[2026-09-26 20:06:22,377][INFO|database.py-upgrade_schema:285] >> 테이블 'mysafety_sync_meta' 생성 중...
[2026-09-26 20:06:22,378][INFO|database.py-upgrade_schema:285] >> 테이블 'mysafety_watchlist' 생성 중...
[2026-09-26 20:06:22,380][INFO|database.py-upgrade_schema:285] >> 테이블 'mysafetydetail_other' 생성 중...
[2026-09-26 20:06:22,381][INFO|database.py-upgrade_schema:285] >> 테이블 'mysafetydetail_parking' 생성 중...
[2026-09-26 20:06:22,383][INFO|database.py-upgrade_schema:285] >> 테이블 'mysafetydetail_traffic' 생성 중...
[2026-09-26 20:06:22,385][INFO|database.py-upgrade_schema:285] >> 테이블 'mysafetymerge_other' 생성 중...
[2026-09-26 20:06:22,387][INFO|database.py-upgrade_schema:285] >> 테이블 'mysafetymerge_parking' 생성 중...
[2026-09-26 20:06:22,389][INFO|database.py-upgrade_schema:285] >> 테이블 'mysafetymerge_traffic' 생성 중...
[2026-09-26 20:06:22,393][INFO|database.py-_apply_versioned_migrations:452] >> [schema] DB 스키마 버전 1 적용
[2026-09-26 20:06:22,406][INFO|database.py-_apply_versioned_migrations:452] >> [schema] DB 스키마 버전 2 적용
[2026-09-26 20:06:22,408][INFO|database.py-_apply_versioned_migrations:452] >> [schema] DB 스키마 버전 3 적용
[2026-09-26 20:06:22,423][INFO|database.py-_apply_versioned_migrations:452] >> [schema] DB 스키마 버전 4 적용
[2026-09-26 20:06:22,441][INFO|duplicate_group_service.py-_log_info:53] >> [duplicate] payload exact 중복군 0개, 멤버 0건 재생성
[2026-09-26 20:06:22,475][INFO|database.py-backfill_synced_at:100] >> [migration] mysafetydetail_traffic synced_at 백필: 12건, 미해결 0건
[2026-09-26 20:06:22,479][INFO|database.py-backfill_synced_at:100] >> [migration] mysafetydetail_parking synced_at 백필: 6건, 미해결 0건
[2026-09-26 20:06:22,482][INFO|database.py-backfill_synced_at:100] >> [migration] mysafetydetail_other synced_at 백필: 6건, 미해결 0건
[2026-09-26 20:06:22,484][INFO|database.py-backfill_synced_at:105] >> [migration] synced_at 백필 완료: 총 24건 갱신, merge 재생성 시작
[2026-09-26 20:06:22,490][INFO|database.py-merge_final:736] >> 최종 데이터 병합 완료 (Traffic/Parking/Other 분리)
/home/better0101/projects/safetyreport/.venv/lib/python3.14/site-packages/numpy/_core/fromnumeric.py:54: ResourceWarning: unclosed file <_io.FileIO name='/tmp/claude-1000/-home-better0101-projects-safetyreport/aa9d30e6-e7a5-4376-8fce-c9fb26682fbe/scratchpad/tmp.n9yNStgd1j/logs/current_crawl.log' mode='ab' closefd=True>
  return bound(*args, **kwds)
ResourceWarning: Enable tracemalloc to get the object allocation traceback
[2026-09-26 20:06:22,522][INFO|duplicate_group_service.py-_log_info:53] >> [duplicate] payload exact 중복군 1개, 멤버 2건 재생성
[2026-09-26 20:06:22,529][INFO|database.py-merge_final:736] >> 최종 데이터 병합 완료 (Traffic/Parking/Other 분리)
[2026-09-26 20:06:22,556][INFO|duplicate_group_service.py-_log_info:53] >> [duplicate] payload exact 중복군 1개, 멤버 2건 재생성
[2026-09-26 20:06:22,684][INFO|start.py-_run_crawling_process:338] >> 큐 지정 크롤링 모드입니다. 전체 목록 갱신을 건너뜁니다.
[2026-09-26 20:06:22,684][WARNING|start.py-extract_ids_from_queue:129] >> 큐 신고번호 SPP-0000-NOPE이(가) 정확히 일치하지 않습니다. 목록 전체를 받은 뒤 다시 찾습니다.
[2026-09-26 20:06:22,685][INFO|start.py-_run_crawling_process:383] >> 미확인 신고번호 1건을 목록 전체에서 찾습니다.
[2026-09-26 20:06:22,685][INFO|crawltitle_api.py-crawl_titles:74] >> API 방식으로 목록 데이터를 호출합니다. (direct_login 세션)
[2026-09-26 20:06:22,685][ERROR|crawltitle_api.py-crawl_titles:86] >> API 목록 첫 페이지 호출 실패: network down
[2026-09-26 20:06:22,685][WARNING|start.py-_run_crawling_process:398] >> 목록 탐색을 끝내지 못했습니다: network: network down
[2026-09-26 20:06:22,685][WARNING|start.py-_run_crawling_process:429] >> 목록 탐색을 끝내지 못해 다음에 다시 찾습니다: ['SPP-0000-NOPE']
[2026-09-26 20:06:22,685][INFO|start.py-_run_crawling_process:431] >> 큐 파일에서 0개의 아이템 크롤링 시작.
[2026-09-26 20:06:22,685][INFO|start.py-_run_crawling_process:440] >> 크롤링할 상세 내역 없음.
[2026-09-26 20:06:22,687][INFO|start.py-_run_crawling_process:338] >> 큐 지정 크롤링 모드입니다. 전체 목록 갱신을 건너뜁니다.
[2026-09-26 20:06:22,688][WARNING|start.py-extract_ids_from_queue:129] >> 큐 신고번호 SPP-0000-NOPE이(가) 정확히 일치하지 않습니다. 목록 전체를 받은 뒤 다시 찾습니다.
[2026-09-26 20:06:22,688][INFO|start.py-_run_crawling_process:383] >> 미확인 신고번호 1건을 목록 전체에서 찾습니다.
[2026-09-26 20:06:22,688][INFO|crawltitle_api.py-crawl_titles:74] >> API 방식으로 목록 데이터를 호출합니다. (direct_login 세션)
[2026-09-26 20:06:22,688][ERROR|crawltitle_api.py-crawl_titles:91] >> API 목록 호출 실패: server busy
[2026-09-26 20:06:22,688][WARNING|start.py-_run_crawling_process:398] >> 목록 탐색을 끝내지 못했습니다: server busy
[2026-09-26 20:06:22,688][WARNING|start.py-_run_crawling_process:429] >> 목록 탐색을 끝내지 못해 다음에 다시 찾습니다: ['SPP-0000-NOPE']
[2026-09-26 20:06:22,688][INFO|start.py-_run_crawling_process:431] >> 큐 파일에서 0개의 아이템 크롤링 시작.
[2026-09-26 20:06:22,688][INFO|start.py-_run_crawling_process:440] >> 크롤링할 상세 내역 없음.
[2026-09-26 20:06:22,690][INFO|start.py-_run_crawling_process:338] >> 큐 지정 크롤링 모드입니다. 전체 목록 갱신을 건너뜁니다.
[2026-09-26 20:06:22,690][WARNING|start.py-extract_ids_from_queue:129] >> 큐 신고번호 SPP-0000-NOPE이(가) 정확히 일치하지 않습니다. 목록 전체를 받은 뒤 다시 찾습니다.
[2026-09-26 20:06:22,690][INFO|start.py-_run_crawling_process:383] >> 미확인 신고번호 1건을 목록 전체에서 찾습니다.
[2026-09-26 20:06:22,691][INFO|crawltitle_api.py-crawl_titles:74] >> API 방식으로 목록 데이터를 호출합니다. (direct_login 세션)
[2026-09-26 20:06:22,691][INFO|crawltitle_api.py-crawl_titles:104] >> API 확인됨: 총 600건 (3페이지 분량)
[2026-09-26 20:06:22,691][INFO|crawltitle_api.py-crawl_titles:117] >> API 목록 로드 중: 1 페이지 (1~200건)
[2026-09-26 20:06:22,755][INFO|crawltitle_api.py-crawl_titles:117] >> API 목록 로드 중: 2 페이지 (201~400건)
[2026-09-26 20:06:22,755][WARNING|crawltitle_api.py-crawl_titles:122] >> 페이지 2 호출 실패: network down
[2026-09-26 20:06:22,755][INFO|crawltitle_api.py-crawl_titles:117] >> API 목록 로드 중: 3 페이지 (401~600건)
[2026-09-26 20:06:22,816][WARNING|start.py-_run_crawling_process:398] >> 목록 탐색을 끝내지 못했습니다: network: network down
[2026-09-26 20:06:22,891][INFO|database.py-title_to_sql:694] >> 총 400건 title 테이블 upsert 완료. (신규: 376건)
[2026-09-26 20:06:22,892][WARNING|start.py-_run_crawling_process:429] >> 목록 탐색을 끝내지 못해 다음에 다시 찾습니다: ['SPP-0000-NOPE']
[2026-09-26 20:06:22,892][INFO|start.py-_run_crawling_process:431] >> 큐 파일에서 0개의 아이템 크롤링 시작.
[2026-09-26 20:06:22,892][INFO|start.py-_run_crawling_process:440] >> 크롤링할 상세 내역 없음.
[2026-09-26 20:06:22,898][INFO|start.py-_run_crawling_process:338] >> 큐 지정 크롤링 모드입니다. 전체 목록 갱신을 건너뜁니다.
[2026-09-26 20:06:22,898][WARNING|start.py-extract_ids_from_queue:129] >> 큐 신고번호 SPP-0000-NOPE이(가) 정확히 일치하지 않습니다. 목록 전체를 받은 뒤 다시 찾습니다.
[2026-09-26 20:06:22,898][INFO|start.py-_run_crawling_process:383] >> 미확인 신고번호 1건을 목록 전체에서 찾습니다.
[2026-09-26 20:06:22,898][INFO|crawltitle_api.py-crawl_titles:74] >> API 방식으로 목록 데이터를 호출합니다. (direct_login 세션)
[2026-09-26 20:06:22,898][INFO|crawltitle_api.py-crawl_titles:104] >> API 확인됨: 총 600건 (3페이지 분량)
[2026-09-26 20:06:22,898][INFO|crawltitle_api.py-crawl_titles:117] >> API 목록 로드 중: 1 페이지 (1~200건)
[2026-09-26 20:06:22,964][INFO|crawltitle_api.py-crawl_titles:117] >> API 목록 로드 중: 2 페이지 (201~400건)
[2026-09-26 20:06:23,034][INFO|crawltitle_api.py-crawl_titles:117] >> API 목록 로드 중: 3 페이지 (401~600건)
[2026-09-26 20:06:23,035][WARNING|start.py-_run_crawling_process:398] >> 목록 탐색을 끝내지 못했습니다: None
[2026-09-26 20:06:23,113][INFO|database.py-title_to_sql:694] >> 총 400건 title 테이블 upsert 완료. (신규: 200건)
[2026-09-26 20:06:23,114][WARNING|start.py-_run_crawling_process:429] >> 목록 탐색을 끝내지 못해 다음에 다시 찾습니다: ['SPP-0000-NOPE']
[2026-09-26 20:06:23,114][INFO|start.py-_run_crawling_process:431] >> 큐 파일에서 0개의 아이템 크롤링 시작.
[2026-09-26 20:06:23,114][INFO|start.py-_run_crawling_process:440] >> 크롤링할 상세 내역 없음.
[2026-09-26 20:06:23,122][INFO|start.py-_run_crawling_process:338] >> 큐 지정 크롤링 모드입니다. 전체 목록 갱신을 건너뜁니다.
[2026-09-26 20:06:23,123][WARNING|start.py-extract_ids_from_queue:129] >> 큐 신고번호 SPP-0000-NOPE이(가) 정확히 일치하지 않습니다. 목록 전체를 받은 뒤 다시 찾습니다.
[2026-09-26 20:06:23,123][INFO|start.py-_run_crawling_process:383] >> 미확인 신고번호 1건을 목록 전체에서 찾습니다.
[2026-09-26 20:06:23,123][INFO|crawltitle_api.py-crawl_titles:74] >> API 방식으로 목록 데이터를 호출합니다. (direct_login 세션)
[2026-09-26 20:06:23,123][WARNING|crawltitle_api.py-crawl_titles:98] >> 조회된 신고 내역이 없습니다.
[2026-09-26 20:06:23,124][WARNING|start.py-_run_crawling_process:427] >> 목록 전체를 찾아도 없는 신고번호: ['SPP-0000-NOPE']
[2026-09-26 20:06:23,124][INFO|start.py-_run_crawling_process:431] >> 큐 파일에서 0개의 아이템 크롤링 시작.
[2026-09-26 20:06:23,124][INFO|start.py-_run_crawling_process:440] >> 크롤링할 상세 내역 없음.
.[2026-09-26 20:06:23,136][INFO|database.py-upgrade_schema:285] >> 테이블 'admin_users' 생성 중...
[2026-09-26 20:06:23,141][INFO|database.py-upgrade_schema:285] >> 테이블 'api_keys' 생성 중...
[2026-09-26 20:06:23,143][INFO|database.py-upgrade_schema:285] >> 테이블 'mysafety' 생성 중...
[2026-09-26 20:06:23,147][INFO|database.py-upgrade_schema:285] >> 테이블 'mysafety_change_cursor' 생성 중...
[2026-09-26 20:06:23,150][INFO|database.py-upgrade_schema:285] >> 테이블 'mysafety_change_log' 생성 중...
[2026-09-26 20:06:23,153][INFO|database.py-upgrade_schema:285] >> 테이블 'mysafety_duplicate_decision' 생성 중...
[2026-09-26 20:06:23,155][INFO|database.py-upgrade_schema:285] >> 테이블 'mysafety_duplicate_group' 생성 중...
[2026-09-26 20:06:23,157][INFO|database.py-upgrade_schema:285] >> 테이블 'mysafety_duplicate_member' 생성 중...
[2026-09-26 20:06:23,159][INFO|database.py-upgrade_schema:285] >> 테이블 'mysafety_entry_value' 생성 중...
[2026-09-26 20:06:23,160][INFO|database.py-upgrade_schema:285] >> 테이블 'mysafety_geocode_cache' 생성 중...
[2026-09-26 20:06:23,162][INFO|database.py-upgrade_schema:285] >> 테이블 'mysafety_raw_content' 생성 중...
[2026-09-26 20:06:23,163][INFO|database.py-upgrade_schema:285] >> 테이블 'mysafety_report_override' 생성 중...
[2026-09-26 20:06:23,165][INFO|database.py-upgrade_schema:285] >> 테이블 'mysafety_sync_meta' 생성 중...
[2026-09-26 20:06:23,167][INFO|database.py-upgrade_schema:285] >> 테이블 'mysafety_watchlist' 생성 중...
[2026-09-26 20:06:23,168][INFO|database.py-upgrade_schema:285] >> 테이블 'mysafetydetail_other' 생성 중...
[2026-09-26 20:06:23,170][INFO|database.py-upgrade_schema:285] >> 테이블 'mysafetydetail_parking' 생성 중...
[2026-09-26 20:06:23,174][INFO|database.py-upgrade_schema:285] >> 테이블 'mysafetydetail_traffic' 생성 중...
[2026-09-26 20:06:23,177][INFO|database.py-upgrade_schema:285] >> 테이블 'mysafetymerge_other' 생성 중...
[2026-09-26 20:06:23,179][INFO|database.py-upgrade_schema:285] >> 테이블 'mysafetymerge_parking' 생성 중...
[2026-09-26 20:06:23,185][INFO|database.py-upgrade_schema:285] >> 테이블 'mysafetymerge_traffic' 생성 중...
[2026-09-26 20:06:23,191][INFO|database.py-_apply_versioned_migrations:452] >> [schema] DB 스키마 버전 1 적용
[2026-09-26 20:06:23,196][INFO|database.py-_apply_versioned_migrations:452] >> [schema] DB 스키마 버전 2 적용
[2026-09-26 20:06:23,198][INFO|database.py-_apply_versioned_migrations:452] >> [schema] DB 스키마 버전 3 적용
[2026-09-26 20:06:23,210][INFO|database.py-_apply_versioned_migrations:452] >> [schema] DB 스키마 버전 4 적용
[2026-09-26 20:06:23,229][INFO|duplicate_group_service.py-_log_info:53] >> [duplicate] payload exact 중복군 0개, 멤버 0건 재생성
[2026-09-26 20:06:23,263][INFO|database.py-backfill_synced_at:100] >> [migration] mysafetydetail_traffic synced_at 백필: 12건, 미해결 0건
[2026-09-26 20:06:23,267][INFO|database.py-backfill_synced_at:100] >> [migration] mysafetydetail_parking synced_at 백필: 6건, 미해결 0건
[2026-09-26 20:06:23,270][INFO|database.py-backfill_synced_at:100] >> [migration] mysafetydetail_other synced_at 백필: 6건, 미해결 0건
[2026-09-26 20:06:23,272][INFO|database.py-backfill_synced_at:105] >> [migration] synced_at 백필 완료: 총 24건 갱신, merge 재생성 시작
[2026-09-26 20:06:23,278][INFO|database.py-merge_final:736] >> 최종 데이터 병합 완료 (Traffic/Parking/Other 분리)
[2026-09-26 20:06:23,308][INFO|duplicate_group_service.py-_log_info:53] >> [duplicate] payload exact 중복군 1개, 멤버 2건 재생성
[2026-09-26 20:06:23,317][INFO|database.py-merge_final:736] >> 최종 데이터 병합 완료 (Traffic/Parking/Other 분리)
[2026-09-26 20:06:23,341][INFO|duplicate_group_service.py-_log_info:53] >> [duplicate] payload exact 중복군 1개, 멤버 2건 재생성
Exception in thread crawl-pending-after:
Traceback (most recent call last):
  File "/usr/lib/python3.14/threading.py", line 1082, in _bootstrap_inner
    self._context.run(self.run)
    ~~~~~~~~~~~~~~~~~^^^^^^^^^^
  File "/usr/lib/python3.14/threading.py", line 1024, in run
    self._target(*self._args, **self._kwargs)
    ~~~~~~~~~~~~^^^^^^^^^^^^^^^^^^^^^^^^^^^^^
  File "/home/better0101/projects/worktree/ci-20260926/safetyreport/audit-fix/services/crawl_manager.py", line 527, in _after
    self.run_after_crawl(proc, log_file)
    ~~~~~~~~~~~~~~~~~~~~^^^^^^^^^^^^^^^^
  File "/usr/lib/python3.14/unittest/mock.py", line 1176, in __call__
    return self._mock_call(*args, **kwargs)
           ~~~~~~~~~~~~~~~^^^^^^^^^^^^^^^^^
  File "/usr/lib/python3.14/unittest/mock.py", line 1180, in _mock_call
    return self._execute_mock_call(*args, **kwargs)
           ~~~~~~~~~~~~~~~~~~~~~~~^^^^^^^^^^^^^^^^^
  File "/usr/lib/python3.14/unittest/mock.py", line 1241, in _execute_mock_call
    raise effect
RuntimeError: hook failed
.[2026-09-26 20:06:23,612][INFO|database.py-upgrade_schema:285] >> 테이블 'admin_users' 생성 중...
[2026-09-26 20:06:23,616][INFO|database.py-upgrade_schema:285] >> 테이블 'api_keys' 생성 중...
[2026-09-26 20:06:23,618][INFO|database.py-upgrade_schema:285] >> 테이블 'mysafety' 생성 중...
[2026-09-26 20:06:23,622][INFO|database.py-upgrade_schema:285] >> 테이블 'mysafety_change_cursor' 생성 중...
[2026-09-26 20:06:23,624][INFO|database.py-upgrade_schema:285] >> 테이블 'mysafety_change_log' 생성 중...
[2026-09-26 20:06:23,630][INFO|database.py-upgrade_schema:285] >> 테이블 'mysafety_duplicate_decision' 생성 중...
[2026-09-26 20:06:23,633][INFO|database.py-upgrade_schema:285] >> 테이블 'mysafety_duplicate_group' 생성 중...
[2026-09-26 20:06:23,635][INFO|database.py-upgrade_schema:285] >> 테이블 'mysafety_duplicate_member' 생성 중...
[2026-09-26 20:06:23,636][INFO|database.py-upgrade_schema:285] >> 테이블 'mysafety_entry_value' 생성 중...
[2026-09-26 20:06:23,638][INFO|database.py-upgrade_schema:285] >> 테이블 'mysafety_geocode_cache' 생성 중...
[2026-09-26 20:06:23,639][INFO|database.py-upgrade_schema:285] >> 테이블 'mysafety_raw_content' 생성 중...
[2026-09-26 20:06:23,641][INFO|database.py-upgrade_schema:285] >> 테이블 'mysafety_report_override' 생성 중...
[2026-09-26 20:06:23,642][INFO|database.py-upgrade_schema:285] >> 테이블 'mysafety_sync_meta' 생성 중...
[2026-09-26 20:06:23,645][INFO|database.py-upgrade_schema:285] >> 테이블 'mysafety_watchlist' 생성 중...
[2026-09-26 20:06:23,646][INFO|database.py-upgrade_schema:285] >> 테이블 'mysafetydetail_other' 생성 중...
[2026-09-26 20:06:23,648][INFO|database.py-upgrade_schema:285] >> 테이블 'mysafetydetail_parking' 생성 중...
[2026-09-26 20:06:23,650][INFO|database.py-upgrade_schema:285] >> 테이블 'mysafetydetail_traffic' 생성 중...
[2026-09-26 20:06:23,655][INFO|database.py-upgrade_schema:285] >> 테이블 'mysafetymerge_other' 생성 중...
[2026-09-26 20:06:23,657][INFO|database.py-upgrade_schema:285] >> 테이블 'mysafetymerge_parking' 생성 중...
[2026-09-26 20:06:23,664][INFO|database.py-upgrade_schema:285] >> 테이블 'mysafetymerge_traffic' 생성 중...
[2026-09-26 20:06:23,669][INFO|database.py-_apply_versioned_migrations:452] >> [schema] DB 스키마 버전 1 적용
[2026-09-26 20:06:23,674][INFO|database.py-_apply_versioned_migrations:452] >> [schema] DB 스키마 버전 2 적용
[2026-09-26 20:06:23,676][INFO|database.py-_apply_versioned_migrations:452] >> [schema] DB 스키마 버전 3 적용
[2026-09-26 20:06:23,691][INFO|database.py-_apply_versioned_migrations:452] >> [schema] DB 스키마 버전 4 적용
[2026-09-26 20:06:23,705][INFO|duplicate_group_service.py-_log_info:53] >> [duplicate] payload exact 중복군 0개, 멤버 0건 재생성
[2026-09-26 20:06:23,733][INFO|database.py-backfill_synced_at:100] >> [migration] mysafetydetail_traffic synced_at 백필: 12건, 미해결 0건
[2026-09-26 20:06:23,736][INFO|database.py-backfill_synced_at:100] >> [migration] mysafetydetail_parking synced_at 백필: 6건, 미해결 0건
[2026-09-26 20:06:23,739][INFO|database.py-backfill_synced_at:100] >> [migration] mysafetydetail_other synced_at 백필: 6건, 미해결 0건
[2026-09-26 20:06:23,741][INFO|database.py-backfill_synced_at:105] >> [migration] synced_at 백필 완료: 총 24건 갱신, merge 재생성 시작
[2026-09-26 20:06:23,747][INFO|database.py-merge_final:736] >> 최종 데이터 병합 완료 (Traffic/Parking/Other 분리)
/home/better0101/projects/safetyreport/.venv/lib/python3.14/site-packages/pandas/core/internals/managers.py:2410: ResourceWarning: unclosed file <_io.FileIO name='/tmp/claude-1000/-home-better0101-projects-safetyreport/aa9d30e6-e7a5-4376-8fce-c9fb26682fbe/scratchpad/tmp.n9yNStgd1j/logs/current_crawl.log' mode='ab' closefd=True>
  block_type(x[1], placement=BlockPlacement(x[0]), ndim=2)
ResourceWarning: Enable tracemalloc to get the object allocation traceback
[2026-09-26 20:06:23,770][INFO|duplicate_group_service.py-_log_info:53] >> [duplicate] payload exact 중복군 1개, 멤버 2건 재생성
[2026-09-26 20:06:23,777][INFO|database.py-merge_final:736] >> 최종 데이터 병합 완료 (Traffic/Parking/Other 분리)
[2026-09-26 20:06:23,798][INFO|duplicate_group_service.py-_log_info:53] >> [duplicate] payload exact 중복군 1개, 멤버 2건 재생성
[2026-09-26 20:06:23,930][INFO|start.py-_run_crawling_process:338] >> 큐 지정 크롤링 모드입니다. 전체 목록 갱신을 건너뜁니다.
[2026-09-26 20:06:23,930][WARNING|start.py-extract_ids_from_queue:129] >> 큐 신고번호 SPP-2609-7999999이(가) 정확히 일치하지 않습니다. 목록 전체를 받은 뒤 다시 찾습니다.
[2026-09-26 20:06:23,931][WARNING|start.py-extract_ids_from_queue:129] >> 큐 신고번호 SPP-0000-NOPE이(가) 정확히 일치하지 않습니다. 목록 전체를 받은 뒤 다시 찾습니다.
[2026-09-26 20:06:23,931][INFO|start.py-_run_crawling_process:383] >> 미확인 신고번호 2건을 목록 전체에서 찾습니다.
[2026-09-26 20:06:23,931][INFO|crawltitle_api.py-crawl_titles:74] >> API 방식으로 목록 데이터를 호출합니다. (direct_login 세션)
[2026-09-26 20:06:23,931][INFO|crawltitle_api.py-crawl_titles:104] >> API 확인됨: 총 400건 (2페이지 분량)
[2026-09-26 20:06:23,931][INFO|crawltitle_api.py-crawl_titles:117] >> API 목록 로드 중: 1 페이지 (1~200건)
[2026-09-26 20:06:23,992][INFO|crawltitle_api.py-crawl_titles:117] >> API 목록 로드 중: 2 페이지 (201~400건)
[2026-09-26 20:06:24,121][INFO|database.py-title_to_sql:694] >> 총 400건 title 테이블 upsert 완료. (신규: 376건)
[2026-09-26 20:06:24,122][INFO|start.py-_run_crawling_process:414] >> 신고번호 SPP-2609-7999999 → ID 79999999 발견
[2026-09-26 20:06:24,123][WARNING|start.py-_run_crawling_process:427] >> 목록 전체를 찾아도 없는 신고번호: ['SPP-0000-NOPE']
[2026-09-26 20:06:24,123][INFO|start.py-_run_crawling_process:431] >> 큐 파일에서 1개의 아이템 크롤링 시작.
[2026-09-26 20:06:24,123][INFO|start.py-_run_crawling_process:445] >> 상세 크롤링 대상 ID: 1 건 (순차 처리)
[2026-09-26 20:06:24,123][INFO|start.py-_run_crawling_process:450] >> [API 방식] 상세 데이터 추출 시작
[2026-09-26 20:06:24,156][INFO|start.py-_save_details_as_they_arrive:493] >> 상세 저장 1건 (변경/신규 1건, 실패 0건)
[2026-09-26 20:06:24,175][INFO|start.py-_run_crawling_process:338] >> 큐 지정 크롤링 모드입니다. 전체 목록 갱신을 건너뜁니다.
[2026-09-26 20:06:24,176][WARNING|start.py-extract_ids_from_queue:129] >> 큐 신고번호 SPP-0000-NOPE이(가) 정확히 일치하지 않습니다. 목록 전체를 받은 뒤 다시 찾습니다.
[2026-09-26 20:06:24,176][INFO|start.py-_run_crawling_process:383] >> 미확인 신고번호 1건을 목록 전체에서 찾습니다.
[2026-09-26 20:06:24,176][INFO|crawltitle_api.py-crawl_titles:74] >> API 방식으로 목록 데이터를 호출합니다. (direct_login 세션)
[2026-09-26 20:06:24,176][INFO|crawltitle_api.py-crawl_titles:104] >> API 확인됨: 총 20200건 (101페이지 분량)
[2026-09-26 20:06:24,176][INFO|crawltitle_api.py-crawl_titles:117] >> API 목록 로드 중: 1 페이지 (1~200건)
[2026-09-26 20:06:24,239][INFO|crawltitle_api.py-crawl_titles:117] >> API 목록 로드 중: 2 페이지 (201~400건)
[2026-09-26 20:06:24,302][INFO|crawltitle_api.py-crawl_titles:117] >> API 목록 로드 중: 3 페이지 (401~600건)
[2026-09-26 20:06:24,363][INFO|crawltitle_api.py-crawl_titles:117] >> API 목록 로드 중: 4 페이지 (601~800건)
[2026-09-26 20:06:24,427][INFO|crawltitle_api.py-crawl_titles:117] >> API 목록 로드 중: 5 페이지 (801~1000건)
[2026-09-26 20:06:24,631][INFO|crawltitle_api.py-crawl_titles:117] >> API 목록 로드 중: 6 페이지 (1001~1200건)
[2026-09-26 20:06:24,693][INFO|crawltitle_api.py-crawl_titles:117] >> API 목록 로드 중: 7 페이지 (1201~1400건)
[2026-09-26 20:06:24,760][INFO|crawltitle_api.py-crawl_titles:117] >> API 목록 로드 중: 8 페이지 (1401~1600건)
[2026-09-26 20:06:24,825][INFO|crawltitle_api.py-crawl_titles:117] >> API 목록 로드 중: 9 페이지 (1601~1800건)
[2026-09-26 20:06:24,890][INFO|crawltitle_api.py-crawl_titles:117] >> API 목록 로드 중: 10 페이지 (1801~2000건)
[2026-09-26 20:06:24,957][INFO|crawltitle_api.py-crawl_titles:117] >> API 목록 로드 중: 11 페이지 (2001~2200건)
[2026-09-26 20:06:25,027][INFO|crawltitle_api.py-crawl_titles:117] >> API 목록 로드 중: 12 페이지 (2201~2400건)
[2026-09-26 20:06:25,090][INFO|crawltitle_api.py-crawl_titles:117] >> API 목록 로드 중: 13 페이지 (2401~2600건)
[2026-09-26 20:06:25,155][INFO|crawltitle_api.py-crawl_titles:117] >> API 목록 로드 중: 14 페이지 (2601~2800건)
[2026-09-26 20:06:25,222][INFO|crawltitle_api.py-crawl_titles:117] >> API 목록 로드 중: 15 페이지 (2801~3000건)
[2026-09-26 20:06:25,285][INFO|crawltitle_api.py-crawl_titles:117] >> API 목록 로드 중: 16 페이지 (3001~3200건)
[2026-09-26 20:06:25,351][INFO|crawltitle_api.py-crawl_titles:117] >> API 목록 로드 중: 17 페이지 (3201~3400건)
[2026-09-26 20:06:25,416][INFO|crawltitle_api.py-crawl_titles:117] >> API 목록 로드 중: 18 페이지 (3401~3600건)
[2026-09-26 20:06:25,483][INFO|crawltitle_api.py-crawl_titles:117] >> API 목록 로드 중: 19 페이지 (3601~3800건)
[2026-09-26 20:06:25,550][INFO|crawltitle_api.py-crawl_titles:117] >> API 목록 로드 중: 20 페이지 (3801~4000건)
[2026-09-26 20:06:25,617][INFO|crawltitle_api.py-crawl_titles:117] >> API 목록 로드 중: 21 페이지 (4001~4200건)
[2026-09-26 20:06:25,680][INFO|crawltitle_api.py-crawl_titles:117] >> API 목록 로드 중: 22 페이지 (4201~4400건)
[2026-09-26 20:06:25,942][INFO|crawltitle_api.py-crawl_titles:117] >> API 목록 로드 중: 23 페이지 (4401~4600건)
[2026-09-26 20:06:26,008][INFO|crawltitle_api.py-crawl_titles:117] >> API 목록 로드 중: 24 페이지 (4601~4800건)
[2026-09-26 20:06:26,070][INFO|crawltitle_api.py-crawl_titles:117] >> API 목록 로드 중: 25 페이지 (4801~5000건)
[2026-09-26 20:06:26,137][INFO|crawltitle_api.py-crawl_titles:117] >> API 목록 로드 중: 26 페이지 (5001~5200건)
[2026-09-26 20:06:26,205][INFO|crawltitle_api.py-crawl_titles:117] >> API 목록 로드 중: 27 페이지 (5201~5400건)
[2026-09-26 20:06:26,267][INFO|crawltitle_api.py-crawl_titles:117] >> API 목록 로드 중: 28 페이지 (5401~5600건)
[2026-09-26 20:06:26,331][INFO|crawltitle_api.py-crawl_titles:117] >> API 목록 로드 중: 29 페이지 (5601~5800건)
[2026-09-26 20:06:26,397][INFO|crawltitle_api.py-crawl_titles:117] >> API 목록 로드 중: 30 페이지 (5801~6000건)
[2026-09-26 20:06:26,460][INFO|crawltitle_api.py-crawl_titles:117] >> API 목록 로드 중: 31 페이지 (6001~6200건)
[2026-09-26 20:06:26,523][INFO|crawltitle_api.py-crawl_titles:117] >> API 목록 로드 중: 32 페이지 (6201~6400건)
[2026-09-26 20:06:26,587][INFO|crawltitle_api.py-crawl_titles:117] >> API 목록 로드 중: 33 페이지 (6401~6600건)
[2026-09-26 20:06:26,651][INFO|crawltitle_api.py-crawl_titles:117] >> API 목록 로드 중: 34 페이지 (6601~6800건)
[2026-09-26 20:06:26,715][INFO|crawltitle_api.py-crawl_titles:117] >> API 목록 로드 중: 35 페이지 (6801~7000건)
[2026-09-26 20:06:26,779][INFO|crawltitle_api.py-crawl_titles:117] >> API 목록 로드 중: 36 페이지 (7001~7200건)
[2026-09-26 20:06:26,843][INFO|crawltitle_api.py-crawl_titles:117] >> API 목록 로드 중: 37 페이지 (7201~7400건)
[2026-09-26 20:06:26,907][INFO|crawltitle_api.py-crawl_titles:117] >> API 목록 로드 중: 38 페이지 (7401~7600건)
[2026-09-26 20:06:27,226][INFO|crawltitle_api.py-crawl_titles:117] >> API 목록 로드 중: 39 페이지 (7601~7800건)
[2026-09-26 20:06:27,287][INFO|crawltitle_api.py-crawl_titles:117] >> API 목록 로드 중: 40 페이지 (7801~8000건)
[2026-09-26 20:06:27,354][INFO|crawltitle_api.py-crawl_titles:117] >> API 목록 로드 중: 41 페이지 (8001~8200건)
[2026-09-26 20:06:27,420][INFO|crawltitle_api.py-crawl_titles:117] >> API 목록 로드 중: 42 페이지 (8201~8400건)
[2026-09-26 20:06:27,484][INFO|crawltitle_api.py-crawl_titles:117] >> API 목록 로드 중: 43 페이지 (8401~8600건)
[2026-09-26 20:06:27,549][INFO|crawltitle_api.py-crawl_titles:117] >> API 목록 로드 중: 44 페이지 (8601~8800건)
[2026-09-26 20:06:27,620][INFO|crawltitle_api.py-crawl_titles:117] >> API 목록 로드 중: 45 페이지 (8801~9000건)
[2026-09-26 20:06:27,688][INFO|crawltitle_api.py-crawl_titles:117] >> API 목록 로드 중: 46 페이지 (9001~9200건)
[2026-09-26 20:06:27,754][INFO|crawltitle_api.py-crawl_titles:117] >> API 목록 로드 중: 47 페이지 (9201~9400건)
[2026-09-26 20:06:27,828][INFO|crawltitle_api.py-crawl_titles:117] >> API 목록 로드 중: 48 페이지 (9401~9600건)
[2026-09-26 20:06:27,890][INFO|crawltitle_api.py-crawl_titles:117] >> API 목록 로드 중: 49 페이지 (9601~9800건)
[2026-09-26 20:06:27,954][INFO|crawltitle_api.py-crawl_titles:117] >> API 목록 로드 중: 50 페이지 (9801~10000건)
[2026-09-26 20:06:28,017][INFO|crawltitle_api.py-crawl_titles:117] >> API 목록 로드 중: 51 페이지 (10001~10200건)
[2026-09-26 20:06:28,079][INFO|crawltitle_api.py-crawl_titles:117] >> API 목록 로드 중: 52 페이지 (10201~10400건)
[2026-09-26 20:06:28,144][INFO|crawltitle_api.py-crawl_titles:117] >> API 목록 로드 중: 53 페이지 (10401~10600건)
[2026-09-26 20:06:28,212][INFO|crawltitle_api.py-crawl_titles:117] >> API 목록 로드 중: 54 페이지 (10601~10800건)
[2026-09-26 20:06:28,276][INFO|crawltitle_api.py-crawl_titles:117] >> API 목록 로드 중: 55 페이지 (10801~11000건)
[2026-09-26 20:06:28,692][INFO|crawltitle_api.py-crawl_titles:117] >> API 목록 로드 중: 56 페이지 (11001~11200건)
[2026-09-26 20:06:28,755][INFO|crawltitle_api.py-crawl_titles:117] >> API 목록 로드 중: 57 페이지 (11201~11400건)
[2026-09-26 20:06:28,820][INFO|crawltitle_api.py-crawl_titles:117] >> API 목록 로드 중: 58 페이지 (11401~11600건)
[2026-09-26 20:06:28,887][INFO|crawltitle_api.py-crawl_titles:117] >> API 목록 로드 중: 59 페이지 (11601~11800건)
[2026-09-26 20:06:28,951][INFO|crawltitle_api.py-crawl_titles:117] >> API 목록 로드 중: 60 페이지 (11801~12000건)
[2026-09-26 20:06:29,016][INFO|crawltitle_api.py-crawl_titles:117] >> API 목록 로드 중: 61 페이지 (12001~12200건)
[2026-09-26 20:06:29,079][INFO|crawltitle_api.py-crawl_titles:117] >> API 목록 로드 중: 62 페이지 (12201~12400건)
[2026-09-26 20:06:29,140][INFO|crawltitle_api.py-crawl_titles:117] >> API 목록 로드 중: 63 페이지 (12401~12600건)
[2026-09-26 20:06:29,206][INFO|crawltitle_api.py-crawl_titles:117] >> API 목록 로드 중: 64 페이지 (12601~12800건)
[2026-09-26 20:06:29,272][INFO|crawltitle_api.py-crawl_titles:117] >> API 목록 로드 중: 65 페이지 (12801~13000건)
[2026-09-26 20:06:29,336][INFO|crawltitle_api.py-crawl_titles:117] >> API 목록 로드 중: 66 페이지 (13001~13200건)
[2026-09-26 20:06:29,403][INFO|crawltitle_api.py-crawl_titles:117] >> API 목록 로드 중: 67 페이지 (13201~13400건)
[2026-09-26 20:06:29,470][INFO|crawltitle_api.py-crawl_titles:117] >> API 목록 로드 중: 68 페이지 (13401~13600건)
[2026-09-26 20:06:29,533][INFO|crawltitle_api.py-crawl_titles:117] >> API 목록 로드 중: 69 페이지 (13601~13800건)
[2026-09-26 20:06:29,600][INFO|crawltitle_api.py-crawl_titles:117] >> API 목록 로드 중: 70 페이지 (13801~14000건)
[2026-09-26 20:06:29,670][INFO|crawltitle_api.py-crawl_titles:117] >> API 목록 로드 중: 71 페이지 (14001~14200건)
[2026-09-26 20:06:29,740][INFO|crawltitle_api.py-crawl_titles:117] >> API 목록 로드 중: 72 페이지 (14201~14400건)
[2026-09-26 20:06:29,810][INFO|crawltitle_api.py-crawl_titles:117] >> API 목록 로드 중: 73 페이지 (14401~14600건)
[2026-09-26 20:06:30,263][INFO|crawltitle_api.py-crawl_titles:117] >> API 목록 로드 중: 74 페이지 (14601~14800건)
[2026-09-26 20:06:30,328][INFO|crawltitle_api.py-crawl_titles:117] >> API 목록 로드 중: 75 페이지 (14801~15000건)
[2026-09-26 20:06:30,393][INFO|crawltitle_api.py-crawl_titles:117] >> API 목록 로드 중: 76 페이지 (15001~15200건)
[2026-09-26 20:06:30,459][INFO|crawltitle_api.py-crawl_titles:117] >> API 목록 로드 중: 77 페이지 (15201~15400건)
[2026-09-26 20:06:30,521][INFO|crawltitle_api.py-crawl_titles:117] >> API 목록 로드 중: 78 페이지 (15401~15600건)
[2026-09-26 20:06:30,585][INFO|crawltitle_api.py-crawl_titles:117] >> API 목록 로드 중: 79 페이지 (15601~15800건)
[2026-09-26 20:06:30,649][INFO|crawltitle_api.py-crawl_titles:117] >> API 목록 로드 중: 80 페이지 (15801~16000건)
[2026-09-26 20:06:30,711][INFO|crawltitle_api.py-crawl_titles:117] >> API 목록 로드 중: 81 페이지 (16001~16200건)
[2026-09-26 20:06:30,777][INFO|crawltitle_api.py-crawl_titles:117] >> API 목록 로드 중: 82 페이지 (16201~16400건)
[2026-09-26 20:06:30,843][INFO|crawltitle_api.py-crawl_titles:117] >> API 목록 로드 중: 83 페이지 (16401~16600건)
[2026-09-26 20:06:30,906][INFO|crawltitle_api.py-crawl_titles:117] >> API 목록 로드 중: 84 페이지 (16601~16800건)
[2026-09-26 20:06:30,970][INFO|crawltitle_api.py-crawl_titles:117] >> API 목록 로드 중: 85 페이지 (16801~17000건)
[2026-09-26 20:06:31,035][INFO|crawltitle_api.py-crawl_titles:117] >> API 목록 로드 중: 86 페이지 (17001~17200건)
[2026-09-26 20:06:31,097][INFO|crawltitle_api.py-crawl_titles:117] >> API 목록 로드 중: 87 페이지 (17201~17400건)
[2026-09-26 20:06:31,162][INFO|crawltitle_api.py-crawl_titles:117] >> API 목록 로드 중: 88 페이지 (17401~17600건)
[2026-09-26 20:06:31,229][INFO|crawltitle_api.py-crawl_titles:117] >> API 목록 로드 중: 89 페이지 (17601~17800건)
[2026-09-26 20:06:31,292][INFO|crawltitle_api.py-crawl_titles:117] >> API 목록 로드 중: 90 페이지 (17801~18000건)
[2026-09-26 20:06:31,356][INFO|crawltitle_api.py-crawl_titles:117] >> API 목록 로드 중: 91 페이지 (18001~18200건)
[2026-09-26 20:06:31,420][INFO|crawltitle_api.py-crawl_titles:117] >> API 목록 로드 중: 92 페이지 (18201~18400건)
[2026-09-26 20:06:31,482][INFO|crawltitle_api.py-crawl_titles:117] >> API 목록 로드 중: 93 페이지 (18401~18600건)
[2026-09-26 20:06:31,549][INFO|crawltitle_api.py-crawl_titles:117] >> API 목록 로드 중: 94 페이지 (18601~18800건)
[2026-09-26 20:06:31,619][INFO|crawltitle_api.py-crawl_titles:117] >> API 목록 로드 중: 95 페이지 (18801~19000건)
[2026-09-26 20:06:31,684][INFO|crawltitle_api.py-crawl_titles:117] >> API 목록 로드 중: 96 페이지 (19001~19200건)
[2026-09-26 20:06:32,304][INFO|crawltitle_api.py-crawl_titles:117] >> API 목록 로드 중: 97 페이지 (19201~19400건)
[2026-09-26 20:06:32,366][INFO|crawltitle_api.py-crawl_titles:117] >> API 목록 로드 중: 98 페이지 (19401~19600건)
[2026-09-26 20:06:32,424][INFO|crawltitle_api.py-crawl_titles:117] >> API 목록 로드 중: 99 페이지 (19601~19800건)
[2026-09-26 20:06:32,486][INFO|crawltitle_api.py-crawl_titles:117] >> API 목록 로드 중: 100 페이지 (19801~20000건)
[2026-09-26 20:06:32,547][INFO|crawltitle_api.py-crawl_titles:117] >> API 목록 로드 중: 101 페이지 (20001~20200건)
[2026-09-26 20:06:36,574][INFO|database.py-title_to_sql:694] >> 총 20200건 title 테이블 upsert 완료. (신규: 19800건)
[2026-09-26 20:06:36,583][WARNING|start.py-_run_crawling_process:427] >> 목록 전체를 찾아도 없는 신고번호: ['SPP-0000-NOPE']
[2026-09-26 20:06:36,584][INFO|start.py-_run_crawling_process:431] >> 큐 파일에서 1개의 아이템 크롤링 시작.
[2026-09-26 20:06:36,584][INFO|start.py-_run_crawling_process:445] >> 상세 크롤링 대상 ID: 1 건 (순차 처리)
[2026-09-26 20:06:36,584][INFO|start.py-_run_crawling_process:450] >> [API 방식] 상세 데이터 추출 시작
[2026-09-26 20:06:36,604][INFO|start.py-_save_details_as_they_arrive:493] >> 상세 저장 1건 (변경/신규 0건, 실패 0건)
.[2026-09-26 20:06:36,799][INFO|database.py-upgrade_schema:285] >> 테이블 'admin_users' 생성 중...
[2026-09-26 20:06:36,808][INFO|database.py-upgrade_schema:285] >> 테이블 'api_keys' 생성 중...
[2026-09-26 20:06:36,810][INFO|database.py-upgrade_schema:285] >> 테이블 'mysafety' 생성 중...
[2026-09-26 20:06:36,811][INFO|database.py-upgrade_schema:285] >> 테이블 'mysafety_change_cursor' 생성 중...
[2026-09-26 20:06:36,813][INFO|database.py-upgrade_schema:285] >> 테이블 'mysafety_change_log' 생성 중...
[2026-09-26 20:06:36,814][INFO|database.py-upgrade_schema:285] >> 테이블 'mysafety_duplicate_decision' 생성 중...
[2026-09-26 20:06:36,816][INFO|database.py-upgrade_schema:285] >> 테이블 'mysafety_duplicate_group' 생성 중...
[2026-09-26 20:06:36,820][INFO|database.py-upgrade_schema:285] >> 테이블 'mysafety_duplicate_member' 생성 중...
[2026-09-26 20:06:36,822][INFO|database.py-upgrade_schema:285] >> 테이블 'mysafety_entry_value' 생성 중...
[2026-09-26 20:06:36,823][INFO|database.py-upgrade_schema:285] >> 테이블 'mysafety_geocode_cache' 생성 중...
[2026-09-26 20:06:36,825][INFO|database.py-upgrade_schema:285] >> 테이블 'mysafety_raw_content' 생성 중...
[2026-09-26 20:06:36,827][INFO|database.py-upgrade_schema:285] >> 테이블 'mysafety_report_override' 생성 중...
[2026-09-26 20:06:36,828][INFO|database.py-upgrade_schema:285] >> 테이블 'mysafety_sync_meta' 생성 중...
[2026-09-26 20:06:36,830][INFO|database.py-upgrade_schema:285] >> 테이블 'mysafety_watchlist' 생성 중...
[2026-09-26 20:06:36,831][INFO|database.py-upgrade_schema:285] >> 테이블 'mysafetydetail_other' 생성 중...
[2026-09-26 20:06:36,835][INFO|database.py-upgrade_schema:285] >> 테이블 'mysafetydetail_parking' 생성 중...
[2026-09-26 20:06:36,839][INFO|database.py-upgrade_schema:285] >> 테이블 'mysafetydetail_traffic' 생성 중...
[2026-09-26 20:06:36,841][INFO|database.py-upgrade_schema:285] >> 테이블 'mysafetymerge_other' 생성 중...
[2026-09-26 20:06:36,843][INFO|database.py-upgrade_schema:285] >> 테이블 'mysafetymerge_parking' 생성 중...
[2026-09-26 20:06:36,845][INFO|database.py-upgrade_schema:285] >> 테이블 'mysafetymerge_traffic' 생성 중...
[2026-09-26 20:06:36,848][INFO|database.py-_apply_versioned_migrations:452] >> [schema] DB 스키마 버전 1 적용
[2026-09-26 20:06:36,853][INFO|database.py-_apply_versioned_migrations:452] >> [schema] DB 스키마 버전 2 적용
[2026-09-26 20:06:36,854][INFO|database.py-_apply_versioned_migrations:452] >> [schema] DB 스키마 버전 3 적용
[2026-09-26 20:06:36,874][INFO|database.py-_apply_versioned_migrations:452] >> [schema] DB 스키마 버전 4 적용
[2026-09-26 20:06:36,889][INFO|duplicate_group_service.py-_log_info:53] >> [duplicate] payload exact 중복군 0개, 멤버 0건 재생성
[2026-09-26 20:06:36,920][INFO|database.py-backfill_synced_at:100] >> [migration] mysafetydetail_traffic synced_at 백필: 12건, 미해결 0건
[2026-09-26 20:06:36,923][INFO|database.py-backfill_synced_at:100] >> [migration] mysafetydetail_parking synced_at 백필: 6건, 미해결 0건
[2026-09-26 20:06:36,926][INFO|database.py-backfill_synced_at:100] >> [migration] mysafetydetail_other synced_at 백필: 6건, 미해결 0건
[2026-09-26 20:06:36,928][INFO|database.py-backfill_synced_at:105] >> [migration] synced_at 백필 완료: 총 24건 갱신, merge 재생성 시작
[2026-09-26 20:06:36,935][INFO|database.py-merge_final:736] >> 최종 데이터 병합 완료 (Traffic/Parking/Other 분리)
[2026-09-26 20:06:36,961][INFO|duplicate_group_service.py-_log_info:53] >> [duplicate] payload exact 중복군 1개, 멤버 2건 재생성
[2026-09-26 20:06:36,970][INFO|database.py-merge_final:736] >> 최종 데이터 병합 완료 (Traffic/Parking/Other 분리)
[2026-09-26 20:06:36,994][INFO|duplicate_group_service.py-_log_info:53] >> [duplicate] payload exact 중복군 1개, 멤버 2건 재생성
.[2026-09-26 20:06:37,260][INFO|database.py-upgrade_schema:285] >> 테이블 'admin_users' 생성 중...
[2026-09-26 20:06:37,264][INFO|database.py-upgrade_schema:285] >> 테이블 'api_keys' 생성 중...
[2026-09-26 20:06:37,266][INFO|database.py-upgrade_schema:285] >> 테이블 'mysafety' 생성 중...
[2026-09-26 20:06:37,268][INFO|database.py-upgrade_schema:285] >> 테이블 'mysafety_change_cursor' 생성 중...
[2026-09-26 20:06:37,269][INFO|database.py-upgrade_schema:285] >> 테이블 'mysafety_change_log' 생성 중...
[2026-09-26 20:06:37,274][INFO|database.py-upgrade_schema:285] >> 테이블 'mysafety_duplicate_decision' 생성 중...
[2026-09-26 20:06:37,275][INFO|database.py-upgrade_schema:285] >> 테이블 'mysafety_duplicate_group' 생성 중...
[2026-09-26 20:06:37,277][INFO|database.py-upgrade_schema:285] >> 테이블 'mysafety_duplicate_member' 생성 중...
[2026-09-26 20:06:37,280][INFO|database.py-upgrade_schema:285] >> 테이블 'mysafety_entry_value' 생성 중...
[2026-09-26 20:06:37,281][INFO|database.py-upgrade_schema:285] >> 테이블 'mysafety_geocode_cache' 생성 중...
[2026-09-26 20:06:37,284][INFO|database.py-upgrade_schema:285] >> 테이블 'mysafety_raw_content' 생성 중...
[2026-09-26 20:06:37,288][INFO|database.py-upgrade_schema:285] >> 테이블 'mysafety_report_override' 생성 중...
[2026-09-26 20:06:37,290][INFO|database.py-upgrade_schema:285] >> 테이블 'mysafety_sync_meta' 생성 중...
[2026-09-26 20:06:37,292][INFO|database.py-upgrade_schema:285] >> 테이블 'mysafety_watchlist' 생성 중...
[2026-09-26 20:06:37,294][INFO|database.py-upgrade_schema:285] >> 테이블 'mysafetydetail_other' 생성 중...
[2026-09-26 20:06:37,296][INFO|database.py-upgrade_schema:285] >> 테이블 'mysafetydetail_parking' 생성 중...
[2026-09-26 20:06:37,298][INFO|database.py-upgrade_schema:285] >> 테이블 'mysafetydetail_traffic' 생성 중...
[2026-09-26 20:06:37,300][INFO|database.py-upgrade_schema:285] >> 테이블 'mysafetymerge_other' 생성 중...
[2026-09-26 20:06:37,302][INFO|database.py-upgrade_schema:285] >> 테이블 'mysafetymerge_parking' 생성 중...
[2026-09-26 20:06:37,305][INFO|database.py-upgrade_schema:285] >> 테이블 'mysafetymerge_traffic' 생성 중...
[2026-09-26 20:06:37,309][INFO|database.py-_apply_versioned_migrations:452] >> [schema] DB 스키마 버전 1 적용
[2026-09-26 20:06:37,316][INFO|database.py-_apply_versioned_migrations:452] >> [schema] DB 스키마 버전 2 적용
[2026-09-26 20:06:37,318][INFO|database.py-_apply_versioned_migrations:452] >> [schema] DB 스키마 버전 3 적용
[2026-09-26 20:06:37,335][INFO|database.py-_apply_versioned_migrations:452] >> [schema] DB 스키마 버전 4 적용
[2026-09-26 20:06:37,351][INFO|duplicate_group_service.py-_log_info:53] >> [duplicate] payload exact 중복군 0개, 멤버 0건 재생성
[2026-09-26 20:06:37,386][INFO|database.py-backfill_synced_at:100] >> [migration] mysafetydetail_traffic synced_at 백필: 12건, 미해결 0건
[2026-09-26 20:06:37,389][INFO|database.py-backfill_synced_at:100] >> [migration] mysafetydetail_parking synced_at 백필: 6건, 미해결 0건
[2026-09-26 20:06:37,392][INFO|database.py-backfill_synced_at:100] >> [migration] mysafetydetail_other synced_at 백필: 6건, 미해결 0건
[2026-09-26 20:06:37,394][INFO|database.py-backfill_synced_at:105] >> [migration] synced_at 백필 완료: 총 24건 갱신, merge 재생성 시작
[2026-09-26 20:06:37,400][INFO|database.py-merge_final:736] >> 최종 데이터 병합 완료 (Traffic/Parking/Other 분리)
/home/better0101/projects/safetyreport/.venv/lib/python3.14/site-packages/pandas/core/arrays/string_.py:789: ResourceWarning: unclosed file <_io.FileIO name='/tmp/claude-1000/-home-better0101-projects-safetyreport/aa9d30e6-e7a5-4376-8fce-c9fb26682fbe/scratchpad/tmp.n9yNStgd1j/logs/current_crawl.log' mode='ab' closefd=True>
  new_string_array = cls.__new__(cls)
ResourceWarning: Enable tracemalloc to get the object allocation traceback
[2026-09-26 20:06:37,425][INFO|duplicate_group_service.py-_log_info:53] >> [duplicate] payload exact 중복군 1개, 멤버 2건 재생성
[2026-09-26 20:06:37,432][INFO|database.py-merge_final:736] >> 최종 데이터 병합 완료 (Traffic/Parking/Other 분리)
[2026-09-26 20:06:37,455][INFO|duplicate_group_service.py-_log_info:53] >> [duplicate] payload exact 중복군 1개, 멤버 2건 재생성
[2026-09-26 20:06:37,588][INFO|start.py-_run_crawling_process:338] >> 큐 지정 크롤링 모드입니다. 전체 목록 갱신을 건너뜁니다.
[2026-09-26 20:06:37,588][WARNING|start.py-extract_ids_from_queue:129] >> 큐 신고번호 SPP-2609-777100이(가) 정확히 일치하지 않습니다. 목록 전체를 받은 뒤 다시 찾습니다.
[2026-09-26 20:06:37,588][INFO|start.py-_run_crawling_process:383] >> 미확인 신고번호 1건을 목록 전체에서 찾습니다.
[2026-09-26 20:06:37,588][INFO|crawltitle_api.py-crawl_titles:74] >> API 방식으로 목록 데이터를 호출합니다. (direct_login 세션)
[2026-09-26 20:06:37,589][INFO|crawltitle_api.py-crawl_titles:104] >> API 확인됨: 총 201건 (2페이지 분량)
[2026-09-26 20:06:37,589][INFO|crawltitle_api.py-crawl_titles:117] >> API 목록 로드 중: 1 페이지 (1~200건)
[2026-09-26 20:06:37,652][INFO|crawltitle_api.py-crawl_titles:117] >> API 목록 로드 중: 2 페이지 (201~201건)
[2026-09-26 20:06:37,652][WARNING|crawltitle_api.py-crawl_titles:122] >> 페이지 2 호출 실패: network down
[2026-09-26 20:06:37,652][WARNING|start.py-_run_crawling_process:398] >> 목록 탐색을 끝내지 못했습니다: network: network down
[2026-09-26 20:06:37,691][INFO|database.py-title_to_sql:694] >> 총 200건 title 테이블 upsert 완료. (신규: 176건)
[2026-09-26 20:06:37,691][WARNING|start.py-_run_crawling_process:429] >> 목록 탐색을 끝내지 못해 다음에 다시 찾습니다: ['SPP-2609-777100']
[2026-09-26 20:06:37,692][INFO|start.py-_run_crawling_process:431] >> 큐 파일에서 0개의 아이템 크롤링 시작.
[2026-09-26 20:06:37,692][INFO|start.py-_run_crawling_process:440] >> 크롤링할 상세 내역 없음.
[2026-09-26 20:06:37,697][INFO|start.py-_run_crawling_process:338] >> 큐 지정 크롤링 모드입니다. 전체 목록 갱신을 건너뜁니다.
[2026-09-26 20:06:37,698][WARNING|start.py-extract_ids_from_queue:129] >> 큐 신고번호 SPP-2609-777100이(가) 정확히 일치하지 않습니다. 목록 전체를 받은 뒤 다시 찾습니다.
[2026-09-26 20:06:37,698][INFO|start.py-_run_crawling_process:383] >> 미확인 신고번호 1건을 목록 전체에서 찾습니다.
[2026-09-26 20:06:37,698][INFO|crawltitle_api.py-crawl_titles:74] >> API 방식으로 목록 데이터를 호출합니다. (direct_login 세션)
[2026-09-26 20:06:37,698][INFO|crawltitle_api.py-crawl_titles:104] >> API 확인됨: 총 201건 (2페이지 분량)
[2026-09-26 20:06:37,698][INFO|crawltitle_api.py-crawl_titles:117] >> API 목록 로드 중: 1 페이지 (1~200건)
[2026-09-26 20:06:37,768][INFO|crawltitle_api.py-crawl_titles:117] >> API 목록 로드 중: 2 페이지 (201~201건)
[2026-09-26 20:06:37,768][WARNING|crawltitle_api.py-crawl_titles:122] >> 페이지 2 호출 실패: network down
[2026-09-26 20:06:37,768][WARNING|start.py-_run_crawling_process:398] >> 목록 탐색을 끝내지 못했습니다: network: network down
[2026-09-26 20:06:37,808][INFO|database.py-title_to_sql:694] >> 총 200건 title 테이블 upsert 완료. (신규: 0건)
[2026-09-26 20:06:37,809][WARNING|start.py-_run_crawling_process:429] >> 목록 탐색을 끝내지 못해 다음에 다시 찾습니다: ['SPP-2609-777100']
[2026-09-26 20:06:37,809][INFO|start.py-_run_crawling_process:431] >> 큐 파일에서 0개의 아이템 크롤링 시작.
[2026-09-26 20:06:37,809][INFO|start.py-_run_crawling_process:440] >> 크롤링할 상세 내역 없음.
[2026-09-26 20:06:37,813][INFO|start.py-_run_crawling_process:338] >> 큐 지정 크롤링 모드입니다. 전체 목록 갱신을 건너뜁니다.
[2026-09-26 20:06:37,813][WARNING|start.py-extract_ids_from_queue:129] >> 큐 신고번호 SPP-2609-777100이(가) 정확히 일치하지 않습니다. 목록 전체를 받은 뒤 다시 찾습니다.
[2026-09-26 20:06:37,813][INFO|start.py-_run_crawling_process:383] >> 미확인 신고번호 1건을 목록 전체에서 찾습니다.
[2026-09-26 20:06:37,813][INFO|crawltitle_api.py-crawl_titles:74] >> API 방식으로 목록 데이터를 호출합니다. (direct_login 세션)
[2026-09-26 20:06:37,813][INFO|crawltitle_api.py-crawl_titles:104] >> API 확인됨: 총 201건 (2페이지 분량)
[2026-09-26 20:06:37,813][INFO|crawltitle_api.py-crawl_titles:117] >> API 목록 로드 중: 1 페이지 (1~200건)
[2026-09-26 20:06:37,880][INFO|crawltitle_api.py-crawl_titles:117] >> API 목록 로드 중: 2 페이지 (201~201건)
[2026-09-26 20:06:37,923][INFO|database.py-title_to_sql:694] >> 총 201건 title 테이블 upsert 완료. (신규: 1건)
[2026-09-26 20:06:37,924][ERROR|start.py-_run_crawling_process:424] >> 여러 신고에 걸리는 번호라 어느 신고인지 정할 수 없습니다 — 정확한 신고번호로 다시 요청하세요: ['SPP-2609-777100']
[2026-09-26 20:06:37,925][INFO|start.py-_run_crawling_process:431] >> 큐 파일에서 0개의 아이템 크롤링 시작.
[2026-09-26 20:06:37,925][INFO|start.py-_run_crawling_process:440] >> 크롤링할 상세 내역 없음.
[2026-09-26 20:06:37,929][INFO|start.py-_run_crawling_process:338] >> 큐 지정 크롤링 모드입니다. 전체 목록 갱신을 건너뜁니다.
[2026-09-26 20:06:37,929][INFO|start.py-_run_crawling_process:431] >> 큐 파일에서 1개의 아이템 크롤링 시작.
[2026-09-26 20:06:37,929][INFO|start.py-_run_crawling_process:445] >> 상세 크롤링 대상 ID: 1 건 (순차 처리)
[2026-09-26 20:06:37,929][INFO|start.py-_run_crawling_process:450] >> [API 방식] 상세 데이터 추출 시작
[2026-09-26 20:06:37,950][INFO|start.py-_save_details_as_they_arrive:493] >> 상세 저장 1건 (변경/신규 1건, 실패 0건)
.[2026-09-26 20:06:37,967][INFO|database.py-upgrade_schema:285] >> 테이블 'admin_users' 생성 중...
[2026-09-26 20:06:37,970][INFO|database.py-upgrade_schema:285] >> 테이블 'api_keys' 생성 중...
[2026-09-26 20:06:37,972][INFO|database.py-upgrade_schema:285] >> 테이블 'mysafety' 생성 중...
[2026-09-26 20:06:37,974][INFO|database.py-upgrade_schema:285] >> 테이블 'mysafety_change_cursor' 생성 중...
[2026-09-26 20:06:37,975][INFO|database.py-upgrade_schema:285] >> 테이블 'mysafety_change_log' 생성 중...
[2026-09-26 20:06:37,977][INFO|database.py-upgrade_schema:285] >> 테이블 'mysafety_duplicate_decision' 생성 중...
[2026-09-26 20:06:37,978][INFO|database.py-upgrade_schema:285] >> 테이블 'mysafety_duplicate_group' 생성 중...
[2026-09-26 20:06:37,980][INFO|database.py-upgrade_schema:285] >> 테이블 'mysafety_duplicate_member' 생성 중...
[2026-09-26 20:06:37,981][INFO|database.py-upgrade_schema:285] >> 테이블 'mysafety_entry_value' 생성 중...
[2026-09-26 20:06:37,983][INFO|database.py-upgrade_schema:285] >> 테이블 'mysafety_geocode_cache' 생성 중...
[2026-09-26 20:06:37,984][INFO|database.py-upgrade_schema:285] >> 테이블 'mysafety_raw_content' 생성 중...
[2026-09-26 20:06:37,989][INFO|database.py-upgrade_schema:285] >> 테이블 'mysafety_report_override' 생성 중...
[2026-09-26 20:06:37,991][INFO|database.py-upgrade_schema:285] >> 테이블 'mysafety_sync_meta' 생성 중...
[2026-09-26 20:06:37,993][INFO|database.py-upgrade_schema:285] >> 테이블 'mysafety_watchlist' 생성 중...
[2026-09-26 20:06:37,999][INFO|database.py-upgrade_schema:285] >> 테이블 'mysafetydetail_other' 생성 중...
[2026-09-26 20:06:38,002][INFO|database.py-upgrade_schema:285] >> 테이블 'mysafetydetail_parking' 생성 중...
[2026-09-26 20:06:38,004][INFO|database.py-upgrade_schema:285] >> 테이블 'mysafetydetail_traffic' 생성 중...
[2026-09-26 20:06:38,006][INFO|database.py-upgrade_schema:285] >> 테이블 'mysafetymerge_other' 생성 중...
[2026-09-26 20:06:38,008][INFO|database.py-upgrade_schema:285] >> 테이블 'mysafetymerge_parking' 생성 중...
[2026-09-26 20:06:38,010][INFO|database.py-upgrade_schema:285] >> 테이블 'mysafetymerge_traffic' 생성 중...
[2026-09-26 20:06:38,013][INFO|database.py-_apply_versioned_migrations:452] >> [schema] DB 스키마 버전 1 적용
[2026-09-26 20:06:38,018][INFO|database.py-_apply_versioned_migrations:452] >> [schema] DB 스키마 버전 2 적용
[2026-09-26 20:06:38,020][INFO|database.py-_apply_versioned_migrations:452] >> [schema] DB 스키마 버전 3 적용
[2026-09-26 20:06:38,041][INFO|database.py-_apply_versioned_migrations:452] >> [schema] DB 스키마 버전 4 적용
[2026-09-26 20:06:38,055][INFO|duplicate_group_service.py-_log_info:53] >> [duplicate] payload exact 중복군 0개, 멤버 0건 재생성
[2026-09-26 20:06:38,091][INFO|database.py-backfill_synced_at:100] >> [migration] mysafetydetail_traffic synced_at 백필: 12건, 미해결 0건
[2026-09-26 20:06:38,096][INFO|database.py-backfill_synced_at:100] >> [migration] mysafetydetail_parking synced_at 백필: 6건, 미해결 0건
[2026-09-26 20:06:38,101][INFO|database.py-backfill_synced_at:100] >> [migration] mysafetydetail_other synced_at 백필: 6건, 미해결 0건
[2026-09-26 20:06:38,103][INFO|database.py-backfill_synced_at:105] >> [migration] synced_at 백필 완료: 총 24건 갱신, merge 재생성 시작
[2026-09-26 20:06:38,110][INFO|database.py-merge_final:736] >> 최종 데이터 병합 완료 (Traffic/Parking/Other 분리)
[2026-09-26 20:06:38,139][INFO|duplicate_group_service.py-_log_info:53] >> [duplicate] payload exact 중복군 1개, 멤버 2건 재생성
[2026-09-26 20:06:38,147][INFO|database.py-merge_final:736] >> 최종 데이터 병합 완료 (Traffic/Parking/Other 분리)
[2026-09-26 20:06:38,173][INFO|duplicate_group_service.py-_log_info:53] >> [duplicate] payload exact 중복군 1개, 멤버 2건 재생성
.[2026-09-26 20:06:38,321][INFO|database.py-upgrade_schema:285] >> 테이블 'admin_users' 생성 중...
[2026-09-26 20:06:38,324][INFO|database.py-upgrade_schema:285] >> 테이블 'api_keys' 생성 중...
[2026-09-26 20:06:38,326][INFO|database.py-upgrade_schema:285] >> 테이블 'mysafety' 생성 중...
[2026-09-26 20:06:38,327][INFO|database.py-upgrade_schema:285] >> 테이블 'mysafety_change_cursor' 생성 중...
[2026-09-26 20:06:38,329][INFO|database.py-upgrade_schema:285] >> 테이블 'mysafety_change_log' 생성 중...
[2026-09-26 20:06:38,334][INFO|database.py-upgrade_schema:285] >> 테이블 'mysafety_duplicate_decision' 생성 중...
[2026-09-26 20:06:38,336][INFO|database.py-upgrade_schema:285] >> 테이블 'mysafety_duplicate_group' 생성 중...
[2026-09-26 20:06:38,338][INFO|database.py-upgrade_schema:285] >> 테이블 'mysafety_duplicate_member' 생성 중...
[2026-09-26 20:06:38,342][INFO|database.py-upgrade_schema:285] >> 테이블 'mysafety_entry_value' 생성 중...
[2026-09-26 20:06:38,345][INFO|database.py-upgrade_schema:285] >> 테이블 'mysafety_geocode_cache' 생성 중...
[2026-09-26 20:06:38,347][INFO|database.py-upgrade_schema:285] >> 테이블 'mysafety_raw_content' 생성 중...
[2026-09-26 20:06:38,348][INFO|database.py-upgrade_schema:285] >> 테이블 'mysafety_report_override' 생성 중...
[2026-09-26 20:06:38,350][INFO|database.py-upgrade_schema:285] >> 테이블 'mysafety_sync_meta' 생성 중...
[2026-09-26 20:06:38,352][INFO|database.py-upgrade_schema:285] >> 테이블 'mysafety_watchlist' 생성 중...
[2026-09-26 20:06:38,353][INFO|database.py-upgrade_schema:285] >> 테이블 'mysafetydetail_other' 생성 중...
[2026-09-26 20:06:38,355][INFO|database.py-upgrade_schema:285] >> 테이블 'mysafetydetail_parking' 생성 중...
[2026-09-26 20:06:38,357][INFO|database.py-upgrade_schema:285] >> 테이블 'mysafetydetail_traffic' 생성 중...
[2026-09-26 20:06:38,359][INFO|database.py-upgrade_schema:285] >> 테이블 'mysafetymerge_other' 생성 중...
[2026-09-26 20:06:38,361][INFO|database.py-upgrade_schema:285] >> 테이블 'mysafetymerge_parking' 생성 중...
[2026-09-26 20:06:38,363][INFO|database.py-upgrade_schema:285] >> 테이블 'mysafetymerge_traffic' 생성 중...
[2026-09-26 20:06:38,373][INFO|database.py-_apply_versioned_migrations:452] >> [schema] DB 스키마 버전 1 적용
[2026-09-26 20:06:38,379][INFO|database.py-_apply_versioned_migrations:452] >> [schema] DB 스키마 버전 2 적용
[2026-09-26 20:06:38,381][INFO|database.py-_apply_versioned_migrations:452] >> [schema] DB 스키마 버전 3 적용
[2026-09-26 20:06:38,397][INFO|database.py-_apply_versioned_migrations:452] >> [schema] DB 스키마 버전 4 적용
[2026-09-26 20:06:38,412][INFO|duplicate_group_service.py-_log_info:53] >> [duplicate] payload exact 중복군 0개, 멤버 0건 재생성
[2026-09-26 20:06:38,452][INFO|database.py-backfill_synced_at:100] >> [migration] mysafetydetail_traffic synced_at 백필: 12건, 미해결 0건
[2026-09-26 20:06:38,455][INFO|database.py-backfill_synced_at:100] >> [migration] mysafetydetail_parking synced_at 백필: 6건, 미해결 0건
[2026-09-26 20:06:38,458][INFO|database.py-backfill_synced_at:100] >> [migration] mysafetydetail_other synced_at 백필: 6건, 미해결 0건
[2026-09-26 20:06:38,460][INFO|database.py-backfill_synced_at:105] >> [migration] synced_at 백필 완료: 총 24건 갱신, merge 재생성 시작
[2026-09-26 20:06:38,466][INFO|database.py-merge_final:736] >> 최종 데이터 병합 완료 (Traffic/Parking/Other 분리)
[2026-09-26 20:06:38,494][INFO|duplicate_group_service.py-_log_info:53] >> [duplicate] payload exact 중복군 1개, 멤버 2건 재생성
[2026-09-26 20:06:38,501][INFO|database.py-merge_final:736] >> 최종 데이터 병합 완료 (Traffic/Parking/Other 분리)
[2026-09-26 20:06:38,528][INFO|duplicate_group_service.py-_log_info:53] >> [duplicate] payload exact 중복군 1개, 멤버 2건 재생성
.[2026-09-26 20:06:38,705][INFO|database.py-upgrade_schema:285] >> 테이블 'admin_users' 생성 중...
[2026-09-26 20:06:38,708][INFO|database.py-upgrade_schema:285] >> 테이블 'api_keys' 생성 중...
[2026-09-26 20:06:38,709][INFO|database.py-upgrade_schema:285] >> 테이블 'mysafety' 생성 중...
[2026-09-26 20:06:38,711][INFO|database.py-upgrade_schema:285] >> 테이블 'mysafety_change_cursor' 생성 중...
[2026-09-26 20:06:38,712][INFO|database.py-upgrade_schema:285] >> 테이블 'mysafety_change_log' 생성 중...
[2026-09-26 20:06:38,714][INFO|database.py-upgrade_schema:285] >> 테이블 'mysafety_duplicate_decision' 생성 중...
[2026-09-26 20:06:38,716][INFO|database.py-upgrade_schema:285] >> 테이블 'mysafety_duplicate_group' 생성 중...
[2026-09-26 20:06:38,717][INFO|database.py-upgrade_schema:285] >> 테이블 'mysafety_duplicate_member' 생성 중...
[2026-09-26 20:06:38,718][INFO|database.py-upgrade_schema:285] >> 테이블 'mysafety_entry_value' 생성 중...
[2026-09-26 20:06:38,720][INFO|database.py-upgrade_schema:285] >> 테이블 'mysafety_geocode_cache' 생성 중...
[2026-09-26 20:06:38,721][INFO|database.py-upgrade_schema:285] >> 테이블 'mysafety_raw_content' 생성 중...
[2026-09-26 20:06:38,726][INFO|database.py-upgrade_schema:285] >> 테이블 'mysafety_report_override' 생성 중...
[2026-09-26 20:06:38,728][INFO|database.py-upgrade_schema:285] >> 테이블 'mysafety_sync_meta' 생성 중...
[2026-09-26 20:06:38,733][INFO|database.py-upgrade_schema:285] >> 테이블 'mysafety_watchlist' 생성 중...
[2026-09-26 20:06:38,737][INFO|database.py-upgrade_schema:285] >> 테이블 'mysafetydetail_other' 생성 중...
[2026-09-26 20:06:38,738][INFO|database.py-upgrade_schema:285] >> 테이블 'mysafetydetail_parking' 생성 중...
[2026-09-26 20:06:38,740][INFO|database.py-upgrade_schema:285] >> 테이블 'mysafetydetail_traffic' 생성 중...
[2026-09-26 20:06:38,742][INFO|database.py-upgrade_schema:285] >> 테이블 'mysafetymerge_other' 생성 중...
[2026-09-26 20:06:38,743][INFO|database.py-upgrade_schema:285] >> 테이블 'mysafetymerge_parking' 생성 중...
[2026-09-26 20:06:38,745][INFO|database.py-upgrade_schema:285] >> 테이블 'mysafetymerge_traffic' 생성 중...
[2026-09-26 20:06:38,750][INFO|database.py-_apply_versioned_migrations:452] >> [schema] DB 스키마 버전 1 적용
[2026-09-26 20:06:38,762][INFO|database.py-_apply_versioned_migrations:452] >> [schema] DB 스키마 버전 2 적용
[2026-09-26 20:06:38,764][INFO|database.py-_apply_versioned_migrations:452] >> [schema] DB 스키마 버전 3 적용
[2026-09-26 20:06:38,775][INFO|database.py-_apply_versioned_migrations:452] >> [schema] DB 스키마 버전 4 적용
[2026-09-26 20:06:38,797][INFO|duplicate_group_service.py-_log_info:53] >> [duplicate] payload exact 중복군 0개, 멤버 0건 재생성
[2026-09-26 20:06:38,830][INFO|database.py-backfill_synced_at:100] >> [migration] mysafetydetail_traffic synced_at 백필: 12건, 미해결 0건
[2026-09-26 20:06:38,834][INFO|database.py-backfill_synced_at:100] >> [migration] mysafetydetail_parking synced_at 백필: 6건, 미해결 0건
[2026-09-26 20:06:38,837][INFO|database.py-backfill_synced_at:100] >> [migration] mysafetydetail_other synced_at 백필: 6건, 미해결 0건
[2026-09-26 20:06:38,838][INFO|database.py-backfill_synced_at:105] >> [migration] synced_at 백필 완료: 총 24건 갱신, merge 재생성 시작
[2026-09-26 20:06:38,844][INFO|database.py-merge_final:736] >> 최종 데이터 병합 완료 (Traffic/Parking/Other 분리)
[2026-09-26 20:06:38,869][INFO|duplicate_group_service.py-_log_info:53] >> [duplicate] payload exact 중복군 1개, 멤버 2건 재생성
[2026-09-26 20:06:38,876][INFO|database.py-merge_final:736] >> 최종 데이터 병합 완료 (Traffic/Parking/Other 분리)
[2026-09-26 20:06:38,899][INFO|duplicate_group_service.py-_log_info:53] >> [duplicate] payload exact 중복군 1개, 멤버 2건 재생성
[2026-09-26 20:06:39,035][INFO|crawl_manager.py-launch_pending_crawl:497] >> [crawl] 대기 큐 1건 보류: DB 가 복원되어 공유 데이터 확인을 다시 해야 합니다. 다시 시작하세요.
.[2026-09-26 20:06:39,148][INFO|database.py-upgrade_schema:285] >> 테이블 'admin_users' 생성 중...
[2026-09-26 20:06:39,151][INFO|database.py-upgrade_schema:285] >> 테이블 'api_keys' 생성 중...
[2026-09-26 20:06:39,153][INFO|database.py-upgrade_schema:285] >> 테이블 'mysafety' 생성 중...
[2026-09-26 20:06:39,154][INFO|database.py-upgrade_schema:285] >> 테이블 'mysafety_change_cursor' 생성 중...
[2026-09-26 20:06:39,158][INFO|database.py-upgrade_schema:285] >> 테이블 'mysafety_change_log' 생성 중...
[2026-09-26 20:06:39,160][INFO|database.py-upgrade_schema:285] >> 테이블 'mysafety_duplicate_decision' 생성 중...
[2026-09-26 20:06:39,161][INFO|database.py-upgrade_schema:285] >> 테이블 'mysafety_duplicate_group' 생성 중...
[2026-09-26 20:06:39,164][INFO|database.py-upgrade_schema:285] >> 테이블 'mysafety_duplicate_member' 생성 중...
[2026-09-26 20:06:39,166][INFO|database.py-upgrade_schema:285] >> 테이블 'mysafety_entry_value' 생성 중...
[2026-09-26 20:06:39,167][INFO|database.py-upgrade_schema:285] >> 테이블 'mysafety_geocode_cache' 생성 중...
[2026-09-26 20:06:39,169][INFO|database.py-upgrade_schema:285] >> 테이블 'mysafety_raw_content' 생성 중...
[2026-09-26 20:06:39,170][INFO|database.py-upgrade_schema:285] >> 테이블 'mysafety_report_override' 생성 중...
[2026-09-26 20:06:39,172][INFO|database.py-upgrade_schema:285] >> 테이블 'mysafety_sync_meta' 생성 중...
[2026-09-26 20:06:39,173][INFO|database.py-upgrade_schema:285] >> 테이블 'mysafety_watchlist' 생성 중...
[2026-09-26 20:06:39,174][INFO|database.py-upgrade_schema:285] >> 테이블 'mysafetydetail_other' 생성 중...
[2026-09-26 20:06:39,176][INFO|database.py-upgrade_schema:285] >> 테이블 'mysafetydetail_parking' 생성 중...
[2026-09-26 20:06:39,177][INFO|database.py-upgrade_schema:285] >> 테이블 'mysafetydetail_traffic' 생성 중...
[2026-09-26 20:06:39,179][INFO|database.py-upgrade_schema:285] >> 테이블 'mysafetymerge_other' 생성 중...
[2026-09-26 20:06:39,181][INFO|database.py-upgrade_schema:285] >> 테이블 'mysafetymerge_parking' 생성 중...
[2026-09-26 20:06:39,183][INFO|database.py-upgrade_schema:285] >> 테이블 'mysafetymerge_traffic' 생성 중...
[2026-09-26 20:06:39,188][INFO|database.py-_apply_versioned_migrations:452] >> [schema] DB 스키마 버전 1 적용
[2026-09-26 20:06:39,209][INFO|database.py-_apply_versioned_migrations:452] >> [schema] DB 스키마 버전 2 적용
[2026-09-26 20:06:39,215][INFO|database.py-_apply_versioned_migrations:452] >> [schema] DB 스키마 버전 3 적용
[2026-09-26 20:06:39,233][INFO|database.py-_apply_versioned_migrations:452] >> [schema] DB 스키마 버전 4 적용
[2026-09-26 20:06:39,250][INFO|duplicate_group_service.py-_log_info:53] >> [duplicate] payload exact 중복군 0개, 멤버 0건 재생성
[2026-09-26 20:06:39,289][INFO|database.py-backfill_synced_at:100] >> [migration] mysafetydetail_traffic synced_at 백필: 12건, 미해결 0건
[2026-09-26 20:06:39,294][INFO|database.py-backfill_synced_at:100] >> [migration] mysafetydetail_parking synced_at 백필: 6건, 미해결 0건
[2026-09-26 20:06:39,298][INFO|database.py-backfill_synced_at:100] >> [migration] mysafetydetail_other synced_at 백필: 6건, 미해결 0건
[2026-09-26 20:06:39,301][INFO|database.py-backfill_synced_at:105] >> [migration] synced_at 백필 완료: 총 24건 갱신, merge 재생성 시작
[2026-09-26 20:06:39,310][INFO|database.py-merge_final:736] >> 최종 데이터 병합 완료 (Traffic/Parking/Other 분리)
[2026-09-26 20:06:39,337][INFO|duplicate_group_service.py-_log_info:53] >> [duplicate] payload exact 중복군 1개, 멤버 2건 재생성
[2026-09-26 20:06:39,349][INFO|database.py-merge_final:736] >> 최종 데이터 병합 완료 (Traffic/Parking/Other 분리)
[2026-09-26 20:06:39,373][INFO|duplicate_group_service.py-_log_info:53] >> [duplicate] payload exact 중복군 1개, 멤버 2건 재생성
[2026-09-26 20:06:39,570][INFO|database.py-_normalize_processing_layers:188] >> [migration] raw/canonical 상태 정규화 완료: 총 5건 갱신
[2026-09-26 20:06:39,586][INFO|database.py-merge_final:736] >> 최종 데이터 병합 완료 (Traffic/Parking/Other 분리)
[2026-09-26 20:06:39,623][INFO|duplicate_group_service.py-_log_info:53] >> [duplicate] payload exact 중복군 1개, 멤버 2건 재생성
[2026-09-26 20:06:39,644][INFO|database.py-merge_final:736] >> 최종 데이터 병합 완료 (Traffic/Parking/Other 분리)
[2026-09-26 20:06:39,658][INFO|duplicate_group_service.py-_log_info:53] >> [duplicate] payload exact 중복군 0개, 멤버 0건 재생성
[2026-09-26 20:06:39,683][INFO|exchange.py-_restore_exclusive:413] >> mobile DB 복원 완료. 백업: /tmp/claude-1000/-home-better0101-projects-safetyreport/aa9d30e6-e7a5-4376-8fce-c9fb26682fbe/scratchpad/tmp.n9yNStgd1j/backups/data_before_restore_20260926_200639.db, 신고건수: 1
.[2026-09-26 20:06:39,689][INFO|database.py-upgrade_schema:285] >> 테이블 'admin_users' 생성 중...
[2026-09-26 20:06:39,692][INFO|database.py-upgrade_schema:285] >> 테이블 'api_keys' 생성 중...
[2026-09-26 20:06:39,695][INFO|database.py-upgrade_schema:285] >> 테이블 'mysafety' 생성 중...
[2026-09-26 20:06:39,697][INFO|database.py-upgrade_schema:285] >> 테이블 'mysafety_change_cursor' 생성 중...
[2026-09-26 20:06:39,698][INFO|database.py-upgrade_schema:285] >> 테이블 'mysafety_change_log' 생성 중...
[2026-09-26 20:06:39,700][INFO|database.py-upgrade_schema:285] >> 테이블 'mysafety_duplicate_decision' 생성 중...
[2026-09-26 20:06:39,701][INFO|database.py-upgrade_schema:285] >> 테이블 'mysafety_duplicate_group' 생성 중...
[2026-09-26 20:06:39,703][INFO|database.py-upgrade_schema:285] >> 테이블 'mysafety_duplicate_member' 생성 중...
[2026-09-26 20:06:39,704][INFO|database.py-upgrade_schema:285] >> 테이블 'mysafety_entry_value' 생성 중...
[2026-09-26 20:06:39,706][INFO|database.py-upgrade_schema:285] >> 테이블 'mysafety_geocode_cache' 생성 중...
[2026-09-26 20:06:39,717][INFO|database.py-upgrade_schema:285] >> 테이블 'mysafety_raw_content' 생성 중...
[2026-09-26 20:06:39,720][INFO|database.py-upgrade_schema:285] >> 테이블 'mysafety_report_override' 생성 중...
[2026-09-26 20:06:39,722][INFO|database.py-upgrade_schema:285] >> 테이블 'mysafety_sync_meta' 생성 중...
[2026-09-26 20:06:39,724][INFO|database.py-upgrade_schema:285] >> 테이블 'mysafety_watchlist' 생성 중...
[2026-09-26 20:06:39,725][INFO|database.py-upgrade_schema:285] >> 테이블 'mysafetydetail_other' 생성 중...
[2026-09-26 20:06:39,727][INFO|database.py-upgrade_schema:285] >> 테이블 'mysafetydetail_parking' 생성 중...
[2026-09-26 20:06:39,729][INFO|database.py-upgrade_schema:285] >> 테이블 'mysafetydetail_traffic' 생성 중...
[2026-09-26 20:06:39,733][INFO|database.py-upgrade_schema:285] >> 테이블 'mysafetymerge_other' 생성 중...
[2026-09-26 20:06:39,735][INFO|database.py-upgrade_schema:285] >> 테이블 'mysafetymerge_parking' 생성 중...
[2026-09-26 20:06:39,741][INFO|database.py-upgrade_schema:285] >> 테이블 'mysafetymerge_traffic' 생성 중...
[2026-09-26 20:06:39,748][INFO|database.py-_apply_versioned_migrations:452] >> [schema] DB 스키마 버전 1 적용
[2026-09-26 20:06:39,754][INFO|database.py-_apply_versioned_migrations:452] >> [schema] DB 스키마 버전 2 적용
[2026-09-26 20:06:39,756][INFO|database.py-_apply_versioned_migrations:452] >> [schema] DB 스키마 버전 3 적용
[2026-09-26 20:06:39,774][INFO|database.py-_apply_versioned_migrations:452] >> [schema] DB 스키마 버전 4 적용
[2026-09-26 20:06:39,789][INFO|duplicate_group_service.py-_log_info:53] >> [duplicate] payload exact 중복군 0개, 멤버 0건 재생성
[2026-09-26 20:06:39,820][INFO|database.py-backfill_synced_at:100] >> [migration] mysafetydetail_traffic synced_at 백필: 12건, 미해결 0건
[2026-09-26 20:06:39,823][INFO|database.py-backfill_synced_at:100] >> [migration] mysafetydetail_parking synced_at 백필: 6건, 미해결 0건
[2026-09-26 20:06:39,826][INFO|database.py-backfill_synced_at:100] >> [migration] mysafetydetail_other synced_at 백필: 6건, 미해결 0건
[2026-09-26 20:06:39,829][INFO|database.py-backfill_synced_at:105] >> [migration] synced_at 백필 완료: 총 24건 갱신, merge 재생성 시작
[2026-09-26 20:06:39,838][INFO|database.py-merge_final:736] >> 최종 데이터 병합 완료 (Traffic/Parking/Other 분리)
[2026-09-26 20:06:39,864][INFO|duplicate_group_service.py-_log_info:53] >> [duplicate] payload exact 중복군 1개, 멤버 2건 재생성
[2026-09-26 20:06:39,876][INFO|database.py-merge_final:736] >> 최종 데이터 병합 완료 (Traffic/Parking/Other 분리)
[2026-09-26 20:06:39,900][INFO|duplicate_group_service.py-_log_info:53] >> [duplicate] payload exact 중복군 1개, 멤버 2건 재생성
.[2026-09-26 20:06:40,037][INFO|database.py-upgrade_schema:285] >> 테이블 'admin_users' 생성 중...
[2026-09-26 20:06:40,040][INFO|database.py-upgrade_schema:285] >> 테이블 'api_keys' 생성 중...
[2026-09-26 20:06:40,041][INFO|database.py-upgrade_schema:285] >> 테이블 'mysafety' 생성 중...
[2026-09-26 20:06:40,043][INFO|database.py-upgrade_schema:285] >> 테이블 'mysafety_change_cursor' 생성 중...
[2026-09-26 20:06:40,044][INFO|database.py-upgrade_schema:285] >> 테이블 'mysafety_change_log' 생성 중...
[2026-09-26 20:06:40,046][INFO|database.py-upgrade_schema:285] >> 테이블 'mysafety_duplicate_decision' 생성 중...
[2026-09-26 20:06:40,051][INFO|database.py-upgrade_schema:285] >> 테이블 'mysafety_duplicate_group' 생성 중...
[2026-09-26 20:06:40,053][INFO|database.py-upgrade_schema:285] >> 테이블 'mysafety_duplicate_member' 생성 중...
[2026-09-26 20:06:40,055][INFO|database.py-upgrade_schema:285] >> 테이블 'mysafety_entry_value' 생성 중...
[2026-09-26 20:06:40,057][INFO|database.py-upgrade_schema:285] >> 테이블 'mysafety_geocode_cache' 생성 중...
[2026-09-26 20:06:40,059][INFO|database.py-upgrade_schema:285] >> 테이블 'mysafety_raw_content' 생성 중...
[2026-09-26 20:06:40,060][INFO|database.py-upgrade_schema:285] >> 테이블 'mysafety_report_override' 생성 중...
[2026-09-26 20:06:40,062][INFO|database.py-upgrade_schema:285] >> 테이블 'mysafety_sync_meta' 생성 중...
[2026-09-26 20:06:40,063][INFO|database.py-upgrade_schema:285] >> 테이블 'mysafety_watchlist' 생성 중...
[2026-09-26 20:06:40,065][INFO|database.py-upgrade_schema:285] >> 테이블 'mysafetydetail_other' 생성 중...
[2026-09-26 20:06:40,067][INFO|database.py-upgrade_schema:285] >> 테이블 'mysafetydetail_parking' 생성 중...
[2026-09-26 20:06:40,069][INFO|database.py-upgrade_schema:285] >> 테이블 'mysafetydetail_traffic' 생성 중...
[2026-09-26 20:06:40,074][INFO|database.py-upgrade_schema:285] >> 테이블 'mysafetymerge_other' 생성 중...
[2026-09-26 20:06:40,076][INFO|database.py-upgrade_schema:285] >> 테이블 'mysafetymerge_parking' 생성 중...
[2026-09-26 20:06:40,078][INFO|database.py-upgrade_schema:285] >> 테이블 'mysafetymerge_traffic' 생성 중...
[2026-09-26 20:06:40,087][INFO|database.py-_apply_versioned_migrations:452] >> [schema] DB 스키마 버전 1 적용
[2026-09-26 20:06:40,093][INFO|database.py-_apply_versioned_migrations:452] >> [schema] DB 스키마 버전 2 적용
[2026-09-26 20:06:40,095][INFO|database.py-_apply_versioned_migrations:452] >> [schema] DB 스키마 버전 3 적용
[2026-09-26 20:06:40,113][INFO|database.py-_apply_versioned_migrations:452] >> [schema] DB 스키마 버전 4 적용
[2026-09-26 20:06:40,131][INFO|duplicate_group_service.py-_log_info:53] >> [duplicate] payload exact 중복군 0개, 멤버 0건 재생성
[2026-09-26 20:06:40,168][INFO|database.py-backfill_synced_at:100] >> [migration] mysafetydetail_traffic synced_at 백필: 12건, 미해결 0건
[2026-09-26 20:06:40,172][INFO|database.py-backfill_synced_at:100] >> [migration] mysafetydetail_parking synced_at 백필: 6건, 미해결 0건
[2026-09-26 20:06:40,175][INFO|database.py-backfill_synced_at:100] >> [migration] mysafetydetail_other synced_at 백필: 6건, 미해결 0건
[2026-09-26 20:06:40,177][INFO|database.py-backfill_synced_at:105] >> [migration] synced_at 백필 완료: 총 24건 갱신, merge 재생성 시작
[2026-09-26 20:06:40,185][INFO|database.py-merge_final:736] >> 최종 데이터 병합 완료 (Traffic/Parking/Other 분리)
[2026-09-26 20:06:40,216][INFO|duplicate_group_service.py-_log_info:53] >> [duplicate] payload exact 중복군 1개, 멤버 2건 재생성
[2026-09-26 20:06:40,226][INFO|database.py-merge_final:736] >> 최종 데이터 병합 완료 (Traffic/Parking/Other 분리)
[2026-09-26 20:06:40,255][INFO|duplicate_group_service.py-_log_info:53] >> [duplicate] payload exact 중복군 1개, 멤버 2건 재생성
[2026-09-26 20:06:40,405][INFO|start.py-_run_crawling_process:338] >> 큐 지정 크롤링 모드입니다. 전체 목록 갱신을 건너뜁니다.
[2026-09-26 20:06:40,406][WARNING|start.py-extract_ids_from_queue:129] >> 큐 신고번호 SPP-이(가) 정확히 일치하지 않습니다. 목록 전체를 받은 뒤 다시 찾습니다.
[2026-09-26 20:06:40,406][INFO|start.py-_run_crawling_process:383] >> 미확인 신고번호 1건을 목록 전체에서 찾습니다.
[2026-09-26 20:06:40,406][INFO|crawltitle_api.py-crawl_titles:74] >> API 방식으로 목록 데이터를 호출합니다. (direct_login 세션)
[2026-09-26 20:06:40,406][INFO|crawltitle_api.py-crawl_titles:104] >> API 확인됨: 총 24건 (1페이지 분량)
[2026-09-26 20:06:40,406][INFO|crawltitle_api.py-crawl_titles:117] >> API 목록 로드 중: 1 페이지 (1~24건)
[2026-09-26 20:06:40,426][INFO|database.py-title_to_sql:694] >> 총 24건 title 테이블 upsert 완료. (신규: 0건)
[2026-09-26 20:06:40,427][ERROR|start.py-_run_crawling_process:424] >> 여러 신고에 걸리는 번호라 어느 신고인지 정할 수 없습니다 — 정확한 신고번호로 다시 요청하세요: ['SPP-']
[2026-09-26 20:06:40,427][INFO|start.py-_run_crawling_process:431] >> 큐 파일에서 0개의 아이템 크롤링 시작.
[2026-09-26 20:06:40,427][INFO|start.py-_run_crawling_process:440] >> 크롤링할 상세 내역 없음.
.[2026-09-26 20:06:40,445][INFO|database.py-upgrade_schema:285] >> 테이블 'admin_users' 생성 중...
[2026-09-26 20:06:40,451][INFO|database.py-upgrade_schema:285] >> 테이블 'api_keys' 생성 중...
[2026-09-26 20:06:40,453][INFO|database.py-upgrade_schema:285] >> 테이블 'mysafety' 생성 중...
[2026-09-26 20:06:40,455][INFO|database.py-upgrade_schema:285] >> 테이블 'mysafety_change_cursor' 생성 중...
[2026-09-26 20:06:40,458][INFO|database.py-upgrade_schema:285] >> 테이블 'mysafety_change_log' 생성 중...
[2026-09-26 20:06:40,461][INFO|database.py-upgrade_schema:285] >> 테이블 'mysafety_duplicate_decision' 생성 중...
[2026-09-26 20:06:40,464][INFO|database.py-upgrade_schema:285] >> 테이블 'mysafety_duplicate_group' 생성 중...
[2026-09-26 20:06:40,466][INFO|database.py-upgrade_schema:285] >> 테이블 'mysafety_duplicate_member' 생성 중...
[2026-09-26 20:06:40,468][INFO|database.py-upgrade_schema:285] >> 테이블 'mysafety_entry_value' 생성 중...
[2026-09-26 20:06:40,470][INFO|database.py-upgrade_schema:285] >> 테이블 'mysafety_geocode_cache' 생성 중...
[2026-09-26 20:06:40,472][INFO|database.py-upgrade_schema:285] >> 테이블 'mysafety_raw_content' 생성 중...
[2026-09-26 20:06:40,474][INFO|database.py-upgrade_schema:285] >> 테이블 'mysafety_report_override' 생성 중...
[2026-09-26 20:06:40,475][INFO|database.py-upgrade_schema:285] >> 테이블 'mysafety_sync_meta' 생성 중...
[2026-09-26 20:06:40,477][INFO|database.py-upgrade_schema:285] >> 테이블 'mysafety_watchlist' 생성 중...
[2026-09-26 20:06:40,478][INFO|database.py-upgrade_schema:285] >> 테이블 'mysafetydetail_other' 생성 중...
[2026-09-26 20:06:40,480][INFO|database.py-upgrade_schema:285] >> 테이블 'mysafetydetail_parking' 생성 중...
[2026-09-26 20:06:40,481][INFO|database.py-upgrade_schema:285] >> 테이블 'mysafetydetail_traffic' 생성 중...
[2026-09-26 20:06:40,483][INFO|database.py-upgrade_schema:285] >> 테이블 'mysafetymerge_other' 생성 중...
[2026-09-26 20:06:40,485][INFO|database.py-upgrade_schema:285] >> 테이블 'mysafetymerge_parking' 생성 중...
[2026-09-26 20:06:40,490][INFO|database.py-upgrade_schema:285] >> 테이블 'mysafetymerge_traffic' 생성 중...
[2026-09-26 20:06:40,500][INFO|database.py-_apply_versioned_migrations:452] >> [schema] DB 스키마 버전 1 적용
[2026-09-26 20:06:40,507][INFO|database.py-_apply_versioned_migrations:452] >> [schema] DB 스키마 버전 2 적용
[2026-09-26 20:06:40,509][INFO|database.py-_apply_versioned_migrations:452] >> [schema] DB 스키마 버전 3 적용
[2026-09-26 20:06:40,524][INFO|database.py-_apply_versioned_migrations:452] >> [schema] DB 스키마 버전 4 적용
[2026-09-26 20:06:40,539][INFO|duplicate_group_service.py-_log_info:53] >> [duplicate] payload exact 중복군 0개, 멤버 0건 재생성
[2026-09-26 20:06:40,576][INFO|database.py-backfill_synced_at:100] >> [migration] mysafetydetail_traffic synced_at 백필: 12건, 미해결 0건
[2026-09-26 20:06:40,579][INFO|database.py-backfill_synced_at:100] >> [migration] mysafetydetail_parking synced_at 백필: 6건, 미해결 0건
[2026-09-26 20:06:40,582][INFO|database.py-backfill_synced_at:100] >> [migration] mysafetydetail_other synced_at 백필: 6건, 미해결 0건
[2026-09-26 20:06:40,587][INFO|database.py-backfill_synced_at:105] >> [migration] synced_at 백필 완료: 총 24건 갱신, merge 재생성 시작
[2026-09-26 20:06:40,596][INFO|database.py-merge_final:736] >> 최종 데이터 병합 완료 (Traffic/Parking/Other 분리)
[2026-09-26 20:06:40,621][INFO|duplicate_group_service.py-_log_info:53] >> [duplicate] payload exact 중복군 1개, 멤버 2건 재생성
[2026-09-26 20:06:40,629][INFO|database.py-merge_final:736] >> 최종 데이터 병합 완료 (Traffic/Parking/Other 분리)
[2026-09-26 20:06:40,655][INFO|duplicate_group_service.py-_log_info:53] >> [duplicate] payload exact 중복군 1개, 멤버 2건 재생성
.[2026-09-26 20:06:40,828][INFO|database.py-upgrade_schema:285] >> 테이블 'admin_users' 생성 중...
[2026-09-26 20:06:40,831][INFO|database.py-upgrade_schema:285] >> 테이블 'api_keys' 생성 중...
[2026-09-26 20:06:40,833][INFO|database.py-upgrade_schema:285] >> 테이블 'mysafety' 생성 중...
[2026-09-26 20:06:40,834][INFO|database.py-upgrade_schema:285] >> 테이블 'mysafety_change_cursor' 생성 중...
[2026-09-26 20:06:40,835][INFO|database.py-upgrade_schema:285] >> 테이블 'mysafety_change_log' 생성 중...
[2026-09-26 20:06:40,837][INFO|database.py-upgrade_schema:285] >> 테이블 'mysafety_duplicate_decision' 생성 중...
[2026-09-26 20:06:40,838][INFO|database.py-upgrade_schema:285] >> 테이블 'mysafety_duplicate_group' 생성 중...
[2026-09-26 20:06:40,840][INFO|database.py-upgrade_schema:285] >> 테이블 'mysafety_duplicate_member' 생성 중...
[2026-09-26 20:06:40,841][INFO|database.py-upgrade_schema:285] >> 테이블 'mysafety_entry_value' 생성 중...
[2026-09-26 20:06:40,843][INFO|database.py-upgrade_schema:285] >> 테이블 'mysafety_geocode_cache' 생성 중...
[2026-09-26 20:06:40,844][INFO|database.py-upgrade_schema:285] >> 테이블 'mysafety_raw_content' 생성 중...
[2026-09-26 20:06:40,845][INFO|database.py-upgrade_schema:285] >> 테이블 'mysafety_report_override' 생성 중...
[2026-09-26 20:06:40,847][INFO|database.py-upgrade_schema:285] >> 테이블 'mysafety_sync_meta' 생성 중...
[2026-09-26 20:06:40,851][INFO|database.py-upgrade_schema:285] >> 테이블 'mysafety_watchlist' 생성 중...
[2026-09-26 20:06:40,852][INFO|database.py-upgrade_schema:285] >> 테이블 'mysafetydetail_other' 생성 중...
[2026-09-26 20:06:40,858][INFO|database.py-upgrade_schema:285] >> 테이블 'mysafetydetail_parking' 생성 중...
[2026-09-26 20:06:40,861][INFO|database.py-upgrade_schema:285] >> 테이블 'mysafetydetail_traffic' 생성 중...
[2026-09-26 20:06:40,863][INFO|database.py-upgrade_schema:285] >> 테이블 'mysafetymerge_other' 생성 중...
[2026-09-26 20:06:40,868][INFO|database.py-upgrade_schema:285] >> 테이블 'mysafetymerge_parking' 생성 중...
[2026-09-26 20:06:40,871][INFO|database.py-upgrade_schema:285] >> 테이블 'mysafetymerge_traffic' 생성 중...
[2026-09-26 20:06:40,880][INFO|database.py-_apply_versioned_migrations:452] >> [schema] DB 스키마 버전 1 적용
[2026-09-26 20:06:40,885][INFO|database.py-_apply_versioned_migrations:452] >> [schema] DB 스키마 버전 2 적용
[2026-09-26 20:06:40,887][INFO|database.py-_apply_versioned_migrations:452] >> [schema] DB 스키마 버전 3 적용
[2026-09-26 20:06:40,906][INFO|database.py-_apply_versioned_migrations:452] >> [schema] DB 스키마 버전 4 적용
[2026-09-26 20:06:40,922][INFO|duplicate_group_service.py-_log_info:53] >> [duplicate] payload exact 중복군 0개, 멤버 0건 재생성
[2026-09-26 20:06:40,957][INFO|database.py-backfill_synced_at:100] >> [migration] mysafetydetail_traffic synced_at 백필: 12건, 미해결 0건
[2026-09-26 20:06:40,960][INFO|database.py-backfill_synced_at:100] >> [migration] mysafetydetail_parking synced_at 백필: 6건, 미해결 0건
[2026-09-26 20:06:40,964][INFO|database.py-backfill_synced_at:100] >> [migration] mysafetydetail_other synced_at 백필: 6건, 미해결 0건
[2026-09-26 20:06:40,968][INFO|database.py-backfill_synced_at:105] >> [migration] synced_at 백필 완료: 총 24건 갱신, merge 재생성 시작
[2026-09-26 20:06:40,979][INFO|database.py-merge_final:736] >> 최종 데이터 병합 완료 (Traffic/Parking/Other 분리)
[2026-09-26 20:06:41,002][INFO|duplicate_group_service.py-_log_info:53] >> [duplicate] payload exact 중복군 1개, 멤버 2건 재생성
[2026-09-26 20:06:41,012][INFO|database.py-merge_final:736] >> 최종 데이터 병합 완료 (Traffic/Parking/Other 분리)
[2026-09-26 20:06:41,039][INFO|duplicate_group_service.py-_log_info:53] >> [duplicate] payload exact 중복군 1개, 멤버 2건 재생성
.[2026-09-26 20:06:41,312][INFO|database.py-upgrade_schema:285] >> 테이블 'admin_users' 생성 중...
[2026-09-26 20:06:41,315][INFO|database.py-upgrade_schema:285] >> 테이블 'api_keys' 생성 중...
[2026-09-26 20:06:41,322][INFO|database.py-upgrade_schema:285] >> 테이블 'mysafety' 생성 중...
[2026-09-26 20:06:41,324][INFO|database.py-upgrade_schema:285] >> 테이블 'mysafety_change_cursor' 생성 중...
[2026-09-26 20:06:41,326][INFO|database.py-upgrade_schema:285] >> 테이블 'mysafety_change_log' 생성 중...
[2026-09-26 20:06:41,328][INFO|database.py-upgrade_schema:285] >> 테이블 'mysafety_duplicate_decision' 생성 중...
[2026-09-26 20:06:41,330][INFO|database.py-upgrade_schema:285] >> 테이블 'mysafety_duplicate_group' 생성 중...
[2026-09-26 20:06:41,332][INFO|database.py-upgrade_schema:285] >> 테이블 'mysafety_duplicate_member' 생성 중...
[2026-09-26 20:06:41,333][INFO|database.py-upgrade_schema:285] >> 테이블 'mysafety_entry_value' 생성 중...
[2026-09-26 20:06:41,335][INFO|database.py-upgrade_schema:285] >> 테이블 'mysafety_geocode_cache' 생성 중...
[2026-09-26 20:06:41,336][INFO|database.py-upgrade_schema:285] >> 테이블 'mysafety_raw_content' 생성 중...
[2026-09-26 20:06:41,338][INFO|database.py-upgrade_schema:285] >> 테이블 'mysafety_report_override' 생성 중...
[2026-09-26 20:06:41,339][INFO|database.py-upgrade_schema:285] >> 테이블 'mysafety_sync_meta' 생성 중...
[2026-09-26 20:06:41,341][INFO|database.py-upgrade_schema:285] >> 테이블 'mysafety_watchlist' 생성 중...
[2026-09-26 20:06:41,343][INFO|database.py-upgrade_schema:285] >> 테이블 'mysafetydetail_other' 생성 중...
[2026-09-26 20:06:41,345][INFO|database.py-upgrade_schema:285] >> 테이블 'mysafetydetail_parking' 생성 중...
[2026-09-26 20:06:41,347][INFO|database.py-upgrade_schema:285] >> 테이블 'mysafetydetail_traffic' 생성 중...
[2026-09-26 20:06:41,349][INFO|database.py-upgrade_schema:285] >> 테이블 'mysafetymerge_other' 생성 중...
[2026-09-26 20:06:41,353][INFO|database.py-upgrade_schema:285] >> 테이블 'mysafetymerge_parking' 생성 중...
[2026-09-26 20:06:41,355][INFO|database.py-upgrade_schema:285] >> 테이블 'mysafetymerge_traffic' 생성 중...
[2026-09-26 20:06:41,365][INFO|database.py-_apply_versioned_migrations:452] >> [schema] DB 스키마 버전 1 적용
[2026-09-26 20:06:41,372][INFO|database.py-_apply_versioned_migrations:452] >> [schema] DB 스키마 버전 2 적용
[2026-09-26 20:06:41,375][INFO|database.py-_apply_versioned_migrations:452] >> [schema] DB 스키마 버전 3 적용
[2026-09-26 20:06:41,388][INFO|database.py-_apply_versioned_migrations:452] >> [schema] DB 스키마 버전 4 적용
[2026-09-26 20:06:41,401][INFO|duplicate_group_service.py-_log_info:53] >> [duplicate] payload exact 중복군 0개, 멤버 0건 재생성
[2026-09-26 20:06:41,436][INFO|database.py-backfill_synced_at:100] >> [migration] mysafetydetail_traffic synced_at 백필: 12건, 미해결 0건
[2026-09-26 20:06:41,441][INFO|database.py-backfill_synced_at:100] >> [migration] mysafetydetail_parking synced_at 백필: 6건, 미해결 0건
[2026-09-26 20:06:41,444][INFO|database.py-backfill_synced_at:100] >> [migration] mysafetydetail_other synced_at 백필: 6건, 미해결 0건
[2026-09-26 20:06:41,446][INFO|database.py-backfill_synced_at:105] >> [migration] synced_at 백필 완료: 총 24건 갱신, merge 재생성 시작
[2026-09-26 20:06:41,454][INFO|database.py-merge_final:736] >> 최종 데이터 병합 완료 (Traffic/Parking/Other 분리)
/home/better0101/projects/safetyreport/.venv/lib/python3.14/site-packages/pandas/core/arrays/string_.py:197: ResourceWarning: unclosed file <_io.FileIO name='/tmp/claude-1000/-home-better0101-projects-safetyreport/aa9d30e6-e7a5-4376-8fce-c9fb26682fbe/scratchpad/tmp.n9yNStgd1j/logs/current_crawl.log' mode='ab' closefd=True>
  def __init__(
ResourceWarning: Enable tracemalloc to get the object allocation traceback
[2026-09-26 20:06:41,478][INFO|duplicate_group_service.py-_log_info:53] >> [duplicate] payload exact 중복군 1개, 멤버 2건 재생성
[2026-09-26 20:06:41,485][INFO|database.py-merge_final:736] >> 최종 데이터 병합 완료 (Traffic/Parking/Other 분리)
[2026-09-26 20:06:41,507][INFO|duplicate_group_service.py-_log_info:53] >> [duplicate] payload exact 중복군 1개, 멤버 2건 재생성
[2026-09-26 20:06:41,705][INFO|database.py-_normalize_processing_layers:188] >> [migration] raw/canonical 상태 정규화 완료: 총 5건 갱신
[2026-09-26 20:06:41,718][INFO|database.py-merge_final:736] >> 최종 데이터 병합 완료 (Traffic/Parking/Other 분리)
[2026-09-26 20:06:41,752][INFO|duplicate_group_service.py-_log_info:53] >> [duplicate] payload exact 중복군 1개, 멤버 2건 재생성
[2026-09-26 20:06:41,767][INFO|database.py-merge_final:736] >> 최종 데이터 병합 완료 (Traffic/Parking/Other 분리)
[2026-09-26 20:06:41,781][INFO|duplicate_group_service.py-_log_info:53] >> [duplicate] payload exact 중복군 0개, 멤버 0건 재생성
[2026-09-26 20:06:42,299][INFO|exchange.py-_restore_exclusive:413] >> mobile DB 복원 완료. 백업: /tmp/claude-1000/-home-better0101-projects-safetyreport/aa9d30e6-e7a5-4376-8fce-c9fb26682fbe/scratchpad/tmp.n9yNStgd1j/backups/data_before_restore_20260926_200641.db, 신고건수: 1
.[2026-09-26 20:06:42,316][INFO|database.py-upgrade_schema:285] >> 테이블 'admin_users' 생성 중...
[2026-09-26 20:06:42,319][INFO|database.py-upgrade_schema:285] >> 테이블 'api_keys' 생성 중...
[2026-09-26 20:06:42,320][INFO|database.py-upgrade_schema:285] >> 테이블 'mysafety' 생성 중...
[2026-09-26 20:06:42,322][INFO|database.py-upgrade_schema:285] >> 테이블 'mysafety_change_cursor' 생성 중...
[2026-09-26 20:06:42,323][INFO|database.py-upgrade_schema:285] >> 테이블 'mysafety_change_log' 생성 중...
[2026-09-26 20:06:42,325][INFO|database.py-upgrade_schema:285] >> 테이블 'mysafety_duplicate_decision' 생성 중...
[2026-09-26 20:06:42,326][INFO|database.py-upgrade_schema:285] >> 테이블 'mysafety_duplicate_group' 생성 중...
[2026-09-26 20:06:42,328][INFO|database.py-upgrade_schema:285] >> 테이블 'mysafety_duplicate_member' 생성 중...
[2026-09-26 20:06:42,329][INFO|database.py-upgrade_schema:285] >> 테이블 'mysafety_entry_value' 생성 중...
[2026-09-26 20:06:42,331][INFO|database.py-upgrade_schema:285] >> 테이블 'mysafety_geocode_cache' 생성 중...
[2026-09-26 20:06:42,333][INFO|database.py-upgrade_schema:285] >> 테이블 'mysafety_raw_content' 생성 중...
[2026-09-26 20:06:42,335][INFO|database.py-upgrade_schema:285] >> 테이블 'mysafety_report_override' 생성 중...
[2026-09-26 20:06:42,337][INFO|database.py-upgrade_schema:285] >> 테이블 'mysafety_sync_meta' 생성 중...
[2026-09-26 20:06:42,338][INFO|database.py-upgrade_schema:285] >> 테이블 'mysafety_watchlist' 생성 중...
[2026-09-26 20:06:42,343][INFO|database.py-upgrade_schema:285] >> 테이블 'mysafetydetail_other' 생성 중...
[2026-09-26 20:06:42,345][INFO|database.py-upgrade_schema:285] >> 테이블 'mysafetydetail_parking' 생성 중...
[2026-09-26 20:06:42,348][INFO|database.py-upgrade_schema:285] >> 테이블 'mysafetydetail_traffic' 생성 중...
[2026-09-26 20:06:42,354][INFO|database.py-upgrade_schema:285] >> 테이블 'mysafetymerge_other' 생성 중...
[2026-09-26 20:06:42,356][INFO|database.py-upgrade_schema:285] >> 테이블 'mysafetymerge_parking' 생성 중...
[2026-09-26 20:06:42,359][INFO|database.py-upgrade_schema:285] >> 테이블 'mysafetymerge_traffic' 생성 중...
[2026-09-26 20:06:42,363][INFO|database.py-_apply_versioned_migrations:452] >> [schema] DB 스키마 버전 1 적용
[2026-09-26 20:06:42,368][INFO|database.py-_apply_versioned_migrations:452] >> [schema] DB 스키마 버전 2 적용
[2026-09-26 20:06:42,371][INFO|database.py-_apply_versioned_migrations:452] >> [schema] DB 스키마 버전 3 적용
[2026-09-26 20:06:42,387][INFO|database.py-_apply_versioned_migrations:452] >> [schema] DB 스키마 버전 4 적용
[2026-09-26 20:06:42,401][INFO|duplicate_group_service.py-_log_info:53] >> [duplicate] payload exact 중복군 0개, 멤버 0건 재생성
[2026-09-26 20:06:42,433][INFO|database.py-backfill_synced_at:100] >> [migration] mysafetydetail_traffic synced_at 백필: 12건, 미해결 0건
[2026-09-26 20:06:42,436][INFO|database.py-backfill_synced_at:100] >> [migration] mysafetydetail_parking synced_at 백필: 6건, 미해결 0건
[2026-09-26 20:06:42,439][INFO|database.py-backfill_synced_at:100] >> [migration] mysafetydetail_other synced_at 백필: 6건, 미해결 0건
[2026-09-26 20:06:42,441][INFO|database.py-backfill_synced_at:105] >> [migration] synced_at 백필 완료: 총 24건 갱신, merge 재생성 시작
[2026-09-26 20:06:42,447][INFO|database.py-merge_final:736] >> 최종 데이터 병합 완료 (Traffic/Parking/Other 분리)
[2026-09-26 20:06:42,471][INFO|duplicate_group_service.py-_log_info:53] >> [duplicate] payload exact 중복군 1개, 멤버 2건 재생성
[2026-09-26 20:06:42,482][INFO|database.py-merge_final:736] >> 최종 데이터 병합 완료 (Traffic/Parking/Other 분리)
[2026-09-26 20:06:42,507][INFO|duplicate_group_service.py-_log_info:53] >> [duplicate] payload exact 중복군 1개, 멤버 2건 재생성
[2026-09-26 20:06:42,647][INFO|crawl_manager.py-launch_pending_crawl:474] >> [crawl] 대기 큐 1건 보류: COMMUNITY_REBUILD_REQUIRED
.[2026-09-26 20:06:42,759][INFO|database.py-upgrade_schema:285] >> 테이블 'admin_users' 생성 중...
[2026-09-26 20:06:42,762][INFO|database.py-upgrade_schema:285] >> 테이블 'api_keys' 생성 중...
[2026-09-26 20:06:42,764][INFO|database.py-upgrade_schema:285] >> 테이블 'mysafety' 생성 중...
[2026-09-26 20:06:42,766][INFO|database.py-upgrade_schema:285] >> 테이블 'mysafety_change_cursor' 생성 중...
[2026-09-26 20:06:42,767][INFO|database.py-upgrade_schema:285] >> 테이블 'mysafety_change_log' 생성 중...
[2026-09-26 20:06:42,769][INFO|database.py-upgrade_schema:285] >> 테이블 'mysafety_duplicate_decision' 생성 중...
[2026-09-26 20:06:42,770][INFO|database.py-upgrade_schema:285] >> 테이블 'mysafety_duplicate_group' 생성 중...
[2026-09-26 20:06:42,772][INFO|database.py-upgrade_schema:285] >> 테이블 'mysafety_duplicate_member' 생성 중...
[2026-09-26 20:06:42,777][INFO|database.py-upgrade_schema:285] >> 테이블 'mysafety_entry_value' 생성 중...
[2026-09-26 20:06:42,778][INFO|database.py-upgrade_schema:285] >> 테이블 'mysafety_geocode_cache' 생성 중...
[2026-09-26 20:06:42,786][INFO|database.py-upgrade_schema:285] >> 테이블 'mysafety_raw_content' 생성 중...
[2026-09-26 20:06:42,788][INFO|database.py-upgrade_schema:285] >> 테이블 'mysafety_report_override' 생성 중...
[2026-09-26 20:06:42,790][INFO|database.py-upgrade_schema:285] >> 테이블 'mysafety_sync_meta' 생성 중...
[2026-09-26 20:06:42,791][INFO|database.py-upgrade_schema:285] >> 테이블 'mysafety_watchlist' 생성 중...
[2026-09-26 20:06:42,793][INFO|database.py-upgrade_schema:285] >> 테이블 'mysafetydetail_other' 생성 중...
[2026-09-26 20:06:42,794][INFO|database.py-upgrade_schema:285] >> 테이블 'mysafetydetail_parking' 생성 중...
[2026-09-26 20:06:42,796][INFO|database.py-upgrade_schema:285] >> 테이블 'mysafetydetail_traffic' 생성 중...
[2026-09-26 20:06:42,798][INFO|database.py-upgrade_schema:285] >> 테이블 'mysafetymerge_other' 생성 중...
[2026-09-26 20:06:42,800][INFO|database.py-upgrade_schema:285] >> 테이블 'mysafetymerge_parking' 생성 중...
[2026-09-26 20:06:42,802][INFO|database.py-upgrade_schema:285] >> 테이블 'mysafetymerge_traffic' 생성 중...
[2026-09-26 20:06:42,805][INFO|database.py-_apply_versioned_migrations:452] >> [schema] DB 스키마 버전 1 적용
[2026-09-26 20:06:42,809][INFO|database.py-_apply_versioned_migrations:452] >> [schema] DB 스키마 버전 2 적용
[2026-09-26 20:06:42,811][INFO|database.py-_apply_versioned_migrations:452] >> [schema] DB 스키마 버전 3 적용
[2026-09-26 20:06:42,831][INFO|database.py-_apply_versioned_migrations:452] >> [schema] DB 스키마 버전 4 적용
[2026-09-26 20:06:42,846][INFO|duplicate_group_service.py-_log_info:53] >> [duplicate] payload exact 중복군 0개, 멤버 0건 재생성
[2026-09-26 20:06:42,879][INFO|database.py-backfill_synced_at:100] >> [migration] mysafetydetail_traffic synced_at 백필: 12건, 미해결 0건
[2026-09-26 20:06:42,882][INFO|database.py-backfill_synced_at:100] >> [migration] mysafetydetail_parking synced_at 백필: 6건, 미해결 0건
[2026-09-26 20:06:42,885][INFO|database.py-backfill_synced_at:100] >> [migration] mysafetydetail_other synced_at 백필: 6건, 미해결 0건
[2026-09-26 20:06:42,892][INFO|database.py-backfill_synced_at:105] >> [migration] synced_at 백필 완료: 총 24건 갱신, merge 재생성 시작
[2026-09-26 20:06:42,898][INFO|database.py-merge_final:736] >> 최종 데이터 병합 완료 (Traffic/Parking/Other 분리)
[2026-09-26 20:06:42,922][INFO|duplicate_group_service.py-_log_info:53] >> [duplicate] payload exact 중복군 1개, 멤버 2건 재생성
[2026-09-26 20:06:42,936][INFO|database.py-merge_final:736] >> 최종 데이터 병합 완료 (Traffic/Parking/Other 분리)
[2026-09-26 20:06:42,960][INFO|duplicate_group_service.py-_log_info:53] >> [duplicate] payload exact 중복군 1개, 멤버 2건 재생성
[2026-09-26 20:06:43,170][INFO|database.py-_normalize_processing_layers:188] >> [migration] raw/canonical 상태 정규화 완료: 총 5건 갱신
[2026-09-26 20:06:43,183][INFO|database.py-merge_final:736] >> 최종 데이터 병합 완료 (Traffic/Parking/Other 분리)
[2026-09-26 20:06:43,218][INFO|duplicate_group_service.py-_log_info:53] >> [duplicate] payload exact 중복군 1개, 멤버 2건 재생성
[2026-09-26 20:06:43,242][INFO|database.py-merge_final:736] >> 최종 데이터 병합 완료 (Traffic/Parking/Other 분리)
[2026-09-26 20:06:43,255][INFO|duplicate_group_service.py-_log_info:53] >> [duplicate] payload exact 중복군 0개, 멤버 0건 재생성
[2026-09-26 20:06:43,276][INFO|crawl_manager.py-launch_pending_crawl:497] >> [crawl] 대기 큐 2건 보류: DB 복원이 진행 중입니다. 끝난 뒤 다시 시작하세요.
[2026-09-26 20:06:43,282][INFO|exchange.py-_restore_exclusive:413] >> mobile DB 복원 완료. 백업: /tmp/claude-1000/-home-better0101-projects-safetyreport/aa9d30e6-e7a5-4376-8fce-c9fb26682fbe/scratchpad/tmp.n9yNStgd1j/backups/data_before_restore_20260926_200643.db, 신고건수: 1
[2026-09-26 20:06:43,282][INFO|crawl_manager.py-launch_pending_crawl:474] >> [crawl] 대기 큐 2건 보류: COMMUNITY_REBUILD_REQUIRED
.[2026-09-26 20:06:43,293][INFO|database.py-upgrade_schema:285] >> 테이블 'admin_users' 생성 중...
[2026-09-26 20:06:43,296][INFO|database.py-upgrade_schema:285] >> 테이블 'api_keys' 생성 중...
[2026-09-26 20:06:43,299][INFO|database.py-upgrade_schema:285] >> 테이블 'mysafety' 생성 중...
[2026-09-26 20:06:43,301][INFO|database.py-upgrade_schema:285] >> 테이블 'mysafety_change_cursor' 생성 중...
[2026-09-26 20:06:43,303][INFO|database.py-upgrade_schema:285] >> 테이블 'mysafety_change_log' 생성 중...
[2026-09-26 20:06:43,305][INFO|database.py-upgrade_schema:285] >> 테이블 'mysafety_duplicate_decision' 생성 중...
[2026-09-26 20:06:43,311][INFO|database.py-upgrade_schema:285] >> 테이블 'mysafety_duplicate_group' 생성 중...
[2026-09-26 20:06:43,313][INFO|database.py-upgrade_schema:285] >> 테이블 'mysafety_duplicate_member' 생성 중...
[2026-09-26 20:06:43,315][INFO|database.py-upgrade_schema:285] >> 테이블 'mysafety_entry_value' 생성 중...
[2026-09-26 20:06:43,316][INFO|database.py-upgrade_schema:285] >> 테이블 'mysafety_geocode_cache' 생성 중...
[2026-09-26 20:06:43,318][INFO|database.py-upgrade_schema:285] >> 테이블 'mysafety_raw_content' 생성 중...
[2026-09-26 20:06:43,319][INFO|database.py-upgrade_schema:285] >> 테이블 'mysafety_report_override' 생성 중...
[2026-09-26 20:06:43,324][INFO|database.py-upgrade_schema:285] >> 테이블 'mysafety_sync_meta' 생성 중...
[2026-09-26 20:06:43,326][INFO|database.py-upgrade_schema:285] >> 테이블 'mysafety_watchlist' 생성 중...
[2026-09-26 20:06:43,327][INFO|database.py-upgrade_schema:285] >> 테이블 'mysafetydetail_other' 생성 중...
[2026-09-26 20:06:43,334][INFO|database.py-upgrade_schema:285] >> 테이블 'mysafetydetail_parking' 생성 중...
[2026-09-26 20:06:43,337][INFO|database.py-upgrade_schema:285] >> 테이블 'mysafetydetail_traffic' 생성 중...
[2026-09-26 20:06:43,339][INFO|database.py-upgrade_schema:285] >> 테이블 'mysafetymerge_other' 생성 중...
[2026-09-26 20:06:43,340][INFO|database.py-upgrade_schema:285] >> 테이블 'mysafetymerge_parking' 생성 중...
[2026-09-26 20:06:43,342][INFO|database.py-upgrade_schema:285] >> 테이블 'mysafetymerge_traffic' 생성 중...
[2026-09-26 20:06:43,345][INFO|database.py-_apply_versioned_migrations:452] >> [schema] DB 스키마 버전 1 적용
[2026-09-26 20:06:43,353][INFO|database.py-_apply_versioned_migrations:452] >> [schema] DB 스키마 버전 2 적용
[2026-09-26 20:06:43,356][INFO|database.py-_apply_versioned_migrations:452] >> [schema] DB 스키마 버전 3 적용
[2026-09-26 20:06:43,371][INFO|database.py-_apply_versioned_migrations:452] >> [schema] DB 스키마 버전 4 적용
[2026-09-26 20:06:43,386][INFO|duplicate_group_service.py-_log_info:53] >> [duplicate] payload exact 중복군 0개, 멤버 0건 재생성
[2026-09-26 20:06:43,416][INFO|database.py-backfill_synced_at:100] >> [migration] mysafetydetail_traffic synced_at 백필: 12건, 미해결 0건
[2026-09-26 20:06:43,419][INFO|database.py-backfill_synced_at:100] >> [migration] mysafetydetail_parking synced_at 백필: 6건, 미해결 0건
[2026-09-26 20:06:43,422][INFO|database.py-backfill_synced_at:100] >> [migration] mysafetydetail_other synced_at 백필: 6건, 미해결 0건
[2026-09-26 20:06:43,425][INFO|database.py-backfill_synced_at:105] >> [migration] synced_at 백필 완료: 총 24건 갱신, merge 재생성 시작
[2026-09-26 20:06:43,434][INFO|database.py-merge_final:736] >> 최종 데이터 병합 완료 (Traffic/Parking/Other 분리)
/home/better0101/projects/safetyreport/.venv/lib/python3.14/site-packages/pandas/core/internals/managers.py:2410: ResourceWarning: unclosed database in <sqlite3.Connection object at 0x7eb49c814b80>
  block_type(x[1], placement=BlockPlacement(x[0]), ndim=2)
ResourceWarning: Enable tracemalloc to get the object allocation traceback
[2026-09-26 20:06:43,461][INFO|duplicate_group_service.py-_log_info:53] >> [duplicate] payload exact 중복군 1개, 멤버 2건 재생성
[2026-09-26 20:06:43,469][INFO|database.py-merge_final:736] >> 최종 데이터 병합 완료 (Traffic/Parking/Other 분리)
[2026-09-26 20:06:43,492][INFO|duplicate_group_service.py-_log_info:53] >> [duplicate] payload exact 중복군 1개, 멤버 2건 재생성
[2026-09-26 20:06:43,625][WARNING|crawl_queue_report.py-record_unresolved:85] >> [crawl] 처리하지 못한 번호 기록을 저장하지 못함
.[2026-09-26 20:06:43,636][INFO|database.py-upgrade_schema:285] >> 테이블 'admin_users' 생성 중...
[2026-09-26 20:06:43,641][INFO|database.py-upgrade_schema:285] >> 테이블 'api_keys' 생성 중...
[2026-09-26 20:06:43,643][INFO|database.py-upgrade_schema:285] >> 테이블 'mysafety' 생성 중...
[2026-09-26 20:06:43,644][INFO|database.py-upgrade_schema:285] >> 테이블 'mysafety_change_cursor' 생성 중...
[2026-09-26 20:06:43,646][INFO|database.py-upgrade_schema:285] >> 테이블 'mysafety_change_log' 생성 중...
[2026-09-26 20:06:43,647][INFO|database.py-upgrade_schema:285] >> 테이블 'mysafety_duplicate_decision' 생성 중...
[2026-09-26 20:06:43,649][INFO|database.py-upgrade_schema:285] >> 테이블 'mysafety_duplicate_group' 생성 중...
[2026-09-26 20:06:43,653][INFO|database.py-upgrade_schema:285] >> 테이블 'mysafety_duplicate_member' 생성 중...
[2026-09-26 20:06:43,655][INFO|database.py-upgrade_schema:285] >> 테이블 'mysafety_entry_value' 생성 중...
[2026-09-26 20:06:43,657][INFO|database.py-upgrade_schema:285] >> 테이블 'mysafety_geocode_cache' 생성 중...
[2026-09-26 20:06:43,659][INFO|database.py-upgrade_schema:285] >> 테이블 'mysafety_raw_content' 생성 중...
[2026-09-26 20:06:43,660][INFO|database.py-upgrade_schema:285] >> 테이블 'mysafety_report_override' 생성 중...
[2026-09-26 20:06:43,662][INFO|database.py-upgrade_schema:285] >> 테이블 'mysafety_sync_meta' 생성 중...
[2026-09-26 20:06:43,668][INFO|database.py-upgrade_schema:285] >> 테이블 'mysafety_watchlist' 생성 중...
[2026-09-26 20:06:43,670][INFO|database.py-upgrade_schema:285] >> 테이블 'mysafetydetail_other' 생성 중...
[2026-09-26 20:06:43,672][INFO|database.py-upgrade_schema:285] >> 테이블 'mysafetydetail_parking' 생성 중...
[2026-09-26 20:06:43,673][INFO|database.py-upgrade_schema:285] >> 테이블 'mysafetydetail_traffic' 생성 중...
[2026-09-26 20:06:43,675][INFO|database.py-upgrade_schema:285] >> 테이블 'mysafetymerge_other' 생성 중...
[2026-09-26 20:06:43,677][INFO|database.py-upgrade_schema:285] >> 테이블 'mysafetymerge_parking' 생성 중...
[2026-09-26 20:06:43,678][INFO|database.py-upgrade_schema:285] >> 테이블 'mysafetymerge_traffic' 생성 중...
[2026-09-26 20:06:43,682][INFO|database.py-_apply_versioned_migrations:452] >> [schema] DB 스키마 버전 1 적용
[2026-09-26 20:06:43,687][INFO|database.py-_apply_versioned_migrations:452] >> [schema] DB 스키마 버전 2 적용
[2026-09-26 20:06:43,689][INFO|database.py-_apply_versioned_migrations:452] >> [schema] DB 스키마 버전 3 적용
[2026-09-26 20:06:43,708][INFO|database.py-_apply_versioned_migrations:452] >> [schema] DB 스키마 버전 4 적용
[2026-09-26 20:06:43,725][INFO|duplicate_group_service.py-_log_info:53] >> [duplicate] payload exact 중복군 0개, 멤버 0건 재생성
[2026-09-26 20:06:43,760][INFO|database.py-backfill_synced_at:100] >> [migration] mysafetydetail_traffic synced_at 백필: 12건, 미해결 0건
[2026-09-26 20:06:43,763][INFO|database.py-backfill_synced_at:100] >> [migration] mysafetydetail_parking synced_at 백필: 6건, 미해결 0건
[2026-09-26 20:06:43,766][INFO|database.py-backfill_synced_at:100] >> [migration] mysafetydetail_other synced_at 백필: 6건, 미해결 0건
[2026-09-26 20:06:43,768][INFO|database.py-backfill_synced_at:105] >> [migration] synced_at 백필 완료: 총 24건 갱신, merge 재생성 시작
[2026-09-26 20:06:43,774][INFO|database.py-merge_final:736] >> 최종 데이터 병합 완료 (Traffic/Parking/Other 분리)
[2026-09-26 20:06:43,801][INFO|duplicate_group_service.py-_log_info:53] >> [duplicate] payload exact 중복군 1개, 멤버 2건 재생성
[2026-09-26 20:06:43,809][INFO|database.py-merge_final:736] >> 최종 데이터 병합 완료 (Traffic/Parking/Other 분리)
[2026-09-26 20:06:43,836][INFO|duplicate_group_service.py-_log_info:53] >> [duplicate] payload exact 중복군 1개, 멤버 2건 재생성
[2026-09-26 20:06:44,070][INFO|database.py-_normalize_processing_layers:188] >> [migration] raw/canonical 상태 정규화 완료: 총 5건 갱신
[2026-09-26 20:06:44,082][INFO|database.py-merge_final:736] >> 최종 데이터 병합 완료 (Traffic/Parking/Other 분리)
/home/better0101/projects/safetyreport/.venv/lib/python3.14/site-packages/pandas/core/internals/concat.py:302: ResourceWarning: unclosed file <_io.TextIOWrapper name='/tmp/claude-1000/-home-better0101-projects-safetyreport/aa9d30e6-e7a5-4376-8fce-c9fb26682fbe/scratchpad/tmp.n9yNStgd1j/logs/t.log' mode='a' encoding='utf-8'>
  def __init__(self, block: Block) -> None:
ResourceWarning: Enable tracemalloc to get the object allocation traceback
[2026-09-26 20:06:44,129][INFO|duplicate_group_service.py-_log_info:53] >> [duplicate] payload exact 중복군 1개, 멤버 2건 재생성
[2026-09-26 20:06:44,151][INFO|database.py-merge_final:736] >> 최종 데이터 병합 완료 (Traffic/Parking/Other 분리)
[2026-09-26 20:06:44,169][INFO|duplicate_group_service.py-_log_info:53] >> [duplicate] payload exact 중복군 1개, 멤버 2건 재생성
[2026-09-26 20:06:44,196][INFO|exchange.py-_restore_exclusive:413] >> mobile DB 복원 완료. 백업: /tmp/claude-1000/-home-better0101-projects-safetyreport/aa9d30e6-e7a5-4376-8fce-c9fb26682fbe/scratchpad/tmp.n9yNStgd1j/backups/data_before_restore_20260926_200644.db, 신고건수: 2
.[2026-09-26 20:06:44,204][INFO|database.py-upgrade_schema:285] >> 테이블 'admin_users' 생성 중...
[2026-09-26 20:06:44,207][INFO|database.py-upgrade_schema:285] >> 테이블 'api_keys' 생성 중...
[2026-09-26 20:06:44,211][INFO|database.py-upgrade_schema:285] >> 테이블 'mysafety' 생성 중...
[2026-09-26 20:06:44,213][INFO|database.py-upgrade_schema:285] >> 테이블 'mysafety_change_cursor' 생성 중...
[2026-09-26 20:06:44,218][INFO|database.py-upgrade_schema:285] >> 테이블 'mysafety_change_log' 생성 중...
[2026-09-26 20:06:44,220][INFO|database.py-upgrade_schema:285] >> 테이블 'mysafety_duplicate_decision' 생성 중...
[2026-09-26 20:06:44,222][INFO|database.py-upgrade_schema:285] >> 테이블 'mysafety_duplicate_group' 생성 중...
[2026-09-26 20:06:44,224][INFO|database.py-upgrade_schema:285] >> 테이블 'mysafety_duplicate_member' 생성 중...
[2026-09-26 20:06:44,226][INFO|database.py-upgrade_schema:285] >> 테이블 'mysafety_entry_value' 생성 중...
[2026-09-26 20:06:44,227][INFO|database.py-upgrade_schema:285] >> 테이블 'mysafety_geocode_cache' 생성 중...
[2026-09-26 20:06:44,228][INFO|database.py-upgrade_schema:285] >> 테이블 'mysafety_raw_content' 생성 중...
[2026-09-26 20:06:44,230][INFO|database.py-upgrade_schema:285] >> 테이블 'mysafety_report_override' 생성 중...
[2026-09-26 20:06:44,231][INFO|database.py-upgrade_schema:285] >> 테이블 'mysafety_sync_meta' 생성 중...
[2026-09-26 20:06:44,233][INFO|database.py-upgrade_schema:285] >> 테이블 'mysafety_watchlist' 생성 중...
[2026-09-26 20:06:44,235][INFO|database.py-upgrade_schema:285] >> 테이블 'mysafetydetail_other' 생성 중...
[2026-09-26 20:06:44,238][INFO|database.py-upgrade_schema:285] >> 테이블 'mysafetydetail_parking' 생성 중...
[2026-09-26 20:06:44,240][INFO|database.py-upgrade_schema:285] >> 테이블 'mysafetydetail_traffic' 생성 중...
[2026-09-26 20:06:44,249][INFO|database.py-upgrade_schema:285] >> 테이블 'mysafetymerge_other' 생성 중...
[2026-09-26 20:06:44,252][INFO|database.py-upgrade_schema:285] >> 테이블 'mysafetymerge_parking' 생성 중...
[2026-09-26 20:06:44,254][INFO|database.py-upgrade_schema:285] >> 테이블 'mysafetymerge_traffic' 생성 중...
[2026-09-26 20:06:44,258][INFO|database.py-_apply_versioned_migrations:452] >> [schema] DB 스키마 버전 1 적용
[2026-09-26 20:06:44,263][INFO|database.py-_apply_versioned_migrations:452] >> [schema] DB 스키마 버전 2 적용
[2026-09-26 20:06:44,265][INFO|database.py-_apply_versioned_migrations:452] >> [schema] DB 스키마 버전 3 적용
[2026-09-26 20:06:44,284][INFO|database.py-_apply_versioned_migrations:452] >> [schema] DB 스키마 버전 4 적용
[2026-09-26 20:06:44,302][INFO|duplicate_group_service.py-_log_info:53] >> [duplicate] payload exact 중복군 0개, 멤버 0건 재생성
[2026-09-26 20:06:44,338][INFO|database.py-backfill_synced_at:100] >> [migration] mysafetydetail_traffic synced_at 백필: 12건, 미해결 0건
[2026-09-26 20:06:44,342][INFO|database.py-backfill_synced_at:100] >> [migration] mysafetydetail_parking synced_at 백필: 6건, 미해결 0건
[2026-09-26 20:06:44,348][INFO|database.py-backfill_synced_at:100] >> [migration] mysafetydetail_other synced_at 백필: 6건, 미해결 0건
[2026-09-26 20:06:44,352][INFO|database.py-backfill_synced_at:105] >> [migration] synced_at 백필 완료: 총 24건 갱신, merge 재생성 시작
[2026-09-26 20:06:44,359][INFO|database.py-merge_final:736] >> 최종 데이터 병합 완료 (Traffic/Parking/Other 분리)
[2026-09-26 20:06:44,390][INFO|duplicate_group_service.py-_log_info:53] >> [duplicate] payload exact 중복군 1개, 멤버 2건 재생성
[2026-09-26 20:06:44,399][INFO|database.py-merge_final:736] >> 최종 데이터 병합 완료 (Traffic/Parking/Other 분리)
[2026-09-26 20:06:44,424][INFO|duplicate_group_service.py-_log_info:53] >> [duplicate] payload exact 중복군 1개, 멤버 2건 재생성
[2026-09-26 20:06:44,622][INFO|database.py-_normalize_processing_layers:188] >> [migration] raw/canonical 상태 정규화 완료: 총 5건 갱신
[2026-09-26 20:06:44,634][INFO|database.py-merge_final:736] >> 최종 데이터 병합 완료 (Traffic/Parking/Other 분리)
[2026-09-26 20:06:44,664][INFO|duplicate_group_service.py-_log_info:53] >> [duplicate] payload exact 중복군 1개, 멤버 2건 재생성
[2026-09-26 20:06:44,680][INFO|database.py-merge_final:736] >> 최종 데이터 병합 완료 (Traffic/Parking/Other 분리)
[2026-09-26 20:06:44,694][INFO|duplicate_group_service.py-_log_info:53] >> [duplicate] payload exact 중복군 0개, 멤버 0건 재생성
[2026-09-26 20:06:44,720][INFO|exchange.py-_restore_exclusive:413] >> mobile DB 복원 완료. 백업: /tmp/claude-1000/-home-better0101-projects-safetyreport/aa9d30e6-e7a5-4376-8fce-c9fb26682fbe/scratchpad/tmp.n9yNStgd1j/backups/data_before_restore_20260926_200644.db, 신고건수: 1
[2026-09-26 20:06:44,744][INFO|database.py-migrate_by_entry_value:254] >> [migrate] ID=m1 traffic → other (entry_value: 이전 값)
[2026-09-26 20:06:44,746][INFO|database.py-migrate_by_entry_value:261] >> [migrate] entry_value 기반 1건 재분류 완료. merge_final 재실행.
[2026-09-26 20:06:44,759][INFO|database.py-merge_final:736] >> 최종 데이터 병합 완료 (Traffic/Parking/Other 분리)
[2026-09-26 20:06:44,776][INFO|duplicate_group_service.py-_log_info:53] >> [duplicate] payload exact 중복군 0개, 멤버 0건 재생성
[2026-09-26 20:06:44,781][INFO|database.py-backfill_synced_at:100] >> [migration] mysafetydetail_other synced_at 백필: 1건, 미해결 0건
[2026-09-26 20:06:44,782][INFO|database.py-backfill_synced_at:105] >> [migration] synced_at 백필 완료: 총 1건 갱신, merge 재생성 시작
[2026-09-26 20:06:44,792][INFO|database.py-merge_final:736] >> 최종 데이터 병합 완료 (Traffic/Parking/Other 분리)
[2026-09-26 20:06:44,804][INFO|duplicate_group_service.py-_log_info:53] >> [duplicate] payload exact 중복군 0개, 멤버 0건 재생성
[2026-09-26 20:06:44,829][INFO|duplicate_group_service.py-_log_info:53] >> [duplicate] payload exact 중복군 0개, 멤버 0건 재생성
[2026-09-26 20:06:44,845][INFO|database.py-merge_final:736] >> 최종 데이터 병합 완료 (Traffic/Parking/Other 분리)
[2026-09-26 20:06:44,855][INFO|duplicate_group_service.py-_log_info:53] >> [duplicate] payload exact 중복군 0개, 멤버 0건 재생성
[2026-09-26 20:06:44,877][INFO|exchange.py-_restore_exclusive:413] >> mobile DB 복원 완료. 백업: /tmp/claude-1000/-home-better0101-projects-safetyreport/aa9d30e6-e7a5-4376-8fce-c9fb26682fbe/scratchpad/tmp.n9yNStgd1j/backups/data_before_restore_20260926_200644.db, 신고건수: 1
[2026-09-26 20:06:44,914][INFO|database.py-migrate_by_entry_value:254] >> [migrate] ID=m1 traffic → other (entry_value: 이전 값)
[2026-09-26 20:06:44,918][INFO|database.py-migrate_by_entry_value:261] >> [migrate] entry_value 기반 1건 재분류 완료. merge_final 재실행.
[2026-09-26 20:06:44,933][INFO|database.py-merge_final:736] >> 최종 데이터 병합 완료 (Traffic/Parking/Other 분리)
[2026-09-26 20:06:44,958][INFO|duplicate_group_service.py-_log_info:53] >> [duplicate] payload exact 중복군 0개, 멤버 0건 재생성
[2026-09-26 20:06:44,966][INFO|database.py-backfill_synced_at:100] >> [migration] mysafetydetail_other synced_at 백필: 1건, 미해결 0건
[2026-09-26 20:06:44,968][INFO|database.py-backfill_synced_at:105] >> [migration] synced_at 백필 완료: 총 1건 갱신, merge 재생성 시작
[2026-09-26 20:06:44,975][INFO|database.py-merge_final:736] >> 최종 데이터 병합 완료 (Traffic/Parking/Other 분리)
[2026-09-26 20:06:44,989][INFO|duplicate_group_service.py-_log_info:53] >> [duplicate] payload exact 중복군 0개, 멤버 0건 재생성
[2026-09-26 20:06:45,018][INFO|duplicate_group_service.py-_log_info:53] >> [duplicate] payload exact 중복군 0개, 멤버 0건 재생성
[2026-09-26 20:06:45,037][INFO|database.py-merge_final:736] >> 최종 데이터 병합 완료 (Traffic/Parking/Other 분리)
[2026-09-26 20:06:45,050][INFO|duplicate_group_service.py-_log_info:53] >> [duplicate] payload exact 중복군 0개, 멤버 0건 재생성
[2026-09-26 20:06:45,075][INFO|exchange.py-_restore_exclusive:413] >> mobile DB 복원 완료. 백업: /tmp/claude-1000/-home-better0101-projects-safetyreport/aa9d30e6-e7a5-4376-8fce-c9fb26682fbe/scratchpad/tmp.n9yNStgd1j/backups/data_before_restore_20260926_200645.db, 신고건수: 1
.[2026-09-26 20:06:45,090][INFO|database.py-upgrade_schema:285] >> 테이블 'admin_users' 생성 중...
[2026-09-26 20:06:45,095][INFO|database.py-upgrade_schema:285] >> 테이블 'api_keys' 생성 중...
[2026-09-26 20:06:45,097][INFO|database.py-upgrade_schema:285] >> 테이블 'mysafety' 생성 중...
[2026-09-26 20:06:45,101][INFO|database.py-upgrade_schema:285] >> 테이블 'mysafety_change_cursor' 생성 중...
[2026-09-26 20:06:45,104][INFO|database.py-upgrade_schema:285] >> 테이블 'mysafety_change_log' 생성 중...
[2026-09-26 20:06:45,114][INFO|database.py-upgrade_schema:285] >> 테이블 'mysafety_duplicate_decision' 생성 중...
[2026-09-26 20:06:45,116][INFO|database.py-upgrade_schema:285] >> 테이블 'mysafety_duplicate_group' 생성 중...
[2026-09-26 20:06:45,119][INFO|database.py-upgrade_schema:285] >> 테이블 'mysafety_duplicate_member' 생성 중...
[2026-09-26 20:06:45,121][INFO|database.py-upgrade_schema:285] >> 테이블 'mysafety_entry_value' 생성 중...
[2026-09-26 20:06:45,127][INFO|database.py-upgrade_schema:285] >> 테이블 'mysafety_geocode_cache' 생성 중...
[2026-09-26 20:06:45,129][INFO|database.py-upgrade_schema:285] >> 테이블 'mysafety_raw_content' 생성 중...
[2026-09-26 20:06:45,138][INFO|database.py-upgrade_schema:285] >> 테이블 'mysafety_report_override' 생성 중...
[2026-09-26 20:06:45,141][INFO|database.py-upgrade_schema:285] >> 테이블 'mysafety_sync_meta' 생성 중...
[2026-09-26 20:06:45,143][INFO|database.py-upgrade_schema:285] >> 테이블 'mysafety_watchlist' 생성 중...
[2026-09-26 20:06:45,145][INFO|database.py-upgrade_schema:285] >> 테이블 'mysafetydetail_other' 생성 중...
[2026-09-26 20:06:45,147][INFO|database.py-upgrade_schema:285] >> 테이블 'mysafetydetail_parking' 생성 중...
[2026-09-26 20:06:45,149][INFO|database.py-upgrade_schema:285] >> 테이블 'mysafetydetail_traffic' 생성 중...
[2026-09-26 20:06:45,151][INFO|database.py-upgrade_schema:285] >> 테이블 'mysafetymerge_other' 생성 중...
[2026-09-26 20:06:45,156][INFO|database.py-upgrade_schema:285] >> 테이블 'mysafetymerge_parking' 생성 중...
[2026-09-26 20:06:45,159][INFO|database.py-upgrade_schema:285] >> 테이블 'mysafetymerge_traffic' 생성 중...
[2026-09-26 20:06:45,168][INFO|database.py-_apply_versioned_migrations:452] >> [schema] DB 스키마 버전 1 적용
[2026-09-26 20:06:45,174][INFO|database.py-_apply_versioned_migrations:452] >> [schema] DB 스키마 버전 2 적용
[2026-09-26 20:06:45,176][INFO|database.py-_apply_versioned_migrations:452] >> [schema] DB 스키마 버전 3 적용
[2026-09-26 20:06:45,193][INFO|database.py-_apply_versioned_migrations:452] >> [schema] DB 스키마 버전 4 적용
[2026-09-26 20:06:45,208][INFO|duplicate_group_service.py-_log_info:53] >> [duplicate] payload exact 중복군 0개, 멤버 0건 재생성
[2026-09-26 20:06:45,237][INFO|database.py-backfill_synced_at:100] >> [migration] mysafetydetail_traffic synced_at 백필: 12건, 미해결 0건
[2026-09-26 20:06:45,241][INFO|database.py-backfill_synced_at:100] >> [migration] mysafetydetail_parking synced_at 백필: 6건, 미해결 0건
[2026-09-26 20:06:45,244][INFO|database.py-backfill_synced_at:100] >> [migration] mysafetydetail_other synced_at 백필: 6건, 미해결 0건
[2026-09-26 20:06:45,245][INFO|database.py-backfill_synced_at:105] >> [migration] synced_at 백필 완료: 총 24건 갱신, merge 재생성 시작
[2026-09-26 20:06:45,251][INFO|database.py-merge_final:736] >> 최종 데이터 병합 완료 (Traffic/Parking/Other 분리)
[2026-09-26 20:06:45,275][INFO|duplicate_group_service.py-_log_info:53] >> [duplicate] payload exact 중복군 1개, 멤버 2건 재생성
[2026-09-26 20:06:45,283][INFO|database.py-merge_final:736] >> 최종 데이터 병합 완료 (Traffic/Parking/Other 분리)
[2026-09-26 20:06:45,306][INFO|duplicate_group_service.py-_log_info:53] >> [duplicate] payload exact 중복군 1개, 멤버 2건 재생성
.[2026-09-26 20:06:45,570][INFO|database.py-upgrade_schema:285] >> 테이블 'admin_users' 생성 중...
[2026-09-26 20:06:45,573][INFO|database.py-upgrade_schema:285] >> 테이블 'api_keys' 생성 중...
[2026-09-26 20:06:45,575][INFO|database.py-upgrade_schema:285] >> 테이블 'mysafety' 생성 중...
[2026-09-26 20:06:45,579][INFO|database.py-upgrade_schema:285] >> 테이블 'mysafety_change_cursor' 생성 중...
[2026-09-26 20:06:45,581][INFO|database.py-upgrade_schema:285] >> 테이블 'mysafety_change_log' 생성 중...
[2026-09-26 20:06:45,582][INFO|database.py-upgrade_schema:285] >> 테이블 'mysafety_duplicate_decision' 생성 중...
[2026-09-26 20:06:45,583][INFO|database.py-upgrade_schema:285] >> 테이블 'mysafety_duplicate_group' 생성 중...
[2026-09-26 20:06:45,585][INFO|database.py-upgrade_schema:285] >> 테이블 'mysafety_duplicate_member' 생성 중...
[2026-09-26 20:06:45,586][INFO|database.py-upgrade_schema:285] >> 테이블 'mysafety_entry_value' 생성 중...
[2026-09-26 20:06:45,588][INFO|database.py-upgrade_schema:285] >> 테이블 'mysafety_geocode_cache' 생성 중...
[2026-09-26 20:06:45,589][INFO|database.py-upgrade_schema:285] >> 테이블 'mysafety_raw_content' 생성 중...
[2026-09-26 20:06:45,593][INFO|database.py-upgrade_schema:285] >> 테이블 'mysafety_report_override' 생성 중...
[2026-09-26 20:06:45,595][INFO|database.py-upgrade_schema:285] >> 테이블 'mysafety_sync_meta' 생성 중...
[2026-09-26 20:06:45,603][INFO|database.py-upgrade_schema:285] >> 테이블 'mysafety_watchlist' 생성 중...
[2026-09-26 20:06:45,604][INFO|database.py-upgrade_schema:285] >> 테이블 'mysafetydetail_other' 생성 중...
[2026-09-26 20:06:45,606][INFO|database.py-upgrade_schema:285] >> 테이블 'mysafetydetail_parking' 생성 중...
[2026-09-26 20:06:45,608][INFO|database.py-upgrade_schema:285] >> 테이블 'mysafetydetail_traffic' 생성 중...
[2026-09-26 20:06:45,610][INFO|database.py-upgrade_schema:285] >> 테이블 'mysafetymerge_other' 생성 중...
[2026-09-26 20:06:45,611][INFO|database.py-upgrade_schema:285] >> 테이블 'mysafetymerge_parking' 생성 중...
[2026-09-26 20:06:45,613][INFO|database.py-upgrade_schema:285] >> 테이블 'mysafetymerge_traffic' 생성 중...
[2026-09-26 20:06:45,617][INFO|database.py-_apply_versioned_migrations:452] >> [schema] DB 스키마 버전 1 적용
[2026-09-26 20:06:45,625][INFO|database.py-_apply_versioned_migrations:452] >> [schema] DB 스키마 버전 2 적용
[2026-09-26 20:06:45,627][INFO|database.py-_apply_versioned_migrations:452] >> [schema] DB 스키마 버전 3 적용
[2026-09-26 20:06:45,645][INFO|database.py-_apply_versioned_migrations:452] >> [schema] DB 스키마 버전 4 적용
[2026-09-26 20:06:45,661][INFO|duplicate_group_service.py-_log_info:53] >> [duplicate] payload exact 중복군 0개, 멤버 0건 재생성
[2026-09-26 20:06:45,704][INFO|database.py-backfill_synced_at:100] >> [migration] mysafetydetail_traffic synced_at 백필: 12건, 미해결 0건
[2026-09-26 20:06:45,707][INFO|database.py-backfill_synced_at:100] >> [migration] mysafetydetail_parking synced_at 백필: 6건, 미해결 0건
[2026-09-26 20:06:45,711][INFO|database.py-backfill_synced_at:100] >> [migration] mysafetydetail_other synced_at 백필: 6건, 미해결 0건
[2026-09-26 20:06:45,712][INFO|database.py-backfill_synced_at:105] >> [migration] synced_at 백필 완료: 총 24건 갱신, merge 재생성 시작
[2026-09-26 20:06:45,719][INFO|database.py-merge_final:736] >> 최종 데이터 병합 완료 (Traffic/Parking/Other 분리)
/home/better0101/projects/safetyreport/.venv/lib/python3.14/site-packages/pandas/core/internals/managers.py:2410: ResourceWarning: unclosed file <_io.FileIO name='/tmp/claude-1000/-home-better0101-projects-safetyreport/aa9d30e6-e7a5-4376-8fce-c9fb26682fbe/scratchpad/tmp.n9yNStgd1j/logs/current_crawl.log' mode='ab' closefd=True>
  block_type(x[1], placement=BlockPlacement(x[0]), ndim=2)
ResourceWarning: Enable tracemalloc to get the object allocation traceback
[2026-09-26 20:06:45,745][INFO|duplicate_group_service.py-_log_info:53] >> [duplicate] payload exact 중복군 1개, 멤버 2건 재생성
[2026-09-26 20:06:45,758][INFO|database.py-merge_final:736] >> 최종 데이터 병합 완료 (Traffic/Parking/Other 분리)
[2026-09-26 20:06:45,781][INFO|duplicate_group_service.py-_log_info:53] >> [duplicate] payload exact 중복군 1개, 멤버 2건 재생성
.[2026-09-26 20:06:45,922][INFO|database.py-upgrade_schema:285] >> 테이블 'admin_users' 생성 중...
[2026-09-26 20:06:45,925][INFO|database.py-upgrade_schema:285] >> 테이블 'api_keys' 생성 중...
[2026-09-26 20:06:45,926][INFO|database.py-upgrade_schema:285] >> 테이블 'mysafety' 생성 중...
[2026-09-26 20:06:45,928][INFO|database.py-upgrade_schema:285] >> 테이블 'mysafety_change_cursor' 생성 중...
[2026-09-26 20:06:45,931][INFO|database.py-upgrade_schema:285] >> 테이블 'mysafety_change_log' 생성 중...
[2026-09-26 20:06:45,933][INFO|database.py-upgrade_schema:285] >> 테이블 'mysafety_duplicate_decision' 생성 중...
[2026-09-26 20:06:45,934][INFO|database.py-upgrade_schema:285] >> 테이블 'mysafety_duplicate_group' 생성 중...
[2026-09-26 20:06:45,942][INFO|database.py-upgrade_schema:285] >> 테이블 'mysafety_duplicate_member' 생성 중...
[2026-09-26 20:06:45,944][INFO|database.py-upgrade_schema:285] >> 테이블 'mysafety_entry_value' 생성 중...
[2026-09-26 20:06:45,945][INFO|database.py-upgrade_schema:285] >> 테이블 'mysafety_geocode_cache' 생성 중...
[2026-09-26 20:06:45,947][INFO|database.py-upgrade_schema:285] >> 테이블 'mysafety_raw_content' 생성 중...
[2026-09-26 20:06:45,949][INFO|database.py-upgrade_schema:285] >> 테이블 'mysafety_report_override' 생성 중...
[2026-09-26 20:06:45,950][INFO|database.py-upgrade_schema:285] >> 테이블 'mysafety_sync_meta' 생성 중...
[2026-09-26 20:06:45,951][INFO|database.py-upgrade_schema:285] >> 테이블 'mysafety_watchlist' 생성 중...
[2026-09-26 20:06:45,953][INFO|database.py-upgrade_schema:285] >> 테이블 'mysafetydetail_other' 생성 중...
[2026-09-26 20:06:45,955][INFO|database.py-upgrade_schema:285] >> 테이블 'mysafetydetail_parking' 생성 중...
[2026-09-26 20:06:45,956][INFO|database.py-upgrade_schema:285] >> 테이블 'mysafetydetail_traffic' 생성 중...
[2026-09-26 20:06:45,958][INFO|database.py-upgrade_schema:285] >> 테이블 'mysafetymerge_other' 생성 중...
[2026-09-26 20:06:45,960][INFO|database.py-upgrade_schema:285] >> 테이블 'mysafetymerge_parking' 생성 중...
[2026-09-26 20:06:45,966][INFO|database.py-upgrade_schema:285] >> 테이블 'mysafetymerge_traffic' 생성 중...
[2026-09-26 20:06:45,973][INFO|database.py-_apply_versioned_migrations:452] >> [schema] DB 스키마 버전 1 적용
[2026-09-26 20:06:45,979][INFO|database.py-_apply_versioned_migrations:452] >> [schema] DB 스키마 버전 2 적용
[2026-09-26 20:06:45,981][INFO|database.py-_apply_versioned_migrations:452] >> [schema] DB 스키마 버전 3 적용
[2026-09-26 20:06:45,994][INFO|database.py-_apply_versioned_migrations:452] >> [schema] DB 스키마 버전 4 적용
[2026-09-26 20:06:46,010][INFO|duplicate_group_service.py-_log_info:53] >> [duplicate] payload exact 중복군 0개, 멤버 0건 재생성
[2026-09-26 20:06:46,046][INFO|database.py-backfill_synced_at:100] >> [migration] mysafetydetail_traffic synced_at 백필: 12건, 미해결 0건
[2026-09-26 20:06:46,049][INFO|database.py-backfill_synced_at:100] >> [migration] mysafetydetail_parking synced_at 백필: 6건, 미해결 0건
[2026-09-26 20:06:46,052][INFO|database.py-backfill_synced_at:100] >> [migration] mysafetydetail_other synced_at 백필: 6건, 미해결 0건
[2026-09-26 20:06:46,054][INFO|database.py-backfill_synced_at:105] >> [migration] synced_at 백필 완료: 총 24건 갱신, merge 재생성 시작
[2026-09-26 20:06:46,060][INFO|database.py-merge_final:736] >> 최종 데이터 병합 완료 (Traffic/Parking/Other 분리)
[2026-09-26 20:06:46,085][INFO|duplicate_group_service.py-_log_info:53] >> [duplicate] payload exact 중복군 1개, 멤버 2건 재생성
[2026-09-26 20:06:46,092][INFO|database.py-merge_final:736] >> 최종 데이터 병합 완료 (Traffic/Parking/Other 분리)
[2026-09-26 20:06:46,115][INFO|duplicate_group_service.py-_log_info:53] >> [duplicate] payload exact 중복군 1개, 멤버 2건 재생성
.[2026-09-26 20:06:46,296][INFO|database.py-upgrade_schema:285] >> 테이블 'admin_users' 생성 중...
[2026-09-26 20:06:46,302][INFO|database.py-upgrade_schema:285] >> 테이블 'api_keys' 생성 중...
[2026-09-26 20:06:46,304][INFO|database.py-upgrade_schema:285] >> 테이블 'mysafety' 생성 중...
[2026-09-26 20:06:46,306][INFO|database.py-upgrade_schema:285] >> 테이블 'mysafety_change_cursor' 생성 중...
[2026-09-26 20:06:46,307][INFO|database.py-upgrade_schema:285] >> 테이블 'mysafety_change_log' 생성 중...
[2026-09-26 20:06:46,309][INFO|database.py-upgrade_schema:285] >> 테이블 'mysafety_duplicate_decision' 생성 중...
[2026-09-26 20:06:46,311][INFO|database.py-upgrade_schema:285] >> 테이블 'mysafety_duplicate_group' 생성 중...
[2026-09-26 20:06:46,314][INFO|database.py-upgrade_schema:285] >> 테이블 'mysafety_duplicate_member' 생성 중...
[2026-09-26 20:06:46,317][INFO|database.py-upgrade_schema:285] >> 테이블 'mysafety_entry_value' 생성 중...
[2026-09-26 20:06:46,319][INFO|database.py-upgrade_schema:285] >> 테이블 'mysafety_geocode_cache' 생성 중...
[2026-09-26 20:06:46,328][INFO|database.py-upgrade_schema:285] >> 테이블 'mysafety_raw_content' 생성 중...
[2026-09-26 20:06:46,330][INFO|database.py-upgrade_schema:285] >> 테이블 'mysafety_report_override' 생성 중...
[2026-09-26 20:06:46,331][INFO|database.py-upgrade_schema:285] >> 테이블 'mysafety_sync_meta' 생성 중...
[2026-09-26 20:06:46,332][INFO|database.py-upgrade_schema:285] >> 테이블 'mysafety_watchlist' 생성 중...
[2026-09-26 20:06:46,334][INFO|database.py-upgrade_schema:285] >> 테이블 'mysafetydetail_other' 생성 중...
[2026-09-26 20:06:46,339][INFO|database.py-upgrade_schema:285] >> 테이블 'mysafetydetail_parking' 생성 중...
[2026-09-26 20:06:46,341][INFO|database.py-upgrade_schema:285] >> 테이블 'mysafetydetail_traffic' 생성 중...
[2026-09-26 20:06:46,346][INFO|database.py-upgrade_schema:285] >> 테이블 'mysafetymerge_other' 생성 중...
[2026-09-26 20:06:46,349][INFO|database.py-upgrade_schema:285] >> 테이블 'mysafetymerge_parking' 생성 중...
[2026-09-26 20:06:46,351][INFO|database.py-upgrade_schema:285] >> 테이블 'mysafetymerge_traffic' 생성 중...
[2026-09-26 20:06:46,354][INFO|database.py-_apply_versioned_migrations:452] >> [schema] DB 스키마 버전 1 적용
[2026-09-26 20:06:46,358][INFO|database.py-_apply_versioned_migrations:452] >> [schema] DB 스키마 버전 2 적용
[2026-09-26 20:06:46,360][INFO|database.py-_apply_versioned_migrations:452] >> [schema] DB 스키마 버전 3 적용
[2026-09-26 20:06:46,379][INFO|database.py-_apply_versioned_migrations:452] >> [schema] DB 스키마 버전 4 적용
[2026-09-26 20:06:46,393][INFO|duplicate_group_service.py-_log_info:53] >> [duplicate] payload exact 중복군 0개, 멤버 0건 재생성
[2026-09-26 20:06:46,426][INFO|database.py-backfill_synced_at:100] >> [migration] mysafetydetail_traffic synced_at 백필: 12건, 미해결 0건
[2026-09-26 20:06:46,429][INFO|database.py-backfill_synced_at:100] >> [migration] mysafetydetail_parking synced_at 백필: 6건, 미해결 0건
[2026-09-26 20:06:46,433][INFO|database.py-backfill_synced_at:100] >> [migration] mysafetydetail_other synced_at 백필: 6건, 미해결 0건
[2026-09-26 20:06:46,434][INFO|database.py-backfill_synced_at:105] >> [migration] synced_at 백필 완료: 총 24건 갱신, merge 재생성 시작
[2026-09-26 20:06:46,440][INFO|database.py-merge_final:736] >> 최종 데이터 병합 완료 (Traffic/Parking/Other 분리)
[2026-09-26 20:06:46,465][INFO|duplicate_group_service.py-_log_info:53] >> [duplicate] payload exact 중복군 1개, 멤버 2건 재생성
[2026-09-26 20:06:46,475][INFO|database.py-merge_final:736] >> 최종 데이터 병합 완료 (Traffic/Parking/Other 분리)
[2026-09-26 20:06:46,502][INFO|duplicate_group_service.py-_log_info:53] >> [duplicate] payload exact 중복군 1개, 멤버 2건 재생성
[2026-09-26 20:06:46,713][INFO|database.py-_normalize_processing_layers:188] >> [migration] raw/canonical 상태 정규화 완료: 총 5건 갱신
[2026-09-26 20:06:46,725][INFO|database.py-merge_final:736] >> 최종 데이터 병합 완료 (Traffic/Parking/Other 분리)
[2026-09-26 20:06:46,754][INFO|duplicate_group_service.py-_log_info:53] >> [duplicate] payload exact 중복군 1개, 멤버 2건 재생성
[2026-09-26 20:06:46,775][INFO|database.py-merge_final:736] >> 최종 데이터 병합 완료 (Traffic/Parking/Other 분리)
[2026-09-26 20:06:46,791][INFO|duplicate_group_service.py-_log_info:53] >> [duplicate] payload exact 중복군 1개, 멤버 2건 재생성
[2026-09-26 20:06:46,808][INFO|exchange.py-_restore_exclusive:413] >> mobile DB 복원 완료. 백업: /tmp/claude-1000/-home-better0101-projects-safetyreport/aa9d30e6-e7a5-4376-8fce-c9fb26682fbe/scratchpad/tmp.n9yNStgd1j/backups/data_before_restore_20260926_200646.db, 신고건수: 2
.[2026-09-26 20:06:46,814][INFO|database.py-upgrade_schema:285] >> 테이블 'admin_users' 생성 중...
[2026-09-26 20:06:46,820][INFO|database.py-upgrade_schema:285] >> 테이블 'api_keys' 생성 중...
[2026-09-26 20:06:46,828][INFO|database.py-upgrade_schema:285] >> 테이블 'mysafety' 생성 중...
[2026-09-26 20:06:46,829][INFO|database.py-upgrade_schema:285] >> 테이블 'mysafety_change_cursor' 생성 중...
[2026-09-26 20:06:46,831][INFO|database.py-upgrade_schema:285] >> 테이블 'mysafety_change_log' 생성 중...
[2026-09-26 20:06:46,832][INFO|database.py-upgrade_schema:285] >> 테이블 'mysafety_duplicate_decision' 생성 중...
[2026-09-26 20:06:46,834][INFO|database.py-upgrade_schema:285] >> 테이블 'mysafety_duplicate_group' 생성 중...
[2026-09-26 20:06:46,835][INFO|database.py-upgrade_schema:285] >> 테이블 'mysafety_duplicate_member' 생성 중...
[2026-09-26 20:06:46,837][INFO|database.py-upgrade_schema:285] >> 테이블 'mysafety_entry_value' 생성 중...
[2026-09-26 20:06:46,838][INFO|database.py-upgrade_schema:285] >> 테이블 'mysafety_geocode_cache' 생성 중...
[2026-09-26 20:06:46,839][INFO|database.py-upgrade_schema:285] >> 테이블 'mysafety_raw_content' 생성 중...
[2026-09-26 20:06:46,841][INFO|database.py-upgrade_schema:285] >> 테이블 'mysafety_report_override' 생성 중...
[2026-09-26 20:06:46,842][INFO|database.py-upgrade_schema:285] >> 테이블 'mysafety_sync_meta' 생성 중...
[2026-09-26 20:06:46,843][INFO|database.py-upgrade_schema:285] >> 테이블 'mysafety_watchlist' 생성 중...
[2026-09-26 20:06:46,845][INFO|database.py-upgrade_schema:285] >> 테이블 'mysafetydetail_other' 생성 중...
[2026-09-26 20:06:46,846][INFO|database.py-upgrade_schema:285] >> 테이블 'mysafetydetail_parking' 생성 중...
[2026-09-26 20:06:46,851][INFO|database.py-upgrade_schema:285] >> 테이블 'mysafetydetail_traffic' 생성 중...
[2026-09-26 20:06:46,853][INFO|database.py-upgrade_schema:285] >> 테이블 'mysafetymerge_other' 생성 중...
[2026-09-26 20:06:46,855][INFO|database.py-upgrade_schema:285] >> 테이블 'mysafetymerge_parking' 생성 중...
[2026-09-26 20:06:46,859][INFO|database.py-upgrade_schema:285] >> 테이블 'mysafetymerge_traffic' 생성 중...
[2026-09-26 20:06:46,863][INFO|database.py-_apply_versioned_migrations:452] >> [schema] DB 스키마 버전 1 적용
[2026-09-26 20:06:46,868][INFO|database.py-_apply_versioned_migrations:452] >> [schema] DB 스키마 버전 2 적용
[2026-09-26 20:06:46,870][INFO|database.py-_apply_versioned_migrations:452] >> [schema] DB 스키마 버전 3 적용
[2026-09-26 20:06:46,886][INFO|database.py-_apply_versioned_migrations:452] >> [schema] DB 스키마 버전 4 적용
[2026-09-26 20:06:46,901][INFO|duplicate_group_service.py-_log_info:53] >> [duplicate] payload exact 중복군 0개, 멤버 0건 재생성
[2026-09-26 20:06:46,929][INFO|database.py-backfill_synced_at:100] >> [migration] mysafetydetail_traffic synced_at 백필: 12건, 미해결 0건
[2026-09-26 20:06:46,932][INFO|database.py-backfill_synced_at:100] >> [migration] mysafetydetail_parking synced_at 백필: 6건, 미해결 0건
[2026-09-26 20:06:46,935][INFO|database.py-backfill_synced_at:100] >> [migration] mysafetydetail_other synced_at 백필: 6건, 미해결 0건
[2026-09-26 20:06:46,937][INFO|database.py-backfill_synced_at:105] >> [migration] synced_at 백필 완료: 총 24건 갱신, merge 재생성 시작
[2026-09-26 20:06:46,942][INFO|database.py-merge_final:736] >> 최종 데이터 병합 완료 (Traffic/Parking/Other 분리)
[2026-09-26 20:06:46,965][INFO|duplicate_group_service.py-_log_info:53] >> [duplicate] payload exact 중복군 1개, 멤버 2건 재생성
[2026-09-26 20:06:46,976][INFO|database.py-merge_final:736] >> 최종 데이터 병합 완료 (Traffic/Parking/Other 분리)
[2026-09-26 20:06:46,998][INFO|duplicate_group_service.py-_log_info:53] >> [duplicate] payload exact 중복군 1개, 멤버 2건 재생성
[2026-09-26 20:06:47,192][INFO|database.py-_normalize_processing_layers:188] >> [migration] raw/canonical 상태 정규화 완료: 총 5건 갱신
[2026-09-26 20:06:47,209][INFO|database.py-merge_final:736] >> 최종 데이터 병합 완료 (Traffic/Parking/Other 분리)
[2026-09-26 20:06:47,238][INFO|duplicate_group_service.py-_log_info:53] >> [duplicate] payload exact 중복군 1개, 멤버 2건 재생성
[2026-09-26 20:06:47,260][INFO|database.py-merge_final:736] >> 최종 데이터 병합 완료 (Traffic/Parking/Other 분리)
[2026-09-26 20:06:47,273][INFO|duplicate_group_service.py-_log_info:53] >> [duplicate] payload exact 중복군 0개, 멤버 0건 재생성
[2026-09-26 20:06:47,303][INFO|exchange.py-_restore_exclusive:413] >> mobile DB 복원 완료. 백업: /tmp/claude-1000/-home-better0101-projects-safetyreport/aa9d30e6-e7a5-4376-8fce-c9fb26682fbe/scratchpad/tmp.n9yNStgd1j/backups/data_before_restore_20260926_200647.db, 신고건수: 1
.[2026-09-26 20:06:47,312][INFO|database.py-upgrade_schema:285] >> 테이블 'admin_users' 생성 중...
[2026-09-26 20:06:47,315][INFO|database.py-upgrade_schema:285] >> 테이블 'api_keys' 생성 중...
[2026-09-26 20:06:47,316][INFO|database.py-upgrade_schema:285] >> 테이블 'mysafety' 생성 중...
[2026-09-26 20:06:47,318][INFO|database.py-upgrade_schema:285] >> 테이블 'mysafety_change_cursor' 생성 중...
[2026-09-26 20:06:47,320][INFO|database.py-upgrade_schema:285] >> 테이블 'mysafety_change_log' 생성 중...
[2026-09-26 20:06:47,322][INFO|database.py-upgrade_schema:285] >> 테이블 'mysafety_duplicate_decision' 생성 중...
[2026-09-26 20:06:47,328][INFO|database.py-upgrade_schema:285] >> 테이블 'mysafety_duplicate_group' 생성 중...
[2026-09-26 20:06:47,330][INFO|database.py-upgrade_schema:285] >> 테이블 'mysafety_duplicate_member' 생성 중...
[2026-09-26 20:06:47,336][INFO|database.py-upgrade_schema:285] >> 테이블 'mysafety_entry_value' 생성 중...
[2026-09-26 20:06:47,339][INFO|database.py-upgrade_schema:285] >> 테이블 'mysafety_geocode_cache' 생성 중...
[2026-09-26 20:06:47,341][INFO|database.py-upgrade_schema:285] >> 테이블 'mysafety_raw_content' 생성 중...
[2026-09-26 20:06:47,343][INFO|database.py-upgrade_schema:285] >> 테이블 'mysafety_report_override' 생성 중...
[2026-09-26 20:06:47,345][INFO|database.py-upgrade_schema:285] >> 테이블 'mysafety_sync_meta' 생성 중...
[2026-09-26 20:06:47,347][INFO|database.py-upgrade_schema:285] >> 테이블 'mysafety_watchlist' 생성 중...
[2026-09-26 20:06:47,348][INFO|database.py-upgrade_schema:285] >> 테이블 'mysafetydetail_other' 생성 중...
[2026-09-26 20:06:47,350][INFO|database.py-upgrade_schema:285] >> 테이블 'mysafetydetail_parking' 생성 중...
[2026-09-26 20:06:47,351][INFO|database.py-upgrade_schema:285] >> 테이블 'mysafetydetail_traffic' 생성 중...
[2026-09-26 20:06:47,353][INFO|database.py-upgrade_schema:285] >> 테이블 'mysafetymerge_other' 생성 중...
[2026-09-26 20:06:47,355][INFO|database.py-upgrade_schema:285] >> 테이블 'mysafetymerge_parking' 생성 중...
[2026-09-26 20:06:47,357][INFO|database.py-upgrade_schema:285] >> 테이블 'mysafetymerge_traffic' 생성 중...
[2026-09-26 20:06:47,361][INFO|database.py-_apply_versioned_migrations:452] >> [schema] DB 스키마 버전 1 적용
[2026-09-26 20:06:47,368][INFO|database.py-_apply_versioned_migrations:452] >> [schema] DB 스키마 버전 2 적용
[2026-09-26 20:06:47,371][INFO|database.py-_apply_versioned_migrations:452] >> [schema] DB 스키마 버전 3 적용
[2026-09-26 20:06:47,389][INFO|database.py-_apply_versioned_migrations:452] >> [schema] DB 스키마 버전 4 적용
[2026-09-26 20:06:47,405][INFO|duplicate_group_service.py-_log_info:53] >> [duplicate] payload exact 중복군 0개, 멤버 0건 재생성
[2026-09-26 20:06:47,439][INFO|database.py-backfill_synced_at:100] >> [migration] mysafetydetail_traffic synced_at 백필: 12건, 미해결 0건
[2026-09-26 20:06:47,443][INFO|database.py-backfill_synced_at:100] >> [migration] mysafetydetail_parking synced_at 백필: 6건, 미해결 0건
[2026-09-26 20:06:47,445][INFO|database.py-backfill_synced_at:100] >> [migration] mysafetydetail_other synced_at 백필: 6건, 미해결 0건
[2026-09-26 20:06:47,447][INFO|database.py-backfill_synced_at:105] >> [migration] synced_at 백필 완료: 총 24건 갱신, merge 재생성 시작
[2026-09-26 20:06:47,453][INFO|database.py-merge_final:736] >> 최종 데이터 병합 완료 (Traffic/Parking/Other 분리)
[2026-09-26 20:06:47,477][INFO|duplicate_group_service.py-_log_info:53] >> [duplicate] payload exact 중복군 1개, 멤버 2건 재생성
[2026-09-26 20:06:47,491][INFO|database.py-merge_final:736] >> 최종 데이터 병합 완료 (Traffic/Parking/Other 분리)
[2026-09-26 20:06:47,520][INFO|duplicate_group_service.py-_log_info:53] >> [duplicate] payload exact 중복군 1개, 멤버 2건 재생성
.[2026-09-26 20:06:47,682][INFO|database.py-upgrade_schema:285] >> 테이블 'admin_users' 생성 중...
[2026-09-26 20:06:47,685][INFO|database.py-upgrade_schema:285] >> 테이블 'api_keys' 생성 중...
[2026-09-26 20:06:47,687][INFO|database.py-upgrade_schema:285] >> 테이블 'mysafety' 생성 중...
[2026-09-26 20:06:47,692][INFO|database.py-upgrade_schema:285] >> 테이블 'mysafety_change_cursor' 생성 중...
[2026-09-26 20:06:47,700][INFO|database.py-upgrade_schema:285] >> 테이블 'mysafety_change_log' 생성 중...
[2026-09-26 20:06:47,703][INFO|database.py-upgrade_schema:285] >> 테이블 'mysafety_duplicate_decision' 생성 중...
[2026-09-26 20:06:47,705][INFO|database.py-upgrade_schema:285] >> 테이블 'mysafety_duplicate_group' 생성 중...
[2026-09-26 20:06:47,707][INFO|database.py-upgrade_schema:285] >> 테이블 'mysafety_duplicate_member' 생성 중...
[2026-09-26 20:06:47,708][INFO|database.py-upgrade_schema:285] >> 테이블 'mysafety_entry_value' 생성 중...
[2026-09-26 20:06:47,710][INFO|database.py-upgrade_schema:285] >> 테이블 'mysafety_geocode_cache' 생성 중...
[2026-09-26 20:06:47,712][INFO|database.py-upgrade_schema:285] >> 테이블 'mysafety_raw_content' 생성 중...
[2026-09-26 20:06:47,714][INFO|database.py-upgrade_schema:285] >> 테이블 'mysafety_report_override' 생성 중...
[2026-09-26 20:06:47,715][INFO|database.py-upgrade_schema:285] >> 테이블 'mysafety_sync_meta' 생성 중...
[2026-09-26 20:06:47,717][INFO|database.py-upgrade_schema:285] >> 테이블 'mysafety_watchlist' 생성 중...
[2026-09-26 20:06:47,718][INFO|database.py-upgrade_schema:285] >> 테이블 'mysafetydetail_other' 생성 중...
[2026-09-26 20:06:47,720][INFO|database.py-upgrade_schema:285] >> 테이블 'mysafetydetail_parking' 생성 중...
[2026-09-26 20:06:47,721][INFO|database.py-upgrade_schema:285] >> 테이블 'mysafetydetail_traffic' 생성 중...
[2026-09-26 20:06:47,723][INFO|database.py-upgrade_schema:285] >> 테이블 'mysafetymerge_other' 생성 중...
[2026-09-26 20:06:47,728][INFO|database.py-upgrade_schema:285] >> 테이블 'mysafetymerge_parking' 생성 중...
[2026-09-26 20:06:47,730][INFO|database.py-upgrade_schema:285] >> 테이블 'mysafetymerge_traffic' 생성 중...
[2026-09-26 20:06:47,736][INFO|database.py-_apply_versioned_migrations:452] >> [schema] DB 스키마 버전 1 적용
[2026-09-26 20:06:47,744][INFO|database.py-_apply_versioned_migrations:452] >> [schema] DB 스키마 버전 2 적용
[2026-09-26 20:06:47,746][INFO|database.py-_apply_versioned_migrations:452] >> [schema] DB 스키마 버전 3 적용
[2026-09-26 20:06:47,758][INFO|database.py-_apply_versioned_migrations:452] >> [schema] DB 스키마 버전 4 적용
[2026-09-26 20:06:47,772][INFO|duplicate_group_service.py-_log_info:53] >> [duplicate] payload exact 중복군 0개, 멤버 0건 재생성
[2026-09-26 20:06:47,807][INFO|database.py-backfill_synced_at:100] >> [migration] mysafetydetail_traffic synced_at 백필: 12건, 미해결 0건
[2026-09-26 20:06:47,811][INFO|database.py-backfill_synced_at:100] >> [migration] mysafetydetail_parking synced_at 백필: 6건, 미해결 0건
[2026-09-26 20:06:47,814][INFO|database.py-backfill_synced_at:100] >> [migration] mysafetydetail_other synced_at 백필: 6건, 미해결 0건
[2026-09-26 20:06:47,815][INFO|database.py-backfill_synced_at:105] >> [migration] synced_at 백필 완료: 총 24건 갱신, merge 재생성 시작
[2026-09-26 20:06:47,824][INFO|database.py-merge_final:736] >> 최종 데이터 병합 완료 (Traffic/Parking/Other 분리)
[2026-09-26 20:06:47,850][INFO|duplicate_group_service.py-_log_info:53] >> [duplicate] payload exact 중복군 1개, 멤버 2건 재생성
[2026-09-26 20:06:47,861][INFO|database.py-merge_final:736] >> 최종 데이터 병합 완료 (Traffic/Parking/Other 분리)
[2026-09-26 20:06:47,883][INFO|duplicate_group_service.py-_log_info:53] >> [duplicate] payload exact 중복군 1개, 멤버 2건 재생성
[2026-09-26 20:06:48,019][WARNING|crawl_manager.py-_read_queue_report:210] >> [crawl] 대기 큐에서 목록 전체에 없는 신고번호 제외: ['SPP-GONE']
[2026-09-26 20:06:48,019][ERROR|crawl_manager.py-_read_queue_report:212] >> [crawl] 여러 신고에 걸리는 번호라 대기 큐에서 제외 — 정확한 신고번호로 다시 요청하세요: ['SPP-AMB']
[2026-09-26 20:06:48,020][WARNING|crawl_queue_report.py-record_unresolved:85] >> [crawl] 처리하지 못한 번호 기록을 저장하지 못함
.[2026-09-26 20:06:48,034][INFO|database.py-upgrade_schema:285] >> 테이블 'admin_users' 생성 중...
[2026-09-26 20:06:48,039][INFO|database.py-upgrade_schema:285] >> 테이블 'api_keys' 생성 중...
[2026-09-26 20:06:48,041][INFO|database.py-upgrade_schema:285] >> 테이블 'mysafety' 생성 중...
[2026-09-26 20:06:48,043][INFO|database.py-upgrade_schema:285] >> 테이블 'mysafety_change_cursor' 생성 중...
[2026-09-26 20:06:48,044][INFO|database.py-upgrade_schema:285] >> 테이블 'mysafety_change_log' 생성 중...
[2026-09-26 20:06:48,046][INFO|database.py-upgrade_schema:285] >> 테이블 'mysafety_duplicate_decision' 생성 중...
[2026-09-26 20:06:48,047][INFO|database.py-upgrade_schema:285] >> 테이블 'mysafety_duplicate_group' 생성 중...
[2026-09-26 20:06:48,048][INFO|database.py-upgrade_schema:285] >> 테이블 'mysafety_duplicate_member' 생성 중...
[2026-09-26 20:06:48,052][INFO|database.py-upgrade_schema:285] >> 테이블 'mysafety_entry_value' 생성 중...
[2026-09-26 20:06:48,054][INFO|database.py-upgrade_schema:285] >> 테이블 'mysafety_geocode_cache' 생성 중...
[2026-09-26 20:06:48,056][INFO|database.py-upgrade_schema:285] >> 테이블 'mysafety_raw_content' 생성 중...
[2026-09-26 20:06:48,058][INFO|database.py-upgrade_schema:285] >> 테이블 'mysafety_report_override' 생성 중...
[2026-09-26 20:06:48,059][INFO|database.py-upgrade_schema:285] >> 테이블 'mysafety_sync_meta' 생성 중...
[2026-09-26 20:06:48,060][INFO|database.py-upgrade_schema:285] >> 테이블 'mysafety_watchlist' 생성 중...
[2026-09-26 20:06:48,062][INFO|database.py-upgrade_schema:285] >> 테이블 'mysafetydetail_other' 생성 중...
[2026-09-26 20:06:48,069][INFO|database.py-upgrade_schema:285] >> 테이블 'mysafetydetail_parking' 생성 중...
[2026-09-26 20:06:48,071][INFO|database.py-upgrade_schema:285] >> 테이블 'mysafetydetail_traffic' 생성 중...
[2026-09-26 20:06:48,075][INFO|database.py-upgrade_schema:285] >> 테이블 'mysafetymerge_other' 생성 중...
[2026-09-26 20:06:48,078][INFO|database.py-upgrade_schema:285] >> 테이블 'mysafetymerge_parking' 생성 중...
[2026-09-26 20:06:48,081][INFO|database.py-upgrade_schema:285] >> 테이블 'mysafetymerge_traffic' 생성 중...
[2026-09-26 20:06:48,085][INFO|database.py-_apply_versioned_migrations:452] >> [schema] DB 스키마 버전 1 적용
[2026-09-26 20:06:48,091][INFO|database.py-_apply_versioned_migrations:452] >> [schema] DB 스키마 버전 2 적용
[2026-09-26 20:06:48,100][INFO|database.py-_apply_versioned_migrations:452] >> [schema] DB 스키마 버전 3 적용
[2026-09-26 20:06:48,112][INFO|database.py-_apply_versioned_migrations:452] >> [schema] DB 스키마 버전 4 적용
[2026-09-26 20:06:48,128][INFO|duplicate_group_service.py-_log_info:53] >> [duplicate] payload exact 중복군 0개, 멤버 0건 재생성
[2026-09-26 20:06:48,165][INFO|database.py-backfill_synced_at:100] >> [migration] mysafetydetail_traffic synced_at 백필: 12건, 미해결 0건
[2026-09-26 20:06:48,169][INFO|database.py-backfill_synced_at:100] >> [migration] mysafetydetail_parking synced_at 백필: 6건, 미해결 0건
[2026-09-26 20:06:48,173][INFO|database.py-backfill_synced_at:100] >> [migration] mysafetydetail_other synced_at 백필: 6건, 미해결 0건
[2026-09-26 20:06:48,174][INFO|database.py-backfill_synced_at:105] >> [migration] synced_at 백필 완료: 총 24건 갱신, merge 재생성 시작
[2026-09-26 20:06:48,181][INFO|database.py-merge_final:736] >> 최종 데이터 병합 완료 (Traffic/Parking/Other 분리)
[2026-09-26 20:06:48,209][INFO|duplicate_group_service.py-_log_info:53] >> [duplicate] payload exact 중복군 1개, 멤버 2건 재생성
[2026-09-26 20:06:48,219][INFO|database.py-merge_final:736] >> 최종 데이터 병합 완료 (Traffic/Parking/Other 분리)
[2026-09-26 20:06:48,244][INFO|duplicate_group_service.py-_log_info:53] >> [duplicate] payload exact 중복군 1개, 멤버 2건 재생성
[2026-09-26 20:06:48,453][INFO|database.py-_normalize_processing_layers:188] >> [migration] raw/canonical 상태 정규화 완료: 총 5건 갱신
[2026-09-26 20:06:48,466][INFO|database.py-merge_final:736] >> 최종 데이터 병합 완료 (Traffic/Parking/Other 분리)
[2026-09-26 20:06:48,494][INFO|duplicate_group_service.py-_log_info:53] >> [duplicate] payload exact 중복군 1개, 멤버 2건 재생성
[2026-09-26 20:06:48,509][INFO|database.py-merge_final:736] >> 최종 데이터 병합 완료 (Traffic/Parking/Other 분리)
[2026-09-26 20:06:48,524][INFO|duplicate_group_service.py-_log_info:53] >> [duplicate] payload exact 중복군 0개, 멤버 0건 재생성
[2026-09-26 20:06:48,543][INFO|exchange.py-_restore_exclusive:413] >> mobile DB 복원 완료. 백업: /tmp/claude-1000/-home-better0101-projects-safetyreport/aa9d30e6-e7a5-4376-8fce-c9fb26682fbe/scratchpad/tmp.n9yNStgd1j/backups/data_before_restore_20260926_200648.db, 신고건수: 1
.[2026-09-26 20:06:48,551][INFO|database.py-upgrade_schema:285] >> 테이블 'admin_users' 생성 중...
[2026-09-26 20:06:48,559][INFO|database.py-upgrade_schema:285] >> 테이블 'api_keys' 생성 중...
[2026-09-26 20:06:48,561][INFO|database.py-upgrade_schema:285] >> 테이블 'mysafety' 생성 중...
[2026-09-26 20:06:48,563][INFO|database.py-upgrade_schema:285] >> 테이블 'mysafety_change_cursor' 생성 중...
[2026-09-26 20:06:48,564][INFO|database.py-upgrade_schema:285] >> 테이블 'mysafety_change_log' 생성 중...
[2026-09-26 20:06:48,566][INFO|database.py-upgrade_schema:285] >> 테이블 'mysafety_duplicate_decision' 생성 중...
[2026-09-26 20:06:48,567][INFO|database.py-upgrade_schema:285] >> 테이블 'mysafety_duplicate_group' 생성 중...
[2026-09-26 20:06:48,569][INFO|database.py-upgrade_schema:285] >> 테이블 'mysafety_duplicate_member' 생성 중...
[2026-09-26 20:06:48,570][INFO|database.py-upgrade_schema:285] >> 테이블 'mysafety_entry_value' 생성 중...
[2026-09-26 20:06:48,571][INFO|database.py-upgrade_schema:285] >> 테이블 'mysafety_geocode_cache' 생성 중...
[2026-09-26 20:06:48,573][INFO|database.py-upgrade_schema:285] >> 테이블 'mysafety_raw_content' 생성 중...
[2026-09-26 20:06:48,575][INFO|database.py-upgrade_schema:285] >> 테이블 'mysafety_report_override' 생성 중...
[2026-09-26 20:06:48,577][INFO|database.py-upgrade_schema:285] >> 테이블 'mysafety_sync_meta' 생성 중...
[2026-09-26 20:06:48,578][INFO|database.py-upgrade_schema:285] >> 테이블 'mysafety_watchlist' 생성 중...
[2026-09-26 20:06:48,583][INFO|database.py-upgrade_schema:285] >> 테이블 'mysafetydetail_other' 생성 중...
[2026-09-26 20:06:48,585][INFO|database.py-upgrade_schema:285] >> 테이블 'mysafetydetail_parking' 생성 중...
[2026-09-26 20:06:48,588][INFO|database.py-upgrade_schema:285] >> 테이블 'mysafetydetail_traffic' 생성 중...
[2026-09-26 20:06:48,592][INFO|database.py-upgrade_schema:285] >> 테이블 'mysafetymerge_other' 생성 중...
[2026-09-26 20:06:48,594][INFO|database.py-upgrade_schema:285] >> 테이블 'mysafetymerge_parking' 생성 중...
[2026-09-26 20:06:48,596][INFO|database.py-upgrade_schema:285] >> 테이블 'mysafetymerge_traffic' 생성 중...
[2026-09-26 20:06:48,599][INFO|database.py-_apply_versioned_migrations:452] >> [schema] DB 스키마 버전 1 적용
[2026-09-26 20:06:48,604][INFO|database.py-_apply_versioned_migrations:452] >> [schema] DB 스키마 버전 2 적용
[2026-09-26 20:06:48,606][INFO|database.py-_apply_versioned_migrations:452] >> [schema] DB 스키마 버전 3 적용
[2026-09-26 20:06:48,625][INFO|database.py-_apply_versioned_migrations:452] >> [schema] DB 스키마 버전 4 적용
[2026-09-26 20:06:48,640][INFO|duplicate_group_service.py-_log_info:53] >> [duplicate] payload exact 중복군 0개, 멤버 0건 재생성
[2026-09-26 20:06:48,668][INFO|database.py-backfill_synced_at:100] >> [migration] mysafetydetail_traffic synced_at 백필: 12건, 미해결 0건
[2026-09-26 20:06:48,671][INFO|database.py-backfill_synced_at:100] >> [migration] mysafetydetail_parking synced_at 백필: 6건, 미해결 0건
[2026-09-26 20:06:48,674][INFO|database.py-backfill_synced_at:100] >> [migration] mysafetydetail_other synced_at 백필: 6건, 미해결 0건
[2026-09-26 20:06:48,679][INFO|database.py-backfill_synced_at:105] >> [migration] synced_at 백필 완료: 총 24건 갱신, merge 재생성 시작
[2026-09-26 20:06:48,685][INFO|database.py-merge_final:736] >> 최종 데이터 병합 완료 (Traffic/Parking/Other 분리)
[2026-09-26 20:06:48,710][INFO|duplicate_group_service.py-_log_info:53] >> [duplicate] payload exact 중복군 1개, 멤버 2건 재생성
[2026-09-26 20:06:48,721][INFO|database.py-merge_final:736] >> 최종 데이터 병합 완료 (Traffic/Parking/Other 분리)
[2026-09-26 20:06:48,743][INFO|duplicate_group_service.py-_log_info:53] >> [duplicate] payload exact 중복군 1개, 멤버 2건 재생성
[2026-09-26 20:06:48,877][WARNING|crawl_manager.py-_read_queue_report:210] >> [crawl] 대기 큐에서 목록 전체에 없는 신고번호 제외: ['SPP-NONE']
.[2026-09-26 20:06:49,010][INFO|database.py-upgrade_schema:285] >> 테이블 'admin_users' 생성 중...
[2026-09-26 20:06:49,012][INFO|database.py-upgrade_schema:285] >> 테이블 'api_keys' 생성 중...
[2026-09-26 20:06:49,014][INFO|database.py-upgrade_schema:285] >> 테이블 'mysafety' 생성 중...
[2026-09-26 20:06:49,019][INFO|database.py-upgrade_schema:285] >> 테이블 'mysafety_change_cursor' 생성 중...
[2026-09-26 20:06:49,021][INFO|database.py-upgrade_schema:285] >> 테이블 'mysafety_change_log' 생성 중...
[2026-09-26 20:06:49,027][INFO|database.py-upgrade_schema:285] >> 테이블 'mysafety_duplicate_decision' 생성 중...
[2026-09-26 20:06:49,029][INFO|database.py-upgrade_schema:285] >> 테이블 'mysafety_duplicate_group' 생성 중...
[2026-09-26 20:06:49,031][INFO|database.py-upgrade_schema:285] >> 테이블 'mysafety_duplicate_member' 생성 중...
[2026-09-26 20:06:49,034][INFO|database.py-upgrade_schema:285] >> 테이블 'mysafety_entry_value' 생성 중...
[2026-09-26 20:06:49,035][INFO|database.py-upgrade_schema:285] >> 테이블 'mysafety_geocode_cache' 생성 중...
[2026-09-26 20:06:49,038][INFO|database.py-upgrade_schema:285] >> 테이블 'mysafety_raw_content' 생성 중...
[2026-09-26 20:06:49,040][INFO|database.py-upgrade_schema:285] >> 테이블 'mysafety_report_override' 생성 중...
[2026-09-26 20:06:49,042][INFO|database.py-upgrade_schema:285] >> 테이블 'mysafety_sync_meta' 생성 중...
[2026-09-26 20:06:49,043][INFO|database.py-upgrade_schema:285] >> 테이블 'mysafety_watchlist' 생성 중...
[2026-09-26 20:06:49,048][INFO|database.py-upgrade_schema:285] >> 테이블 'mysafetydetail_other' 생성 중...
[2026-09-26 20:06:49,051][INFO|database.py-upgrade_schema:285] >> 테이블 'mysafetydetail_parking' 생성 중...
[2026-09-26 20:06:49,053][INFO|database.py-upgrade_schema:285] >> 테이블 'mysafetydetail_traffic' 생성 중...
[2026-09-26 20:06:49,055][INFO|database.py-upgrade_schema:285] >> 테이블 'mysafetymerge_other' 생성 중...
[2026-09-26 20:06:49,057][INFO|database.py-upgrade_schema:285] >> 테이블 'mysafetymerge_parking' 생성 중...
[2026-09-26 20:06:49,058][INFO|database.py-upgrade_schema:285] >> 테이블 'mysafetymerge_traffic' 생성 중...
[2026-09-26 20:06:49,062][INFO|database.py-_apply_versioned_migrations:452] >> [schema] DB 스키마 버전 1 적용
[2026-09-26 20:06:49,067][INFO|database.py-_apply_versioned_migrations:452] >> [schema] DB 스키마 버전 2 적용
[2026-09-26 20:06:49,068][INFO|database.py-_apply_versioned_migrations:452] >> [schema] DB 스키마 버전 3 적용
[2026-09-26 20:06:49,089][INFO|database.py-_apply_versioned_migrations:452] >> [schema] DB 스키마 버전 4 적용
[2026-09-26 20:06:49,103][INFO|duplicate_group_service.py-_log_info:53] >> [duplicate] payload exact 중복군 0개, 멤버 0건 재생성
[2026-09-26 20:06:49,136][INFO|database.py-backfill_synced_at:100] >> [migration] mysafetydetail_traffic synced_at 백필: 12건, 미해결 0건
[2026-09-26 20:06:49,140][INFO|database.py-backfill_synced_at:100] >> [migration] mysafetydetail_parking synced_at 백필: 6건, 미해결 0건
[2026-09-26 20:06:49,143][INFO|database.py-backfill_synced_at:100] >> [migration] mysafetydetail_other synced_at 백필: 6건, 미해결 0건
[2026-09-26 20:06:49,145][INFO|database.py-backfill_synced_at:105] >> [migration] synced_at 백필 완료: 총 24건 갱신, merge 재생성 시작
[2026-09-26 20:06:49,153][INFO|database.py-merge_final:736] >> 최종 데이터 병합 완료 (Traffic/Parking/Other 분리)
/home/better0101/projects/safetyreport/.venv/lib/python3.14/site-packages/numpy/_core/fromnumeric.py:54: ResourceWarning: unclosed file <_io.FileIO name='/tmp/claude-1000/-home-better0101-projects-safetyreport/aa9d30e6-e7a5-4376-8fce-c9fb26682fbe/scratchpad/tmp.n9yNStgd1j/logs/current_crawl.log' mode='ab' closefd=True>
  return bound(*args, **kwds)
ResourceWarning: Enable tracemalloc to get the object allocation traceback
[2026-09-26 20:06:49,180][INFO|duplicate_group_service.py-_log_info:53] >> [duplicate] payload exact 중복군 1개, 멤버 2건 재생성
[2026-09-26 20:06:49,191][INFO|database.py-merge_final:736] >> 최종 데이터 병합 완료 (Traffic/Parking/Other 분리)
[2026-09-26 20:06:49,215][INFO|duplicate_group_service.py-_log_info:53] >> [duplicate] payload exact 중복군 1개, 멤버 2건 재생성
.[2026-09-26 20:06:49,485][INFO|database.py-upgrade_schema:285] >> 테이블 'admin_users' 생성 중...
[2026-09-26 20:06:49,490][INFO|database.py-upgrade_schema:285] >> 테이블 'api_keys' 생성 중...
[2026-09-26 20:06:49,491][INFO|database.py-upgrade_schema:285] >> 테이블 'mysafety' 생성 중...
[2026-09-26 20:06:49,493][INFO|database.py-upgrade_schema:285] >> 테이블 'mysafety_change_cursor' 생성 중...
[2026-09-26 20:06:49,494][INFO|database.py-upgrade_schema:285] >> 테이블 'mysafety_change_log' 생성 중...
[2026-09-26 20:06:49,496][INFO|database.py-upgrade_schema:285] >> 테이블 'mysafety_duplicate_decision' 생성 중...
[2026-09-26 20:06:49,497][INFO|database.py-upgrade_schema:285] >> 테이블 'mysafety_duplicate_group' 생성 중...
[2026-09-26 20:06:49,499][INFO|database.py-upgrade_schema:285] >> 테이블 'mysafety_duplicate_member' 생성 중...
[2026-09-26 20:06:49,500][INFO|database.py-upgrade_schema:285] >> 테이블 'mysafety_entry_value' 생성 중...
[2026-09-26 20:06:49,501][INFO|database.py-upgrade_schema:285] >> 테이블 'mysafety_geocode_cache' 생성 중...
[2026-09-26 20:06:49,503][INFO|database.py-upgrade_schema:285] >> 테이블 'mysafety_raw_content' 생성 중...
[2026-09-26 20:06:49,505][INFO|database.py-upgrade_schema:285] >> 테이블 'mysafety_report_override' 생성 중...
[2026-09-26 20:06:49,506][INFO|database.py-upgrade_schema:285] >> 테이블 'mysafety_sync_meta' 생성 중...
[2026-09-26 20:06:49,507][INFO|database.py-upgrade_schema:285] >> 테이블 'mysafety_watchlist' 생성 중...
[2026-09-26 20:06:49,509][INFO|database.py-upgrade_schema:285] >> 테이블 'mysafetydetail_other' 생성 중...
[2026-09-26 20:06:49,511][INFO|database.py-upgrade_schema:285] >> 테이블 'mysafetydetail_parking' 생성 중...
[2026-09-26 20:06:49,512][INFO|database.py-upgrade_schema:285] >> 테이블 'mysafetydetail_traffic' 생성 중...
[2026-09-26 20:06:49,517][INFO|database.py-upgrade_schema:285] >> 테이블 'mysafetymerge_other' 생성 중...
[2026-09-26 20:06:49,519][INFO|database.py-upgrade_schema:285] >> 테이블 'mysafetymerge_parking' 생성 중...
[2026-09-26 20:06:49,525][INFO|database.py-upgrade_schema:285] >> 테이블 'mysafetymerge_traffic' 생성 중...
[2026-09-26 20:06:49,530][INFO|database.py-_apply_versioned_migrations:452] >> [schema] DB 스키마 버전 1 적용
[2026-09-26 20:06:49,535][INFO|database.py-_apply_versioned_migrations:452] >> [schema] DB 스키마 버전 2 적용
[2026-09-26 20:06:49,538][INFO|database.py-_apply_versioned_migrations:452] >> [schema] DB 스키마 버전 3 적용
[2026-09-26 20:06:49,552][INFO|database.py-_apply_versioned_migrations:452] >> [schema] DB 스키마 버전 4 적용
[2026-09-26 20:06:49,573][INFO|duplicate_group_service.py-_log_info:53] >> [duplicate] payload exact 중복군 0개, 멤버 0건 재생성
[2026-09-26 20:06:49,614][INFO|database.py-backfill_synced_at:100] >> [migration] mysafetydetail_traffic synced_at 백필: 12건, 미해결 0건
[2026-09-26 20:06:49,617][INFO|database.py-backfill_synced_at:100] >> [migration] mysafetydetail_parking synced_at 백필: 6건, 미해결 0건
[2026-09-26 20:06:49,620][INFO|database.py-backfill_synced_at:100] >> [migration] mysafetydetail_other synced_at 백필: 6건, 미해결 0건
[2026-09-26 20:06:49,622][INFO|database.py-backfill_synced_at:105] >> [migration] synced_at 백필 완료: 총 24건 갱신, merge 재생성 시작
[2026-09-26 20:06:49,629][INFO|database.py-merge_final:736] >> 최종 데이터 병합 완료 (Traffic/Parking/Other 분리)
/home/better0101/projects/safetyreport/.venv/lib/python3.14/site-packages/pandas/core/internals/managers.py:2410: ResourceWarning: unclosed file <_io.FileIO name='/tmp/claude-1000/-home-better0101-projects-safetyreport/aa9d30e6-e7a5-4376-8fce-c9fb26682fbe/scratchpad/tmp.n9yNStgd1j/logs/current_crawl.log' mode='ab' closefd=True>
  block_type(x[1], placement=BlockPlacement(x[0]), ndim=2)
ResourceWarning: Enable tracemalloc to get the object allocation traceback
[2026-09-26 20:06:49,654][INFO|duplicate_group_service.py-_log_info:53] >> [duplicate] payload exact 중복군 1개, 멤버 2건 재생성
[2026-09-26 20:06:49,664][INFO|database.py-merge_final:736] >> 최종 데이터 병합 완료 (Traffic/Parking/Other 분리)
[2026-09-26 20:06:49,689][INFO|duplicate_group_service.py-_log_info:53] >> [duplicate] payload exact 중복군 1개, 멤버 2건 재생성
[2026-09-26 20:06:49,905][INFO|database.py-_normalize_processing_layers:188] >> [migration] raw/canonical 상태 정규화 완료: 총 5건 갱신
[2026-09-26 20:06:49,918][INFO|database.py-merge_final:736] >> 최종 데이터 병합 완료 (Traffic/Parking/Other 분리)
[2026-09-26 20:06:49,947][INFO|duplicate_group_service.py-_log_info:53] >> [duplicate] payload exact 중복군 1개, 멤버 2건 재생성
[2026-09-26 20:06:49,963][INFO|database.py-merge_final:736] >> 최종 데이터 병합 완료 (Traffic/Parking/Other 분리)
[2026-09-26 20:06:49,979][INFO|duplicate_group_service.py-_log_info:53] >> [duplicate] payload exact 중복군 0개, 멤버 0건 재생성
[2026-09-26 20:06:49,994][INFO|exchange.py-_restore_exclusive:413] >> mobile DB 복원 완료. 백업: /tmp/claude-1000/-home-better0101-projects-safetyreport/aa9d30e6-e7a5-4376-8fce-c9fb26682fbe/scratchpad/tmp.n9yNStgd1j/backups/data_before_restore_20260926_200649.db, 신고건수: 1
.[2026-09-26 20:06:50,144][INFO|database.py-upgrade_schema:285] >> 테이블 'admin_users' 생성 중...
[2026-09-26 20:06:50,147][INFO|database.py-upgrade_schema:285] >> 테이블 'api_keys' 생성 중...
[2026-09-26 20:06:50,149][INFO|database.py-upgrade_schema:285] >> 테이블 'mysafety' 생성 중...
[2026-09-26 20:06:50,150][INFO|database.py-upgrade_schema:285] >> 테이블 'mysafety_change_cursor' 생성 중...
[2026-09-26 20:06:50,151][INFO|database.py-upgrade_schema:285] >> 테이블 'mysafety_change_log' 생성 중...
[2026-09-26 20:06:50,153][INFO|database.py-upgrade_schema:285] >> 테이블 'mysafety_duplicate_decision' 생성 중...
[2026-09-26 20:06:50,157][INFO|database.py-upgrade_schema:285] >> 테이블 'mysafety_duplicate_group' 생성 중...
[2026-09-26 20:06:50,159][INFO|database.py-upgrade_schema:285] >> 테이블 'mysafety_duplicate_member' 생성 중...
[2026-09-26 20:06:50,163][INFO|database.py-upgrade_schema:285] >> 테이블 'mysafety_entry_value' 생성 중...
[2026-09-26 20:06:50,166][INFO|database.py-upgrade_schema:285] >> 테이블 'mysafety_geocode_cache' 생성 중...
[2026-09-26 20:06:50,167][INFO|database.py-upgrade_schema:285] >> 테이블 'mysafety_raw_content' 생성 중...
[2026-09-26 20:06:50,169][INFO|database.py-upgrade_schema:285] >> 테이블 'mysafety_report_override' 생성 중...
[2026-09-26 20:06:50,171][INFO|database.py-upgrade_schema:285] >> 테이블 'mysafety_sync_meta' 생성 중...
[2026-09-26 20:06:50,172][INFO|database.py-upgrade_schema:285] >> 테이블 'mysafety_watchlist' 생성 중...
[2026-09-26 20:06:50,173][INFO|database.py-upgrade_schema:285] >> 테이블 'mysafetydetail_other' 생성 중...
[2026-09-26 20:06:50,175][INFO|database.py-upgrade_schema:285] >> 테이블 'mysafetydetail_parking' 생성 중...
[2026-09-26 20:06:50,177][INFO|database.py-upgrade_schema:285] >> 테이블 'mysafetydetail_traffic' 생성 중...
[2026-09-26 20:06:50,178][INFO|database.py-upgrade_schema:285] >> 테이블 'mysafetymerge_other' 생성 중...
[2026-09-26 20:06:50,180][INFO|database.py-upgrade_schema:285] >> 테이블 'mysafetymerge_parking' 생성 중...
[2026-09-26 20:06:50,182][INFO|database.py-upgrade_schema:285] >> 테이블 'mysafetymerge_traffic' 생성 중...
[2026-09-26 20:06:50,186][INFO|database.py-_apply_versioned_migrations:452] >> [schema] DB 스키마 버전 1 적용
[2026-09-26 20:06:50,191][INFO|database.py-_apply_versioned_migrations:452] >> [schema] DB 스키마 버전 2 적용
[2026-09-26 20:06:50,200][INFO|database.py-_apply_versioned_migrations:452] >> [schema] DB 스키마 버전 3 적용
[2026-09-26 20:06:50,214][INFO|database.py-_apply_versioned_migrations:452] >> [schema] DB 스키마 버전 4 적용
[2026-09-26 20:06:50,229][INFO|duplicate_group_service.py-_log_info:53] >> [duplicate] payload exact 중복군 0개, 멤버 0건 재생성
[2026-09-26 20:06:50,258][INFO|database.py-backfill_synced_at:100] >> [migration] mysafetydetail_traffic synced_at 백필: 12건, 미해결 0건
[2026-09-26 20:06:50,261][INFO|database.py-backfill_synced_at:100] >> [migration] mysafetydetail_parking synced_at 백필: 6건, 미해결 0건
[2026-09-26 20:06:50,264][INFO|database.py-backfill_synced_at:100] >> [migration] mysafetydetail_other synced_at 백필: 6건, 미해결 0건
[2026-09-26 20:06:50,265][INFO|database.py-backfill_synced_at:105] >> [migration] synced_at 백필 완료: 총 24건 갱신, merge 재생성 시작
[2026-09-26 20:06:50,272][INFO|database.py-merge_final:736] >> 최종 데이터 병합 완료 (Traffic/Parking/Other 분리)
[2026-09-26 20:06:50,299][INFO|duplicate_group_service.py-_log_info:53] >> [duplicate] payload exact 중복군 1개, 멤버 2건 재생성
[2026-09-26 20:06:50,308][INFO|database.py-merge_final:736] >> 최종 데이터 병합 완료 (Traffic/Parking/Other 분리)
[2026-09-26 20:06:50,332][INFO|duplicate_group_service.py-_log_info:53] >> [duplicate] payload exact 중복군 1개, 멤버 2건 재생성
.[2026-09-26 20:06:50,504][INFO|database.py-upgrade_schema:285] >> 테이블 'admin_users' 생성 중...
[2026-09-26 20:06:50,507][INFO|database.py-upgrade_schema:285] >> 테이블 'api_keys' 생성 중...
[2026-09-26 20:06:50,509][INFO|database.py-upgrade_schema:285] >> 테이블 'mysafety' 생성 중...
[2026-09-26 20:06:50,510][INFO|database.py-upgrade_schema:285] >> 테이블 'mysafety_change_cursor' 생성 중...
[2026-09-26 20:06:50,511][INFO|database.py-upgrade_schema:285] >> 테이블 'mysafety_change_log' 생성 중...
[2026-09-26 20:06:50,513][INFO|database.py-upgrade_schema:285] >> 테이블 'mysafety_duplicate_decision' 생성 중...
[2026-09-26 20:06:50,514][INFO|database.py-upgrade_schema:285] >> 테이블 'mysafety_duplicate_group' 생성 중...
[2026-09-26 20:06:50,515][INFO|database.py-upgrade_schema:285] >> 테이블 'mysafety_duplicate_member' 생성 중...
[2026-09-26 20:06:50,520][INFO|database.py-upgrade_schema:285] >> 테이블 'mysafety_entry_value' 생성 중...
[2026-09-26 20:06:50,522][INFO|database.py-upgrade_schema:285] >> 테이블 'mysafety_geocode_cache' 생성 중...
[2026-09-26 20:06:50,529][INFO|database.py-upgrade_schema:285] >> 테이블 'mysafety_raw_content' 생성 중...
[2026-09-26 20:06:50,531][INFO|database.py-upgrade_schema:285] >> 테이블 'mysafety_report_override' 생성 중...
[2026-09-26 20:06:50,533][INFO|database.py-upgrade_schema:285] >> 테이블 'mysafety_sync_meta' 생성 중...
[2026-09-26 20:06:50,535][INFO|database.py-upgrade_schema:285] >> 테이블 'mysafety_watchlist' 생성 중...
[2026-09-26 20:06:50,536][INFO|database.py-upgrade_schema:285] >> 테이블 'mysafetydetail_other' 생성 중...
[2026-09-26 20:06:50,541][INFO|database.py-upgrade_schema:285] >> 테이블 'mysafetydetail_parking' 생성 중...
[2026-09-26 20:06:50,543][INFO|database.py-upgrade_schema:285] >> 테이블 'mysafetydetail_traffic' 생성 중...
[2026-09-26 20:06:50,552][INFO|database.py-upgrade_schema:285] >> 테이블 'mysafetymerge_other' 생성 중...
[2026-09-26 20:06:50,554][INFO|database.py-upgrade_schema:285] >> 테이블 'mysafetymerge_parking' 생성 중...
[2026-09-26 20:06:50,556][INFO|database.py-upgrade_schema:285] >> 테이블 'mysafetymerge_traffic' 생성 중...
[2026-09-26 20:06:50,559][INFO|database.py-_apply_versioned_migrations:452] >> [schema] DB 스키마 버전 1 적용
[2026-09-26 20:06:50,564][INFO|database.py-_apply_versioned_migrations:452] >> [schema] DB 스키마 버전 2 적용
[2026-09-26 20:06:50,566][INFO|database.py-_apply_versioned_migrations:452] >> [schema] DB 스키마 버전 3 적용
[2026-09-26 20:06:50,586][INFO|database.py-_apply_versioned_migrations:452] >> [schema] DB 스키마 버전 4 적용
[2026-09-26 20:06:50,600][INFO|duplicate_group_service.py-_log_info:53] >> [duplicate] payload exact 중복군 0개, 멤버 0건 재생성
[2026-09-26 20:06:50,633][INFO|database.py-backfill_synced_at:100] >> [migration] mysafetydetail_traffic synced_at 백필: 12건, 미해결 0건
[2026-09-26 20:06:50,636][INFO|database.py-backfill_synced_at:100] >> [migration] mysafetydetail_parking synced_at 백필: 6건, 미해결 0건
[2026-09-26 20:06:50,639][INFO|database.py-backfill_synced_at:100] >> [migration] mysafetydetail_other synced_at 백필: 6건, 미해결 0건
[2026-09-26 20:06:50,643][INFO|database.py-backfill_synced_at:105] >> [migration] synced_at 백필 완료: 총 24건 갱신, merge 재생성 시작
[2026-09-26 20:06:50,649][INFO|database.py-merge_final:736] >> 최종 데이터 병합 완료 (Traffic/Parking/Other 분리)
[2026-09-26 20:06:50,673][INFO|duplicate_group_service.py-_log_info:53] >> [duplicate] payload exact 중복군 1개, 멤버 2건 재생성
[2026-09-26 20:06:50,685][INFO|database.py-merge_final:736] >> 최종 데이터 병합 완료 (Traffic/Parking/Other 분리)
[2026-09-26 20:06:50,709][INFO|duplicate_group_service.py-_log_info:53] >> [duplicate] payload exact 중복군 1개, 멤버 2건 재생성
.[2026-09-26 20:06:50,872][INFO|database.py-upgrade_schema:285] >> 테이블 'admin_users' 생성 중...
[2026-09-26 20:06:50,880][INFO|database.py-upgrade_schema:285] >> 테이블 'api_keys' 생성 중...
[2026-09-26 20:06:50,882][INFO|database.py-upgrade_schema:285] >> 테이블 'mysafety' 생성 중...
[2026-09-26 20:06:50,884][INFO|database.py-upgrade_schema:285] >> 테이블 'mysafety_change_cursor' 생성 중...
[2026-09-26 20:06:50,886][INFO|database.py-upgrade_schema:285] >> 테이블 'mysafety_change_log' 생성 중...
[2026-09-26 20:06:50,887][INFO|database.py-upgrade_schema:285] >> 테이블 'mysafety_duplicate_decision' 생성 중...
[2026-09-26 20:06:50,888][INFO|database.py-upgrade_schema:285] >> 테이블 'mysafety_duplicate_group' 생성 중...
[2026-09-26 20:06:50,890][INFO|database.py-upgrade_schema:285] >> 테이블 'mysafety_duplicate_member' 생성 중...
[2026-09-26 20:06:50,891][INFO|database.py-upgrade_schema:285] >> 테이블 'mysafety_entry_value' 생성 중...
[2026-09-26 20:06:50,893][INFO|database.py-upgrade_schema:285] >> 테이블 'mysafety_geocode_cache' 생성 중...
[2026-09-26 20:06:50,894][INFO|database.py-upgrade_schema:285] >> 테이블 'mysafety_raw_content' 생성 중...
[2026-09-26 20:06:50,895][INFO|database.py-upgrade_schema:285] >> 테이블 'mysafety_report_override' 생성 중...
[2026-09-26 20:06:50,897][INFO|database.py-upgrade_schema:285] >> 테이블 'mysafety_sync_meta' 생성 중...
[2026-09-26 20:06:50,898][INFO|database.py-upgrade_schema:285] >> 테이블 'mysafety_watchlist' 생성 중...
[2026-09-26 20:06:50,899][INFO|database.py-upgrade_schema:285] >> 테이블 'mysafetydetail_other' 생성 중...
[2026-09-26 20:06:50,901][INFO|database.py-upgrade_schema:285] >> 테이블 'mysafetydetail_parking' 생성 중...
[2026-09-26 20:06:50,902][INFO|database.py-upgrade_schema:285] >> 테이블 'mysafetydetail_traffic' 생성 중...
[2026-09-26 20:06:50,907][INFO|database.py-upgrade_schema:285] >> 테이블 'mysafetymerge_other' 생성 중...
[2026-09-26 20:06:50,909][INFO|database.py-upgrade_schema:285] >> 테이블 'mysafetymerge_parking' 생성 중...
[2026-09-26 20:06:50,916][INFO|database.py-upgrade_schema:285] >> 테이블 'mysafetymerge_traffic' 생성 중...
[2026-09-26 20:06:50,921][INFO|database.py-_apply_versioned_migrations:452] >> [schema] DB 스키마 버전 1 적용
[2026-09-26 20:06:50,925][INFO|database.py-_apply_versioned_migrations:452] >> [schema] DB 스키마 버전 2 적용
[2026-09-26 20:06:50,927][INFO|database.py-_apply_versioned_migrations:452] >> [schema] DB 스키마 버전 3 적용
[2026-09-26 20:06:50,942][INFO|database.py-_apply_versioned_migrations:452] >> [schema] DB 스키마 버전 4 적용
[2026-09-26 20:06:50,956][INFO|duplicate_group_service.py-_log_info:53] >> [duplicate] payload exact 중복군 0개, 멤버 0건 재생성
[2026-09-26 20:06:50,992][INFO|database.py-backfill_synced_at:100] >> [migration] mysafetydetail_traffic synced_at 백필: 12건, 미해결 0건
[2026-09-26 20:06:50,995][INFO|database.py-backfill_synced_at:100] >> [migration] mysafetydetail_parking synced_at 백필: 6건, 미해결 0건
[2026-09-26 20:06:50,998][INFO|database.py-backfill_synced_at:100] >> [migration] mysafetydetail_other synced_at 백필: 6건, 미해결 0건
[2026-09-26 20:06:51,000][INFO|database.py-backfill_synced_at:105] >> [migration] synced_at 백필 완료: 총 24건 갱신, merge 재생성 시작
[2026-09-26 20:06:51,006][INFO|database.py-merge_final:736] >> 최종 데이터 병합 완료 (Traffic/Parking/Other 분리)
[2026-09-26 20:06:51,033][INFO|duplicate_group_service.py-_log_info:53] >> [duplicate] payload exact 중복군 1개, 멤버 2건 재생성
[2026-09-26 20:06:51,046][INFO|database.py-merge_final:736] >> 최종 데이터 병합 완료 (Traffic/Parking/Other 분리)
[2026-09-26 20:06:51,072][INFO|duplicate_group_service.py-_log_info:53] >> [duplicate] payload exact 중복군 1개, 멤버 2건 재생성
.[2026-09-26 20:06:51,561][INFO|database.py-upgrade_schema:285] >> 테이블 'admin_users' 생성 중...
[2026-09-26 20:06:51,564][INFO|database.py-upgrade_schema:285] >> 테이블 'api_keys' 생성 중...
[2026-09-26 20:06:51,566][INFO|database.py-upgrade_schema:285] >> 테이블 'mysafety' 생성 중...
[2026-09-26 20:06:51,568][INFO|database.py-upgrade_schema:285] >> 테이블 'mysafety_change_cursor' 생성 중...
[2026-09-26 20:06:51,569][INFO|database.py-upgrade_schema:285] >> 테이블 'mysafety_change_log' 생성 중...
[2026-09-26 20:06:51,571][INFO|database.py-upgrade_schema:285] >> 테이블 'mysafety_duplicate_decision' 생성 중...
[2026-09-26 20:06:51,572][INFO|database.py-upgrade_schema:285] >> 테이블 'mysafety_duplicate_group' 생성 중...
[2026-09-26 20:06:51,574][INFO|database.py-upgrade_schema:285] >> 테이블 'mysafety_duplicate_member' 생성 중...
[2026-09-26 20:06:51,575][INFO|database.py-upgrade_schema:285] >> 테이블 'mysafety_entry_value' 생성 중...
[2026-09-26 20:06:51,577][INFO|database.py-upgrade_schema:285] >> 테이블 'mysafety_geocode_cache' 생성 중...
[2026-09-26 20:06:51,579][INFO|database.py-upgrade_schema:285] >> 테이블 'mysafety_raw_content' 생성 중...
[2026-09-26 20:06:51,583][INFO|database.py-upgrade_schema:285] >> 테이블 'mysafety_report_override' 생성 중...
[2026-09-26 20:06:51,585][INFO|database.py-upgrade_schema:285] >> 테이블 'mysafety_sync_meta' 생성 중...
[2026-09-26 20:06:51,586][INFO|database.py-upgrade_schema:285] >> 테이블 'mysafety_watchlist' 생성 중...
[2026-09-26 20:06:51,592][INFO|database.py-upgrade_schema:285] >> 테이블 'mysafetydetail_other' 생성 중...
[2026-09-26 20:06:51,594][INFO|database.py-upgrade_schema:285] >> 테이블 'mysafetydetail_parking' 생성 중...
[2026-09-26 20:06:51,596][INFO|database.py-upgrade_schema:285] >> 테이블 'mysafetydetail_traffic' 생성 중...
[2026-09-26 20:06:51,597][INFO|database.py-upgrade_schema:285] >> 테이블 'mysafetymerge_other' 생성 중...
[2026-09-26 20:06:51,599][INFO|database.py-upgrade_schema:285] >> 테이블 'mysafetymerge_parking' 생성 중...
[2026-09-26 20:06:51,601][INFO|database.py-upgrade_schema:285] >> 테이블 'mysafetymerge_traffic' 생성 중...
[2026-09-26 20:06:51,604][INFO|database.py-_apply_versioned_migrations:452] >> [schema] DB 스키마 버전 1 적용
[2026-09-26 20:06:51,608][INFO|database.py-_apply_versioned_migrations:452] >> [schema] DB 스키마 버전 2 적용
[2026-09-26 20:06:51,610][INFO|database.py-_apply_versioned_migrations:452] >> [schema] DB 스키마 버전 3 적용
[2026-09-26 20:06:51,623][INFO|database.py-_apply_versioned_migrations:452] >> [schema] DB 스키마 버전 4 적용
[2026-09-26 20:06:51,638][INFO|duplicate_group_service.py-_log_info:53] >> [duplicate] payload exact 중복군 0개, 멤버 0건 재생성
[2026-09-26 20:06:51,669][INFO|database.py-backfill_synced_at:100] >> [migration] mysafetydetail_traffic synced_at 백필: 12건, 미해결 0건
[2026-09-26 20:06:51,672][INFO|database.py-backfill_synced_at:100] >> [migration] mysafetydetail_parking synced_at 백필: 6건, 미해결 0건
[2026-09-26 20:06:51,674][INFO|database.py-backfill_synced_at:100] >> [migration] mysafetydetail_other synced_at 백필: 6건, 미해결 0건
[2026-09-26 20:06:51,676][INFO|database.py-backfill_synced_at:105] >> [migration] synced_at 백필 완료: 총 24건 갱신, merge 재생성 시작
[2026-09-26 20:06:51,682][INFO|database.py-merge_final:736] >> 최종 데이터 병합 완료 (Traffic/Parking/Other 분리)
[2026-09-26 20:06:51,706][INFO|duplicate_group_service.py-_log_info:53] >> [duplicate] payload exact 중복군 1개, 멤버 2건 재생성
[2026-09-26 20:06:51,718][INFO|database.py-merge_final:736] >> 최종 데이터 병합 완료 (Traffic/Parking/Other 분리)
[2026-09-26 20:06:51,741][INFO|duplicate_group_service.py-_log_info:53] >> [duplicate] payload exact 중복군 1개, 멤버 2건 재생성
.[2026-09-26 20:06:51,897][INFO|database.py-upgrade_schema:285] >> 테이블 'admin_users' 생성 중...
[2026-09-26 20:06:51,900][INFO|database.py-upgrade_schema:285] >> 테이블 'api_keys' 생성 중...
[2026-09-26 20:06:51,902][INFO|database.py-upgrade_schema:285] >> 테이블 'mysafety' 생성 중...
[2026-09-26 20:06:51,904][INFO|database.py-upgrade_schema:285] >> 테이블 'mysafety_change_cursor' 생성 중...
[2026-09-26 20:06:51,906][INFO|database.py-upgrade_schema:285] >> 테이블 'mysafety_change_log' 생성 중...
[2026-09-26 20:06:51,908][INFO|database.py-upgrade_schema:285] >> 테이블 'mysafety_duplicate_decision' 생성 중...
[2026-09-26 20:06:51,910][INFO|database.py-upgrade_schema:285] >> 테이블 'mysafety_duplicate_group' 생성 중...
[2026-09-26 20:06:51,912][INFO|database.py-upgrade_schema:285] >> 테이블 'mysafety_duplicate_member' 생성 중...
[2026-09-26 20:06:51,917][INFO|database.py-upgrade_schema:285] >> 테이블 'mysafety_entry_value' 생성 중...
[2026-09-26 20:06:51,920][INFO|database.py-upgrade_schema:285] >> 테이블 'mysafety_geocode_cache' 생성 중...
[2026-09-26 20:06:51,928][INFO|database.py-upgrade_schema:285] >> 테이블 'mysafety_raw_content' 생성 중...
[2026-09-26 20:06:51,929][INFO|database.py-upgrade_schema:285] >> 테이블 'mysafety_report_override' 생성 중...
[2026-09-26 20:06:51,931][INFO|database.py-upgrade_schema:285] >> 테이블 'mysafety_sync_meta' 생성 중...
[2026-09-26 20:06:51,932][INFO|database.py-upgrade_schema:285] >> 테이블 'mysafety_watchlist' 생성 중...
[2026-09-26 20:06:51,934][INFO|database.py-upgrade_schema:285] >> 테이블 'mysafetydetail_other' 생성 중...
[2026-09-26 20:06:51,935][INFO|database.py-upgrade_schema:285] >> 테이블 'mysafetydetail_parking' 생성 중...
[2026-09-26 20:06:51,938][INFO|database.py-upgrade_schema:285] >> 테이블 'mysafetydetail_traffic' 생성 중...
[2026-09-26 20:06:51,940][INFO|database.py-upgrade_schema:285] >> 테이블 'mysafetymerge_other' 생성 중...
[2026-09-26 20:06:51,942][INFO|database.py-upgrade_schema:285] >> 테이블 'mysafetymerge_parking' 생성 중...
[2026-09-26 20:06:51,945][INFO|database.py-upgrade_schema:285] >> 테이블 'mysafetymerge_traffic' 생성 중...
[2026-09-26 20:06:51,951][INFO|database.py-_apply_versioned_migrations:452] >> [schema] DB 스키마 버전 1 적용
[2026-09-26 20:06:51,959][INFO|database.py-_apply_versioned_migrations:452] >> [schema] DB 스키마 버전 2 적용
[2026-09-26 20:06:51,962][INFO|database.py-_apply_versioned_migrations:452] >> [schema] DB 스키마 버전 3 적용
[2026-09-26 20:06:51,973][INFO|database.py-_apply_versioned_migrations:452] >> [schema] DB 스키마 버전 4 적용
[2026-09-26 20:06:51,989][INFO|duplicate_group_service.py-_log_info:53] >> [duplicate] payload exact 중복군 0개, 멤버 0건 재생성
[2026-09-26 20:06:52,023][INFO|database.py-backfill_synced_at:100] >> [migration] mysafetydetail_traffic synced_at 백필: 12건, 미해결 0건
[2026-09-26 20:06:52,027][INFO|database.py-backfill_synced_at:100] >> [migration] mysafetydetail_parking synced_at 백필: 6건, 미해결 0건
[2026-09-26 20:06:52,031][INFO|database.py-backfill_synced_at:100] >> [migration] mysafetydetail_other synced_at 백필: 6건, 미해결 0건
[2026-09-26 20:06:52,034][INFO|database.py-backfill_synced_at:105] >> [migration] synced_at 백필 완료: 총 24건 갱신, merge 재생성 시작
[2026-09-26 20:06:52,041][INFO|database.py-merge_final:736] >> 최종 데이터 병합 완료 (Traffic/Parking/Other 분리)
[2026-09-26 20:06:52,069][INFO|duplicate_group_service.py-_log_info:53] >> [duplicate] payload exact 중복군 1개, 멤버 2건 재생성
[2026-09-26 20:06:52,077][INFO|database.py-merge_final:736] >> 최종 데이터 병합 완료 (Traffic/Parking/Other 분리)
[2026-09-26 20:06:52,102][INFO|duplicate_group_service.py-_log_info:53] >> [duplicate] payload exact 중복군 1개, 멤버 2건 재생성
.[2026-09-26 20:06:52,258][INFO|database.py-upgrade_schema:285] >> 테이블 'admin_users' 생성 중...
[2026-09-26 20:06:52,266][INFO|database.py-upgrade_schema:285] >> 테이블 'api_keys' 생성 중...
[2026-09-26 20:06:52,267][INFO|database.py-upgrade_schema:285] >> 테이블 'mysafety' 생성 중...
[2026-09-26 20:06:52,269][INFO|database.py-upgrade_schema:285] >> 테이블 'mysafety_change_cursor' 생성 중...
[2026-09-26 20:06:52,271][INFO|database.py-upgrade_schema:285] >> 테이블 'mysafety_change_log' 생성 중...
[2026-09-26 20:06:52,272][INFO|database.py-upgrade_schema:285] >> 테이블 'mysafety_duplicate_decision' 생성 중...
[2026-09-26 20:06:52,274][INFO|database.py-upgrade_schema:285] >> 테이블 'mysafety_duplicate_group' 생성 중...
[2026-09-26 20:06:52,275][INFO|database.py-upgrade_schema:285] >> 테이블 'mysafety_duplicate_member' 생성 중...
[2026-09-26 20:06:52,276][INFO|database.py-upgrade_schema:285] >> 테이블 'mysafety_entry_value' 생성 중...
[2026-09-26 20:06:52,278][INFO|database.py-upgrade_schema:285] >> 테이블 'mysafety_geocode_cache' 생성 중...
[2026-09-26 20:06:52,279][INFO|database.py-upgrade_schema:285] >> 테이블 'mysafety_raw_content' 생성 중...
[2026-09-26 20:06:52,281][INFO|database.py-upgrade_schema:285] >> 테이블 'mysafety_report_override' 생성 중...
[2026-09-26 20:06:52,282][INFO|database.py-upgrade_schema:285] >> 테이블 'mysafety_sync_meta' 생성 중...
[2026-09-26 20:06:52,284][INFO|database.py-upgrade_schema:285] >> 테이블 'mysafety_watchlist' 생성 중...
[2026-09-26 20:06:52,289][INFO|database.py-upgrade_schema:285] >> 테이블 'mysafetydetail_other' 생성 중...
[2026-09-26 20:06:52,291][INFO|database.py-upgrade_schema:285] >> 테이블 'mysafetydetail_parking' 생성 중...
[2026-09-26 20:06:52,297][INFO|database.py-upgrade_schema:285] >> 테이블 'mysafetydetail_traffic' 생성 중...
[2026-09-26 20:06:52,300][INFO|database.py-upgrade_schema:285] >> 테이블 'mysafetymerge_other' 생성 중...
[2026-09-26 20:06:52,302][INFO|database.py-upgrade_schema:285] >> 테이블 'mysafetymerge_parking' 생성 중...
[2026-09-26 20:06:52,304][INFO|database.py-upgrade_schema:285] >> 테이블 'mysafetymerge_traffic' 생성 중...
[2026-09-26 20:06:52,308][INFO|database.py-_apply_versioned_migrations:452] >> [schema] DB 스키마 버전 1 적용
[2026-09-26 20:06:52,314][INFO|database.py-_apply_versioned_migrations:452] >> [schema] DB 스키마 버전 2 적용
[2026-09-26 20:06:52,317][INFO|database.py-_apply_versioned_migrations:452] >> [schema] DB 스키마 버전 3 적용
[2026-09-26 20:06:52,331][INFO|database.py-_apply_versioned_migrations:452] >> [schema] DB 스키마 버전 4 적용
[2026-09-26 20:06:52,348][INFO|duplicate_group_service.py-_log_info:53] >> [duplicate] payload exact 중복군 0개, 멤버 0건 재생성
[2026-09-26 20:06:52,379][INFO|database.py-backfill_synced_at:100] >> [migration] mysafetydetail_traffic synced_at 백필: 12건, 미해결 0건
[2026-09-26 20:06:52,382][INFO|database.py-backfill_synced_at:100] >> [migration] mysafetydetail_parking synced_at 백필: 6건, 미해결 0건
[2026-09-26 20:06:52,385][INFO|database.py-backfill_synced_at:100] >> [migration] mysafetydetail_other synced_at 백필: 6건, 미해결 0건
[2026-09-26 20:06:52,387][INFO|database.py-backfill_synced_at:105] >> [migration] synced_at 백필 완료: 총 24건 갱신, merge 재생성 시작
[2026-09-26 20:06:52,395][INFO|database.py-merge_final:736] >> 최종 데이터 병합 완료 (Traffic/Parking/Other 분리)
[2026-09-26 20:06:52,422][INFO|duplicate_group_service.py-_log_info:53] >> [duplicate] payload exact 중복군 1개, 멤버 2건 재생성
[2026-09-26 20:06:52,430][INFO|database.py-merge_final:736] >> 최종 데이터 병합 완료 (Traffic/Parking/Other 분리)
[2026-09-26 20:06:52,455][INFO|duplicate_group_service.py-_log_info:53] >> [duplicate] payload exact 중복군 1개, 멤버 2건 재생성
.[2026-09-26 20:06:52,594][INFO|database.py-upgrade_schema:285] >> 테이블 'admin_users' 생성 중...
[2026-09-26 20:06:52,603][INFO|database.py-upgrade_schema:285] >> 테이블 'api_keys' 생성 중...
[2026-09-26 20:06:52,604][INFO|database.py-upgrade_schema:285] >> 테이블 'mysafety' 생성 중...
[2026-09-26 20:06:52,606][INFO|database.py-upgrade_schema:285] >> 테이블 'mysafety_change_cursor' 생성 중...
[2026-09-26 20:06:52,608][INFO|database.py-upgrade_schema:285] >> 테이블 'mysafety_change_log' 생성 중...
[2026-09-26 20:06:52,609][INFO|database.py-upgrade_schema:285] >> 테이블 'mysafety_duplicate_decision' 생성 중...
[2026-09-26 20:06:52,611][INFO|database.py-upgrade_schema:285] >> 테이블 'mysafety_duplicate_group' 생성 중...
[2026-09-26 20:06:52,612][INFO|database.py-upgrade_schema:285] >> 테이블 'mysafety_duplicate_member' 생성 중...
[2026-09-26 20:06:52,614][INFO|database.py-upgrade_schema:285] >> 테이블 'mysafety_entry_value' 생성 중...
[2026-09-26 20:06:52,616][INFO|database.py-upgrade_schema:285] >> 테이블 'mysafety_geocode_cache' 생성 중...
[2026-09-26 20:06:52,617][INFO|database.py-upgrade_schema:285] >> 테이블 'mysafety_raw_content' 생성 중...
[2026-09-26 20:06:52,619][INFO|database.py-upgrade_schema:285] >> 테이블 'mysafety_report_override' 생성 중...
[2026-09-26 20:06:52,621][INFO|database.py-upgrade_schema:285] >> 테이블 'mysafety_sync_meta' 생성 중...
[2026-09-26 20:06:52,622][INFO|database.py-upgrade_schema:285] >> 테이블 'mysafety_watchlist' 생성 중...
[2026-09-26 20:06:52,624][INFO|database.py-upgrade_schema:285] >> 테이블 'mysafetydetail_other' 생성 중...
[2026-09-26 20:06:52,629][INFO|database.py-upgrade_schema:285] >> 테이블 'mysafetydetail_parking' 생성 중...
[2026-09-26 20:06:52,631][INFO|database.py-upgrade_schema:285] >> 테이블 'mysafetydetail_traffic' 생성 중...
[2026-09-26 20:06:52,639][INFO|database.py-upgrade_schema:285] >> 테이블 'mysafetymerge_other' 생성 중...
[2026-09-26 20:06:52,641][INFO|database.py-upgrade_schema:285] >> 테이블 'mysafetymerge_parking' 생성 중...
[2026-09-26 20:06:52,643][INFO|database.py-upgrade_schema:285] >> 테이블 'mysafetymerge_traffic' 생성 중...
[2026-09-26 20:06:52,646][INFO|database.py-_apply_versioned_migrations:452] >> [schema] DB 스키마 버전 1 적용
[2026-09-26 20:06:52,652][INFO|database.py-_apply_versioned_migrations:452] >> [schema] DB 스키마 버전 2 적용
[2026-09-26 20:06:52,654][INFO|database.py-_apply_versioned_migrations:452] >> [schema] DB 스키마 버전 3 적용
[2026-09-26 20:06:52,665][INFO|database.py-_apply_versioned_migrations:452] >> [schema] DB 스키마 버전 4 적용
[2026-09-26 20:06:52,680][INFO|duplicate_group_service.py-_log_info:53] >> [duplicate] payload exact 중복군 0개, 멤버 0건 재생성
[2026-09-26 20:06:52,710][INFO|database.py-backfill_synced_at:100] >> [migration] mysafetydetail_traffic synced_at 백필: 12건, 미해결 0건
[2026-09-26 20:06:52,713][INFO|database.py-backfill_synced_at:100] >> [migration] mysafetydetail_parking synced_at 백필: 6건, 미해결 0건
[2026-09-26 20:06:52,716][INFO|database.py-backfill_synced_at:100] >> [migration] mysafetydetail_other synced_at 백필: 6건, 미해결 0건
[2026-09-26 20:06:52,718][INFO|database.py-backfill_synced_at:105] >> [migration] synced_at 백필 완료: 총 24건 갱신, merge 재생성 시작
[2026-09-26 20:06:52,724][INFO|database.py-merge_final:736] >> 최종 데이터 병합 완료 (Traffic/Parking/Other 분리)
[2026-09-26 20:06:52,747][INFO|duplicate_group_service.py-_log_info:53] >> [duplicate] payload exact 중복군 1개, 멤버 2건 재생성
[2026-09-26 20:06:52,753][INFO|database.py-merge_final:736] >> 최종 데이터 병합 완료 (Traffic/Parking/Other 분리)
[2026-09-26 20:06:52,776][INFO|duplicate_group_service.py-_log_info:53] >> [duplicate] payload exact 중복군 1개, 멤버 2건 재생성
[2026-09-26 20:06:52,906][INFO|start.py-_run_crawling_process:338] >> 큐 지정 크롤링 모드입니다. 전체 목록 갱신을 건너뜁니다.
[2026-09-26 20:06:52,907][WARNING|start.py-extract_ids_from_queue:129] >> 큐 신고번호 SPP-0000-NOPE이(가) 정확히 일치하지 않습니다. 목록 전체를 받은 뒤 다시 찾습니다.
[2026-09-26 20:06:52,907][INFO|start.py-_run_crawling_process:383] >> 미확인 신고번호 1건을 목록 전체에서 찾습니다.
[2026-09-26 20:06:52,907][INFO|crawltitle_api.py-crawl_titles:74] >> API 방식으로 목록 데이터를 호출합니다. (direct_login 세션)
[2026-09-26 20:06:52,907][INFO|crawltitle_api.py-crawl_titles:104] >> API 확인됨: 총 24건 (1페이지 분량)
[2026-09-26 20:06:52,907][INFO|crawltitle_api.py-crawl_titles:117] >> API 목록 로드 중: 1 페이지 (1~24건)
[2026-09-26 20:06:52,925][INFO|database.py-title_to_sql:694] >> 총 24건 title 테이블 upsert 완료. (신규: 0건)
[2026-09-26 20:06:52,925][WARNING|start.py-_run_crawling_process:427] >> 목록 전체를 찾아도 없는 신고번호: ['SPP-0000-NOPE']
[2026-09-26 20:06:52,926][INFO|start.py-_run_crawling_process:431] >> 큐 파일에서 2개의 아이템 크롤링 시작.
[2026-09-26 20:06:52,926][INFO|start.py-_run_crawling_process:445] >> 상세 크롤링 대상 ID: 2 건 (순차 처리)
[2026-09-26 20:06:52,926][INFO|start.py-_run_crawling_process:450] >> [API 방식] 상세 데이터 추출 시작
[2026-09-26 20:06:52,949][ERROR|start.py-_save_details_as_they_arrive:492] >> 상세 크롤링이 중간에 멈췄습니다(1건까지 저장됨): 네트워크 끊김
[2026-09-26 20:06:52,949][INFO|start.py-_save_details_as_they_arrive:493] >> 상세 저장 1건 (변경/신규 1건, 실패 0건)
[2026-09-26 20:06:52,955][WARNING|crawl_manager.py-_read_queue_report:210] >> [crawl] 대기 큐에서 목록 전체에 없는 신고번호 제외: ['SPP-0000-NOPE']
[2026-09-26 20:06:52,958][ERROR|start.py-main:586] >> 직접 로그인 실패: login failed
[2026-09-26 20:06:52,959][WARNING|start.py-main:587] >> 직접 로그인 최대 재시도(5) 실패. Selenium 로그인 후 브라우저 기반 API 호출 fallback으로 진행합니다.
[2026-09-26 20:06:52,959][ERROR|start.py-main:609] >> 실행 중 치명적 오류 발생: no browser
[2026-09-26 20:06:52,959][INFO|start.py-main:625] >> ====== 크롤링 작업 완료 ======
.[2026-09-26 20:06:52,975][INFO|database.py-upgrade_schema:285] >> 테이블 'admin_users' 생성 중...
[2026-09-26 20:06:52,979][INFO|database.py-upgrade_schema:285] >> 테이블 'api_keys' 생성 중...
[2026-09-26 20:06:52,981][INFO|database.py-upgrade_schema:285] >> 테이블 'mysafety' 생성 중...
[2026-09-26 20:06:52,982][INFO|database.py-upgrade_schema:285] >> 테이블 'mysafety_change_cursor' 생성 중...
[2026-09-26 20:06:52,984][INFO|database.py-upgrade_schema:285] >> 테이블 'mysafety_change_log' 생성 중...
[2026-09-26 20:06:52,985][INFO|database.py-upgrade_schema:285] >> 테이블 'mysafety_duplicate_decision' 생성 중...
[2026-09-26 20:06:52,986][INFO|database.py-upgrade_schema:285] >> 테이블 'mysafety_duplicate_group' 생성 중...
[2026-09-26 20:06:52,988][INFO|database.py-upgrade_schema:285] >> 테이블 'mysafety_duplicate_member' 생성 중...
[2026-09-26 20:06:52,989][INFO|database.py-upgrade_schema:285] >> 테이블 'mysafety_entry_value' 생성 중...
[2026-09-26 20:06:52,991][INFO|database.py-upgrade_schema:285] >> 테이블 'mysafety_geocode_cache' 생성 중...
[2026-09-26 20:06:52,992][INFO|database.py-upgrade_schema:285] >> 테이블 'mysafety_raw_content' 생성 중...
[2026-09-26 20:06:52,994][INFO|database.py-upgrade_schema:285] >> 테이블 'mysafety_report_override' 생성 중...
[2026-09-26 20:06:52,995][INFO|database.py-upgrade_schema:285] >> 테이블 'mysafety_sync_meta' 생성 중...
[2026-09-26 20:06:52,997][INFO|database.py-upgrade_schema:285] >> 테이블 'mysafety_watchlist' 생성 중...
[2026-09-26 20:06:52,998][INFO|database.py-upgrade_schema:285] >> 테이블 'mysafetydetail_other' 생성 중...
[2026-09-26 20:06:53,000][INFO|database.py-upgrade_schema:285] >> 테이블 'mysafetydetail_parking' 생성 중...
[2026-09-26 20:06:53,010][INFO|database.py-upgrade_schema:285] >> 테이블 'mysafetydetail_traffic' 생성 중...
[2026-09-26 20:06:53,014][INFO|database.py-upgrade_schema:285] >> 테이블 'mysafetymerge_other' 생성 중...
[2026-09-26 20:06:53,016][INFO|database.py-upgrade_schema:285] >> 테이블 'mysafetymerge_parking' 생성 중...
[2026-09-26 20:06:53,018][INFO|database.py-upgrade_schema:285] >> 테이블 'mysafetymerge_traffic' 생성 중...
[2026-09-26 20:06:53,021][INFO|database.py-_apply_versioned_migrations:452] >> [schema] DB 스키마 버전 1 적용
[2026-09-26 20:06:53,026][INFO|database.py-_apply_versioned_migrations:452] >> [schema] DB 스키마 버전 2 적용
[2026-09-26 20:06:53,028][INFO|database.py-_apply_versioned_migrations:452] >> [schema] DB 스키마 버전 3 적용
[2026-09-26 20:06:53,049][INFO|database.py-_apply_versioned_migrations:452] >> [schema] DB 스키마 버전 4 적용
[2026-09-26 20:06:53,063][INFO|duplicate_group_service.py-_log_info:53] >> [duplicate] payload exact 중복군 0개, 멤버 0건 재생성
[2026-09-26 20:06:53,093][INFO|database.py-backfill_synced_at:100] >> [migration] mysafetydetail_traffic synced_at 백필: 12건, 미해결 0건
[2026-09-26 20:06:53,096][INFO|database.py-backfill_synced_at:100] >> [migration] mysafetydetail_parking synced_at 백필: 6건, 미해결 0건
[2026-09-26 20:06:53,099][INFO|database.py-backfill_synced_at:100] >> [migration] mysafetydetail_other synced_at 백필: 6건, 미해결 0건
[2026-09-26 20:06:53,100][INFO|database.py-backfill_synced_at:105] >> [migration] synced_at 백필 완료: 총 24건 갱신, merge 재생성 시작
[2026-09-26 20:06:53,106][INFO|database.py-merge_final:736] >> 최종 데이터 병합 완료 (Traffic/Parking/Other 분리)
[2026-09-26 20:06:53,138][INFO|duplicate_group_service.py-_log_info:53] >> [duplicate] payload exact 중복군 1개, 멤버 2건 재생성
[2026-09-26 20:06:53,148][INFO|database.py-merge_final:736] >> 최종 데이터 병합 완료 (Traffic/Parking/Other 분리)
[2026-09-26 20:06:53,174][INFO|duplicate_group_service.py-_log_info:53] >> [duplicate] payload exact 중복군 1개, 멤버 2건 재생성
.[2026-09-26 20:06:53,733][INFO|database.py-upgrade_schema:285] >> 테이블 'admin_users' 생성 중...
[2026-09-26 20:06:53,736][INFO|database.py-upgrade_schema:285] >> 테이블 'api_keys' 생성 중...
[2026-09-26 20:06:53,738][INFO|database.py-upgrade_schema:285] >> 테이블 'mysafety' 생성 중...
[2026-09-26 20:06:53,742][INFO|database.py-upgrade_schema:285] >> 테이블 'mysafety_change_cursor' 생성 중...
[2026-09-26 20:06:53,745][INFO|database.py-upgrade_schema:285] >> 테이블 'mysafety_change_log' 생성 중...
[2026-09-26 20:06:53,749][INFO|database.py-upgrade_schema:285] >> 테이블 'mysafety_duplicate_decision' 생성 중...
[2026-09-26 20:06:53,751][INFO|database.py-upgrade_schema:285] >> 테이블 'mysafety_duplicate_group' 생성 중...
[2026-09-26 20:06:53,753][INFO|database.py-upgrade_schema:285] >> 테이블 'mysafety_duplicate_member' 생성 중...
[2026-09-26 20:06:53,755][INFO|database.py-upgrade_schema:285] >> 테이블 'mysafety_entry_value' 생성 중...
[2026-09-26 20:06:53,756][INFO|database.py-upgrade_schema:285] >> 테이블 'mysafety_geocode_cache' 생성 중...
[2026-09-26 20:06:53,758][INFO|database.py-upgrade_schema:285] >> 테이블 'mysafety_raw_content' 생성 중...
[2026-09-26 20:06:53,759][INFO|database.py-upgrade_schema:285] >> 테이블 'mysafety_report_override' 생성 중...
[2026-09-26 20:06:53,761][INFO|database.py-upgrade_schema:285] >> 테이블 'mysafety_sync_meta' 생성 중...
[2026-09-26 20:06:53,762][INFO|database.py-upgrade_schema:285] >> 테이블 'mysafety_watchlist' 생성 중...
[2026-09-26 20:06:53,764][INFO|database.py-upgrade_schema:285] >> 테이블 'mysafetydetail_other' 생성 중...
[2026-09-26 20:06:53,766][INFO|database.py-upgrade_schema:285] >> 테이블 'mysafetydetail_parking' 생성 중...
[2026-09-26 20:06:53,767][INFO|database.py-upgrade_schema:285] >> 테이블 'mysafetydetail_traffic' 생성 중...
[2026-09-26 20:06:53,772][INFO|database.py-upgrade_schema:285] >> 테이블 'mysafetymerge_other' 생성 중...
[2026-09-26 20:06:53,774][INFO|database.py-upgrade_schema:285] >> 테이블 'mysafetymerge_parking' 생성 중...
[2026-09-26 20:06:53,780][INFO|database.py-upgrade_schema:285] >> 테이블 'mysafetymerge_traffic' 생성 중...
[2026-09-26 20:06:53,784][INFO|database.py-_apply_versioned_migrations:452] >> [schema] DB 스키마 버전 1 적용
[2026-09-26 20:06:53,789][INFO|database.py-_apply_versioned_migrations:452] >> [schema] DB 스키마 버전 2 적용
[2026-09-26 20:06:53,790][INFO|database.py-_apply_versioned_migrations:452] >> [schema] DB 스키마 버전 3 적용
[2026-09-26 20:06:53,803][INFO|database.py-_apply_versioned_migrations:452] >> [schema] DB 스키마 버전 4 적용
[2026-09-26 20:06:53,817][INFO|duplicate_group_service.py-_log_info:53] >> [duplicate] payload exact 중복군 0개, 멤버 0건 재생성
[2026-09-26 20:06:53,846][INFO|database.py-backfill_synced_at:100] >> [migration] mysafetydetail_traffic synced_at 백필: 12건, 미해결 0건
[2026-09-26 20:06:53,849][INFO|database.py-backfill_synced_at:100] >> [migration] mysafetydetail_parking synced_at 백필: 6건, 미해결 0건
[2026-09-26 20:06:53,852][INFO|database.py-backfill_synced_at:100] >> [migration] mysafetydetail_other synced_at 백필: 6건, 미해결 0건
[2026-09-26 20:06:53,854][INFO|database.py-backfill_synced_at:105] >> [migration] synced_at 백필 완료: 총 24건 갱신, merge 재생성 시작
[2026-09-26 20:06:53,860][INFO|database.py-merge_final:736] >> 최종 데이터 병합 완료 (Traffic/Parking/Other 분리)
/home/better0101/projects/safetyreport/.venv/lib/python3.14/site-packages/pandas/core/internals/managers.py:2410: ResourceWarning: unclosed file <_io.FileIO name='/tmp/claude-1000/-home-better0101-projects-safetyreport/aa9d30e6-e7a5-4376-8fce-c9fb26682fbe/scratchpad/tmp.n9yNStgd1j/logs/current_crawl.log' mode='ab' closefd=True>
  block_type(x[1], placement=BlockPlacement(x[0]), ndim=2)
ResourceWarning: Enable tracemalloc to get the object allocation traceback
[2026-09-26 20:06:53,886][INFO|duplicate_group_service.py-_log_info:53] >> [duplicate] payload exact 중복군 1개, 멤버 2건 재생성
[2026-09-26 20:06:53,897][INFO|database.py-merge_final:736] >> 최종 데이터 병합 완료 (Traffic/Parking/Other 분리)
[2026-09-26 20:06:53,919][INFO|duplicate_group_service.py-_log_info:53] >> [duplicate] payload exact 중복군 1개, 멤버 2건 재생성
[2026-09-26 20:06:54,133][INFO|database.py-_normalize_processing_layers:188] >> [migration] raw/canonical 상태 정규화 완료: 총 5건 갱신
[2026-09-26 20:06:54,146][INFO|database.py-merge_final:736] >> 최종 데이터 병합 완료 (Traffic/Parking/Other 분리)
[2026-09-26 20:06:54,181][INFO|duplicate_group_service.py-_log_info:53] >> [duplicate] payload exact 중복군 1개, 멤버 2건 재생성
[2026-09-26 20:06:54,204][INFO|database.py-merge_final:736] >> 최종 데이터 병합 완료 (Traffic/Parking/Other 분리)
[2026-09-26 20:06:54,217][INFO|duplicate_group_service.py-_log_info:53] >> [duplicate] payload exact 중복군 0개, 멤버 0건 재생성
[2026-09-26 20:06:54,244][INFO|exchange.py-_restore_exclusive:413] >> mobile DB 복원 완료. 백업: /tmp/claude-1000/-home-better0101-projects-safetyreport/aa9d30e6-e7a5-4376-8fce-c9fb26682fbe/scratchpad/tmp.n9yNStgd1j/backups/data_before_restore_20260926_200654.db, 신고건수: 1
.[2026-09-26 20:06:54,249][INFO|database.py-upgrade_schema:285] >> 테이블 'admin_users' 생성 중...
[2026-09-26 20:06:54,252][INFO|database.py-upgrade_schema:285] >> 테이블 'api_keys' 생성 중...
[2026-09-26 20:06:54,254][INFO|database.py-upgrade_schema:285] >> 테이블 'mysafety' 생성 중...
[2026-09-26 20:06:54,258][INFO|database.py-upgrade_schema:285] >> 테이블 'mysafety_change_cursor' 생성 중...
[2026-09-26 20:06:54,260][INFO|database.py-upgrade_schema:285] >> 테이블 'mysafety_change_log' 생성 중...
[2026-09-26 20:06:54,262][INFO|database.py-upgrade_schema:285] >> 테이블 'mysafety_duplicate_decision' 생성 중...
[2026-09-26 20:06:54,263][INFO|database.py-upgrade_schema:285] >> 테이블 'mysafety_duplicate_group' 생성 중...
[2026-09-26 20:06:54,266][INFO|database.py-upgrade_schema:285] >> 테이블 'mysafety_duplicate_member' 생성 중...
[2026-09-26 20:06:54,267][INFO|database.py-upgrade_schema:285] >> 테이블 'mysafety_entry_value' 생성 중...
[2026-09-26 20:06:54,269][INFO|database.py-upgrade_schema:285] >> 테이블 'mysafety_geocode_cache' 생성 중...
[2026-09-26 20:06:54,271][INFO|database.py-upgrade_schema:285] >> 테이블 'mysafety_raw_content' 생성 중...
[2026-09-26 20:06:54,273][INFO|database.py-upgrade_schema:285] >> 테이블 'mysafety_report_override' 생성 중...
[2026-09-26 20:06:54,276][INFO|database.py-upgrade_schema:285] >> 테이블 'mysafety_sync_meta' 생성 중...
[2026-09-26 20:06:54,278][INFO|database.py-upgrade_schema:285] >> 테이블 'mysafety_watchlist' 생성 중...
[2026-09-26 20:06:54,281][INFO|database.py-upgrade_schema:285] >> 테이블 'mysafetydetail_other' 생성 중...
[2026-09-26 20:06:54,284][INFO|database.py-upgrade_schema:285] >> 테이블 'mysafetydetail_parking' 생성 중...
[2026-09-26 20:06:54,287][INFO|database.py-upgrade_schema:285] >> 테이블 'mysafetydetail_traffic' 생성 중...
[2026-09-26 20:06:54,290][INFO|database.py-upgrade_schema:285] >> 테이블 'mysafetymerge_other' 생성 중...
[2026-09-26 20:06:54,293][INFO|database.py-upgrade_schema:285] >> 테이블 'mysafetymerge_parking' 생성 중...
[2026-09-26 20:06:54,295][INFO|database.py-upgrade_schema:285] >> 테이블 'mysafetymerge_traffic' 생성 중...
[2026-09-26 20:06:54,299][INFO|database.py-_apply_versioned_migrations:452] >> [schema] DB 스키마 버전 1 적용
[2026-09-26 20:06:54,305][INFO|database.py-_apply_versioned_migrations:452] >> [schema] DB 스키마 버전 2 적용
[2026-09-26 20:06:54,309][INFO|database.py-_apply_versioned_migrations:452] >> [schema] DB 스키마 버전 3 적용
[2026-09-26 20:06:54,324][INFO|database.py-_apply_versioned_migrations:452] >> [schema] DB 스키마 버전 4 적용
[2026-09-26 20:06:54,338][INFO|duplicate_group_service.py-_log_info:53] >> [duplicate] payload exact 중복군 0개, 멤버 0건 재생성
[2026-09-26 20:06:54,374][INFO|database.py-backfill_synced_at:100] >> [migration] mysafetydetail_traffic synced_at 백필: 12건, 미해결 0건
[2026-09-26 20:06:54,377][INFO|database.py-backfill_synced_at:100] >> [migration] mysafetydetail_parking synced_at 백필: 6건, 미해결 0건
[2026-09-26 20:06:54,381][INFO|database.py-backfill_synced_at:100] >> [migration] mysafetydetail_other synced_at 백필: 6건, 미해결 0건
[2026-09-26 20:06:54,382][INFO|database.py-backfill_synced_at:105] >> [migration] synced_at 백필 완료: 총 24건 갱신, merge 재생성 시작
[2026-09-26 20:06:54,388][INFO|database.py-merge_final:736] >> 최종 데이터 병합 완료 (Traffic/Parking/Other 분리)
[2026-09-26 20:06:54,413][INFO|duplicate_group_service.py-_log_info:53] >> [duplicate] payload exact 중복군 1개, 멤버 2건 재생성
[2026-09-26 20:06:54,420][INFO|database.py-merge_final:736] >> 최종 데이터 병합 완료 (Traffic/Parking/Other 분리)
[2026-09-26 20:06:54,443][INFO|duplicate_group_service.py-_log_info:53] >> [duplicate] payload exact 중복군 1개, 멤버 2건 재생성
.[2026-09-26 20:06:54,620][INFO|database.py-upgrade_schema:285] >> 테이블 'admin_users' 생성 중...
[2026-09-26 20:06:54,626][INFO|database.py-upgrade_schema:285] >> 테이블 'api_keys' 생성 중...
[2026-09-26 20:06:54,628][INFO|database.py-upgrade_schema:285] >> 테이블 'mysafety' 생성 중...
[2026-09-26 20:06:54,635][INFO|database.py-upgrade_schema:285] >> 테이블 'mysafety_change_cursor' 생성 중...
[2026-09-26 20:06:54,638][INFO|database.py-upgrade_schema:285] >> 테이블 'mysafety_change_log' 생성 중...
[2026-09-26 20:06:54,640][INFO|database.py-upgrade_schema:285] >> 테이블 'mysafety_duplicate_decision' 생성 중...
[2026-09-26 20:06:54,642][INFO|database.py-upgrade_schema:285] >> 테이블 'mysafety_duplicate_group' 생성 중...
[2026-09-26 20:06:54,643][INFO|database.py-upgrade_schema:285] >> 테이블 'mysafety_duplicate_member' 생성 중...
[2026-09-26 20:06:54,645][INFO|database.py-upgrade_schema:285] >> 테이블 'mysafety_entry_value' 생성 중...
[2026-09-26 20:06:54,646][INFO|database.py-upgrade_schema:285] >> 테이블 'mysafety_geocode_cache' 생성 중...
[2026-09-26 20:06:54,648][INFO|database.py-upgrade_schema:285] >> 테이블 'mysafety_raw_content' 생성 중...
[2026-09-26 20:06:54,649][INFO|database.py-upgrade_schema:285] >> 테이블 'mysafety_report_override' 생성 중...
[2026-09-26 20:06:54,650][INFO|database.py-upgrade_schema:285] >> 테이블 'mysafety_sync_meta' 생성 중...
[2026-09-26 20:06:54,654][INFO|database.py-upgrade_schema:285] >> 테이블 'mysafety_watchlist' 생성 중...
[2026-09-26 20:06:54,656][INFO|database.py-upgrade_schema:285] >> 테이블 'mysafetydetail_other' 생성 중...
[2026-09-26 20:06:54,657][INFO|database.py-upgrade_schema:285] >> 테이블 'mysafetydetail_parking' 생성 중...
[2026-09-26 20:06:54,661][INFO|database.py-upgrade_schema:285] >> 테이블 'mysafetydetail_traffic' 생성 중...
[2026-09-26 20:06:54,666][INFO|database.py-upgrade_schema:285] >> 테이블 'mysafetymerge_other' 생성 중...
[2026-09-26 20:06:54,667][INFO|database.py-upgrade_schema:285] >> 테이블 'mysafetymerge_parking' 생성 중...
[2026-09-26 20:06:54,669][INFO|database.py-upgrade_schema:285] >> 테이블 'mysafetymerge_traffic' 생성 중...
[2026-09-26 20:06:54,673][INFO|database.py-_apply_versioned_migrations:452] >> [schema] DB 스키마 버전 1 적용
[2026-09-26 20:06:54,677][INFO|database.py-_apply_versioned_migrations:452] >> [schema] DB 스키마 버전 2 적용
[2026-09-26 20:06:54,679][INFO|database.py-_apply_versioned_migrations:452] >> [schema] DB 스키마 버전 3 적용
[2026-09-26 20:06:54,696][INFO|database.py-_apply_versioned_migrations:452] >> [schema] DB 스키마 버전 4 적용
[2026-09-26 20:06:54,711][INFO|duplicate_group_service.py-_log_info:53] >> [duplicate] payload exact 중복군 0개, 멤버 0건 재생성
[2026-09-26 20:06:54,745][INFO|database.py-backfill_synced_at:100] >> [migration] mysafetydetail_traffic synced_at 백필: 12건, 미해결 0건
[2026-09-26 20:06:54,748][INFO|database.py-backfill_synced_at:100] >> [migration] mysafetydetail_parking synced_at 백필: 6건, 미해결 0건
[2026-09-26 20:06:54,751][INFO|database.py-backfill_synced_at:100] >> [migration] mysafetydetail_other synced_at 백필: 6건, 미해결 0건
[2026-09-26 20:06:54,752][INFO|database.py-backfill_synced_at:105] >> [migration] synced_at 백필 완료: 총 24건 갱신, merge 재생성 시작
[2026-09-26 20:06:54,759][INFO|database.py-merge_final:736] >> 최종 데이터 병합 완료 (Traffic/Parking/Other 분리)
[2026-09-26 20:06:54,782][INFO|duplicate_group_service.py-_log_info:53] >> [duplicate] payload exact 중복군 1개, 멤버 2건 재생성
[2026-09-26 20:06:54,790][INFO|database.py-merge_final:736] >> 최종 데이터 병합 완료 (Traffic/Parking/Other 분리)
[2026-09-26 20:06:54,815][INFO|duplicate_group_service.py-_log_info:53] >> [duplicate] payload exact 중복군 1개, 멤버 2건 재생성
[2026-09-26 20:06:55,516][INFO|database.py-_normalize_processing_layers:188] >> [migration] raw/canonical 상태 정규화 완료: 총 5건 갱신
[2026-09-26 20:06:55,528][INFO|database.py-merge_final:736] >> 최종 데이터 병합 완료 (Traffic/Parking/Other 분리)
[2026-09-26 20:06:55,558][INFO|duplicate_group_service.py-_log_info:53] >> [duplicate] payload exact 중복군 1개, 멤버 2건 재생성
[2026-09-26 20:06:55,580][INFO|database.py-merge_final:736] >> 최종 데이터 병합 완료 (Traffic/Parking/Other 분리)
[2026-09-26 20:06:55,595][INFO|duplicate_group_service.py-_log_info:53] >> [duplicate] payload exact 중복군 0개, 멤버 0건 재생성
[2026-09-26 20:06:55,617][INFO|exchange.py-_restore_exclusive:413] >> mobile DB 복원 완료. 백업: /tmp/claude-1000/-home-better0101-projects-safetyreport/aa9d30e6-e7a5-4376-8fce-c9fb26682fbe/scratchpad/tmp.n9yNStgd1j/backups/data_before_restore_20260926_200655.db, 신고건수: 1
.[2026-09-26 20:06:55,633][INFO|database.py-upgrade_schema:285] >> 테이블 'admin_users' 생성 중...
[2026-09-26 20:06:55,636][INFO|database.py-upgrade_schema:285] >> 테이블 'api_keys' 생성 중...
[2026-09-26 20:06:55,641][INFO|database.py-upgrade_schema:285] >> 테이블 'mysafety' 생성 중...
[2026-09-26 20:06:55,647][INFO|database.py-upgrade_schema:285] >> 테이블 'mysafety_change_cursor' 생성 중...
[2026-09-26 20:06:55,650][INFO|database.py-upgrade_schema:285] >> 테이블 'mysafety_change_log' 생성 중...
[2026-09-26 20:06:55,652][INFO|database.py-upgrade_schema:285] >> 테이블 'mysafety_duplicate_decision' 생성 중...
[2026-09-26 20:06:55,654][INFO|database.py-upgrade_schema:285] >> 테이블 'mysafety_duplicate_group' 생성 중...
[2026-09-26 20:06:55,655][INFO|database.py-upgrade_schema:285] >> 테이블 'mysafety_duplicate_member' 생성 중...
[2026-09-26 20:06:55,657][INFO|database.py-upgrade_schema:285] >> 테이블 'mysafety_entry_value' 생성 중...
[2026-09-26 20:06:55,658][INFO|database.py-upgrade_schema:285] >> 테이블 'mysafety_geocode_cache' 생성 중...
[2026-09-26 20:06:55,660][INFO|database.py-upgrade_schema:285] >> 테이블 'mysafety_raw_content' 생성 중...
[2026-09-26 20:06:55,662][INFO|database.py-upgrade_schema:285] >> 테이블 'mysafety_report_override' 생성 중...
[2026-09-26 20:06:55,663][INFO|database.py-upgrade_schema:285] >> 테이블 'mysafety_sync_meta' 생성 중...
[2026-09-26 20:06:55,664][INFO|database.py-upgrade_schema:285] >> 테이블 'mysafety_watchlist' 생성 중...
[2026-09-26 20:06:55,666][INFO|database.py-upgrade_schema:285] >> 테이블 'mysafetydetail_other' 생성 중...
[2026-09-26 20:06:55,668][INFO|database.py-upgrade_schema:285] >> 테이블 'mysafetydetail_parking' 생성 중...
[2026-09-26 20:06:55,671][INFO|database.py-upgrade_schema:285] >> 테이블 'mysafetydetail_traffic' 생성 중...
[2026-09-26 20:06:55,673][INFO|database.py-upgrade_schema:285] >> 테이블 'mysafetymerge_other' 생성 중...
[2026-09-26 20:06:55,676][INFO|database.py-upgrade_schema:285] >> 테이블 'mysafetymerge_parking' 생성 중...
[2026-09-26 20:06:55,680][INFO|database.py-upgrade_schema:285] >> 테이블 'mysafetymerge_traffic' 생성 중...
[2026-09-26 20:06:55,685][INFO|database.py-_apply_versioned_migrations:452] >> [schema] DB 스키마 버전 1 적용
[2026-09-26 20:06:55,690][INFO|database.py-_apply_versioned_migrations:452] >> [schema] DB 스키마 버전 2 적용
[2026-09-26 20:06:55,692][INFO|database.py-_apply_versioned_migrations:452] >> [schema] DB 스키마 버전 3 적용
[2026-09-26 20:06:55,704][INFO|database.py-_apply_versioned_migrations:452] >> [schema] DB 스키마 버전 4 적용
/home/better0101/projects/safetyreport/.venv/lib/python3.14/site-packages/sqlalchemy/sql/compiler.py:726: ResourceWarning: unclosed database in <sqlite3.Connection object at 0x7eb49c8149a0>
  stack = collections.deque([start_with])
ResourceWarning: Enable tracemalloc to get the object allocation traceback
[2026-09-26 20:06:55,739][INFO|duplicate_group_service.py-_log_info:53] >> [duplicate] payload exact 중복군 0개, 멤버 0건 재생성
[2026-09-26 20:06:55,773][INFO|database.py-backfill_synced_at:100] >> [migration] mysafetydetail_traffic synced_at 백필: 12건, 미해결 0건
[2026-09-26 20:06:55,776][INFO|database.py-backfill_synced_at:100] >> [migration] mysafetydetail_parking synced_at 백필: 6건, 미해결 0건
[2026-09-26 20:06:55,779][INFO|database.py-backfill_synced_at:100] >> [migration] mysafetydetail_other synced_at 백필: 6건, 미해결 0건
[2026-09-26 20:06:55,781][INFO|database.py-backfill_synced_at:105] >> [migration] synced_at 백필 완료: 총 24건 갱신, merge 재생성 시작
[2026-09-26 20:06:55,799][INFO|database.py-merge_final:736] >> 최종 데이터 병합 완료 (Traffic/Parking/Other 분리)
[2026-09-26 20:06:55,823][INFO|duplicate_group_service.py-_log_info:53] >> [duplicate] payload exact 중복군 1개, 멤버 2건 재생성
[2026-09-26 20:06:55,837][INFO|database.py-merge_final:736] >> 최종 데이터 병합 완료 (Traffic/Parking/Other 분리)
[2026-09-26 20:06:55,860][INFO|duplicate_group_service.py-_log_info:53] >> [duplicate] payload exact 중복군 1개, 멤버 2건 재생성
.[2026-09-26 20:06:56,005][INFO|database.py-upgrade_schema:285] >> 테이블 'admin_users' 생성 중...
[2026-09-26 20:06:56,012][INFO|database.py-upgrade_schema:285] >> 테이블 'api_keys' 생성 중...
[2026-09-26 20:06:56,017][INFO|database.py-upgrade_schema:285] >> 테이블 'mysafety' 생성 중...
[2026-09-26 20:06:56,021][INFO|database.py-upgrade_schema:285] >> 테이블 'mysafety_change_cursor' 생성 중...
[2026-09-26 20:06:56,023][INFO|database.py-upgrade_schema:285] >> 테이블 'mysafety_change_log' 생성 중...
[2026-09-26 20:06:56,025][INFO|database.py-upgrade_schema:285] >> 테이블 'mysafety_duplicate_decision' 생성 중...
[2026-09-26 20:06:56,028][INFO|database.py-upgrade_schema:285] >> 테이블 'mysafety_duplicate_group' 생성 중...
[2026-09-26 20:06:56,031][INFO|database.py-upgrade_schema:285] >> 테이블 'mysafety_duplicate_member' 생성 중...
[2026-09-26 20:06:56,035][INFO|database.py-upgrade_schema:285] >> 테이블 'mysafety_entry_value' 생성 중...
[2026-09-26 20:06:56,037][INFO|database.py-upgrade_schema:285] >> 테이블 'mysafety_geocode_cache' 생성 중...
[2026-09-26 20:06:56,042][INFO|database.py-upgrade_schema:285] >> 테이블 'mysafety_raw_content' 생성 중...
[2026-09-26 20:06:56,048][INFO|database.py-upgrade_schema:285] >> 테이블 'mysafety_report_override' 생성 중...
[2026-09-26 20:06:56,050][INFO|database.py-upgrade_schema:285] >> 테이블 'mysafety_sync_meta' 생성 중...
[2026-09-26 20:06:56,053][INFO|database.py-upgrade_schema:285] >> 테이블 'mysafety_watchlist' 생성 중...
[2026-09-26 20:06:56,055][INFO|database.py-upgrade_schema:285] >> 테이블 'mysafetydetail_other' 생성 중...
[2026-09-26 20:06:56,058][INFO|database.py-upgrade_schema:285] >> 테이블 'mysafetydetail_parking' 생성 중...
[2026-09-26 20:06:56,061][INFO|database.py-upgrade_schema:285] >> 테이블 'mysafetydetail_traffic' 생성 중...
[2026-09-26 20:06:56,062][INFO|database.py-upgrade_schema:285] >> 테이블 'mysafetymerge_other' 생성 중...
[2026-09-26 20:06:56,065][INFO|database.py-upgrade_schema:285] >> 테이블 'mysafetymerge_parking' 생성 중...
[2026-09-26 20:06:56,067][INFO|database.py-upgrade_schema:285] >> 테이블 'mysafetymerge_traffic' 생성 중...
[2026-09-26 20:06:56,073][INFO|database.py-_apply_versioned_migrations:452] >> [schema] DB 스키마 버전 1 적용
[2026-09-26 20:06:56,088][INFO|database.py-_apply_versioned_migrations:452] >> [schema] DB 스키마 버전 2 적용
[2026-09-26 20:06:56,092][INFO|database.py-_apply_versioned_migrations:452] >> [schema] DB 스키마 버전 3 적용
[2026-09-26 20:06:56,107][INFO|database.py-_apply_versioned_migrations:452] >> [schema] DB 스키마 버전 4 적용
[2026-09-26 20:06:56,136][INFO|duplicate_group_service.py-_log_info:53] >> [duplicate] payload exact 중복군 0개, 멤버 0건 재생성
[2026-09-26 20:06:56,172][INFO|database.py-backfill_synced_at:100] >> [migration] mysafetydetail_traffic synced_at 백필: 12건, 미해결 0건
[2026-09-26 20:06:56,176][INFO|database.py-backfill_synced_at:100] >> [migration] mysafetydetail_parking synced_at 백필: 6건, 미해결 0건
[2026-09-26 20:06:56,179][INFO|database.py-backfill_synced_at:100] >> [migration] mysafetydetail_other synced_at 백필: 6건, 미해결 0건
[2026-09-26 20:06:56,182][INFO|database.py-backfill_synced_at:105] >> [migration] synced_at 백필 완료: 총 24건 갱신, merge 재생성 시작
[2026-09-26 20:06:56,194][INFO|database.py-merge_final:736] >> 최종 데이터 병합 완료 (Traffic/Parking/Other 분리)
[2026-09-26 20:06:56,221][INFO|duplicate_group_service.py-_log_info:53] >> [duplicate] payload exact 중복군 1개, 멤버 2건 재생성
[2026-09-26 20:06:56,229][INFO|database.py-merge_final:736] >> 최종 데이터 병합 완료 (Traffic/Parking/Other 분리)
[2026-09-26 20:06:56,252][INFO|duplicate_group_service.py-_log_info:53] >> [duplicate] payload exact 중복군 1개, 멤버 2건 재생성
[2026-09-26 20:06:56,381][INFO|database.py-_get_new_and_incomplete_ids:460] >> 신규, 미종결 신고 건 스캔 시작
[2026-09-26 20:06:56,388][INFO|database.py-get_pending_detail_ids:618] >> 스캔대상 ID 총 24건
[2026-09-26 20:06:56,391][INFO|database.py-_get_new_and_incomplete_ids:460] >> 신규, 미종결 신고 건 스캔 시작
[2026-09-26 20:06:56,397][INFO|database.py-get_pending_detail_ids:618] >> 스캔대상 ID 총 24건
.[2026-09-26 20:06:56,407][INFO|database.py-upgrade_schema:285] >> 테이블 'admin_users' 생성 중...
[2026-09-26 20:06:56,412][INFO|database.py-upgrade_schema:285] >> 테이블 'api_keys' 생성 중...
[2026-09-26 20:06:56,418][INFO|database.py-upgrade_schema:285] >> 테이블 'mysafety' 생성 중...
[2026-09-26 20:06:56,421][INFO|database.py-upgrade_schema:285] >> 테이블 'mysafety_change_cursor' 생성 중...
[2026-09-26 20:06:56,423][INFO|database.py-upgrade_schema:285] >> 테이블 'mysafety_change_log' 생성 중...
[2026-09-26 20:06:56,424][INFO|database.py-upgrade_schema:285] >> 테이블 'mysafety_duplicate_decision' 생성 중...
[2026-09-26 20:06:56,426][INFO|database.py-upgrade_schema:285] >> 테이블 'mysafety_duplicate_group' 생성 중...
[2026-09-26 20:06:56,427][INFO|database.py-upgrade_schema:285] >> 테이블 'mysafety_duplicate_member' 생성 중...
[2026-09-26 20:06:56,429][INFO|database.py-upgrade_schema:285] >> 테이블 'mysafety_entry_value' 생성 중...
[2026-09-26 20:06:56,431][INFO|database.py-upgrade_schema:285] >> 테이블 'mysafety_geocode_cache' 생성 중...
[2026-09-26 20:06:56,433][INFO|database.py-upgrade_schema:285] >> 테이블 'mysafety_raw_content' 생성 중...
[2026-09-26 20:06:56,435][INFO|database.py-upgrade_schema:285] >> 테이블 'mysafety_report_override' 생성 중...
[2026-09-26 20:06:56,436][INFO|database.py-upgrade_schema:285] >> 테이블 'mysafety_sync_meta' 생성 중...
[2026-09-26 20:06:56,438][INFO|database.py-upgrade_schema:285] >> 테이블 'mysafety_watchlist' 생성 중...
[2026-09-26 20:06:56,440][INFO|database.py-upgrade_schema:285] >> 테이블 'mysafetydetail_other' 생성 중...
[2026-09-26 20:06:56,442][INFO|database.py-upgrade_schema:285] >> 테이블 'mysafetydetail_parking' 생성 중...
[2026-09-26 20:06:56,444][INFO|database.py-upgrade_schema:285] >> 테이블 'mysafetydetail_traffic' 생성 중...
[2026-09-26 20:06:56,446][INFO|database.py-upgrade_schema:285] >> 테이블 'mysafetymerge_other' 생성 중...
[2026-09-26 20:06:56,453][INFO|database.py-upgrade_schema:285] >> 테이블 'mysafetymerge_parking' 생성 중...
[2026-09-26 20:06:56,456][INFO|database.py-upgrade_schema:285] >> 테이블 'mysafetymerge_traffic' 생성 중...
[2026-09-26 20:06:56,461][INFO|database.py-_apply_versioned_migrations:452] >> [schema] DB 스키마 버전 1 적용
[2026-09-26 20:06:56,468][INFO|database.py-_apply_versioned_migrations:452] >> [schema] DB 스키마 버전 2 적용
[2026-09-26 20:06:56,470][INFO|database.py-_apply_versioned_migrations:452] >> [schema] DB 스키마 버전 3 적용
[2026-09-26 20:06:56,483][INFO|database.py-_apply_versioned_migrations:452] >> [schema] DB 스키마 버전 4 적용
[2026-09-26 20:06:56,511][INFO|duplicate_group_service.py-_log_info:53] >> [duplicate] payload exact 중복군 0개, 멤버 0건 재생성
[2026-09-26 20:06:56,549][INFO|database.py-backfill_synced_at:100] >> [migration] mysafetydetail_traffic synced_at 백필: 12건, 미해결 0건
[2026-09-26 20:06:56,552][INFO|database.py-backfill_synced_at:100] >> [migration] mysafetydetail_parking synced_at 백필: 6건, 미해결 0건
[2026-09-26 20:06:56,556][INFO|database.py-backfill_synced_at:100] >> [migration] mysafetydetail_other synced_at 백필: 6건, 미해결 0건
[2026-09-26 20:06:56,558][INFO|database.py-backfill_synced_at:105] >> [migration] synced_at 백필 완료: 총 24건 갱신, merge 재생성 시작
[2026-09-26 20:06:56,572][INFO|database.py-merge_final:736] >> 최종 데이터 병합 완료 (Traffic/Parking/Other 분리)
[2026-09-26 20:06:56,602][INFO|duplicate_group_service.py-_log_info:53] >> [duplicate] payload exact 중복군 1개, 멤버 2건 재생성
[2026-09-26 20:06:56,610][INFO|database.py-merge_final:736] >> 최종 데이터 병합 완료 (Traffic/Parking/Other 분리)
[2026-09-26 20:06:56,633][INFO|duplicate_group_service.py-_log_info:53] >> [duplicate] payload exact 중복군 1개, 멤버 2건 재생성
[2026-09-26 20:06:56,781][INFO|geocode_service.py-prepare_geo_payload:590] >> [geocode] 설정 누락으로 지오코딩 보류: 카카오 REST API 키가 비어 있습니다.
[2026-09-26 20:06:56,825][INFO|duplicate_group_service.py-_log_info:53] >> [duplicate] payload exact 중복군 1개, 멤버 2건 재생성
[2026-09-26 20:06:56,827][INFO|database.py-detail_to_sql:723] >> 총 1건 detail 저장 완료. (변경/신규: 1건, 실패: 0건)
[2026-09-26 20:06:56,836][INFO|database.py-merge_final:736] >> 최종 데이터 병합 완료 (Traffic/Parking/Other 분리)
[2026-09-26 20:06:56,859][INFO|duplicate_group_service.py-_log_info:53] >> [duplicate] payload exact 중복군 1개, 멤버 2건 재생성
.[2026-09-26 20:06:56,879][INFO|database.py-upgrade_schema:285] >> 테이블 'admin_users' 생성 중...
[2026-09-26 20:06:56,885][INFO|database.py-upgrade_schema:285] >> 테이블 'api_keys' 생성 중...
[2026-09-26 20:06:56,887][INFO|database.py-upgrade_schema:285] >> 테이블 'mysafety' 생성 중...
[2026-09-26 20:06:56,889][INFO|database.py-upgrade_schema:285] >> 테이블 'mysafety_change_cursor' 생성 중...
[2026-09-26 20:06:56,895][INFO|database.py-upgrade_schema:285] >> 테이블 'mysafety_change_log' 생성 중...
[2026-09-26 20:06:56,897][INFO|database.py-upgrade_schema:285] >> 테이블 'mysafety_duplicate_decision' 생성 중...
[2026-09-26 20:06:56,899][INFO|database.py-upgrade_schema:285] >> 테이블 'mysafety_duplicate_group' 생성 중...
[2026-09-26 20:06:56,900][INFO|database.py-upgrade_schema:285] >> 테이블 'mysafety_duplicate_member' 생성 중...
[2026-09-26 20:06:56,902][INFO|database.py-upgrade_schema:285] >> 테이블 'mysafety_entry_value' 생성 중...
[2026-09-26 20:06:56,903][INFO|database.py-upgrade_schema:285] >> 테이블 'mysafety_geocode_cache' 생성 중...
[2026-09-26 20:06:56,905][INFO|database.py-upgrade_schema:285] >> 테이블 'mysafety_raw_content' 생성 중...
[2026-09-26 20:06:56,906][INFO|database.py-upgrade_schema:285] >> 테이블 'mysafety_report_override' 생성 중...
[2026-09-26 20:06:56,908][INFO|database.py-upgrade_schema:285] >> 테이블 'mysafety_sync_meta' 생성 중...
[2026-09-26 20:06:56,909][INFO|database.py-upgrade_schema:285] >> 테이블 'mysafety_watchlist' 생성 중...
[2026-09-26 20:06:56,911][INFO|database.py-upgrade_schema:285] >> 테이블 'mysafetydetail_other' 생성 중...
[2026-09-26 20:06:56,913][INFO|database.py-upgrade_schema:285] >> 테이블 'mysafetydetail_parking' 생성 중...
[2026-09-26 20:06:56,915][INFO|database.py-upgrade_schema:285] >> 테이블 'mysafetydetail_traffic' 생성 중...
[2026-09-26 20:06:56,916][INFO|database.py-upgrade_schema:285] >> 테이블 'mysafetymerge_other' 생성 중...
[2026-09-26 20:06:56,921][INFO|database.py-upgrade_schema:285] >> 테이블 'mysafetymerge_parking' 생성 중...
[2026-09-26 20:06:56,924][INFO|database.py-upgrade_schema:285] >> 테이블 'mysafetymerge_traffic' 생성 중...
[2026-09-26 20:06:56,928][INFO|database.py-_apply_versioned_migrations:452] >> [schema] DB 스키마 버전 1 적용
[2026-09-26 20:06:56,933][INFO|database.py-_apply_versioned_migrations:452] >> [schema] DB 스키마 버전 2 적용
[2026-09-26 20:06:56,936][INFO|database.py-_apply_versioned_migrations:452] >> [schema] DB 스키마 버전 3 적용
[2026-09-26 20:06:56,957][INFO|database.py-_apply_versioned_migrations:452] >> [schema] DB 스키마 버전 4 적용
[2026-09-26 20:06:56,985][INFO|duplicate_group_service.py-_log_info:53] >> [duplicate] payload exact 중복군 0개, 멤버 0건 재생성
[2026-09-26 20:06:57,019][INFO|database.py-backfill_synced_at:100] >> [migration] mysafetydetail_traffic synced_at 백필: 12건, 미해결 0건
[2026-09-26 20:06:57,022][INFO|database.py-backfill_synced_at:100] >> [migration] mysafetydetail_parking synced_at 백필: 6건, 미해결 0건
[2026-09-26 20:06:57,025][INFO|database.py-backfill_synced_at:100] >> [migration] mysafetydetail_other synced_at 백필: 6건, 미해결 0건
[2026-09-26 20:06:57,033][INFO|database.py-backfill_synced_at:105] >> [migration] synced_at 백필 완료: 총 24건 갱신, merge 재생성 시작
[2026-09-26 20:06:57,045][INFO|database.py-merge_final:736] >> 최종 데이터 병합 완료 (Traffic/Parking/Other 분리)
[2026-09-26 20:06:57,069][INFO|duplicate_group_service.py-_log_info:53] >> [duplicate] payload exact 중복군 1개, 멤버 2건 재생성
[2026-09-26 20:06:57,076][INFO|database.py-merge_final:736] >> 최종 데이터 병합 완료 (Traffic/Parking/Other 분리)
[2026-09-26 20:06:57,098][INFO|duplicate_group_service.py-_log_info:53] >> [duplicate] payload exact 중복군 1개, 멤버 2건 재생성
[2026-09-26 20:06:57,246][INFO|database.py-title_to_sql:694] >> 총 1건 title 테이블 upsert 완료. (신규: 0건)
[2026-09-26 20:06:57,253][INFO|database.py-title_to_sql:694] >> 총 1건 title 테이블 upsert 완료. (신규: 0건)
.[2026-09-26 20:06:57,262][INFO|database.py-upgrade_schema:285] >> 테이블 'admin_users' 생성 중...
[2026-09-26 20:06:57,268][INFO|database.py-upgrade_schema:285] >> 테이블 'api_keys' 생성 중...
[2026-09-26 20:06:57,271][INFO|database.py-upgrade_schema:285] >> 테이블 'mysafety' 생성 중...
[2026-09-26 20:06:57,275][INFO|database.py-upgrade_schema:285] >> 테이블 'mysafety_change_cursor' 생성 중...
[2026-09-26 20:06:57,277][INFO|database.py-upgrade_schema:285] >> 테이블 'mysafety_change_log' 생성 중...
[2026-09-26 20:06:57,279][INFO|database.py-upgrade_schema:285] >> 테이블 'mysafety_duplicate_decision' 생성 중...
[2026-09-26 20:06:57,281][INFO|database.py-upgrade_schema:285] >> 테이블 'mysafety_duplicate_group' 생성 중...
[2026-09-26 20:06:57,283][INFO|database.py-upgrade_schema:285] >> 테이블 'mysafety_duplicate_member' 생성 중...
[2026-09-26 20:06:57,286][INFO|database.py-upgrade_schema:285] >> 테이블 'mysafety_entry_value' 생성 중...
[2026-09-26 20:06:57,288][INFO|database.py-upgrade_schema:285] >> 테이블 'mysafety_geocode_cache' 생성 중...
[2026-09-26 20:06:57,290][INFO|database.py-upgrade_schema:285] >> 테이블 'mysafety_raw_content' 생성 중...
[2026-09-26 20:06:57,292][INFO|database.py-upgrade_schema:285] >> 테이블 'mysafety_report_override' 생성 중...
[2026-09-26 20:06:57,294][INFO|database.py-upgrade_schema:285] >> 테이블 'mysafety_sync_meta' 생성 중...
[2026-09-26 20:06:57,295][INFO|database.py-upgrade_schema:285] >> 테이블 'mysafety_watchlist' 생성 중...
[2026-09-26 20:06:57,297][INFO|database.py-upgrade_schema:285] >> 테이블 'mysafetydetail_other' 생성 중...
[2026-09-26 20:06:57,299][INFO|database.py-upgrade_schema:285] >> 테이블 'mysafetydetail_parking' 생성 중...
[2026-09-26 20:06:57,301][INFO|database.py-upgrade_schema:285] >> 테이블 'mysafetydetail_traffic' 생성 중...
[2026-09-26 20:06:57,304][INFO|database.py-upgrade_schema:285] >> 테이블 'mysafetymerge_other' 생성 중...
[2026-09-26 20:06:57,307][INFO|database.py-upgrade_schema:285] >> 테이블 'mysafetymerge_parking' 생성 중...
[2026-09-26 20:06:57,309][INFO|database.py-upgrade_schema:285] >> 테이블 'mysafetymerge_traffic' 생성 중...
[2026-09-26 20:06:57,318][INFO|database.py-_apply_versioned_migrations:452] >> [schema] DB 스키마 버전 1 적용
[2026-09-26 20:06:57,324][INFO|database.py-_apply_versioned_migrations:452] >> [schema] DB 스키마 버전 2 적용
[2026-09-26 20:06:57,326][INFO|database.py-_apply_versioned_migrations:452] >> [schema] DB 스키마 버전 3 적용
[2026-09-26 20:06:57,343][INFO|database.py-_apply_versioned_migrations:452] >> [schema] DB 스키마 버전 4 적용
[2026-09-26 20:06:57,370][INFO|duplicate_group_service.py-_log_info:53] >> [duplicate] payload exact 중복군 0개, 멤버 0건 재생성
[2026-09-26 20:06:57,403][INFO|database.py-backfill_synced_at:100] >> [migration] mysafetydetail_traffic synced_at 백필: 12건, 미해결 0건
[2026-09-26 20:06:57,407][INFO|database.py-backfill_synced_at:100] >> [migration] mysafetydetail_parking synced_at 백필: 6건, 미해결 0건
[2026-09-26 20:06:57,410][INFO|database.py-backfill_synced_at:100] >> [migration] mysafetydetail_other synced_at 백필: 6건, 미해결 0건
[2026-09-26 20:06:57,412][INFO|database.py-backfill_synced_at:105] >> [migration] synced_at 백필 완료: 총 24건 갱신, merge 재생성 시작
[2026-09-26 20:06:57,424][INFO|database.py-merge_final:736] >> 최종 데이터 병합 완료 (Traffic/Parking/Other 분리)
[2026-09-26 20:06:57,453][INFO|duplicate_group_service.py-_log_info:53] >> [duplicate] payload exact 중복군 1개, 멤버 2건 재생성
[2026-09-26 20:06:57,461][INFO|database.py-merge_final:736] >> 최종 데이터 병합 완료 (Traffic/Parking/Other 분리)
[2026-09-26 20:06:57,490][INFO|duplicate_group_service.py-_log_info:53] >> [duplicate] payload exact 중복군 1개, 멤버 2건 재생성
.[2026-09-26 20:06:57,664][INFO|database.py-upgrade_schema:285] >> 테이블 'admin_users' 생성 중...
[2026-09-26 20:06:57,667][INFO|database.py-upgrade_schema:285] >> 테이블 'api_keys' 생성 중...
[2026-09-26 20:06:57,669][INFO|database.py-upgrade_schema:285] >> 테이블 'mysafety' 생성 중...
[2026-09-26 20:06:57,671][INFO|database.py-upgrade_schema:285] >> 테이블 'mysafety_change_cursor' 생성 중...
[2026-09-26 20:06:57,673][INFO|database.py-upgrade_schema:285] >> 테이블 'mysafety_change_log' 생성 중...
[2026-09-26 20:06:57,674][INFO|database.py-upgrade_schema:285] >> 테이블 'mysafety_duplicate_decision' 생성 중...
[2026-09-26 20:06:57,676][INFO|database.py-upgrade_schema:285] >> 테이블 'mysafety_duplicate_group' 생성 중...
[2026-09-26 20:06:57,681][INFO|database.py-upgrade_schema:285] >> 테이블 'mysafety_duplicate_member' 생성 중...
[2026-09-26 20:06:57,683][INFO|database.py-upgrade_schema:285] >> 테이블 'mysafety_entry_value' 생성 중...
[2026-09-26 20:06:57,684][INFO|database.py-upgrade_schema:285] >> 테이블 'mysafety_geocode_cache' 생성 중...
[2026-09-26 20:06:57,691][INFO|database.py-upgrade_schema:285] >> 테이블 'mysafety_raw_content' 생성 중...
[2026-09-26 20:06:57,694][INFO|database.py-upgrade_schema:285] >> 테이블 'mysafety_report_override' 생성 중...
[2026-09-26 20:06:57,695][INFO|database.py-upgrade_schema:285] >> 테이블 'mysafety_sync_meta' 생성 중...
[2026-09-26 20:06:57,697][INFO|database.py-upgrade_schema:285] >> 테이블 'mysafety_watchlist' 생성 중...
[2026-09-26 20:06:57,699][INFO|database.py-upgrade_schema:285] >> 테이블 'mysafetydetail_other' 생성 중...
[2026-09-26 20:06:57,701][INFO|database.py-upgrade_schema:285] >> 테이블 'mysafetydetail_parking' 생성 중...
[2026-09-26 20:06:57,703][INFO|database.py-upgrade_schema:285] >> 테이블 'mysafetydetail_traffic' 생성 중...
[2026-09-26 20:06:57,704][INFO|database.py-upgrade_schema:285] >> 테이블 'mysafetymerge_other' 생성 중...
[2026-09-26 20:06:57,707][INFO|database.py-upgrade_schema:285] >> 테이블 'mysafetymerge_parking' 생성 중...
[2026-09-26 20:06:57,710][INFO|database.py-upgrade_schema:285] >> 테이블 'mysafetymerge_traffic' 생성 중...
[2026-09-26 20:06:57,714][INFO|database.py-_apply_versioned_migrations:452] >> [schema] DB 스키마 버전 1 적용
[2026-09-26 20:06:57,722][INFO|database.py-_apply_versioned_migrations:452] >> [schema] DB 스키마 버전 2 적용
[2026-09-26 20:06:57,723][INFO|database.py-_apply_versioned_migrations:452] >> [schema] DB 스키마 버전 3 적용
[2026-09-26 20:06:57,745][INFO|database.py-_apply_versioned_migrations:452] >> [schema] DB 스키마 버전 4 적용
[2026-09-26 20:06:57,771][INFO|duplicate_group_service.py-_log_info:53] >> [duplicate] payload exact 중복군 0개, 멤버 0건 재생성
[2026-09-26 20:06:57,806][INFO|database.py-backfill_synced_at:100] >> [migration] mysafetydetail_traffic synced_at 백필: 12건, 미해결 0건
[2026-09-26 20:06:57,809][INFO|database.py-backfill_synced_at:100] >> [migration] mysafetydetail_parking synced_at 백필: 6건, 미해결 0건
[2026-09-26 20:06:57,813][INFO|database.py-backfill_synced_at:100] >> [migration] mysafetydetail_other synced_at 백필: 6건, 미해결 0건
[2026-09-26 20:06:57,815][INFO|database.py-backfill_synced_at:105] >> [migration] synced_at 백필 완료: 총 24건 갱신, merge 재생성 시작
[2026-09-26 20:06:57,827][INFO|database.py-merge_final:736] >> 최종 데이터 병합 완료 (Traffic/Parking/Other 분리)
[2026-09-26 20:06:57,849][INFO|duplicate_group_service.py-_log_info:53] >> [duplicate] payload exact 중복군 1개, 멤버 2건 재생성
[2026-09-26 20:06:57,862][INFO|database.py-merge_final:736] >> 최종 데이터 병합 완료 (Traffic/Parking/Other 분리)
[2026-09-26 20:06:57,884][INFO|duplicate_group_service.py-_log_info:53] >> [duplicate] payload exact 중복군 1개, 멤버 2건 재생성
.[2026-09-26 20:06:58,041][INFO|database.py-upgrade_schema:285] >> 테이블 'admin_users' 생성 중...
[2026-09-26 20:06:58,047][INFO|database.py-upgrade_schema:285] >> 테이블 'api_keys' 생성 중...
[2026-09-26 20:06:58,049][INFO|database.py-upgrade_schema:285] >> 테이블 'mysafety' 생성 중...
[2026-09-26 20:06:58,051][INFO|database.py-upgrade_schema:285] >> 테이블 'mysafety_change_cursor' 생성 중...
[2026-09-26 20:06:58,053][INFO|database.py-upgrade_schema:285] >> 테이블 'mysafety_change_log' 생성 중...
[2026-09-26 20:06:58,055][INFO|database.py-upgrade_schema:285] >> 테이블 'mysafety_duplicate_decision' 생성 중...
[2026-09-26 20:06:58,057][INFO|database.py-upgrade_schema:285] >> 테이블 'mysafety_duplicate_group' 생성 중...
[2026-09-26 20:06:58,062][INFO|database.py-upgrade_schema:285] >> 테이블 'mysafety_duplicate_member' 생성 중...
[2026-09-26 20:06:58,066][INFO|database.py-upgrade_schema:285] >> 테이블 'mysafety_entry_value' 생성 중...
[2026-09-26 20:06:58,068][INFO|database.py-upgrade_schema:285] >> 테이블 'mysafety_geocode_cache' 생성 중...
[2026-09-26 20:06:58,070][INFO|database.py-upgrade_schema:285] >> 테이블 'mysafety_raw_content' 생성 중...
[2026-09-26 20:06:58,072][INFO|database.py-upgrade_schema:285] >> 테이블 'mysafety_report_override' 생성 중...
[2026-09-26 20:06:58,074][INFO|database.py-upgrade_schema:285] >> 테이블 'mysafety_sync_meta' 생성 중...
[2026-09-26 20:06:58,076][INFO|database.py-upgrade_schema:285] >> 테이블 'mysafety_watchlist' 생성 중...
[2026-09-26 20:06:58,084][INFO|database.py-upgrade_schema:285] >> 테이블 'mysafetydetail_other' 생성 중...
[2026-09-26 20:06:58,086][INFO|database.py-upgrade_schema:285] >> 테이블 'mysafetydetail_parking' 생성 중...
[2026-09-26 20:06:58,088][INFO|database.py-upgrade_schema:285] >> 테이블 'mysafetydetail_traffic' 생성 중...
[2026-09-26 20:06:58,090][INFO|database.py-upgrade_schema:285] >> 테이블 'mysafetymerge_other' 생성 중...
[2026-09-26 20:06:58,095][INFO|database.py-upgrade_schema:285] >> 테이블 'mysafetymerge_parking' 생성 중...
[2026-09-26 20:06:58,098][INFO|database.py-upgrade_schema:285] >> 테이블 'mysafetymerge_traffic' 생성 중...
[2026-09-26 20:06:58,103][INFO|database.py-_apply_versioned_migrations:452] >> [schema] DB 스키마 버전 1 적용
[2026-09-26 20:06:58,111][INFO|database.py-_apply_versioned_migrations:452] >> [schema] DB 스키마 버전 2 적용
[2026-09-26 20:06:58,114][INFO|database.py-_apply_versioned_migrations:452] >> [schema] DB 스키마 버전 3 적용
[2026-09-26 20:06:58,136][INFO|database.py-_apply_versioned_migrations:452] >> [schema] DB 스키마 버전 4 적용
[2026-09-26 20:06:58,168][INFO|duplicate_group_service.py-_log_info:53] >> [duplicate] payload exact 중복군 0개, 멤버 0건 재생성
[2026-09-26 20:06:58,206][INFO|database.py-backfill_synced_at:100] >> [migration] mysafetydetail_traffic synced_at 백필: 12건, 미해결 0건
[2026-09-26 20:06:58,209][INFO|database.py-backfill_synced_at:100] >> [migration] mysafetydetail_parking synced_at 백필: 6건, 미해결 0건
[2026-09-26 20:06:58,214][INFO|database.py-backfill_synced_at:100] >> [migration] mysafetydetail_other synced_at 백필: 6건, 미해결 0건
[2026-09-26 20:06:58,216][INFO|database.py-backfill_synced_at:105] >> [migration] synced_at 백필 완료: 총 24건 갱신, merge 재생성 시작
[2026-09-26 20:06:58,236][INFO|database.py-merge_final:736] >> 최종 데이터 병합 완료 (Traffic/Parking/Other 분리)
[2026-09-26 20:06:58,264][INFO|duplicate_group_service.py-_log_info:53] >> [duplicate] payload exact 중복군 1개, 멤버 2건 재생성
[2026-09-26 20:06:58,275][INFO|database.py-merge_final:736] >> 최종 데이터 병합 완료 (Traffic/Parking/Other 분리)
[2026-09-26 20:06:58,307][INFO|duplicate_group_service.py-_log_info:53] >> [duplicate] payload exact 중복군 1개, 멤버 2건 재생성
.[2026-09-26 20:06:58,473][INFO|database.py-upgrade_schema:285] >> 테이블 'admin_users' 생성 중...
[2026-09-26 20:06:58,479][INFO|database.py-upgrade_schema:285] >> 테이블 'api_keys' 생성 중...
[2026-09-26 20:06:58,482][INFO|database.py-upgrade_schema:285] >> 테이블 'mysafety' 생성 중...
[2026-09-26 20:06:58,485][INFO|database.py-upgrade_schema:285] >> 테이블 'mysafety_change_cursor' 생성 중...
[2026-09-26 20:06:58,487][INFO|database.py-upgrade_schema:285] >> 테이블 'mysafety_change_log' 생성 중...
[2026-09-26 20:06:58,494][INFO|database.py-upgrade_schema:285] >> 테이블 'mysafety_duplicate_decision' 생성 중...
[2026-09-26 20:06:58,497][INFO|database.py-upgrade_schema:285] >> 테이블 'mysafety_duplicate_group' 생성 중...
[2026-09-26 20:06:58,500][INFO|database.py-upgrade_schema:285] >> 테이블 'mysafety_duplicate_member' 생성 중...
[2026-09-26 20:06:58,503][INFO|database.py-upgrade_schema:285] >> 테이블 'mysafety_entry_value' 생성 중...
[2026-09-26 20:06:58,505][INFO|database.py-upgrade_schema:285] >> 테이블 'mysafety_geocode_cache' 생성 중...
[2026-09-26 20:06:58,509][INFO|database.py-upgrade_schema:285] >> 테이블 'mysafety_raw_content' 생성 중...
[2026-09-26 20:06:58,512][INFO|database.py-upgrade_schema:285] >> 테이블 'mysafety_report_override' 생성 중...
[2026-09-26 20:06:58,516][INFO|database.py-upgrade_schema:285] >> 테이블 'mysafety_sync_meta' 생성 중...
[2026-09-26 20:06:58,520][INFO|database.py-upgrade_schema:285] >> 테이블 'mysafety_watchlist' 생성 중...
[2026-09-26 20:06:58,522][INFO|database.py-upgrade_schema:285] >> 테이블 'mysafetydetail_other' 생성 중...
[2026-09-26 20:06:58,524][INFO|database.py-upgrade_schema:285] >> 테이블 'mysafetydetail_parking' 생성 중...
[2026-09-26 20:06:58,526][INFO|database.py-upgrade_schema:285] >> 테이블 'mysafetydetail_traffic' 생성 중...
[2026-09-26 20:06:58,527][INFO|database.py-upgrade_schema:285] >> 테이블 'mysafetymerge_other' 생성 중...
[2026-09-26 20:06:58,529][INFO|database.py-upgrade_schema:285] >> 테이블 'mysafetymerge_parking' 생성 중...
[2026-09-26 20:06:58,531][INFO|database.py-upgrade_schema:285] >> 테이블 'mysafetymerge_traffic' 생성 중...
[2026-09-26 20:06:58,535][INFO|database.py-_apply_versioned_migrations:452] >> [schema] DB 스키마 버전 1 적용
[2026-09-26 20:06:58,540][INFO|database.py-_apply_versioned_migrations:452] >> [schema] DB 스키마 버전 2 적용
[2026-09-26 20:06:58,542][INFO|database.py-_apply_versioned_migrations:452] >> [schema] DB 스키마 버전 3 적용
[2026-09-26 20:06:58,564][INFO|database.py-_apply_versioned_migrations:452] >> [schema] DB 스키마 버전 4 적용
[2026-09-26 20:06:58,592][INFO|duplicate_group_service.py-_log_info:53] >> [duplicate] payload exact 중복군 0개, 멤버 0건 재생성
[2026-09-26 20:06:58,630][INFO|database.py-backfill_synced_at:100] >> [migration] mysafetydetail_traffic synced_at 백필: 12건, 미해결 0건
[2026-09-26 20:06:58,634][INFO|database.py-backfill_synced_at:100] >> [migration] mysafetydetail_parking synced_at 백필: 6건, 미해결 0건
[2026-09-26 20:06:58,637][INFO|database.py-backfill_synced_at:100] >> [migration] mysafetydetail_other synced_at 백필: 6건, 미해결 0건
[2026-09-26 20:06:58,639][INFO|database.py-backfill_synced_at:105] >> [migration] synced_at 백필 완료: 총 24건 갱신, merge 재생성 시작
[2026-09-26 20:06:58,651][INFO|database.py-merge_final:736] >> 최종 데이터 병합 완료 (Traffic/Parking/Other 분리)
[2026-09-26 20:06:58,675][INFO|duplicate_group_service.py-_log_info:53] >> [duplicate] payload exact 중복군 1개, 멤버 2건 재생성
[2026-09-26 20:06:58,684][INFO|database.py-merge_final:736] >> 최종 데이터 병합 완료 (Traffic/Parking/Other 분리)
[2026-09-26 20:06:58,707][INFO|duplicate_group_service.py-_log_info:53] >> [duplicate] payload exact 중복군 1개, 멤버 2건 재생성
.[2026-09-26 20:06:58,914][INFO|database.py-upgrade_schema:285] >> 테이블 'admin_users' 생성 중...
[2026-09-26 20:06:58,923][INFO|database.py-upgrade_schema:285] >> 테이블 'api_keys' 생성 중...
[2026-09-26 20:06:58,924][INFO|database.py-upgrade_schema:285] >> 테이블 'mysafety' 생성 중...
[2026-09-26 20:06:58,926][INFO|database.py-upgrade_schema:285] >> 테이블 'mysafety_change_cursor' 생성 중...
[2026-09-26 20:06:58,927][INFO|database.py-upgrade_schema:285] >> 테이블 'mysafety_change_log' 생성 중...
[2026-09-26 20:06:58,929][INFO|database.py-upgrade_schema:285] >> 테이블 'mysafety_duplicate_decision' 생성 중...
[2026-09-26 20:06:58,930][INFO|database.py-upgrade_schema:285] >> 테이블 'mysafety_duplicate_group' 생성 중...
[2026-09-26 20:06:58,932][INFO|database.py-upgrade_schema:285] >> 테이블 'mysafety_duplicate_member' 생성 중...
[2026-09-26 20:06:58,935][INFO|database.py-upgrade_schema:285] >> 테이블 'mysafety_entry_value' 생성 중...
[2026-09-26 20:06:58,936][INFO|database.py-upgrade_schema:285] >> 테이블 'mysafety_geocode_cache' 생성 중...
[2026-09-26 20:06:58,938][INFO|database.py-upgrade_schema:285] >> 테이블 'mysafety_raw_content' 생성 중...
[2026-09-26 20:06:58,939][INFO|database.py-upgrade_schema:285] >> 테이블 'mysafety_report_override' 생성 중...
[2026-09-26 20:06:58,941][INFO|database.py-upgrade_schema:285] >> 테이블 'mysafety_sync_meta' 생성 중...
[2026-09-26 20:06:58,943][INFO|database.py-upgrade_schema:285] >> 테이블 'mysafety_watchlist' 생성 중...
[2026-09-26 20:06:58,947][INFO|database.py-upgrade_schema:285] >> 테이블 'mysafetydetail_other' 생성 중...
[2026-09-26 20:06:58,949][INFO|database.py-upgrade_schema:285] >> 테이블 'mysafetydetail_parking' 생성 중...
[2026-09-26 20:06:58,954][INFO|database.py-upgrade_schema:285] >> 테이블 'mysafetydetail_traffic' 생성 중...
[2026-09-26 20:06:58,957][INFO|database.py-upgrade_schema:285] >> 테이블 'mysafetymerge_other' 생성 중...
[2026-09-26 20:06:58,960][INFO|database.py-upgrade_schema:285] >> 테이블 'mysafetymerge_parking' 생성 중...
[2026-09-26 20:06:58,962][INFO|database.py-upgrade_schema:285] >> 테이블 'mysafetymerge_traffic' 생성 중...
[2026-09-26 20:06:58,966][INFO|database.py-_apply_versioned_migrations:452] >> [schema] DB 스키마 버전 1 적용
[2026-09-26 20:06:58,971][INFO|database.py-_apply_versioned_migrations:452] >> [schema] DB 스키마 버전 2 적용
[2026-09-26 20:06:58,973][INFO|database.py-_apply_versioned_migrations:452] >> [schema] DB 스키마 버전 3 적용
[2026-09-26 20:06:58,995][INFO|database.py-_apply_versioned_migrations:452] >> [schema] DB 스키마 버전 4 적용
[2026-09-26 20:06:59,021][INFO|duplicate_group_service.py-_log_info:53] >> [duplicate] payload exact 중복군 0개, 멤버 0건 재생성
[2026-09-26 20:06:59,061][INFO|database.py-backfill_synced_at:100] >> [migration] mysafetydetail_traffic synced_at 백필: 12건, 미해결 0건
[2026-09-26 20:06:59,064][INFO|database.py-backfill_synced_at:100] >> [migration] mysafetydetail_parking synced_at 백필: 6건, 미해결 0건
[2026-09-26 20:06:59,068][INFO|database.py-backfill_synced_at:100] >> [migration] mysafetydetail_other synced_at 백필: 6건, 미해결 0건
[2026-09-26 20:06:59,069][INFO|database.py-backfill_synced_at:105] >> [migration] synced_at 백필 완료: 총 24건 갱신, merge 재생성 시작
[2026-09-26 20:06:59,081][INFO|database.py-merge_final:736] >> 최종 데이터 병합 완료 (Traffic/Parking/Other 분리)
[2026-09-26 20:06:59,113][INFO|duplicate_group_service.py-_log_info:53] >> [duplicate] payload exact 중복군 1개, 멤버 2건 재생성
[2026-09-26 20:06:59,123][INFO|database.py-merge_final:736] >> 최종 데이터 병합 완료 (Traffic/Parking/Other 분리)
[2026-09-26 20:06:59,147][INFO|duplicate_group_service.py-_log_info:53] >> [duplicate] payload exact 중복군 1개, 멤버 2건 재생성
[2026-09-26 20:06:59,288][INFO|geocode_service.py-prepare_geo_payload:590] >> [geocode] 설정 누락으로 지오코딩 보류: 카카오 REST API 키가 비어 있습니다.
[2026-09-26 20:06:59,343][INFO|duplicate_group_service.py-_log_info:53] >> [duplicate] payload exact 중복군 1개, 멤버 2건 재생성
[2026-09-26 20:06:59,345][INFO|database.py-detail_to_sql:723] >> 총 1건 detail 저장 완료. (변경/신규: 1건, 실패: 0건)
[2026-09-26 20:06:59,348][INFO|geocode_service.py-prepare_geo_payload:590] >> [geocode] 설정 누락으로 지오코딩 보류: 카카오 REST API 키가 비어 있습니다.
[2026-09-26 20:06:59,384][INFO|duplicate_group_service.py-_log_info:53] >> [duplicate] payload exact 중복군 1개, 멤버 2건 재생성
[2026-09-26 20:06:59,386][INFO|database.py-detail_to_sql:723] >> 총 1건 detail 저장 완료. (변경/신규: 0건, 실패: 0건)
[2026-09-26 20:06:59,390][INFO|geocode_service.py-prepare_geo_payload:590] >> [geocode] 설정 누락으로 지오코딩 보류: 카카오 REST API 키가 비어 있습니다.
[2026-09-26 20:06:59,429][INFO|duplicate_group_service.py-_log_info:53] >> [duplicate] payload exact 중복군 1개, 멤버 2건 재생성
[2026-09-26 20:06:59,431][INFO|database.py-detail_to_sql:723] >> 총 1건 detail 저장 완료. (변경/신규: 0건, 실패: 0건)
[2026-09-26 20:06:59,434][INFO|geocode_service.py-prepare_geo_payload:590] >> [geocode] 설정 누락으로 지오코딩 보류: 카카오 REST API 키가 비어 있습니다.
[2026-09-26 20:06:59,480][INFO|duplicate_group_service.py-_log_info:53] >> [duplicate] payload exact 중복군 1개, 멤버 2건 재생성
[2026-09-26 20:06:59,482][INFO|database.py-detail_to_sql:723] >> 총 1건 detail 저장 완료. (변경/신규: 1건, 실패: 0건)
.[2026-09-26 20:06:59,494][INFO|database.py-upgrade_schema:285] >> 테이블 'admin_users' 생성 중...
[2026-09-26 20:06:59,497][INFO|database.py-upgrade_schema:285] >> 테이블 'api_keys' 생성 중...
[2026-09-26 20:06:59,499][INFO|database.py-upgrade_schema:285] >> 테이블 'mysafety' 생성 중...
[2026-09-26 20:06:59,500][INFO|database.py-upgrade_schema:285] >> 테이블 'mysafety_change_cursor' 생성 중...
[2026-09-26 20:06:59,502][INFO|database.py-upgrade_schema:285] >> 테이블 'mysafety_change_log' 생성 중...
[2026-09-26 20:06:59,504][INFO|database.py-upgrade_schema:285] >> 테이블 'mysafety_duplicate_decision' 생성 중...
[2026-09-26 20:06:59,506][INFO|database.py-upgrade_schema:285] >> 테이블 'mysafety_duplicate_group' 생성 중...
[2026-09-26 20:06:59,508][INFO|database.py-upgrade_schema:285] >> 테이블 'mysafety_duplicate_member' 생성 중...
[2026-09-26 20:06:59,510][INFO|database.py-upgrade_schema:285] >> 테이블 'mysafety_entry_value' 생성 중...
[2026-09-26 20:06:59,513][INFO|database.py-upgrade_schema:285] >> 테이블 'mysafety_geocode_cache' 생성 중...
[2026-09-26 20:06:59,515][INFO|database.py-upgrade_schema:285] >> 테이블 'mysafety_raw_content' 생성 중...
[2026-09-26 20:06:59,520][INFO|database.py-upgrade_schema:285] >> 테이블 'mysafety_report_override' 생성 중...
[2026-09-26 20:06:59,523][INFO|database.py-upgrade_schema:285] >> 테이블 'mysafety_sync_meta' 생성 중...
[2026-09-26 20:06:59,524][INFO|database.py-upgrade_schema:285] >> 테이블 'mysafety_watchlist' 생성 중...
[2026-09-26 20:06:59,526][INFO|database.py-upgrade_schema:285] >> 테이블 'mysafetydetail_other' 생성 중...
[2026-09-26 20:06:59,529][INFO|database.py-upgrade_schema:285] >> 테이블 'mysafetydetail_parking' 생성 중...
[2026-09-26 20:06:59,531][INFO|database.py-upgrade_schema:285] >> 테이블 'mysafetydetail_traffic' 생성 중...
[2026-09-26 20:06:59,533][INFO|database.py-upgrade_schema:285] >> 테이블 'mysafetymerge_other' 생성 중...
[2026-09-26 20:06:59,535][INFO|database.py-upgrade_schema:285] >> 테이블 'mysafetymerge_parking' 생성 중...
[2026-09-26 20:06:59,537][INFO|database.py-upgrade_schema:285] >> 테이블 'mysafetymerge_traffic' 생성 중...
[2026-09-26 20:06:59,541][INFO|database.py-_apply_versioned_migrations:452] >> [schema] DB 스키마 버전 1 적용
[2026-09-26 20:06:59,546][INFO|database.py-_apply_versioned_migrations:452] >> [schema] DB 스키마 버전 2 적용
[2026-09-26 20:06:59,552][INFO|database.py-_apply_versioned_migrations:452] >> [schema] DB 스키마 버전 3 적용
[2026-09-26 20:06:59,575][INFO|database.py-_apply_versioned_migrations:452] >> [schema] DB 스키마 버전 4 적용
[2026-09-26 20:06:59,600][INFO|duplicate_group_service.py-_log_info:53] >> [duplicate] payload exact 중복군 0개, 멤버 0건 재생성
[2026-09-26 20:06:59,632][INFO|database.py-backfill_synced_at:100] >> [migration] mysafetydetail_traffic synced_at 백필: 12건, 미해결 0건
[2026-09-26 20:06:59,636][INFO|database.py-backfill_synced_at:100] >> [migration] mysafetydetail_parking synced_at 백필: 6건, 미해결 0건
[2026-09-26 20:06:59,639][INFO|database.py-backfill_synced_at:100] >> [migration] mysafetydetail_other synced_at 백필: 6건, 미해결 0건
[2026-09-26 20:06:59,643][INFO|database.py-backfill_synced_at:105] >> [migration] synced_at 백필 완료: 총 24건 갱신, merge 재생성 시작
[2026-09-26 20:06:59,655][INFO|database.py-merge_final:736] >> 최종 데이터 병합 완료 (Traffic/Parking/Other 분리)
[2026-09-26 20:06:59,680][INFO|duplicate_group_service.py-_log_info:53] >> [duplicate] payload exact 중복군 1개, 멤버 2건 재생성
[2026-09-26 20:06:59,696][INFO|database.py-merge_final:736] >> 최종 데이터 병합 완료 (Traffic/Parking/Other 분리)
[2026-09-26 20:06:59,719][INFO|duplicate_group_service.py-_log_info:53] >> [duplicate] payload exact 중복군 1개, 멤버 2건 재생성
.[2026-09-26 20:06:59,917][INFO|database.py-upgrade_schema:285] >> 테이블 'admin_users' 생성 중...
[2026-09-26 20:06:59,920][INFO|database.py-upgrade_schema:285] >> 테이블 'api_keys' 생성 중...
[2026-09-26 20:06:59,921][INFO|database.py-upgrade_schema:285] >> 테이블 'mysafety' 생성 중...
[2026-09-26 20:06:59,922][INFO|database.py-upgrade_schema:285] >> 테이블 'mysafety_change_cursor' 생성 중...
[2026-09-26 20:06:59,924][INFO|database.py-upgrade_schema:285] >> 테이블 'mysafety_change_log' 생성 중...
[2026-09-26 20:06:59,925][INFO|database.py-upgrade_schema:285] >> 테이블 'mysafety_duplicate_decision' 생성 중...
[2026-09-26 20:06:59,926][INFO|database.py-upgrade_schema:285] >> 테이블 'mysafety_duplicate_group' 생성 중...
[2026-09-26 20:06:59,928][INFO|database.py-upgrade_schema:285] >> 테이블 'mysafety_duplicate_member' 생성 중...
[2026-09-26 20:06:59,929][INFO|database.py-upgrade_schema:285] >> 테이블 'mysafety_entry_value' 생성 중...
[2026-09-26 20:06:59,934][INFO|database.py-upgrade_schema:285] >> 테이블 'mysafety_geocode_cache' 생성 중...
[2026-09-26 20:06:59,935][INFO|database.py-upgrade_schema:285] >> 테이블 'mysafety_raw_content' 생성 중...
[2026-09-26 20:06:59,944][INFO|database.py-upgrade_schema:285] >> 테이블 'mysafety_report_override' 생성 중...
[2026-09-26 20:06:59,945][INFO|database.py-upgrade_schema:285] >> 테이블 'mysafety_sync_meta' 생성 중...
[2026-09-26 20:06:59,947][INFO|database.py-upgrade_schema:285] >> 테이블 'mysafety_watchlist' 생성 중...
[2026-09-26 20:06:59,949][INFO|database.py-upgrade_schema:285] >> 테이블 'mysafetydetail_other' 생성 중...
[2026-09-26 20:06:59,951][INFO|database.py-upgrade_schema:285] >> 테이블 'mysafetydetail_parking' 생성 중...
[2026-09-26 20:06:59,952][INFO|database.py-upgrade_schema:285] >> 테이블 'mysafetydetail_traffic' 생성 중...
[2026-09-26 20:06:59,954][INFO|database.py-upgrade_schema:285] >> 테이블 'mysafetymerge_other' 생성 중...
[2026-09-26 20:06:59,956][INFO|database.py-upgrade_schema:285] >> 테이블 'mysafetymerge_parking' 생성 중...
[2026-09-26 20:06:59,958][INFO|database.py-upgrade_schema:285] >> 테이블 'mysafetymerge_traffic' 생성 중...
[2026-09-26 20:06:59,963][INFO|database.py-_apply_versioned_migrations:452] >> [schema] DB 스키마 버전 1 적용
[2026-09-26 20:06:59,971][INFO|database.py-_apply_versioned_migrations:452] >> [schema] DB 스키마 버전 2 적용
[2026-09-26 20:06:59,976][INFO|database.py-_apply_versioned_migrations:452] >> [schema] DB 스키마 버전 3 적용
[2026-09-26 20:06:59,991][INFO|database.py-_apply_versioned_migrations:452] >> [schema] DB 스키마 버전 4 적용
[2026-09-26 20:07:00,022][INFO|duplicate_group_service.py-_log_info:53] >> [duplicate] payload exact 중복군 0개, 멤버 0건 재생성
[2026-09-26 20:07:00,069][INFO|database.py-backfill_synced_at:100] >> [migration] mysafetydetail_traffic synced_at 백필: 12건, 미해결 0건
[2026-09-26 20:07:00,072][INFO|database.py-backfill_synced_at:100] >> [migration] mysafetydetail_parking synced_at 백필: 6건, 미해결 0건
[2026-09-26 20:07:00,076][INFO|database.py-backfill_synced_at:100] >> [migration] mysafetydetail_other synced_at 백필: 6건, 미해결 0건
[2026-09-26 20:07:00,078][INFO|database.py-backfill_synced_at:105] >> [migration] synced_at 백필 완료: 총 24건 갱신, merge 재생성 시작
[2026-09-26 20:07:00,091][INFO|database.py-merge_final:736] >> 최종 데이터 병합 완료 (Traffic/Parking/Other 분리)
[2026-09-26 20:07:00,117][INFO|duplicate_group_service.py-_log_info:53] >> [duplicate] payload exact 중복군 1개, 멤버 2건 재생성
[2026-09-26 20:07:00,130][INFO|database.py-merge_final:736] >> 최종 데이터 병합 완료 (Traffic/Parking/Other 분리)
[2026-09-26 20:07:00,164][INFO|duplicate_group_service.py-_log_info:53] >> [duplicate] payload exact 중복군 1개, 멤버 2건 재생성
[2026-09-26 20:07:00,302][INFO|database.py-title_to_sql:694] >> 총 1건 title 테이블 upsert 완료. (신규: 0건)
[2026-09-26 20:07:00,307][INFO|database.py-title_to_sql:694] >> 총 1건 title 테이블 upsert 완료. (신규: 0건)
..[2026-09-26 20:07:00,449][INFO|database.py-upgrade_schema:285] >> 테이블 'mysafety_change_cursor' 생성 중...
[2026-09-26 20:07:00,456][INFO|database.py-upgrade_schema:285] >> 테이블 'mysafety_change_log' 생성 중...
[2026-09-26 20:07:00,460][INFO|database.py-upgrade_schema:285] >> 테이블 'mysafety_duplicate_decision' 생성 중...
[2026-09-26 20:07:00,463][INFO|database.py-upgrade_schema:285] >> 테이블 'mysafety_geocode_cache' 생성 중...
[2026-09-26 20:07:00,469][INFO|database.py-upgrade_schema:285] >> 테이블 'mysafety_report_override' 생성 중...
[2026-09-26 20:07:00,471][WARNING|database.py-upgrade_schema:304] >> 'mysafetydetail_other' 테이블에 '주소정규화' 컬럼을 추가합니다.
[2026-09-26 20:07:00,478][WARNING|database.py-upgrade_schema:304] >> 'mysafetydetail_other' 테이블에 '행정구역' 컬럼을 추가합니다.
[2026-09-26 20:07:00,480][WARNING|database.py-upgrade_schema:304] >> 'mysafetydetail_other' 테이블에 '위도' 컬럼을 추가합니다.
[2026-09-26 20:07:00,482][WARNING|database.py-upgrade_schema:304] >> 'mysafetydetail_other' 테이블에 '경도' 컬럼을 추가합니다.
[2026-09-26 20:07:00,487][WARNING|database.py-upgrade_schema:304] >> 'mysafetydetail_other' 테이블에 '지오코딩상태' 컬럼을 추가합니다.
[2026-09-26 20:07:00,489][WARNING|database.py-upgrade_schema:304] >> 'mysafetydetail_other' 테이블에 '사진_첫촬영' 컬럼을 추가합니다.
[2026-09-26 20:07:00,491][WARNING|database.py-upgrade_schema:304] >> 'mysafetydetail_other' 테이블에 '사진_끝촬영' 컬럼을 추가합니다.
[2026-09-26 20:07:00,498][WARNING|database.py-upgrade_schema:304] >> 'mysafetydetail_other' 테이블에 '사진_촬영수' 컬럼을 추가합니다.
[2026-09-26 20:07:00,502][WARNING|database.py-upgrade_schema:304] >> 'mysafetydetail_parking' 테이블에 '주소정규화' 컬럼을 추가합니다.
[2026-09-26 20:07:00,503][WARNING|database.py-upgrade_schema:304] >> 'mysafetydetail_parking' 테이블에 '행정구역' 컬럼을 추가합니다.
[2026-09-26 20:07:00,505][WARNING|database.py-upgrade_schema:304] >> 'mysafetydetail_parking' 테이블에 '위도' 컬럼을 추가합니다.
[2026-09-26 20:07:00,507][WARNING|database.py-upgrade_schema:304] >> 'mysafetydetail_parking' 테이블에 '경도' 컬럼을 추가합니다.
[2026-09-26 20:07:00,509][WARNING|database.py-upgrade_schema:304] >> 'mysafetydetail_parking' 테이블에 '지오코딩상태' 컬럼을 추가합니다.
[2026-09-26 20:07:00,512][WARNING|database.py-upgrade_schema:304] >> 'mysafetydetail_parking' 테이블에 '사진_첫촬영' 컬럼을 추가합니다.
[2026-09-26 20:07:00,514][WARNING|database.py-upgrade_schema:304] >> 'mysafetydetail_parking' 테이블에 '사진_끝촬영' 컬럼을 추가합니다.
[2026-09-26 20:07:00,516][WARNING|database.py-upgrade_schema:304] >> 'mysafetydetail_parking' 테이블에 '사진_촬영수' 컬럼을 추가합니다.
[2026-09-26 20:07:00,519][WARNING|database.py-upgrade_schema:304] >> 'mysafetydetail_traffic' 테이블에 '주소정규화' 컬럼을 추가합니다.
[2026-09-26 20:07:00,522][WARNING|database.py-upgrade_schema:304] >> 'mysafetydetail_traffic' 테이블에 '행정구역' 컬럼을 추가합니다.
[2026-09-26 20:07:00,524][WARNING|database.py-upgrade_schema:304] >> 'mysafetydetail_traffic' 테이블에 '위도' 컬럼을 추가합니다.
[2026-09-26 20:07:00,530][WARNING|database.py-upgrade_schema:304] >> 'mysafetydetail_traffic' 테이블에 '경도' 컬럼을 추가합니다.
[2026-09-26 20:07:00,536][WARNING|database.py-upgrade_schema:304] >> 'mysafetydetail_traffic' 테이블에 '지오코딩상태' 컬럼을 추가합니다.
[2026-09-26 20:07:00,540][WARNING|database.py-upgrade_schema:304] >> 'mysafetydetail_traffic' 테이블에 '사진_첫촬영' 컬럼을 추가합니다.
[2026-09-26 20:07:00,542][WARNING|database.py-upgrade_schema:304] >> 'mysafetydetail_traffic' 테이블에 '사진_끝촬영' 컬럼을 추가합니다.
[2026-09-26 20:07:00,544][WARNING|database.py-upgrade_schema:304] >> 'mysafetydetail_traffic' 테이블에 '사진_촬영수' 컬럼을 추가합니다.
[2026-09-26 20:07:00,550][WARNING|database.py-upgrade_schema:304] >> 'mysafetymerge_other' 테이블에 '주소정규화' 컬럼을 추가합니다.
[2026-09-26 20:07:00,552][WARNING|database.py-upgrade_schema:304] >> 'mysafetymerge_other' 테이블에 '행정구역' 컬럼을 추가합니다.
[2026-09-26 20:07:00,559][WARNING|database.py-upgrade_schema:304] >> 'mysafetymerge_other' 테이블에 '위도' 컬럼을 추가합니다.
[2026-09-26 20:07:00,562][WARNING|database.py-upgrade_schema:304] >> 'mysafetymerge_other' 테이블에 '경도' 컬럼을 추가합니다.
[2026-09-26 20:07:00,564][WARNING|database.py-upgrade_schema:304] >> 'mysafetymerge_other' 테이블에 '지오코딩상태' 컬럼을 추가합니다.
[2026-09-26 20:07:00,566][WARNING|database.py-upgrade_schema:304] >> 'mysafetymerge_other' 테이블에 '사진_첫촬영' 컬럼을 추가합니다.
[2026-09-26 20:07:00,567][WARNING|database.py-upgrade_schema:304] >> 'mysafetymerge_other' 테이블에 '사진_끝촬영' 컬럼을 추가합니다.
[2026-09-26 20:07:00,569][WARNING|database.py-upgrade_schema:304] >> 'mysafetymerge_other' 테이블에 '사진_촬영수' 컬럼을 추가합니다.
[2026-09-26 20:07:00,571][WARNING|database.py-upgrade_schema:304] >> 'mysafetymerge_parking' 테이블에 '주소정규화' 컬럼을 추가합니다.
[2026-09-26 20:07:00,573][WARNING|database.py-upgrade_schema:304] >> 'mysafetymerge_parking' 테이블에 '행정구역' 컬럼을 추가합니다.
[2026-09-26 20:07:00,575][WARNING|database.py-upgrade_schema:304] >> 'mysafetymerge_parking' 테이블에 '위도' 컬럼을 추가합니다.
[2026-09-26 20:07:00,576][WARNING|database.py-upgrade_schema:304] >> 'mysafetymerge_parking' 테이블에 '경도' 컬럼을 추가합니다.
[2026-09-26 20:07:00,578][WARNING|database.py-upgrade_schema:304] >> 'mysafetymerge_parking' 테이블에 '지오코딩상태' 컬럼을 추가합니다.
[2026-09-26 20:07:00,579][WARNING|database.py-upgrade_schema:304] >> 'mysafetymerge_parking' 테이블에 '사진_첫촬영' 컬럼을 추가합니다.
[2026-09-26 20:07:00,581][WARNING|database.py-upgrade_schema:304] >> 'mysafetymerge_parking' 테이블에 '사진_끝촬영' 컬럼을 추가합니다.
[2026-09-26 20:07:00,583][WARNING|database.py-upgrade_schema:304] >> 'mysafetymerge_parking' 테이블에 '사진_촬영수' 컬럼을 추가합니다.
[2026-09-26 20:07:00,588][WARNING|database.py-upgrade_schema:304] >> 'mysafetymerge_traffic' 테이블에 '주소정규화' 컬럼을 추가합니다.
[2026-09-26 20:07:00,593][WARNING|database.py-upgrade_schema:304] >> 'mysafetymerge_traffic' 테이블에 '행정구역' 컬럼을 추가합니다.
[2026-09-26 20:07:00,596][WARNING|database.py-upgrade_schema:304] >> 'mysafetymerge_traffic' 테이블에 '위도' 컬럼을 추가합니다.
[2026-09-26 20:07:00,598][WARNING|database.py-upgrade_schema:304] >> 'mysafetymerge_traffic' 테이블에 '경도' 컬럼을 추가합니다.
[2026-09-26 20:07:00,600][WARNING|database.py-upgrade_schema:304] >> 'mysafetymerge_traffic' 테이블에 '지오코딩상태' 컬럼을 추가합니다.
[2026-09-26 20:07:00,602][WARNING|database.py-upgrade_schema:304] >> 'mysafetymerge_traffic' 테이블에 '사진_첫촬영' 컬럼을 추가합니다.
[2026-09-26 20:07:00,605][WARNING|database.py-upgrade_schema:304] >> 'mysafetymerge_traffic' 테이블에 '사진_끝촬영' 컬럼을 추가합니다.
[2026-09-26 20:07:00,606][WARNING|database.py-upgrade_schema:304] >> 'mysafetymerge_traffic' 테이블에 '사진_촬영수' 컬럼을 추가합니다.
[2026-09-26 20:07:00,610][INFO|database.py-_apply_versioned_migrations:452] >> [schema] DB 스키마 버전 1 적용
[2026-09-26 20:07:00,615][INFO|database.py-_apply_versioned_migrations:452] >> [schema] DB 스키마 버전 2 적용
[2026-09-26 20:07:00,617][INFO|database.py-_apply_versioned_migrations:452] >> [schema] DB 스키마 버전 3 적용
[2026-09-26 20:07:00,637][INFO|database.py-_apply_versioned_migrations:452] >> [schema] DB 스키마 버전 4 적용
.[2026-09-26 20:07:00,713][INFO|database.py-upgrade_schema:285] >> 테이블 'admin_users' 생성 중...
[2026-09-26 20:07:00,717][INFO|database.py-upgrade_schema:285] >> 테이블 'api_keys' 생성 중...
[2026-09-26 20:07:00,719][INFO|database.py-upgrade_schema:285] >> 테이블 'mysafety' 생성 중...
[2026-09-26 20:07:00,721][INFO|database.py-upgrade_schema:285] >> 테이블 'mysafety_change_cursor' 생성 중...
[2026-09-26 20:07:00,723][INFO|database.py-upgrade_schema:285] >> 테이블 'mysafety_change_log' 생성 중...
[2026-09-26 20:07:00,724][INFO|database.py-upgrade_schema:285] >> 테이블 'mysafety_duplicate_decision' 생성 중...
[2026-09-26 20:07:00,726][INFO|database.py-upgrade_schema:285] >> 테이블 'mysafety_duplicate_group' 생성 중...
[2026-09-26 20:07:00,729][INFO|database.py-upgrade_schema:285] >> 테이블 'mysafety_duplicate_member' 생성 중...
[2026-09-26 20:07:00,731][INFO|database.py-upgrade_schema:285] >> 테이블 'mysafety_entry_value' 생성 중...
[2026-09-26 20:07:00,736][INFO|database.py-upgrade_schema:285] >> 테이블 'mysafety_geocode_cache' 생성 중...
[2026-09-26 20:07:00,738][INFO|database.py-upgrade_schema:285] >> 테이블 'mysafety_raw_content' 생성 중...
[2026-09-26 20:07:00,740][INFO|database.py-upgrade_schema:285] >> 테이블 'mysafety_report_override' 생성 중...
[2026-09-26 20:07:00,742][INFO|database.py-upgrade_schema:285] >> 테이블 'mysafety_sync_meta' 생성 중...
[2026-09-26 20:07:00,744][INFO|database.py-upgrade_schema:285] >> 테이블 'mysafety_watchlist' 생성 중...
[2026-09-26 20:07:00,745][INFO|database.py-upgrade_schema:285] >> 테이블 'mysafetydetail_other' 생성 중...
[2026-09-26 20:07:00,747][INFO|database.py-upgrade_schema:285] >> 테이블 'mysafetydetail_parking' 생성 중...
[2026-09-26 20:07:00,749][INFO|database.py-upgrade_schema:285] >> 테이블 'mysafetydetail_traffic' 생성 중...
[2026-09-26 20:07:00,751][INFO|database.py-upgrade_schema:285] >> 테이블 'mysafetymerge_other' 생성 중...
[2026-09-26 20:07:00,754][INFO|database.py-upgrade_schema:285] >> 테이블 'mysafetymerge_parking' 생성 중...
[2026-09-26 20:07:00,756][INFO|database.py-upgrade_schema:285] >> 테이블 'mysafetymerge_traffic' 생성 중...
[2026-09-26 20:07:00,762][INFO|database.py-_apply_versioned_migrations:452] >> [schema] DB 스키마 버전 1 적용
[2026-09-26 20:07:00,769][INFO|database.py-_apply_versioned_migrations:452] >> [schema] DB 스키마 버전 2 적용
[2026-09-26 20:07:00,772][INFO|database.py-_apply_versioned_migrations:452] >> [schema] DB 스키마 버전 3 적용
[2026-09-26 20:07:00,784][INFO|database.py-_apply_versioned_migrations:452] >> [schema] DB 스키마 버전 4 적용
[2026-09-26 20:07:00,813][INFO|duplicate_group_service.py-_log_info:53] >> [duplicate] payload exact 중복군 0개, 멤버 0건 재생성
..[2026-09-26 20:07:00,956][INFO|database.py-backup_before_upgrade:436] >> [schema] 버전 0 → 4 올리기 전 DB 백업: /tmp/tmpv4t3pwe1/backups/before_schema_v0_20260926_200700.db
[2026-09-26 20:07:00,961][INFO|database.py-upgrade_schema:285] >> 테이블 'mysafety_change_cursor' 생성 중...
[2026-09-26 20:07:00,968][INFO|database.py-upgrade_schema:285] >> 테이블 'mysafety_change_log' 생성 중...
[2026-09-26 20:07:00,972][INFO|database.py-upgrade_schema:285] >> 테이블 'mysafety_duplicate_decision' 생성 중...
[2026-09-26 20:07:00,975][INFO|database.py-upgrade_schema:285] >> 테이블 'mysafety_geocode_cache' 생성 중...
[2026-09-26 20:07:00,978][INFO|database.py-upgrade_schema:285] >> 테이블 'mysafety_report_override' 생성 중...
[2026-09-26 20:07:00,980][WARNING|database.py-upgrade_schema:304] >> 'mysafetydetail_other' 테이블에 '주소정규화' 컬럼을 추가합니다.
[2026-09-26 20:07:00,982][WARNING|database.py-upgrade_schema:304] >> 'mysafetydetail_other' 테이블에 '행정구역' 컬럼을 추가합니다.
[2026-09-26 20:07:00,984][WARNING|database.py-upgrade_schema:304] >> 'mysafetydetail_other' 테이블에 '위도' 컬럼을 추가합니다.
[2026-09-26 20:07:00,986][WARNING|database.py-upgrade_schema:304] >> 'mysafetydetail_other' 테이블에 '경도' 컬럼을 추가합니다.
[2026-09-26 20:07:00,988][WARNING|database.py-upgrade_schema:304] >> 'mysafetydetail_other' 테이블에 '지오코딩상태' 컬럼을 추가합니다.
[2026-09-26 20:07:00,989][WARNING|database.py-upgrade_schema:304] >> 'mysafetydetail_other' 테이블에 '사진_첫촬영' 컬럼을 추가합니다.
[2026-09-26 20:07:00,991][WARNING|database.py-upgrade_schema:304] >> 'mysafetydetail_other' 테이블에 '사진_끝촬영' 컬럼을 추가합니다.
[2026-09-26 20:07:00,993][WARNING|database.py-upgrade_schema:304] >> 'mysafetydetail_other' 테이블에 '사진_촬영수' 컬럼을 추가합니다.
[2026-09-26 20:07:00,996][WARNING|database.py-upgrade_schema:304] >> 'mysafetydetail_parking' 테이블에 '주소정규화' 컬럼을 추가합니다.
[2026-09-26 20:07:00,998][WARNING|database.py-upgrade_schema:304] >> 'mysafetydetail_parking' 테이블에 '행정구역' 컬럼을 추가합니다.
[2026-09-26 20:07:01,002][WARNING|database.py-upgrade_schema:304] >> 'mysafetydetail_parking' 테이블에 '위도' 컬럼을 추가합니다.
[2026-09-26 20:07:01,005][WARNING|database.py-upgrade_schema:304] >> 'mysafetydetail_parking' 테이블에 '경도' 컬럼을 추가합니다.
[2026-09-26 20:07:01,006][WARNING|database.py-upgrade_schema:304] >> 'mysafetydetail_parking' 테이블에 '지오코딩상태' 컬럼을 추가합니다.
[2026-09-26 20:07:01,008][WARNING|database.py-upgrade_schema:304] >> 'mysafetydetail_parking' 테이블에 '사진_첫촬영' 컬럼을 추가합니다.
[2026-09-26 20:07:01,010][WARNING|database.py-upgrade_schema:304] >> 'mysafetydetail_parking' 테이블에 '사진_끝촬영' 컬럼을 추가합니다.
[2026-09-26 20:07:01,012][WARNING|database.py-upgrade_schema:304] >> 'mysafetydetail_parking' 테이블에 '사진_촬영수' 컬럼을 추가합니다.
[2026-09-26 20:07:01,014][WARNING|database.py-upgrade_schema:304] >> 'mysafetydetail_traffic' 테이블에 '주소정규화' 컬럼을 추가합니다.
[2026-09-26 20:07:01,016][WARNING|database.py-upgrade_schema:304] >> 'mysafetydetail_traffic' 테이블에 '행정구역' 컬럼을 추가합니다.
[2026-09-26 20:07:01,017][WARNING|database.py-upgrade_schema:304] >> 'mysafetydetail_traffic' 테이블에 '위도' 컬럼을 추가합니다.
[2026-09-26 20:07:01,019][WARNING|database.py-upgrade_schema:304] >> 'mysafetydetail_traffic' 테이블에 '경도' 컬럼을 추가합니다.
[2026-09-26 20:07:01,021][WARNING|database.py-upgrade_schema:304] >> 'mysafetydetail_traffic' 테이블에 '지오코딩상태' 컬럼을 추가합니다.
[2026-09-26 20:07:01,023][WARNING|database.py-upgrade_schema:304] >> 'mysafetydetail_traffic' 테이블에 '사진_첫촬영' 컬럼을 추가합니다.
[2026-09-26 20:07:01,024][WARNING|database.py-upgrade_schema:304] >> 'mysafetydetail_traffic' 테이블에 '사진_끝촬영' 컬럼을 추가합니다.
[2026-09-26 20:07:01,026][WARNING|database.py-upgrade_schema:304] >> 'mysafetydetail_traffic' 테이블에 '사진_촬영수' 컬럼을 추가합니다.
[2026-09-26 20:07:01,028][WARNING|database.py-upgrade_schema:304] >> 'mysafetymerge_other' 테이블에 '주소정규화' 컬럼을 추가합니다.
[2026-09-26 20:07:01,029][WARNING|database.py-upgrade_schema:304] >> 'mysafetymerge_other' 테이블에 '행정구역' 컬럼을 추가합니다.
[2026-09-26 20:07:01,031][WARNING|database.py-upgrade_schema:304] >> 'mysafetymerge_other' 테이블에 '위도' 컬럼을 추가합니다.
[2026-09-26 20:07:01,033][WARNING|database.py-upgrade_schema:304] >> 'mysafetymerge_other' 테이블에 '경도' 컬럼을 추가합니다.
[2026-09-26 20:07:01,035][WARNING|database.py-upgrade_schema:304] >> 'mysafetymerge_other' 테이블에 '지오코딩상태' 컬럼을 추가합니다.
[2026-09-26 20:07:01,037][WARNING|database.py-upgrade_schema:304] >> 'mysafetymerge_other' 테이블에 '사진_첫촬영' 컬럼을 추가합니다.
[2026-09-26 20:07:01,039][WARNING|database.py-upgrade_schema:304] >> 'mysafetymerge_other' 테이블에 '사진_끝촬영' 컬럼을 추가합니다.
[2026-09-26 20:07:01,040][WARNING|database.py-upgrade_schema:304] >> 'mysafetymerge_other' 테이블에 '사진_촬영수' 컬럼을 추가합니다.
[2026-09-26 20:07:01,043][WARNING|database.py-upgrade_schema:304] >> 'mysafetymerge_parking' 테이블에 '주소정규화' 컬럼을 추가합니다.
[2026-09-26 20:07:01,045][WARNING|database.py-upgrade_schema:304] >> 'mysafetymerge_parking' 테이블에 '행정구역' 컬럼을 추가합니다.
[2026-09-26 20:07:01,047][WARNING|database.py-upgrade_schema:304] >> 'mysafetymerge_parking' 테이블에 '위도' 컬럼을 추가합니다.
[2026-09-26 20:07:01,049][WARNING|database.py-upgrade_schema:304] >> 'mysafetymerge_parking' 테이블에 '경도' 컬럼을 추가합니다.
[2026-09-26 20:07:01,054][WARNING|database.py-upgrade_schema:304] >> 'mysafetymerge_parking' 테이블에 '지오코딩상태' 컬럼을 추가합니다.
[2026-09-26 20:07:01,056][WARNING|database.py-upgrade_schema:304] >> 'mysafetymerge_parking' 테이블에 '사진_첫촬영' 컬럼을 추가합니다.
[2026-09-26 20:07:01,061][WARNING|database.py-upgrade_schema:304] >> 'mysafetymerge_parking' 테이블에 '사진_끝촬영' 컬럼을 추가합니다.
[2026-09-26 20:07:01,065][WARNING|database.py-upgrade_schema:304] >> 'mysafetymerge_parking' 테이블에 '사진_촬영수' 컬럼을 추가합니다.
[2026-09-26 20:07:01,068][WARNING|database.py-upgrade_schema:304] >> 'mysafetymerge_traffic' 테이블에 '주소정규화' 컬럼을 추가합니다.
[2026-09-26 20:07:01,070][WARNING|database.py-upgrade_schema:304] >> 'mysafetymerge_traffic' 테이블에 '행정구역' 컬럼을 추가합니다.
[2026-09-26 20:07:01,074][WARNING|database.py-upgrade_schema:304] >> 'mysafetymerge_traffic' 테이블에 '위도' 컬럼을 추가합니다.
[2026-09-26 20:07:01,076][WARNING|database.py-upgrade_schema:304] >> 'mysafetymerge_traffic' 테이블에 '경도' 컬럼을 추가합니다.
[2026-09-26 20:07:01,083][WARNING|database.py-upgrade_schema:304] >> 'mysafetymerge_traffic' 테이블에 '지오코딩상태' 컬럼을 추가합니다.
[2026-09-26 20:07:01,085][WARNING|database.py-upgrade_schema:304] >> 'mysafetymerge_traffic' 테이블에 '사진_첫촬영' 컬럼을 추가합니다.
[2026-09-26 20:07:01,087][WARNING|database.py-upgrade_schema:304] >> 'mysafetymerge_traffic' 테이블에 '사진_끝촬영' 컬럼을 추가합니다.
[2026-09-26 20:07:01,089][WARNING|database.py-upgrade_schema:304] >> 'mysafetymerge_traffic' 테이블에 '사진_촬영수' 컬럼을 추가합니다.
[2026-09-26 20:07:01,092][INFO|database.py-_apply_versioned_migrations:452] >> [schema] DB 스키마 버전 1 적용
[2026-09-26 20:07:01,097][INFO|database.py-_apply_versioned_migrations:452] >> [schema] DB 스키마 버전 2 적용
[2026-09-26 20:07:01,100][INFO|database.py-_apply_versioned_migrations:452] >> [schema] DB 스키마 버전 3 적용
[2026-09-26 20:07:01,115][INFO|database.py-_apply_versioned_migrations:452] >> [schema] DB 스키마 버전 4 적용
[2026-09-26 20:07:01,150][INFO|duplicate_group_service.py-_log_info:53] >> [duplicate] payload exact 중복군 0개, 멤버 0건 재생성
[2026-09-26 20:07:01,182][INFO|duplicate_group_service.py-_log_info:53] >> [duplicate] payload exact 중복군 0개, 멤버 0건 재생성
.[2026-09-26 20:07:01,265][INFO|database.py-backup_before_upgrade:436] >> [schema] 버전 0 → 4 올리기 전 DB 백업: /tmp/tmp9wanz7kz/backups/before_schema_v0_20260926_200701.db
[2026-09-26 20:07:01,271][INFO|database.py-upgrade_schema:285] >> 테이블 'mysafety_change_cursor' 생성 중...
[2026-09-26 20:07:01,275][INFO|database.py-upgrade_schema:285] >> 테이블 'mysafety_change_log' 생성 중...
[2026-09-26 20:07:01,277][INFO|database.py-upgrade_schema:285] >> 테이블 'mysafety_duplicate_decision' 생성 중...
[2026-09-26 20:07:01,282][INFO|database.py-upgrade_schema:285] >> 테이블 'mysafety_geocode_cache' 생성 중...
[2026-09-26 20:07:01,287][INFO|database.py-upgrade_schema:285] >> 테이블 'mysafety_report_override' 생성 중...
[2026-09-26 20:07:01,290][WARNING|database.py-upgrade_schema:304] >> 'mysafetydetail_other' 테이블에 '주소정규화' 컬럼을 추가합니다.
[2026-09-26 20:07:01,292][WARNING|database.py-upgrade_schema:304] >> 'mysafetydetail_other' 테이블에 '행정구역' 컬럼을 추가합니다.
[2026-09-26 20:07:01,294][WARNING|database.py-upgrade_schema:304] >> 'mysafetydetail_other' 테이블에 '위도' 컬럼을 추가합니다.
[2026-09-26 20:07:01,295][WARNING|database.py-upgrade_schema:304] >> 'mysafetydetail_other' 테이블에 '경도' 컬럼을 추가합니다.
[2026-09-26 20:07:01,297][WARNING|database.py-upgrade_schema:304] >> 'mysafetydetail_other' 테이블에 '지오코딩상태' 컬럼을 추가합니다.
[2026-09-26 20:07:01,299][WARNING|database.py-upgrade_schema:304] >> 'mysafetydetail_other' 테이블에 '사진_첫촬영' 컬럼을 추가합니다.
[2026-09-26 20:07:01,300][WARNING|database.py-upgrade_schema:304] >> 'mysafetydetail_other' 테이블에 '사진_끝촬영' 컬럼을 추가합니다.
[2026-09-26 20:07:01,302][WARNING|database.py-upgrade_schema:304] >> 'mysafetydetail_other' 테이블에 '사진_촬영수' 컬럼을 추가합니다.
[2026-09-26 20:07:01,304][WARNING|database.py-upgrade_schema:304] >> 'mysafetydetail_parking' 테이블에 '주소정규화' 컬럼을 추가합니다.
[2026-09-26 20:07:01,308][WARNING|database.py-upgrade_schema:304] >> 'mysafetydetail_parking' 테이블에 '행정구역' 컬럼을 추가합니다.
[2026-09-26 20:07:01,310][WARNING|database.py-upgrade_schema:304] >> 'mysafetydetail_parking' 테이블에 '위도' 컬럼을 추가합니다.
[2026-09-26 20:07:01,318][WARNING|database.py-upgrade_schema:304] >> 'mysafetydetail_parking' 테이블에 '경도' 컬럼을 추가합니다.
[2026-09-26 20:07:01,321][WARNING|database.py-upgrade_schema:304] >> 'mysafetydetail_parking' 테이블에 '지오코딩상태' 컬럼을 추가합니다.
[2026-09-26 20:07:01,323][WARNING|database.py-upgrade_schema:304] >> 'mysafetydetail_parking' 테이블에 '사진_첫촬영' 컬럼을 추가합니다.
[2026-09-26 20:07:01,326][WARNING|database.py-upgrade_schema:304] >> 'mysafetydetail_parking' 테이블에 '사진_끝촬영' 컬럼을 추가합니다.
[2026-09-26 20:07:01,327][WARNING|database.py-upgrade_schema:304] >> 'mysafetydetail_parking' 테이블에 '사진_촬영수' 컬럼을 추가합니다.
[2026-09-26 20:07:01,330][WARNING|database.py-upgrade_schema:304] >> 'mysafetydetail_traffic' 테이블에 '주소정규화' 컬럼을 추가합니다.
[2026-09-26 20:07:01,332][WARNING|database.py-upgrade_schema:304] >> 'mysafetydetail_traffic' 테이블에 '행정구역' 컬럼을 추가합니다.
[2026-09-26 20:07:01,333][WARNING|database.py-upgrade_schema:304] >> 'mysafetydetail_traffic' 테이블에 '위도' 컬럼을 추가합니다.
[2026-09-26 20:07:01,335][WARNING|database.py-upgrade_schema:304] >> 'mysafetydetail_traffic' 테이블에 '경도' 컬럼을 추가합니다.
[2026-09-26 20:07:01,336][WARNING|database.py-upgrade_schema:304] >> 'mysafetydetail_traffic' 테이블에 '지오코딩상태' 컬럼을 추가합니다.
[2026-09-26 20:07:01,339][WARNING|database.py-upgrade_schema:304] >> 'mysafetydetail_traffic' 테이블에 '사진_첫촬영' 컬럼을 추가합니다.
[2026-09-26 20:07:01,342][WARNING|database.py-upgrade_schema:304] >> 'mysafetydetail_traffic' 테이블에 '사진_끝촬영' 컬럼을 추가합니다.
[2026-09-26 20:07:01,345][WARNING|database.py-upgrade_schema:304] >> 'mysafetydetail_traffic' 테이블에 '사진_촬영수' 컬럼을 추가합니다.
[2026-09-26 20:07:01,352][WARNING|database.py-upgrade_schema:304] >> 'mysafetymerge_other' 테이블에 '주소정규화' 컬럼을 추가합니다.
[2026-09-26 20:07:01,355][WARNING|database.py-upgrade_schema:304] >> 'mysafetymerge_other' 테이블에 '행정구역' 컬럼을 추가합니다.
[2026-09-26 20:07:01,358][WARNING|database.py-upgrade_schema:304] >> 'mysafetymerge_other' 테이블에 '위도' 컬럼을 추가합니다.
[2026-09-26 20:07:01,360][WARNING|database.py-upgrade_schema:304] >> 'mysafetymerge_other' 테이블에 '경도' 컬럼을 추가합니다.
[2026-09-26 20:07:01,362][WARNING|database.py-upgrade_schema:304] >> 'mysafetymerge_other' 테이블에 '지오코딩상태' 컬럼을 추가합니다.
[2026-09-26 20:07:01,364][WARNING|database.py-upgrade_schema:304] >> 'mysafetymerge_other' 테이블에 '사진_첫촬영' 컬럼을 추가합니다.
[2026-09-26 20:07:01,365][WARNING|database.py-upgrade_schema:304] >> 'mysafetymerge_other' 테이블에 '사진_끝촬영' 컬럼을 추가합니다.
[2026-09-26 20:07:01,367][WARNING|database.py-upgrade_schema:304] >> 'mysafetymerge_other' 테이블에 '사진_촬영수' 컬럼을 추가합니다.
[2026-09-26 20:07:01,370][WARNING|database.py-upgrade_schema:304] >> 'mysafetymerge_parking' 테이블에 '주소정규화' 컬럼을 추가합니다.
[2026-09-26 20:07:01,372][WARNING|database.py-upgrade_schema:304] >> 'mysafetymerge_parking' 테이블에 '행정구역' 컬럼을 추가합니다.
[2026-09-26 20:07:01,374][WARNING|database.py-upgrade_schema:304] >> 'mysafetymerge_parking' 테이블에 '위도' 컬럼을 추가합니다.
[2026-09-26 20:07:01,376][WARNING|database.py-upgrade_schema:304] >> 'mysafetymerge_parking' 테이블에 '경도' 컬럼을 추가합니다.
[2026-09-26 20:07:01,377][WARNING|database.py-upgrade_schema:304] >> 'mysafetymerge_parking' 테이블에 '지오코딩상태' 컬럼을 추가합니다.
[2026-09-26 20:07:01,379][WARNING|database.py-upgrade_schema:304] >> 'mysafetymerge_parking' 테이블에 '사진_첫촬영' 컬럼을 추가합니다.
[2026-09-26 20:07:01,381][WARNING|database.py-upgrade_schema:304] >> 'mysafetymerge_parking' 테이블에 '사진_끝촬영' 컬럼을 추가합니다.
[2026-09-26 20:07:01,382][WARNING|database.py-upgrade_schema:304] >> 'mysafetymerge_parking' 테이블에 '사진_촬영수' 컬럼을 추가합니다.
[2026-09-26 20:07:01,385][WARNING|database.py-upgrade_schema:304] >> 'mysafetymerge_traffic' 테이블에 '주소정규화' 컬럼을 추가합니다.
[2026-09-26 20:07:01,387][WARNING|database.py-upgrade_schema:304] >> 'mysafetymerge_traffic' 테이블에 '행정구역' 컬럼을 추가합니다.
[2026-09-26 20:07:01,390][WARNING|database.py-upgrade_schema:304] >> 'mysafetymerge_traffic' 테이블에 '위도' 컬럼을 추가합니다.
[2026-09-26 20:07:01,391][WARNING|database.py-upgrade_schema:304] >> 'mysafetymerge_traffic' 테이블에 '경도' 컬럼을 추가합니다.
[2026-09-26 20:07:01,393][WARNING|database.py-upgrade_schema:304] >> 'mysafetymerge_traffic' 테이블에 '지오코딩상태' 컬럼을 추가합니다.
[2026-09-26 20:07:01,395][WARNING|database.py-upgrade_schema:304] >> 'mysafetymerge_traffic' 테이블에 '사진_첫촬영' 컬럼을 추가합니다.
[2026-09-26 20:07:01,397][WARNING|database.py-upgrade_schema:304] >> 'mysafetymerge_traffic' 테이블에 '사진_끝촬영' 컬럼을 추가합니다.
[2026-09-26 20:07:01,398][WARNING|database.py-upgrade_schema:304] >> 'mysafetymerge_traffic' 테이블에 '사진_촬영수' 컬럼을 추가합니다.
[2026-09-26 20:07:01,402][INFO|database.py-_apply_versioned_migrations:452] >> [schema] DB 스키마 버전 1 적용
[2026-09-26 20:07:01,410][INFO|database.py-_apply_versioned_migrations:452] >> [schema] DB 스키마 버전 2 적용
[2026-09-26 20:07:01,415][INFO|database.py-_apply_versioned_migrations:452] >> [schema] DB 스키마 버전 3 적용
[2026-09-26 20:07:01,430][INFO|database.py-_apply_versioned_migrations:452] >> [schema] DB 스키마 버전 4 적용
[2026-09-26 20:07:01,462][INFO|duplicate_group_service.py-_log_info:53] >> [duplicate] payload exact 중복군 0개, 멤버 0건 재생성
.[2026-09-26 20:07:01,539][INFO|database.py-upgrade_schema:285] >> 테이블 'mysafety_change_cursor' 생성 중...
[2026-09-26 20:07:01,542][INFO|database.py-upgrade_schema:285] >> 테이블 'mysafety_change_log' 생성 중...
[2026-09-26 20:07:01,544][INFO|database.py-upgrade_schema:285] >> 테이블 'mysafety_duplicate_decision' 생성 중...
[2026-09-26 20:07:01,549][INFO|database.py-upgrade_schema:285] >> 테이블 'mysafety_geocode_cache' 생성 중...
[2026-09-26 20:07:01,554][INFO|database.py-upgrade_schema:285] >> 테이블 'mysafety_report_override' 생성 중...
[2026-09-26 20:07:01,558][WARNING|database.py-upgrade_schema:304] >> 'mysafetydetail_other' 테이블에 '주소정규화' 컬럼을 추가합니다.
[2026-09-26 20:07:01,561][WARNING|database.py-upgrade_schema:304] >> 'mysafetydetail_other' 테이블에 '행정구역' 컬럼을 추가합니다.
[2026-09-26 20:07:01,564][WARNING|database.py-upgrade_schema:304] >> 'mysafetydetail_other' 테이블에 '위도' 컬럼을 추가합니다.
[2026-09-26 20:07:01,566][WARNING|database.py-upgrade_schema:304] >> 'mysafetydetail_other' 테이블에 '경도' 컬럼을 추가합니다.
[2026-09-26 20:07:01,567][WARNING|database.py-upgrade_schema:304] >> 'mysafetydetail_other' 테이블에 '지오코딩상태' 컬럼을 추가합니다.
[2026-09-26 20:07:01,569][WARNING|database.py-upgrade_schema:304] >> 'mysafetydetail_other' 테이블에 '사진_첫촬영' 컬럼을 추가합니다.
[2026-09-26 20:07:01,571][WARNING|database.py-upgrade_schema:304] >> 'mysafetydetail_other' 테이블에 '사진_끝촬영' 컬럼을 추가합니다.
[2026-09-26 20:07:01,573][WARNING|database.py-upgrade_schema:304] >> 'mysafetydetail_other' 테이블에 '사진_촬영수' 컬럼을 추가합니다.
[2026-09-26 20:07:01,576][WARNING|database.py-upgrade_schema:304] >> 'mysafetydetail_parking' 테이블에 '주소정규화' 컬럼을 추가합니다.
[2026-09-26 20:07:01,581][WARNING|database.py-upgrade_schema:304] >> 'mysafetydetail_parking' 테이블에 '행정구역' 컬럼을 추가합니다.
[2026-09-26 20:07:01,583][WARNING|database.py-upgrade_schema:304] >> 'mysafetydetail_parking' 테이블에 '위도' 컬럼을 추가합니다.
[2026-09-26 20:07:01,586][WARNING|database.py-upgrade_schema:304] >> 'mysafetydetail_parking' 테이블에 '경도' 컬럼을 추가합니다.
[2026-09-26 20:07:01,588][WARNING|database.py-upgrade_schema:304] >> 'mysafetydetail_parking' 테이블에 '지오코딩상태' 컬럼을 추가합니다.
[2026-09-26 20:07:01,590][WARNING|database.py-upgrade_schema:304] >> 'mysafetydetail_parking' 테이블에 '사진_첫촬영' 컬럼을 추가합니다.
[2026-09-26 20:07:01,591][WARNING|database.py-upgrade_schema:304] >> 'mysafetydetail_parking' 테이블에 '사진_끝촬영' 컬럼을 추가합니다.
[2026-09-26 20:07:01,593][WARNING|database.py-upgrade_schema:304] >> 'mysafetydetail_parking' 테이블에 '사진_촬영수' 컬럼을 추가합니다.
[2026-09-26 20:07:01,596][WARNING|database.py-upgrade_schema:304] >> 'mysafetydetail_traffic' 테이블에 '주소정규화' 컬럼을 추가합니다.
[2026-09-26 20:07:01,598][WARNING|database.py-upgrade_schema:304] >> 'mysafetydetail_traffic' 테이블에 '행정구역' 컬럼을 추가합니다.
[2026-09-26 20:07:01,600][WARNING|database.py-upgrade_schema:304] >> 'mysafetydetail_traffic' 테이블에 '위도' 컬럼을 추가합니다.
[2026-09-26 20:07:01,602][WARNING|database.py-upgrade_schema:304] >> 'mysafetydetail_traffic' 테이블에 '경도' 컬럼을 추가합니다.
[2026-09-26 20:07:01,603][WARNING|database.py-upgrade_schema:304] >> 'mysafetydetail_traffic' 테이블에 '지오코딩상태' 컬럼을 추가합니다.
[2026-09-26 20:07:01,605][WARNING|database.py-upgrade_schema:304] >> 'mysafetydetail_traffic' 테이블에 '사진_첫촬영' 컬럼을 추가합니다.
[2026-09-26 20:07:01,607][WARNING|database.py-upgrade_schema:304] >> 'mysafetydetail_traffic' 테이블에 '사진_끝촬영' 컬럼을 추가합니다.
[2026-09-26 20:07:01,609][WARNING|database.py-upgrade_schema:304] >> 'mysafetydetail_traffic' 테이블에 '사진_촬영수' 컬럼을 추가합니다.
[2026-09-26 20:07:01,611][WARNING|database.py-upgrade_schema:304] >> 'mysafetymerge_other' 테이블에 '주소정규화' 컬럼을 추가합니다.
[2026-09-26 20:07:01,613][WARNING|database.py-upgrade_schema:304] >> 'mysafetymerge_other' 테이블에 '행정구역' 컬럼을 추가합니다.
[2026-09-26 20:07:01,614][WARNING|database.py-upgrade_schema:304] >> 'mysafetymerge_other' 테이블에 '위도' 컬럼을 추가합니다.
[2026-09-26 20:07:01,619][WARNING|database.py-upgrade_schema:304] >> 'mysafetymerge_other' 테이블에 '경도' 컬럼을 추가합니다.
[2026-09-26 20:07:01,621][WARNING|database.py-upgrade_schema:304] >> 'mysafetymerge_other' 테이블에 '지오코딩상태' 컬럼을 추가합니다.
[2026-09-26 20:07:01,623][WARNING|database.py-upgrade_schema:304] >> 'mysafetymerge_other' 테이블에 '사진_첫촬영' 컬럼을 추가합니다.
[2026-09-26 20:07:01,626][WARNING|database.py-upgrade_schema:304] >> 'mysafetymerge_other' 테이블에 '사진_끝촬영' 컬럼을 추가합니다.
[2026-09-26 20:07:01,629][WARNING|database.py-upgrade_schema:304] >> 'mysafetymerge_other' 테이블에 '사진_촬영수' 컬럼을 추가합니다.
[2026-09-26 20:07:01,632][WARNING|database.py-upgrade_schema:304] >> 'mysafetymerge_parking' 테이블에 '주소정규화' 컬럼을 추가합니다.
[2026-09-26 20:07:01,634][WARNING|database.py-upgrade_schema:304] >> 'mysafetymerge_parking' 테이블에 '행정구역' 컬럼을 추가합니다.
[2026-09-26 20:07:01,636][WARNING|database.py-upgrade_schema:304] >> 'mysafetymerge_parking' 테이블에 '위도' 컬럼을 추가합니다.
[2026-09-26 20:07:01,638][WARNING|database.py-upgrade_schema:304] >> 'mysafetymerge_parking' 테이블에 '경도' 컬럼을 추가합니다.
[2026-09-26 20:07:01,640][WARNING|database.py-upgrade_schema:304] >> 'mysafetymerge_parking' 테이블에 '지오코딩상태' 컬럼을 추가합니다.
[2026-09-26 20:07:01,642][WARNING|database.py-upgrade_schema:304] >> 'mysafetymerge_parking' 테이블에 '사진_첫촬영' 컬럼을 추가합니다.
[2026-09-26 20:07:01,644][WARNING|database.py-upgrade_schema:304] >> 'mysafetymerge_parking' 테이블에 '사진_끝촬영' 컬럼을 추가합니다.
[2026-09-26 20:07:01,646][WARNING|database.py-upgrade_schema:304] >> 'mysafetymerge_parking' 테이블에 '사진_촬영수' 컬럼을 추가합니다.
[2026-09-26 20:07:01,649][WARNING|database.py-upgrade_schema:304] >> 'mysafetymerge_traffic' 테이블에 '주소정규화' 컬럼을 추가합니다.
[2026-09-26 20:07:01,650][WARNING|database.py-upgrade_schema:304] >> 'mysafetymerge_traffic' 테이블에 '행정구역' 컬럼을 추가합니다.
[2026-09-26 20:07:01,652][WARNING|database.py-upgrade_schema:304] >> 'mysafetymerge_traffic' 테이블에 '위도' 컬럼을 추가합니다.
[2026-09-26 20:07:01,655][WARNING|database.py-upgrade_schema:304] >> 'mysafetymerge_traffic' 테이블에 '경도' 컬럼을 추가합니다.
[2026-09-26 20:07:01,659][WARNING|database.py-upgrade_schema:304] >> 'mysafetymerge_traffic' 테이블에 '지오코딩상태' 컬럼을 추가합니다.
[2026-09-26 20:07:01,661][WARNING|database.py-upgrade_schema:304] >> 'mysafetymerge_traffic' 테이블에 '사진_첫촬영' 컬럼을 추가합니다.
[2026-09-26 20:07:01,663][WARNING|database.py-upgrade_schema:304] >> 'mysafetymerge_traffic' 테이블에 '사진_끝촬영' 컬럼을 추가합니다.
[2026-09-26 20:07:01,665][WARNING|database.py-upgrade_schema:304] >> 'mysafetymerge_traffic' 테이블에 '사진_촬영수' 컬럼을 추가합니다.
[2026-09-26 20:07:01,668][INFO|database.py-_apply_versioned_migrations:452] >> [schema] DB 스키마 버전 1 적용
[2026-09-26 20:07:01,673][INFO|database.py-_apply_versioned_migrations:452] >> [schema] DB 스키마 버전 2 적용
[2026-09-26 20:07:01,674][INFO|database.py-_apply_versioned_migrations:452] >> [schema] DB 스키마 버전 3 적용
[2026-09-26 20:07:01,690][INFO|database.py-_apply_versioned_migrations:452] >> [schema] DB 스키마 버전 4 적용
[2026-09-26 20:07:01,731][INFO|duplicate_group_service.py-_log_info:53] >> [duplicate] payload exact 중복군 0개, 멤버 0건 재생성
.[2026-09-26 20:07:01,822][INFO|database.py-upgrade_schema:285] >> 테이블 'mysafety_change_cursor' 생성 중...
[2026-09-26 20:07:01,827][INFO|database.py-upgrade_schema:285] >> 테이블 'mysafety_change_log' 생성 중...
[2026-09-26 20:07:01,832][INFO|database.py-upgrade_schema:285] >> 테이블 'mysafety_duplicate_decision' 생성 중...
[2026-09-26 20:07:01,840][INFO|database.py-upgrade_schema:285] >> 테이블 'mysafety_geocode_cache' 생성 중...
[2026-09-26 20:07:01,843][INFO|database.py-upgrade_schema:285] >> 테이블 'mysafety_report_override' 생성 중...
[2026-09-26 20:07:01,846][WARNING|database.py-upgrade_schema:304] >> 'mysafetydetail_other' 테이블에 '주소정규화' 컬럼을 추가합니다.
[2026-09-26 20:07:01,848][WARNING|database.py-upgrade_schema:304] >> 'mysafetydetail_other' 테이블에 '행정구역' 컬럼을 추가합니다.
[2026-09-26 20:07:01,851][WARNING|database.py-upgrade_schema:304] >> 'mysafetydetail_other' 테이블에 '위도' 컬럼을 추가합니다.
[2026-09-26 20:07:01,853][WARNING|database.py-upgrade_schema:304] >> 'mysafetydetail_other' 테이블에 '경도' 컬럼을 추가합니다.
[2026-09-26 20:07:01,855][WARNING|database.py-upgrade_schema:304] >> 'mysafetydetail_other' 테이블에 '지오코딩상태' 컬럼을 추가합니다.
[2026-09-26 20:07:01,857][WARNING|database.py-upgrade_schema:304] >> 'mysafetydetail_other' 테이블에 '사진_첫촬영' 컬럼을 추가합니다.
[2026-09-26 20:07:01,859][WARNING|database.py-upgrade_schema:304] >> 'mysafetydetail_other' 테이블에 '사진_끝촬영' 컬럼을 추가합니다.
[2026-09-26 20:07:01,861][WARNING|database.py-upgrade_schema:304] >> 'mysafetydetail_other' 테이블에 '사진_촬영수' 컬럼을 추가합니다.
[2026-09-26 20:07:01,866][WARNING|database.py-upgrade_schema:304] >> 'mysafetydetail_parking' 테이블에 '주소정규화' 컬럼을 추가합니다.
[2026-09-26 20:07:01,874][WARNING|database.py-upgrade_schema:304] >> 'mysafetydetail_parking' 테이블에 '행정구역' 컬럼을 추가합니다.
[2026-09-26 20:07:01,876][WARNING|database.py-upgrade_schema:304] >> 'mysafetydetail_parking' 테이블에 '위도' 컬럼을 추가합니다.
[2026-09-26 20:07:01,878][WARNING|database.py-upgrade_schema:304] >> 'mysafetydetail_parking' 테이블에 '경도' 컬럼을 추가합니다.
[2026-09-26 20:07:01,880][WARNING|database.py-upgrade_schema:304] >> 'mysafetydetail_parking' 테이블에 '지오코딩상태' 컬럼을 추가합니다.
[2026-09-26 20:07:01,881][WARNING|database.py-upgrade_schema:304] >> 'mysafetydetail_parking' 테이블에 '사진_첫촬영' 컬럼을 추가합니다.
[2026-09-26 20:07:01,883][WARNING|database.py-upgrade_schema:304] >> 'mysafetydetail_parking' 테이블에 '사진_끝촬영' 컬럼을 추가합니다.
[2026-09-26 20:07:01,885][WARNING|database.py-upgrade_schema:304] >> 'mysafetydetail_parking' 테이블에 '사진_촬영수' 컬럼을 추가합니다.
[2026-09-26 20:07:01,887][WARNING|database.py-upgrade_schema:304] >> 'mysafetydetail_traffic' 테이블에 '주소정규화' 컬럼을 추가합니다.
[2026-09-26 20:07:01,890][WARNING|database.py-upgrade_schema:304] >> 'mysafetydetail_traffic' 테이블에 '행정구역' 컬럼을 추가합니다.
[2026-09-26 20:07:01,892][WARNING|database.py-upgrade_schema:304] >> 'mysafetydetail_traffic' 테이블에 '위도' 컬럼을 추가합니다.
[2026-09-26 20:07:01,893][WARNING|database.py-upgrade_schema:304] >> 'mysafetydetail_traffic' 테이블에 '경도' 컬럼을 추가합니다.
[2026-09-26 20:07:01,895][WARNING|database.py-upgrade_schema:304] >> 'mysafetydetail_traffic' 테이블에 '지오코딩상태' 컬럼을 추가합니다.
[2026-09-26 20:07:01,897][WARNING|database.py-upgrade_schema:304] >> 'mysafetydetail_traffic' 테이블에 '사진_첫촬영' 컬럼을 추가합니다.
[2026-09-26 20:07:01,899][WARNING|database.py-upgrade_schema:304] >> 'mysafetydetail_traffic' 테이블에 '사진_끝촬영' 컬럼을 추가합니다.
[2026-09-26 20:07:01,901][WARNING|database.py-upgrade_schema:304] >> 'mysafetydetail_traffic' 테이블에 '사진_촬영수' 컬럼을 추가합니다.
[2026-09-26 20:07:01,903][WARNING|database.py-upgrade_schema:304] >> 'mysafetymerge_other' 테이블에 '주소정규화' 컬럼을 추가합니다.
[2026-09-26 20:07:01,911][WARNING|database.py-upgrade_schema:304] >> 'mysafetymerge_other' 테이블에 '행정구역' 컬럼을 추가합니다.
[2026-09-26 20:07:01,913][WARNING|database.py-upgrade_schema:304] >> 'mysafetymerge_other' 테이블에 '위도' 컬럼을 추가합니다.
[2026-09-26 20:07:01,915][WARNING|database.py-upgrade_schema:304] >> 'mysafetymerge_other' 테이블에 '경도' 컬럼을 추가합니다.
[2026-09-26 20:07:01,917][WARNING|database.py-upgrade_schema:304] >> 'mysafetymerge_other' 테이블에 '지오코딩상태' 컬럼을 추가합니다.
[2026-09-26 20:07:01,919][WARNING|database.py-upgrade_schema:304] >> 'mysafetymerge_other' 테이블에 '사진_첫촬영' 컬럼을 추가합니다.
[2026-09-26 20:07:01,921][WARNING|database.py-upgrade_schema:304] >> 'mysafetymerge_other' 테이블에 '사진_끝촬영' 컬럼을 추가합니다.
[2026-09-26 20:07:01,923][WARNING|database.py-upgrade_schema:304] >> 'mysafetymerge_other' 테이블에 '사진_촬영수' 컬럼을 추가합니다.
[2026-09-26 20:07:01,927][WARNING|database.py-upgrade_schema:304] >> 'mysafetymerge_parking' 테이블에 '주소정규화' 컬럼을 추가합니다.
[2026-09-26 20:07:01,929][WARNING|database.py-upgrade_schema:304] >> 'mysafetymerge_parking' 테이블에 '행정구역' 컬럼을 추가합니다.
[2026-09-26 20:07:01,930][WARNING|database.py-upgrade_schema:304] >> 'mysafetymerge_parking' 테이블에 '위도' 컬럼을 추가합니다.
[2026-09-26 20:07:01,934][WARNING|database.py-upgrade_schema:304] >> 'mysafetymerge_parking' 테이블에 '경도' 컬럼을 추가합니다.
[2026-09-26 20:07:01,936][WARNING|database.py-upgrade_schema:304] >> 'mysafetymerge_parking' 테이블에 '지오코딩상태' 컬럼을 추가합니다.
[2026-09-26 20:07:01,943][WARNING|database.py-upgrade_schema:304] >> 'mysafetymerge_parking' 테이블에 '사진_첫촬영' 컬럼을 추가합니다.
[2026-09-26 20:07:01,946][WARNING|database.py-upgrade_schema:304] >> 'mysafetymerge_parking' 테이블에 '사진_끝촬영' 컬럼을 추가합니다.
[2026-09-26 20:07:01,947][WARNING|database.py-upgrade_schema:304] >> 'mysafetymerge_parking' 테이블에 '사진_촬영수' 컬럼을 추가합니다.
[2026-09-26 20:07:01,950][WARNING|database.py-upgrade_schema:304] >> 'mysafetymerge_traffic' 테이블에 '주소정규화' 컬럼을 추가합니다.
[2026-09-26 20:07:01,951][WARNING|database.py-upgrade_schema:304] >> 'mysafetymerge_traffic' 테이블에 '행정구역' 컬럼을 추가합니다.
[2026-09-26 20:07:01,953][WARNING|database.py-upgrade_schema:304] >> 'mysafetymerge_traffic' 테이블에 '위도' 컬럼을 추가합니다.
[2026-09-26 20:07:01,955][WARNING|database.py-upgrade_schema:304] >> 'mysafetymerge_traffic' 테이블에 '경도' 컬럼을 추가합니다.
[2026-09-26 20:07:01,956][WARNING|database.py-upgrade_schema:304] >> 'mysafetymerge_traffic' 테이블에 '지오코딩상태' 컬럼을 추가합니다.
[2026-09-26 20:07:01,958][WARNING|database.py-upgrade_schema:304] >> 'mysafetymerge_traffic' 테이블에 '사진_첫촬영' 컬럼을 추가합니다.
[2026-09-26 20:07:01,960][WARNING|database.py-upgrade_schema:304] >> 'mysafetymerge_traffic' 테이블에 '사진_끝촬영' 컬럼을 추가합니다.
[2026-09-26 20:07:01,961][WARNING|database.py-upgrade_schema:304] >> 'mysafetymerge_traffic' 테이블에 '사진_촬영수' 컬럼을 추가합니다.
[2026-09-26 20:07:01,968][INFO|database.py-_apply_versioned_migrations:452] >> [schema] DB 스키마 버전 1 적용
[2026-09-26 20:07:01,981][INFO|database.py-_apply_versioned_migrations:452] >> [schema] DB 스키마 버전 2 적용
[2026-09-26 20:07:01,983][INFO|database.py-_apply_versioned_migrations:452] >> [schema] DB 스키마 버전 3 적용
[2026-09-26 20:07:01,995][INFO|database.py-_apply_versioned_migrations:452] >> [schema] DB 스키마 버전 4 적용
[2026-09-26 20:07:02,033][INFO|duplicate_group_service.py-_log_info:53] >> [duplicate] payload exact 중복군 0개, 멤버 0건 재생성
[2026-09-26 20:07:02,061][INFO|duplicate_group_service.py-_log_info:53] >> [duplicate] payload exact 중복군 0개, 멤버 0건 재생성
.[2026-09-26 20:07:02,081][INFO|database.py-upgrade_schema:285] >> 테이블 'admin_users' 생성 중...
[2026-09-26 20:07:02,084][INFO|database.py-upgrade_schema:285] >> 테이블 'api_keys' 생성 중...
[2026-09-26 20:07:02,085][INFO|database.py-upgrade_schema:285] >> 테이블 'mysafety' 생성 중...
[2026-09-26 20:07:02,086][INFO|database.py-upgrade_schema:285] >> 테이블 'mysafety_change_cursor' 생성 중...
[2026-09-26 20:07:02,088][INFO|database.py-upgrade_schema:285] >> 테이블 'mysafety_change_log' 생성 중...
[2026-09-26 20:07:02,090][INFO|database.py-upgrade_schema:285] >> 테이블 'mysafety_duplicate_decision' 생성 중...
[2026-09-26 20:07:02,091][INFO|database.py-upgrade_schema:285] >> 테이블 'mysafety_duplicate_group' 생성 중...
[2026-09-26 20:07:02,093][INFO|database.py-upgrade_schema:285] >> 테이블 'mysafety_duplicate_member' 생성 중...
[2026-09-26 20:07:02,094][INFO|database.py-upgrade_schema:285] >> 테이블 'mysafety_entry_value' 생성 중...
[2026-09-26 20:07:02,095][INFO|database.py-upgrade_schema:285] >> 테이블 'mysafety_geocode_cache' 생성 중...
[2026-09-26 20:07:02,097][INFO|database.py-upgrade_schema:285] >> 테이블 'mysafety_raw_content' 생성 중...
[2026-09-26 20:07:02,099][INFO|database.py-upgrade_schema:285] >> 테이블 'mysafety_report_override' 생성 중...
[2026-09-26 20:07:02,100][INFO|database.py-upgrade_schema:285] >> 테이블 'mysafety_sync_meta' 생성 중...
[2026-09-26 20:07:02,102][INFO|database.py-upgrade_schema:285] >> 테이블 'mysafety_watchlist' 생성 중...
[2026-09-26 20:07:02,103][INFO|database.py-upgrade_schema:285] >> 테이블 'mysafetydetail_other' 생성 중...
[2026-09-26 20:07:02,108][INFO|database.py-upgrade_schema:285] >> 테이블 'mysafetydetail_parking' 생성 중...
[2026-09-26 20:07:02,110][INFO|database.py-upgrade_schema:285] >> 테이블 'mysafetydetail_traffic' 생성 중...
[2026-09-26 20:07:02,116][INFO|database.py-upgrade_schema:285] >> 테이블 'mysafetymerge_other' 생성 중...
[2026-09-26 20:07:02,122][INFO|database.py-upgrade_schema:285] >> 테이블 'mysafetymerge_parking' 생성 중...
[2026-09-26 20:07:02,124][INFO|database.py-upgrade_schema:285] >> 테이블 'mysafetymerge_traffic' 생성 중...
[2026-09-26 20:07:02,130][INFO|database.py-_apply_versioned_migrations:452] >> [schema] DB 스키마 버전 1 적용
[2026-09-26 20:07:02,140][INFO|database.py-_apply_versioned_migrations:452] >> [schema] DB 스키마 버전 2 적용
[2026-09-26 20:07:02,143][INFO|database.py-_apply_versioned_migrations:452] >> [schema] DB 스키마 버전 3 적용
[2026-09-26 20:07:02,163][INFO|database.py-_apply_versioned_migrations:452] >> [schema] DB 스키마 버전 4 적용
[2026-09-26 20:07:02,195][INFO|duplicate_group_service.py-_log_info:53] >> [duplicate] payload exact 중복군 0개, 멤버 0건 재생성
[2026-09-26 20:07:02,236][INFO|database.py-backfill_synced_at:100] >> [migration] mysafetydetail_traffic synced_at 백필: 12건, 미해결 0건
[2026-09-26 20:07:02,240][INFO|database.py-backfill_synced_at:100] >> [migration] mysafetydetail_parking synced_at 백필: 6건, 미해결 0건
[2026-09-26 20:07:02,244][INFO|database.py-backfill_synced_at:100] >> [migration] mysafetydetail_other synced_at 백필: 6건, 미해결 0건
[2026-09-26 20:07:02,246][INFO|database.py-backfill_synced_at:105] >> [migration] synced_at 백필 완료: 총 24건 갱신, merge 재생성 시작
[2026-09-26 20:07:02,265][INFO|database.py-merge_final:736] >> 최종 데이터 병합 완료 (Traffic/Parking/Other 분리)
[2026-09-26 20:07:02,307][INFO|duplicate_group_service.py-_log_info:53] >> [duplicate] payload exact 중복군 1개, 멤버 2건 재생성
[2026-09-26 20:07:02,318][INFO|database.py-merge_final:736] >> 최종 데이터 병합 완료 (Traffic/Parking/Other 분리)
[2026-09-26 20:07:02,351][INFO|duplicate_group_service.py-_log_info:53] >> [duplicate] payload exact 중복군 1개, 멤버 2건 재생성
[2026-09-26 20:07:02,505][INFO|database.py-merge_final:736] >> 최종 데이터 병합 완료 (Traffic/Parking/Other 분리)
[2026-09-26 20:07:02,535][INFO|duplicate_group_service.py-_log_info:53] >> [duplicate] payload exact 중복군 1개, 멤버 2건 재생성
[2026-09-26 20:07:02,545][INFO|geocode_service.py-prepare_geo_payload:590] >> [geocode] 설정 누락으로 지오코딩 보류: 카카오 REST API 키가 비어 있습니다.
[2026-09-26 20:07:02,596][INFO|duplicate_group_service.py-_log_info:53] >> [duplicate] payload exact 중복군 1개, 멤버 2건 재생성
.[2026-09-26 20:07:02,612][INFO|database.py-upgrade_schema:285] >> 테이블 'admin_users' 생성 중...
[2026-09-26 20:07:02,616][INFO|database.py-upgrade_schema:285] >> 테이블 'api_keys' 생성 중...
[2026-09-26 20:07:02,618][INFO|database.py-upgrade_schema:285] >> 테이블 'mysafety' 생성 중...
[2026-09-26 20:07:02,624][INFO|database.py-upgrade_schema:285] >> 테이블 'mysafety_change_cursor' 생성 중...
[2026-09-26 20:07:02,626][INFO|database.py-upgrade_schema:285] >> 테이블 'mysafety_change_log' 생성 중...
[2026-09-26 20:07:02,628][INFO|database.py-upgrade_schema:285] >> 테이블 'mysafety_duplicate_decision' 생성 중...
[2026-09-26 20:07:02,629][INFO|database.py-upgrade_schema:285] >> 테이블 'mysafety_duplicate_group' 생성 중...
[2026-09-26 20:07:02,631][INFO|database.py-upgrade_schema:285] >> 테이블 'mysafety_duplicate_member' 생성 중...
[2026-09-26 20:07:02,635][INFO|database.py-upgrade_schema:285] >> 테이블 'mysafety_entry_value' 생성 중...
[2026-09-26 20:07:02,637][INFO|database.py-upgrade_schema:285] >> 테이블 'mysafety_geocode_cache' 생성 중...
[2026-09-26 20:07:02,639][INFO|database.py-upgrade_schema:285] >> 테이블 'mysafety_raw_content' 생성 중...
[2026-09-26 20:07:02,646][INFO|database.py-upgrade_schema:285] >> 테이블 'mysafety_report_override' 생성 중...
[2026-09-26 20:07:02,648][INFO|database.py-upgrade_schema:285] >> 테이블 'mysafety_sync_meta' 생성 중...
[2026-09-26 20:07:02,650][INFO|database.py-upgrade_schema:285] >> 테이블 'mysafety_watchlist' 생성 중...
[2026-09-26 20:07:02,651][INFO|database.py-upgrade_schema:285] >> 테이블 'mysafetydetail_other' 생성 중...
[2026-09-26 20:07:02,653][INFO|database.py-upgrade_schema:285] >> 테이블 'mysafetydetail_parking' 생성 중...
[2026-09-26 20:07:02,655][INFO|database.py-upgrade_schema:285] >> 테이블 'mysafetydetail_traffic' 생성 중...
[2026-09-26 20:07:02,657][INFO|database.py-upgrade_schema:285] >> 테이블 'mysafetymerge_other' 생성 중...
[2026-09-26 20:07:02,659][INFO|database.py-upgrade_schema:285] >> 테이블 'mysafetymerge_parking' 생성 중...
[2026-09-26 20:07:02,660][INFO|database.py-upgrade_schema:285] >> 테이블 'mysafetymerge_traffic' 생성 중...
[2026-09-26 20:07:02,664][INFO|database.py-_apply_versioned_migrations:452] >> [schema] DB 스키마 버전 1 적용
[2026-09-26 20:07:02,678][INFO|database.py-_apply_versioned_migrations:452] >> [schema] DB 스키마 버전 2 적용
[2026-09-26 20:07:02,680][INFO|database.py-_apply_versioned_migrations:452] >> [schema] DB 스키마 버전 3 적용
[2026-09-26 20:07:02,692][INFO|database.py-_apply_versioned_migrations:452] >> [schema] DB 스키마 버전 4 적용
[2026-09-26 20:07:02,729][INFO|duplicate_group_service.py-_log_info:53] >> [duplicate] payload exact 중복군 0개, 멤버 0건 재생성
[2026-09-26 20:07:02,764][INFO|database.py-backfill_synced_at:100] >> [migration] mysafetydetail_traffic synced_at 백필: 12건, 미해결 0건
[2026-09-26 20:07:02,767][INFO|database.py-backfill_synced_at:100] >> [migration] mysafetydetail_parking synced_at 백필: 6건, 미해결 0건
[2026-09-26 20:07:02,771][INFO|database.py-backfill_synced_at:100] >> [migration] mysafetydetail_other synced_at 백필: 6건, 미해결 0건
[2026-09-26 20:07:02,773][INFO|database.py-backfill_synced_at:105] >> [migration] synced_at 백필 완료: 총 24건 갱신, merge 재생성 시작
[2026-09-26 20:07:02,787][INFO|database.py-merge_final:736] >> 최종 데이터 병합 완료 (Traffic/Parking/Other 분리)
[2026-09-26 20:07:02,816][INFO|duplicate_group_service.py-_log_info:53] >> [duplicate] payload exact 중복군 1개, 멤버 2건 재생성
[2026-09-26 20:07:02,828][INFO|database.py-merge_final:736] >> 최종 데이터 병합 완료 (Traffic/Parking/Other 분리)
[2026-09-26 20:07:02,853][INFO|duplicate_group_service.py-_log_info:53] >> [duplicate] payload exact 중복군 1개, 멤버 2건 재생성
[2026-09-26 20:07:02,995][INFO|geocode_service.py-prepare_geo_payload:590] >> [geocode] 설정 누락으로 지오코딩 보류: 카카오 REST API 키가 비어 있습니다.
[2026-09-26 20:07:03,037][INFO|duplicate_group_service.py-_log_info:53] >> [duplicate] payload exact 중복군 1개, 멤버 2건 재생성
.[2026-09-26 20:07:03,053][INFO|database.py-upgrade_schema:285] >> 테이블 'admin_users' 생성 중...
[2026-09-26 20:07:03,056][INFO|database.py-upgrade_schema:285] >> 테이블 'api_keys' 생성 중...
[2026-09-26 20:07:03,063][INFO|database.py-upgrade_schema:285] >> 테이블 'mysafety' 생성 중...
[2026-09-26 20:07:03,065][INFO|database.py-upgrade_schema:285] >> 테이블 'mysafety_change_cursor' 생성 중...
[2026-09-26 20:07:03,067][INFO|database.py-upgrade_schema:285] >> 테이블 'mysafety_change_log' 생성 중...
[2026-09-26 20:07:03,069][INFO|database.py-upgrade_schema:285] >> 테이블 'mysafety_duplicate_decision' 생성 중...
[2026-09-26 20:07:03,070][INFO|database.py-upgrade_schema:285] >> 테이블 'mysafety_duplicate_group' 생성 중...
[2026-09-26 20:07:03,072][INFO|database.py-upgrade_schema:285] >> 테이블 'mysafety_duplicate_member' 생성 중...
[2026-09-26 20:07:03,073][INFO|database.py-upgrade_schema:285] >> 테이블 'mysafety_entry_value' 생성 중...
[2026-09-26 20:07:03,074][INFO|database.py-upgrade_schema:285] >> 테이블 'mysafety_geocode_cache' 생성 중...
[2026-09-26 20:07:03,076][INFO|database.py-upgrade_schema:285] >> 테이블 'mysafety_raw_content' 생성 중...
[2026-09-26 20:07:03,077][INFO|database.py-upgrade_schema:285] >> 테이블 'mysafety_report_override' 생성 중...
[2026-09-26 20:07:03,079][INFO|database.py-upgrade_schema:285] >> 테이블 'mysafety_sync_meta' 생성 중...
[2026-09-26 20:07:03,080][INFO|database.py-upgrade_schema:285] >> 테이블 'mysafety_watchlist' 생성 중...
[2026-09-26 20:07:03,082][INFO|database.py-upgrade_schema:285] >> 테이블 'mysafetydetail_other' 생성 중...
[2026-09-26 20:07:03,083][INFO|database.py-upgrade_schema:285] >> 테이블 'mysafetydetail_parking' 생성 중...
[2026-09-26 20:07:03,085][INFO|database.py-upgrade_schema:285] >> 테이블 'mysafetydetail_traffic' 생성 중...
[2026-09-26 20:07:03,087][INFO|database.py-upgrade_schema:285] >> 테이블 'mysafetymerge_other' 생성 중...
[2026-09-26 20:07:03,089][INFO|database.py-upgrade_schema:285] >> 테이블 'mysafetymerge_parking' 생성 중...
[2026-09-26 20:07:03,091][INFO|database.py-upgrade_schema:285] >> 테이블 'mysafetymerge_traffic' 생성 중...
[2026-09-26 20:07:03,101][INFO|database.py-_apply_versioned_migrations:452] >> [schema] DB 스키마 버전 1 적용
[2026-09-26 20:07:03,107][INFO|database.py-_apply_versioned_migrations:452] >> [schema] DB 스키마 버전 2 적용
[2026-09-26 20:07:03,109][INFO|database.py-_apply_versioned_migrations:452] >> [schema] DB 스키마 버전 3 적용
[2026-09-26 20:07:03,132][INFO|database.py-_apply_versioned_migrations:452] >> [schema] DB 스키마 버전 4 적용
[2026-09-26 20:07:03,158][INFO|duplicate_group_service.py-_log_info:53] >> [duplicate] payload exact 중복군 0개, 멤버 0건 재생성
[2026-09-26 20:07:03,195][INFO|database.py-backfill_synced_at:100] >> [migration] mysafetydetail_traffic synced_at 백필: 12건, 미해결 0건
[2026-09-26 20:07:03,200][INFO|database.py-backfill_synced_at:100] >> [migration] mysafetydetail_parking synced_at 백필: 6건, 미해결 0건
[2026-09-26 20:07:03,203][INFO|database.py-backfill_synced_at:100] >> [migration] mysafetydetail_other synced_at 백필: 6건, 미해결 0건
[2026-09-26 20:07:03,205][INFO|database.py-backfill_synced_at:105] >> [migration] synced_at 백필 완료: 총 24건 갱신, merge 재생성 시작
[2026-09-26 20:07:03,220][INFO|database.py-merge_final:736] >> 최종 데이터 병합 완료 (Traffic/Parking/Other 분리)
[2026-09-26 20:07:03,244][INFO|duplicate_group_service.py-_log_info:53] >> [duplicate] payload exact 중복군 1개, 멤버 2건 재생성
[2026-09-26 20:07:03,252][INFO|database.py-merge_final:736] >> 최종 데이터 병합 완료 (Traffic/Parking/Other 분리)
[2026-09-26 20:07:03,275][INFO|duplicate_group_service.py-_log_info:53] >> [duplicate] payload exact 중복군 1개, 멤버 2건 재생성
[2026-09-26 20:07:03,403][INFO|geocode_service.py-prepare_geo_payload:590] >> [geocode] 설정 누락으로 지오코딩 보류: 카카오 REST API 키가 비어 있습니다.
[2026-09-26 20:07:03,449][INFO|duplicate_group_service.py-_log_info:53] >> [duplicate] payload exact 중복군 1개, 멤버 2건 재생성
.[2026-09-26 20:07:03,467][INFO|database.py-upgrade_schema:285] >> 테이블 'admin_users' 생성 중...
[2026-09-26 20:07:03,469][INFO|database.py-upgrade_schema:285] >> 테이블 'api_keys' 생성 중...
[2026-09-26 20:07:03,471][INFO|database.py-upgrade_schema:285] >> 테이블 'mysafety' 생성 중...
[2026-09-26 20:07:03,472][INFO|database.py-upgrade_schema:285] >> 테이블 'mysafety_change_cursor' 생성 중...
[2026-09-26 20:07:03,474][INFO|database.py-upgrade_schema:285] >> 테이블 'mysafety_change_log' 생성 중...
[2026-09-26 20:07:03,475][INFO|database.py-upgrade_schema:285] >> 테이블 'mysafety_duplicate_decision' 생성 중...
[2026-09-26 20:07:03,477][INFO|database.py-upgrade_schema:285] >> 테이블 'mysafety_duplicate_group' 생성 중...
[2026-09-26 20:07:03,478][INFO|database.py-upgrade_schema:285] >> 테이블 'mysafety_duplicate_member' 생성 중...
[2026-09-26 20:07:03,479][INFO|database.py-upgrade_schema:285] >> 테이블 'mysafety_entry_value' 생성 중...
[2026-09-26 20:07:03,483][INFO|database.py-upgrade_schema:285] >> 테이블 'mysafety_geocode_cache' 생성 중...
[2026-09-26 20:07:03,485][INFO|database.py-upgrade_schema:285] >> 테이블 'mysafety_raw_content' 생성 중...
[2026-09-26 20:07:03,487][INFO|database.py-upgrade_schema:285] >> 테이블 'mysafety_report_override' 생성 중...
[2026-09-26 20:07:03,491][INFO|database.py-upgrade_schema:285] >> 테이블 'mysafety_sync_meta' 생성 중...
[2026-09-26 20:07:03,497][INFO|database.py-upgrade_schema:285] >> 테이블 'mysafety_watchlist' 생성 중...
[2026-09-26 20:07:03,499][INFO|database.py-upgrade_schema:285] >> 테이블 'mysafetydetail_other' 생성 중...
[2026-09-26 20:07:03,501][INFO|database.py-upgrade_schema:285] >> 테이블 'mysafetydetail_parking' 생성 중...
[2026-09-26 20:07:03,503][INFO|database.py-upgrade_schema:285] >> 테이블 'mysafetydetail_traffic' 생성 중...
[2026-09-26 20:07:03,505][INFO|database.py-upgrade_schema:285] >> 테이블 'mysafetymerge_other' 생성 중...
[2026-09-26 20:07:03,506][INFO|database.py-upgrade_schema:285] >> 테이블 'mysafetymerge_parking' 생성 중...
[2026-09-26 20:07:03,509][INFO|database.py-upgrade_schema:285] >> 테이블 'mysafetymerge_traffic' 생성 중...
[2026-09-26 20:07:03,513][INFO|database.py-_apply_versioned_migrations:452] >> [schema] DB 스키마 버전 1 적용
[2026-09-26 20:07:03,520][INFO|database.py-_apply_versioned_migrations:452] >> [schema] DB 스키마 버전 2 적용
[2026-09-26 20:07:03,523][INFO|database.py-_apply_versioned_migrations:452] >> [schema] DB 스키마 버전 3 적용
[2026-09-26 20:07:03,541][INFO|database.py-_apply_versioned_migrations:452] >> [schema] DB 스키마 버전 4 적용
[2026-09-26 20:07:03,572][INFO|duplicate_group_service.py-_log_info:53] >> [duplicate] payload exact 중복군 0개, 멤버 0건 재생성
[2026-09-26 20:07:03,627][INFO|database.py-backfill_synced_at:100] >> [migration] mysafetydetail_traffic synced_at 백필: 12건, 미해결 0건
[2026-09-26 20:07:03,631][INFO|database.py-backfill_synced_at:100] >> [migration] mysafetydetail_parking synced_at 백필: 6건, 미해결 0건
[2026-09-26 20:07:03,635][INFO|database.py-backfill_synced_at:100] >> [migration] mysafetydetail_other synced_at 백필: 6건, 미해결 0건
[2026-09-26 20:07:03,637][INFO|database.py-backfill_synced_at:105] >> [migration] synced_at 백필 완료: 총 24건 갱신, merge 재생성 시작
[2026-09-26 20:07:03,650][INFO|database.py-merge_final:736] >> 최종 데이터 병합 완료 (Traffic/Parking/Other 분리)
[2026-09-26 20:07:03,676][INFO|duplicate_group_service.py-_log_info:53] >> [duplicate] payload exact 중복군 1개, 멤버 2건 재생성
[2026-09-26 20:07:03,684][INFO|database.py-merge_final:736] >> 최종 데이터 병합 완료 (Traffic/Parking/Other 분리)
[2026-09-26 20:07:03,709][INFO|duplicate_group_service.py-_log_info:53] >> [duplicate] payload exact 중복군 1개, 멤버 2건 재생성
[2026-09-26 20:07:03,856][ERROR|reports_repo.py-save_crawled:295] >> ID 90000001 저장 실패: boom
[2026-09-26 20:07:03,856][ERROR|reports_repo.py-save_crawled:306] >> 상세 저장 실패 1건: 90000001
.[2026-09-26 20:07:03,865][INFO|database.py-upgrade_schema:285] >> 테이블 'admin_users' 생성 중...
[2026-09-26 20:07:03,868][INFO|database.py-upgrade_schema:285] >> 테이블 'api_keys' 생성 중...
[2026-09-26 20:07:03,870][INFO|database.py-upgrade_schema:285] >> 테이블 'mysafety' 생성 중...
[2026-09-26 20:07:03,876][INFO|database.py-upgrade_schema:285] >> 테이블 'mysafety_change_cursor' 생성 중...
[2026-09-26 20:07:03,878][INFO|database.py-upgrade_schema:285] >> 테이블 'mysafety_change_log' 생성 중...
[2026-09-26 20:07:03,881][INFO|database.py-upgrade_schema:285] >> 테이블 'mysafety_duplicate_decision' 생성 중...
[2026-09-26 20:07:03,882][INFO|database.py-upgrade_schema:285] >> 테이블 'mysafety_duplicate_group' 생성 중...
[2026-09-26 20:07:03,884][INFO|database.py-upgrade_schema:285] >> 테이블 'mysafety_duplicate_member' 생성 중...
[2026-09-26 20:07:03,885][INFO|database.py-upgrade_schema:285] >> 테이블 'mysafety_entry_value' 생성 중...
[2026-09-26 20:07:03,887][INFO|database.py-upgrade_schema:285] >> 테이블 'mysafety_geocode_cache' 생성 중...
[2026-09-26 20:07:03,890][INFO|database.py-upgrade_schema:285] >> 테이블 'mysafety_raw_content' 생성 중...
[2026-09-26 20:07:03,891][INFO|database.py-upgrade_schema:285] >> 테이블 'mysafety_report_override' 생성 중...
[2026-09-26 20:07:03,892][INFO|database.py-upgrade_schema:285] >> 테이블 'mysafety_sync_meta' 생성 중...
[2026-09-26 20:07:03,894][INFO|database.py-upgrade_schema:285] >> 테이블 'mysafety_watchlist' 생성 중...
[2026-09-26 20:07:03,895][INFO|database.py-upgrade_schema:285] >> 테이블 'mysafetydetail_other' 생성 중...
[2026-09-26 20:07:03,897][INFO|database.py-upgrade_schema:285] >> 테이블 'mysafetydetail_parking' 생성 중...
[2026-09-26 20:07:03,899][INFO|database.py-upgrade_schema:285] >> 테이블 'mysafetydetail_traffic' 생성 중...
[2026-09-26 20:07:03,904][INFO|database.py-upgrade_schema:285] >> 테이블 'mysafetymerge_other' 생성 중...
[2026-09-26 20:07:03,906][INFO|database.py-upgrade_schema:285] >> 테이블 'mysafetymerge_parking' 생성 중...
[2026-09-26 20:07:03,913][INFO|database.py-upgrade_schema:285] >> 테이블 'mysafetymerge_traffic' 생성 중...
[2026-09-26 20:07:03,918][INFO|database.py-_apply_versioned_migrations:452] >> [schema] DB 스키마 버전 1 적용
[2026-09-26 20:07:03,923][INFO|database.py-_apply_versioned_migrations:452] >> [schema] DB 스키마 버전 2 적용
[2026-09-26 20:07:03,925][INFO|database.py-_apply_versioned_migrations:452] >> [schema] DB 스키마 버전 3 적용
[2026-09-26 20:07:03,944][INFO|database.py-_apply_versioned_migrations:452] >> [schema] DB 스키마 버전 4 적용
[2026-09-26 20:07:03,975][INFO|duplicate_group_service.py-_log_info:53] >> [duplicate] payload exact 중복군 0개, 멤버 0건 재생성
[2026-09-26 20:07:04,014][INFO|database.py-backfill_synced_at:100] >> [migration] mysafetydetail_traffic synced_at 백필: 12건, 미해결 0건
[2026-09-26 20:07:04,018][INFO|database.py-backfill_synced_at:100] >> [migration] mysafetydetail_parking synced_at 백필: 6건, 미해결 0건
[2026-09-26 20:07:04,021][INFO|database.py-backfill_synced_at:100] >> [migration] mysafetydetail_other synced_at 백필: 6건, 미해결 0건
[2026-09-26 20:07:04,023][INFO|database.py-backfill_synced_at:105] >> [migration] synced_at 백필 완료: 총 24건 갱신, merge 재생성 시작
[2026-09-26 20:07:04,038][INFO|database.py-merge_final:736] >> 최종 데이터 병합 완료 (Traffic/Parking/Other 분리)
[2026-09-26 20:07:04,063][INFO|duplicate_group_service.py-_log_info:53] >> [duplicate] payload exact 중복군 1개, 멤버 2건 재생성
[2026-09-26 20:07:04,071][INFO|database.py-merge_final:736] >> 최종 데이터 병합 완료 (Traffic/Parking/Other 분리)
[2026-09-26 20:07:04,095][INFO|duplicate_group_service.py-_log_info:53] >> [duplicate] payload exact 중복군 1개, 멤버 2건 재생성
[2026-09-26 20:07:04,301][INFO|duplicate_group_service.py-_log_info:53] >> [duplicate] payload exact 중복군 1개, 멤버 2건 재생성
.[2026-09-26 20:07:04,317][INFO|database.py-upgrade_schema:285] >> 테이블 'admin_users' 생성 중...
[2026-09-26 20:07:04,320][INFO|database.py-upgrade_schema:285] >> 테이블 'api_keys' 생성 중...
[2026-09-26 20:07:04,321][INFO|database.py-upgrade_schema:285] >> 테이블 'mysafety' 생성 중...
[2026-09-26 20:07:04,325][INFO|database.py-upgrade_schema:285] >> 테이블 'mysafety_change_cursor' 생성 중...
[2026-09-26 20:07:04,327][INFO|database.py-upgrade_schema:285] >> 테이블 'mysafety_change_log' 생성 중...
[2026-09-26 20:07:04,332][INFO|database.py-upgrade_schema:285] >> 테이블 'mysafety_duplicate_decision' 생성 중...
[2026-09-26 20:07:04,336][INFO|database.py-upgrade_schema:285] >> 테이블 'mysafety_duplicate_group' 생성 중...
[2026-09-26 20:07:04,338][INFO|database.py-upgrade_schema:285] >> 테이블 'mysafety_duplicate_member' 생성 중...
[2026-09-26 20:07:04,340][INFO|database.py-upgrade_schema:285] >> 테이블 'mysafety_entry_value' 생성 중...
[2026-09-26 20:07:04,342][INFO|database.py-upgrade_schema:285] >> 테이블 'mysafety_geocode_cache' 생성 중...
[2026-09-26 20:07:04,344][INFO|database.py-upgrade_schema:285] >> 테이블 'mysafety_raw_content' 생성 중...
[2026-09-26 20:07:04,345][INFO|database.py-upgrade_schema:285] >> 테이블 'mysafety_report_override' 생성 중...
[2026-09-26 20:07:04,347][INFO|database.py-upgrade_schema:285] >> 테이블 'mysafety_sync_meta' 생성 중...
[2026-09-26 20:07:04,348][INFO|database.py-upgrade_schema:285] >> 테이블 'mysafety_watchlist' 생성 중...
[2026-09-26 20:07:04,353][INFO|database.py-upgrade_schema:285] >> 테이블 'mysafetydetail_other' 생성 중...
[2026-09-26 20:07:04,356][INFO|database.py-upgrade_schema:285] >> 테이블 'mysafetydetail_parking' 생성 중...
[2026-09-26 20:07:04,359][INFO|database.py-upgrade_schema:285] >> 테이블 'mysafetydetail_traffic' 생성 중...
[2026-09-26 20:07:04,363][INFO|database.py-upgrade_schema:285] >> 테이블 'mysafetymerge_other' 생성 중...
[2026-09-26 20:07:04,365][INFO|database.py-upgrade_schema:285] >> 테이블 'mysafetymerge_parking' 생성 중...
[2026-09-26 20:07:04,367][INFO|database.py-upgrade_schema:285] >> 테이블 'mysafetymerge_traffic' 생성 중...
[2026-09-26 20:07:04,371][INFO|database.py-_apply_versioned_migrations:452] >> [schema] DB 스키마 버전 1 적용
[2026-09-26 20:07:04,376][INFO|database.py-_apply_versioned_migrations:452] >> [schema] DB 스키마 버전 2 적용
[2026-09-26 20:07:04,378][INFO|database.py-_apply_versioned_migrations:452] >> [schema] DB 스키마 버전 3 적용
[2026-09-26 20:07:04,392][INFO|database.py-_apply_versioned_migrations:452] >> [schema] DB 스키마 버전 4 적용
[2026-09-26 20:07:04,420][INFO|duplicate_group_service.py-_log_info:53] >> [duplicate] payload exact 중복군 0개, 멤버 0건 재생성
[2026-09-26 20:07:04,455][INFO|database.py-backfill_synced_at:100] >> [migration] mysafetydetail_traffic synced_at 백필: 12건, 미해결 0건
[2026-09-26 20:07:04,458][INFO|database.py-backfill_synced_at:100] >> [migration] mysafetydetail_parking synced_at 백필: 6건, 미해결 0건
[2026-09-26 20:07:04,462][INFO|database.py-backfill_synced_at:100] >> [migration] mysafetydetail_other synced_at 백필: 6건, 미해결 0건
[2026-09-26 20:07:04,465][INFO|database.py-backfill_synced_at:105] >> [migration] synced_at 백필 완료: 총 24건 갱신, merge 재생성 시작
[2026-09-26 20:07:04,477][INFO|database.py-merge_final:736] >> 최종 데이터 병합 완료 (Traffic/Parking/Other 분리)
[2026-09-26 20:07:04,509][INFO|duplicate_group_service.py-_log_info:53] >> [duplicate] payload exact 중복군 1개, 멤버 2건 재생성
[2026-09-26 20:07:04,517][INFO|database.py-merge_final:736] >> 최종 데이터 병합 완료 (Traffic/Parking/Other 분리)
[2026-09-26 20:07:04,541][INFO|duplicate_group_service.py-_log_info:53] >> [duplicate] payload exact 중복군 1개, 멤버 2건 재생성
[2026-09-26 20:07:04,729][INFO|duplicate_group_service.py-_log_info:53] >> [duplicate] payload exact 중복군 1개, 멤버 2건 재생성
[2026-09-26 20:07:04,731][INFO|database.py-detail_to_sql:723] >> 총 1건 detail 저장 완료. (변경/신규: 1건, 실패: 0건)
.[2026-09-26 20:07:04,749][INFO|database.py-upgrade_schema:285] >> 테이블 'admin_users' 생성 중...
[2026-09-26 20:07:04,752][INFO|database.py-upgrade_schema:285] >> 테이블 'api_keys' 생성 중...
[2026-09-26 20:07:04,759][INFO|database.py-upgrade_schema:285] >> 테이블 'mysafety' 생성 중...
[2026-09-26 20:07:04,761][INFO|database.py-upgrade_schema:285] >> 테이블 'mysafety_change_cursor' 생성 중...
[2026-09-26 20:07:04,763][INFO|database.py-upgrade_schema:285] >> 테이블 'mysafety_change_log' 생성 중...
[2026-09-26 20:07:04,764][INFO|database.py-upgrade_schema:285] >> 테이블 'mysafety_duplicate_decision' 생성 중...
[2026-09-26 20:07:04,766][INFO|database.py-upgrade_schema:285] >> 테이블 'mysafety_duplicate_group' 생성 중...
[2026-09-26 20:07:04,768][INFO|database.py-upgrade_schema:285] >> 테이블 'mysafety_duplicate_member' 생성 중...
[2026-09-26 20:07:04,770][INFO|database.py-upgrade_schema:285] >> 테이블 'mysafety_entry_value' 생성 중...
[2026-09-26 20:07:04,772][INFO|database.py-upgrade_schema:285] >> 테이블 'mysafety_geocode_cache' 생성 중...
[2026-09-26 20:07:04,774][INFO|database.py-upgrade_schema:285] >> 테이블 'mysafety_raw_content' 생성 중...
[2026-09-26 20:07:04,775][INFO|database.py-upgrade_schema:285] >> 테이블 'mysafety_report_override' 생성 중...
[2026-09-26 20:07:04,776][INFO|database.py-upgrade_schema:285] >> 테이블 'mysafety_sync_meta' 생성 중...
[2026-09-26 20:07:04,777][INFO|database.py-upgrade_schema:285] >> 테이블 'mysafety_watchlist' 생성 중...
[2026-09-26 20:07:04,779][INFO|database.py-upgrade_schema:285] >> 테이블 'mysafetydetail_other' 생성 중...
[2026-09-26 20:07:04,781][INFO|database.py-upgrade_schema:285] >> 테이블 'mysafetydetail_parking' 생성 중...
[2026-09-26 20:07:04,785][INFO|database.py-upgrade_schema:285] >> 테이블 'mysafetydetail_traffic' 생성 중...
[2026-09-26 20:07:04,787][INFO|database.py-upgrade_schema:285] >> 테이블 'mysafetymerge_other' 생성 중...
[2026-09-26 20:07:04,789][INFO|database.py-upgrade_schema:285] >> 테이블 'mysafetymerge_parking' 생성 중...
[2026-09-26 20:07:04,791][INFO|database.py-upgrade_schema:285] >> 테이블 'mysafetymerge_traffic' 생성 중...
[2026-09-26 20:07:04,799][INFO|database.py-_apply_versioned_migrations:452] >> [schema] DB 스키마 버전 1 적용
[2026-09-26 20:07:04,807][INFO|database.py-_apply_versioned_migrations:452] >> [schema] DB 스키마 버전 2 적용
[2026-09-26 20:07:04,810][INFO|database.py-_apply_versioned_migrations:452] >> [schema] DB 스키마 버전 3 적용
[2026-09-26 20:07:04,834][INFO|database.py-_apply_versioned_migrations:452] >> [schema] DB 스키마 버전 4 적용
[2026-09-26 20:07:04,859][INFO|duplicate_group_service.py-_log_info:53] >> [duplicate] payload exact 중복군 0개, 멤버 0건 재생성
[2026-09-26 20:07:04,897][INFO|database.py-backfill_synced_at:100] >> [migration] mysafetydetail_traffic synced_at 백필: 12건, 미해결 0건
[2026-09-26 20:07:04,900][INFO|database.py-backfill_synced_at:100] >> [migration] mysafetydetail_parking synced_at 백필: 6건, 미해결 0건
[2026-09-26 20:07:04,903][INFO|database.py-backfill_synced_at:100] >> [migration] mysafetydetail_other synced_at 백필: 6건, 미해결 0건
[2026-09-26 20:07:04,904][INFO|database.py-backfill_synced_at:105] >> [migration] synced_at 백필 완료: 총 24건 갱신, merge 재생성 시작
[2026-09-26 20:07:04,917][INFO|database.py-merge_final:736] >> 최종 데이터 병합 완료 (Traffic/Parking/Other 분리)
[2026-09-26 20:07:04,940][INFO|duplicate_group_service.py-_log_info:53] >> [duplicate] payload exact 중복군 1개, 멤버 2건 재생성
[2026-09-26 20:07:04,948][INFO|database.py-merge_final:736] >> 최종 데이터 병합 완료 (Traffic/Parking/Other 분리)
[2026-09-26 20:07:04,969][INFO|duplicate_group_service.py-_log_info:53] >> [duplicate] payload exact 중복군 1개, 멤버 2건 재생성
[2026-09-26 20:07:05,093][INFO|geocode_service.py-prepare_geo_payload:590] >> [geocode] 설정 누락으로 지오코딩 보류: 카카오 REST API 키가 비어 있습니다.
[2026-09-26 20:07:05,139][INFO|duplicate_group_service.py-_log_info:53] >> [duplicate] payload exact 중복군 1개, 멤버 2건 재생성
.[2026-09-26 20:07:05,160][INFO|database.py-upgrade_schema:285] >> 테이블 'admin_users' 생성 중...
[2026-09-26 20:07:05,163][INFO|database.py-upgrade_schema:285] >> 테이블 'api_keys' 생성 중...
[2026-09-26 20:07:05,165][INFO|database.py-upgrade_schema:285] >> 테이블 'mysafety' 생성 중...
[2026-09-26 20:07:05,167][INFO|database.py-upgrade_schema:285] >> 테이블 'mysafety_change_cursor' 생성 중...
[2026-09-26 20:07:05,168][INFO|database.py-upgrade_schema:285] >> 테이블 'mysafety_change_log' 생성 중...
[2026-09-26 20:07:05,173][INFO|database.py-upgrade_schema:285] >> 테이블 'mysafety_duplicate_decision' 생성 중...
[2026-09-26 20:07:05,175][INFO|database.py-upgrade_schema:285] >> 테이블 'mysafety_duplicate_group' 생성 중...
[2026-09-26 20:07:05,177][INFO|database.py-upgrade_schema:285] >> 테이블 'mysafety_duplicate_member' 생성 중...
[2026-09-26 20:07:05,184][INFO|database.py-upgrade_schema:285] >> 테이블 'mysafety_entry_value' 생성 중...
[2026-09-26 20:07:05,186][INFO|database.py-upgrade_schema:285] >> 테이블 'mysafety_geocode_cache' 생성 중...
[2026-09-26 20:07:05,188][INFO|database.py-upgrade_schema:285] >> 테이블 'mysafety_raw_content' 생성 중...
[2026-09-26 20:07:05,189][INFO|database.py-upgrade_schema:285] >> 테이블 'mysafety_report_override' 생성 중...
[2026-09-26 20:07:05,191][INFO|database.py-upgrade_schema:285] >> 테이블 'mysafety_sync_meta' 생성 중...
[2026-09-26 20:07:05,193][INFO|database.py-upgrade_schema:285] >> 테이블 'mysafety_watchlist' 생성 중...
[2026-09-26 20:07:05,195][INFO|database.py-upgrade_schema:285] >> 테이블 'mysafetydetail_other' 생성 중...
[2026-09-26 20:07:05,197][INFO|database.py-upgrade_schema:285] >> 테이블 'mysafetydetail_parking' 생성 중...
[2026-09-26 20:07:05,203][INFO|database.py-upgrade_schema:285] >> 테이블 'mysafetydetail_traffic' 생성 중...
[2026-09-26 20:07:05,205][INFO|database.py-upgrade_schema:285] >> 테이블 'mysafetymerge_other' 생성 중...
[2026-09-26 20:07:05,207][INFO|database.py-upgrade_schema:285] >> 테이블 'mysafetymerge_parking' 생성 중...
[2026-09-26 20:07:05,214][INFO|database.py-upgrade_schema:285] >> 테이블 'mysafetymerge_traffic' 생성 중...
[2026-09-26 20:07:05,220][INFO|database.py-_apply_versioned_migrations:452] >> [schema] DB 스키마 버전 1 적용
[2026-09-26 20:07:05,228][INFO|database.py-_apply_versioned_migrations:452] >> [schema] DB 스키마 버전 2 적용
[2026-09-26 20:07:05,230][INFO|database.py-_apply_versioned_migrations:452] >> [schema] DB 스키마 버전 3 적용
[2026-09-26 20:07:05,253][INFO|database.py-_apply_versioned_migrations:452] >> [schema] DB 스키마 버전 4 적용
[2026-09-26 20:07:05,284][INFO|duplicate_group_service.py-_log_info:53] >> [duplicate] payload exact 중복군 0개, 멤버 0건 재생성
[2026-09-26 20:07:05,332][INFO|database.py-backfill_synced_at:100] >> [migration] mysafetydetail_traffic synced_at 백필: 12건, 미해결 0건
[2026-09-26 20:07:05,337][INFO|database.py-backfill_synced_at:100] >> [migration] mysafetydetail_parking synced_at 백필: 6건, 미해결 0건
[2026-09-26 20:07:05,341][INFO|database.py-backfill_synced_at:100] >> [migration] mysafetydetail_other synced_at 백필: 6건, 미해결 0건
[2026-09-26 20:07:05,347][INFO|database.py-backfill_synced_at:105] >> [migration] synced_at 백필 완료: 총 24건 갱신, merge 재생성 시작
[2026-09-26 20:07:05,364][INFO|database.py-merge_final:736] >> 최종 데이터 병합 완료 (Traffic/Parking/Other 분리)
[2026-09-26 20:07:05,389][INFO|duplicate_group_service.py-_log_info:53] >> [duplicate] payload exact 중복군 1개, 멤버 2건 재생성
[2026-09-26 20:07:05,397][INFO|database.py-merge_final:736] >> 최종 데이터 병합 완료 (Traffic/Parking/Other 분리)
[2026-09-26 20:07:05,419][INFO|duplicate_group_service.py-_log_info:53] >> [duplicate] payload exact 중복군 1개, 멤버 2건 재생성
.[2026-09-26 20:07:05,568][INFO|database.py-upgrade_schema:285] >> 테이블 'admin_users' 생성 중...
[2026-09-26 20:07:05,575][INFO|database.py-upgrade_schema:285] >> 테이블 'api_keys' 생성 중...
[2026-09-26 20:07:05,579][INFO|database.py-upgrade_schema:285] >> 테이블 'mysafety' 생성 중...
[2026-09-26 20:07:05,581][INFO|database.py-upgrade_schema:285] >> 테이블 'mysafety_change_cursor' 생성 중...
[2026-09-26 20:07:05,584][INFO|database.py-upgrade_schema:285] >> 테이블 'mysafety_change_log' 생성 중...
[2026-09-26 20:07:05,585][INFO|database.py-upgrade_schema:285] >> 테이블 'mysafety_duplicate_decision' 생성 중...
[2026-09-26 20:07:05,587][INFO|database.py-upgrade_schema:285] >> 테이블 'mysafety_duplicate_group' 생성 중...
[2026-09-26 20:07:05,588][INFO|database.py-upgrade_schema:285] >> 테이블 'mysafety_duplicate_member' 생성 중...
[2026-09-26 20:07:05,589][INFO|database.py-upgrade_schema:285] >> 테이블 'mysafety_entry_value' 생성 중...
[2026-09-26 20:07:05,591][INFO|database.py-upgrade_schema:285] >> 테이블 'mysafety_geocode_cache' 생성 중...
[2026-09-26 20:07:05,593][INFO|database.py-upgrade_schema:285] >> 테이블 'mysafety_raw_content' 생성 중...
[2026-09-26 20:07:05,594][INFO|database.py-upgrade_schema:285] >> 테이블 'mysafety_report_override' 생성 중...
[2026-09-26 20:07:05,596][INFO|database.py-upgrade_schema:285] >> 테이블 'mysafety_sync_meta' 생성 중...
[2026-09-26 20:07:05,597][INFO|database.py-upgrade_schema:285] >> 테이블 'mysafety_watchlist' 생성 중...
[2026-09-26 20:07:05,599][INFO|database.py-upgrade_schema:285] >> 테이블 'mysafetydetail_other' 생성 중...
[2026-09-26 20:07:05,601][INFO|database.py-upgrade_schema:285] >> 테이블 'mysafetydetail_parking' 생성 중...
[2026-09-26 20:07:05,606][INFO|database.py-upgrade_schema:285] >> 테이블 'mysafetydetail_traffic' 생성 중...
[2026-09-26 20:07:05,608][INFO|database.py-upgrade_schema:285] >> 테이블 'mysafetymerge_other' 생성 중...
[2026-09-26 20:07:05,616][INFO|database.py-upgrade_schema:285] >> 테이블 'mysafetymerge_parking' 생성 중...
[2026-09-26 20:07:05,618][INFO|database.py-upgrade_schema:285] >> 테이블 'mysafetymerge_traffic' 생성 중...
[2026-09-26 20:07:05,622][INFO|database.py-_apply_versioned_migrations:452] >> [schema] DB 스키마 버전 1 적용
[2026-09-26 20:07:05,628][INFO|database.py-_apply_versioned_migrations:452] >> [schema] DB 스키마 버전 2 적용
[2026-09-26 20:07:05,631][INFO|database.py-_apply_versioned_migrations:452] >> [schema] DB 스키마 버전 3 적용
[2026-09-26 20:07:05,651][INFO|database.py-_apply_versioned_migrations:452] >> [schema] DB 스키마 버전 4 적용
[2026-09-26 20:07:05,679][INFO|duplicate_group_service.py-_log_info:53] >> [duplicate] payload exact 중복군 0개, 멤버 0건 재생성
[2026-09-26 20:07:05,718][INFO|database.py-backfill_synced_at:100] >> [migration] mysafetydetail_traffic synced_at 백필: 12건, 미해결 0건
[2026-09-26 20:07:05,722][INFO|database.py-backfill_synced_at:100] >> [migration] mysafetydetail_parking synced_at 백필: 6건, 미해결 0건
[2026-09-26 20:07:05,725][INFO|database.py-backfill_synced_at:100] >> [migration] mysafetydetail_other synced_at 백필: 6건, 미해결 0건
[2026-09-26 20:07:05,727][INFO|database.py-backfill_synced_at:105] >> [migration] synced_at 백필 완료: 총 24건 갱신, merge 재생성 시작
[2026-09-26 20:07:05,740][INFO|database.py-merge_final:736] >> 최종 데이터 병합 완료 (Traffic/Parking/Other 분리)
[2026-09-26 20:07:05,766][INFO|duplicate_group_service.py-_log_info:53] >> [duplicate] payload exact 중복군 1개, 멤버 2건 재생성
[2026-09-26 20:07:05,773][INFO|database.py-merge_final:736] >> 최종 데이터 병합 완료 (Traffic/Parking/Other 분리)
[2026-09-26 20:07:05,798][INFO|duplicate_group_service.py-_log_info:53] >> [duplicate] payload exact 중복군 1개, 멤버 2건 재생성
.[2026-09-26 20:07:05,976][INFO|database.py-upgrade_schema:285] >> 테이블 'admin_users' 생성 중...
[2026-09-26 20:07:05,979][INFO|database.py-upgrade_schema:285] >> 테이블 'api_keys' 생성 중...
[2026-09-26 20:07:05,981][INFO|database.py-upgrade_schema:285] >> 테이블 'mysafety' 생성 중...
[2026-09-26 20:07:05,982][INFO|database.py-upgrade_schema:285] >> 테이블 'mysafety_change_cursor' 생성 중...
[2026-09-26 20:07:05,984][INFO|database.py-upgrade_schema:285] >> 테이블 'mysafety_change_log' 생성 중...
[2026-09-26 20:07:05,993][INFO|database.py-upgrade_schema:285] >> 테이블 'mysafety_duplicate_decision' 생성 중...
[2026-09-26 20:07:05,997][INFO|database.py-upgrade_schema:285] >> 테이블 'mysafety_duplicate_group' 생성 중...
[2026-09-26 20:07:05,999][INFO|database.py-upgrade_schema:285] >> 테이블 'mysafety_duplicate_member' 생성 중...
[2026-09-26 20:07:06,001][INFO|database.py-upgrade_schema:285] >> 테이블 'mysafety_entry_value' 생성 중...
[2026-09-26 20:07:06,002][INFO|database.py-upgrade_schema:285] >> 테이블 'mysafety_geocode_cache' 생성 중...
[2026-09-26 20:07:06,004][INFO|database.py-upgrade_schema:285] >> 테이블 'mysafety_raw_content' 생성 중...
[2026-09-26 20:07:06,005][INFO|database.py-upgrade_schema:285] >> 테이블 'mysafety_report_override' 생성 중...
[2026-09-26 20:07:06,007][INFO|database.py-upgrade_schema:285] >> 테이블 'mysafety_sync_meta' 생성 중...
[2026-09-26 20:07:06,008][INFO|database.py-upgrade_schema:285] >> 테이블 'mysafety_watchlist' 생성 중...
[2026-09-26 20:07:06,010][INFO|database.py-upgrade_schema:285] >> 테이블 'mysafetydetail_other' 생성 중...
[2026-09-26 20:07:06,012][INFO|database.py-upgrade_schema:285] >> 테이블 'mysafetydetail_parking' 생성 중...
[2026-09-26 20:07:06,013][INFO|database.py-upgrade_schema:285] >> 테이블 'mysafetydetail_traffic' 생성 중...
[2026-09-26 20:07:06,015][INFO|database.py-upgrade_schema:285] >> 테이블 'mysafetymerge_other' 생성 중...
[2026-09-26 20:07:06,017][INFO|database.py-upgrade_schema:285] >> 테이블 'mysafetymerge_parking' 생성 중...
[2026-09-26 20:07:06,019][INFO|database.py-upgrade_schema:285] >> 테이블 'mysafetymerge_traffic' 생성 중...
[2026-09-26 20:07:06,025][INFO|database.py-_apply_versioned_migrations:452] >> [schema] DB 스키마 버전 1 적용
[2026-09-26 20:07:06,034][INFO|database.py-_apply_versioned_migrations:452] >> [schema] DB 스키마 버전 2 적용
[2026-09-26 20:07:06,036][INFO|database.py-_apply_versioned_migrations:452] >> [schema] DB 스키마 버전 3 적용
[2026-09-26 20:07:06,048][INFO|database.py-_apply_versioned_migrations:452] >> [schema] DB 스키마 버전 4 적용
[2026-09-26 20:07:06,075][INFO|duplicate_group_service.py-_log_info:53] >> [duplicate] payload exact 중복군 0개, 멤버 0건 재생성
[2026-09-26 20:07:06,112][INFO|database.py-backfill_synced_at:100] >> [migration] mysafetydetail_traffic synced_at 백필: 12건, 미해결 0건
[2026-09-26 20:07:06,116][INFO|database.py-backfill_synced_at:100] >> [migration] mysafetydetail_parking synced_at 백필: 6건, 미해결 0건
[2026-09-26 20:07:06,119][INFO|database.py-backfill_synced_at:100] >> [migration] mysafetydetail_other synced_at 백필: 6건, 미해결 0건
[2026-09-26 20:07:06,121][INFO|database.py-backfill_synced_at:105] >> [migration] synced_at 백필 완료: 총 24건 갱신, merge 재생성 시작
[2026-09-26 20:07:06,134][INFO|database.py-merge_final:736] >> 최종 데이터 병합 완료 (Traffic/Parking/Other 분리)
[2026-09-26 20:07:06,162][INFO|duplicate_group_service.py-_log_info:53] >> [duplicate] payload exact 중복군 1개, 멤버 2건 재생성
[2026-09-26 20:07:06,175][INFO|database.py-merge_final:736] >> 최종 데이터 병합 완료 (Traffic/Parking/Other 분리)
[2026-09-26 20:07:06,207][INFO|duplicate_group_service.py-_log_info:53] >> [duplicate] payload exact 중복군 1개, 멤버 2건 재생성
[2026-09-26 20:07:06,407][ERROR|start.py-_save_details_as_they_arrive:492] >> 상세 크롤링이 중간에 멈췄습니다(2건까지 저장됨): 네트워크 끊김
[2026-09-26 20:07:06,407][INFO|start.py-_save_details_as_they_arrive:493] >> 상세 저장 2건 (변경/신규 2건, 실패 0건)
.[2026-09-26 20:07:06,423][INFO|database.py-upgrade_schema:285] >> 테이블 'admin_users' 생성 중...
[2026-09-26 20:07:06,426][INFO|database.py-upgrade_schema:285] >> 테이블 'api_keys' 생성 중...
[2026-09-26 20:07:06,428][INFO|database.py-upgrade_schema:285] >> 테이블 'mysafety' 생성 중...
[2026-09-26 20:07:06,430][INFO|database.py-upgrade_schema:285] >> 테이블 'mysafety_change_cursor' 생성 중...
[2026-09-26 20:07:06,431][INFO|database.py-upgrade_schema:285] >> 테이블 'mysafety_change_log' 생성 중...
[2026-09-26 20:07:06,433][INFO|database.py-upgrade_schema:285] >> 테이블 'mysafety_duplicate_decision' 생성 중...
[2026-09-26 20:07:06,437][INFO|database.py-upgrade_schema:285] >> 테이블 'mysafety_duplicate_group' 생성 중...
[2026-09-26 20:07:06,439][INFO|database.py-upgrade_schema:285] >> 테이블 'mysafety_duplicate_member' 생성 중...
[2026-09-26 20:07:06,441][INFO|database.py-upgrade_schema:285] >> 테이블 'mysafety_entry_value' 생성 중...
[2026-09-26 20:07:06,445][INFO|database.py-upgrade_schema:285] >> 테이블 'mysafety_geocode_cache' 생성 중...
[2026-09-26 20:07:06,450][INFO|database.py-upgrade_schema:285] >> 테이블 'mysafety_raw_content' 생성 중...
[2026-09-26 20:07:06,451][INFO|database.py-upgrade_schema:285] >> 테이블 'mysafety_report_override' 생성 중...
[2026-09-26 20:07:06,453][INFO|database.py-upgrade_schema:285] >> 테이블 'mysafety_sync_meta' 생성 중...
[2026-09-26 20:07:06,454][INFO|database.py-upgrade_schema:285] >> 테이블 'mysafety_watchlist' 생성 중...
[2026-09-26 20:07:06,456][INFO|database.py-upgrade_schema:285] >> 테이블 'mysafetydetail_other' 생성 중...
[2026-09-26 20:07:06,457][INFO|database.py-upgrade_schema:285] >> 테이블 'mysafetydetail_parking' 생성 중...
[2026-09-26 20:07:06,459][INFO|database.py-upgrade_schema:285] >> 테이블 'mysafetydetail_traffic' 생성 중...
[2026-09-26 20:07:06,460][INFO|database.py-upgrade_schema:285] >> 테이블 'mysafetymerge_other' 생성 중...
[2026-09-26 20:07:06,462][INFO|database.py-upgrade_schema:285] >> 테이블 'mysafetymerge_parking' 생성 중...
[2026-09-26 20:07:06,464][INFO|database.py-upgrade_schema:285] >> 테이블 'mysafetymerge_traffic' 생성 중...
[2026-09-26 20:07:06,471][INFO|database.py-_apply_versioned_migrations:452] >> [schema] DB 스키마 버전 1 적용
[2026-09-26 20:07:06,478][INFO|database.py-_apply_versioned_migrations:452] >> [schema] DB 스키마 버전 2 적용
[2026-09-26 20:07:06,482][INFO|database.py-_apply_versioned_migrations:452] >> [schema] DB 스키마 버전 3 적용
[2026-09-26 20:07:06,497][INFO|database.py-_apply_versioned_migrations:452] >> [schema] DB 스키마 버전 4 적용
[2026-09-26 20:07:06,527][INFO|duplicate_group_service.py-_log_info:53] >> [duplicate] payload exact 중복군 0개, 멤버 0건 재생성
[2026-09-26 20:07:06,562][INFO|database.py-backfill_synced_at:100] >> [migration] mysafetydetail_traffic synced_at 백필: 12건, 미해결 0건
[2026-09-26 20:07:06,565][INFO|database.py-backfill_synced_at:100] >> [migration] mysafetydetail_parking synced_at 백필: 6건, 미해결 0건
[2026-09-26 20:07:06,568][INFO|database.py-backfill_synced_at:100] >> [migration] mysafetydetail_other synced_at 백필: 6건, 미해결 0건
[2026-09-26 20:07:06,570][INFO|database.py-backfill_synced_at:105] >> [migration] synced_at 백필 완료: 총 24건 갱신, merge 재생성 시작
[2026-09-26 20:07:06,585][INFO|database.py-merge_final:736] >> 최종 데이터 병합 완료 (Traffic/Parking/Other 분리)
[2026-09-26 20:07:06,609][INFO|duplicate_group_service.py-_log_info:53] >> [duplicate] payload exact 중복군 1개, 멤버 2건 재생성
[2026-09-26 20:07:06,620][INFO|database.py-merge_final:736] >> 최종 데이터 병합 완료 (Traffic/Parking/Other 분리)
[2026-09-26 20:07:06,648][INFO|duplicate_group_service.py-_log_info:53] >> [duplicate] payload exact 중복군 1개, 멤버 2건 재생성
[2026-09-26 20:07:06,793][INFO|database.py-merge_final:736] >> 최종 데이터 병합 완료 (Traffic/Parking/Other 분리)
[2026-09-26 20:07:06,817][INFO|duplicate_group_service.py-_log_info:53] >> [duplicate] payload exact 중복군 1개, 멤버 2건 재생성
[2026-09-26 20:07:06,827][INFO|geocode_service.py-prepare_geo_payload:590] >> [geocode] 설정 누락으로 지오코딩 보류: 카카오 REST API 키가 비어 있습니다.
[2026-09-26 20:07:06,870][INFO|duplicate_group_service.py-_log_info:53] >> [duplicate] payload exact 중복군 1개, 멤버 2건 재생성
.
----------------------------------------------------------------------
Ran 409 tests in 109.595s

OK (skipped=4)
# end: 2026-09-26T20:07:07+09:00
# exit: 0
