# cmd: timeout 900 /home/better0101/projects/safetyreport/.venv/bin/python -m unittest discover -s tests -p 'test_*.py'
# cwd: /home/better0101/projects/worktree/ci-20260926/safetyreport/audit-fix
# candidate: 2f38e71 (ci0926/audit-fix)
# dirty: 0 tracked changes
# start: 2026-09-26T18:36:58+09:00
....../home/better0101/projects/safetyreport/.venv/lib/python3.14/site-packages/fastapi/testclient.py:1: StarletteDeprecationWarning: Using `httpx` with `starlette.testclient` is deprecated; install `httpx2` instead.
  from starlette.testclient import TestClient as TestClient  # noqa
[2026-09-26 18:37:00,137][INFO|database.py-upgrade_schema:285] >> 테이블 'admin_users' 생성 중...
[2026-09-26 18:37:00,141][INFO|database.py-upgrade_schema:285] >> 테이블 'api_keys' 생성 중...
[2026-09-26 18:37:00,146][INFO|database.py-upgrade_schema:285] >> 테이블 'mysafety' 생성 중...
[2026-09-26 18:37:00,150][INFO|database.py-upgrade_schema:285] >> 테이블 'mysafety_change_cursor' 생성 중...
[2026-09-26 18:37:00,153][INFO|database.py-upgrade_schema:285] >> 테이블 'mysafety_change_log' 생성 중...
[2026-09-26 18:37:00,159][INFO|database.py-upgrade_schema:285] >> 테이블 'mysafety_duplicate_decision' 생성 중...
[2026-09-26 18:37:00,161][INFO|database.py-upgrade_schema:285] >> 테이블 'mysafety_duplicate_group' 생성 중...
[2026-09-26 18:37:00,166][INFO|database.py-upgrade_schema:285] >> 테이블 'mysafety_duplicate_member' 생성 중...
[2026-09-26 18:37:00,171][INFO|database.py-upgrade_schema:285] >> 테이블 'mysafety_entry_value' 생성 중...
[2026-09-26 18:37:00,174][INFO|database.py-upgrade_schema:285] >> 테이블 'mysafety_geocode_cache' 생성 중...
[2026-09-26 18:37:00,176][INFO|database.py-upgrade_schema:285] >> 테이블 'mysafety_raw_content' 생성 중...
[2026-09-26 18:37:00,181][INFO|database.py-upgrade_schema:285] >> 테이블 'mysafety_report_override' 생성 중...
[2026-09-26 18:37:00,183][INFO|database.py-upgrade_schema:285] >> 테이블 'mysafety_sync_meta' 생성 중...
[2026-09-26 18:37:00,185][INFO|database.py-upgrade_schema:285] >> 테이블 'mysafety_watchlist' 생성 중...
[2026-09-26 18:37:00,194][INFO|database.py-upgrade_schema:285] >> 테이블 'mysafetydetail_other' 생성 중...
[2026-09-26 18:37:00,196][INFO|database.py-upgrade_schema:285] >> 테이블 'mysafetydetail_parking' 생성 중...
[2026-09-26 18:37:00,199][INFO|database.py-upgrade_schema:285] >> 테이블 'mysafetydetail_traffic' 생성 중...
[2026-09-26 18:37:00,201][INFO|database.py-upgrade_schema:285] >> 테이블 'mysafetymerge_other' 생성 중...
[2026-09-26 18:37:00,205][INFO|database.py-upgrade_schema:285] >> 테이블 'mysafetymerge_parking' 생성 중...
[2026-09-26 18:37:00,208][INFO|database.py-upgrade_schema:285] >> 테이블 'mysafetymerge_traffic' 생성 중...
[2026-09-26 18:37:00,217][INFO|database.py-_apply_versioned_migrations:452] >> [schema] DB 스키마 버전 1 적용
[2026-09-26 18:37:00,224][INFO|database.py-_apply_versioned_migrations:452] >> [schema] DB 스키마 버전 2 적용
[2026-09-26 18:37:00,226][INFO|database.py-_apply_versioned_migrations:452] >> [schema] DB 스키마 버전 3 적용
[2026-09-26 18:37:00,250][INFO|database.py-_apply_versioned_migrations:452] >> [schema] DB 스키마 버전 4 적용
[2026-09-26 18:37:00,413][INFO|community_auth_service.py-start:465] >> [community] 연결 요청을 만들었습니다(pc).
[2026-09-26 18:37:00,427][INFO|community_auth_service.py-_handle_code:663] >> [community] 로그인 결과를 받았습니다. 관리자 확인을 기다립니다.
[2026-09-26 18:37:00,443][INFO|community_auth_service.py-confirm:744] >> [community] 커뮤니티 계정을 이 서버에 연결했습니다.
[2026-09-26 18:37:00,539][INFO|_client.py-_send_single_request:1025] >> HTTP Request: GET http://testserver/api/v1/app/config "HTTP/1.1 200 OK"
.[2026-09-26 18:37:00,965][INFO|community_auth_service.py-start:465] >> [community] 연결 요청을 만들었습니다(pc).
[2026-09-26 18:37:01,009][INFO|community_auth_service.py-_handle_code:663] >> [community] 로그인 결과를 받았습니다. 관리자 확인을 기다립니다.
[2026-09-26 18:37:01,017][INFO|community_auth_service.py-confirm:744] >> [community] 커뮤니티 계정을 이 서버에 연결했습니다.
.[2026-09-26 18:37:01,530][INFO|_client.py-_send_single_request:1025] >> HTTP Request: GET http://testserver/api/v1/files?path=auth "HTTP/1.1 403 Forbidden"
.[2026-09-26 18:37:02,554][WARNING|community_auth_service.py-start:446] >> [community] 연결 요청 생성 실패: network_error
[2026-09-26 18:37:02,556][INFO|_client.py-_send_single_request:1025] >> HTTP Request: POST http://testserver/api/v1/community-auth/start "HTTP/1.1 502 Bad Gateway"
.[2026-09-26 18:37:02,564][INFO|_client.py-_send_single_request:1025] >> HTTP Request: GET http://testserver/api/v1/community-auth/status "HTTP/1.1 200 OK"
[2026-09-26 18:37:02,592][INFO|community_auth_service.py-start:465] >> [community] 연결 요청을 만들었습니다(mobile_client_server).
[2026-09-26 18:37:02,603][INFO|_client.py-_send_single_request:1025] >> HTTP Request: POST http://testserver/api/v1/community-auth/start "HTTP/1.1 200 OK"
[2026-09-26 18:37:02,611][INFO|_client.py-_send_single_request:1025] >> HTTP Request: GET http://testserver/api/v1/community-auth/status "HTTP/1.1 200 OK"
[2026-09-26 18:37:02,644][INFO|_client.py-_send_single_request:1025] >> HTTP Request: GET http://testserver/api/v1/community-auth/status "HTTP/1.1 200 OK"
[2026-09-26 18:37:02,654][INFO|community_auth_service.py-_handle_code:663] >> [community] 로그인 결과를 받았습니다. 관리자 확인을 기다립니다.
[2026-09-26 18:37:02,678][INFO|_client.py-_send_single_request:1025] >> HTTP Request: GET http://testserver/api/v1/community-auth/status "HTTP/1.1 200 OK"
[2026-09-26 18:37:02,690][INFO|community_auth_service.py-confirm:744] >> [community] 커뮤니티 계정을 이 서버에 연결했습니다.
[2026-09-26 18:37:02,735][INFO|_client.py-_send_single_request:1025] >> HTTP Request: POST http://testserver/api/v1/community-auth/confirm "HTTP/1.1 200 OK"
[2026-09-26 18:37:02,747][INFO|_client.py-_send_single_request:1025] >> HTTP Request: POST http://testserver/api/v1/community-auth/confirm "HTTP/1.1 409 Conflict"
[2026-09-26 18:37:02,764][INFO|community_auth_service.py-disconnect:826] >> [community] 커뮤니티 계정 연결을 해제했습니다(서버 로그아웃 확인: True).
[2026-09-26 18:37:02,766][INFO|_client.py-_send_single_request:1025] >> HTTP Request: POST http://testserver/api/v1/community-auth/disconnect "HTTP/1.1 200 OK"
./home/better0101/projects/safetyreport/.venv/lib/python3.14/site-packages/sqlalchemy/engine/cursor.py:1529: ResourceWarning: unclosed database in <sqlite3.Connection object at 0x7f868c46c310>
  def __init__(
ResourceWarning: Enable tracemalloc to get the object allocation traceback
/home/better0101/projects/safetyreport/.venv/lib/python3.14/site-packages/sqlalchemy/engine/cursor.py:1529: ResourceWarning: unclosed database in <sqlite3.Connection object at 0x7f868c46f3d0>
  def __init__(
ResourceWarning: Enable tracemalloc to get the object allocation traceback
[2026-09-26 18:37:03,276][INFO|_client.py-_send_single_request:1025] >> HTTP Request: GET http://testserver/api/v1/community-auth/status "HTTP/1.1 401 Unauthorized"
[2026-09-26 18:37:03,291][INFO|community_auth_service.py-start:465] >> [community] 연결 요청을 만들었습니다(pc).
[2026-09-26 18:37:03,307][INFO|_client.py-_send_single_request:1025] >> HTTP Request: GET http://testserver/api/v1/community-auth/status "HTTP/1.1 200 OK"
[2026-09-26 18:37:03,312][INFO|_client.py-_send_single_request:1025] >> HTTP Request: POST http://testserver/api/v1/community-auth/start "HTTP/1.1 403 Forbidden"
[2026-09-26 18:37:03,317][INFO|_client.py-_send_single_request:1025] >> HTTP Request: POST http://testserver/api/v1/community-auth/confirm "HTTP/1.1 403 Forbidden"
[2026-09-26 18:37:03,323][INFO|_client.py-_send_single_request:1025] >> HTTP Request: POST http://testserver/api/v1/community-auth/cancel "HTTP/1.1 403 Forbidden"
[2026-09-26 18:37:03,333][INFO|_client.py-_send_single_request:1025] >> HTTP Request: POST http://testserver/api/v1/community-auth/disconnect "HTTP/1.1 403 Forbidden"
.[2026-09-26 18:37:03,833][INFO|_client.py-_send_single_request:1025] >> HTTP Request: GET http://testserver/settings/community/status "HTTP/1.1 401 Unauthorized"
[2026-09-26 18:37:03,839][INFO|_client.py-_send_single_request:1025] >> HTTP Request: POST http://testserver/settings/community/start "HTTP/1.1 401 Unauthorized"
[2026-09-26 18:37:03,841][INFO|_client.py-_send_single_request:1025] >> HTTP Request: POST http://testserver/settings/community/start "HTTP/1.1 302 Found"
.[2026-09-26 18:37:04,457][INFO|_client.py-_send_single_request:1025] >> HTTP Request: POST http://testserver/login "HTTP/1.1 303 See Other"
[2026-09-26 18:37:04,461][INFO|_client.py-_send_single_request:1025] >> HTTP Request: GET http://testserver/settings/ "HTTP/1.1 302 Found"
[2026-09-26 18:37:04,489][INFO|_client.py-_send_single_request:1025] >> HTTP Request: GET http://testserver/onboarding/community?next=/settings/ "HTTP/1.1 200 OK"
[2026-09-26 18:37:04,496][INFO|_client.py-_send_single_request:1025] >> HTTP Request: POST http://testserver/settings/community/start "HTTP/1.1 403 Forbidden"
[2026-09-26 18:37:04,501][INFO|_client.py-_send_single_request:1025] >> HTTP Request: POST http://testserver/settings/community/start "HTTP/1.1 403 Forbidden"
[2026-09-26 18:37:04,504][INFO|_client.py-_send_single_request:1025] >> HTTP Request: POST http://testserver/settings/community/start "HTTP/1.1 403 Forbidden"
[2026-09-26 18:37:04,507][INFO|_client.py-_send_single_request:1025] >> HTTP Request: POST http://testserver/settings/community/start "HTTP/1.1 403 Forbidden"
[2026-09-26 18:37:04,511][INFO|_client.py-_send_single_request:1025] >> HTTP Request: POST http://testserver/settings/community/start "HTTP/1.1 403 Forbidden"
[2026-09-26 18:37:04,515][INFO|_client.py-_send_single_request:1025] >> HTTP Request: POST http://testserver/settings/community/start "HTTP/1.1 403 Forbidden"
[2026-09-26 18:37:04,519][INFO|_client.py-_send_single_request:1025] >> HTTP Request: POST http://testserver/settings/community/confirm "HTTP/1.1 403 Forbidden"
[2026-09-26 18:37:04,523][INFO|_client.py-_send_single_request:1025] >> HTTP Request: POST http://testserver/settings/community/cancel "HTTP/1.1 403 Forbidden"
[2026-09-26 18:37:04,527][INFO|_client.py-_send_single_request:1025] >> HTTP Request: POST http://testserver/settings/community/disconnect "HTTP/1.1 403 Forbidden"
[2026-09-26 18:37:04,531][INFO|_client.py-_send_single_request:1025] >> HTTP Request: POST http://testserver/settings/community/settings "HTTP/1.1 403 Forbidden"
[2026-09-26 18:37:04,551][INFO|community_auth_service.py-start:465] >> [community] 연결 요청을 만들었습니다(pc).
[2026-09-26 18:37:04,562][INFO|_client.py-_send_single_request:1025] >> HTTP Request: POST http://testserver/settings/community/start "HTTP/1.1 200 OK"
.[2026-09-26 18:37:05,182][INFO|_client.py-_send_single_request:1025] >> HTTP Request: POST http://testserver/login "HTTP/1.1 303 See Other"
[2026-09-26 18:37:05,191][INFO|_client.py-_send_single_request:1025] >> HTTP Request: GET http://testserver/settings/ "HTTP/1.1 302 Found"
[2026-09-26 18:37:05,202][INFO|_client.py-_send_single_request:1025] >> HTTP Request: GET http://testserver/onboarding/community?next=/settings/ "HTTP/1.1 200 OK"
[2026-09-26 18:37:05,211][INFO|_client.py-_send_single_request:1025] >> HTTP Request: POST http://testserver/settings/community/confirm "HTTP/1.1 409 Conflict"
[2026-09-26 18:37:05,224][INFO|_client.py-_send_single_request:1025] >> HTTP Request: POST http://testserver/settings/community/cancel "HTTP/1.1 409 Conflict"
[2026-09-26 18:37:05,228][INFO|_client.py-_send_single_request:1025] >> HTTP Request: POST http://testserver/settings/community/start "HTTP/1.1 400 Bad Request"
.[2026-09-26 18:37:05,685][INFO|_client.py-_send_single_request:1025] >> HTTP Request: POST http://testserver/login "HTTP/1.1 303 See Other"
[2026-09-26 18:37:05,692][INFO|_client.py-_send_single_request:1025] >> HTTP Request: GET http://testserver/settings/ "HTTP/1.1 302 Found"
[2026-09-26 18:37:05,698][INFO|_client.py-_send_single_request:1025] >> HTTP Request: GET http://testserver/onboarding/community?next=/settings/ "HTTP/1.1 200 OK"
[2026-09-26 18:37:05,718][INFO|community_auth_service.py-start:465] >> [community] 연결 요청을 만들었습니다(pc).
[2026-09-26 18:37:05,725][INFO|_client.py-_send_single_request:1025] >> HTTP Request: POST http://testserver/settings/community/start "HTTP/1.1 200 OK"
[2026-09-26 18:37:05,732][INFO|_client.py-_send_single_request:1025] >> HTTP Request: POST http://testserver/settings/community/start "HTTP/1.1 400 Bad Request"
[2026-09-26 18:37:05,753][INFO|community_auth_service.py-start:465] >> [community] 연결 요청을 만들었습니다(pc).
[2026-09-26 18:37:05,761][INFO|_client.py-_send_single_request:1025] >> HTTP Request: POST http://testserver/settings/community/start "HTTP/1.1 200 OK"
[2026-09-26 18:37:05,768][INFO|_client.py-_send_single_request:1025] >> HTTP Request: GET http://testserver/settings/community/status "HTTP/1.1 200 OK"
[2026-09-26 18:37:05,800][INFO|_client.py-_send_single_request:1025] >> HTTP Request: GET http://testserver/settings/community/status "HTTP/1.1 200 OK"
[2026-09-26 18:37:05,804][INFO|community_auth_service.py-_handle_code:663] >> [community] 로그인 결과를 받았습니다. 관리자 확인을 기다립니다.
[2026-09-26 18:37:05,827][INFO|_client.py-_send_single_request:1025] >> HTTP Request: GET http://testserver/settings/community/status "HTTP/1.1 200 OK"
[2026-09-26 18:37:05,834][INFO|_client.py-_send_single_request:1025] >> HTTP Request: GET http://testserver/settings/community/status "HTTP/1.1 200 OK"
[2026-09-26 18:37:05,843][INFO|community_auth_service.py-confirm:744] >> [community] 커뮤니티 계정을 이 서버에 연결했습니다.
[2026-09-26 18:37:05,858][INFO|_client.py-_send_single_request:1025] >> HTTP Request: POST http://testserver/settings/community/confirm "HTTP/1.1 200 OK"
[2026-09-26 18:37:05,872][INFO|_client.py-_send_single_request:1025] >> HTTP Request: GET http://testserver/settings/ "HTTP/1.1 302 Found"
[2026-09-26 18:37:05,885][INFO|_client.py-_send_single_request:1025] >> HTTP Request: GET http://testserver/onboarding/community?next=/settings/ "HTTP/1.1 200 OK"
[2026-09-26 18:37:05,900][INFO|community_auth_service.py-disconnect:826] >> [community] 커뮤니티 계정 연결을 해제했습니다(서버 로그아웃 확인: True).
[2026-09-26 18:37:05,903][INFO|_client.py-_send_single_request:1025] >> HTTP Request: POST http://testserver/settings/community/disconnect "HTTP/1.1 200 OK"
.[2026-09-26 18:37:06,526][INFO|_client.py-_send_single_request:1025] >> HTTP Request: POST http://testserver/login "HTTP/1.1 303 See Other"
[2026-09-26 18:37:06,531][INFO|_client.py-_send_single_request:1025] >> HTTP Request: GET http://testserver/settings/ "HTTP/1.1 302 Found"
[2026-09-26 18:37:06,543][INFO|_client.py-_send_single_request:1025] >> HTTP Request: GET http://testserver/onboarding/community?next=/settings/ "HTTP/1.1 200 OK"
[2026-09-26 18:37:06,560][INFO|_client.py-_send_single_request:1025] >> HTTP Request: POST http://testserver/settings/community/settings "HTTP/1.1 200 OK"
/home/better0101/projects/worktree/ci-20260926/safetyreport/audit-fix/core/database/write_barrier.py:38: ResourceWarning: unclosed database in <sqlite3.Connection object at 0x7f868c6322f0>
  def _on_checkout(dbapi_connection, connection_record, connection_proxy):
ResourceWarning: Enable tracemalloc to get the object allocation traceback
/home/better0101/projects/worktree/ci-20260926/safetyreport/audit-fix/core/database/write_barrier.py:38: ResourceWarning: unclosed database in <sqlite3.Connection object at 0x7f868c46f880>
  def _on_checkout(dbapi_connection, connection_record, connection_proxy):
ResourceWarning: Enable tracemalloc to get the object allocation traceback
/home/better0101/projects/worktree/ci-20260926/safetyreport/audit-fix/core/database/write_barrier.py:38: ResourceWarning: unclosed database in <sqlite3.Connection object at 0x7f868c46ce50>
  def _on_checkout(dbapi_connection, connection_record, connection_proxy):
ResourceWarning: Enable tracemalloc to get the object allocation traceback
/home/better0101/projects/worktree/ci-20260926/safetyreport/audit-fix/core/database/write_barrier.py:38: ResourceWarning: unclosed database in <sqlite3.Connection object at 0x7f868c524220>
  def _on_checkout(dbapi_connection, connection_record, connection_proxy):
ResourceWarning: Enable tracemalloc to get the object allocation traceback
[2026-09-26 18:37:06,578][INFO|_client.py-_send_single_request:1025] >> HTTP Request: POST http://testserver/settings/community/settings "HTTP/1.1 400 Bad Request"
[2026-09-26 18:37:06,585][INFO|_client.py-_send_single_request:1025] >> HTTP Request: POST http://testserver/settings/community/settings "HTTP/1.1 400 Bad Request"
[2026-09-26 18:37:06,590][INFO|_client.py-_send_single_request:1025] >> HTTP Request: POST http://testserver/settings/community/settings "HTTP/1.1 400 Bad Request"
[2026-09-26 18:37:06,616][INFO|_client.py-_send_single_request:1025] >> HTTP Request: POST http://testserver/settings/community/settings "HTTP/1.1 200 OK"
.[2026-09-26 18:37:06,936][INFO|community_auth_service.py-start:465] >> [community] 연결 요청을 만들었습니다(pc).
[2026-09-26 18:37:06,956][INFO|community_auth_service.py-_handle_code:663] >> [community] 로그인 결과를 받았습니다. 관리자 확인을 기다립니다.
[2026-09-26 18:37:06,969][INFO|community_auth_service.py-confirm:744] >> [community] 커뮤니티 계정을 이 서버에 연결했습니다.
[2026-09-26 18:37:06,987][INFO|community_auth_service.py-start:465] >> [community] 연결 요청을 만들었습니다(pc).
[2026-09-26 18:37:07,030][INFO|community_auth_service.py-_handle_code:663] >> [community] 로그인 결과를 받았습니다. 관리자 확인을 기다립니다.
[2026-09-26 18:37:07,055][INFO|community_auth_service.py-cancel:788] >> [community] 연결 요청을 취소했습니다.
.[2026-09-26 18:37:07,575][INFO|community_auth_service.py-start:465] >> [community] 연결 요청을 만들었습니다(pc).
[2026-09-26 18:37:07,595][INFO|community_auth_service.py-_handle_code:663] >> [community] 로그인 결과를 받았습니다. 관리자 확인을 기다립니다.
[2026-09-26 18:37:07,601][INFO|community_auth_service.py-confirm:744] >> [community] 커뮤니티 계정을 이 서버에 연결했습니다.
[2026-09-26 18:37:07,603][WARNING|community_auth_service.py-_complete_with_retry:768] >> [community] complete 실패: auth_invalid
.[2026-09-26 18:37:08,125][INFO|community_auth_service.py-start:465] >> [community] 연결 요청을 만들었습니다(pc).
[2026-09-26 18:37:08,149][INFO|community_auth_service.py-_handle_code:663] >> [community] 로그인 결과를 받았습니다. 관리자 확인을 기다립니다.
[2026-09-26 18:37:08,154][INFO|community_auth_service.py-confirm:744] >> [community] 커뮤니티 계정을 이 서버에 연결했습니다.
.[2026-09-26 18:37:08,216][INFO|community_auth_service.py-start:465] >> [community] 연결 요청을 만들었습니다(pc).
[2026-09-26 18:37:08,258][INFO|community_auth_service.py-_handle_code:663] >> [community] 로그인 결과를 받았습니다. 관리자 확인을 기다립니다.
[2026-09-26 18:37:08,271][INFO|community_auth_service.py-confirm:744] >> [community] 커뮤니티 계정을 이 서버에 연결했습니다.
.[2026-09-26 18:37:08,803][INFO|community_auth_service.py-start:465] >> [community] 연결 요청을 만들었습니다(pc).
.[2026-09-26 18:37:09,331][INFO|community_auth_service.py-start:465] >> [community] 연결 요청을 만들었습니다(pc).
[2026-09-26 18:37:09,352][INFO|community_auth_service.py-_handle_code:663] >> [community] 로그인 결과를 받았습니다. 관리자 확인을 기다립니다.
[2026-09-26 18:37:09,357][INFO|community_auth_service.py-confirm:744] >> [community] 커뮤니티 계정을 이 서버에 연결했습니다.
[2026-09-26 18:37:09,372][INFO|community_auth_service.py-start:465] >> [community] 연결 요청을 만들었습니다(pc).
[2026-09-26 18:37:09,397][INFO|community_auth_service.py-_handle_code:663] >> [community] 로그인 결과를 받았습니다. 관리자 확인을 기다립니다.
[2026-09-26 18:37:09,409][INFO|community_auth_service.py-confirm:744] >> [community] 커뮤니티 계정을 이 서버에 연결했습니다.
.[2026-09-26 18:37:09,939][INFO|community_auth_service.py-start:465] >> [community] 연결 요청을 만들었습니다(pc).
/usr/lib/python3.14/threading.py:1308: ResourceWarning: unclosed database in <sqlite3.Connection object at 0x7f868c5256c0>
  def _make_invoke_excepthook():
ResourceWarning: Enable tracemalloc to get the object allocation traceback
.[2026-09-26 18:37:10,462][INFO|community_auth_service.py-start:465] >> [community] 연결 요청을 만들었습니다(pc).
[2026-09-26 18:37:10,510][INFO|community_auth_service.py-_handle_code:663] >> [community] 로그인 결과를 받았습니다. 관리자 확인을 기다립니다.
[2026-09-26 18:37:10,520][INFO|community_auth_service.py-confirm:744] >> [community] 커뮤니티 계정을 이 서버에 연결했습니다.
[2026-09-26 18:37:10,528][INFO|community_auth_service.py-disconnect:826] >> [community] 커뮤니티 계정 연결을 해제했습니다(서버 로그아웃 확인: True).
.[2026-09-26 18:37:11,052][INFO|community_auth_service.py-start:465] >> [community] 연결 요청을 만들었습니다(pc).
[2026-09-26 18:37:11,068][INFO|community_auth_service.py-_handle_code:663] >> [community] 로그인 결과를 받았습니다. 관리자 확인을 기다립니다.
[2026-09-26 18:37:11,081][INFO|community_auth_service.py-confirm:744] >> [community] 커뮤니티 계정을 이 서버에 연결했습니다.
[2026-09-26 18:37:11,589][INFO|community_auth_service.py-_logout_quietly:840] >> [community] 세션 로그아웃 실패(무시): network_error
[2026-09-26 18:37:11,589][INFO|community_auth_service.py-disconnect:826] >> [community] 커뮤니티 계정 연결을 해제했습니다(서버 로그아웃 확인: False).
.[2026-09-26 18:37:11,618][INFO|community_auth_service.py-start:465] >> [community] 연결 요청을 만들었습니다(pc).
[2026-09-26 18:37:11,658][INFO|community_auth_service.py-_handle_code:663] >> [community] 로그인 결과를 받았습니다. 관리자 확인을 기다립니다.
[2026-09-26 18:37:11,670][INFO|community_auth_service.py-confirm:744] >> [community] 커뮤니티 계정을 이 서버에 연결했습니다.
[2026-09-26 18:37:11,691][INFO|community_auth_service.py-disconnect:826] >> [community] 커뮤니티 계정 연결을 해제했습니다(서버 로그아웃 확인: True).
.[2026-09-26 18:37:12,212][INFO|community_auth_service.py-start:465] >> [community] 연결 요청을 만들었습니다(pc).
[2026-09-26 18:37:12,250][WARNING|community_auth_service.py-_handle_code:639] >> [community] 코드 교환 실패: bad_code_verifier
[2026-09-26 18:37:12,255][INFO|community_auth_service.py-_fail_pending:697] >> [community] 연결 요청 종료: exchange_failed
.[2026-09-26 18:37:12,773][INFO|community_auth_service.py-start:465] >> [community] 연결 요청을 만들었습니다(pc).
.[2026-09-26 18:37:13,284][WARNING|runtime_mode.py-block_if_fixture:47] >> [fixture] blocked: community auth network
.[2026-09-26 18:37:13,807][INFO|community_auth_service.py-start:465] >> [community] 연결 요청을 만들었습니다(pc).
[2026-09-26 18:37:13,829][INFO|community_auth_service.py-_handle_code:663] >> [community] 로그인 결과를 받았습니다. 관리자 확인을 기다립니다.
[2026-09-26 18:37:13,836][INFO|community_auth_service.py-confirm:744] >> [community] 커뮤니티 계정을 이 서버에 연결했습니다.
[2026-09-26 18:37:13,850][WARNING|community_auth_service.py-get_access_token:863] >> [community] refresh 토큰이 거부되어 다시 로그인이 필요합니다: refresh_token_not_found
..[2026-09-26 18:37:14,893][INFO|community_auth_service.py-start:465] >> [community] 연결 요청을 만들었습니다(pc).
[2026-09-26 18:37:14,919][INFO|community_auth_service.py-_handle_code:663] >> [community] 로그인 결과를 받았습니다. 관리자 확인을 기다립니다.
[2026-09-26 18:37:14,924][INFO|community_auth_service.py-confirm:744] >> [community] 커뮤니티 계정을 이 서버에 연결했습니다.
[2026-09-26 18:37:14,953][INFO|community_auth_service.py-start:465] >> [community] 연결 요청을 만들었습니다(pc).
[2026-09-26 18:37:14,996][INFO|community_auth_service.py-_handle_code:663] >> [community] 로그인 결과를 받았습니다. 관리자 확인을 기다립니다.
[2026-09-26 18:37:15,013][INFO|community_auth_service.py-cancel:788] >> [community] 연결 요청을 취소했습니다.
[2026-09-26 18:37:15,028][INFO|community_auth_service.py-disconnect:826] >> [community] 커뮤니티 계정 연결을 해제했습니다(서버 로그아웃 확인: True).
.[2026-09-26 18:37:15,558][INFO|community_auth_service.py-start:465] >> [community] 연결 요청을 만들었습니다(pc).
[2026-09-26 18:37:15,625][INFO|community_auth_service.py-_handle_code:663] >> [community] 로그인 결과를 받았습니다. 관리자 확인을 기다립니다.
.[2026-09-26 18:37:16,140][INFO|community_auth_service.py-start:465] >> [community] 연결 요청을 만들었습니다(pc).
[2026-09-26 18:37:16,158][INFO|community_auth_service.py-start:465] >> [community] 연결 요청을 만들었습니다(pc).
.[2026-09-26 18:37:16,680][INFO|community_auth_service.py-start:465] >> [community] 연결 요청을 만들었습니다(pc).
[2026-09-26 18:37:16,695][INFO|community_auth_service.py-_fail_pending:697] >> [community] 연결 요청 종료: expired
.[2026-09-26 18:37:17,350][INFO|community_auth_service.py-start:465] >> [community] 연결 요청을 만들었습니다(pc).
[2026-09-26 18:37:17,390][INFO|community_auth_service.py-_handle_code:663] >> [community] 로그인 결과를 받았습니다. 관리자 확인을 기다립니다.
[2026-09-26 18:37:17,405][INFO|community_auth_service.py-confirm:744] >> [community] 커뮤니티 계정을 이 서버에 연결했습니다.
.[2026-09-26 18:37:17,927][INFO|community_auth_service.py-_fail_pending:697] >> [community] 연결 요청 종료: interrupted
[2026-09-26 18:37:17,929][INFO|community_auth_service.py-_safe_relay_cancel:806] >> [community] 중계 취소 실패(무시): not_found
.[2026-09-26 18:37:18,443][INFO|community_auth_service.py-start:465] >> [community] 연결 요청을 만들었습니다(pc).
[2026-09-26 18:37:18,466][INFO|community_auth_service.py-_handle_code:663] >> [community] 로그인 결과를 받았습니다. 관리자 확인을 기다립니다.
.[2026-09-26 18:37:18,990][INFO|community_auth_service.py-start:465] >> [community] 연결 요청을 만들었습니다(pc).
.[2026-09-26 18:37:19,517][INFO|community_auth_service.py-start:465] >> [community] 연결 요청을 만들었습니다(pc).
[2026-09-26 18:37:19,599][INFO|community_auth_service.py-_handle_code:663] >> [community] 로그인 결과를 받았습니다. 관리자 확인을 기다립니다.
[2026-09-26 18:37:19,769][INFO|community_auth_service.py-confirm:744] >> [community] 커뮤니티 계정을 이 서버에 연결했습니다.
.[2026-09-26 18:37:20,289][INFO|community_auth_service.py-start:465] >> [community] 연결 요청을 만들었습니다(pc).
.[2026-09-26 18:37:20,815][INFO|community_auth_service.py-start:465] >> [community] 연결 요청을 만들었습니다(pc).
[2026-09-26 18:37:20,831][INFO|community_auth_service.py-_handle_code:663] >> [community] 로그인 결과를 받았습니다. 관리자 확인을 기다립니다.
[2026-09-26 18:37:20,846][INFO|community_auth_service.py-confirm:744] >> [community] 커뮤니티 계정을 이 서버에 연결했습니다.
.[2026-09-26 18:37:21,382][INFO|community_auth_service.py-start:465] >> [community] 연결 요청을 만들었습니다(pc).
[2026-09-26 18:37:21,412][INFO|community_auth_service.py-_handle_code:663] >> [community] 로그인 결과를 받았습니다. 관리자 확인을 기다립니다.
[2026-09-26 18:37:21,421][INFO|community_auth_service.py-confirm:744] >> [community] 커뮤니티 계정을 이 서버에 연결했습니다.
[2026-09-26 18:37:21,424][WARNING|community_auth_store.py-reset_unreadable:264] >> [community] 읽을 수 없는 커뮤니티 세션 파일을 community_session.enc.unreadable-20260926183721 로 옮겼습니다.
.[2026-09-26 18:37:21,953][INFO|community_auth_service.py-start:465] >> [community] 연결 요청을 만들었습니다(pc).
[2026-09-26 18:37:21,971][INFO|community_auth_service.py-_handle_code:663] >> [community] 로그인 결과를 받았습니다. 관리자 확인을 기다립니다.
[2026-09-26 18:37:21,983][INFO|community_auth_service.py-confirm:744] >> [community] 커뮤니티 계정을 이 서버에 연결했습니다.
[2026-09-26 18:37:21,994][INFO|community_auth_service.py-disconnect:826] >> [community] 커뮤니티 계정 연결을 해제했습니다(서버 로그아웃 확인: True).
.......[2026-09-26 18:37:22,579][INFO|community_auth_service.py-start:465] >> [community] 연결 요청을 만들었습니다(pc).
[2026-09-26 18:37:22,607][INFO|community_auth_service.py-start:465] >> [community] 연결 요청을 만들었습니다(pc).
[2026-09-26 18:37:22,657][INFO|community_auth_service.py-_handle_code:663] >> [community] 로그인 결과를 받았습니다. 관리자 확인을 기다립니다.
[2026-09-26 18:37:22,669][INFO|community_auth_service.py-_handle_code:663] >> [community] 로그인 결과를 받았습니다. 관리자 확인을 기다립니다.
[2026-09-26 18:37:22,677][INFO|community_auth_service.py-confirm:744] >> [community] 커뮤니티 계정을 이 서버에 연결했습니다.
[2026-09-26 18:37:22,684][INFO|community_auth_service.py-confirm:744] >> [community] 커뮤니티 계정을 이 서버에 연결했습니다.
.sss........................../usr/lib/python3.14/unittest/mock.py:2259: ResourceWarning: unclosed database in <sqlite3.Connection object at 0x7f868c499030>
  def __init__(self, name, parent):
ResourceWarning: Enable tracemalloc to get the object allocation traceback
/usr/lib/python3.14/unittest/mock.py:2259: ResourceWarning: unclosed database in <sqlite3.Connection object at 0x7f86bd8c1030>
  def __init__(self, name, parent):
ResourceWarning: Enable tracemalloc to get the object allocation traceback
/usr/lib/python3.14/unittest/mock.py:2259: ResourceWarning: unclosed database in <sqlite3.Connection object at 0x7f86bd8c13f0>
  def __init__(self, name, parent):
ResourceWarning: Enable tracemalloc to get the object allocation traceback
/usr/lib/python3.14/unittest/mock.py:2259: ResourceWarning: unclosed database in <sqlite3.Connection object at 0x7f86bd8c1d50>
  def __init__(self, name, parent):
ResourceWarning: Enable tracemalloc to get the object allocation traceback
.....[2026-09-26 18:37:24,748][WARNING|community_route.py-_contributions_delete:296] >> 공유 자료 삭제 뒤 writer 연결 파일을 지우지 못함 — 다음 게이트 확인 때 다시 등록 필요
....[2026-09-26 18:37:24,764][INFO|_client.py-_send_single_request:1025] >> HTTP Request: GET http://testserver/settings/ "HTTP/1.1 302 Found"
[2026-09-26 18:37:24,767][INFO|_client.py-_send_single_request:1025] >> HTTP Request: GET http://testserver/onboarding/community "HTTP/1.1 302 Found"
..[2026-09-26 18:37:25,772][INFO|_client.py-_send_single_request:1025] >> HTTP Request: GET http://testserver/api/v1/summary "HTTP/1.1 401 Unauthorized"
[2026-09-26 18:37:25,776][INFO|_client.py-_send_single_request:1025] >> HTTP Request: GET http://testserver/api/v1/summary "HTTP/1.1 403 Forbidden"
[2026-09-26 18:37:25,782][INFO|_client.py-_send_single_request:1025] >> HTTP Request: POST http://testserver/api/v1/crawl/start "HTTP/1.1 403 Forbidden"
[2026-09-26 18:37:25,790][INFO|_client.py-_send_single_request:1025] >> HTTP Request: GET http://testserver/api/v1/app/config "HTTP/1.1 200 OK"
[2026-09-26 18:37:25,845][INFO|_client.py-_send_single_request:1025] >> HTTP Request: GET http://testserver/api/v1/community/gate "HTTP/1.1 200 OK"
.[2026-09-26 18:37:26,271][INFO|ws_manager.py-disconnect:47] >> [WS] 클라이언트 종료: t-open (남은 0개)
.[2026-09-26 18:37:26,793][INFO|community_auth_service.py-start:465] >> [community] 연결 요청을 만들었습니다(pc).
[2026-09-26 18:37:26,809][INFO|community_auth_service.py-_handle_code:663] >> [community] 로그인 결과를 받았습니다. 관리자 확인을 기다립니다.
[2026-09-26 18:37:26,821][INFO|community_auth_service.py-confirm:744] >> [community] 커뮤니티 계정을 이 서버에 연결했습니다.
<string>:2: ResourceWarning: unclosed database in <sqlite3.Connection object at 0x7f868c46c130>
ResourceWarning: Enable tracemalloc to get the object allocation traceback
[2026-09-26 18:37:26,889][INFO|_client.py-_send_single_request:1025] >> HTTP Request: POST http://testserver/api/v1/community/upload/run "HTTP/1.1 403 Forbidden"
[2026-09-26 18:37:26,898][INFO|_client.py-_send_single_request:1025] >> HTTP Request: POST http://testserver/api/v1/community/upload/run "HTTP/1.1 403 Forbidden"
[2026-09-26 18:37:26,911][INFO|_client.py-_send_single_request:1025] >> HTTP Request: POST http://testserver/api/v1/community/upload/run "HTTP/1.1 200 OK"
[2026-09-26 18:37:26,921][INFO|_client.py-_send_single_request:1025] >> HTTP Request: POST http://testserver/api/v1/community/rebuild/start "HTTP/1.1 403 Forbidden"
.[2026-09-26 18:37:27,547][INFO|_client.py-_send_single_request:1025] >> HTTP Request: POST http://testserver/login "HTTP/1.1 303 See Other"
[2026-09-26 18:37:27,558][INFO|_client.py-_send_single_request:1025] >> HTTP Request: GET http://testserver/onboarding/community "HTTP/1.1 200 OK"
[2026-09-26 18:37:27,564][INFO|_client.py-_send_single_request:1025] >> HTTP Request: GET http://testserver/onboarding/community "HTTP/1.1 200 OK"
[2026-09-26 18:37:27,616][INFO|_client.py-_send_single_request:1025] >> HTTP Request: POST http://testserver/settings/community/settings "HTTP/1.1 200 OK"
./home/better0101/projects/safetyreport/.venv/lib/python3.14/site-packages/fastapi/routing.py:375: ResourceWarning: unclosed database in <sqlite3.Connection object at 0x7f868c2a84f0>
  def get_request_handler(
ResourceWarning: Enable tracemalloc to get the object allocation traceback
[2026-09-26 18:37:28,040][INFO|_client.py-_send_single_request:1025] >> HTTP Request: POST http://testserver/login "HTTP/1.1 303 See Other"
[2026-09-26 18:37:28,050][INFO|_client.py-_send_single_request:1025] >> HTTP Request: GET http://testserver/onboarding/community "HTTP/1.1 200 OK"
[2026-09-26 18:37:28,058][INFO|_client.py-_send_single_request:1025] >> HTTP Request: DELETE http://testserver/file-browser/delete "HTTP/1.1 403 Forbidden"
[2026-09-26 18:37:28,062][INFO|_client.py-_send_single_request:1025] >> HTTP Request: GET http://testserver/ "HTTP/1.1 403 Forbidden"
[2026-09-26 18:37:28,069][INFO|_client.py-_send_single_request:1025] >> HTTP Request: GET http://testserver/api/v1/address "HTTP/1.1 403 Forbidden"
[2026-09-26 18:37:28,073][INFO|_client.py-_send_single_request:1025] >> HTTP Request: GET http://testserver/api/v1/community/upload/status "HTTP/1.1 403 Forbidden"
[2026-09-26 18:37:28,084][INFO|_client.py-_send_single_request:1025] >> HTTP Request: GET http://testserver/api/v1/crawl/config "HTTP/1.1 403 Forbidden"
[2026-09-26 18:37:28,090][INFO|_client.py-_send_single_request:1025] >> HTTP Request: GET http://testserver/api/v1/crawl/done "HTTP/1.1 403 Forbidden"
[2026-09-26 18:37:28,094][INFO|_client.py-_send_single_request:1025] >> HTTP Request: GET http://testserver/api/v1/crawl/done/ext "HTTP/1.1 403 Forbidden"
[2026-09-26 18:37:28,099][INFO|_client.py-_send_single_request:1025] >> HTTP Request: GET http://testserver/api/v1/crawl/results "HTTP/1.1 403 Forbidden"
[2026-09-26 18:37:28,106][INFO|_client.py-_send_single_request:1025] >> HTTP Request: GET http://testserver/api/v1/crawl/status "HTTP/1.1 403 Forbidden"
[2026-09-26 18:37:28,111][INFO|_client.py-_send_single_request:1025] >> HTTP Request: GET http://testserver/api/v1/duplicates/groups "HTTP/1.1 403 Forbidden"
[2026-09-26 18:37:28,115][INFO|_client.py-_send_single_request:1025] >> HTTP Request: GET http://testserver/api/v1/editor/schema "HTTP/1.1 403 Forbidden"
[2026-09-26 18:37:28,119][INFO|_client.py-_send_single_request:1025] >> HTTP Request: GET http://testserver/api/v1/editor/category/record_id "HTTP/1.1 403 Forbidden"
[2026-09-26 18:37:28,127][INFO|_client.py-_send_single_request:1025] >> HTTP Request: GET http://testserver/api/v1/files "HTTP/1.1 403 Forbidden"
[2026-09-26 18:37:28,135][INFO|_client.py-_send_single_request:1025] >> HTTP Request: GET http://testserver/api/v1/files/download "HTTP/1.1 403 Forbidden"
[2026-09-26 18:37:28,140][INFO|_client.py-_send_single_request:1025] >> HTTP Request: GET http://testserver/api/v1/maintenance/status "HTTP/1.1 403 Forbidden"
[2026-09-26 18:37:28,144][INFO|_client.py-_send_single_request:1025] >> HTTP Request: GET http://testserver/api/v1/reports/category "HTTP/1.1 403 Forbidden"
[2026-09-26 18:37:28,148][INFO|_client.py-_send_single_request:1025] >> HTTP Request: GET http://testserver/api/v1/server/version "HTTP/1.1 403 Forbidden"
[2026-09-26 18:37:28,152][INFO|_client.py-_send_single_request:1025] >> HTTP Request: GET http://testserver/api/v1/settings/db "HTTP/1.1 403 Forbidden"
[2026-09-26 18:37:28,156][INFO|_client.py-_send_single_request:1025] >> HTTP Request: GET http://testserver/api/v1/stats "HTTP/1.1 403 Forbidden"
[2026-09-26 18:37:28,165][INFO|_client.py-_send_single_request:1025] >> HTTP Request: GET http://testserver/api/v1/stats/map "HTTP/1.1 403 Forbidden"
[2026-09-26 18:37:28,173][INFO|_client.py-_send_single_request:1025] >> HTTP Request: GET http://testserver/api/v1/stats/map/missing "HTTP/1.1 403 Forbidden"
[2026-09-26 18:37:28,178][INFO|_client.py-_send_single_request:1025] >> HTTP Request: GET http://testserver/api/v1/stats/map/progress "HTTP/1.1 403 Forbidden"
[2026-09-26 18:37:28,185][INFO|_client.py-_send_single_request:1025] >> HTTP Request: GET http://testserver/api/v1/stats/overview "HTTP/1.1 403 Forbidden"
[2026-09-26 18:37:28,190][INFO|_client.py-_send_single_request:1025] >> HTTP Request: GET http://testserver/api/v1/summary "HTTP/1.1 403 Forbidden"
[2026-09-26 18:37:28,196][INFO|_client.py-_send_single_request:1025] >> HTTP Request: GET http://testserver/api/v1/sunwi/payload "HTTP/1.1 403 Forbidden"
[2026-09-26 18:37:28,201][INFO|_client.py-_send_single_request:1025] >> HTTP Request: GET http://testserver/api/v1/vehicle/vehicle_number "HTTP/1.1 403 Forbidden"
[2026-09-26 18:37:28,205][INFO|_client.py-_send_single_request:1025] >> HTTP Request: GET http://testserver/api/v1/watchlist "HTTP/1.1 403 Forbidden"
[2026-09-26 18:37:28,216][INFO|_client.py-_send_single_request:1025] >> HTTP Request: GET http://testserver/backup "HTTP/1.1 403 Forbidden"
[2026-09-26 18:37:28,220][INFO|_client.py-_send_single_request:1025] >> HTTP Request: GET http://testserver/backup/download "HTTP/1.1 403 Forbidden"
[2026-09-26 18:37:28,223][INFO|_client.py-_send_single_request:1025] >> HTTP Request: GET http://testserver/community/upload/status "HTTP/1.1 403 Forbidden"
[2026-09-26 18:37:28,231][INFO|_client.py-_send_single_request:1025] >> HTTP Request: GET http://testserver/crawl/ "HTTP/1.1 403 Forbidden"
[2026-09-26 18:37:28,235][INFO|_client.py-_send_single_request:1025] >> HTTP Request: GET http://testserver/data/all "HTTP/1.1 403 Forbidden"
[2026-09-26 18:37:28,238][INFO|_client.py-_send_single_request:1025] >> HTTP Request: GET http://testserver/data/duplicates "HTTP/1.1 403 Forbidden"
[2026-09-26 18:37:28,243][INFO|_client.py-_send_single_request:1025] >> HTTP Request: GET http://testserver/data/other "HTTP/1.1 403 Forbidden"
[2026-09-26 18:37:28,247][INFO|_client.py-_send_single_request:1025] >> HTTP Request: GET http://testserver/data/parking "HTTP/1.1 403 Forbidden"
[2026-09-26 18:37:28,252][INFO|_client.py-_send_single_request:1025] >> HTTP Request: GET http://testserver/data/traffic "HTTP/1.1 403 Forbidden"
[2026-09-26 18:37:28,255][INFO|_client.py-_send_single_request:1025] >> HTTP Request: GET http://testserver/db-editor "HTTP/1.1 403 Forbidden"
[2026-09-26 18:37:28,258][INFO|_client.py-_send_single_request:1025] >> HTTP Request: GET http://testserver/db-editor/category/record_id "HTTP/1.1 403 Forbidden"
[2026-09-26 18:37:28,265][INFO|_client.py-_send_single_request:1025] >> HTTP Request: GET http://testserver/devices/ "HTTP/1.1 403 Forbidden"
[2026-09-26 18:37:28,268][INFO|_client.py-_send_single_request:1025] >> HTTP Request: GET http://testserver/devices/connected-clients "HTTP/1.1 403 Forbidden"
[2026-09-26 18:37:28,278][INFO|_client.py-_send_single_request:1025] >> HTTP Request: GET http://testserver/duplicates/manage "HTTP/1.1 403 Forbidden"
[2026-09-26 18:37:28,282][INFO|_client.py-_send_single_request:1025] >> HTTP Request: GET http://testserver/file-browser "HTTP/1.1 403 Forbidden"
[2026-09-26 18:37:28,285][INFO|_client.py-_send_single_request:1025] >> HTTP Request: GET http://testserver/file-browser/download "HTTP/1.1 403 Forbidden"
[2026-09-26 18:37:28,288][INFO|_client.py-_send_single_request:1025] >> HTTP Request: GET http://testserver/maintenance/status "HTTP/1.1 403 Forbidden"
[2026-09-26 18:37:28,292][INFO|_client.py-_send_single_request:1025] >> HTTP Request: GET http://testserver/media/proxy "HTTP/1.1 403 Forbidden"
[2026-09-26 18:37:28,295][INFO|_client.py-_send_single_request:1025] >> HTTP Request: GET http://testserver/media/status "HTTP/1.1 403 Forbidden"
[2026-09-26 18:37:28,298][INFO|_client.py-_send_single_request:1025] >> HTTP Request: GET http://testserver/rating/ "HTTP/1.1 403 Forbidden"
[2026-09-26 18:37:28,300][INFO|_client.py-_send_single_request:1025] >> HTTP Request: GET http://testserver/settings/ "HTTP/1.1 403 Forbidden"
[2026-09-26 18:37:28,307][INFO|_client.py-_send_single_request:1025] >> HTTP Request: GET http://testserver/settings/admin "HTTP/1.1 403 Forbidden"
[2026-09-26 18:37:28,310][INFO|_client.py-_send_single_request:1025] >> HTTP Request: GET http://testserver/stats "HTTP/1.1 403 Forbidden"
[2026-09-26 18:37:28,314][INFO|_client.py-_send_single_request:1025] >> HTTP Request: GET http://testserver/stats/map "HTTP/1.1 403 Forbidden"
[2026-09-26 18:37:28,320][INFO|_client.py-_send_single_request:1025] >> HTTP Request: GET http://testserver/stats/map/missing "HTTP/1.1 403 Forbidden"
[2026-09-26 18:37:28,323][INFO|_client.py-_send_single_request:1025] >> HTTP Request: GET http://testserver/stats/map/progress "HTTP/1.1 403 Forbidden"
[2026-09-26 18:37:28,329][INFO|_client.py-_send_single_request:1025] >> HTTP Request: GET http://testserver/sunwi/download/all "HTTP/1.1 403 Forbidden"
[2026-09-26 18:37:28,334][INFO|_client.py-_send_single_request:1025] >> HTTP Request: GET http://testserver/sunwi/download/top5 "HTTP/1.1 403 Forbidden"
[2026-09-26 18:37:28,341][INFO|_client.py-_send_single_request:1025] >> HTTP Request: GET http://testserver/sunwi/payload "HTTP/1.1 403 Forbidden"
[2026-09-26 18:37:28,345][INFO|_client.py-_send_single_request:1025] >> HTTP Request: GET http://testserver/version/latest "HTTP/1.1 403 Forbidden"
[2026-09-26 18:37:28,348][INFO|_client.py-_send_single_request:1025] >> HTTP Request: GET http://testserver/watchlist/ "HTTP/1.1 403 Forbidden"
[2026-09-26 18:37:28,353][INFO|_client.py-_send_single_request:1025] >> HTTP Request: POST http://testserver/api/v1/community/upload/run "HTTP/1.1 403 Forbidden"
[2026-09-26 18:37:28,360][INFO|_client.py-_send_single_request:1025] >> HTTP Request: POST http://testserver/api/v1/crawl/enqueue "HTTP/1.1 403 Forbidden"
[2026-09-26 18:37:28,370][INFO|_client.py-_send_single_request:1025] >> HTTP Request: POST http://testserver/api/v1/crawl/kill "HTTP/1.1 403 Forbidden"
[2026-09-26 18:37:28,375][INFO|_client.py-_send_single_request:1025] >> HTTP Request: POST http://testserver/api/v1/crawl/resume "HTTP/1.1 403 Forbidden"
[2026-09-26 18:37:28,379][INFO|_client.py-_send_single_request:1025] >> HTTP Request: POST http://testserver/api/v1/crawl/start "HTTP/1.1 403 Forbidden"
[2026-09-26 18:37:28,382][INFO|_client.py-_send_single_request:1025] >> HTTP Request: POST http://testserver/api/v1/duplicates/groups/bulk-status "HTTP/1.1 403 Forbidden"
[2026-09-26 18:37:28,386][INFO|_client.py-_send_single_request:1025] >> HTTP Request: POST http://testserver/api/v1/duplicates/groups/group_id "HTTP/1.1 403 Forbidden"
[2026-09-26 18:37:28,390][INFO|_client.py-_send_single_request:1025] >> HTTP Request: POST http://testserver/api/v1/editor/category/record_id "HTTP/1.1 403 Forbidden"
[2026-09-26 18:37:28,393][INFO|_client.py-_send_single_request:1025] >> HTTP Request: POST http://testserver/api/v1/files/delete-multi "HTTP/1.1 403 Forbidden"
[2026-09-26 18:37:28,400][INFO|_client.py-_send_single_request:1025] >> HTTP Request: POST http://testserver/api/v1/files/download-multi "HTTP/1.1 403 Forbidden"
[2026-09-26 18:37:28,404][INFO|_client.py-_send_single_request:1025] >> HTTP Request: POST http://testserver/api/v1/rating/start "HTTP/1.1 403 Forbidden"
[2026-09-26 18:37:28,414][INFO|_client.py-_send_single_request:1025] >> HTTP Request: POST http://testserver/api/v1/settings "HTTP/1.1 403 Forbidden"
[2026-09-26 18:37:28,422][INFO|_client.py-_send_single_request:1025] >> HTTP Request: POST http://testserver/api/v1/settings/db/upload "HTTP/1.1 403 Forbidden"
[2026-09-26 18:37:28,427][INFO|_client.py-_send_single_request:1025] >> HTTP Request: POST http://testserver/api/v1/sunwi/export/kind "HTTP/1.1 403 Forbidden"
[2026-09-26 18:37:28,432][INFO|_client.py-_send_single_request:1025] >> HTTP Request: POST http://testserver/api/v1/watchlist "HTTP/1.1 403 Forbidden"
[2026-09-26 18:37:28,436][INFO|_client.py-_send_single_request:1025] >> HTTP Request: POST http://testserver/backup/upload "HTTP/1.1 403 Forbidden"
[2026-09-26 18:37:28,439][INFO|_client.py-_send_single_request:1025] >> HTTP Request: POST http://testserver/change-admin "HTTP/1.1 403 Forbidden"
[2026-09-26 18:37:28,442][INFO|_client.py-_send_single_request:1025] >> HTTP Request: POST http://testserver/community/upload/reshare "HTTP/1.1 403 Forbidden"
[2026-09-26 18:37:28,449][INFO|_client.py-_send_single_request:1025] >> HTTP Request: POST http://testserver/community/upload/run "HTTP/1.1 403 Forbidden"
[2026-09-26 18:37:28,458][INFO|_client.py-_send_single_request:1025] >> HTTP Request: POST http://testserver/crawl/enqueue-selected "HTTP/1.1 403 Forbidden"
[2026-09-26 18:37:28,462][INFO|_client.py-_send_single_request:1025] >> HTTP Request: POST http://testserver/crawl/export/excel "HTTP/1.1 403 Forbidden"
[2026-09-26 18:37:28,466][INFO|_client.py-_send_single_request:1025] >> HTTP Request: POST http://testserver/crawl/export/sheet "HTTP/1.1 403 Forbidden"
[2026-09-26 18:37:28,473][INFO|_client.py-_send_single_request:1025] >> HTTP Request: POST http://testserver/crawl/kill "HTTP/1.1 403 Forbidden"
[2026-09-26 18:37:28,476][INFO|_client.py-_send_single_request:1025] >> HTTP Request: POST http://testserver/crawl/start "HTTP/1.1 403 Forbidden"
[2026-09-26 18:37:28,480][INFO|_client.py-_send_single_request:1025] >> HTTP Request: POST http://testserver/db-editor/category/record_id "HTTP/1.1 403 Forbidden"
[2026-09-26 18:37:28,484][INFO|_client.py-_send_single_request:1025] >> HTTP Request: POST http://testserver/devices/api-keys/create "HTTP/1.1 403 Forbidden"
[2026-09-26 18:37:28,487][INFO|_client.py-_send_single_request:1025] >> HTTP Request: POST http://testserver/devices/api-keys/delete "HTTP/1.1 403 Forbidden"
[2026-09-26 18:37:28,490][INFO|_client.py-_send_single_request:1025] >> HTTP Request: POST http://testserver/duplicates/manage/bulk-status "HTTP/1.1 403 Forbidden"
[2026-09-26 18:37:28,493][INFO|_client.py-_send_single_request:1025] >> HTTP Request: POST http://testserver/duplicates/manage/refresh "HTTP/1.1 403 Forbidden"
[2026-09-26 18:37:28,496][INFO|_client.py-_send_single_request:1025] >> HTTP Request: POST http://testserver/duplicates/manage/group_id/update "HTTP/1.1 403 Forbidden"
[2026-09-26 18:37:28,499][INFO|_client.py-_send_single_request:1025] >> HTTP Request: POST http://testserver/file-browser/delete-all "HTTP/1.1 403 Forbidden"
[2026-09-26 18:37:28,506][INFO|_client.py-_send_single_request:1025] >> HTTP Request: POST http://testserver/file-browser/delete-multi "HTTP/1.1 403 Forbidden"
[2026-09-26 18:37:28,510][INFO|_client.py-_send_single_request:1025] >> HTTP Request: POST http://testserver/file-browser/download-multi "HTTP/1.1 403 Forbidden"
[2026-09-26 18:37:28,512][INFO|_client.py-_send_single_request:1025] >> HTTP Request: POST http://testserver/media/prepare "HTTP/1.1 403 Forbidden"
[2026-09-26 18:37:28,518][INFO|_client.py-_send_single_request:1025] >> HTTP Request: POST http://testserver/rating/start "HTTP/1.1 403 Forbidden"
[2026-09-26 18:37:28,523][INFO|_client.py-_send_single_request:1025] >> HTTP Request: POST http://testserver/settings/community/rebuild/accept-gaps "HTTP/1.1 403 Forbidden"
[2026-09-26 18:37:28,526][INFO|_client.py-_send_single_request:1025] >> HTTP Request: POST http://testserver/settings/save "HTTP/1.1 403 Forbidden"
[2026-09-26 18:37:28,530][INFO|_client.py-_send_single_request:1025] >> HTTP Request: POST http://testserver/settings/upload_json "HTTP/1.1 403 Forbidden"
[2026-09-26 18:37:28,534][INFO|_client.py-_send_single_request:1025] >> HTTP Request: POST http://testserver/watchlist/add "HTTP/1.1 403 Forbidden"
[2026-09-26 18:37:28,540][INFO|_client.py-_send_single_request:1025] >> HTTP Request: POST http://testserver/watchlist/remove "HTTP/1.1 403 Forbidden"
..[2026-09-26 18:37:29,544][INFO|_client.py-_send_single_request:1025] >> HTTP Request: POST http://testserver/login "HTTP/1.1 303 See Other"
[2026-09-26 18:37:29,550][INFO|_client.py-_send_single_request:1025] >> HTTP Request: GET http://testserver/onboarding/community "HTTP/1.1 200 OK"
[2026-09-26 18:37:29,556][INFO|_client.py-_send_single_request:1025] >> HTTP Request: GET http://testserver/stats?law=all "HTTP/1.1 302 Found"
[2026-09-26 18:37:29,558][INFO|_client.py-_send_single_request:1025] >> HTTP Request: GET http://testserver/settings/ "HTTP/1.1 403 Forbidden"
[2026-09-26 18:37:29,561][INFO|_client.py-_send_single_request:1025] >> HTTP Request: POST http://testserver/crawl/start "HTTP/1.1 403 Forbidden"
[2026-09-26 18:37:29,568][INFO|_client.py-_send_single_request:1025] >> HTTP Request: GET http://testserver/onboarding/community "HTTP/1.1 200 OK"
[2026-09-26 18:37:29,579][INFO|_client.py-_send_single_request:1025] >> HTTP Request: GET http://testserver/settings/community/status "HTTP/1.1 200 OK"
[2026-09-26 18:37:29,583][INFO|_client.py-_send_single_request:1025] >> HTTP Request: GET http://testserver/settings/community/policy "HTTP/1.1 200 OK"
[2026-09-26 18:37:29,625][INFO|_client.py-_send_single_request:1025] >> HTTP Request: GET http://testserver/settings/community/gate "HTTP/1.1 200 OK"
/usr/lib/python3.14/asyncio/locks.py:200: ResourceWarning: unclosed database in <sqlite3.Connection object at 0x7f868c2aa3e0>
  async def wait(self):
ResourceWarning: Enable tracemalloc to get the object allocation traceback
[2026-09-26 18:37:29,635][INFO|_client.py-_send_single_request:1025] >> HTTP Request: GET http://testserver/health "HTTP/1.1 200 OK"
[2026-09-26 18:37:29,639][INFO|_client.py-_send_single_request:1025] >> HTTP Request: GET http://testserver/settings/community/policy "HTTP/1.1 200 OK"
.[2026-09-26 18:37:30,067][INFO|_client.py-_send_single_request:1025] >> HTTP Request: POST http://testserver/login "HTTP/1.1 303 See Other"
[2026-09-26 18:37:30,071][INFO|_client.py-_send_single_request:1025] >> HTTP Request: GET http://testserver/onboarding/community "HTTP/1.1 200 OK"
[2026-09-26 18:37:30,086][INFO|community_auth_service.py-start:465] >> [community] 연결 요청을 만들었습니다(pc).
[2026-09-26 18:37:30,108][INFO|community_auth_service.py-_handle_code:663] >> [community] 로그인 결과를 받았습니다. 관리자 확인을 기다립니다.
[2026-09-26 18:37:30,117][INFO|community_auth_service.py-confirm:744] >> [community] 커뮤니티 계정을 이 서버에 연결했습니다.
[2026-09-26 18:37:30,224][INFO|_client.py-_send_single_request:1025] >> HTTP Request: GET http://testserver/settings/ "HTTP/1.1 200 OK"
[2026-09-26 18:37:30,234][INFO|community_auth_service.py-disconnect:826] >> [community] 커뮤니티 계정 연결을 해제했습니다(서버 로그아웃 확인: True).
[2026-09-26 18:37:30,237][INFO|_client.py-_send_single_request:1025] >> HTTP Request: POST http://testserver/settings/community/disconnect "HTTP/1.1 200 OK"
[2026-09-26 18:37:30,241][INFO|_client.py-_send_single_request:1025] >> HTTP Request: GET http://testserver/settings/ "HTTP/1.1 302 Found"
.[2026-09-26 18:37:30,743][INFO|_client.py-_send_single_request:1025] >> HTTP Request: GET http://testserver/media/proxy?url=https://example.invalid/a.jpg "HTTP/1.1 401 Unauthorized"
[2026-09-26 18:37:30,748][INFO|_client.py-_send_single_request:1025] >> HTTP Request: GET http://testserver/media/proxy?url=https://example.invalid/a.jpg "HTTP/1.1 403 Forbidden"
../home/better0101/projects/safetyreport/.venv/lib/python3.14/site-packages/starlette/_exception_handler.py:31: ResourceWarning: unclosed database in <sqlite3.Connection object at 0x7f868c46f790>
  async def wrapped_app(scope: Scope, receive: Receive, send: Send) -> None:
ResourceWarning: Enable tracemalloc to get the object allocation traceback
/home/better0101/projects/safetyreport/.venv/lib/python3.14/site-packages/starlette/_exception_handler.py:31: ResourceWarning: unclosed database in <sqlite3.Connection object at 0x7f868c2aa7a0>
  async def wrapped_app(scope: Scope, receive: Receive, send: Send) -> None:
ResourceWarning: Enable tracemalloc to get the object allocation traceback
/home/better0101/projects/safetyreport/.venv/lib/python3.14/site-packages/starlette/_exception_handler.py:31: ResourceWarning: unclosed database in <sqlite3.Connection object at 0x7f868c2a9f30>
  async def wrapped_app(scope: Scope, receive: Receive, send: Send) -> None:
ResourceWarning: Enable tracemalloc to get the object allocation traceback
[2026-09-26 18:37:31,880][INFO|_client.py-_send_single_request:1025] >> HTTP Request: POST http://testserver/login "HTTP/1.1 303 See Other"
[2026-09-26 18:37:31,885][INFO|_client.py-_send_single_request:1025] >> HTTP Request: GET http://testserver/onboarding/community "HTTP/1.1 200 OK"
[2026-09-26 18:37:31,904][INFO|community_auth_service.py-start:465] >> [community] 연결 요청을 만들었습니다(pc).
[2026-09-26 18:37:31,944][INFO|community_auth_service.py-_handle_code:663] >> [community] 로그인 결과를 받았습니다. 관리자 확인을 기다립니다.
[2026-09-26 18:37:31,955][INFO|community_auth_service.py-confirm:744] >> [community] 커뮤니티 계정을 이 서버에 연결했습니다.
[2026-09-26 18:37:32,033][INFO|_client.py-_send_single_request:1025] >> HTTP Request: POST http://testserver/crawl/start "HTTP/1.1 409 Conflict"
[2026-09-26 18:37:32,046][INFO|_client.py-_send_single_request:1025] >> HTTP Request: POST http://testserver/api/v1/crawl/enqueue "HTTP/1.1 409 Conflict"
[2026-09-26 18:37:32,052][INFO|_client.py-_send_single_request:1025] >> HTTP Request: POST http://testserver/crawl/start "HTTP/1.1 200 OK"
/usr/lib/python3.14/asyncio/events.py:41: ResourceWarning: unclosed database in <sqlite3.Connection object at 0x7f868c2a9f30>
  def __init__(self, callback, args, loop, context=None):
ResourceWarning: Enable tracemalloc to get the object allocation traceback
[2026-09-26 18:37:32,069][INFO|_client.py-_send_single_request:1025] >> HTTP Request: POST http://testserver/crawl/start "HTTP/1.1 403 Forbidden"
.[2026-09-26 18:37:32,692][INFO|_client.py-_send_single_request:1025] >> HTTP Request: POST http://testserver/login "HTTP/1.1 303 See Other"
[2026-09-26 18:37:32,698][INFO|_client.py-_send_single_request:1025] >> HTTP Request: GET http://testserver/onboarding/community "HTTP/1.1 200 OK"
[2026-09-26 18:37:32,720][INFO|community_auth_service.py-start:465] >> [community] 연결 요청을 만들었습니다(pc).
[2026-09-26 18:37:32,758][INFO|community_auth_service.py-_handle_code:663] >> [community] 로그인 결과를 받았습니다. 관리자 확인을 기다립니다.
[2026-09-26 18:37:32,778][INFO|community_auth_service.py-confirm:744] >> [community] 커뮤니티 계정을 이 서버에 연결했습니다.
[2026-09-26 18:37:32,829][INFO|_client.py-_send_single_request:1025] >> HTTP Request: POST http://testserver/settings/community/confirm "HTTP/1.1 200 OK"
[2026-09-26 18:37:32,834][INFO|_client.py-_send_single_request:1025] >> HTTP Request: POST http://testserver/settings/community/consent "HTTP/1.1 400 Bad Request"
[2026-09-26 18:37:32,838][INFO|_client.py-_send_single_request:1025] >> HTTP Request: POST http://testserver/settings/community/consent "HTTP/1.1 400 Bad Request"
[2026-09-26 18:37:32,842][INFO|_client.py-_send_single_request:1025] >> HTTP Request: POST http://testserver/settings/community/consent "HTTP/1.1 403 Forbidden"
/home/better0101/projects/safetyreport/.venv/lib/python3.14/site-packages/fastapi/routing.py:121: ResourceWarning: unclosed database in <sqlite3.Connection object at 0x7f868c6b7a60>
  def request_response(
ResourceWarning: Enable tracemalloc to get the object allocation traceback
/home/better0101/projects/safetyreport/.venv/lib/python3.14/site-packages/fastapi/routing.py:121: ResourceWarning: unclosed database in <sqlite3.Connection object at 0x7f868cfde5c0>
  def request_response(
ResourceWarning: Enable tracemalloc to get the object allocation traceback
/home/better0101/projects/safetyreport/.venv/lib/python3.14/site-packages/fastapi/routing.py:121: ResourceWarning: unclosed database in <sqlite3.Connection object at 0x7f868c6324d0>
  def request_response(
ResourceWarning: Enable tracemalloc to get the object allocation traceback
/home/better0101/projects/safetyreport/.venv/lib/python3.14/site-packages/fastapi/routing.py:121: ResourceWarning: unclosed database in <sqlite3.Connection object at 0x7f868c4993f0>
  def request_response(
ResourceWarning: Enable tracemalloc to get the object allocation traceback
/home/better0101/projects/safetyreport/.venv/lib/python3.14/site-packages/fastapi/routing.py:121: ResourceWarning: unclosed database in <sqlite3.Connection object at 0x7f868c4984f0>
  def request_response(
ResourceWarning: Enable tracemalloc to get the object allocation traceback
/home/better0101/projects/safetyreport/.venv/lib/python3.14/site-packages/fastapi/routing.py:121: ResourceWarning: unclosed database in <sqlite3.Connection object at 0x7f868c526b60>
  def request_response(
ResourceWarning: Enable tracemalloc to get the object allocation traceback
[2026-09-26 18:37:32,886][INFO|_client.py-_send_single_request:1025] >> HTTP Request: POST http://testserver/settings/community/consent "HTTP/1.1 200 OK"
[2026-09-26 18:37:32,934][INFO|_client.py-_send_single_request:1025] >> HTTP Request: GET http://testserver/settings/ "HTTP/1.1 200 OK"
/home/better0101/projects/safetyreport/.venv/lib/python3.14/site-packages/sqlalchemy/util/langhelpers.py:1232: ResourceWarning: unclosed database in <sqlite3.Connection object at 0x7f868c5257b0>
  def __get__(self, obj, cls):
ResourceWarning: Enable tracemalloc to get the object allocation traceback
[2026-09-26 18:37:32,958][INFO|_client.py-_send_single_request:1025] >> HTTP Request: GET http://testserver/api/v1/summary "HTTP/1.1 200 OK"
[2026-09-26 18:37:32,983][INFO|_client.py-_send_single_request:1025] >> HTTP Request: POST http://testserver/settings/community/consent-revoke "HTTP/1.1 200 OK"
[2026-09-26 18:37:32,987][INFO|_client.py-_send_single_request:1025] >> HTTP Request: GET http://testserver/settings/ "HTTP/1.1 302 Found"
.[2026-09-26 18:37:33,662][INFO|_client.py-_send_single_request:1025] >> HTTP Request: POST http://testserver/login "HTTP/1.1 303 See Other"
[2026-09-26 18:37:33,667][INFO|_client.py-_send_single_request:1025] >> HTTP Request: GET http://testserver/onboarding/community "HTTP/1.1 200 OK"
.[2026-09-26 18:37:34,009][INFO|community_auth_service.py-start:465] >> [community] 연결 요청을 만들었습니다(pc).
[2026-09-26 18:37:34,034][INFO|community_auth_service.py-_handle_code:663] >> [community] 로그인 결과를 받았습니다. 관리자 확인을 기다립니다.
[2026-09-26 18:37:34,042][INFO|community_auth_service.py-confirm:744] >> [community] 커뮤니티 계정을 이 서버에 연결했습니다.
.[2026-09-26 18:37:34,642][INFO|community_auth_service.py-start:465] >> [community] 연결 요청을 만들었습니다(pc).
[2026-09-26 18:37:34,663][INFO|community_auth_service.py-_handle_code:663] >> [community] 로그인 결과를 받았습니다. 관리자 확인을 기다립니다.
[2026-09-26 18:37:34,670][INFO|community_auth_service.py-confirm:744] >> [community] 커뮤니티 계정을 이 서버에 연결했습니다.
.[2026-09-26 18:37:35,261][INFO|community_auth_service.py-start:465] >> [community] 연결 요청을 만들었습니다(pc).
[2026-09-26 18:37:35,274][INFO|community_auth_service.py-_handle_code:663] >> [community] 로그인 결과를 받았습니다. 관리자 확인을 기다립니다.
[2026-09-26 18:37:35,295][INFO|community_auth_service.py-confirm:744] >> [community] 커뮤니티 계정을 이 서버에 연결했습니다.
.[2026-09-26 18:37:35,873][INFO|community_auth_service.py-start:465] >> [community] 연결 요청을 만들었습니다(pc).
[2026-09-26 18:37:35,911][INFO|community_auth_service.py-_handle_code:663] >> [community] 로그인 결과를 받았습니다. 관리자 확인을 기다립니다.
[2026-09-26 18:37:35,921][INFO|community_auth_service.py-confirm:744] >> [community] 커뮤니티 계정을 이 서버에 연결했습니다.
.[2026-09-26 18:37:36,450][INFO|community_auth_service.py-start:465] >> [community] 연결 요청을 만들었습니다(pc).
[2026-09-26 18:37:36,472][INFO|community_auth_service.py-_handle_code:663] >> [community] 로그인 결과를 받았습니다. 관리자 확인을 기다립니다.
[2026-09-26 18:37:36,479][INFO|community_auth_service.py-confirm:744] >> [community] 커뮤니티 계정을 이 서버에 연결했습니다.
[2026-09-26 18:37:36,532][INFO|community_auth_service.py-disconnect:826] >> [community] 커뮤니티 계정 연결을 해제했습니다(서버 로그아웃 확인: True).
[2026-09-26 18:37:36,543][INFO|community_auth_service.py-start:465] >> [community] 연결 요청을 만들었습니다(pc).
[2026-09-26 18:37:36,580][INFO|community_auth_service.py-_handle_code:663] >> [community] 로그인 결과를 받았습니다. 관리자 확인을 기다립니다.
[2026-09-26 18:37:36,594][INFO|community_auth_service.py-confirm:744] >> [community] 커뮤니티 계정을 이 서버에 연결했습니다.
.[2026-09-26 18:37:37,122][INFO|community_auth_service.py-start:465] >> [community] 연결 요청을 만들었습니다(pc).
[2026-09-26 18:37:37,157][INFO|community_auth_service.py-_handle_code:663] >> [community] 로그인 결과를 받았습니다. 관리자 확인을 기다립니다.
[2026-09-26 18:37:37,180][INFO|community_auth_service.py-confirm:744] >> [community] 커뮤니티 계정을 이 서버에 연결했습니다.
../home/better0101/projects/safetyreport/.venv/lib/python3.14/site-packages/urllib3/util/url.py:392: ResourceWarning: unclosed database in <sqlite3.Connection object at 0x7f868c6b7a60>
  elif not _IPV4_RE.match(host):
ResourceWarning: Enable tracemalloc to get the object allocation traceback
/home/better0101/projects/safetyreport/.venv/lib/python3.14/site-packages/urllib3/util/url.py:392: ResourceWarning: unclosed database in <sqlite3.Connection object at 0x7f868c2a8c70>
  elif not _IPV4_RE.match(host):
ResourceWarning: Enable tracemalloc to get the object allocation traceback
/home/better0101/projects/safetyreport/.venv/lib/python3.14/site-packages/urllib3/util/url.py:392: ResourceWarning: unclosed database in <sqlite3.Connection object at 0x7f868c2a9210>
  elif not _IPV4_RE.match(host):
ResourceWarning: Enable tracemalloc to get the object allocation traceback
/home/better0101/projects/safetyreport/.venv/lib/python3.14/site-packages/urllib3/util/url.py:392: ResourceWarning: unclosed database in <sqlite3.Connection object at 0x7f868c2abe20>
  elif not _IPV4_RE.match(host):
ResourceWarning: Enable tracemalloc to get the object allocation traceback
/home/better0101/projects/safetyreport/.venv/lib/python3.14/site-packages/urllib3/util/url.py:392: ResourceWarning: unclosed database in <sqlite3.Connection object at 0x7f868c2ab880>
  elif not _IPV4_RE.match(host):
ResourceWarning: Enable tracemalloc to get the object allocation traceback
/home/better0101/projects/safetyreport/.venv/lib/python3.14/site-packages/urllib3/util/url.py:392: ResourceWarning: unclosed database in <sqlite3.Connection object at 0x7f868c2ab4c0>
  elif not _IPV4_RE.match(host):
ResourceWarning: Enable tracemalloc to get the object allocation traceback
/home/better0101/projects/safetyreport/.venv/lib/python3.14/site-packages/urllib3/util/url.py:392: ResourceWarning: unclosed database in <sqlite3.Connection object at 0x7f868c2aa200>
  elif not _IPV4_RE.match(host):
ResourceWarning: Enable tracemalloc to get the object allocation traceback
/home/better0101/projects/safetyreport/.venv/lib/python3.14/site-packages/urllib3/util/url.py:392: ResourceWarning: unclosed database in <sqlite3.Connection object at 0x7f868c2a9e40>
  elif not _IPV4_RE.match(host):
ResourceWarning: Enable tracemalloc to get the object allocation traceback
/home/better0101/projects/safetyreport/.venv/lib/python3.14/site-packages/urllib3/util/url.py:392: ResourceWarning: unclosed database in <sqlite3.Connection object at 0x7f868c2abd30>
  elif not _IPV4_RE.match(host):
ResourceWarning: Enable tracemalloc to get the object allocation traceback
[2026-09-26 18:37:38,259][INFO|community_auth_service.py-start:465] >> [community] 연결 요청을 만들었습니다(pc).
[2026-09-26 18:37:38,295][INFO|community_auth_service.py-_handle_code:663] >> [community] 로그인 결과를 받았습니다. 관리자 확인을 기다립니다.
[2026-09-26 18:37:38,310][INFO|community_auth_service.py-confirm:744] >> [community] 커뮤니티 계정을 이 서버에 연결했습니다.
.[2026-09-26 18:37:38,842][INFO|community_auth_service.py-start:465] >> [community] 연결 요청을 만들었습니다(pc).
[2026-09-26 18:37:38,883][INFO|community_auth_service.py-_handle_code:663] >> [community] 로그인 결과를 받았습니다. 관리자 확인을 기다립니다.
[2026-09-26 18:37:38,899][INFO|community_auth_service.py-confirm:744] >> [community] 커뮤니티 계정을 이 서버에 연결했습니다.
.[2026-09-26 18:37:39,476][INFO|community_auth_service.py-start:465] >> [community] 연결 요청을 만들었습니다(pc).
[2026-09-26 18:37:39,498][INFO|community_auth_service.py-_handle_code:663] >> [community] 로그인 결과를 받았습니다. 관리자 확인을 기다립니다.
[2026-09-26 18:37:39,507][INFO|community_auth_service.py-confirm:744] >> [community] 커뮤니티 계정을 이 서버에 연결했습니다.
[2026-09-26 18:37:39,570][INFO|community_auth_service.py-disconnect:826] >> [community] 커뮤니티 계정 연결을 해제했습니다(서버 로그아웃 확인: True).
[2026-09-26 18:37:39,583][INFO|community_auth_service.py-start:465] >> [community] 연결 요청을 만들었습니다(pc).
[2026-09-26 18:37:39,601][INFO|community_auth_service.py-_handle_code:663] >> [community] 로그인 결과를 받았습니다. 관리자 확인을 기다립니다.
[2026-09-26 18:37:39,618][INFO|community_auth_service.py-confirm:744] >> [community] 커뮤니티 계정을 이 서버에 연결했습니다.
.[2026-09-26 18:37:40,159][INFO|community_auth_service.py-start:465] >> [community] 연결 요청을 만들었습니다(pc).
[2026-09-26 18:37:40,175][INFO|community_auth_service.py-_handle_code:663] >> [community] 로그인 결과를 받았습니다. 관리자 확인을 기다립니다.
[2026-09-26 18:37:40,193][INFO|community_auth_service.py-confirm:744] >> [community] 커뮤니티 계정을 이 서버에 연결했습니다.
.[2026-09-26 18:37:40,781][INFO|community_auth_service.py-start:465] >> [community] 연결 요청을 만들었습니다(pc).
[2026-09-26 18:37:40,834][INFO|community_auth_service.py-_handle_code:663] >> [community] 로그인 결과를 받았습니다. 관리자 확인을 기다립니다.
[2026-09-26 18:37:40,838][INFO|community_auth_service.py-confirm:744] >> [community] 커뮤니티 계정을 이 서버에 연결했습니다.
.[2026-09-26 18:37:41,408][INFO|community_auth_service.py-start:465] >> [community] 연결 요청을 만들었습니다(pc).
[2026-09-26 18:37:41,452][INFO|community_auth_service.py-_handle_code:663] >> [community] 로그인 결과를 받았습니다. 관리자 확인을 기다립니다.
[2026-09-26 18:37:41,464][INFO|community_auth_service.py-confirm:744] >> [community] 커뮤니티 계정을 이 서버에 연결했습니다.
.[2026-09-26 18:37:42,002][INFO|community_auth_service.py-start:465] >> [community] 연결 요청을 만들었습니다(pc).
[2026-09-26 18:37:42,046][INFO|community_auth_service.py-_handle_code:663] >> [community] 로그인 결과를 받았습니다. 관리자 확인을 기다립니다.
[2026-09-26 18:37:42,054][INFO|community_auth_service.py-confirm:744] >> [community] 커뮤니티 계정을 이 서버에 연결했습니다.
..s...WARNING: COMMUNITY_SUPABASE_URL/COMMUNITY_PUBLISHABLE_KEY 없음 — 공개 설정을 번들하지 않습니다.
[2026-09-26 18:37:42,631][INFO|database.py-upgrade_schema:285] >> 테이블 'admin_users' 생성 중...
[2026-09-26 18:37:42,637][INFO|database.py-upgrade_schema:285] >> 테이블 'api_keys' 생성 중...
[2026-09-26 18:37:42,639][INFO|database.py-upgrade_schema:285] >> 테이블 'mysafety' 생성 중...
[2026-09-26 18:37:42,644][INFO|database.py-upgrade_schema:285] >> 테이블 'mysafety_change_cursor' 생성 중...
[2026-09-26 18:37:42,650][INFO|database.py-upgrade_schema:285] >> 테이블 'mysafety_change_log' 생성 중...
[2026-09-26 18:37:42,652][INFO|database.py-upgrade_schema:285] >> 테이블 'mysafety_duplicate_decision' 생성 중...
[2026-09-26 18:37:42,653][INFO|database.py-upgrade_schema:285] >> 테이블 'mysafety_duplicate_group' 생성 중...
[2026-09-26 18:37:42,655][INFO|database.py-upgrade_schema:285] >> 테이블 'mysafety_duplicate_member' 생성 중...
[2026-09-26 18:37:42,657][INFO|database.py-upgrade_schema:285] >> 테이블 'mysafety_entry_value' 생성 중...
[2026-09-26 18:37:42,658][INFO|database.py-upgrade_schema:285] >> 테이블 'mysafety_geocode_cache' 생성 중...
[2026-09-26 18:37:42,660][INFO|database.py-upgrade_schema:285] >> 테이블 'mysafety_raw_content' 생성 중...
[2026-09-26 18:37:42,661][INFO|database.py-upgrade_schema:285] >> 테이블 'mysafety_report_override' 생성 중...
[2026-09-26 18:37:42,663][INFO|database.py-upgrade_schema:285] >> 테이블 'mysafety_sync_meta' 생성 중...
[2026-09-26 18:37:42,665][INFO|database.py-upgrade_schema:285] >> 테이블 'mysafety_watchlist' 생성 중...
[2026-09-26 18:37:42,666][INFO|database.py-upgrade_schema:285] >> 테이블 'mysafetydetail_other' 생성 중...
[2026-09-26 18:37:42,671][INFO|database.py-upgrade_schema:285] >> 테이블 'mysafetydetail_parking' 생성 중...
[2026-09-26 18:37:42,673][INFO|database.py-upgrade_schema:285] >> 테이블 'mysafetydetail_traffic' 생성 중...
[2026-09-26 18:37:42,680][INFO|database.py-upgrade_schema:285] >> 테이블 'mysafetymerge_other' 생성 중...
[2026-09-26 18:37:42,683][INFO|database.py-upgrade_schema:285] >> 테이블 'mysafetymerge_parking' 생성 중...
[2026-09-26 18:37:42,685][INFO|database.py-upgrade_schema:285] >> 테이블 'mysafetymerge_traffic' 생성 중...
[2026-09-26 18:37:42,689][INFO|database.py-_apply_versioned_migrations:452] >> [schema] DB 스키마 버전 1 적용
[2026-09-26 18:37:42,695][INFO|database.py-_apply_versioned_migrations:452] >> [schema] DB 스키마 버전 2 적용
[2026-09-26 18:37:42,698][INFO|database.py-_apply_versioned_migrations:452] >> [schema] DB 스키마 버전 3 적용
[2026-09-26 18:37:42,712][INFO|database.py-_apply_versioned_migrations:452] >> [schema] DB 스키마 버전 4 적용
<string>:0: ResourceWarning: unclosed database in <sqlite3.Connection object at 0x7f868c5266b0>
ResourceWarning: Enable tracemalloc to get the object allocation traceback
<string>:0: ResourceWarning: unclosed database in <sqlite3.Connection object at 0x7f868c526a70>
ResourceWarning: Enable tracemalloc to get the object allocation traceback
<string>:0: ResourceWarning: unclosed database in <sqlite3.Connection object at 0x7f868c5257b0>
ResourceWarning: Enable tracemalloc to get the object allocation traceback
<string>:0: ResourceWarning: unclosed database in <sqlite3.Connection object at 0x7f868c527b50>
ResourceWarning: Enable tracemalloc to get the object allocation traceback
<string>:0: ResourceWarning: unclosed database in <sqlite3.Connection object at 0x7f868c524d60>
ResourceWarning: Enable tracemalloc to get the object allocation traceback
<string>:0: ResourceWarning: unclosed database in <sqlite3.Connection object at 0x7f868c2ab4c0>
ResourceWarning: Enable tracemalloc to get the object allocation traceback
[2026-09-26 18:37:42,746][INFO|duplicate_group_service.py-_log_info:53] >> [duplicate] payload exact 중복군 0개, 멤버 0건 재생성
.[2026-09-26 18:37:42,814][INFO|database.py-upgrade_schema:285] >> 테이블 'admin_users' 생성 중...
[2026-09-26 18:37:42,823][INFO|database.py-upgrade_schema:285] >> 테이블 'api_keys' 생성 중...
[2026-09-26 18:37:42,825][INFO|database.py-upgrade_schema:285] >> 테이블 'mysafety' 생성 중...
[2026-09-26 18:37:42,827][INFO|database.py-upgrade_schema:285] >> 테이블 'mysafety_change_cursor' 생성 중...
[2026-09-26 18:37:42,828][INFO|database.py-upgrade_schema:285] >> 테이블 'mysafety_change_log' 생성 중...
[2026-09-26 18:37:42,830][INFO|database.py-upgrade_schema:285] >> 테이블 'mysafety_duplicate_decision' 생성 중...
[2026-09-26 18:37:42,832][INFO|database.py-upgrade_schema:285] >> 테이블 'mysafety_duplicate_group' 생성 중...
[2026-09-26 18:37:42,833][INFO|database.py-upgrade_schema:285] >> 테이블 'mysafety_duplicate_member' 생성 중...
[2026-09-26 18:37:42,835][INFO|database.py-upgrade_schema:285] >> 테이블 'mysafety_entry_value' 생성 중...
[2026-09-26 18:37:42,836][INFO|database.py-upgrade_schema:285] >> 테이블 'mysafety_geocode_cache' 생성 중...
[2026-09-26 18:37:42,838][INFO|database.py-upgrade_schema:285] >> 테이블 'mysafety_raw_content' 생성 중...
[2026-09-26 18:37:42,840][INFO|database.py-upgrade_schema:285] >> 테이블 'mysafety_report_override' 생성 중...
[2026-09-26 18:37:42,842][INFO|database.py-upgrade_schema:285] >> 테이블 'mysafety_sync_meta' 생성 중...
[2026-09-26 18:37:42,843][INFO|database.py-upgrade_schema:285] >> 테이블 'mysafety_watchlist' 생성 중...
[2026-09-26 18:37:42,848][INFO|database.py-upgrade_schema:285] >> 테이블 'mysafetydetail_other' 생성 중...
[2026-09-26 18:37:42,850][INFO|database.py-upgrade_schema:285] >> 테이블 'mysafetydetail_parking' 생성 중...
[2026-09-26 18:37:42,858][INFO|database.py-upgrade_schema:285] >> 테이블 'mysafetydetail_traffic' 생성 중...
[2026-09-26 18:37:42,860][INFO|database.py-upgrade_schema:285] >> 테이블 'mysafetymerge_other' 생성 중...
[2026-09-26 18:37:42,862][INFO|database.py-upgrade_schema:285] >> 테이블 'mysafetymerge_parking' 생성 중...
[2026-09-26 18:37:42,864][INFO|database.py-upgrade_schema:285] >> 테이블 'mysafetymerge_traffic' 생성 중...
[2026-09-26 18:37:42,867][INFO|database.py-_apply_versioned_migrations:452] >> [schema] DB 스키마 버전 1 적용
[2026-09-26 18:37:42,874][INFO|database.py-_apply_versioned_migrations:452] >> [schema] DB 스키마 버전 2 적용
[2026-09-26 18:37:42,876][INFO|database.py-_apply_versioned_migrations:452] >> [schema] DB 스키마 버전 3 적용
[2026-09-26 18:37:42,898][INFO|database.py-_apply_versioned_migrations:452] >> [schema] DB 스키마 버전 4 적용
[2026-09-26 18:37:42,926][INFO|duplicate_group_service.py-_log_info:53] >> [duplicate] payload exact 중복군 0개, 멤버 0건 재생성
.[2026-09-26 18:37:42,938][INFO|database.py-upgrade_schema:285] >> 테이블 'admin_users' 생성 중...
[2026-09-26 18:37:42,942][INFO|database.py-upgrade_schema:285] >> 테이블 'api_keys' 생성 중...
[2026-09-26 18:37:42,947][INFO|database.py-upgrade_schema:285] >> 테이블 'mysafety' 생성 중...
[2026-09-26 18:37:42,949][INFO|database.py-upgrade_schema:285] >> 테이블 'mysafety_change_cursor' 생성 중...
[2026-09-26 18:37:42,950][INFO|database.py-upgrade_schema:285] >> 테이블 'mysafety_change_log' 생성 중...
[2026-09-26 18:37:42,956][INFO|database.py-upgrade_schema:285] >> 테이블 'mysafety_duplicate_decision' 생성 중...
[2026-09-26 18:37:42,959][INFO|database.py-upgrade_schema:285] >> 테이블 'mysafety_duplicate_group' 생성 중...
[2026-09-26 18:37:42,960][INFO|database.py-upgrade_schema:285] >> 테이블 'mysafety_duplicate_member' 생성 중...
[2026-09-26 18:37:42,962][INFO|database.py-upgrade_schema:285] >> 테이블 'mysafety_entry_value' 생성 중...
[2026-09-26 18:37:42,965][INFO|database.py-upgrade_schema:285] >> 테이블 'mysafety_geocode_cache' 생성 중...
[2026-09-26 18:37:42,966][INFO|database.py-upgrade_schema:285] >> 테이블 'mysafety_raw_content' 생성 중...
[2026-09-26 18:37:42,968][INFO|database.py-upgrade_schema:285] >> 테이블 'mysafety_report_override' 생성 중...
[2026-09-26 18:37:42,970][INFO|database.py-upgrade_schema:285] >> 테이블 'mysafety_sync_meta' 생성 중...
[2026-09-26 18:37:42,971][INFO|database.py-upgrade_schema:285] >> 테이블 'mysafety_watchlist' 생성 중...
[2026-09-26 18:37:42,973][INFO|database.py-upgrade_schema:285] >> 테이블 'mysafetydetail_other' 생성 중...
[2026-09-26 18:37:42,975][INFO|database.py-upgrade_schema:285] >> 테이블 'mysafetydetail_parking' 생성 중...
[2026-09-26 18:37:42,976][INFO|database.py-upgrade_schema:285] >> 테이블 'mysafetydetail_traffic' 생성 중...
[2026-09-26 18:37:42,978][INFO|database.py-upgrade_schema:285] >> 테이블 'mysafetymerge_other' 생성 중...
[2026-09-26 18:37:42,980][INFO|database.py-upgrade_schema:285] >> 테이블 'mysafetymerge_parking' 생성 중...
[2026-09-26 18:37:42,982][INFO|database.py-upgrade_schema:285] >> 테이블 'mysafetymerge_traffic' 생성 중...
[2026-09-26 18:37:42,985][INFO|database.py-_apply_versioned_migrations:452] >> [schema] DB 스키마 버전 1 적용
[2026-09-26 18:37:42,990][INFO|database.py-_apply_versioned_migrations:452] >> [schema] DB 스키마 버전 2 적용
[2026-09-26 18:37:42,992][INFO|database.py-_apply_versioned_migrations:452] >> [schema] DB 스키마 버전 3 적용
[2026-09-26 18:37:43,005][INFO|database.py-_apply_versioned_migrations:452] >> [schema] DB 스키마 버전 4 적용
[2026-09-26 18:37:43,033][INFO|duplicate_group_service.py-_log_info:53] >> [duplicate] payload exact 중복군 0개, 멤버 0건 재생성
.[2026-09-26 18:37:43,073][INFO|database.py-upgrade_schema:285] >> 테이블 'admin_users' 생성 중...
[2026-09-26 18:37:43,077][INFO|database.py-upgrade_schema:285] >> 테이블 'api_keys' 생성 중...
[2026-09-26 18:37:43,078][INFO|database.py-upgrade_schema:285] >> 테이블 'mysafety' 생성 중...
[2026-09-26 18:37:43,080][INFO|database.py-upgrade_schema:285] >> 테이블 'mysafety_change_cursor' 생성 중...
[2026-09-26 18:37:43,082][INFO|database.py-upgrade_schema:285] >> 테이블 'mysafety_change_log' 생성 중...
[2026-09-26 18:37:43,083][INFO|database.py-upgrade_schema:285] >> 테이블 'mysafety_duplicate_decision' 생성 중...
[2026-09-26 18:37:43,084][INFO|database.py-upgrade_schema:285] >> 테이블 'mysafety_duplicate_group' 생성 중...
[2026-09-26 18:37:43,086][INFO|database.py-upgrade_schema:285] >> 테이블 'mysafety_duplicate_member' 생성 중...
[2026-09-26 18:37:43,087][INFO|database.py-upgrade_schema:285] >> 테이블 'mysafety_entry_value' 생성 중...
[2026-09-26 18:37:43,088][INFO|database.py-upgrade_schema:285] >> 테이블 'mysafety_geocode_cache' 생성 중...
[2026-09-26 18:37:43,090][INFO|database.py-upgrade_schema:285] >> 테이블 'mysafety_raw_content' 생성 중...
[2026-09-26 18:37:43,091][INFO|database.py-upgrade_schema:285] >> 테이블 'mysafety_report_override' 생성 중...
[2026-09-26 18:37:43,093][INFO|database.py-upgrade_schema:285] >> 테이블 'mysafety_sync_meta' 생성 중...
[2026-09-26 18:37:43,094][INFO|database.py-upgrade_schema:285] >> 테이블 'mysafety_watchlist' 생성 중...
[2026-09-26 18:37:43,095][INFO|database.py-upgrade_schema:285] >> 테이블 'mysafetydetail_other' 생성 중...
[2026-09-26 18:37:43,097][INFO|database.py-upgrade_schema:285] >> 테이블 'mysafetydetail_parking' 생성 중...
[2026-09-26 18:37:43,099][INFO|database.py-upgrade_schema:285] >> 테이블 'mysafetydetail_traffic' 생성 중...
[2026-09-26 18:37:43,103][INFO|database.py-upgrade_schema:285] >> 테이블 'mysafetymerge_other' 생성 중...
[2026-09-26 18:37:43,105][INFO|database.py-upgrade_schema:285] >> 테이블 'mysafetymerge_parking' 생성 중...
[2026-09-26 18:37:43,111][INFO|database.py-upgrade_schema:285] >> 테이블 'mysafetymerge_traffic' 생성 중...
[2026-09-26 18:37:43,115][INFO|database.py-_apply_versioned_migrations:452] >> [schema] DB 스키마 버전 1 적용
[2026-09-26 18:37:43,121][INFO|database.py-_apply_versioned_migrations:452] >> [schema] DB 스키마 버전 2 적용
[2026-09-26 18:37:43,123][INFO|database.py-_apply_versioned_migrations:452] >> [schema] DB 스키마 버전 3 적용
[2026-09-26 18:37:43,135][INFO|database.py-_apply_versioned_migrations:452] >> [schema] DB 스키마 버전 4 적용
/home/better0101/projects/safetyreport/.venv/lib/python3.14/site-packages/sqlalchemy/sql/base.py:749: ResourceWarning: unclosed database in <sqlite3.Connection object at 0x7f868c2ab790>
  @classmethod
ResourceWarning: Enable tracemalloc to get the object allocation traceback
/home/better0101/projects/safetyreport/.venv/lib/python3.14/site-packages/sqlalchemy/sql/type_api.py:975: ResourceWarning: unclosed database in <sqlite3.Connection object at 0x7f868c525f30>
  def _dialect_info(self, dialect: Dialect) -> _TypeMemoDict:
ResourceWarning: Enable tracemalloc to get the object allocation traceback
[2026-09-26 18:37:43,173][INFO|duplicate_group_service.py-_log_info:53] >> [duplicate] payload exact 중복군 0개, 멤버 0건 재생성
.[2026-09-26 18:37:43,223][INFO|database.py-upgrade_schema:285] >> 테이블 'admin_users' 생성 중...
[2026-09-26 18:37:43,226][INFO|database.py-upgrade_schema:285] >> 테이블 'api_keys' 생성 중...
[2026-09-26 18:37:43,228][INFO|database.py-upgrade_schema:285] >> 테이블 'mysafety' 생성 중...
[2026-09-26 18:37:43,229][INFO|database.py-upgrade_schema:285] >> 테이블 'mysafety_change_cursor' 생성 중...
[2026-09-26 18:37:43,231][INFO|database.py-upgrade_schema:285] >> 테이블 'mysafety_change_log' 생성 중...
[2026-09-26 18:37:43,233][INFO|database.py-upgrade_schema:285] >> 테이블 'mysafety_duplicate_decision' 생성 중...
[2026-09-26 18:37:43,234][INFO|database.py-upgrade_schema:285] >> 테이블 'mysafety_duplicate_group' 생성 중...
[2026-09-26 18:37:43,236][INFO|database.py-upgrade_schema:285] >> 테이블 'mysafety_duplicate_member' 생성 중...
[2026-09-26 18:37:43,237][INFO|database.py-upgrade_schema:285] >> 테이블 'mysafety_entry_value' 생성 중...
[2026-09-26 18:37:43,243][INFO|database.py-upgrade_schema:285] >> 테이블 'mysafety_geocode_cache' 생성 중...
[2026-09-26 18:37:43,245][INFO|database.py-upgrade_schema:285] >> 테이블 'mysafety_raw_content' 생성 중...
[2026-09-26 18:37:43,253][INFO|database.py-upgrade_schema:285] >> 테이블 'mysafety_report_override' 생성 중...
[2026-09-26 18:37:43,255][INFO|database.py-upgrade_schema:285] >> 테이블 'mysafety_sync_meta' 생성 중...
[2026-09-26 18:37:43,256][INFO|database.py-upgrade_schema:285] >> 테이블 'mysafety_watchlist' 생성 중...
[2026-09-26 18:37:43,257][INFO|database.py-upgrade_schema:285] >> 테이블 'mysafetydetail_other' 생성 중...
[2026-09-26 18:37:43,259][INFO|database.py-upgrade_schema:285] >> 테이블 'mysafetydetail_parking' 생성 중...
[2026-09-26 18:37:43,261][INFO|database.py-upgrade_schema:285] >> 테이블 'mysafetydetail_traffic' 생성 중...
[2026-09-26 18:37:43,262][INFO|database.py-upgrade_schema:285] >> 테이블 'mysafetymerge_other' 생성 중...
[2026-09-26 18:37:43,264][INFO|database.py-upgrade_schema:285] >> 테이블 'mysafetymerge_parking' 생성 중...
[2026-09-26 18:37:43,266][INFO|database.py-upgrade_schema:285] >> 테이블 'mysafetymerge_traffic' 생성 중...
[2026-09-26 18:37:43,270][INFO|database.py-_apply_versioned_migrations:452] >> [schema] DB 스키마 버전 1 적용
[2026-09-26 18:37:43,275][INFO|database.py-_apply_versioned_migrations:452] >> [schema] DB 스키마 버전 2 적용
[2026-09-26 18:37:43,277][INFO|database.py-_apply_versioned_migrations:452] >> [schema] DB 스키마 버전 3 적용
/home/better0101/projects/safetyreport/.venv/lib/python3.14/site-packages/sqlalchemy/engine/cursor.py:1529: ResourceWarning: unclosed database in <sqlite3.Connection object at 0x7f868c49bb50>
  def __init__(
ResourceWarning: Enable tracemalloc to get the object allocation traceback
[2026-09-26 18:37:43,302][INFO|database.py-_apply_versioned_migrations:452] >> [schema] DB 스키마 버전 4 적용
[2026-09-26 18:37:43,333][INFO|duplicate_group_service.py-_log_info:53] >> [duplicate] payload exact 중복군 0개, 멤버 0건 재생성
.[2026-09-26 18:37:43,418][INFO|database.py-upgrade_schema:285] >> 테이블 'admin_users' 생성 중...
[2026-09-26 18:37:43,423][INFO|database.py-upgrade_schema:285] >> 테이블 'api_keys' 생성 중...
[2026-09-26 18:37:43,427][INFO|database.py-upgrade_schema:285] >> 테이블 'mysafety' 생성 중...
[2026-09-26 18:37:43,431][INFO|database.py-upgrade_schema:285] >> 테이블 'mysafety_change_cursor' 생성 중...
[2026-09-26 18:37:43,434][INFO|database.py-upgrade_schema:285] >> 테이블 'mysafety_change_log' 생성 중...
[2026-09-26 18:37:43,438][INFO|database.py-upgrade_schema:285] >> 테이블 'mysafety_duplicate_decision' 생성 중...
[2026-09-26 18:37:43,440][INFO|database.py-upgrade_schema:285] >> 테이블 'mysafety_duplicate_group' 생성 중...
[2026-09-26 18:37:43,442][INFO|database.py-upgrade_schema:285] >> 테이블 'mysafety_duplicate_member' 생성 중...
[2026-09-26 18:37:43,444][INFO|database.py-upgrade_schema:285] >> 테이블 'mysafety_entry_value' 생성 중...
[2026-09-26 18:37:43,446][INFO|database.py-upgrade_schema:285] >> 테이블 'mysafety_geocode_cache' 생성 중...
[2026-09-26 18:37:43,449][INFO|database.py-upgrade_schema:285] >> 테이블 'mysafety_raw_content' 생성 중...
[2026-09-26 18:37:43,451][INFO|database.py-upgrade_schema:285] >> 테이블 'mysafety_report_override' 생성 중...
[2026-09-26 18:37:43,456][INFO|database.py-upgrade_schema:285] >> 테이블 'mysafety_sync_meta' 생성 중...
[2026-09-26 18:37:43,458][INFO|database.py-upgrade_schema:285] >> 테이블 'mysafety_watchlist' 생성 중...
[2026-09-26 18:37:43,460][INFO|database.py-upgrade_schema:285] >> 테이블 'mysafetydetail_other' 생성 중...
[2026-09-26 18:37:43,462][INFO|database.py-upgrade_schema:285] >> 테이블 'mysafetydetail_parking' 생성 중...
[2026-09-26 18:37:43,469][INFO|database.py-upgrade_schema:285] >> 테이블 'mysafetydetail_traffic' 생성 중...
[2026-09-26 18:37:43,472][INFO|database.py-upgrade_schema:285] >> 테이블 'mysafetymerge_other' 생성 중...
[2026-09-26 18:37:43,474][INFO|database.py-upgrade_schema:285] >> 테이블 'mysafetymerge_parking' 생성 중...
[2026-09-26 18:37:43,476][INFO|database.py-upgrade_schema:285] >> 테이블 'mysafetymerge_traffic' 생성 중...
[2026-09-26 18:37:43,480][INFO|database.py-_apply_versioned_migrations:452] >> [schema] DB 스키마 버전 1 적용
[2026-09-26 18:37:43,486][INFO|database.py-_apply_versioned_migrations:452] >> [schema] DB 스키마 버전 2 적용
[2026-09-26 18:37:43,493][INFO|database.py-_apply_versioned_migrations:452] >> [schema] DB 스키마 버전 3 적용
[2026-09-26 18:37:43,507][INFO|database.py-_apply_versioned_migrations:452] >> [schema] DB 스키마 버전 4 적용
/home/better0101/projects/safetyreport/.venv/lib/python3.14/site-packages/sqlalchemy/sql/compiler.py:4781: ResourceWarning: unclosed database in <sqlite3.Connection object at 0x7f868c2a9e40>
  def visit_select(
ResourceWarning: Enable tracemalloc to get the object allocation traceback
[2026-09-26 18:37:43,545][INFO|duplicate_group_service.py-_log_info:53] >> [duplicate] payload exact 중복군 0개, 멤버 0건 재생성
./home/better0101/projects/safetyreport/.venv/lib/python3.14/site-packages/sqlalchemy/pool/base.py:1494: ResourceWarning: unclosed database in <sqlite3.Connection object at 0x7f868c524d60>
  return self.dbapi_connection.cursor(*args, **kwargs)
ResourceWarning: Enable tracemalloc to get the object allocation traceback
[2026-09-26 18:37:43,622][INFO|database.py-upgrade_schema:285] >> 테이블 'admin_users' 생성 중...
[2026-09-26 18:37:43,629][INFO|database.py-upgrade_schema:285] >> 테이블 'api_keys' 생성 중...
[2026-09-26 18:37:43,631][INFO|database.py-upgrade_schema:285] >> 테이블 'mysafety' 생성 중...
[2026-09-26 18:37:43,634][INFO|database.py-upgrade_schema:285] >> 테이블 'mysafety_change_cursor' 생성 중...
[2026-09-26 18:37:43,639][INFO|database.py-upgrade_schema:285] >> 테이블 'mysafety_change_log' 생성 중...
[2026-09-26 18:37:43,642][INFO|database.py-upgrade_schema:285] >> 테이블 'mysafety_duplicate_decision' 생성 중...
[2026-09-26 18:37:43,644][INFO|database.py-upgrade_schema:285] >> 테이블 'mysafety_duplicate_group' 생성 중...
[2026-09-26 18:37:43,646][INFO|database.py-upgrade_schema:285] >> 테이블 'mysafety_duplicate_member' 생성 중...
[2026-09-26 18:37:43,648][INFO|database.py-upgrade_schema:285] >> 테이블 'mysafety_entry_value' 생성 중...
[2026-09-26 18:37:43,650][INFO|database.py-upgrade_schema:285] >> 테이블 'mysafety_geocode_cache' 생성 중...
[2026-09-26 18:37:43,652][INFO|database.py-upgrade_schema:285] >> 테이블 'mysafety_raw_content' 생성 중...
[2026-09-26 18:37:43,655][INFO|database.py-upgrade_schema:285] >> 테이블 'mysafety_report_override' 생성 중...
[2026-09-26 18:37:43,658][INFO|database.py-upgrade_schema:285] >> 테이블 'mysafety_sync_meta' 생성 중...
[2026-09-26 18:37:43,660][INFO|database.py-upgrade_schema:285] >> 테이블 'mysafety_watchlist' 생성 중...
[2026-09-26 18:37:43,662][INFO|database.py-upgrade_schema:285] >> 테이블 'mysafetydetail_other' 생성 중...
[2026-09-26 18:37:43,669][INFO|database.py-upgrade_schema:285] >> 테이블 'mysafetydetail_parking' 생성 중...
[2026-09-26 18:37:43,672][INFO|database.py-upgrade_schema:285] >> 테이블 'mysafetydetail_traffic' 생성 중...
[2026-09-26 18:37:43,674][INFO|database.py-upgrade_schema:285] >> 테이블 'mysafetymerge_other' 생성 중...
[2026-09-26 18:37:43,676][INFO|database.py-upgrade_schema:285] >> 테이블 'mysafetymerge_parking' 생성 중...
[2026-09-26 18:37:43,678][INFO|database.py-upgrade_schema:285] >> 테이블 'mysafetymerge_traffic' 생성 중...
[2026-09-26 18:37:43,681][INFO|database.py-_apply_versioned_migrations:452] >> [schema] DB 스키마 버전 1 적용
[2026-09-26 18:37:43,686][INFO|database.py-_apply_versioned_migrations:452] >> [schema] DB 스키마 버전 2 적용
[2026-09-26 18:37:43,688][INFO|database.py-_apply_versioned_migrations:452] >> [schema] DB 스키마 버전 3 적용
[2026-09-26 18:37:43,707][INFO|database.py-_apply_versioned_migrations:452] >> [schema] DB 스키마 버전 4 적용
[2026-09-26 18:37:43,735][INFO|duplicate_group_service.py-_log_info:53] >> [duplicate] payload exact 중복군 0개, 멤버 0건 재생성
.[2026-09-26 18:37:43,794][INFO|database.py-upgrade_schema:285] >> 테이블 'admin_users' 생성 중...
[2026-09-26 18:37:43,800][INFO|database.py-upgrade_schema:285] >> 테이블 'api_keys' 생성 중...
[2026-09-26 18:37:43,803][INFO|database.py-upgrade_schema:285] >> 테이블 'mysafety' 생성 중...
[2026-09-26 18:37:43,810][INFO|database.py-upgrade_schema:285] >> 테이블 'mysafety_change_cursor' 생성 중...
[2026-09-26 18:37:43,813][INFO|database.py-upgrade_schema:285] >> 테이블 'mysafety_change_log' 생성 중...
[2026-09-26 18:37:43,815][INFO|database.py-upgrade_schema:285] >> 테이블 'mysafety_duplicate_decision' 생성 중...
[2026-09-26 18:37:43,817][INFO|database.py-upgrade_schema:285] >> 테이블 'mysafety_duplicate_group' 생성 중...
[2026-09-26 18:37:43,821][INFO|database.py-upgrade_schema:285] >> 테이블 'mysafety_duplicate_member' 생성 중...
[2026-09-26 18:37:43,824][INFO|database.py-upgrade_schema:285] >> 테이블 'mysafety_entry_value' 생성 중...
[2026-09-26 18:37:43,825][INFO|database.py-upgrade_schema:285] >> 테이블 'mysafety_geocode_cache' 생성 중...
[2026-09-26 18:37:43,832][INFO|database.py-upgrade_schema:285] >> 테이블 'mysafety_raw_content' 생성 중...
[2026-09-26 18:37:43,834][INFO|database.py-upgrade_schema:285] >> 테이블 'mysafety_report_override' 생성 중...
[2026-09-26 18:37:43,836][INFO|database.py-upgrade_schema:285] >> 테이블 'mysafety_sync_meta' 생성 중...
[2026-09-26 18:37:43,838][INFO|database.py-upgrade_schema:285] >> 테이블 'mysafety_watchlist' 생성 중...
[2026-09-26 18:37:43,840][INFO|database.py-upgrade_schema:285] >> 테이블 'mysafetydetail_other' 생성 중...
[2026-09-26 18:37:43,842][INFO|database.py-upgrade_schema:285] >> 테이블 'mysafetydetail_parking' 생성 중...
[2026-09-26 18:37:43,843][INFO|database.py-upgrade_schema:285] >> 테이블 'mysafetydetail_traffic' 생성 중...
[2026-09-26 18:37:43,845][INFO|database.py-upgrade_schema:285] >> 테이블 'mysafetymerge_other' 생성 중...
[2026-09-26 18:37:43,847][INFO|database.py-upgrade_schema:285] >> 테이블 'mysafetymerge_parking' 생성 중...
[2026-09-26 18:37:43,851][INFO|database.py-upgrade_schema:285] >> 테이블 'mysafetymerge_traffic' 생성 중...
[2026-09-26 18:37:43,861][INFO|database.py-_apply_versioned_migrations:452] >> [schema] DB 스키마 버전 1 적용
[2026-09-26 18:37:43,867][INFO|database.py-_apply_versioned_migrations:452] >> [schema] DB 스키마 버전 2 적용
[2026-09-26 18:37:43,869][INFO|database.py-_apply_versioned_migrations:452] >> [schema] DB 스키마 버전 3 적용
[2026-09-26 18:37:43,880][INFO|database.py-_apply_versioned_migrations:452] >> [schema] DB 스키마 버전 4 적용
/home/better0101/projects/safetyreport/.venv/lib/python3.14/site-packages/sqlalchemy/sql/elements.py:708: ResourceWarning: unclosed database in <sqlite3.Connection object at 0x7f868c2abe20>
  tuple(column_keys),
ResourceWarning: Enable tracemalloc to get the object allocation traceback
/home/better0101/projects/safetyreport/.venv/lib/python3.14/site-packages/sqlalchemy/sql/elements.py:708: ResourceWarning: unclosed database in <sqlite3.Connection object at 0x7f868c1895d0>
  tuple(column_keys),
ResourceWarning: Enable tracemalloc to get the object allocation traceback
[2026-09-26 18:37:43,912][INFO|duplicate_group_service.py-_log_info:53] >> [duplicate] payload exact 중복군 0개, 멤버 0건 재생성
.[2026-09-26 18:37:43,980][INFO|database.py-upgrade_schema:285] >> 테이블 'admin_users' 생성 중...
[2026-09-26 18:37:43,983][INFO|database.py-upgrade_schema:285] >> 테이블 'api_keys' 생성 중...
[2026-09-26 18:37:43,985][INFO|database.py-upgrade_schema:285] >> 테이블 'mysafety' 생성 중...
[2026-09-26 18:37:43,990][INFO|database.py-upgrade_schema:285] >> 테이블 'mysafety_change_cursor' 생성 중...
[2026-09-26 18:37:43,992][INFO|database.py-upgrade_schema:285] >> 테이블 'mysafety_change_log' 생성 중...
[2026-09-26 18:37:43,994][INFO|database.py-upgrade_schema:285] >> 테이블 'mysafety_duplicate_decision' 생성 중...
[2026-09-26 18:37:43,996][INFO|database.py-upgrade_schema:285] >> 테이블 'mysafety_duplicate_group' 생성 중...
[2026-09-26 18:37:43,997][INFO|database.py-upgrade_schema:285] >> 테이블 'mysafety_duplicate_member' 생성 중...
[2026-09-26 18:37:43,999][INFO|database.py-upgrade_schema:285] >> 테이블 'mysafety_entry_value' 생성 중...
[2026-09-26 18:37:44,007][INFO|database.py-upgrade_schema:285] >> 테이블 'mysafety_geocode_cache' 생성 중...
[2026-09-26 18:37:44,009][INFO|database.py-upgrade_schema:285] >> 테이블 'mysafety_raw_content' 생성 중...
[2026-09-26 18:37:44,011][INFO|database.py-upgrade_schema:285] >> 테이블 'mysafety_report_override' 생성 중...
[2026-09-26 18:37:44,012][INFO|database.py-upgrade_schema:285] >> 테이블 'mysafety_sync_meta' 생성 중...
[2026-09-26 18:37:44,014][INFO|database.py-upgrade_schema:285] >> 테이블 'mysafety_watchlist' 생성 중...
[2026-09-26 18:37:44,016][INFO|database.py-upgrade_schema:285] >> 테이블 'mysafetydetail_other' 생성 중...
[2026-09-26 18:37:44,018][INFO|database.py-upgrade_schema:285] >> 테이블 'mysafetydetail_parking' 생성 중...
[2026-09-26 18:37:44,019][INFO|database.py-upgrade_schema:285] >> 테이블 'mysafetydetail_traffic' 생성 중...
[2026-09-26 18:37:44,021][INFO|database.py-upgrade_schema:285] >> 테이블 'mysafetymerge_other' 생성 중...
[2026-09-26 18:37:44,023][INFO|database.py-upgrade_schema:285] >> 테이블 'mysafetymerge_parking' 생성 중...
[2026-09-26 18:37:44,024][INFO|database.py-upgrade_schema:285] >> 테이블 'mysafetymerge_traffic' 생성 중...
[2026-09-26 18:37:44,028][INFO|database.py-_apply_versioned_migrations:452] >> [schema] DB 스키마 버전 1 적용
[2026-09-26 18:37:44,036][INFO|database.py-_apply_versioned_migrations:452] >> [schema] DB 스키마 버전 2 적용
[2026-09-26 18:37:44,045][INFO|database.py-_apply_versioned_migrations:452] >> [schema] DB 스키마 버전 3 적용
[2026-09-26 18:37:44,059][INFO|database.py-_apply_versioned_migrations:452] >> [schema] DB 스키마 버전 4 적용
<string>:1: ResourceWarning: unclosed database in <sqlite3.Connection object at 0x7f868c188d60>
ResourceWarning: Enable tracemalloc to get the object allocation traceback
[2026-09-26 18:37:44,099][INFO|duplicate_group_service.py-_log_info:53] >> [duplicate] payload exact 중복군 0개, 멤버 0건 재생성
.[2026-09-26 18:37:44,186][INFO|database.py-upgrade_schema:285] >> 테이블 'admin_users' 생성 중...
[2026-09-26 18:37:44,188][INFO|database.py-upgrade_schema:285] >> 테이블 'api_keys' 생성 중...
[2026-09-26 18:37:44,190][INFO|database.py-upgrade_schema:285] >> 테이블 'mysafety' 생성 중...
[2026-09-26 18:37:44,191][INFO|database.py-upgrade_schema:285] >> 테이블 'mysafety_change_cursor' 생성 중...
[2026-09-26 18:37:44,193][INFO|database.py-upgrade_schema:285] >> 테이블 'mysafety_change_log' 생성 중...
[2026-09-26 18:37:44,194][INFO|database.py-upgrade_schema:285] >> 테이블 'mysafety_duplicate_decision' 생성 중...
[2026-09-26 18:37:44,196][INFO|database.py-upgrade_schema:285] >> 테이블 'mysafety_duplicate_group' 생성 중...
[2026-09-26 18:37:44,197][INFO|database.py-upgrade_schema:285] >> 테이블 'mysafety_duplicate_member' 생성 중...
[2026-09-26 18:37:44,199][INFO|database.py-upgrade_schema:285] >> 테이블 'mysafety_entry_value' 생성 중...
[2026-09-26 18:37:44,200][INFO|database.py-upgrade_schema:285] >> 테이블 'mysafety_geocode_cache' 생성 중...
[2026-09-26 18:37:44,202][INFO|database.py-upgrade_schema:285] >> 테이블 'mysafety_raw_content' 생성 중...
[2026-09-26 18:37:44,203][INFO|database.py-upgrade_schema:285] >> 테이블 'mysafety_report_override' 생성 중...
[2026-09-26 18:37:44,206][INFO|database.py-upgrade_schema:285] >> 테이블 'mysafety_sync_meta' 생성 중...
[2026-09-26 18:37:44,209][INFO|database.py-upgrade_schema:285] >> 테이블 'mysafety_watchlist' 생성 중...
[2026-09-26 18:37:44,211][INFO|database.py-upgrade_schema:285] >> 테이블 'mysafetydetail_other' 생성 중...
[2026-09-26 18:37:44,212][INFO|database.py-upgrade_schema:285] >> 테이블 'mysafetydetail_parking' 생성 중...
[2026-09-26 18:37:44,214][INFO|database.py-upgrade_schema:285] >> 테이블 'mysafetydetail_traffic' 생성 중...
[2026-09-26 18:37:44,216][INFO|database.py-upgrade_schema:285] >> 테이블 'mysafetymerge_other' 생성 중...
[2026-09-26 18:37:44,220][INFO|database.py-upgrade_schema:285] >> 테이블 'mysafetymerge_parking' 생성 중...
[2026-09-26 18:37:44,223][INFO|database.py-upgrade_schema:285] >> 테이블 'mysafetymerge_traffic' 생성 중...
[2026-09-26 18:37:44,227][INFO|database.py-_apply_versioned_migrations:452] >> [schema] DB 스키마 버전 1 적용
[2026-09-26 18:37:44,234][INFO|database.py-_apply_versioned_migrations:452] >> [schema] DB 스키마 버전 2 적용
[2026-09-26 18:37:44,240][INFO|database.py-_apply_versioned_migrations:452] >> [schema] DB 스키마 버전 3 적용
/home/better0101/projects/safetyreport/.venv/lib/python3.14/site-packages/sqlalchemy/sql/compiler.py:858: ResourceWarning: unclosed database in <sqlite3.Connection object at 0x7f868c188040>
  def __init__(
ResourceWarning: Enable tracemalloc to get the object allocation traceback
[2026-09-26 18:37:44,260][INFO|database.py-_apply_versioned_migrations:452] >> [schema] DB 스키마 버전 4 적용
[2026-09-26 18:37:44,289][INFO|duplicate_group_service.py-_log_info:53] >> [duplicate] payload exact 중복군 0개, 멤버 0건 재생성
[2026-09-26 18:37:44,341][INFO|start.py-_run_rebuild_process:291] >> [rebuild] 목록 수집 시작 (run 19554f3dbc314ae3bfc5a2315067601a)
[2026-09-26 18:37:44,350][INFO|database.py-title_to_sql:694] >> 총 3건 title 테이블 upsert 완료. (신규: 3건)
[2026-09-26 18:37:44,353][INFO|start.py-_rebuild_register_list:189] >> [rebuild] 목록 등록 완료: 3건 (신규 3건)
[2026-09-26 18:37:44,355][INFO|start.py-_run_rebuild_process:320] >> [rebuild] 상세 크롤링 대상 3건 (checkpoint: 미완료만)
[2026-09-26 18:37:44,360][INFO|start.py-_rebuild_consume_details:277] >> [rebuild] 상세 저장 3건 (변경/신규 3건)
.[2026-09-26 18:37:44,380][INFO|database.py-upgrade_schema:285] >> 테이블 'admin_users' 생성 중...
[2026-09-26 18:37:44,385][INFO|database.py-upgrade_schema:285] >> 테이블 'api_keys' 생성 중...
[2026-09-26 18:37:44,389][INFO|database.py-upgrade_schema:285] >> 테이블 'mysafety' 생성 중...
[2026-09-26 18:37:44,392][INFO|database.py-upgrade_schema:285] >> 테이블 'mysafety_change_cursor' 생성 중...
[2026-09-26 18:37:44,394][INFO|database.py-upgrade_schema:285] >> 테이블 'mysafety_change_log' 생성 중...
[2026-09-26 18:37:44,396][INFO|database.py-upgrade_schema:285] >> 테이블 'mysafety_duplicate_decision' 생성 중...
[2026-09-26 18:37:44,399][INFO|database.py-upgrade_schema:285] >> 테이블 'mysafety_duplicate_group' 생성 중...
[2026-09-26 18:37:44,404][INFO|database.py-upgrade_schema:285] >> 테이블 'mysafety_duplicate_member' 생성 중...
[2026-09-26 18:37:44,407][INFO|database.py-upgrade_schema:285] >> 테이블 'mysafety_entry_value' 생성 중...
[2026-09-26 18:37:44,411][INFO|database.py-upgrade_schema:285] >> 테이블 'mysafety_geocode_cache' 생성 중...
[2026-09-26 18:37:44,414][INFO|database.py-upgrade_schema:285] >> 테이블 'mysafety_raw_content' 생성 중...
[2026-09-26 18:37:44,418][INFO|database.py-upgrade_schema:285] >> 테이블 'mysafety_report_override' 생성 중...
[2026-09-26 18:37:44,420][INFO|database.py-upgrade_schema:285] >> 테이블 'mysafety_sync_meta' 생성 중...
[2026-09-26 18:37:44,422][INFO|database.py-upgrade_schema:285] >> 테이블 'mysafety_watchlist' 생성 중...
[2026-09-26 18:37:44,423][INFO|database.py-upgrade_schema:285] >> 테이블 'mysafetydetail_other' 생성 중...
[2026-09-26 18:37:44,425][INFO|database.py-upgrade_schema:285] >> 테이블 'mysafetydetail_parking' 생성 중...
[2026-09-26 18:37:44,426][INFO|database.py-upgrade_schema:285] >> 테이블 'mysafetydetail_traffic' 생성 중...
[2026-09-26 18:37:44,428][INFO|database.py-upgrade_schema:285] >> 테이블 'mysafetymerge_other' 생성 중...
[2026-09-26 18:37:44,430][INFO|database.py-upgrade_schema:285] >> 테이블 'mysafetymerge_parking' 생성 중...
[2026-09-26 18:37:44,432][INFO|database.py-upgrade_schema:285] >> 테이블 'mysafetymerge_traffic' 생성 중...
[2026-09-26 18:37:44,435][INFO|database.py-_apply_versioned_migrations:452] >> [schema] DB 스키마 버전 1 적용
[2026-09-26 18:37:44,443][INFO|database.py-_apply_versioned_migrations:452] >> [schema] DB 스키마 버전 2 적용
[2026-09-26 18:37:44,445][INFO|database.py-_apply_versioned_migrations:452] >> [schema] DB 스키마 버전 3 적용
/home/better0101/projects/safetyreport/.venv/lib/python3.14/site-packages/sqlalchemy/sql/visitors.py:126: ResourceWarning: unclosed database in <sqlite3.Connection object at 0x7f868c189c60>
  def _compiler_dispatch(
ResourceWarning: Enable tracemalloc to get the object allocation traceback
[2026-09-26 18:37:44,467][INFO|database.py-_apply_versioned_migrations:452] >> [schema] DB 스키마 버전 4 적용
[2026-09-26 18:37:44,493][INFO|duplicate_group_service.py-_log_info:53] >> [duplicate] payload exact 중복군 0개, 멤버 0건 재생성
[2026-09-26 18:37:44,555][INFO|start.py-_run_rebuild_process:291] >> [rebuild] 목록 수집 시작 (run 9e987744dd41439a9c346881bb8d0a26)
[2026-09-26 18:37:44,562][INFO|database.py-title_to_sql:694] >> 총 3건 title 테이블 upsert 완료. (신규: 3건)
[2026-09-26 18:37:44,564][INFO|start.py-_rebuild_register_list:189] >> [rebuild] 목록 등록 완료: 3건 (신규 3건)
[2026-09-26 18:37:44,565][INFO|start.py-_run_rebuild_process:320] >> [rebuild] 상세 크롤링 대상 3건 (checkpoint: 미완료만)
[2026-09-26 18:37:44,569][INFO|start.py-_rebuild_consume_details:277] >> [rebuild] 상세 저장 2건 (변경/신규 2건)
.[2026-09-26 18:37:44,595][INFO|database.py-upgrade_schema:285] >> 테이블 'admin_users' 생성 중...
[2026-09-26 18:37:44,599][INFO|database.py-upgrade_schema:285] >> 테이블 'api_keys' 생성 중...
[2026-09-26 18:37:44,602][INFO|database.py-upgrade_schema:285] >> 테이블 'mysafety' 생성 중...
[2026-09-26 18:37:44,604][INFO|database.py-upgrade_schema:285] >> 테이블 'mysafety_change_cursor' 생성 중...
[2026-09-26 18:37:44,606][INFO|database.py-upgrade_schema:285] >> 테이블 'mysafety_change_log' 생성 중...
[2026-09-26 18:37:44,608][INFO|database.py-upgrade_schema:285] >> 테이블 'mysafety_duplicate_decision' 생성 중...
[2026-09-26 18:37:44,616][INFO|database.py-upgrade_schema:285] >> 테이블 'mysafety_duplicate_group' 생성 중...
[2026-09-26 18:37:44,618][INFO|database.py-upgrade_schema:285] >> 테이블 'mysafety_duplicate_member' 생성 중...
[2026-09-26 18:37:44,620][INFO|database.py-upgrade_schema:285] >> 테이블 'mysafety_entry_value' 생성 중...
[2026-09-26 18:37:44,622][INFO|database.py-upgrade_schema:285] >> 테이블 'mysafety_geocode_cache' 생성 중...
[2026-09-26 18:37:44,624][INFO|database.py-upgrade_schema:285] >> 테이블 'mysafety_raw_content' 생성 중...
[2026-09-26 18:37:44,626][INFO|database.py-upgrade_schema:285] >> 테이블 'mysafety_report_override' 생성 중...
[2026-09-26 18:37:44,628][INFO|database.py-upgrade_schema:285] >> 테이블 'mysafety_sync_meta' 생성 중...
[2026-09-26 18:37:44,635][INFO|database.py-upgrade_schema:285] >> 테이블 'mysafety_watchlist' 생성 중...
[2026-09-26 18:37:44,637][INFO|database.py-upgrade_schema:285] >> 테이블 'mysafetydetail_other' 생성 중...
[2026-09-26 18:37:44,640][INFO|database.py-upgrade_schema:285] >> 테이블 'mysafetydetail_parking' 생성 중...
[2026-09-26 18:37:44,642][INFO|database.py-upgrade_schema:285] >> 테이블 'mysafetydetail_traffic' 생성 중...
[2026-09-26 18:37:44,644][INFO|database.py-upgrade_schema:285] >> 테이블 'mysafetymerge_other' 생성 중...
[2026-09-26 18:37:44,647][INFO|database.py-upgrade_schema:285] >> 테이블 'mysafetymerge_parking' 생성 중...
[2026-09-26 18:37:44,649][INFO|database.py-upgrade_schema:285] >> 테이블 'mysafetymerge_traffic' 생성 중...
[2026-09-26 18:37:44,660][INFO|database.py-_apply_versioned_migrations:452] >> [schema] DB 스키마 버전 1 적용
[2026-09-26 18:37:44,667][INFO|database.py-_apply_versioned_migrations:452] >> [schema] DB 스키마 버전 2 적용
[2026-09-26 18:37:44,672][INFO|database.py-_apply_versioned_migrations:452] >> [schema] DB 스키마 버전 3 적용
[2026-09-26 18:37:44,690][INFO|database.py-_apply_versioned_migrations:452] >> [schema] DB 스키마 버전 4 적용
[2026-09-26 18:37:44,722][INFO|duplicate_group_service.py-_log_info:53] >> [duplicate] payload exact 중복군 0개, 멤버 0건 재생성
[2026-09-26 18:37:44,776][INFO|start.py-_run_rebuild_process:291] >> [rebuild] 목록 수집 시작 (run 9d4eef93204344eb845b9ac127c511f2)
[2026-09-26 18:37:44,784][INFO|database.py-title_to_sql:694] >> 총 3건 title 테이블 upsert 완료. (신규: 3건)
[2026-09-26 18:37:44,792][INFO|start.py-_rebuild_register_list:189] >> [rebuild] 목록 등록 완료: 3건 (신규 3건)
[2026-09-26 18:37:44,794][INFO|start.py-_run_rebuild_process:320] >> [rebuild] 상세 크롤링 대상 3건 (checkpoint: 미완료만)
[2026-09-26 18:37:44,800][INFO|start.py-_rebuild_consume_details:277] >> [rebuild] 상세 저장 3건 (변경/신규 3건)
.[2026-09-26 18:37:44,826][INFO|database.py-upgrade_schema:285] >> 테이블 'admin_users' 생성 중...
[2026-09-26 18:37:44,829][INFO|database.py-upgrade_schema:285] >> 테이블 'api_keys' 생성 중...
[2026-09-26 18:37:44,830][INFO|database.py-upgrade_schema:285] >> 테이블 'mysafety' 생성 중...
[2026-09-26 18:37:44,835][INFO|database.py-upgrade_schema:285] >> 테이블 'mysafety_change_cursor' 생성 중...
[2026-09-26 18:37:44,837][INFO|database.py-upgrade_schema:285] >> 테이블 'mysafety_change_log' 생성 중...
[2026-09-26 18:37:44,839][INFO|database.py-upgrade_schema:285] >> 테이블 'mysafety_duplicate_decision' 생성 중...
[2026-09-26 18:37:44,842][INFO|database.py-upgrade_schema:285] >> 테이블 'mysafety_duplicate_group' 생성 중...
[2026-09-26 18:37:44,847][INFO|database.py-upgrade_schema:285] >> 테이블 'mysafety_duplicate_member' 생성 중...
[2026-09-26 18:37:44,850][INFO|database.py-upgrade_schema:285] >> 테이블 'mysafety_entry_value' 생성 중...
[2026-09-26 18:37:44,852][INFO|database.py-upgrade_schema:285] >> 테이블 'mysafety_geocode_cache' 생성 중...
[2026-09-26 18:37:44,853][INFO|database.py-upgrade_schema:285] >> 테이블 'mysafety_raw_content' 생성 중...
[2026-09-26 18:37:44,856][INFO|database.py-upgrade_schema:285] >> 테이블 'mysafety_report_override' 생성 중...
[2026-09-26 18:37:44,857][INFO|database.py-upgrade_schema:285] >> 테이블 'mysafety_sync_meta' 생성 중...
[2026-09-26 18:37:44,858][INFO|database.py-upgrade_schema:285] >> 테이블 'mysafety_watchlist' 생성 중...
[2026-09-26 18:37:44,860][INFO|database.py-upgrade_schema:285] >> 테이블 'mysafetydetail_other' 생성 중...
[2026-09-26 18:37:44,862][INFO|database.py-upgrade_schema:285] >> 테이블 'mysafetydetail_parking' 생성 중...
[2026-09-26 18:37:44,866][INFO|database.py-upgrade_schema:285] >> 테이블 'mysafetydetail_traffic' 생성 중...
[2026-09-26 18:37:44,869][INFO|database.py-upgrade_schema:285] >> 테이블 'mysafetymerge_other' 생성 중...
[2026-09-26 18:37:44,871][INFO|database.py-upgrade_schema:285] >> 테이블 'mysafetymerge_parking' 생성 중...
[2026-09-26 18:37:44,873][INFO|database.py-upgrade_schema:285] >> 테이블 'mysafetymerge_traffic' 생성 중...
[2026-09-26 18:37:44,879][INFO|database.py-_apply_versioned_migrations:452] >> [schema] DB 스키마 버전 1 적용
[2026-09-26 18:37:44,886][INFO|database.py-_apply_versioned_migrations:452] >> [schema] DB 스키마 버전 2 적용
[2026-09-26 18:37:44,888][INFO|database.py-_apply_versioned_migrations:452] >> [schema] DB 스키마 버전 3 적용
[2026-09-26 18:37:44,900][INFO|database.py-_apply_versioned_migrations:452] >> [schema] DB 스키마 버전 4 적용
/home/better0101/projects/safetyreport/.venv/lib/python3.14/site-packages/sqlalchemy/sql/visitors.py:126: ResourceWarning: unclosed database in <sqlite3.Connection object at 0x7f868c18ba60>
  def _compiler_dispatch(
ResourceWarning: Enable tracemalloc to get the object allocation traceback
[2026-09-26 18:37:44,938][INFO|duplicate_group_service.py-_log_info:53] >> [duplicate] payload exact 중복군 0개, 멤버 0건 재생성
.[2026-09-26 18:37:44,997][INFO|database.py-upgrade_schema:285] >> 테이블 'admin_users' 생성 중...
[2026-09-26 18:37:45,000][INFO|database.py-upgrade_schema:285] >> 테이블 'api_keys' 생성 중...
[2026-09-26 18:37:45,001][INFO|database.py-upgrade_schema:285] >> 테이블 'mysafety' 생성 중...
[2026-09-26 18:37:45,003][INFO|database.py-upgrade_schema:285] >> 테이블 'mysafety_change_cursor' 생성 중...
[2026-09-26 18:37:45,004][INFO|database.py-upgrade_schema:285] >> 테이블 'mysafety_change_log' 생성 중...
[2026-09-26 18:37:45,006][INFO|database.py-upgrade_schema:285] >> 테이블 'mysafety_duplicate_decision' 생성 중...
[2026-09-26 18:37:45,011][INFO|database.py-upgrade_schema:285] >> 테이블 'mysafety_duplicate_group' 생성 중...
[2026-09-26 18:37:45,012][INFO|database.py-upgrade_schema:285] >> 테이블 'mysafety_duplicate_member' 생성 중...
[2026-09-26 18:37:45,015][INFO|database.py-upgrade_schema:285] >> 테이블 'mysafety_entry_value' 생성 중...
[2026-09-26 18:37:45,017][INFO|database.py-upgrade_schema:285] >> 테이블 'mysafety_geocode_cache' 생성 중...
[2026-09-26 18:37:45,022][INFO|database.py-upgrade_schema:285] >> 테이블 'mysafety_raw_content' 생성 중...
[2026-09-26 18:37:45,024][INFO|database.py-upgrade_schema:285] >> 테이블 'mysafety_report_override' 생성 중...
[2026-09-26 18:37:45,026][INFO|database.py-upgrade_schema:285] >> 테이블 'mysafety_sync_meta' 생성 중...
[2026-09-26 18:37:45,027][INFO|database.py-upgrade_schema:285] >> 테이블 'mysafety_watchlist' 생성 중...
[2026-09-26 18:37:45,029][INFO|database.py-upgrade_schema:285] >> 테이블 'mysafetydetail_other' 생성 중...
[2026-09-26 18:37:45,031][INFO|database.py-upgrade_schema:285] >> 테이블 'mysafetydetail_parking' 생성 중...
[2026-09-26 18:37:45,033][INFO|database.py-upgrade_schema:285] >> 테이블 'mysafetydetail_traffic' 생성 중...
[2026-09-26 18:37:45,034][INFO|database.py-upgrade_schema:285] >> 테이블 'mysafetymerge_other' 생성 중...
/home/better0101/projects/safetyreport/.venv/lib/python3.14/site-packages/sqlalchemy/sql/schema.py:4470: ResourceWarning: unclosed database in <sqlite3.Connection object at 0x7f868c18ba60>
  def __iter__(self) -> Iterator[Column[Any]]:
ResourceWarning: Enable tracemalloc to get the object allocation traceback
[2026-09-26 18:37:45,040][INFO|database.py-upgrade_schema:285] >> 테이블 'mysafetymerge_parking' 생성 중...
[2026-09-26 18:37:45,042][INFO|database.py-upgrade_schema:285] >> 테이블 'mysafetymerge_traffic' 생성 중...
[2026-09-26 18:37:45,045][INFO|database.py-_apply_versioned_migrations:452] >> [schema] DB 스키마 버전 1 적용
[2026-09-26 18:37:45,050][INFO|database.py-_apply_versioned_migrations:452] >> [schema] DB 스키마 버전 2 적용
[2026-09-26 18:37:45,052][INFO|database.py-_apply_versioned_migrations:452] >> [schema] DB 스키마 버전 3 적용
[2026-09-26 18:37:45,063][INFO|database.py-_apply_versioned_migrations:452] >> [schema] DB 스키마 버전 4 적용
[2026-09-26 18:37:45,090][INFO|duplicate_group_service.py-_log_info:53] >> [duplicate] payload exact 중복군 0개, 멤버 0건 재생성
.[2026-09-26 18:37:45,148][INFO|database.py-upgrade_schema:285] >> 테이블 'admin_users' 생성 중...
[2026-09-26 18:37:45,150][INFO|database.py-upgrade_schema:285] >> 테이블 'api_keys' 생성 중...
[2026-09-26 18:37:45,152][INFO|database.py-upgrade_schema:285] >> 테이블 'mysafety' 생성 중...
[2026-09-26 18:37:45,154][INFO|database.py-upgrade_schema:285] >> 테이블 'mysafety_change_cursor' 생성 중...
[2026-09-26 18:37:45,155][INFO|database.py-upgrade_schema:285] >> 테이블 'mysafety_change_log' 생성 중...
[2026-09-26 18:37:45,157][INFO|database.py-upgrade_schema:285] >> 테이블 'mysafety_duplicate_decision' 생성 중...
[2026-09-26 18:37:45,158][INFO|database.py-upgrade_schema:285] >> 테이블 'mysafety_duplicate_group' 생성 중...
[2026-09-26 18:37:45,160][INFO|database.py-upgrade_schema:285] >> 테이블 'mysafety_duplicate_member' 생성 중...
[2026-09-26 18:37:45,161][INFO|database.py-upgrade_schema:285] >> 테이블 'mysafety_entry_value' 생성 중...
[2026-09-26 18:37:45,163][INFO|database.py-upgrade_schema:285] >> 테이블 'mysafety_geocode_cache' 생성 중...
[2026-09-26 18:37:45,164][INFO|database.py-upgrade_schema:285] >> 테이블 'mysafety_raw_content' 생성 중...
[2026-09-26 18:37:45,165][INFO|database.py-upgrade_schema:285] >> 테이블 'mysafety_report_override' 생성 중...
[2026-09-26 18:37:45,167][INFO|database.py-upgrade_schema:285] >> 테이블 'mysafety_sync_meta' 생성 중...
[2026-09-26 18:37:45,168][INFO|database.py-upgrade_schema:285] >> 테이블 'mysafety_watchlist' 생성 중...
[2026-09-26 18:37:45,170][INFO|database.py-upgrade_schema:285] >> 테이블 'mysafetydetail_other' 생성 중...
[2026-09-26 18:37:45,171][INFO|database.py-upgrade_schema:285] >> 테이블 'mysafetydetail_parking' 생성 중...
[2026-09-26 18:37:45,173][INFO|database.py-upgrade_schema:285] >> 테이블 'mysafetydetail_traffic' 생성 중...
[2026-09-26 18:37:45,178][INFO|database.py-upgrade_schema:285] >> 테이블 'mysafetymerge_other' 생성 중...
[2026-09-26 18:37:45,181][INFO|database.py-upgrade_schema:285] >> 테이블 'mysafetymerge_parking' 생성 중...
[2026-09-26 18:37:45,183][INFO|database.py-upgrade_schema:285] >> 테이블 'mysafetymerge_traffic' 생성 중...
[2026-09-26 18:37:45,187][INFO|database.py-_apply_versioned_migrations:452] >> [schema] DB 스키마 버전 1 적용
[2026-09-26 18:37:45,194][INFO|database.py-_apply_versioned_migrations:452] >> [schema] DB 스키마 버전 2 적용
[2026-09-26 18:37:45,195][INFO|database.py-_apply_versioned_migrations:452] >> [schema] DB 스키마 버전 3 적용
[2026-09-26 18:37:45,206][INFO|database.py-_apply_versioned_migrations:452] >> [schema] DB 스키마 버전 4 적용
/home/better0101/projects/safetyreport/.venv/lib/python3.14/site-packages/sqlalchemy/sql/visitors.py:126: ResourceWarning: unclosed database in <sqlite3.Connection object at 0x7f86841896c0>
  def _compiler_dispatch(
ResourceWarning: Enable tracemalloc to get the object allocation traceback
[2026-09-26 18:37:45,238][INFO|duplicate_group_service.py-_log_info:53] >> [duplicate] payload exact 중복군 0개, 멤버 0건 재생성
[2026-09-26 18:37:45,294][INFO|start.py-_run_rebuild_process:291] >> [rebuild] 목록 수집 시작 (run 1c9950cd61454f67bd5361caf1d3745a)
[2026-09-26 18:37:45,294][ERROR|start.py-_rebuild_register_list:177] >> [rebuild] 목록 수집 실패 — job failed (page 2 timeout)
.[2026-09-26 18:37:45,305][INFO|database.py-upgrade_schema:285] >> 테이블 'admin_users' 생성 중...
[2026-09-26 18:37:45,308][INFO|database.py-upgrade_schema:285] >> 테이블 'api_keys' 생성 중...
[2026-09-26 18:37:45,309][INFO|database.py-upgrade_schema:285] >> 테이블 'mysafety' 생성 중...
[2026-09-26 18:37:45,311][INFO|database.py-upgrade_schema:285] >> 테이블 'mysafety_change_cursor' 생성 중...
[2026-09-26 18:37:45,312][INFO|database.py-upgrade_schema:285] >> 테이블 'mysafety_change_log' 생성 중...
[2026-09-26 18:37:45,314][INFO|database.py-upgrade_schema:285] >> 테이블 'mysafety_duplicate_decision' 생성 중...
[2026-09-26 18:37:45,315][INFO|database.py-upgrade_schema:285] >> 테이블 'mysafety_duplicate_group' 생성 중...
[2026-09-26 18:37:45,320][INFO|database.py-upgrade_schema:285] >> 테이블 'mysafety_duplicate_member' 생성 중...
[2026-09-26 18:37:45,322][INFO|database.py-upgrade_schema:285] >> 테이블 'mysafety_entry_value' 생성 중...
[2026-09-26 18:37:45,323][INFO|database.py-upgrade_schema:285] >> 테이블 'mysafety_geocode_cache' 생성 중...
[2026-09-26 18:37:45,328][INFO|database.py-upgrade_schema:285] >> 테이블 'mysafety_raw_content' 생성 중...
[2026-09-26 18:37:45,331][INFO|database.py-upgrade_schema:285] >> 테이블 'mysafety_report_override' 생성 중...
[2026-09-26 18:37:45,333][INFO|database.py-upgrade_schema:285] >> 테이블 'mysafety_sync_meta' 생성 중...
[2026-09-26 18:37:45,335][INFO|database.py-upgrade_schema:285] >> 테이블 'mysafety_watchlist' 생성 중...
[2026-09-26 18:37:45,337][INFO|database.py-upgrade_schema:285] >> 테이블 'mysafetydetail_other' 생성 중...
[2026-09-26 18:37:45,339][INFO|database.py-upgrade_schema:285] >> 테이블 'mysafetydetail_parking' 생성 중...
[2026-09-26 18:37:45,342][INFO|database.py-upgrade_schema:285] >> 테이블 'mysafetydetail_traffic' 생성 중...
[2026-09-26 18:37:45,344][INFO|database.py-upgrade_schema:285] >> 테이블 'mysafetymerge_other' 생성 중...
[2026-09-26 18:37:45,346][INFO|database.py-upgrade_schema:285] >> 테이블 'mysafetymerge_parking' 생성 중...
[2026-09-26 18:37:45,354][INFO|database.py-upgrade_schema:285] >> 테이블 'mysafetymerge_traffic' 생성 중...
[2026-09-26 18:37:45,358][INFO|database.py-_apply_versioned_migrations:452] >> [schema] DB 스키마 버전 1 적용
[2026-09-26 18:37:45,364][INFO|database.py-_apply_versioned_migrations:452] >> [schema] DB 스키마 버전 2 적용
[2026-09-26 18:37:45,365][INFO|database.py-_apply_versioned_migrations:452] >> [schema] DB 스키마 버전 3 적용
[2026-09-26 18:37:45,387][INFO|database.py-_apply_versioned_migrations:452] >> [schema] DB 스키마 버전 4 적용
/home/better0101/projects/safetyreport/.venv/lib/python3.14/site-packages/sqlalchemy/sql/elements.py:5319: ResourceWarning: unclosed database in <sqlite3.Connection object at 0x7f8684188b80>
  self = super().__new__(cls, value)
ResourceWarning: Enable tracemalloc to get the object allocation traceback
[2026-09-26 18:37:45,417][INFO|duplicate_group_service.py-_log_info:53] >> [duplicate] payload exact 중복군 0개, 멤버 0건 재생성
[2026-09-26 18:37:45,469][INFO|start.py-_run_rebuild_process:291] >> [rebuild] 목록 수집 시작 (run b67372e9f2f14f57bafd7d9f57e954a3)
[2026-09-26 18:37:45,470][INFO|start.py-_rebuild_register_list:189] >> [rebuild] 목록 등록 완료: 0건 (신규 0건)
[2026-09-26 18:37:45,470][INFO|start.py-_run_rebuild_process:317] >> [rebuild] 상세 대상 없음 (빈 목록 또는 전부 fetched)
.[2026-09-26 18:37:45,494][INFO|database.py-upgrade_schema:285] >> 테이블 'admin_users' 생성 중...
[2026-09-26 18:37:45,498][INFO|database.py-upgrade_schema:285] >> 테이블 'api_keys' 생성 중...
[2026-09-26 18:37:45,500][INFO|database.py-upgrade_schema:285] >> 테이블 'mysafety' 생성 중...
[2026-09-26 18:37:45,502][INFO|database.py-upgrade_schema:285] >> 테이블 'mysafety_change_cursor' 생성 중...
[2026-09-26 18:37:45,503][INFO|database.py-upgrade_schema:285] >> 테이블 'mysafety_change_log' 생성 중...
[2026-09-26 18:37:45,505][INFO|database.py-upgrade_schema:285] >> 테이블 'mysafety_duplicate_decision' 생성 중...
[2026-09-26 18:37:45,506][INFO|database.py-upgrade_schema:285] >> 테이블 'mysafety_duplicate_group' 생성 중...
[2026-09-26 18:37:45,509][INFO|database.py-upgrade_schema:285] >> 테이블 'mysafety_duplicate_member' 생성 중...
[2026-09-26 18:37:45,510][INFO|database.py-upgrade_schema:285] >> 테이블 'mysafety_entry_value' 생성 중...
[2026-09-26 18:37:45,512][INFO|database.py-upgrade_schema:285] >> 테이블 'mysafety_geocode_cache' 생성 중...
[2026-09-26 18:37:45,513][INFO|database.py-upgrade_schema:285] >> 테이블 'mysafety_raw_content' 생성 중...
[2026-09-26 18:37:45,515][INFO|database.py-upgrade_schema:285] >> 테이블 'mysafety_report_override' 생성 중...
[2026-09-26 18:37:45,516][INFO|database.py-upgrade_schema:285] >> 테이블 'mysafety_sync_meta' 생성 중...
[2026-09-26 18:37:45,518][INFO|database.py-upgrade_schema:285] >> 테이블 'mysafety_watchlist' 생성 중...
[2026-09-26 18:37:45,522][INFO|database.py-upgrade_schema:285] >> 테이블 'mysafetydetail_other' 생성 중...
[2026-09-26 18:37:45,525][INFO|database.py-upgrade_schema:285] >> 테이블 'mysafetydetail_parking' 생성 중...
[2026-09-26 18:37:45,534][INFO|database.py-upgrade_schema:285] >> 테이블 'mysafetydetail_traffic' 생성 중...
[2026-09-26 18:37:45,537][INFO|database.py-upgrade_schema:285] >> 테이블 'mysafetymerge_other' 생성 중...
[2026-09-26 18:37:45,540][INFO|database.py-upgrade_schema:285] >> 테이블 'mysafetymerge_parking' 생성 중...
[2026-09-26 18:37:45,542][INFO|database.py-upgrade_schema:285] >> 테이블 'mysafetymerge_traffic' 생성 중...
[2026-09-26 18:37:45,548][INFO|database.py-_apply_versioned_migrations:452] >> [schema] DB 스키마 버전 1 적용
/home/better0101/projects/safetyreport/.venv/lib/python3.14/site-packages/sqlalchemy/sql/compiler.py:1454: ResourceWarning: unclosed database in <sqlite3.Connection object at 0x7f86841893f0>
  self.anon_map = prefix_anon_map()
ResourceWarning: Enable tracemalloc to get the object allocation traceback
[2026-09-26 18:37:45,563][INFO|database.py-_apply_versioned_migrations:452] >> [schema] DB 스키마 버전 2 적용
[2026-09-26 18:37:45,566][INFO|database.py-_apply_versioned_migrations:452] >> [schema] DB 스키마 버전 3 적용
[2026-09-26 18:37:45,579][INFO|database.py-_apply_versioned_migrations:452] >> [schema] DB 스키마 버전 4 적용
[2026-09-26 18:37:45,605][INFO|duplicate_group_service.py-_log_info:53] >> [duplicate] payload exact 중복군 0개, 멤버 0건 재생성
[2026-09-26 18:37:45,655][INFO|start.py-_run_rebuild_process:291] >> [rebuild] 목록 수집 시작 (run 6f5b37d9a0e04e0da038db1385a920f7)
[2026-09-26 18:37:45,664][INFO|database.py-title_to_sql:694] >> 총 3건 title 테이블 upsert 완료. (신규: 3건)
[2026-09-26 18:37:45,667][INFO|start.py-_rebuild_register_list:189] >> [rebuild] 목록 등록 완료: 3건 (신규 3건)
[2026-09-26 18:37:45,669][INFO|start.py-_run_rebuild_process:320] >> [rebuild] 상세 크롤링 대상 3건 (checkpoint: 미완료만)
[2026-09-26 18:37:45,675][INFO|start.py-_rebuild_consume_details:277] >> [rebuild] 상세 저장 3건 (변경/신규 3건)
.[2026-09-26 18:37:45,696][INFO|database.py-upgrade_schema:285] >> 테이블 'admin_users' 생성 중...
[2026-09-26 18:37:45,703][INFO|database.py-upgrade_schema:285] >> 테이블 'api_keys' 생성 중...
[2026-09-26 18:37:45,705][INFO|database.py-upgrade_schema:285] >> 테이블 'mysafety' 생성 중...
[2026-09-26 18:37:45,707][INFO|database.py-upgrade_schema:285] >> 테이블 'mysafety_change_cursor' 생성 중...
[2026-09-26 18:37:45,709][INFO|database.py-upgrade_schema:285] >> 테이블 'mysafety_change_log' 생성 중...
[2026-09-26 18:37:45,710][INFO|database.py-upgrade_schema:285] >> 테이블 'mysafety_duplicate_decision' 생성 중...
[2026-09-26 18:37:45,712][INFO|database.py-upgrade_schema:285] >> 테이블 'mysafety_duplicate_group' 생성 중...
[2026-09-26 18:37:45,714][INFO|database.py-upgrade_schema:285] >> 테이블 'mysafety_duplicate_member' 생성 중...
[2026-09-26 18:37:45,716][INFO|database.py-upgrade_schema:285] >> 테이블 'mysafety_entry_value' 생성 중...
[2026-09-26 18:37:45,717][INFO|database.py-upgrade_schema:285] >> 테이블 'mysafety_geocode_cache' 생성 중...
[2026-09-26 18:37:45,719][INFO|database.py-upgrade_schema:285] >> 테이블 'mysafety_raw_content' 생성 중...
[2026-09-26 18:37:45,720][INFO|database.py-upgrade_schema:285] >> 테이블 'mysafety_report_override' 생성 중...
[2026-09-26 18:37:45,722][INFO|database.py-upgrade_schema:285] >> 테이블 'mysafety_sync_meta' 생성 중...
[2026-09-26 18:37:45,724][INFO|database.py-upgrade_schema:285] >> 테이블 'mysafety_watchlist' 생성 중...
[2026-09-26 18:37:45,725][INFO|database.py-upgrade_schema:285] >> 테이블 'mysafetydetail_other' 생성 중...
[2026-09-26 18:37:45,726][INFO|database.py-upgrade_schema:285] >> 테이블 'mysafetydetail_parking' 생성 중...
[2026-09-26 18:37:45,730][INFO|database.py-upgrade_schema:285] >> 테이블 'mysafetydetail_traffic' 생성 중...
[2026-09-26 18:37:45,731][INFO|database.py-upgrade_schema:285] >> 테이블 'mysafetymerge_other' 생성 중...
[2026-09-26 18:37:45,733][INFO|database.py-upgrade_schema:285] >> 테이블 'mysafetymerge_parking' 생성 중...
[2026-09-26 18:37:45,735][INFO|database.py-upgrade_schema:285] >> 테이블 'mysafetymerge_traffic' 생성 중...
[2026-09-26 18:37:45,742][INFO|database.py-_apply_versioned_migrations:452] >> [schema] DB 스키마 버전 1 적용
[2026-09-26 18:37:45,748][INFO|database.py-_apply_versioned_migrations:452] >> [schema] DB 스키마 버전 2 적용
[2026-09-26 18:37:45,750][INFO|database.py-_apply_versioned_migrations:452] >> [schema] DB 스키마 버전 3 적용
/home/better0101/projects/safetyreport/.venv/lib/python3.14/site-packages/sqlalchemy/sql/visitors.py:126: ResourceWarning: unclosed database in <sqlite3.Connection object at 0x7f868418a020>
  def _compiler_dispatch(
ResourceWarning: Enable tracemalloc to get the object allocation traceback
[2026-09-26 18:37:45,778][INFO|database.py-_apply_versioned_migrations:452] >> [schema] DB 스키마 버전 4 적용
[2026-09-26 18:37:45,804][INFO|duplicate_group_service.py-_log_info:53] >> [duplicate] payload exact 중복군 0개, 멤버 0건 재생성
.[2026-09-26 18:37:45,876][INFO|database.py-upgrade_schema:285] >> 테이블 'admin_users' 생성 중...
[2026-09-26 18:37:45,882][INFO|database.py-upgrade_schema:285] >> 테이블 'api_keys' 생성 중...
[2026-09-26 18:37:45,884][INFO|database.py-upgrade_schema:285] >> 테이블 'mysafety' 생성 중...
[2026-09-26 18:37:45,886][INFO|database.py-upgrade_schema:285] >> 테이블 'mysafety_change_cursor' 생성 중...
[2026-09-26 18:37:45,888][INFO|database.py-upgrade_schema:285] >> 테이블 'mysafety_change_log' 생성 중...
[2026-09-26 18:37:45,891][INFO|database.py-upgrade_schema:285] >> 테이블 'mysafety_duplicate_decision' 생성 중...
[2026-09-26 18:37:45,893][INFO|database.py-upgrade_schema:285] >> 테이블 'mysafety_duplicate_group' 생성 중...
[2026-09-26 18:37:45,895][INFO|database.py-upgrade_schema:285] >> 테이블 'mysafety_duplicate_member' 생성 중...
[2026-09-26 18:37:45,897][INFO|database.py-upgrade_schema:285] >> 테이블 'mysafety_entry_value' 생성 중...
[2026-09-26 18:37:45,904][INFO|database.py-upgrade_schema:285] >> 테이블 'mysafety_geocode_cache' 생성 중...
[2026-09-26 18:37:45,907][INFO|database.py-upgrade_schema:285] >> 테이블 'mysafety_raw_content' 생성 중...
[2026-09-26 18:37:45,909][INFO|database.py-upgrade_schema:285] >> 테이블 'mysafety_report_override' 생성 중...
[2026-09-26 18:37:45,911][INFO|database.py-upgrade_schema:285] >> 테이블 'mysafety_sync_meta' 생성 중...
[2026-09-26 18:37:45,912][INFO|database.py-upgrade_schema:285] >> 테이블 'mysafety_watchlist' 생성 중...
[2026-09-26 18:37:45,914][INFO|database.py-upgrade_schema:285] >> 테이블 'mysafetydetail_other' 생성 중...
[2026-09-26 18:37:45,916][INFO|database.py-upgrade_schema:285] >> 테이블 'mysafetydetail_parking' 생성 중...
[2026-09-26 18:37:45,917][INFO|database.py-upgrade_schema:285] >> 테이블 'mysafetydetail_traffic' 생성 중...
[2026-09-26 18:37:45,919][INFO|database.py-upgrade_schema:285] >> 테이블 'mysafetymerge_other' 생성 중...
[2026-09-26 18:37:45,921][INFO|database.py-upgrade_schema:285] >> 테이블 'mysafetymerge_parking' 생성 중...
[2026-09-26 18:37:45,924][INFO|database.py-upgrade_schema:285] >> 테이블 'mysafetymerge_traffic' 생성 중...
[2026-09-26 18:37:45,929][INFO|database.py-_apply_versioned_migrations:452] >> [schema] DB 스키마 버전 1 적용
[2026-09-26 18:37:45,939][INFO|database.py-_apply_versioned_migrations:452] >> [schema] DB 스키마 버전 2 적용
[2026-09-26 18:37:45,941][INFO|database.py-_apply_versioned_migrations:452] >> [schema] DB 스키마 버전 3 적용
[2026-09-26 18:37:45,953][INFO|database.py-_apply_versioned_migrations:452] >> [schema] DB 스키마 버전 4 적용
[2026-09-26 18:37:45,986][INFO|duplicate_group_service.py-_log_info:53] >> [duplicate] payload exact 중복군 0개, 멤버 0건 재생성
[2026-09-26 18:37:46,045][INFO|start.py-_run_rebuild_process:291] >> [rebuild] 목록 수집 시작 (run a60837429a4b43f89e3b29a9645628d8)
[2026-09-26 18:37:46,053][INFO|database.py-title_to_sql:694] >> 총 3건 title 테이블 upsert 완료. (신규: 3건)
[2026-09-26 18:37:46,055][INFO|start.py-_rebuild_register_list:189] >> [rebuild] 목록 등록 완료: 3건 (신규 3건)
[2026-09-26 18:37:46,056][INFO|start.py-_run_rebuild_process:320] >> [rebuild] 상세 크롤링 대상 3건 (checkpoint: 미완료만)
[2026-09-26 18:37:46,066][INFO|start.py-_rebuild_consume_details:277] >> [rebuild] 상세 저장 3건 (변경/신규 3건)
.[2026-09-26 18:37:46,088][INFO|database.py-upgrade_schema:285] >> 테이블 'admin_users' 생성 중...
[2026-09-26 18:37:46,091][INFO|database.py-upgrade_schema:285] >> 테이블 'api_keys' 생성 중...
[2026-09-26 18:37:46,093][INFO|database.py-upgrade_schema:285] >> 테이블 'mysafety' 생성 중...
[2026-09-26 18:37:46,094][INFO|database.py-upgrade_schema:285] >> 테이블 'mysafety_change_cursor' 생성 중...
[2026-09-26 18:37:46,096][INFO|database.py-upgrade_schema:285] >> 테이블 'mysafety_change_log' 생성 중...
[2026-09-26 18:37:46,097][INFO|database.py-upgrade_schema:285] >> 테이블 'mysafety_duplicate_decision' 생성 중...
[2026-09-26 18:37:46,102][INFO|database.py-upgrade_schema:285] >> 테이블 'mysafety_duplicate_group' 생성 중...
[2026-09-26 18:37:46,104][INFO|database.py-upgrade_schema:285] >> 테이블 'mysafety_duplicate_member' 생성 중...
[2026-09-26 18:37:46,109][INFO|database.py-upgrade_schema:285] >> 테이블 'mysafety_entry_value' 생성 중...
[2026-09-26 18:37:46,112][INFO|database.py-upgrade_schema:285] >> 테이블 'mysafety_geocode_cache' 생성 중...
[2026-09-26 18:37:46,114][INFO|database.py-upgrade_schema:285] >> 테이블 'mysafety_raw_content' 생성 중...
[2026-09-26 18:37:46,116][INFO|database.py-upgrade_schema:285] >> 테이블 'mysafety_report_override' 생성 중...
[2026-09-26 18:37:46,118][INFO|database.py-upgrade_schema:285] >> 테이블 'mysafety_sync_meta' 생성 중...
[2026-09-26 18:37:46,119][INFO|database.py-upgrade_schema:285] >> 테이블 'mysafety_watchlist' 생성 중...
[2026-09-26 18:37:46,120][INFO|database.py-upgrade_schema:285] >> 테이블 'mysafetydetail_other' 생성 중...
[2026-09-26 18:37:46,122][INFO|database.py-upgrade_schema:285] >> 테이블 'mysafetydetail_parking' 생성 중...
[2026-09-26 18:37:46,124][INFO|database.py-upgrade_schema:285] >> 테이블 'mysafetydetail_traffic' 생성 중...
[2026-09-26 18:37:46,126][INFO|database.py-upgrade_schema:285] >> 테이블 'mysafetymerge_other' 생성 중...
[2026-09-26 18:37:46,128][INFO|database.py-upgrade_schema:285] >> 테이블 'mysafetymerge_parking' 생성 중...
[2026-09-26 18:37:46,129][INFO|database.py-upgrade_schema:285] >> 테이블 'mysafetymerge_traffic' 생성 중...
[2026-09-26 18:37:46,133][INFO|database.py-_apply_versioned_migrations:452] >> [schema] DB 스키마 버전 1 적용
[2026-09-26 18:37:46,148][INFO|database.py-_apply_versioned_migrations:452] >> [schema] DB 스키마 버전 2 적용
[2026-09-26 18:37:46,150][INFO|database.py-_apply_versioned_migrations:452] >> [schema] DB 스키마 버전 3 적용
[2026-09-26 18:37:46,161][INFO|database.py-_apply_versioned_migrations:452] >> [schema] DB 스키마 버전 4 적용
[2026-09-26 18:37:46,190][INFO|duplicate_group_service.py-_log_info:53] >> [duplicate] payload exact 중복군 0개, 멤버 0건 재생성
.[2026-09-26 18:37:46,334][INFO|database.py-upgrade_schema:285] >> 테이블 'admin_users' 생성 중...
[2026-09-26 18:37:46,337][INFO|database.py-upgrade_schema:285] >> 테이블 'api_keys' 생성 중...
[2026-09-26 18:37:46,342][INFO|database.py-upgrade_schema:285] >> 테이블 'mysafety' 생성 중...
[2026-09-26 18:37:46,345][INFO|database.py-upgrade_schema:285] >> 테이블 'mysafety_change_cursor' 생성 중...
[2026-09-26 18:37:46,347][INFO|database.py-upgrade_schema:285] >> 테이블 'mysafety_change_log' 생성 중...
[2026-09-26 18:37:46,349][INFO|database.py-upgrade_schema:285] >> 테이블 'mysafety_duplicate_decision' 생성 중...
[2026-09-26 18:37:46,350][INFO|database.py-upgrade_schema:285] >> 테이블 'mysafety_duplicate_group' 생성 중...
[2026-09-26 18:37:46,352][INFO|database.py-upgrade_schema:285] >> 테이블 'mysafety_duplicate_member' 생성 중...
[2026-09-26 18:37:46,354][INFO|database.py-upgrade_schema:285] >> 테이블 'mysafety_entry_value' 생성 중...
[2026-09-26 18:37:46,355][INFO|database.py-upgrade_schema:285] >> 테이블 'mysafety_geocode_cache' 생성 중...
[2026-09-26 18:37:46,357][INFO|database.py-upgrade_schema:285] >> 테이블 'mysafety_raw_content' 생성 중...
[2026-09-26 18:37:46,359][INFO|database.py-upgrade_schema:285] >> 테이블 'mysafety_report_override' 생성 중...
[2026-09-26 18:37:46,360][INFO|database.py-upgrade_schema:285] >> 테이블 'mysafety_sync_meta' 생성 중...
[2026-09-26 18:37:46,361][INFO|database.py-upgrade_schema:285] >> 테이블 'mysafety_watchlist' 생성 중...
[2026-09-26 18:37:46,363][INFO|database.py-upgrade_schema:285] >> 테이블 'mysafetydetail_other' 생성 중...
[2026-09-26 18:37:46,367][INFO|database.py-upgrade_schema:285] >> 테이블 'mysafetydetail_parking' 생성 중...
[2026-09-26 18:37:46,369][INFO|database.py-upgrade_schema:285] >> 테이블 'mysafetydetail_traffic' 생성 중...
[2026-09-26 18:37:46,372][INFO|database.py-upgrade_schema:285] >> 테이블 'mysafetymerge_other' 생성 중...
[2026-09-26 18:37:46,377][INFO|database.py-upgrade_schema:285] >> 테이블 'mysafetymerge_parking' 생성 중...
[2026-09-26 18:37:46,380][INFO|database.py-upgrade_schema:285] >> 테이블 'mysafetymerge_traffic' 생성 중...
[2026-09-26 18:37:46,383][INFO|database.py-_apply_versioned_migrations:452] >> [schema] DB 스키마 버전 1 적용
[2026-09-26 18:37:46,388][INFO|database.py-_apply_versioned_migrations:452] >> [schema] DB 스키마 버전 2 적용
[2026-09-26 18:37:46,390][INFO|database.py-_apply_versioned_migrations:452] >> [schema] DB 스키마 버전 3 적용
/home/better0101/projects/safetyreport/.venv/lib/python3.14/site-packages/sqlalchemy/sql/compiler.py:1426: ResourceWarning: unclosed database in <sqlite3.Connection object at 0x7f8674301210>
  self.bind_names = util.column_dict()
ResourceWarning: Enable tracemalloc to get the object allocation traceback
[2026-09-26 18:37:46,415][INFO|database.py-_apply_versioned_migrations:452] >> [schema] DB 스키마 버전 4 적용
[2026-09-26 18:37:46,445][INFO|duplicate_group_service.py-_log_info:53] >> [duplicate] payload exact 중복군 0개, 멤버 0건 재생성
.[2026-09-26 18:37:46,460][INFO|database.py-upgrade_schema:285] >> 테이블 'admin_users' 생성 중...
[2026-09-26 18:37:46,463][INFO|database.py-upgrade_schema:285] >> 테이블 'api_keys' 생성 중...
[2026-09-26 18:37:46,464][INFO|database.py-upgrade_schema:285] >> 테이블 'mysafety' 생성 중...
[2026-09-26 18:37:46,465][INFO|database.py-upgrade_schema:285] >> 테이블 'mysafety_change_cursor' 생성 중...
[2026-09-26 18:37:46,470][INFO|database.py-upgrade_schema:285] >> 테이블 'mysafety_change_log' 생성 중...
[2026-09-26 18:37:46,472][INFO|database.py-upgrade_schema:285] >> 테이블 'mysafety_duplicate_decision' 생성 중...
[2026-09-26 18:37:46,481][INFO|database.py-upgrade_schema:285] >> 테이블 'mysafety_duplicate_group' 생성 중...
[2026-09-26 18:37:46,483][INFO|database.py-upgrade_schema:285] >> 테이블 'mysafety_duplicate_member' 생성 중...
[2026-09-26 18:37:46,485][INFO|database.py-upgrade_schema:285] >> 테이블 'mysafety_entry_value' 생성 중...
[2026-09-26 18:37:46,487][INFO|database.py-upgrade_schema:285] >> 테이블 'mysafety_geocode_cache' 생성 중...
[2026-09-26 18:37:46,488][INFO|database.py-upgrade_schema:285] >> 테이블 'mysafety_raw_content' 생성 중...
[2026-09-26 18:37:46,490][INFO|database.py-upgrade_schema:285] >> 테이블 'mysafety_report_override' 생성 중...
[2026-09-26 18:37:46,491][INFO|database.py-upgrade_schema:285] >> 테이블 'mysafety_sync_meta' 생성 중...
[2026-09-26 18:37:46,493][INFO|database.py-upgrade_schema:285] >> 테이블 'mysafety_watchlist' 생성 중...
[2026-09-26 18:37:46,494][INFO|database.py-upgrade_schema:285] >> 테이블 'mysafetydetail_other' 생성 중...
[2026-09-26 18:37:46,496][INFO|database.py-upgrade_schema:285] >> 테이블 'mysafetydetail_parking' 생성 중...
[2026-09-26 18:37:46,497][INFO|database.py-upgrade_schema:285] >> 테이블 'mysafetydetail_traffic' 생성 중...
[2026-09-26 18:37:46,499][INFO|database.py-upgrade_schema:285] >> 테이블 'mysafetymerge_other' 생성 중...
[2026-09-26 18:37:46,502][INFO|database.py-upgrade_schema:285] >> 테이블 'mysafetymerge_parking' 생성 중...
[2026-09-26 18:37:46,504][INFO|database.py-upgrade_schema:285] >> 테이블 'mysafetymerge_traffic' 생성 중...
[2026-09-26 18:37:46,510][INFO|database.py-_apply_versioned_migrations:452] >> [schema] DB 스키마 버전 1 적용
[2026-09-26 18:37:46,520][INFO|database.py-_apply_versioned_migrations:452] >> [schema] DB 스키마 버전 2 적용
[2026-09-26 18:37:46,526][INFO|database.py-_apply_versioned_migrations:452] >> [schema] DB 스키마 버전 3 적용
[2026-09-26 18:37:46,541][INFO|database.py-_apply_versioned_migrations:452] >> [schema] DB 스키마 버전 4 적용
/home/better0101/projects/safetyreport/.venv/lib/python3.14/site-packages/sqlalchemy/util/langhelpers.py:1397: ResourceWarning: unclosed database in <sqlite3.Connection object at 0x7f86841889a0>
  kw.update(
ResourceWarning: Enable tracemalloc to get the object allocation traceback
[2026-09-26 18:37:46,579][INFO|duplicate_group_service.py-_log_info:53] >> [duplicate] payload exact 중복군 0개, 멤버 0건 재생성
.[2026-09-26 18:37:46,594][INFO|database.py-upgrade_schema:285] >> 테이블 'admin_users' 생성 중...
[2026-09-26 18:37:46,598][INFO|database.py-upgrade_schema:285] >> 테이블 'api_keys' 생성 중...
[2026-09-26 18:37:46,601][INFO|database.py-upgrade_schema:285] >> 테이블 'mysafety' 생성 중...
[2026-09-26 18:37:46,603][INFO|database.py-upgrade_schema:285] >> 테이블 'mysafety_change_cursor' 생성 중...
[2026-09-26 18:37:46,605][INFO|database.py-upgrade_schema:285] >> 테이블 'mysafety_change_log' 생성 중...
[2026-09-26 18:37:46,607][INFO|database.py-upgrade_schema:285] >> 테이블 'mysafety_duplicate_decision' 생성 중...
[2026-09-26 18:37:46,608][INFO|database.py-upgrade_schema:285] >> 테이블 'mysafety_duplicate_group' 생성 중...
[2026-09-26 18:37:46,611][INFO|database.py-upgrade_schema:285] >> 테이블 'mysafety_duplicate_member' 생성 중...
[2026-09-26 18:37:46,613][INFO|database.py-upgrade_schema:285] >> 테이블 'mysafety_entry_value' 생성 중...
[2026-09-26 18:37:46,615][INFO|database.py-upgrade_schema:285] >> 테이블 'mysafety_geocode_cache' 생성 중...
[2026-09-26 18:37:46,617][INFO|database.py-upgrade_schema:285] >> 테이블 'mysafety_raw_content' 생성 중...
[2026-09-26 18:37:46,619][INFO|database.py-upgrade_schema:285] >> 테이블 'mysafety_report_override' 생성 중...
[2026-09-26 18:37:46,622][INFO|database.py-upgrade_schema:285] >> 테이블 'mysafety_sync_meta' 생성 중...
[2026-09-26 18:37:46,624][INFO|database.py-upgrade_schema:285] >> 테이블 'mysafety_watchlist' 생성 중...
[2026-09-26 18:37:46,626][INFO|database.py-upgrade_schema:285] >> 테이블 'mysafetydetail_other' 생성 중...
[2026-09-26 18:37:46,628][INFO|database.py-upgrade_schema:285] >> 테이블 'mysafetydetail_parking' 생성 중...
[2026-09-26 18:37:46,630][INFO|database.py-upgrade_schema:285] >> 테이블 'mysafetydetail_traffic' 생성 중...
[2026-09-26 18:37:46,633][INFO|database.py-upgrade_schema:285] >> 테이블 'mysafetymerge_other' 생성 중...
[2026-09-26 18:37:46,640][INFO|database.py-upgrade_schema:285] >> 테이블 'mysafetymerge_parking' 생성 중...
[2026-09-26 18:37:46,643][INFO|database.py-upgrade_schema:285] >> 테이블 'mysafetymerge_traffic' 생성 중...
[2026-09-26 18:37:46,647][INFO|database.py-_apply_versioned_migrations:452] >> [schema] DB 스키마 버전 1 적용
[2026-09-26 18:37:46,658][INFO|database.py-_apply_versioned_migrations:452] >> [schema] DB 스키마 버전 2 적용
[2026-09-26 18:37:46,666][INFO|database.py-_apply_versioned_migrations:452] >> [schema] DB 스키마 버전 3 적용
[2026-09-26 18:37:46,680][INFO|database.py-_apply_versioned_migrations:452] >> [schema] DB 스키마 버전 4 적용
[2026-09-26 18:37:46,712][INFO|duplicate_group_service.py-_log_info:53] >> [duplicate] payload exact 중복군 0개, 멤버 0건 재생성
...[2026-09-26 18:37:46,729][INFO|database.py-upgrade_schema:285] >> 테이블 'admin_users' 생성 중...
[2026-09-26 18:37:46,738][INFO|database.py-upgrade_schema:285] >> 테이블 'api_keys' 생성 중...
[2026-09-26 18:37:46,740][INFO|database.py-upgrade_schema:285] >> 테이블 'mysafety' 생성 중...
[2026-09-26 18:37:46,744][INFO|database.py-upgrade_schema:285] >> 테이블 'mysafety_change_cursor' 생성 중...
[2026-09-26 18:37:46,746][INFO|database.py-upgrade_schema:285] >> 테이블 'mysafety_change_log' 생성 중...
[2026-09-26 18:37:46,747][INFO|database.py-upgrade_schema:285] >> 테이블 'mysafety_duplicate_decision' 생성 중...
[2026-09-26 18:37:46,749][INFO|database.py-upgrade_schema:285] >> 테이블 'mysafety_duplicate_group' 생성 중...
[2026-09-26 18:37:46,750][INFO|database.py-upgrade_schema:285] >> 테이블 'mysafety_duplicate_member' 생성 중...
[2026-09-26 18:37:46,752][INFO|database.py-upgrade_schema:285] >> 테이블 'mysafety_entry_value' 생성 중...
[2026-09-26 18:37:46,753][INFO|database.py-upgrade_schema:285] >> 테이블 'mysafety_geocode_cache' 생성 중...
[2026-09-26 18:37:46,755][INFO|database.py-upgrade_schema:285] >> 테이블 'mysafety_raw_content' 생성 중...
[2026-09-26 18:37:46,756][INFO|database.py-upgrade_schema:285] >> 테이블 'mysafety_report_override' 생성 중...
[2026-09-26 18:37:46,757][INFO|database.py-upgrade_schema:285] >> 테이블 'mysafety_sync_meta' 생성 중...
[2026-09-26 18:37:46,759][INFO|database.py-upgrade_schema:285] >> 테이블 'mysafety_watchlist' 생성 중...
[2026-09-26 18:37:46,760][INFO|database.py-upgrade_schema:285] >> 테이블 'mysafetydetail_other' 생성 중...
[2026-09-26 18:37:46,762][INFO|database.py-upgrade_schema:285] >> 테이블 'mysafetydetail_parking' 생성 중...
[2026-09-26 18:37:46,763][INFO|database.py-upgrade_schema:285] >> 테이블 'mysafetydetail_traffic' 생성 중...
[2026-09-26 18:37:46,769][INFO|database.py-upgrade_schema:285] >> 테이블 'mysafetymerge_other' 생성 중...
[2026-09-26 18:37:46,771][INFO|database.py-upgrade_schema:285] >> 테이블 'mysafetymerge_parking' 생성 중...
[2026-09-26 18:37:46,775][INFO|database.py-upgrade_schema:285] >> 테이블 'mysafetymerge_traffic' 생성 중...
[2026-09-26 18:37:46,782][INFO|database.py-_apply_versioned_migrations:452] >> [schema] DB 스키마 버전 1 적용
[2026-09-26 18:37:46,788][INFO|database.py-_apply_versioned_migrations:452] >> [schema] DB 스키마 버전 2 적용
[2026-09-26 18:37:46,790][INFO|database.py-_apply_versioned_migrations:452] >> [schema] DB 스키마 버전 3 적용
[2026-09-26 18:37:46,807][INFO|database.py-_apply_versioned_migrations:452] >> [schema] DB 스키마 버전 4 적용
[2026-09-26 18:37:46,848][INFO|duplicate_group_service.py-_log_info:53] >> [duplicate] payload exact 중복군 0개, 멤버 0건 재생성
[2026-09-26 18:37:46,893][INFO|_client.py-_send_single_request:1025] >> HTTP Request: GET http://testserver/api/v1/community/rebuild "HTTP/1.1 200 OK"
[2026-09-26 18:37:46,898][INFO|_client.py-_send_single_request:1025] >> HTTP Request: POST http://testserver/api/v1/community/rebuild/start "HTTP/1.1 403 Forbidden"
[2026-09-26 18:37:46,904][INFO|_client.py-_send_single_request:1025] >> HTTP Request: POST http://testserver/api/v1/community/rebuild/start "HTTP/1.1 403 Forbidden"
[2026-09-26 18:37:46,921][INFO|_client.py-_send_single_request:1025] >> HTTP Request: POST http://testserver/api/v1/community/rebuild/start "HTTP/1.1 200 OK"
.[2026-09-26 18:37:46,931][INFO|database.py-upgrade_schema:285] >> 테이블 'admin_users' 생성 중...
[2026-09-26 18:37:46,936][INFO|database.py-upgrade_schema:285] >> 테이블 'api_keys' 생성 중...
[2026-09-26 18:37:46,938][INFO|database.py-upgrade_schema:285] >> 테이블 'mysafety' 생성 중...
[2026-09-26 18:37:46,942][INFO|database.py-upgrade_schema:285] >> 테이블 'mysafety_change_cursor' 생성 중...
[2026-09-26 18:37:46,948][INFO|database.py-upgrade_schema:285] >> 테이블 'mysafety_change_log' 생성 중...
[2026-09-26 18:37:46,949][INFO|database.py-upgrade_schema:285] >> 테이블 'mysafety_duplicate_decision' 생성 중...
[2026-09-26 18:37:46,951][INFO|database.py-upgrade_schema:285] >> 테이블 'mysafety_duplicate_group' 생성 중...
[2026-09-26 18:37:46,953][INFO|database.py-upgrade_schema:285] >> 테이블 'mysafety_duplicate_member' 생성 중...
[2026-09-26 18:37:46,954][INFO|database.py-upgrade_schema:285] >> 테이블 'mysafety_entry_value' 생성 중...
[2026-09-26 18:37:46,956][INFO|database.py-upgrade_schema:285] >> 테이블 'mysafety_geocode_cache' 생성 중...
[2026-09-26 18:37:46,958][INFO|database.py-upgrade_schema:285] >> 테이블 'mysafety_raw_content' 생성 중...
[2026-09-26 18:37:46,959][INFO|database.py-upgrade_schema:285] >> 테이블 'mysafety_report_override' 생성 중...
[2026-09-26 18:37:46,961][INFO|database.py-upgrade_schema:285] >> 테이블 'mysafety_sync_meta' 생성 중...
[2026-09-26 18:37:46,963][INFO|database.py-upgrade_schema:285] >> 테이블 'mysafety_watchlist' 생성 중...
[2026-09-26 18:37:46,965][INFO|database.py-upgrade_schema:285] >> 테이블 'mysafetydetail_other' 생성 중...
[2026-09-26 18:37:46,971][INFO|database.py-upgrade_schema:285] >> 테이블 'mysafetydetail_parking' 생성 중...
[2026-09-26 18:37:46,973][INFO|database.py-upgrade_schema:285] >> 테이블 'mysafetydetail_traffic' 생성 중...
[2026-09-26 18:37:46,981][INFO|database.py-upgrade_schema:285] >> 테이블 'mysafetymerge_other' 생성 중...
[2026-09-26 18:37:46,984][INFO|database.py-upgrade_schema:285] >> 테이블 'mysafetymerge_parking' 생성 중...
[2026-09-26 18:37:46,986][INFO|database.py-upgrade_schema:285] >> 테이블 'mysafetymerge_traffic' 생성 중...
[2026-09-26 18:37:46,991][INFO|database.py-_apply_versioned_migrations:452] >> [schema] DB 스키마 버전 1 적용
[2026-09-26 18:37:47,000][INFO|database.py-_apply_versioned_migrations:452] >> [schema] DB 스키마 버전 2 적용
[2026-09-26 18:37:47,003][INFO|database.py-_apply_versioned_migrations:452] >> [schema] DB 스키마 버전 3 적용
/home/better0101/projects/safetyreport/.venv/lib/python3.14/site-packages/sqlalchemy/sql/compiler.py:1793: ResourceWarning: unclosed database in <sqlite3.Connection object at 0x7f86687d23e0>
  @util.memoized_property
ResourceWarning: Enable tracemalloc to get the object allocation traceback
/home/better0101/projects/safetyreport/.venv/lib/python3.14/site-packages/sqlalchemy/sql/compiler.py:1793: ResourceWarning: unclosed database in <sqlite3.Connection object at 0x7f86687d25c0>
  @util.memoized_property
ResourceWarning: Enable tracemalloc to get the object allocation traceback
[2026-09-26 18:37:47,019][INFO|database.py-_apply_versioned_migrations:452] >> [schema] DB 스키마 버전 4 적용
[2026-09-26 18:37:47,047][INFO|duplicate_group_service.py-_log_info:53] >> [duplicate] payload exact 중복군 0개, 멤버 0건 재생성
[2026-09-26 18:37:47,077][INFO|_client.py-_send_single_request:1025] >> HTTP Request: GET http://testserver/settings/community/rebuild "HTTP/1.1 200 OK"
.[2026-09-26 18:37:47,086][INFO|database.py-upgrade_schema:285] >> 테이블 'admin_users' 생성 중...
[2026-09-26 18:37:47,092][INFO|database.py-upgrade_schema:285] >> 테이블 'api_keys' 생성 중...
[2026-09-26 18:37:47,094][INFO|database.py-upgrade_schema:285] >> 테이블 'mysafety' 생성 중...
[2026-09-26 18:37:47,096][INFO|database.py-upgrade_schema:285] >> 테이블 'mysafety_change_cursor' 생성 중...
[2026-09-26 18:37:47,105][INFO|database.py-upgrade_schema:285] >> 테이블 'mysafety_change_log' 생성 중...
[2026-09-26 18:37:47,107][INFO|database.py-upgrade_schema:285] >> 테이블 'mysafety_duplicate_decision' 생성 중...
[2026-09-26 18:37:47,109][INFO|database.py-upgrade_schema:285] >> 테이블 'mysafety_duplicate_group' 생성 중...
[2026-09-26 18:37:47,110][INFO|database.py-upgrade_schema:285] >> 테이블 'mysafety_duplicate_member' 생성 중...
[2026-09-26 18:37:47,112][INFO|database.py-upgrade_schema:285] >> 테이블 'mysafety_entry_value' 생성 중...
[2026-09-26 18:37:47,113][INFO|database.py-upgrade_schema:285] >> 테이블 'mysafety_geocode_cache' 생성 중...
[2026-09-26 18:37:47,115][INFO|database.py-upgrade_schema:285] >> 테이블 'mysafety_raw_content' 생성 중...
[2026-09-26 18:37:47,117][INFO|database.py-upgrade_schema:285] >> 테이블 'mysafety_report_override' 생성 중...
[2026-09-26 18:37:47,118][INFO|database.py-upgrade_schema:285] >> 테이블 'mysafety_sync_meta' 생성 중...
[2026-09-26 18:37:47,120][INFO|database.py-upgrade_schema:285] >> 테이블 'mysafety_watchlist' 생성 중...
[2026-09-26 18:37:47,122][INFO|database.py-upgrade_schema:285] >> 테이블 'mysafetydetail_other' 생성 중...
[2026-09-26 18:37:47,124][INFO|database.py-upgrade_schema:285] >> 테이블 'mysafetydetail_parking' 생성 중...
[2026-09-26 18:37:47,125][INFO|database.py-upgrade_schema:285] >> 테이블 'mysafetydetail_traffic' 생성 중...
[2026-09-26 18:37:47,127][INFO|database.py-upgrade_schema:285] >> 테이블 'mysafetymerge_other' 생성 중...
[2026-09-26 18:37:47,129][INFO|database.py-upgrade_schema:285] >> 테이블 'mysafetymerge_parking' 생성 중...
[2026-09-26 18:37:47,131][INFO|database.py-upgrade_schema:285] >> 테이블 'mysafetymerge_traffic' 생성 중...
[2026-09-26 18:37:47,134][INFO|database.py-_apply_versioned_migrations:452] >> [schema] DB 스키마 버전 1 적용
[2026-09-26 18:37:47,139][INFO|database.py-_apply_versioned_migrations:452] >> [schema] DB 스키마 버전 2 적용
[2026-09-26 18:37:47,141][INFO|database.py-_apply_versioned_migrations:452] >> [schema] DB 스키마 버전 3 적용
[2026-09-26 18:37:47,154][INFO|database.py-_apply_versioned_migrations:452] >> [schema] DB 스키마 버전 4 적용
/home/better0101/projects/safetyreport/.venv/lib/python3.14/site-packages/sqlalchemy/util/langhelpers.py:1397: ResourceWarning: unclosed database in <sqlite3.Connection object at 0x7f86687d2110>
  kw.update(
ResourceWarning: Enable tracemalloc to get the object allocation traceback
[2026-09-26 18:37:47,188][INFO|duplicate_group_service.py-_log_info:53] >> [duplicate] payload exact 중복군 0개, 멤버 0건 재생성
[2026-09-26 18:37:47,200][INFO|_client.py-_send_single_request:1025] >> HTTP Request: POST http://testserver/settings/community/rebuild/start "HTTP/1.1 409 Conflict"
.[2026-09-26 18:37:47,214][INFO|database.py-upgrade_schema:285] >> 테이블 'admin_users' 생성 중...
[2026-09-26 18:37:47,216][INFO|database.py-upgrade_schema:285] >> 테이블 'api_keys' 생성 중...
[2026-09-26 18:37:47,218][INFO|database.py-upgrade_schema:285] >> 테이블 'mysafety' 생성 중...
[2026-09-26 18:37:47,219][INFO|database.py-upgrade_schema:285] >> 테이블 'mysafety_change_cursor' 생성 중...
[2026-09-26 18:37:47,221][INFO|database.py-upgrade_schema:285] >> 테이블 'mysafety_change_log' 생성 중...
[2026-09-26 18:37:47,223][INFO|database.py-upgrade_schema:285] >> 테이블 'mysafety_duplicate_decision' 생성 중...
[2026-09-26 18:37:47,224][INFO|database.py-upgrade_schema:285] >> 테이블 'mysafety_duplicate_group' 생성 중...
[2026-09-26 18:37:47,226][INFO|database.py-upgrade_schema:285] >> 테이블 'mysafety_duplicate_member' 생성 중...
[2026-09-26 18:37:47,227][INFO|database.py-upgrade_schema:285] >> 테이블 'mysafety_entry_value' 생성 중...
[2026-09-26 18:37:47,229][INFO|database.py-upgrade_schema:285] >> 테이블 'mysafety_geocode_cache' 생성 중...
[2026-09-26 18:37:47,230][INFO|database.py-upgrade_schema:285] >> 테이블 'mysafety_raw_content' 생성 중...
[2026-09-26 18:37:47,235][INFO|database.py-upgrade_schema:285] >> 테이블 'mysafety_report_override' 생성 중...
[2026-09-26 18:37:47,237][INFO|database.py-upgrade_schema:285] >> 테이블 'mysafety_sync_meta' 생성 중...
[2026-09-26 18:37:47,238][INFO|database.py-upgrade_schema:285] >> 테이블 'mysafety_watchlist' 생성 중...
[2026-09-26 18:37:47,242][INFO|database.py-upgrade_schema:285] >> 테이블 'mysafetydetail_other' 생성 중...
[2026-09-26 18:37:47,244][INFO|database.py-upgrade_schema:285] >> 테이블 'mysafetydetail_parking' 생성 중...
[2026-09-26 18:37:47,246][INFO|database.py-upgrade_schema:285] >> 테이블 'mysafetydetail_traffic' 생성 중...
[2026-09-26 18:37:47,248][INFO|database.py-upgrade_schema:285] >> 테이블 'mysafetymerge_other' 생성 중...
[2026-09-26 18:37:47,250][INFO|database.py-upgrade_schema:285] >> 테이블 'mysafetymerge_parking' 생성 중...
[2026-09-26 18:37:47,252][INFO|database.py-upgrade_schema:285] >> 테이블 'mysafetymerge_traffic' 생성 중...
[2026-09-26 18:37:47,255][INFO|database.py-_apply_versioned_migrations:452] >> [schema] DB 스키마 버전 1 적용
[2026-09-26 18:37:47,261][INFO|database.py-_apply_versioned_migrations:452] >> [schema] DB 스키마 버전 2 적용
[2026-09-26 18:37:47,263][INFO|database.py-_apply_versioned_migrations:452] >> [schema] DB 스키마 버전 3 적용
[2026-09-26 18:37:47,287][INFO|database.py-_apply_versioned_migrations:452] >> [schema] DB 스키마 버전 4 적용
[2026-09-26 18:37:47,316][INFO|duplicate_group_service.py-_log_info:53] >> [duplicate] payload exact 중복군 0개, 멤버 0건 재생성
[2026-09-26 18:37:47,368][INFO|_client.py-_send_single_request:1025] >> HTTP Request: GET http://testserver/settings/community/rebuild "HTTP/1.1 200 OK"
[2026-09-26 18:37:47,393][INFO|_client.py-_send_single_request:1025] >> HTTP Request: POST http://testserver/settings/community/rebuild/start "HTTP/1.1 200 OK"
[2026-09-26 18:37:47,399][INFO|_client.py-_send_single_request:1025] >> HTTP Request: POST http://testserver/settings/community/rebuild/pause "HTTP/1.1 200 OK"
[2026-09-26 18:37:47,406][INFO|_client.py-_send_single_request:1025] >> HTTP Request: POST http://testserver/settings/community/rebuild/resume "HTTP/1.1 200 OK"
[2026-09-26 18:37:47,409][INFO|_client.py-_send_single_request:1025] >> HTTP Request: POST http://testserver/settings/community/rebuild/start "HTTP/1.1 400 Bad Request"
.[2026-09-26 18:37:47,486][INFO|community_schedule.py-catch_up_on_start:187] >> [community] midnight catch-up: succeeded
.[2026-09-26 18:37:47,542][INFO|base.py-add_job:454] >> Adding job tentatively -- it will be properly scheduled when the scheduler starts
[2026-09-26 18:37:47,543][INFO|base.py-add_job:454] >> Adding job tentatively -- it will be properly scheduled when the scheduler starts
[2026-09-26 18:37:47,543][INFO|base.py-remove_job:641] >> Removed job community-midnight-upload
[2026-09-26 18:37:47,543][INFO|base.py-remove_job:641] >> Removed job community-gate-poll
[2026-09-26 18:37:47,543][INFO|base.py-add_job:454] >> Adding job tentatively -- it will be properly scheduled when the scheduler starts
[2026-09-26 18:37:47,543][INFO|base.py-add_job:454] >> Adding job tentatively -- it will be properly scheduled when the scheduler starts
............[2026-09-26 18:37:47,724][INFO|database.py-upgrade_schema:285] >> 테이블 'admin_users' 생성 중...
[2026-09-26 18:37:47,733][INFO|database.py-upgrade_schema:285] >> 테이블 'api_keys' 생성 중...
[2026-09-26 18:37:47,738][INFO|database.py-upgrade_schema:285] >> 테이블 'mysafety' 생성 중...
[2026-09-26 18:37:47,741][INFO|database.py-upgrade_schema:285] >> 테이블 'mysafety_change_cursor' 생성 중...
[2026-09-26 18:37:47,744][INFO|database.py-upgrade_schema:285] >> 테이블 'mysafety_change_log' 생성 중...
[2026-09-26 18:37:47,751][INFO|database.py-upgrade_schema:285] >> 테이블 'mysafety_duplicate_decision' 생성 중...
[2026-09-26 18:37:47,754][INFO|database.py-upgrade_schema:285] >> 테이블 'mysafety_duplicate_group' 생성 중...
[2026-09-26 18:37:47,757][INFO|database.py-upgrade_schema:285] >> 테이블 'mysafety_duplicate_member' 생성 중...
[2026-09-26 18:37:47,763][INFO|database.py-upgrade_schema:285] >> 테이블 'mysafety_entry_value' 생성 중...
[2026-09-26 18:37:47,767][INFO|database.py-upgrade_schema:285] >> 테이블 'mysafety_geocode_cache' 생성 중...
[2026-09-26 18:37:47,769][INFO|database.py-upgrade_schema:285] >> 테이블 'mysafety_raw_content' 생성 중...
[2026-09-26 18:37:47,771][INFO|database.py-upgrade_schema:285] >> 테이블 'mysafety_report_override' 생성 중...
[2026-09-26 18:37:47,774][INFO|database.py-upgrade_schema:285] >> 테이블 'mysafety_sync_meta' 생성 중...
[2026-09-26 18:37:47,777][INFO|database.py-upgrade_schema:285] >> 테이블 'mysafety_watchlist' 생성 중...
[2026-09-26 18:37:47,779][INFO|database.py-upgrade_schema:285] >> 테이블 'mysafetydetail_other' 생성 중...
[2026-09-26 18:37:47,781][INFO|database.py-upgrade_schema:285] >> 테이블 'mysafetydetail_parking' 생성 중...
[2026-09-26 18:37:47,787][INFO|database.py-upgrade_schema:285] >> 테이블 'mysafetydetail_traffic' 생성 중...
[2026-09-26 18:37:47,789][INFO|database.py-upgrade_schema:285] >> 테이블 'mysafetymerge_other' 생성 중...
[2026-09-26 18:37:47,791][INFO|database.py-upgrade_schema:285] >> 테이블 'mysafetymerge_parking' 생성 중...
[2026-09-26 18:37:47,801][INFO|database.py-upgrade_schema:285] >> 테이블 'mysafetymerge_traffic' 생성 중...
[2026-09-26 18:37:47,806][INFO|database.py-_apply_versioned_migrations:452] >> [schema] DB 스키마 버전 1 적용
[2026-09-26 18:37:47,810][INFO|database.py-_apply_versioned_migrations:452] >> [schema] DB 스키마 버전 2 적용
[2026-09-26 18:37:47,816][INFO|database.py-_apply_versioned_migrations:452] >> [schema] DB 스키마 버전 3 적용
[2026-09-26 18:37:47,829][INFO|database.py-_apply_versioned_migrations:452] >> [schema] DB 스키마 버전 4 적용
/home/better0101/projects/safetyreport/.venv/lib/python3.14/site-packages/sqlalchemy/sql/base.py:338: ResourceWarning: unclosed database in <sqlite3.Connection object at 0x7f86687d2a70>
  def _de_clone(
ResourceWarning: Enable tracemalloc to get the object allocation traceback
/home/better0101/projects/safetyreport/.venv/lib/python3.14/site-packages/sqlalchemy/sql/base.py:338: ResourceWarning: unclosed database in <sqlite3.Connection object at 0x7f86687d26b0>
  def _de_clone(
ResourceWarning: Enable tracemalloc to get the object allocation traceback
/home/better0101/projects/safetyreport/.venv/lib/python3.14/site-packages/sqlalchemy/sql/base.py:338: ResourceWarning: unclosed database in <sqlite3.Connection object at 0x7f866832ca90>
  def _de_clone(
ResourceWarning: Enable tracemalloc to get the object allocation traceback
/home/better0101/projects/safetyreport/.venv/lib/python3.14/site-packages/sqlalchemy/sql/base.py:338: ResourceWarning: unclosed database in <sqlite3.Connection object at 0x7f866832cf40>
  def _de_clone(
ResourceWarning: Enable tracemalloc to get the object allocation traceback
[2026-09-26 18:37:47,860][INFO|duplicate_group_service.py-_log_info:53] >> [duplicate] payload exact 중복군 0개, 멤버 0건 재생성
[2026-09-26 18:37:47,901][INFO|database.py-backfill_synced_at:100] >> [migration] mysafetydetail_traffic synced_at 백필: 12건, 미해결 0건
[2026-09-26 18:37:47,905][INFO|database.py-backfill_synced_at:100] >> [migration] mysafetydetail_parking synced_at 백필: 6건, 미해결 0건
[2026-09-26 18:37:47,908][INFO|database.py-backfill_synced_at:100] >> [migration] mysafetydetail_other synced_at 백필: 6건, 미해결 0건
[2026-09-26 18:37:47,910][INFO|database.py-backfill_synced_at:105] >> [migration] synced_at 백필 완료: 총 24건 갱신, merge 재생성 시작
[2026-09-26 18:37:47,923][INFO|database.py-merge_final:736] >> 최종 데이터 병합 완료 (Traffic/Parking/Other 분리)
[2026-09-26 18:37:47,948][INFO|duplicate_group_service.py-_log_info:53] >> [duplicate] payload exact 중복군 1개, 멤버 2건 재생성
[2026-09-26 18:37:47,958][INFO|database.py-merge_final:736] >> 최종 데이터 병합 완료 (Traffic/Parking/Other 분리)
[2026-09-26 18:37:47,981][INFO|duplicate_group_service.py-_log_info:53] >> [duplicate] payload exact 중복군 1개, 멤버 2건 재생성
[2026-09-26 18:37:48,164][INFO|database.py-_normalize_processing_layers:188] >> [migration] raw/canonical 상태 정규화 완료: 총 5건 갱신
[2026-09-26 18:37:48,180][INFO|database.py-merge_final:736] >> 최종 데이터 병합 완료 (Traffic/Parking/Other 분리)
/home/better0101/projects/safetyreport/.venv/lib/python3.14/site-packages/pandas/core/internals/blocks.py:2216: ResourceWarning: unclosed database in <sqlite3.Connection object at 0x7f86bd87dd50>
  def get_block_type(dtype: DtypeObj) -> type[Block]:
ResourceWarning: Enable tracemalloc to get the object allocation traceback
/home/better0101/projects/safetyreport/.venv/lib/python3.14/site-packages/pandas/core/internals/blocks.py:2216: ResourceWarning: unclosed database in <sqlite3.Connection object at 0x7f868c631990>
  def get_block_type(dtype: DtypeObj) -> type[Block]:
ResourceWarning: Enable tracemalloc to get the object allocation traceback
/home/better0101/projects/safetyreport/.venv/lib/python3.14/site-packages/pandas/core/internals/blocks.py:2216: ResourceWarning: unclosed database in <sqlite3.Connection object at 0x7f868c633010>
  def get_block_type(dtype: DtypeObj) -> type[Block]:
ResourceWarning: Enable tracemalloc to get the object allocation traceback
/home/better0101/projects/safetyreport/.venv/lib/python3.14/site-packages/pandas/core/internals/blocks.py:2216: ResourceWarning: unclosed database in <sqlite3.Connection object at 0x7f86bd8c1d50>
  def get_block_type(dtype: DtypeObj) -> type[Block]:
ResourceWarning: Enable tracemalloc to get the object allocation traceback
/home/better0101/projects/safetyreport/.venv/lib/python3.14/site-packages/pandas/core/internals/blocks.py:2216: ResourceWarning: unclosed database in <sqlite3.Connection object at 0x7f868cfde4d0>
  def get_block_type(dtype: DtypeObj) -> type[Block]:
ResourceWarning: Enable tracemalloc to get the object allocation traceback
/home/better0101/projects/safetyreport/.venv/lib/python3.14/site-packages/pandas/core/internals/blocks.py:2216: ResourceWarning: unclosed database in <sqlite3.Connection object at 0x7f868c4998a0>
  def get_block_type(dtype: DtypeObj) -> type[Block]:
ResourceWarning: Enable tracemalloc to get the object allocation traceback
[2026-09-26 18:37:48,424][INFO|duplicate_group_service.py-_log_info:53] >> [duplicate] payload exact 중복군 1개, 멤버 2건 재생성
[2026-09-26 18:37:48,446][INFO|database.py-merge_final:736] >> 최종 데이터 병합 완료 (Traffic/Parking/Other 분리)
[2026-09-26 18:37:48,459][INFO|duplicate_group_service.py-_log_info:53] >> [duplicate] payload exact 중복군 0개, 멤버 0건 재생성
[2026-09-26 18:37:48,487][INFO|exchange.py-_restore_exclusive:413] >> mobile DB 복원 완료. 백업: /tmp/claude-1000/-home-better0101-projects-safetyreport/aa9d30e6-e7a5-4376-8fce-c9fb26682fbe/scratchpad/tmp.HHcxHGPjoa/backups/data_before_restore_20260926_183748.db, 신고건수: 1
.[2026-09-26 18:37:48,495][INFO|database.py-upgrade_schema:285] >> 테이블 'admin_users' 생성 중...
[2026-09-26 18:37:48,498][INFO|database.py-upgrade_schema:285] >> 테이블 'api_keys' 생성 중...
[2026-09-26 18:37:48,503][INFO|database.py-upgrade_schema:285] >> 테이블 'mysafety' 생성 중...
[2026-09-26 18:37:48,510][INFO|database.py-upgrade_schema:285] >> 테이블 'mysafety_change_cursor' 생성 중...
[2026-09-26 18:37:48,513][INFO|database.py-upgrade_schema:285] >> 테이블 'mysafety_change_log' 생성 중...
[2026-09-26 18:37:48,516][INFO|database.py-upgrade_schema:285] >> 테이블 'mysafety_duplicate_decision' 생성 중...
[2026-09-26 18:37:48,518][INFO|database.py-upgrade_schema:285] >> 테이블 'mysafety_duplicate_group' 생성 중...
[2026-09-26 18:37:48,520][INFO|database.py-upgrade_schema:285] >> 테이블 'mysafety_duplicate_member' 생성 중...
[2026-09-26 18:37:48,523][INFO|database.py-upgrade_schema:285] >> 테이블 'mysafety_entry_value' 생성 중...
[2026-09-26 18:37:48,525][INFO|database.py-upgrade_schema:285] >> 테이블 'mysafety_geocode_cache' 생성 중...
[2026-09-26 18:37:48,528][INFO|database.py-upgrade_schema:285] >> 테이블 'mysafety_raw_content' 생성 중...
[2026-09-26 18:37:48,531][INFO|database.py-upgrade_schema:285] >> 테이블 'mysafety_report_override' 생성 중...
[2026-09-26 18:37:48,534][INFO|database.py-upgrade_schema:285] >> 테이블 'mysafety_sync_meta' 생성 중...
[2026-09-26 18:37:48,537][INFO|database.py-upgrade_schema:285] >> 테이블 'mysafety_watchlist' 생성 중...
[2026-09-26 18:37:48,539][INFO|database.py-upgrade_schema:285] >> 테이블 'mysafetydetail_other' 생성 중...
[2026-09-26 18:37:48,542][INFO|database.py-upgrade_schema:285] >> 테이블 'mysafetydetail_parking' 생성 중...
[2026-09-26 18:37:48,544][INFO|database.py-upgrade_schema:285] >> 테이블 'mysafetydetail_traffic' 생성 중...
[2026-09-26 18:37:48,547][INFO|database.py-upgrade_schema:285] >> 테이블 'mysafetymerge_other' 생성 중...
[2026-09-26 18:37:48,549][INFO|database.py-upgrade_schema:285] >> 테이블 'mysafetymerge_parking' 생성 중...
[2026-09-26 18:37:48,558][INFO|database.py-upgrade_schema:285] >> 테이블 'mysafetymerge_traffic' 생성 중...
[2026-09-26 18:37:48,565][INFO|database.py-_apply_versioned_migrations:452] >> [schema] DB 스키마 버전 1 적용
[2026-09-26 18:37:48,571][INFO|database.py-_apply_versioned_migrations:452] >> [schema] DB 스키마 버전 2 적용
[2026-09-26 18:37:48,574][INFO|database.py-_apply_versioned_migrations:452] >> [schema] DB 스키마 버전 3 적용
[2026-09-26 18:37:48,595][INFO|database.py-_apply_versioned_migrations:452] >> [schema] DB 스키마 버전 4 적용
[2026-09-26 18:37:48,615][INFO|duplicate_group_service.py-_log_info:53] >> [duplicate] payload exact 중복군 0개, 멤버 0건 재생성
[2026-09-26 18:37:48,650][INFO|database.py-backfill_synced_at:100] >> [migration] mysafetydetail_traffic synced_at 백필: 12건, 미해결 0건
[2026-09-26 18:37:48,654][INFO|database.py-backfill_synced_at:100] >> [migration] mysafetydetail_parking synced_at 백필: 6건, 미해결 0건
[2026-09-26 18:37:48,658][INFO|database.py-backfill_synced_at:100] >> [migration] mysafetydetail_other synced_at 백필: 6건, 미해결 0건
[2026-09-26 18:37:48,660][INFO|database.py-backfill_synced_at:105] >> [migration] synced_at 백필 완료: 총 24건 갱신, merge 재생성 시작
[2026-09-26 18:37:48,668][INFO|database.py-merge_final:736] >> 최종 데이터 병합 완료 (Traffic/Parking/Other 분리)
[2026-09-26 18:37:48,702][INFO|duplicate_group_service.py-_log_info:53] >> [duplicate] payload exact 중복군 1개, 멤버 2건 재생성
[2026-09-26 18:37:48,712][INFO|database.py-merge_final:736] >> 최종 데이터 병합 완료 (Traffic/Parking/Other 분리)
[2026-09-26 18:37:48,740][INFO|duplicate_group_service.py-_log_info:53] >> [duplicate] payload exact 중복군 1개, 멤버 2건 재생성
[2026-09-26 18:37:48,959][INFO|database.py-_normalize_processing_layers:188] >> [migration] raw/canonical 상태 정규화 완료: 총 5건 갱신
[2026-09-26 18:37:48,978][INFO|database.py-merge_final:736] >> 최종 데이터 병합 완료 (Traffic/Parking/Other 분리)
[2026-09-26 18:37:49,014][INFO|duplicate_group_service.py-_log_info:53] >> [duplicate] payload exact 중복군 1개, 멤버 2건 재생성
[2026-09-26 18:37:49,040][INFO|database.py-merge_final:736] >> 최종 데이터 병합 완료 (Traffic/Parking/Other 분리)
[2026-09-26 18:37:49,052][INFO|duplicate_group_service.py-_log_info:53] >> [duplicate] payload exact 중복군 0개, 멤버 0건 재생성
.[2026-09-26 18:37:49,073][INFO|scheduler.py-update_jobs:77] >> 스케줄러: 크롤 작업을 제거하고 설정을 초기화했습니다(커뮤니티 작업 유지).
[2026-09-26 18:37:49,073][INFO|scheduler.py-update_jobs:91] >> 스케줄러 업데이트 시작 (모드: cron)
[2026-09-26 18:37:49,074][INFO|base.py-add_job:454] >> Adding job tentatively -- it will be properly scheduled when the scheduler starts
[2026-09-26 18:37:49,074][INFO|scheduler.py-update_jobs:150] >> 스케줄러 등록: 매일 09:00 (ID: cron_09_00, 시스템 시각 기준)
[2026-09-26 18:37:49,074][INFO|base.py-add_job:454] >> Adding job tentatively -- it will be properly scheduled when the scheduler starts
[2026-09-26 18:37:49,074][INFO|scheduler.py-update_jobs:150] >> 스케줄러 등록: 매일 18:30 (ID: cron_18_30, 시스템 시각 기준)
[2026-09-26 18:37:49,074][INFO|base.py-add_job:454] >> Adding job tentatively -- it will be properly scheduled when the scheduler starts
[2026-09-26 18:37:49,074][INFO|base.py-add_job:454] >> Adding job tentatively -- it will be properly scheduled when the scheduler starts
[2026-09-26 18:37:49,074][INFO|scheduler.py-update_jobs:160] >> 현재 활성화된 스케줄러 작업 수: 4개
[2026-09-26 18:37:49,074][INFO|scheduler.py-update_jobs:163] >>  - 작업ID: cron_09_00, 다음 실행예정: None (시스템 시각 기준)
[2026-09-26 18:37:49,075][INFO|scheduler.py-update_jobs:163] >>  - 작업ID: cron_18_30, 다음 실행예정: None (시스템 시각 기준)
[2026-09-26 18:37:49,075][INFO|scheduler.py-update_jobs:163] >>  - 작업ID: community-midnight-upload, 다음 실행예정: None (시스템 시각 기준)
[2026-09-26 18:37:49,075][INFO|scheduler.py-update_jobs:163] >>  - 작업ID: community-gate-poll, 다음 실행예정: None (시스템 시각 기준)
.[2026-09-26 18:37:49,075][INFO|scheduler.py-update_jobs:77] >> 스케줄러: 크롤 작업을 제거하고 설정을 초기화했습니다(커뮤니티 작업 유지).
[2026-09-26 18:37:49,076][INFO|scheduler.py-update_jobs:91] >> 스케줄러 업데이트 시작 (모드: interval)
[2026-09-26 18:37:49,076][INFO|base.py-add_job:454] >> Adding job tentatively -- it will be properly scheduled when the scheduler starts
[2026-09-26 18:37:49,076][INFO|scheduler.py-update_jobs:117] >> 스케줄러: 24시간 간격으로 실행 예약됨. (시작 기준 시각: 00:00)
[2026-09-26 18:37:49,076][INFO|base.py-add_job:454] >> Adding job tentatively -- it will be properly scheduled when the scheduler starts
[2026-09-26 18:37:49,076][INFO|base.py-add_job:454] >> Adding job tentatively -- it will be properly scheduled when the scheduler starts
[2026-09-26 18:37:49,076][INFO|scheduler.py-update_jobs:160] >> 현재 활성화된 스케줄러 작업 수: 3개
[2026-09-26 18:37:49,076][INFO|scheduler.py-update_jobs:163] >>  - 작업ID: crawl_job_interval, 다음 실행예정: None (시스템 시각 기준)
[2026-09-26 18:37:49,076][INFO|scheduler.py-update_jobs:163] >>  - 작업ID: community-midnight-upload, 다음 실행예정: None (시스템 시각 기준)
[2026-09-26 18:37:49,076][INFO|scheduler.py-update_jobs:163] >>  - 작업ID: community-gate-poll, 다음 실행예정: None (시스템 시각 기준)
[2026-09-26 18:37:49,076][INFO|base.py-remove_job:641] >> Removed job crawl_job_interval
[2026-09-26 18:37:49,076][INFO|scheduler.py-update_jobs:77] >> 스케줄러: 크롤 작업을 제거하고 설정을 초기화했습니다(커뮤니티 작업 유지).
[2026-09-26 18:37:49,077][INFO|scheduler.py-update_jobs:86] >> 스케줄러가 비활성화되어 크롤 작업을 제거했습니다(커뮤니티 작업 유지).
[2026-09-26 18:37:49,077][INFO|base.py-add_job:454] >> Adding job tentatively -- it will be properly scheduled when the scheduler starts
[2026-09-26 18:37:49,077][INFO|base.py-add_job:454] >> Adding job tentatively -- it will be properly scheduled when the scheduler starts
.[2026-09-26 18:37:49,077][INFO|scheduler.py-update_jobs:77] >> 스케줄러: 크롤 작업을 제거하고 설정을 초기화했습니다(커뮤니티 작업 유지).
[2026-09-26 18:37:49,078][INFO|scheduler.py-update_jobs:91] >> 스케줄러 업데이트 시작 (모드: interval)
[2026-09-26 18:37:49,078][INFO|base.py-add_job:454] >> Adding job tentatively -- it will be properly scheduled when the scheduler starts
[2026-09-26 18:37:49,078][INFO|scheduler.py-update_jobs:117] >> 스케줄러: 24시간 간격으로 실행 예약됨. (시작 기준 시각: 00:00)
[2026-09-26 18:37:49,078][INFO|base.py-add_job:454] >> Adding job tentatively -- it will be properly scheduled when the scheduler starts
[2026-09-26 18:37:49,078][INFO|base.py-add_job:454] >> Adding job tentatively -- it will be properly scheduled when the scheduler starts
[2026-09-26 18:37:49,078][INFO|scheduler.py-update_jobs:160] >> 현재 활성화된 스케줄러 작업 수: 3개
[2026-09-26 18:37:49,078][INFO|scheduler.py-update_jobs:163] >>  - 작업ID: crawl_job_interval, 다음 실행예정: None (시스템 시각 기준)
[2026-09-26 18:37:49,078][INFO|scheduler.py-update_jobs:163] >>  - 작업ID: community-midnight-upload, 다음 실행예정: None (시스템 시각 기준)
[2026-09-26 18:37:49,078][INFO|scheduler.py-update_jobs:163] >>  - 작업ID: community-gate-poll, 다음 실행예정: None (시스템 시각 기준)
[2026-09-26 18:37:49,078][INFO|base.py-add_job:454] >> Adding job tentatively -- it will be properly scheduled when the scheduler starts
[2026-09-26 18:37:49,078][INFO|base.py-remove_job:641] >> Removed job crawl_job_interval
[2026-09-26 18:37:49,078][INFO|scheduler.py-update_jobs:77] >> 스케줄러: 크롤 작업을 제거하고 설정을 초기화했습니다(커뮤니티 작업 유지).
[2026-09-26 18:37:49,078][INFO|scheduler.py-update_jobs:91] >> 스케줄러 업데이트 시작 (모드: interval)
[2026-09-26 18:37:49,079][INFO|base.py-add_job:454] >> Adding job tentatively -- it will be properly scheduled when the scheduler starts
[2026-09-26 18:37:49,079][INFO|scheduler.py-update_jobs:117] >> 스케줄러: 24시간 간격으로 실행 예약됨. (시작 기준 시각: 00:00)
[2026-09-26 18:37:49,079][INFO|base.py-add_job:454] >> Adding job tentatively -- it will be properly scheduled when the scheduler starts
[2026-09-26 18:37:49,079][INFO|base.py-add_job:454] >> Adding job tentatively -- it will be properly scheduled when the scheduler starts
[2026-09-26 18:37:49,079][INFO|scheduler.py-update_jobs:160] >> 현재 활성화된 스케줄러 작업 수: 6개
[2026-09-26 18:37:49,079][INFO|scheduler.py-update_jobs:163] >>  - 작업ID: community-midnight-upload, 다음 실행예정: None (시스템 시각 기준)
[2026-09-26 18:37:49,079][INFO|scheduler.py-update_jobs:163] >>  - 작업ID: community-gate-poll, 다음 실행예정: None (시스템 시각 기준)
[2026-09-26 18:37:49,079][INFO|scheduler.py-update_jobs:163] >>  - 작업ID: other-owner, 다음 실행예정: None (시스템 시각 기준)
[2026-09-26 18:37:49,079][INFO|scheduler.py-update_jobs:163] >>  - 작업ID: crawl_job_interval, 다음 실행예정: None (시스템 시각 기준)
[2026-09-26 18:37:49,079][INFO|scheduler.py-update_jobs:163] >>  - 작업ID: community-midnight-upload, 다음 실행예정: None (시스템 시각 기준)
[2026-09-26 18:37:49,079][INFO|scheduler.py-update_jobs:163] >>  - 작업ID: community-gate-poll, 다음 실행예정: None (시스템 시각 기준)
.[2026-09-26 18:37:49,079][WARNING|scheduler.py-run_crawler:21] >> 스케줄러: 커뮤니티 게이트 미충족. 건너뜁니다.
....[2026-09-26 18:37:49,088][INFO|database.py-upgrade_schema:285] >> 테이블 'admin_users' 생성 중...
[2026-09-26 18:37:49,091][INFO|database.py-upgrade_schema:285] >> 테이블 'api_keys' 생성 중...
[2026-09-26 18:37:49,093][INFO|database.py-upgrade_schema:285] >> 테이블 'mysafety' 생성 중...
[2026-09-26 18:37:49,098][INFO|database.py-upgrade_schema:285] >> 테이블 'mysafety_change_cursor' 생성 중...
[2026-09-26 18:37:49,099][INFO|database.py-upgrade_schema:285] >> 테이블 'mysafety_change_log' 생성 중...
[2026-09-26 18:37:49,106][INFO|database.py-upgrade_schema:285] >> 테이블 'mysafety_duplicate_decision' 생성 중...
[2026-09-26 18:37:49,110][INFO|database.py-upgrade_schema:285] >> 테이블 'mysafety_duplicate_group' 생성 중...
[2026-09-26 18:37:49,113][INFO|database.py-upgrade_schema:285] >> 테이블 'mysafety_duplicate_member' 생성 중...
[2026-09-26 18:37:49,114][INFO|database.py-upgrade_schema:285] >> 테이블 'mysafety_entry_value' 생성 중...
[2026-09-26 18:37:49,116][INFO|database.py-upgrade_schema:285] >> 테이블 'mysafety_geocode_cache' 생성 중...
[2026-09-26 18:37:49,118][INFO|database.py-upgrade_schema:285] >> 테이블 'mysafety_raw_content' 생성 중...
[2026-09-26 18:37:49,120][INFO|database.py-upgrade_schema:285] >> 테이블 'mysafety_report_override' 생성 중...
[2026-09-26 18:37:49,123][INFO|database.py-upgrade_schema:285] >> 테이블 'mysafety_sync_meta' 생성 중...
[2026-09-26 18:37:49,125][INFO|database.py-upgrade_schema:285] >> 테이블 'mysafety_watchlist' 생성 중...
[2026-09-26 18:37:49,127][INFO|database.py-upgrade_schema:285] >> 테이블 'mysafetydetail_other' 생성 중...
[2026-09-26 18:37:49,130][INFO|database.py-upgrade_schema:285] >> 테이블 'mysafetydetail_parking' 생성 중...
[2026-09-26 18:37:49,132][INFO|database.py-upgrade_schema:285] >> 테이블 'mysafetydetail_traffic' 생성 중...
[2026-09-26 18:37:49,134][INFO|database.py-upgrade_schema:285] >> 테이블 'mysafetymerge_other' 생성 중...
[2026-09-26 18:37:49,137][INFO|database.py-upgrade_schema:285] >> 테이블 'mysafetymerge_parking' 생성 중...
[2026-09-26 18:37:49,140][INFO|database.py-upgrade_schema:285] >> 테이블 'mysafetymerge_traffic' 생성 중...
[2026-09-26 18:37:49,144][INFO|database.py-_apply_versioned_migrations:452] >> [schema] DB 스키마 버전 1 적용
[2026-09-26 18:37:49,151][INFO|database.py-_apply_versioned_migrations:452] >> [schema] DB 스키마 버전 2 적용
[2026-09-26 18:37:49,154][INFO|database.py-_apply_versioned_migrations:452] >> [schema] DB 스키마 버전 3 적용
[2026-09-26 18:37:49,181][INFO|database.py-_apply_versioned_migrations:452] >> [schema] DB 스키마 버전 4 적용
[2026-09-26 18:37:49,212][INFO|duplicate_group_service.py-_log_info:53] >> [duplicate] payload exact 중복군 0개, 멤버 0건 재생성
[2026-09-26 18:37:49,223][INFO|database.py-_get_title_ids_for_scan:455] >> 전체 신고 건을 다시 스캔합니다.
[2026-09-26 18:37:49,224][INFO|database.py-get_pending_detail_ids:618] >> 스캔대상 ID 총 10건
.[2026-09-26 18:37:49,235][INFO|database.py-upgrade_schema:285] >> 테이블 'admin_users' 생성 중...
[2026-09-26 18:37:49,240][INFO|database.py-upgrade_schema:285] >> 테이블 'api_keys' 생성 중...
[2026-09-26 18:37:49,242][INFO|database.py-upgrade_schema:285] >> 테이블 'mysafety' 생성 중...
[2026-09-26 18:37:49,249][INFO|database.py-upgrade_schema:285] >> 테이블 'mysafety_change_cursor' 생성 중...
[2026-09-26 18:37:49,251][INFO|database.py-upgrade_schema:285] >> 테이블 'mysafety_change_log' 생성 중...
[2026-09-26 18:37:49,255][INFO|database.py-upgrade_schema:285] >> 테이블 'mysafety_duplicate_decision' 생성 중...
[2026-09-26 18:37:49,257][INFO|database.py-upgrade_schema:285] >> 테이블 'mysafety_duplicate_group' 생성 중...
[2026-09-26 18:37:49,258][INFO|database.py-upgrade_schema:285] >> 테이블 'mysafety_duplicate_member' 생성 중...
[2026-09-26 18:37:49,260][INFO|database.py-upgrade_schema:285] >> 테이블 'mysafety_entry_value' 생성 중...
[2026-09-26 18:37:49,261][INFO|database.py-upgrade_schema:285] >> 테이블 'mysafety_geocode_cache' 생성 중...
[2026-09-26 18:37:49,265][INFO|database.py-upgrade_schema:285] >> 테이블 'mysafety_raw_content' 생성 중...
[2026-09-26 18:37:49,268][INFO|database.py-upgrade_schema:285] >> 테이블 'mysafety_report_override' 생성 중...
[2026-09-26 18:37:49,270][INFO|database.py-upgrade_schema:285] >> 테이블 'mysafety_sync_meta' 생성 중...
[2026-09-26 18:37:49,274][INFO|database.py-upgrade_schema:285] >> 테이블 'mysafety_watchlist' 생성 중...
[2026-09-26 18:37:49,276][INFO|database.py-upgrade_schema:285] >> 테이블 'mysafetydetail_other' 생성 중...
[2026-09-26 18:37:49,286][INFO|database.py-upgrade_schema:285] >> 테이블 'mysafetydetail_parking' 생성 중...
[2026-09-26 18:37:49,289][INFO|database.py-upgrade_schema:285] >> 테이블 'mysafetydetail_traffic' 생성 중...
[2026-09-26 18:37:49,291][INFO|database.py-upgrade_schema:285] >> 테이블 'mysafetymerge_other' 생성 중...
[2026-09-26 18:37:49,294][INFO|database.py-upgrade_schema:285] >> 테이블 'mysafetymerge_parking' 생성 중...
[2026-09-26 18:37:49,296][INFO|database.py-upgrade_schema:285] >> 테이블 'mysafetymerge_traffic' 생성 중...
[2026-09-26 18:37:49,300][INFO|database.py-_apply_versioned_migrations:452] >> [schema] DB 스키마 버전 1 적용
[2026-09-26 18:37:49,305][INFO|database.py-_apply_versioned_migrations:452] >> [schema] DB 스키마 버전 2 적용
[2026-09-26 18:37:49,307][INFO|database.py-_apply_versioned_migrations:452] >> [schema] DB 스키마 버전 3 적용
[2026-09-26 18:37:49,334][INFO|database.py-_apply_versioned_migrations:452] >> [schema] DB 스키마 버전 4 적용
[2026-09-26 18:37:49,360][INFO|duplicate_group_service.py-_log_info:53] >> [duplicate] payload exact 중복군 0개, 멤버 0건 재생성
[2026-09-26 18:37:49,375][INFO|database.py-_get_new_and_incomplete_ids:460] >> 신규, 미종결 신고 건 스캔 시작
[2026-09-26 18:37:49,384][INFO|database.py-get_pending_detail_ids:618] >> 스캔대상 ID 총 8건
................./usr/lib/python3.14/unittest/mock.py:504: ResourceWarning: unclosed database in <sqlite3.Connection object at 0x7f868d0427a0>
  _safe_super(NonCallableMock, self).__init__(
ResourceWarning: Enable tracemalloc to get the object allocation traceback
............/usr/lib/python3.14/unittest/mock.py:2259: ResourceWarning: unclosed database in <sqlite3.Connection object at 0x7f868c2a8130>
  def __init__(self, name, parent):
ResourceWarning: Enable tracemalloc to get the object allocation traceback
............/usr/lib/python3.14/unittest/mock.py:806: ResourceWarning: unclosed database in <sqlite3.Connection object at 0x7f868d7356c0>
  def __setattr__(self, name, value):
ResourceWarning: Enable tracemalloc to get the object allocation traceback
........./usr/lib/python3.14/unittest/mock.py:2259: ResourceWarning: unclosed database in <sqlite3.Connection object at 0x7f868c2abd30>
  def __init__(self, name, parent):
ResourceWarning: Enable tracemalloc to get the object allocation traceback
......................[2026-09-26 18:37:55,568][WARNING|runtime_mode.py-block_if_fixture:47] >> [fixture] blocked: crawl subprocess
.[2026-09-26 18:37:55,569][WARNING|runtime_mode.py-block_if_fixture:47] >> [fixture] blocked: safetyreport direct login
[2026-09-26 18:37:55,569][INFO|runtime_mode.py-skip_in_fixture:57] >> [fixture] skipped: direct_login keep-alive
.[2026-09-26 18:37:55,580][INFO|database.py-upgrade_schema:285] >> 테이블 'admin_users' 생성 중...
[2026-09-26 18:37:55,584][INFO|database.py-upgrade_schema:285] >> 테이블 'api_keys' 생성 중...
[2026-09-26 18:37:55,586][INFO|database.py-upgrade_schema:285] >> 테이블 'mysafety' 생성 중...
[2026-09-26 18:37:55,587][INFO|database.py-upgrade_schema:285] >> 테이블 'mysafety_change_cursor' 생성 중...
[2026-09-26 18:37:55,589][INFO|database.py-upgrade_schema:285] >> 테이블 'mysafety_change_log' 생성 중...
[2026-09-26 18:37:55,590][INFO|database.py-upgrade_schema:285] >> 테이블 'mysafety_duplicate_decision' 생성 중...
[2026-09-26 18:37:55,592][INFO|database.py-upgrade_schema:285] >> 테이블 'mysafety_duplicate_group' 생성 중...
[2026-09-26 18:37:55,594][INFO|database.py-upgrade_schema:285] >> 테이블 'mysafety_duplicate_member' 생성 중...
[2026-09-26 18:37:55,596][INFO|database.py-upgrade_schema:285] >> 테이블 'mysafety_entry_value' 생성 중...
[2026-09-26 18:37:55,598][INFO|database.py-upgrade_schema:285] >> 테이블 'mysafety_geocode_cache' 생성 중...
[2026-09-26 18:37:55,600][INFO|database.py-upgrade_schema:285] >> 테이블 'mysafety_raw_content' 생성 중...
[2026-09-26 18:37:55,602][INFO|database.py-upgrade_schema:285] >> 테이블 'mysafety_report_override' 생성 중...
[2026-09-26 18:37:55,604][INFO|database.py-upgrade_schema:285] >> 테이블 'mysafety_sync_meta' 생성 중...
[2026-09-26 18:37:55,606][INFO|database.py-upgrade_schema:285] >> 테이블 'mysafety_watchlist' 생성 중...
[2026-09-26 18:37:55,607][INFO|database.py-upgrade_schema:285] >> 테이블 'mysafetydetail_other' 생성 중...
[2026-09-26 18:37:55,610][INFO|database.py-upgrade_schema:285] >> 테이블 'mysafetydetail_parking' 생성 중...
[2026-09-26 18:37:55,612][INFO|database.py-upgrade_schema:285] >> 테이블 'mysafetydetail_traffic' 생성 중...
[2026-09-26 18:37:55,615][INFO|database.py-upgrade_schema:285] >> 테이블 'mysafetymerge_other' 생성 중...
[2026-09-26 18:37:55,617][INFO|database.py-upgrade_schema:285] >> 테이블 'mysafetymerge_parking' 생성 중...
[2026-09-26 18:37:55,620][INFO|database.py-upgrade_schema:285] >> 테이블 'mysafetymerge_traffic' 생성 중...
[2026-09-26 18:37:55,626][INFO|database.py-_apply_versioned_migrations:452] >> [schema] DB 스키마 버전 1 적용
[2026-09-26 18:37:55,641][INFO|database.py-_apply_versioned_migrations:452] >> [schema] DB 스키마 버전 2 적용
[2026-09-26 18:37:55,644][INFO|database.py-_apply_versioned_migrations:452] >> [schema] DB 스키마 버전 3 적용
[2026-09-26 18:37:55,657][INFO|database.py-_apply_versioned_migrations:452] >> [schema] DB 스키마 버전 4 적용
[2026-09-26 18:37:55,683][INFO|duplicate_group_service.py-_log_info:53] >> [duplicate] payload exact 중복군 0개, 멤버 0건 재생성
[2026-09-26 18:37:55,686][WARNING|runtime_mode.py-block_if_fixture:47] >> [fixture] blocked: kakao geocode request
.[2026-09-26 18:37:55,692][WARNING|runtime_mode.py-block_if_fixture:47] >> [fixture] blocked: media upstream download
..[2026-09-26 18:37:55,694][WARNING|runtime_mode.py-block_if_fixture:47] >> [fixture] blocked: star rating batch
.[2026-09-26 18:37:55,695][WARNING|runtime_mode.py-block_if_fixture:47] >> [fixture] blocked: sunwi statistics fetch
[2026-09-26 18:37:55,695][INFO|runtime_mode.py-skip_in_fixture:57] >> [fixture] skipped: sunwi background refresh
.[2026-09-26 18:37:55,696][WARNING|runtime_mode.py-block_if_fixture:47] >> [fixture] blocked: github release request
.[2026-09-26 18:37:55,697][WARNING|runtime_mode.py-block_if_fixture:47] >> [fixture] blocked: x
....[2026-09-26 18:37:55,707][INFO|database.py-upgrade_schema:285] >> 테이블 'admin_users' 생성 중...
[2026-09-26 18:37:55,716][INFO|database.py-upgrade_schema:285] >> 테이블 'api_keys' 생성 중...
[2026-09-26 18:37:55,719][INFO|database.py-upgrade_schema:285] >> 테이블 'mysafety' 생성 중...
[2026-09-26 18:37:55,720][INFO|database.py-upgrade_schema:285] >> 테이블 'mysafety_change_cursor' 생성 중...
[2026-09-26 18:37:55,722][INFO|database.py-upgrade_schema:285] >> 테이블 'mysafety_change_log' 생성 중...
[2026-09-26 18:37:55,723][INFO|database.py-upgrade_schema:285] >> 테이블 'mysafety_duplicate_decision' 생성 중...
[2026-09-26 18:37:55,725][INFO|database.py-upgrade_schema:285] >> 테이블 'mysafety_duplicate_group' 생성 중...
[2026-09-26 18:37:55,727][INFO|database.py-upgrade_schema:285] >> 테이블 'mysafety_duplicate_member' 생성 중...
[2026-09-26 18:37:55,729][INFO|database.py-upgrade_schema:285] >> 테이블 'mysafety_entry_value' 생성 중...
[2026-09-26 18:37:55,731][INFO|database.py-upgrade_schema:285] >> 테이블 'mysafety_geocode_cache' 생성 중...
[2026-09-26 18:37:55,732][INFO|database.py-upgrade_schema:285] >> 테이블 'mysafety_raw_content' 생성 중...
[2026-09-26 18:37:55,734][INFO|database.py-upgrade_schema:285] >> 테이블 'mysafety_report_override' 생성 중...
[2026-09-26 18:37:55,736][INFO|database.py-upgrade_schema:285] >> 테이블 'mysafety_sync_meta' 생성 중...
[2026-09-26 18:37:55,741][INFO|database.py-upgrade_schema:285] >> 테이블 'mysafety_watchlist' 생성 중...
[2026-09-26 18:37:55,743][INFO|database.py-upgrade_schema:285] >> 테이블 'mysafetydetail_other' 생성 중...
[2026-09-26 18:37:55,749][INFO|database.py-upgrade_schema:285] >> 테이블 'mysafetydetail_parking' 생성 중...
[2026-09-26 18:37:55,752][INFO|database.py-upgrade_schema:285] >> 테이블 'mysafetydetail_traffic' 생성 중...
[2026-09-26 18:37:55,754][INFO|database.py-upgrade_schema:285] >> 테이블 'mysafetymerge_other' 생성 중...
[2026-09-26 18:37:55,756][INFO|database.py-upgrade_schema:285] >> 테이블 'mysafetymerge_parking' 생성 중...
[2026-09-26 18:37:55,758][INFO|database.py-upgrade_schema:285] >> 테이블 'mysafetymerge_traffic' 생성 중...
[2026-09-26 18:37:55,761][INFO|database.py-_apply_versioned_migrations:452] >> [schema] DB 스키마 버전 1 적용
[2026-09-26 18:37:55,768][INFO|database.py-_apply_versioned_migrations:452] >> [schema] DB 스키마 버전 2 적용
[2026-09-26 18:37:55,769][INFO|database.py-_apply_versioned_migrations:452] >> [schema] DB 스키마 버전 3 적용
[2026-09-26 18:37:55,792][INFO|database.py-_apply_versioned_migrations:452] >> [schema] DB 스키마 버전 4 적용
[2026-09-26 18:37:55,821][INFO|duplicate_group_service.py-_log_info:53] >> [duplicate] payload exact 중복군 0개, 멤버 0건 재생성
[2026-09-26 18:37:55,832][INFO|geocode_service.py-ensure_map_backfill_started:782] >> [geocode] 크롤링이 진행 중이라 지도 지오코딩 백필을 대기 상태로 둡니다.
.[2026-09-26 18:37:55,843][INFO|database.py-upgrade_schema:285] >> 테이블 'admin_users' 생성 중...
[2026-09-26 18:37:55,846][INFO|database.py-upgrade_schema:285] >> 테이블 'api_keys' 생성 중...
[2026-09-26 18:37:55,847][INFO|database.py-upgrade_schema:285] >> 테이블 'mysafety' 생성 중...
[2026-09-26 18:37:55,852][INFO|database.py-upgrade_schema:285] >> 테이블 'mysafety_change_cursor' 생성 중...
[2026-09-26 18:37:55,854][INFO|database.py-upgrade_schema:285] >> 테이블 'mysafety_change_log' 생성 중...
[2026-09-26 18:37:55,857][INFO|database.py-upgrade_schema:285] >> 테이블 'mysafety_duplicate_decision' 생성 중...
[2026-09-26 18:37:55,859][INFO|database.py-upgrade_schema:285] >> 테이블 'mysafety_duplicate_group' 생성 중...
[2026-09-26 18:37:55,860][INFO|database.py-upgrade_schema:285] >> 테이블 'mysafety_duplicate_member' 생성 중...
[2026-09-26 18:37:55,863][INFO|database.py-upgrade_schema:285] >> 테이블 'mysafety_entry_value' 생성 중...
[2026-09-26 18:37:55,866][INFO|database.py-upgrade_schema:285] >> 테이블 'mysafety_geocode_cache' 생성 중...
[2026-09-26 18:37:55,869][INFO|database.py-upgrade_schema:285] >> 테이블 'mysafety_raw_content' 생성 중...
[2026-09-26 18:37:55,871][INFO|database.py-upgrade_schema:285] >> 테이블 'mysafety_report_override' 생성 중...
[2026-09-26 18:37:55,873][INFO|database.py-upgrade_schema:285] >> 테이블 'mysafety_sync_meta' 생성 중...
[2026-09-26 18:37:55,874][INFO|database.py-upgrade_schema:285] >> 테이블 'mysafety_watchlist' 생성 중...
[2026-09-26 18:37:55,876][INFO|database.py-upgrade_schema:285] >> 테이블 'mysafetydetail_other' 생성 중...
[2026-09-26 18:37:55,878][INFO|database.py-upgrade_schema:285] >> 테이블 'mysafetydetail_parking' 생성 중...
[2026-09-26 18:37:55,880][INFO|database.py-upgrade_schema:285] >> 테이블 'mysafetydetail_traffic' 생성 중...
[2026-09-26 18:37:55,884][INFO|database.py-upgrade_schema:285] >> 테이블 'mysafetymerge_other' 생성 중...
[2026-09-26 18:37:55,886][INFO|database.py-upgrade_schema:285] >> 테이블 'mysafetymerge_parking' 생성 중...
[2026-09-26 18:37:55,892][INFO|database.py-upgrade_schema:285] >> 테이블 'mysafetymerge_traffic' 생성 중...
[2026-09-26 18:37:55,898][INFO|database.py-_apply_versioned_migrations:452] >> [schema] DB 스키마 버전 1 적용
[2026-09-26 18:37:55,904][INFO|database.py-_apply_versioned_migrations:452] >> [schema] DB 스키마 버전 2 적용
[2026-09-26 18:37:55,907][INFO|database.py-_apply_versioned_migrations:452] >> [schema] DB 스키마 버전 3 적용
[2026-09-26 18:37:55,930][INFO|database.py-_apply_versioned_migrations:452] >> [schema] DB 스키마 버전 4 적용
[2026-09-26 18:37:55,965][INFO|duplicate_group_service.py-_log_info:53] >> [duplicate] payload exact 중복군 0개, 멤버 0건 재생성
.[2026-09-26 18:37:56,035][INFO|database.py-upgrade_schema:285] >> 테이블 'admin_users' 생성 중...
[2026-09-26 18:37:56,045][INFO|database.py-upgrade_schema:285] >> 테이블 'api_keys' 생성 중...
[2026-09-26 18:37:56,047][INFO|database.py-upgrade_schema:285] >> 테이블 'mysafety' 생성 중...
[2026-09-26 18:37:56,049][INFO|database.py-upgrade_schema:285] >> 테이블 'mysafety_change_cursor' 생성 중...
[2026-09-26 18:37:56,050][INFO|database.py-upgrade_schema:285] >> 테이블 'mysafety_change_log' 생성 중...
[2026-09-26 18:37:56,055][INFO|database.py-upgrade_schema:285] >> 테이블 'mysafety_duplicate_decision' 생성 중...
[2026-09-26 18:37:56,062][INFO|database.py-upgrade_schema:285] >> 테이블 'mysafety_duplicate_group' 생성 중...
[2026-09-26 18:37:56,065][INFO|database.py-upgrade_schema:285] >> 테이블 'mysafety_duplicate_member' 생성 중...
[2026-09-26 18:37:56,068][INFO|database.py-upgrade_schema:285] >> 테이블 'mysafety_entry_value' 생성 중...
[2026-09-26 18:37:56,069][INFO|database.py-upgrade_schema:285] >> 테이블 'mysafety_geocode_cache' 생성 중...
[2026-09-26 18:37:56,071][INFO|database.py-upgrade_schema:285] >> 테이블 'mysafety_raw_content' 생성 중...
[2026-09-26 18:37:56,072][INFO|database.py-upgrade_schema:285] >> 테이블 'mysafety_report_override' 생성 중...
[2026-09-26 18:37:56,074][INFO|database.py-upgrade_schema:285] >> 테이블 'mysafety_sync_meta' 생성 중...
[2026-09-26 18:37:56,075][INFO|database.py-upgrade_schema:285] >> 테이블 'mysafety_watchlist' 생성 중...
[2026-09-26 18:37:56,077][INFO|database.py-upgrade_schema:285] >> 테이블 'mysafetydetail_other' 생성 중...
[2026-09-26 18:37:56,078][INFO|database.py-upgrade_schema:285] >> 테이블 'mysafetydetail_parking' 생성 중...
[2026-09-26 18:37:56,080][INFO|database.py-upgrade_schema:285] >> 테이블 'mysafetydetail_traffic' 생성 중...
[2026-09-26 18:37:56,084][INFO|database.py-upgrade_schema:285] >> 테이블 'mysafetymerge_other' 생성 중...
[2026-09-26 18:37:56,087][INFO|database.py-upgrade_schema:285] >> 테이블 'mysafetymerge_parking' 생성 중...
[2026-09-26 18:37:56,090][INFO|database.py-upgrade_schema:285] >> 테이블 'mysafetymerge_traffic' 생성 중...
[2026-09-26 18:37:56,099][INFO|database.py-_apply_versioned_migrations:452] >> [schema] DB 스키마 버전 1 적용
[2026-09-26 18:37:56,112][INFO|database.py-_apply_versioned_migrations:452] >> [schema] DB 스키마 버전 2 적용
[2026-09-26 18:37:56,115][INFO|database.py-_apply_versioned_migrations:452] >> [schema] DB 스키마 버전 3 적용
[2026-09-26 18:37:56,129][INFO|database.py-_apply_versioned_migrations:452] >> [schema] DB 스키마 버전 4 적용
[2026-09-26 18:37:56,161][INFO|duplicate_group_service.py-_log_info:53] >> [duplicate] payload exact 중복군 0개, 멤버 0건 재생성
[2026-09-26 18:37:56,221][INFO|duplicate_group_service.py-_log_info:53] >> [duplicate] payload exact 중복군 0개, 멤버 0건 재생성
[2026-09-26 18:37:56,223][INFO|database.py-detail_to_sql:723] >> 총 1건 detail 저장 완료. (변경/신규: 1건, 실패: 0건)
.[2026-09-26 18:37:56,245][INFO|database.py-upgrade_schema:285] >> 테이블 'admin_users' 생성 중...
[2026-09-26 18:37:56,249][INFO|database.py-upgrade_schema:285] >> 테이블 'api_keys' 생성 중...
[2026-09-26 18:37:56,254][INFO|database.py-upgrade_schema:285] >> 테이블 'mysafety' 생성 중...
[2026-09-26 18:37:56,256][INFO|database.py-upgrade_schema:285] >> 테이블 'mysafety_change_cursor' 생성 중...
[2026-09-26 18:37:56,263][INFO|database.py-upgrade_schema:285] >> 테이블 'mysafety_change_log' 생성 중...
[2026-09-26 18:37:56,266][INFO|database.py-upgrade_schema:285] >> 테이블 'mysafety_duplicate_decision' 생성 중...
[2026-09-26 18:37:56,269][INFO|database.py-upgrade_schema:285] >> 테이블 'mysafety_duplicate_group' 생성 중...
[2026-09-26 18:37:56,270][INFO|database.py-upgrade_schema:285] >> 테이블 'mysafety_duplicate_member' 생성 중...
[2026-09-26 18:37:56,272][INFO|database.py-upgrade_schema:285] >> 테이블 'mysafety_entry_value' 생성 중...
[2026-09-26 18:37:56,274][INFO|database.py-upgrade_schema:285] >> 테이블 'mysafety_geocode_cache' 생성 중...
[2026-09-26 18:37:56,275][INFO|database.py-upgrade_schema:285] >> 테이블 'mysafety_raw_content' 생성 중...
[2026-09-26 18:37:56,277][INFO|database.py-upgrade_schema:285] >> 테이블 'mysafety_report_override' 생성 중...
[2026-09-26 18:37:56,280][INFO|database.py-upgrade_schema:285] >> 테이블 'mysafety_sync_meta' 생성 중...
[2026-09-26 18:37:56,282][INFO|database.py-upgrade_schema:285] >> 테이블 'mysafety_watchlist' 생성 중...
[2026-09-26 18:37:56,284][INFO|database.py-upgrade_schema:285] >> 테이블 'mysafetydetail_other' 생성 중...
[2026-09-26 18:37:56,288][INFO|database.py-upgrade_schema:285] >> 테이블 'mysafetydetail_parking' 생성 중...
[2026-09-26 18:37:56,291][INFO|database.py-upgrade_schema:285] >> 테이블 'mysafetydetail_traffic' 생성 중...
[2026-09-26 18:37:56,292][INFO|database.py-upgrade_schema:285] >> 테이블 'mysafetymerge_other' 생성 중...
[2026-09-26 18:37:56,296][INFO|database.py-upgrade_schema:285] >> 테이블 'mysafetymerge_parking' 생성 중...
[2026-09-26 18:37:56,304][INFO|database.py-upgrade_schema:285] >> 테이블 'mysafetymerge_traffic' 생성 중...
[2026-09-26 18:37:56,309][INFO|database.py-_apply_versioned_migrations:452] >> [schema] DB 스키마 버전 1 적용
[2026-09-26 18:37:56,316][INFO|database.py-_apply_versioned_migrations:452] >> [schema] DB 스키마 버전 2 적용
[2026-09-26 18:37:56,319][INFO|database.py-_apply_versioned_migrations:452] >> [schema] DB 스키마 버전 3 적용
[2026-09-26 18:37:56,331][INFO|database.py-_apply_versioned_migrations:452] >> [schema] DB 스키마 버전 4 적용
[2026-09-26 18:37:56,363][INFO|duplicate_group_service.py-_log_info:53] >> [duplicate] payload exact 중복군 0개, 멤버 0건 재생성
.[2026-09-26 18:37:56,422][INFO|database.py-upgrade_schema:285] >> 테이블 'admin_users' 생성 중...
[2026-09-26 18:37:56,424][INFO|database.py-upgrade_schema:285] >> 테이블 'api_keys' 생성 중...
[2026-09-26 18:37:56,426][INFO|database.py-upgrade_schema:285] >> 테이블 'mysafety' 생성 중...
[2026-09-26 18:37:56,427][INFO|database.py-upgrade_schema:285] >> 테이블 'mysafety_change_cursor' 생성 중...
[2026-09-26 18:37:56,428][INFO|database.py-upgrade_schema:285] >> 테이블 'mysafety_change_log' 생성 중...
[2026-09-26 18:37:56,430][INFO|database.py-upgrade_schema:285] >> 테이블 'mysafety_duplicate_decision' 생성 중...
[2026-09-26 18:37:56,435][INFO|database.py-upgrade_schema:285] >> 테이블 'mysafety_duplicate_group' 생성 중...
[2026-09-26 18:37:56,437][INFO|database.py-upgrade_schema:285] >> 테이블 'mysafety_duplicate_member' 생성 중...
[2026-09-26 18:37:56,445][INFO|database.py-upgrade_schema:285] >> 테이블 'mysafety_entry_value' 생성 중...
[2026-09-26 18:37:56,447][INFO|database.py-upgrade_schema:285] >> 테이블 'mysafety_geocode_cache' 생성 중...
[2026-09-26 18:37:56,449][INFO|database.py-upgrade_schema:285] >> 테이블 'mysafety_raw_content' 생성 중...
[2026-09-26 18:37:56,452][INFO|database.py-upgrade_schema:285] >> 테이블 'mysafety_report_override' 생성 중...
[2026-09-26 18:37:56,457][INFO|database.py-upgrade_schema:285] >> 테이블 'mysafety_sync_meta' 생성 중...
[2026-09-26 18:37:56,459][INFO|database.py-upgrade_schema:285] >> 테이블 'mysafety_watchlist' 생성 중...
[2026-09-26 18:37:56,467][INFO|database.py-upgrade_schema:285] >> 테이블 'mysafetydetail_other' 생성 중...
[2026-09-26 18:37:56,469][INFO|database.py-upgrade_schema:285] >> 테이블 'mysafetydetail_parking' 생성 중...
[2026-09-26 18:37:56,470][INFO|database.py-upgrade_schema:285] >> 테이블 'mysafetydetail_traffic' 생성 중...
[2026-09-26 18:37:56,472][INFO|database.py-upgrade_schema:285] >> 테이블 'mysafetymerge_other' 생성 중...
[2026-09-26 18:37:56,474][INFO|database.py-upgrade_schema:285] >> 테이블 'mysafetymerge_parking' 생성 중...
[2026-09-26 18:37:56,476][INFO|database.py-upgrade_schema:285] >> 테이블 'mysafetymerge_traffic' 생성 중...
[2026-09-26 18:37:56,479][INFO|database.py-_apply_versioned_migrations:452] >> [schema] DB 스키마 버전 1 적용
[2026-09-26 18:37:56,487][INFO|database.py-_apply_versioned_migrations:452] >> [schema] DB 스키마 버전 2 적용
[2026-09-26 18:37:56,489][INFO|database.py-_apply_versioned_migrations:452] >> [schema] DB 스키마 버전 3 적용
[2026-09-26 18:37:56,520][INFO|database.py-_apply_versioned_migrations:452] >> [schema] DB 스키마 버전 4 적용
[2026-09-26 18:37:56,547][INFO|duplicate_group_service.py-_log_info:53] >> [duplicate] payload exact 중복군 0개, 멤버 0건 재생성
[2026-09-26 18:37:56,564][INFO|geocode_service.py-ensure_map_backfill_started:763] >> [geocode] 카카오 REST API 키가 없어 신규 지도 지오코딩 백필을 시작하지 않습니다.
.[2026-09-26 18:37:56,588][INFO|database.py-upgrade_schema:285] >> 테이블 'admin_users' 생성 중...
[2026-09-26 18:37:56,599][INFO|database.py-upgrade_schema:285] >> 테이블 'api_keys' 생성 중...
[2026-09-26 18:37:56,602][INFO|database.py-upgrade_schema:285] >> 테이블 'mysafety' 생성 중...
[2026-09-26 18:37:56,603][INFO|database.py-upgrade_schema:285] >> 테이블 'mysafety_change_cursor' 생성 중...
[2026-09-26 18:37:56,605][INFO|database.py-upgrade_schema:285] >> 테이블 'mysafety_change_log' 생성 중...
[2026-09-26 18:37:56,606][INFO|database.py-upgrade_schema:285] >> 테이블 'mysafety_duplicate_decision' 생성 중...
[2026-09-26 18:37:56,608][INFO|database.py-upgrade_schema:285] >> 테이블 'mysafety_duplicate_group' 생성 중...
[2026-09-26 18:37:56,610][INFO|database.py-upgrade_schema:285] >> 테이블 'mysafety_duplicate_member' 생성 중...
[2026-09-26 18:37:56,612][INFO|database.py-upgrade_schema:285] >> 테이블 'mysafety_entry_value' 생성 중...
[2026-09-26 18:37:56,614][INFO|database.py-upgrade_schema:285] >> 테이블 'mysafety_geocode_cache' 생성 중...
[2026-09-26 18:37:56,615][INFO|database.py-upgrade_schema:285] >> 테이블 'mysafety_raw_content' 생성 중...
[2026-09-26 18:37:56,617][INFO|database.py-upgrade_schema:285] >> 테이블 'mysafety_report_override' 생성 중...
[2026-09-26 18:37:56,619][INFO|database.py-upgrade_schema:285] >> 테이블 'mysafety_sync_meta' 생성 중...
[2026-09-26 18:37:56,624][INFO|database.py-upgrade_schema:285] >> 테이블 'mysafety_watchlist' 생성 중...
[2026-09-26 18:37:56,627][INFO|database.py-upgrade_schema:285] >> 테이블 'mysafetydetail_other' 생성 중...
[2026-09-26 18:37:56,634][INFO|database.py-upgrade_schema:285] >> 테이블 'mysafetydetail_parking' 생성 중...
[2026-09-26 18:37:56,636][INFO|database.py-upgrade_schema:285] >> 테이블 'mysafetydetail_traffic' 생성 중...
[2026-09-26 18:37:56,638][INFO|database.py-upgrade_schema:285] >> 테이블 'mysafetymerge_other' 생성 중...
[2026-09-26 18:37:56,640][INFO|database.py-upgrade_schema:285] >> 테이블 'mysafetymerge_parking' 생성 중...
[2026-09-26 18:37:56,641][INFO|database.py-upgrade_schema:285] >> 테이블 'mysafetymerge_traffic' 생성 중...
[2026-09-26 18:37:56,645][INFO|database.py-_apply_versioned_migrations:452] >> [schema] DB 스키마 버전 1 적용
[2026-09-26 18:37:56,649][INFO|database.py-_apply_versioned_migrations:452] >> [schema] DB 스키마 버전 2 적용
[2026-09-26 18:37:56,651][INFO|database.py-_apply_versioned_migrations:452] >> [schema] DB 스키마 버전 3 적용
[2026-09-26 18:37:56,674][INFO|database.py-_apply_versioned_migrations:452] >> [schema] DB 스키마 버전 4 적용
[2026-09-26 18:37:56,702][INFO|duplicate_group_service.py-_log_info:53] >> [duplicate] payload exact 중복군 0개, 멤버 0건 재생성
[2026-09-26 18:37:56,708][WARNING|geocode_service.py-get_backfill_progress:250] >> [geocode] 진행 상태 lease 만료로 간주하여 비동기 백필을 중단 처리합니다.
.[2026-09-26 18:37:56,720][INFO|database.py-upgrade_schema:285] >> 테이블 'admin_users' 생성 중...
[2026-09-26 18:37:56,725][INFO|database.py-upgrade_schema:285] >> 테이블 'api_keys' 생성 중...
[2026-09-26 18:37:56,727][INFO|database.py-upgrade_schema:285] >> 테이블 'mysafety' 생성 중...
[2026-09-26 18:37:56,731][INFO|database.py-upgrade_schema:285] >> 테이블 'mysafety_change_cursor' 생성 중...
[2026-09-26 18:37:56,733][INFO|database.py-upgrade_schema:285] >> 테이블 'mysafety_change_log' 생성 중...
[2026-09-26 18:37:56,739][INFO|database.py-upgrade_schema:285] >> 테이블 'mysafety_duplicate_decision' 생성 중...
[2026-09-26 18:37:56,742][INFO|database.py-upgrade_schema:285] >> 테이블 'mysafety_duplicate_group' 생성 중...
[2026-09-26 18:37:56,745][INFO|database.py-upgrade_schema:285] >> 테이블 'mysafety_duplicate_member' 생성 중...
[2026-09-26 18:37:56,746][INFO|database.py-upgrade_schema:285] >> 테이블 'mysafety_entry_value' 생성 중...
[2026-09-26 18:37:56,748][INFO|database.py-upgrade_schema:285] >> 테이블 'mysafety_geocode_cache' 생성 중...
[2026-09-26 18:37:56,750][INFO|database.py-upgrade_schema:285] >> 테이블 'mysafety_raw_content' 생성 중...
[2026-09-26 18:37:56,752][INFO|database.py-upgrade_schema:285] >> 테이블 'mysafety_report_override' 생성 중...
[2026-09-26 18:37:56,754][INFO|database.py-upgrade_schema:285] >> 테이블 'mysafety_sync_meta' 생성 중...
[2026-09-26 18:37:56,756][INFO|database.py-upgrade_schema:285] >> 테이블 'mysafety_watchlist' 생성 중...
[2026-09-26 18:37:56,757][INFO|database.py-upgrade_schema:285] >> 테이블 'mysafetydetail_other' 생성 중...
[2026-09-26 18:37:56,760][INFO|database.py-upgrade_schema:285] >> 테이블 'mysafetydetail_parking' 생성 중...
[2026-09-26 18:37:56,761][INFO|database.py-upgrade_schema:285] >> 테이블 'mysafetydetail_traffic' 생성 중...
[2026-09-26 18:37:56,763][INFO|database.py-upgrade_schema:285] >> 테이블 'mysafetymerge_other' 생성 중...
[2026-09-26 18:37:56,768][INFO|database.py-upgrade_schema:285] >> 테이블 'mysafetymerge_parking' 생성 중...
[2026-09-26 18:37:56,770][INFO|database.py-upgrade_schema:285] >> 테이블 'mysafetymerge_traffic' 생성 중...
[2026-09-26 18:37:56,781][INFO|database.py-_apply_versioned_migrations:452] >> [schema] DB 스키마 버전 1 적용
[2026-09-26 18:37:56,787][INFO|database.py-_apply_versioned_migrations:452] >> [schema] DB 스키마 버전 2 적용
[2026-09-26 18:37:56,789][INFO|database.py-_apply_versioned_migrations:452] >> [schema] DB 스키마 버전 3 적용
[2026-09-26 18:37:56,801][INFO|database.py-_apply_versioned_migrations:452] >> [schema] DB 스키마 버전 4 적용
[2026-09-26 18:37:56,834][INFO|duplicate_group_service.py-_log_info:53] >> [duplicate] payload exact 중복군 0개, 멤버 0건 재생성
[2026-09-26 18:37:56,878][INFO|database.py-backfill_synced_at:100] >> [migration] mysafetydetail_traffic synced_at 백필: 12건, 미해결 0건
[2026-09-26 18:37:56,882][INFO|database.py-backfill_synced_at:100] >> [migration] mysafetydetail_parking synced_at 백필: 6건, 미해결 0건
[2026-09-26 18:37:56,885][INFO|database.py-backfill_synced_at:100] >> [migration] mysafetydetail_other synced_at 백필: 6건, 미해결 0건
[2026-09-26 18:37:56,886][INFO|database.py-backfill_synced_at:105] >> [migration] synced_at 백필 완료: 총 24건 갱신, merge 재생성 시작
[2026-09-26 18:37:56,903][INFO|database.py-merge_final:736] >> 최종 데이터 병합 완료 (Traffic/Parking/Other 분리)
[2026-09-26 18:37:56,931][INFO|duplicate_group_service.py-_log_info:53] >> [duplicate] payload exact 중복군 1개, 멤버 2건 재생성
[2026-09-26 18:37:56,940][INFO|database.py-merge_final:736] >> 최종 데이터 병합 완료 (Traffic/Parking/Other 분리)
[2026-09-26 18:37:56,966][INFO|duplicate_group_service.py-_log_info:53] >> [duplicate] payload exact 중복군 1개, 멤버 2건 재생성
[2026-09-26 18:37:57,117][INFO|maintenance_service.py-repair_car_numbers:135] >> [maintenance] 차량번호 다시 뽑기: 1건
.[2026-09-26 18:37:57,136][INFO|database.py-upgrade_schema:285] >> 테이블 'admin_users' 생성 중...
[2026-09-26 18:37:57,141][INFO|database.py-upgrade_schema:285] >> 테이블 'api_keys' 생성 중...
[2026-09-26 18:37:57,143][INFO|database.py-upgrade_schema:285] >> 테이블 'mysafety' 생성 중...
[2026-09-26 18:37:57,145][INFO|database.py-upgrade_schema:285] >> 테이블 'mysafety_change_cursor' 생성 중...
[2026-09-26 18:37:57,147][INFO|database.py-upgrade_schema:285] >> 테이블 'mysafety_change_log' 생성 중...
[2026-09-26 18:37:57,149][INFO|database.py-upgrade_schema:285] >> 테이블 'mysafety_duplicate_decision' 생성 중...
[2026-09-26 18:37:57,151][INFO|database.py-upgrade_schema:285] >> 테이블 'mysafety_duplicate_group' 생성 중...
[2026-09-26 18:37:57,154][INFO|database.py-upgrade_schema:285] >> 테이블 'mysafety_duplicate_member' 생성 중...
[2026-09-26 18:37:57,156][INFO|database.py-upgrade_schema:285] >> 테이블 'mysafety_entry_value' 생성 중...
[2026-09-26 18:37:57,158][INFO|database.py-upgrade_schema:285] >> 테이블 'mysafety_geocode_cache' 생성 중...
[2026-09-26 18:37:57,160][INFO|database.py-upgrade_schema:285] >> 테이블 'mysafety_raw_content' 생성 중...
[2026-09-26 18:37:57,161][INFO|database.py-upgrade_schema:285] >> 테이블 'mysafety_report_override' 생성 중...
[2026-09-26 18:37:57,162][INFO|database.py-upgrade_schema:285] >> 테이블 'mysafety_sync_meta' 생성 중...
[2026-09-26 18:37:57,164][INFO|database.py-upgrade_schema:285] >> 테이블 'mysafety_watchlist' 생성 중...
[2026-09-26 18:37:57,165][INFO|database.py-upgrade_schema:285] >> 테이블 'mysafetydetail_other' 생성 중...
[2026-09-26 18:37:57,167][INFO|database.py-upgrade_schema:285] >> 테이블 'mysafetydetail_parking' 생성 중...
[2026-09-26 18:37:57,168][INFO|database.py-upgrade_schema:285] >> 테이블 'mysafetydetail_traffic' 생성 중...
[2026-09-26 18:37:57,170][INFO|database.py-upgrade_schema:285] >> 테이블 'mysafetymerge_other' 생성 중...
[2026-09-26 18:37:57,172][INFO|database.py-upgrade_schema:285] >> 테이블 'mysafetymerge_parking' 생성 중...
[2026-09-26 18:37:57,173][INFO|database.py-upgrade_schema:285] >> 테이블 'mysafetymerge_traffic' 생성 중...
[2026-09-26 18:37:57,177][INFO|database.py-_apply_versioned_migrations:452] >> [schema] DB 스키마 버전 1 적용
[2026-09-26 18:37:57,183][INFO|database.py-_apply_versioned_migrations:452] >> [schema] DB 스키마 버전 2 적용
[2026-09-26 18:37:57,185][INFO|database.py-_apply_versioned_migrations:452] >> [schema] DB 스키마 버전 3 적용
[2026-09-26 18:37:57,203][INFO|database.py-_apply_versioned_migrations:452] >> [schema] DB 스키마 버전 4 적용
[2026-09-26 18:37:57,232][INFO|duplicate_group_service.py-_log_info:53] >> [duplicate] payload exact 중복군 0개, 멤버 0건 재생성
[2026-09-26 18:37:57,288][INFO|database.py-backfill_synced_at:100] >> [migration] mysafetydetail_traffic synced_at 백필: 12건, 미해결 0건
[2026-09-26 18:37:57,291][INFO|database.py-backfill_synced_at:100] >> [migration] mysafetydetail_parking synced_at 백필: 6건, 미해결 0건
[2026-09-26 18:37:57,295][INFO|database.py-backfill_synced_at:100] >> [migration] mysafetydetail_other synced_at 백필: 6건, 미해결 0건
[2026-09-26 18:37:57,301][INFO|database.py-backfill_synced_at:105] >> [migration] synced_at 백필 완료: 총 24건 갱신, merge 재생성 시작
[2026-09-26 18:37:57,316][INFO|database.py-merge_final:736] >> 최종 데이터 병합 완료 (Traffic/Parking/Other 분리)
[2026-09-26 18:37:57,342][INFO|duplicate_group_service.py-_log_info:53] >> [duplicate] payload exact 중복군 1개, 멤버 2건 재생성
[2026-09-26 18:37:57,355][INFO|database.py-merge_final:736] >> 최종 데이터 병합 완료 (Traffic/Parking/Other 분리)
[2026-09-26 18:37:57,379][INFO|duplicate_group_service.py-_log_info:53] >> [duplicate] payload exact 중복군 1개, 멤버 2건 재생성
[2026-09-26 18:37:57,539][INFO|maintenance_service.py-start_photo_backfill:95] >> [maintenance] 사진 촬영 시각 한 번 훑기 시작: 3건
[2026-09-26 18:37:57,572][INFO|maintenance_service.py-_run_photo_job:78] >> [maintenance] 사진 촬영 시각 한 번 훑기 끝: 채움 2, 실패 1
[2026-09-26 18:37:57,574][INFO|maintenance_service.py-start_photo_backfill:95] >> [maintenance] 사진 촬영 시각 한 번 훑기 시작: 1건
[2026-09-26 18:37:57,587][INFO|maintenance_service.py-_run_photo_job:78] >> [maintenance] 사진 촬영 시각 한 번 훑기 끝: 채움 1, 실패 0
.[2026-09-26 18:37:57,603][INFO|database.py-upgrade_schema:285] >> 테이블 'admin_users' 생성 중...
[2026-09-26 18:37:57,607][INFO|database.py-upgrade_schema:285] >> 테이블 'api_keys' 생성 중...
[2026-09-26 18:37:57,609][INFO|database.py-upgrade_schema:285] >> 테이블 'mysafety' 생성 중...
[2026-09-26 18:37:57,611][INFO|database.py-upgrade_schema:285] >> 테이블 'mysafety_change_cursor' 생성 중...
[2026-09-26 18:37:57,614][INFO|database.py-upgrade_schema:285] >> 테이블 'mysafety_change_log' 생성 중...
[2026-09-26 18:37:57,616][INFO|database.py-upgrade_schema:285] >> 테이블 'mysafety_duplicate_decision' 생성 중...
[2026-09-26 18:37:57,618][INFO|database.py-upgrade_schema:285] >> 테이블 'mysafety_duplicate_group' 생성 중...
[2026-09-26 18:37:57,620][INFO|database.py-upgrade_schema:285] >> 테이블 'mysafety_duplicate_member' 생성 중...
[2026-09-26 18:37:57,622][INFO|database.py-upgrade_schema:285] >> 테이블 'mysafety_entry_value' 생성 중...
[2026-09-26 18:37:57,627][INFO|database.py-upgrade_schema:285] >> 테이블 'mysafety_geocode_cache' 생성 중...
[2026-09-26 18:37:57,629][INFO|database.py-upgrade_schema:285] >> 테이블 'mysafety_raw_content' 생성 중...
[2026-09-26 18:37:57,630][INFO|database.py-upgrade_schema:285] >> 테이블 'mysafety_report_override' 생성 중...
[2026-09-26 18:37:57,637][INFO|database.py-upgrade_schema:285] >> 테이블 'mysafety_sync_meta' 생성 중...
[2026-09-26 18:37:57,639][INFO|database.py-upgrade_schema:285] >> 테이블 'mysafety_watchlist' 생성 중...
[2026-09-26 18:37:57,641][INFO|database.py-upgrade_schema:285] >> 테이블 'mysafetydetail_other' 생성 중...
[2026-09-26 18:37:57,643][INFO|database.py-upgrade_schema:285] >> 테이블 'mysafetydetail_parking' 생성 중...
[2026-09-26 18:37:57,645][INFO|database.py-upgrade_schema:285] >> 테이블 'mysafetydetail_traffic' 생성 중...
[2026-09-26 18:37:57,647][INFO|database.py-upgrade_schema:285] >> 테이블 'mysafetymerge_other' 생성 중...
[2026-09-26 18:37:57,650][INFO|database.py-upgrade_schema:285] >> 테이블 'mysafetymerge_parking' 생성 중...
[2026-09-26 18:37:57,652][INFO|database.py-upgrade_schema:285] >> 테이블 'mysafetymerge_traffic' 생성 중...
[2026-09-26 18:37:57,656][INFO|database.py-_apply_versioned_migrations:452] >> [schema] DB 스키마 버전 1 적용
[2026-09-26 18:37:57,662][INFO|database.py-_apply_versioned_migrations:452] >> [schema] DB 스키마 버전 2 적용
[2026-09-26 18:37:57,664][INFO|database.py-_apply_versioned_migrations:452] >> [schema] DB 스키마 버전 3 적용
[2026-09-26 18:37:57,684][INFO|database.py-_apply_versioned_migrations:452] >> [schema] DB 스키마 버전 4 적용
[2026-09-26 18:37:57,716][INFO|duplicate_group_service.py-_log_info:53] >> [duplicate] payload exact 중복군 0개, 멤버 0건 재생성
[2026-09-26 18:37:57,757][INFO|database.py-backfill_synced_at:100] >> [migration] mysafetydetail_traffic synced_at 백필: 12건, 미해결 0건
[2026-09-26 18:37:57,761][INFO|database.py-backfill_synced_at:100] >> [migration] mysafetydetail_parking synced_at 백필: 6건, 미해결 0건
[2026-09-26 18:37:57,765][INFO|database.py-backfill_synced_at:100] >> [migration] mysafetydetail_other synced_at 백필: 6건, 미해결 0건
[2026-09-26 18:37:57,768][INFO|database.py-backfill_synced_at:105] >> [migration] synced_at 백필 완료: 총 24건 갱신, merge 재생성 시작
[2026-09-26 18:37:57,785][INFO|database.py-merge_final:736] >> 최종 데이터 병합 완료 (Traffic/Parking/Other 분리)
[2026-09-26 18:37:57,813][INFO|duplicate_group_service.py-_log_info:53] >> [duplicate] payload exact 중복군 1개, 멤버 2건 재생성
[2026-09-26 18:37:57,821][INFO|database.py-merge_final:736] >> 최종 데이터 병합 완료 (Traffic/Parking/Other 분리)
[2026-09-26 18:37:57,849][INFO|duplicate_group_service.py-_log_info:53] >> [duplicate] payload exact 중복군 1개, 멤버 2건 재생성
[2026-09-26 18:37:57,987][INFO|maintenance_service.py-start_photo_backfill:95] >> [maintenance] 사진 촬영 시각 한 번 훑기 시작: 3건
[2026-09-26 18:37:58,045][INFO|maintenance_service.py-_run_photo_job:78] >> [maintenance] 사진 촬영 시각 한 번 훑기 끝: 채움 3, 실패 0
.[2026-09-26 18:37:58,055][INFO|database.py-upgrade_schema:285] >> 테이블 'admin_users' 생성 중...
[2026-09-26 18:37:58,058][INFO|database.py-upgrade_schema:285] >> 테이블 'api_keys' 생성 중...
[2026-09-26 18:37:58,059][INFO|database.py-upgrade_schema:285] >> 테이블 'mysafety' 생성 중...
[2026-09-26 18:37:58,061][INFO|database.py-upgrade_schema:285] >> 테이블 'mysafety_change_cursor' 생성 중...
[2026-09-26 18:37:58,062][INFO|database.py-upgrade_schema:285] >> 테이블 'mysafety_change_log' 생성 중...
[2026-09-26 18:37:58,068][INFO|database.py-upgrade_schema:285] >> 테이블 'mysafety_duplicate_decision' 생성 중...
[2026-09-26 18:37:58,070][INFO|database.py-upgrade_schema:285] >> 테이블 'mysafety_duplicate_group' 생성 중...
[2026-09-26 18:37:58,076][INFO|database.py-upgrade_schema:285] >> 테이블 'mysafety_duplicate_member' 생성 중...
[2026-09-26 18:37:58,079][INFO|database.py-upgrade_schema:285] >> 테이블 'mysafety_entry_value' 생성 중...
[2026-09-26 18:37:58,081][INFO|database.py-upgrade_schema:285] >> 테이블 'mysafety_geocode_cache' 생성 중...
[2026-09-26 18:37:58,083][INFO|database.py-upgrade_schema:285] >> 테이블 'mysafety_raw_content' 생성 중...
[2026-09-26 18:37:58,084][INFO|database.py-upgrade_schema:285] >> 테이블 'mysafety_report_override' 생성 중...
[2026-09-26 18:37:58,085][INFO|database.py-upgrade_schema:285] >> 테이블 'mysafety_sync_meta' 생성 중...
[2026-09-26 18:37:58,087][INFO|database.py-upgrade_schema:285] >> 테이블 'mysafety_watchlist' 생성 중...
[2026-09-26 18:37:58,089][INFO|database.py-upgrade_schema:285] >> 테이블 'mysafetydetail_other' 생성 중...
[2026-09-26 18:37:58,091][INFO|database.py-upgrade_schema:285] >> 테이블 'mysafetydetail_parking' 생성 중...
[2026-09-26 18:37:58,094][INFO|database.py-upgrade_schema:285] >> 테이블 'mysafetydetail_traffic' 생성 중...
[2026-09-26 18:37:58,096][INFO|database.py-upgrade_schema:285] >> 테이블 'mysafetymerge_other' 생성 중...
[2026-09-26 18:37:58,099][INFO|database.py-upgrade_schema:285] >> 테이블 'mysafetymerge_parking' 생성 중...
[2026-09-26 18:37:58,101][INFO|database.py-upgrade_schema:285] >> 테이블 'mysafetymerge_traffic' 생성 중...
[2026-09-26 18:37:58,106][INFO|database.py-_apply_versioned_migrations:452] >> [schema] DB 스키마 버전 1 적용
[2026-09-26 18:37:58,122][INFO|database.py-_apply_versioned_migrations:452] >> [schema] DB 스키마 버전 2 적용
[2026-09-26 18:37:58,126][INFO|database.py-_apply_versioned_migrations:452] >> [schema] DB 스키마 버전 3 적용
[2026-09-26 18:37:58,151][INFO|database.py-_apply_versioned_migrations:452] >> [schema] DB 스키마 버전 4 적용
[2026-09-26 18:37:58,178][INFO|duplicate_group_service.py-_log_info:53] >> [duplicate] payload exact 중복군 0개, 멤버 0건 재생성
[2026-09-26 18:37:58,221][INFO|database.py-backfill_synced_at:100] >> [migration] mysafetydetail_traffic synced_at 백필: 12건, 미해결 0건
[2026-09-26 18:37:58,224][INFO|database.py-backfill_synced_at:100] >> [migration] mysafetydetail_parking synced_at 백필: 6건, 미해결 0건
[2026-09-26 18:37:58,227][INFO|database.py-backfill_synced_at:100] >> [migration] mysafetydetail_other synced_at 백필: 6건, 미해결 0건
[2026-09-26 18:37:58,229][INFO|database.py-backfill_synced_at:105] >> [migration] synced_at 백필 완료: 총 24건 갱신, merge 재생성 시작
[2026-09-26 18:37:58,243][INFO|database.py-merge_final:736] >> 최종 데이터 병합 완료 (Traffic/Parking/Other 분리)
[2026-09-26 18:37:58,285][INFO|duplicate_group_service.py-_log_info:53] >> [duplicate] payload exact 중복군 1개, 멤버 2건 재생성
[2026-09-26 18:37:58,297][INFO|database.py-merge_final:736] >> 최종 데이터 병합 완료 (Traffic/Parking/Other 분리)
[2026-09-26 18:37:58,329][INFO|duplicate_group_service.py-_log_info:53] >> [duplicate] payload exact 중복군 1개, 멤버 2건 재생성
....[2026-09-26 18:37:58,480][WARNING|runtime_mode.py-block_if_fixture:47] >> [fixture] blocked: photo capture fetch
....[2026-09-26 18:37:58,490][INFO|database.py-upgrade_schema:285] >> 테이블 'admin_users' 생성 중...
[2026-09-26 18:37:58,502][INFO|database.py-upgrade_schema:285] >> 테이블 'api_keys' 생성 중...
[2026-09-26 18:37:58,504][INFO|database.py-upgrade_schema:285] >> 테이블 'mysafety' 생성 중...
[2026-09-26 18:37:58,506][INFO|database.py-upgrade_schema:285] >> 테이블 'mysafety_change_cursor' 생성 중...
[2026-09-26 18:37:58,509][INFO|database.py-upgrade_schema:285] >> 테이블 'mysafety_change_log' 생성 중...
[2026-09-26 18:37:58,511][INFO|database.py-upgrade_schema:285] >> 테이블 'mysafety_duplicate_decision' 생성 중...
[2026-09-26 18:37:58,516][INFO|database.py-upgrade_schema:285] >> 테이블 'mysafety_duplicate_group' 생성 중...
[2026-09-26 18:37:58,520][INFO|database.py-upgrade_schema:285] >> 테이블 'mysafety_duplicate_member' 생성 중...
[2026-09-26 18:37:58,522][INFO|database.py-upgrade_schema:285] >> 테이블 'mysafety_entry_value' 생성 중...
[2026-09-26 18:37:58,531][INFO|database.py-upgrade_schema:285] >> 테이블 'mysafety_geocode_cache' 생성 중...
[2026-09-26 18:37:58,535][INFO|database.py-upgrade_schema:285] >> 테이블 'mysafety_raw_content' 생성 중...
[2026-09-26 18:37:58,539][INFO|database.py-upgrade_schema:285] >> 테이블 'mysafety_report_override' 생성 중...
[2026-09-26 18:37:58,541][INFO|database.py-upgrade_schema:285] >> 테이블 'mysafety_sync_meta' 생성 중...
[2026-09-26 18:37:58,542][INFO|database.py-upgrade_schema:285] >> 테이블 'mysafety_watchlist' 생성 중...
[2026-09-26 18:37:58,544][INFO|database.py-upgrade_schema:285] >> 테이블 'mysafetydetail_other' 생성 중...
[2026-09-26 18:37:58,551][INFO|database.py-upgrade_schema:285] >> 테이블 'mysafetydetail_parking' 생성 중...
[2026-09-26 18:37:58,554][INFO|database.py-upgrade_schema:285] >> 테이블 'mysafetydetail_traffic' 생성 중...
[2026-09-26 18:37:58,560][INFO|database.py-upgrade_schema:285] >> 테이블 'mysafetymerge_other' 생성 중...
[2026-09-26 18:37:58,564][INFO|database.py-upgrade_schema:285] >> 테이블 'mysafetymerge_parking' 생성 중...
[2026-09-26 18:37:58,567][INFO|database.py-upgrade_schema:285] >> 테이블 'mysafetymerge_traffic' 생성 중...
[2026-09-26 18:37:58,573][INFO|database.py-_apply_versioned_migrations:452] >> [schema] DB 스키마 버전 1 적용
[2026-09-26 18:37:58,580][INFO|database.py-_apply_versioned_migrations:452] >> [schema] DB 스키마 버전 2 적용
[2026-09-26 18:37:58,583][INFO|database.py-_apply_versioned_migrations:452] >> [schema] DB 스키마 버전 3 적용
[2026-09-26 18:37:58,603][INFO|database.py-_apply_versioned_migrations:452] >> [schema] DB 스키마 버전 4 적용
[2026-09-26 18:37:58,634][INFO|duplicate_group_service.py-_log_info:53] >> [duplicate] payload exact 중복군 0개, 멤버 0건 재생성
[2026-09-26 18:37:58,687][INFO|duplicate_group_service.py-_log_info:53] >> [duplicate] payload exact 중복군 0개, 멤버 0건 재생성
[2026-09-26 18:37:58,692][INFO|database.py-detail_to_sql:723] >> 총 1건 detail 저장 완료. (변경/신규: 1건, 실패: 0건)
[2026-09-26 18:37:58,729][INFO|duplicate_group_service.py-_log_info:53] >> [duplicate] payload exact 중복군 0개, 멤버 0건 재생성
[2026-09-26 18:37:58,732][INFO|database.py-detail_to_sql:723] >> 총 1건 detail 저장 완료. (변경/신규: 0건, 실패: 0건)
.[2026-09-26 18:37:58,753][INFO|database.py-upgrade_schema:285] >> 테이블 'admin_users' 생성 중...
[2026-09-26 18:37:58,767][INFO|database.py-upgrade_schema:285] >> 테이블 'api_keys' 생성 중...
[2026-09-26 18:37:58,770][INFO|database.py-upgrade_schema:285] >> 테이블 'mysafety' 생성 중...
[2026-09-26 18:37:58,773][INFO|database.py-upgrade_schema:285] >> 테이블 'mysafety_change_cursor' 생성 중...
[2026-09-26 18:37:58,776][INFO|database.py-upgrade_schema:285] >> 테이블 'mysafety_change_log' 생성 중...
[2026-09-26 18:37:58,777][INFO|database.py-upgrade_schema:285] >> 테이블 'mysafety_duplicate_decision' 생성 중...
[2026-09-26 18:37:58,783][INFO|database.py-upgrade_schema:285] >> 테이블 'mysafety_duplicate_group' 생성 중...
[2026-09-26 18:37:58,786][INFO|database.py-upgrade_schema:285] >> 테이블 'mysafety_duplicate_member' 생성 중...
[2026-09-26 18:37:58,791][INFO|database.py-upgrade_schema:285] >> 테이블 'mysafety_entry_value' 생성 중...
[2026-09-26 18:37:58,796][INFO|database.py-upgrade_schema:285] >> 테이블 'mysafety_geocode_cache' 생성 중...
[2026-09-26 18:37:58,799][INFO|database.py-upgrade_schema:285] >> 테이블 'mysafety_raw_content' 생성 중...
[2026-09-26 18:37:58,801][INFO|database.py-upgrade_schema:285] >> 테이블 'mysafety_report_override' 생성 중...
[2026-09-26 18:37:58,803][INFO|database.py-upgrade_schema:285] >> 테이블 'mysafety_sync_meta' 생성 중...
[2026-09-26 18:37:58,809][INFO|database.py-upgrade_schema:285] >> 테이블 'mysafety_watchlist' 생성 중...
[2026-09-26 18:37:58,818][INFO|database.py-upgrade_schema:285] >> 테이블 'mysafetydetail_other' 생성 중...
[2026-09-26 18:37:58,822][INFO|database.py-upgrade_schema:285] >> 테이블 'mysafetydetail_parking' 생성 중...
[2026-09-26 18:37:58,824][INFO|database.py-upgrade_schema:285] >> 테이블 'mysafetydetail_traffic' 생성 중...
[2026-09-26 18:37:58,826][INFO|database.py-upgrade_schema:285] >> 테이블 'mysafetymerge_other' 생성 중...
[2026-09-26 18:37:58,828][INFO|database.py-upgrade_schema:285] >> 테이블 'mysafetymerge_parking' 생성 중...
[2026-09-26 18:37:58,830][INFO|database.py-upgrade_schema:285] >> 테이블 'mysafetymerge_traffic' 생성 중...
[2026-09-26 18:37:58,835][INFO|database.py-_apply_versioned_migrations:452] >> [schema] DB 스키마 버전 1 적용
[2026-09-26 18:37:58,844][INFO|database.py-_apply_versioned_migrations:452] >> [schema] DB 스키마 버전 2 적용
[2026-09-26 18:37:58,847][INFO|database.py-_apply_versioned_migrations:452] >> [schema] DB 스키마 버전 3 적용
[2026-09-26 18:37:58,868][INFO|database.py-_apply_versioned_migrations:452] >> [schema] DB 스키마 버전 4 적용
[2026-09-26 18:37:58,902][INFO|duplicate_group_service.py-_log_info:53] >> [duplicate] payload exact 중복군 0개, 멤버 0건 재생성
[2026-09-26 18:37:58,961][INFO|duplicate_group_service.py-_log_info:53] >> [duplicate] payload exact 중복군 0개, 멤버 0건 재생성
[2026-09-26 18:37:58,965][INFO|database.py-detail_to_sql:723] >> 총 1건 detail 저장 완료. (변경/신규: 1건, 실패: 0건)
[2026-09-26 18:37:58,982][INFO|database.py-merge_final:736] >> 최종 데이터 병합 완료 (Traffic/Parking/Other 분리)
[2026-09-26 18:37:58,997][INFO|duplicate_group_service.py-_log_info:53] >> [duplicate] payload exact 중복군 0개, 멤버 0건 재생성
.[2026-09-26 18:37:59,009][INFO|database.py-upgrade_schema:285] >> 테이블 'admin_users' 생성 중...
[2026-09-26 18:37:59,021][INFO|database.py-upgrade_schema:285] >> 테이블 'api_keys' 생성 중...
[2026-09-26 18:37:59,023][INFO|database.py-upgrade_schema:285] >> 테이블 'mysafety' 생성 중...
[2026-09-26 18:37:59,025][INFO|database.py-upgrade_schema:285] >> 테이블 'mysafety_change_cursor' 생성 중...
[2026-09-26 18:37:59,026][INFO|database.py-upgrade_schema:285] >> 테이블 'mysafety_change_log' 생성 중...
[2026-09-26 18:37:59,028][INFO|database.py-upgrade_schema:285] >> 테이블 'mysafety_duplicate_decision' 생성 중...
[2026-09-26 18:37:59,029][INFO|database.py-upgrade_schema:285] >> 테이블 'mysafety_duplicate_group' 생성 중...
[2026-09-26 18:37:59,031][INFO|database.py-upgrade_schema:285] >> 테이블 'mysafety_duplicate_member' 생성 중...
[2026-09-26 18:37:59,034][INFO|database.py-upgrade_schema:285] >> 테이블 'mysafety_entry_value' 생성 중...
[2026-09-26 18:37:59,036][INFO|database.py-upgrade_schema:285] >> 테이블 'mysafety_geocode_cache' 생성 중...
[2026-09-26 18:37:59,038][INFO|database.py-upgrade_schema:285] >> 테이블 'mysafety_raw_content' 생성 중...
[2026-09-26 18:37:59,040][INFO|database.py-upgrade_schema:285] >> 테이블 'mysafety_report_override' 생성 중...
[2026-09-26 18:37:59,042][INFO|database.py-upgrade_schema:285] >> 테이블 'mysafety_sync_meta' 생성 중...
[2026-09-26 18:37:59,045][INFO|database.py-upgrade_schema:285] >> 테이블 'mysafety_watchlist' 생성 중...
[2026-09-26 18:37:59,047][INFO|database.py-upgrade_schema:285] >> 테이블 'mysafetydetail_other' 생성 중...
[2026-09-26 18:37:59,049][INFO|database.py-upgrade_schema:285] >> 테이블 'mysafetydetail_parking' 생성 중...
[2026-09-26 18:37:59,051][INFO|database.py-upgrade_schema:285] >> 테이블 'mysafetydetail_traffic' 생성 중...
[2026-09-26 18:37:59,054][INFO|database.py-upgrade_schema:285] >> 테이블 'mysafetymerge_other' 생성 중...
[2026-09-26 18:37:59,056][INFO|database.py-upgrade_schema:285] >> 테이블 'mysafetymerge_parking' 생성 중...
[2026-09-26 18:37:59,058][INFO|database.py-upgrade_schema:285] >> 테이블 'mysafetymerge_traffic' 생성 중...
[2026-09-26 18:37:59,064][INFO|database.py-_apply_versioned_migrations:452] >> [schema] DB 스키마 버전 1 적용
[2026-09-26 18:37:59,071][INFO|database.py-_apply_versioned_migrations:452] >> [schema] DB 스키마 버전 2 적용
[2026-09-26 18:37:59,074][INFO|database.py-_apply_versioned_migrations:452] >> [schema] DB 스키마 버전 3 적용
[2026-09-26 18:37:59,088][INFO|database.py-_apply_versioned_migrations:452] >> [schema] DB 스키마 버전 4 적용
[2026-09-26 18:37:59,119][INFO|duplicate_group_service.py-_log_info:53] >> [duplicate] payload exact 중복군 0개, 멤버 0건 재생성
[2026-09-26 18:37:59,193][INFO|duplicate_group_service.py-_log_info:53] >> [duplicate] payload exact 중복군 0개, 멤버 0건 재생성
[2026-09-26 18:37:59,199][INFO|database.py-detail_to_sql:723] >> 총 1건 detail 저장 완료. (변경/신규: 1건, 실패: 0건)
....[2026-09-26 18:37:59,224][INFO|database.py-upgrade_schema:285] >> 테이블 'admin_users' 생성 중...
[2026-09-26 18:37:59,232][INFO|database.py-upgrade_schema:285] >> 테이블 'api_keys' 생성 중...
[2026-09-26 18:37:59,236][INFO|database.py-upgrade_schema:285] >> 테이블 'mysafety' 생성 중...
[2026-09-26 18:37:59,238][INFO|database.py-upgrade_schema:285] >> 테이블 'mysafety_change_cursor' 생성 중...
[2026-09-26 18:37:59,241][INFO|database.py-upgrade_schema:285] >> 테이블 'mysafety_change_log' 생성 중...
[2026-09-26 18:37:59,243][INFO|database.py-upgrade_schema:285] >> 테이블 'mysafety_duplicate_decision' 생성 중...
[2026-09-26 18:37:59,246][INFO|database.py-upgrade_schema:285] >> 테이블 'mysafety_duplicate_group' 생성 중...
[2026-09-26 18:37:59,249][INFO|database.py-upgrade_schema:285] >> 테이블 'mysafety_duplicate_member' 생성 중...
[2026-09-26 18:37:59,252][INFO|database.py-upgrade_schema:285] >> 테이블 'mysafety_entry_value' 생성 중...
[2026-09-26 18:37:59,254][INFO|database.py-upgrade_schema:285] >> 테이블 'mysafety_geocode_cache' 생성 중...
[2026-09-26 18:37:59,262][INFO|database.py-upgrade_schema:285] >> 테이블 'mysafety_raw_content' 생성 중...
[2026-09-26 18:37:59,267][INFO|database.py-upgrade_schema:285] >> 테이블 'mysafety_report_override' 생성 중...
[2026-09-26 18:37:59,268][INFO|database.py-upgrade_schema:285] >> 테이블 'mysafety_sync_meta' 생성 중...
[2026-09-26 18:37:59,270][INFO|database.py-upgrade_schema:285] >> 테이블 'mysafety_watchlist' 생성 중...
[2026-09-26 18:37:59,272][INFO|database.py-upgrade_schema:285] >> 테이블 'mysafetydetail_other' 생성 중...
[2026-09-26 18:37:59,274][WARNING|database.py-upgrade_schema:304] >> 'mysafetydetail_parking' 테이블에 '차량번호' 컬럼을 추가합니다.
[2026-09-26 18:37:59,276][WARNING|database.py-upgrade_schema:304] >> 'mysafetydetail_parking' 테이블에 '위반법규' 컬럼을 추가합니다.
[2026-09-26 18:37:59,278][WARNING|database.py-upgrade_schema:304] >> 'mysafetydetail_parking' 테이블에 '범칙금_과태료' 컬럼을 추가합니다.
[2026-09-26 18:37:59,279][WARNING|database.py-upgrade_schema:304] >> 'mysafetydetail_parking' 테이블에 '벌점' 컬럼을 추가합니다.
[2026-09-26 18:37:59,281][WARNING|database.py-upgrade_schema:304] >> 'mysafetydetail_parking' 테이블에 '처리기관' 컬럼을 추가합니다.
[2026-09-26 18:37:59,283][WARNING|database.py-upgrade_schema:304] >> 'mysafetydetail_parking' 테이블에 '담당자' 컬럼을 추가합니다.
[2026-09-26 18:37:59,285][WARNING|database.py-upgrade_schema:304] >> 'mysafetydetail_parking' 테이블에 '답변일' 컬럼을 추가합니다.
[2026-09-26 18:37:59,287][WARNING|database.py-upgrade_schema:304] >> 'mysafetydetail_parking' 테이블에 '발생일자' 컬럼을 추가합니다.
[2026-09-26 18:37:59,289][WARNING|database.py-upgrade_schema:304] >> 'mysafetydetail_parking' 테이블에 '발생시각' 컬럼을 추가합니다.
[2026-09-26 18:37:59,292][WARNING|database.py-upgrade_schema:304] >> 'mysafetydetail_parking' 테이블에 '위반장소' 컬럼을 추가합니다.
[2026-09-26 18:37:59,299][WARNING|database.py-upgrade_schema:304] >> 'mysafetydetail_parking' 테이블에 '주소정규화' 컬럼을 추가합니다.
[2026-09-26 18:37:59,302][WARNING|database.py-upgrade_schema:304] >> 'mysafetydetail_parking' 테이블에 '행정구역' 컬럼을 추가합니다.
[2026-09-26 18:37:59,304][WARNING|database.py-upgrade_schema:304] >> 'mysafetydetail_parking' 테이블에 '위도' 컬럼을 추가합니다.
[2026-09-26 18:37:59,307][WARNING|database.py-upgrade_schema:304] >> 'mysafetydetail_parking' 테이블에 '경도' 컬럼을 추가합니다.
[2026-09-26 18:37:59,309][WARNING|database.py-upgrade_schema:304] >> 'mysafetydetail_parking' 테이블에 '지오코딩상태' 컬럼을 추가합니다.
[2026-09-26 18:37:59,312][WARNING|database.py-upgrade_schema:304] >> 'mysafetydetail_parking' 테이블에 '종결여부' 컬럼을 추가합니다.
[2026-09-26 18:37:59,314][WARNING|database.py-upgrade_schema:304] >> 'mysafetydetail_parking' 테이블에 '신고내용' 컬럼을 추가합니다.
[2026-09-26 18:37:59,315][WARNING|database.py-upgrade_schema:304] >> 'mysafetydetail_parking' 테이블에 '처리내용' 컬럼을 추가합니다.
[2026-09-26 18:37:59,317][WARNING|database.py-upgrade_schema:304] >> 'mysafetydetail_parking' 테이블에 '지도' 컬럼을 추가합니다.
[2026-09-26 18:37:59,319][WARNING|database.py-upgrade_schema:304] >> 'mysafetydetail_parking' 테이블에 '첨부사진' 컬럼을 추가합니다.
[2026-09-26 18:37:59,321][WARNING|database.py-upgrade_schema:304] >> 'mysafetydetail_parking' 테이블에 '첨부파일' 컬럼을 추가합니다.
[2026-09-26 18:37:59,322][WARNING|database.py-upgrade_schema:304] >> 'mysafetydetail_parking' 테이블에 'synced_at' 컬럼을 추가합니다.
[2026-09-26 18:37:59,324][WARNING|database.py-upgrade_schema:304] >> 'mysafetydetail_parking' 테이블에 '보완횟수' 컬럼을 추가합니다.
[2026-09-26 18:37:59,326][WARNING|database.py-upgrade_schema:304] >> 'mysafetydetail_parking' 테이블에 '보완_미응답' 컬럼을 추가합니다.
[2026-09-26 18:37:59,329][WARNING|database.py-upgrade_schema:304] >> 'mysafetydetail_parking' 테이블에 '보완_요청자' 컬럼을 추가합니다.
[2026-09-26 18:37:59,331][WARNING|database.py-upgrade_schema:304] >> 'mysafetydetail_parking' 테이블에 '보완_요청일시' 컬럼을 추가합니다.
[2026-09-26 18:37:59,336][WARNING|database.py-upgrade_schema:304] >> 'mysafetydetail_parking' 테이블에 '보완_완료일시' 컬럼을 추가합니다.
[2026-09-26 18:37:59,339][WARNING|database.py-upgrade_schema:304] >> 'mysafetydetail_parking' 테이블에 '보완_요청_내용' 컬럼을 추가합니다.
[2026-09-26 18:37:59,345][WARNING|database.py-upgrade_schema:304] >> 'mysafetydetail_parking' 테이블에 '보완_신고자_의견' 컬럼을 추가합니다.
[2026-09-26 18:37:59,348][WARNING|database.py-upgrade_schema:304] >> 'mysafetydetail_parking' 테이블에 '사진_첫촬영' 컬럼을 추가합니다.
[2026-09-26 18:37:59,352][WARNING|database.py-upgrade_schema:304] >> 'mysafetydetail_parking' 테이블에 '사진_끝촬영' 컬럼을 추가합니다.
[2026-09-26 18:37:59,355][WARNING|database.py-upgrade_schema:304] >> 'mysafetydetail_parking' 테이블에 '사진_촬영수' 컬럼을 추가합니다.
[2026-09-26 18:37:59,358][INFO|database.py-upgrade_schema:285] >> 테이블 'mysafetydetail_traffic' 생성 중...
[2026-09-26 18:37:59,362][INFO|database.py-upgrade_schema:285] >> 테이블 'mysafetymerge_other' 생성 중...
[2026-09-26 18:37:59,368][INFO|database.py-upgrade_schema:285] >> 테이블 'mysafetymerge_parking' 생성 중...
[2026-09-26 18:37:59,376][INFO|database.py-upgrade_schema:285] >> 테이블 'mysafetymerge_traffic' 생성 중...
[2026-09-26 18:37:59,385][INFO|database.py-_apply_versioned_migrations:452] >> [schema] DB 스키마 버전 1 적용
[2026-09-26 18:37:59,394][INFO|database.py-_apply_versioned_migrations:452] >> [schema] DB 스키마 버전 2 적용
[2026-09-26 18:37:59,400][INFO|database.py-_apply_versioned_migrations:452] >> [schema] DB 스키마 버전 3 적용
[2026-09-26 18:37:59,424][INFO|database.py-_apply_versioned_migrations:452] >> [schema] DB 스키마 버전 4 적용
[2026-09-26 18:37:59,479][INFO|duplicate_group_service.py-_log_info:53] >> [duplicate] payload exact 중복군 0개, 멤버 0건 재생성
.......[2026-09-26 18:37:59,507][INFO|database.py-upgrade_schema:285] >> 테이블 'admin_users' 생성 중...
[2026-09-26 18:37:59,518][INFO|database.py-upgrade_schema:285] >> 테이블 'api_keys' 생성 중...
[2026-09-26 18:37:59,521][INFO|database.py-upgrade_schema:285] >> 테이블 'mysafety' 생성 중...
[2026-09-26 18:37:59,524][INFO|database.py-upgrade_schema:285] >> 테이블 'mysafety_change_cursor' 생성 중...
[2026-09-26 18:37:59,526][INFO|database.py-upgrade_schema:285] >> 테이블 'mysafety_change_log' 생성 중...
[2026-09-26 18:37:59,529][INFO|database.py-upgrade_schema:285] >> 테이블 'mysafety_duplicate_decision' 생성 중...
[2026-09-26 18:37:59,536][INFO|database.py-upgrade_schema:285] >> 테이블 'mysafety_duplicate_group' 생성 중...
[2026-09-26 18:37:59,539][INFO|database.py-upgrade_schema:285] >> 테이블 'mysafety_duplicate_member' 생성 중...
[2026-09-26 18:37:59,542][INFO|database.py-upgrade_schema:285] >> 테이블 'mysafety_entry_value' 생성 중...
[2026-09-26 18:37:59,544][INFO|database.py-upgrade_schema:285] >> 테이블 'mysafety_geocode_cache' 생성 중...
[2026-09-26 18:37:59,548][INFO|database.py-upgrade_schema:285] >> 테이블 'mysafety_raw_content' 생성 중...
[2026-09-26 18:37:59,554][INFO|database.py-upgrade_schema:285] >> 테이블 'mysafety_report_override' 생성 중...
[2026-09-26 18:37:59,558][INFO|database.py-upgrade_schema:285] >> 테이블 'mysafety_sync_meta' 생성 중...
[2026-09-26 18:37:59,561][INFO|database.py-upgrade_schema:285] >> 테이블 'mysafety_watchlist' 생성 중...
[2026-09-26 18:37:59,563][INFO|database.py-upgrade_schema:285] >> 테이블 'mysafetydetail_other' 생성 중...
[2026-09-26 18:37:59,569][INFO|database.py-upgrade_schema:285] >> 테이블 'mysafetydetail_parking' 생성 중...
[2026-09-26 18:37:59,571][INFO|database.py-upgrade_schema:285] >> 테이블 'mysafetydetail_traffic' 생성 중...
[2026-09-26 18:37:59,574][INFO|database.py-upgrade_schema:285] >> 테이블 'mysafetymerge_other' 생성 중...
[2026-09-26 18:37:59,582][INFO|database.py-upgrade_schema:285] >> 테이블 'mysafetymerge_parking' 생성 중...
[2026-09-26 18:37:59,587][INFO|database.py-upgrade_schema:285] >> 테이블 'mysafetymerge_traffic' 생성 중...
[2026-09-26 18:37:59,592][INFO|database.py-_apply_versioned_migrations:452] >> [schema] DB 스키마 버전 1 적용
[2026-09-26 18:37:59,603][INFO|database.py-_apply_versioned_migrations:452] >> [schema] DB 스키마 버전 2 적용
[2026-09-26 18:37:59,613][INFO|database.py-_apply_versioned_migrations:452] >> [schema] DB 스키마 버전 3 적용
[2026-09-26 18:37:59,630][INFO|database.py-_apply_versioned_migrations:452] >> [schema] DB 스키마 버전 4 적용
[2026-09-26 18:37:59,657][INFO|duplicate_group_service.py-_log_info:53] >> [duplicate] payload exact 중복군 0개, 멤버 0건 재생성
[2026-09-26 18:37:59,719][INFO|database.py-backfill_synced_at:100] >> [migration] mysafetydetail_traffic synced_at 백필: 12건, 미해결 0건
[2026-09-26 18:37:59,725][INFO|database.py-backfill_synced_at:100] >> [migration] mysafetydetail_parking synced_at 백필: 6건, 미해결 0건
[2026-09-26 18:37:59,729][INFO|database.py-backfill_synced_at:100] >> [migration] mysafetydetail_other synced_at 백필: 6건, 미해결 0건
[2026-09-26 18:37:59,733][INFO|database.py-backfill_synced_at:105] >> [migration] synced_at 백필 완료: 총 24건 갱신, merge 재생성 시작
[2026-09-26 18:37:59,755][INFO|database.py-merge_final:736] >> 최종 데이터 병합 완료 (Traffic/Parking/Other 분리)
[2026-09-26 18:37:59,803][INFO|duplicate_group_service.py-_log_info:53] >> [duplicate] payload exact 중복군 1개, 멤버 2건 재생성
[2026-09-26 18:37:59,813][INFO|database.py-merge_final:736] >> 최종 데이터 병합 완료 (Traffic/Parking/Other 분리)
[2026-09-26 18:37:59,842][INFO|duplicate_group_service.py-_log_info:53] >> [duplicate] payload exact 중복군 1개, 멤버 2건 재생성
..................[2026-09-26 18:38:00,112][INFO|database.py-upgrade_schema:285] >> 테이블 'admin_users' 생성 중...
[2026-09-26 18:38:00,119][INFO|database.py-upgrade_schema:285] >> 테이블 'api_keys' 생성 중...
[2026-09-26 18:38:00,121][INFO|database.py-upgrade_schema:285] >> 테이블 'mysafety' 생성 중...
[2026-09-26 18:38:00,129][INFO|database.py-upgrade_schema:285] >> 테이블 'mysafety_change_cursor' 생성 중...
[2026-09-26 18:38:00,132][INFO|database.py-upgrade_schema:285] >> 테이블 'mysafety_change_log' 생성 중...
[2026-09-26 18:38:00,134][INFO|database.py-upgrade_schema:285] >> 테이블 'mysafety_duplicate_decision' 생성 중...
[2026-09-26 18:38:00,136][INFO|database.py-upgrade_schema:285] >> 테이블 'mysafety_duplicate_group' 생성 중...
[2026-09-26 18:38:00,142][INFO|database.py-upgrade_schema:285] >> 테이블 'mysafety_duplicate_member' 생성 중...
[2026-09-26 18:38:00,144][INFO|database.py-upgrade_schema:285] >> 테이블 'mysafety_entry_value' 생성 중...
[2026-09-26 18:38:00,147][INFO|database.py-upgrade_schema:285] >> 테이블 'mysafety_geocode_cache' 생성 중...
[2026-09-26 18:38:00,149][INFO|database.py-upgrade_schema:285] >> 테이블 'mysafety_raw_content' 생성 중...
[2026-09-26 18:38:00,151][INFO|database.py-upgrade_schema:285] >> 테이블 'mysafety_report_override' 생성 중...
[2026-09-26 18:38:00,153][INFO|database.py-upgrade_schema:285] >> 테이블 'mysafety_sync_meta' 생성 중...
[2026-09-26 18:38:00,155][INFO|database.py-upgrade_schema:285] >> 테이블 'mysafety_watchlist' 생성 중...
[2026-09-26 18:38:00,157][INFO|database.py-upgrade_schema:285] >> 테이블 'mysafetydetail_other' 생성 중...
[2026-09-26 18:38:00,159][INFO|database.py-upgrade_schema:285] >> 테이블 'mysafetydetail_parking' 생성 중...
[2026-09-26 18:38:00,161][INFO|database.py-upgrade_schema:285] >> 테이블 'mysafetydetail_traffic' 생성 중...
[2026-09-26 18:38:00,167][INFO|database.py-upgrade_schema:285] >> 테이블 'mysafetymerge_other' 생성 중...
[2026-09-26 18:38:00,170][INFO|database.py-upgrade_schema:285] >> 테이블 'mysafetymerge_parking' 생성 중...
[2026-09-26 18:38:00,172][INFO|database.py-upgrade_schema:285] >> 테이블 'mysafetymerge_traffic' 생성 중...
[2026-09-26 18:38:00,181][INFO|database.py-_apply_versioned_migrations:452] >> [schema] DB 스키마 버전 1 적용
[2026-09-26 18:38:00,190][INFO|database.py-_apply_versioned_migrations:452] >> [schema] DB 스키마 버전 2 적용
[2026-09-26 18:38:00,192][INFO|database.py-_apply_versioned_migrations:452] >> [schema] DB 스키마 버전 3 적용
[2026-09-26 18:38:00,210][INFO|database.py-_apply_versioned_migrations:452] >> [schema] DB 스키마 버전 4 적용
[2026-09-26 18:38:00,250][INFO|duplicate_group_service.py-_log_info:53] >> [duplicate] payload exact 중복군 0개, 멤버 0건 재생성
[2026-09-26 18:38:00,255][WARNING|start.py-_prepare_database:63] >> --reset 옵션이 사용되어 크롤링 데이터 테이블을 초기화합니다.
[2026-09-26 18:38:00,256][INFO|start.py-_prepare_database:82] >> --reset에서도 mysafety_geocode_cache는 유지합니다. 재크롤링 시 같은 주소는 캐시 좌표를 재사용합니다.
[2026-09-26 18:38:00,288][INFO|database.py-upgrade_schema:285] >> 테이블 'mysafety' 생성 중...
[2026-09-26 18:38:00,290][INFO|database.py-upgrade_schema:285] >> 테이블 'mysafety_duplicate_group' 생성 중...
[2026-09-26 18:38:00,292][INFO|database.py-upgrade_schema:285] >> 테이블 'mysafety_duplicate_member' 생성 중...
[2026-09-26 18:38:00,294][INFO|database.py-upgrade_schema:285] >> 테이블 'mysafety_entry_value' 생성 중...
[2026-09-26 18:38:00,296][INFO|database.py-upgrade_schema:285] >> 테이블 'mysafety_raw_content' 생성 중...
[2026-09-26 18:38:00,298][INFO|database.py-upgrade_schema:285] >> 테이블 'mysafetydetail_other' 생성 중...
[2026-09-26 18:38:00,302][INFO|database.py-upgrade_schema:285] >> 테이블 'mysafetydetail_parking' 생성 중...
[2026-09-26 18:38:00,305][INFO|database.py-upgrade_schema:285] >> 테이블 'mysafetydetail_traffic' 생성 중...
[2026-09-26 18:38:00,313][INFO|database.py-upgrade_schema:285] >> 테이블 'mysafetymerge_other' 생성 중...
[2026-09-26 18:38:00,319][INFO|database.py-upgrade_schema:285] >> 테이블 'mysafetymerge_parking' 생성 중...
[2026-09-26 18:38:00,322][INFO|database.py-upgrade_schema:285] >> 테이블 'mysafetymerge_traffic' 생성 중...
.[2026-09-26 18:38:00,339][INFO|database.py-upgrade_schema:285] >> 테이블 'admin_users' 생성 중...
[2026-09-26 18:38:00,350][INFO|database.py-upgrade_schema:285] >> 테이블 'api_keys' 생성 중...
[2026-09-26 18:38:00,353][INFO|database.py-upgrade_schema:285] >> 테이블 'mysafety' 생성 중...
[2026-09-26 18:38:00,355][INFO|database.py-upgrade_schema:285] >> 테이블 'mysafety_change_cursor' 생성 중...
[2026-09-26 18:38:00,357][INFO|database.py-upgrade_schema:285] >> 테이블 'mysafety_change_log' 생성 중...
[2026-09-26 18:38:00,359][INFO|database.py-upgrade_schema:285] >> 테이블 'mysafety_duplicate_decision' 생성 중...
[2026-09-26 18:38:00,363][INFO|database.py-upgrade_schema:285] >> 테이블 'mysafety_duplicate_group' 생성 중...
[2026-09-26 18:38:00,365][INFO|database.py-upgrade_schema:285] >> 테이블 'mysafety_duplicate_member' 생성 중...
[2026-09-26 18:38:00,367][INFO|database.py-upgrade_schema:285] >> 테이블 'mysafety_entry_value' 생성 중...
[2026-09-26 18:38:00,368][INFO|database.py-upgrade_schema:285] >> 테이블 'mysafety_geocode_cache' 생성 중...
[2026-09-26 18:38:00,370][INFO|database.py-upgrade_schema:285] >> 테이블 'mysafety_raw_content' 생성 중...
[2026-09-26 18:38:00,372][INFO|database.py-upgrade_schema:285] >> 테이블 'mysafety_report_override' 생성 중...
[2026-09-26 18:38:00,377][INFO|database.py-upgrade_schema:285] >> 테이블 'mysafety_sync_meta' 생성 중...
[2026-09-26 18:38:00,380][INFO|database.py-upgrade_schema:285] >> 테이블 'mysafety_watchlist' 생성 중...
[2026-09-26 18:38:00,384][INFO|database.py-upgrade_schema:285] >> 테이블 'mysafetydetail_other' 생성 중...
[2026-09-26 18:38:00,386][INFO|database.py-upgrade_schema:285] >> 테이블 'mysafetydetail_parking' 생성 중...
[2026-09-26 18:38:00,388][INFO|database.py-upgrade_schema:285] >> 테이블 'mysafetydetail_traffic' 생성 중...
[2026-09-26 18:38:00,390][INFO|database.py-upgrade_schema:285] >> 테이블 'mysafetymerge_other' 생성 중...
[2026-09-26 18:38:00,391][INFO|database.py-upgrade_schema:285] >> 테이블 'mysafetymerge_parking' 생성 중...
[2026-09-26 18:38:00,393][INFO|database.py-upgrade_schema:285] >> 테이블 'mysafetymerge_traffic' 생성 중...
[2026-09-26 18:38:00,401][INFO|database.py-_apply_versioned_migrations:452] >> [schema] DB 스키마 버전 1 적용
[2026-09-26 18:38:00,412][INFO|database.py-_apply_versioned_migrations:452] >> [schema] DB 스키마 버전 2 적용
[2026-09-26 18:38:00,417][INFO|database.py-_apply_versioned_migrations:452] >> [schema] DB 스키마 버전 3 적용
[2026-09-26 18:38:00,438][INFO|database.py-_apply_versioned_migrations:452] >> [schema] DB 스키마 버전 4 적용
[2026-09-26 18:38:00,475][INFO|duplicate_group_service.py-_log_info:53] >> [duplicate] payload exact 중복군 0개, 멤버 0건 재생성
[2026-09-26 18:38:00,526][INFO|database.py-backfill_synced_at:100] >> [migration] mysafetydetail_traffic synced_at 백필: 12건, 미해결 0건
[2026-09-26 18:38:00,533][INFO|database.py-backfill_synced_at:100] >> [migration] mysafetydetail_parking synced_at 백필: 6건, 미해결 0건
[2026-09-26 18:38:00,537][INFO|database.py-backfill_synced_at:100] >> [migration] mysafetydetail_other synced_at 백필: 6건, 미해결 0건
[2026-09-26 18:38:00,539][INFO|database.py-backfill_synced_at:105] >> [migration] synced_at 백필 완료: 총 24건 갱신, merge 재생성 시작
[2026-09-26 18:38:00,559][INFO|database.py-merge_final:736] >> 최종 데이터 병합 완료 (Traffic/Parking/Other 분리)
[2026-09-26 18:38:00,607][INFO|duplicate_group_service.py-_log_info:53] >> [duplicate] payload exact 중복군 1개, 멤버 2건 재생성
[2026-09-26 18:38:00,618][INFO|database.py-merge_final:736] >> 최종 데이터 병합 완료 (Traffic/Parking/Other 분리)
[2026-09-26 18:38:00,641][INFO|duplicate_group_service.py-_log_info:53] >> [duplicate] payload exact 중복군 1개, 멤버 2건 재생성
........[2026-09-26 18:38:01,948][INFO|database.py-upgrade_schema:285] >> 테이블 'admin_users' 생성 중...
[2026-09-26 18:38:01,951][INFO|database.py-upgrade_schema:285] >> 테이블 'api_keys' 생성 중...
[2026-09-26 18:38:01,953][INFO|database.py-upgrade_schema:285] >> 테이블 'mysafety' 생성 중...
[2026-09-26 18:38:01,955][INFO|database.py-upgrade_schema:285] >> 테이블 'mysafety_change_cursor' 생성 중...
[2026-09-26 18:38:01,957][INFO|database.py-upgrade_schema:285] >> 테이블 'mysafety_change_log' 생성 중...
[2026-09-26 18:38:01,959][INFO|database.py-upgrade_schema:285] >> 테이블 'mysafety_duplicate_decision' 생성 중...
[2026-09-26 18:38:01,961][INFO|database.py-upgrade_schema:285] >> 테이블 'mysafety_duplicate_group' 생성 중...
[2026-09-26 18:38:01,966][INFO|database.py-upgrade_schema:285] >> 테이블 'mysafety_duplicate_member' 생성 중...
[2026-09-26 18:38:01,970][INFO|database.py-upgrade_schema:285] >> 테이블 'mysafety_entry_value' 생성 중...
[2026-09-26 18:38:01,978][INFO|database.py-upgrade_schema:285] >> 테이블 'mysafety_geocode_cache' 생성 중...
[2026-09-26 18:38:01,983][INFO|database.py-upgrade_schema:285] >> 테이블 'mysafety_raw_content' 생성 중...
[2026-09-26 18:38:01,985][INFO|database.py-upgrade_schema:285] >> 테이블 'mysafety_report_override' 생성 중...
[2026-09-26 18:38:01,987][INFO|database.py-upgrade_schema:285] >> 테이블 'mysafety_sync_meta' 생성 중...
[2026-09-26 18:38:01,989][INFO|database.py-upgrade_schema:285] >> 테이블 'mysafety_watchlist' 생성 중...
[2026-09-26 18:38:01,991][INFO|database.py-upgrade_schema:285] >> 테이블 'mysafetydetail_other' 생성 중...
[2026-09-26 18:38:01,993][INFO|database.py-upgrade_schema:285] >> 테이블 'mysafetydetail_parking' 생성 중...
[2026-09-26 18:38:01,995][INFO|database.py-upgrade_schema:285] >> 테이블 'mysafetydetail_traffic' 생성 중...
[2026-09-26 18:38:01,997][INFO|database.py-upgrade_schema:285] >> 테이블 'mysafetymerge_other' 생성 중...
[2026-09-26 18:38:02,002][INFO|database.py-upgrade_schema:285] >> 테이블 'mysafetymerge_parking' 생성 중...
[2026-09-26 18:38:02,011][INFO|database.py-upgrade_schema:285] >> 테이블 'mysafetymerge_traffic' 생성 중...
[2026-09-26 18:38:02,017][INFO|database.py-_apply_versioned_migrations:452] >> [schema] DB 스키마 버전 1 적용
[2026-09-26 18:38:02,024][INFO|database.py-_apply_versioned_migrations:452] >> [schema] DB 스키마 버전 2 적용
[2026-09-26 18:38:02,030][INFO|database.py-_apply_versioned_migrations:452] >> [schema] DB 스키마 버전 3 적용
[2026-09-26 18:38:02,045][INFO|database.py-_apply_versioned_migrations:452] >> [schema] DB 스키마 버전 4 적용
[2026-09-26 18:38:02,076][INFO|duplicate_group_service.py-_log_info:53] >> [duplicate] payload exact 중복군 0개, 멤버 0건 재생성
[2026-09-26 18:38:02,117][INFO|database.py-backfill_synced_at:100] >> [migration] mysafetydetail_traffic synced_at 백필: 12건, 미해결 0건
[2026-09-26 18:38:02,121][INFO|database.py-backfill_synced_at:100] >> [migration] mysafetydetail_parking synced_at 백필: 6건, 미해결 0건
[2026-09-26 18:38:02,125][INFO|database.py-backfill_synced_at:100] >> [migration] mysafetydetail_other synced_at 백필: 6건, 미해결 0건
[2026-09-26 18:38:02,128][INFO|database.py-backfill_synced_at:105] >> [migration] synced_at 백필 완료: 총 24건 갱신, merge 재생성 시작
[2026-09-26 18:38:02,143][INFO|database.py-merge_final:736] >> 최종 데이터 병합 완료 (Traffic/Parking/Other 분리)
[2026-09-26 18:38:02,167][INFO|duplicate_group_service.py-_log_info:53] >> [duplicate] payload exact 중복군 1개, 멤버 2건 재생성
[2026-09-26 18:38:02,179][INFO|database.py-merge_final:736] >> 최종 데이터 병합 완료 (Traffic/Parking/Other 분리)
[2026-09-26 18:38:02,203][INFO|duplicate_group_service.py-_log_info:53] >> [duplicate] payload exact 중복군 1개, 멤버 2건 재생성
.[2026-09-26 18:38:02,646][INFO|database.py-upgrade_schema:285] >> 테이블 'admin_users' 생성 중...
[2026-09-26 18:38:02,653][INFO|database.py-upgrade_schema:285] >> 테이블 'api_keys' 생성 중...
[2026-09-26 18:38:02,655][INFO|database.py-upgrade_schema:285] >> 테이블 'mysafety' 생성 중...
[2026-09-26 18:38:02,662][INFO|database.py-upgrade_schema:285] >> 테이블 'mysafety_change_cursor' 생성 중...
[2026-09-26 18:38:02,666][INFO|database.py-upgrade_schema:285] >> 테이블 'mysafety_change_log' 생성 중...
[2026-09-26 18:38:02,668][INFO|database.py-upgrade_schema:285] >> 테이블 'mysafety_duplicate_decision' 생성 중...
[2026-09-26 18:38:02,669][INFO|database.py-upgrade_schema:285] >> 테이블 'mysafety_duplicate_group' 생성 중...
[2026-09-26 18:38:02,671][INFO|database.py-upgrade_schema:285] >> 테이블 'mysafety_duplicate_member' 생성 중...
[2026-09-26 18:38:02,673][INFO|database.py-upgrade_schema:285] >> 테이블 'mysafety_entry_value' 생성 중...
[2026-09-26 18:38:02,675][INFO|database.py-upgrade_schema:285] >> 테이블 'mysafety_geocode_cache' 생성 중...
[2026-09-26 18:38:02,677][INFO|database.py-upgrade_schema:285] >> 테이블 'mysafety_raw_content' 생성 중...
[2026-09-26 18:38:02,678][INFO|database.py-upgrade_schema:285] >> 테이블 'mysafety_report_override' 생성 중...
[2026-09-26 18:38:02,680][INFO|database.py-upgrade_schema:285] >> 테이블 'mysafety_sync_meta' 생성 중...
[2026-09-26 18:38:02,686][INFO|database.py-upgrade_schema:285] >> 테이블 'mysafety_watchlist' 생성 중...
[2026-09-26 18:38:02,689][INFO|database.py-upgrade_schema:285] >> 테이블 'mysafetydetail_other' 생성 중...
[2026-09-26 18:38:02,691][INFO|database.py-upgrade_schema:285] >> 테이블 'mysafetydetail_parking' 생성 중...
[2026-09-26 18:38:02,693][INFO|database.py-upgrade_schema:285] >> 테이블 'mysafetydetail_traffic' 생성 중...
[2026-09-26 18:38:02,700][INFO|database.py-upgrade_schema:285] >> 테이블 'mysafetymerge_other' 생성 중...
[2026-09-26 18:38:02,704][INFO|database.py-upgrade_schema:285] >> 테이블 'mysafetymerge_parking' 생성 중...
[2026-09-26 18:38:02,708][INFO|database.py-upgrade_schema:285] >> 테이블 'mysafetymerge_traffic' 생성 중...
[2026-09-26 18:38:02,714][INFO|database.py-_apply_versioned_migrations:452] >> [schema] DB 스키마 버전 1 적용
[2026-09-26 18:38:02,725][INFO|database.py-_apply_versioned_migrations:452] >> [schema] DB 스키마 버전 2 적용
[2026-09-26 18:38:02,728][INFO|database.py-_apply_versioned_migrations:452] >> [schema] DB 스키마 버전 3 적용
[2026-09-26 18:38:02,748][INFO|database.py-_apply_versioned_migrations:452] >> [schema] DB 스키마 버전 4 적용
[2026-09-26 18:38:02,781][INFO|duplicate_group_service.py-_log_info:53] >> [duplicate] payload exact 중복군 0개, 멤버 0건 재생성
[2026-09-26 18:38:02,819][INFO|database.py-backfill_synced_at:100] >> [migration] mysafetydetail_traffic synced_at 백필: 12건, 미해결 0건
[2026-09-26 18:38:02,822][INFO|database.py-backfill_synced_at:100] >> [migration] mysafetydetail_parking synced_at 백필: 6건, 미해결 0건
[2026-09-26 18:38:02,825][INFO|database.py-backfill_synced_at:100] >> [migration] mysafetydetail_other synced_at 백필: 6건, 미해결 0건
[2026-09-26 18:38:02,830][INFO|database.py-backfill_synced_at:105] >> [migration] synced_at 백필 완료: 총 24건 갱신, merge 재생성 시작
[2026-09-26 18:38:02,850][INFO|database.py-merge_final:736] >> 최종 데이터 병합 완료 (Traffic/Parking/Other 분리)
[2026-09-26 18:38:02,876][INFO|duplicate_group_service.py-_log_info:53] >> [duplicate] payload exact 중복군 1개, 멤버 2건 재생성
[2026-09-26 18:38:02,890][INFO|database.py-merge_final:736] >> 최종 데이터 병합 완료 (Traffic/Parking/Other 분리)
[2026-09-26 18:38:02,917][INFO|duplicate_group_service.py-_log_info:53] >> [duplicate] payload exact 중복군 1개, 멤버 2건 재생성
.[2026-09-26 18:38:03,795][INFO|database.py-upgrade_schema:285] >> 테이블 'admin_users' 생성 중...
[2026-09-26 18:38:03,799][INFO|database.py-upgrade_schema:285] >> 테이블 'api_keys' 생성 중...
[2026-09-26 18:38:03,801][INFO|database.py-upgrade_schema:285] >> 테이블 'mysafety' 생성 중...
[2026-09-26 18:38:03,803][INFO|database.py-upgrade_schema:285] >> 테이블 'mysafety_change_cursor' 생성 중...
[2026-09-26 18:38:03,805][INFO|database.py-upgrade_schema:285] >> 테이블 'mysafety_change_log' 생성 중...
[2026-09-26 18:38:03,808][INFO|database.py-upgrade_schema:285] >> 테이블 'mysafety_duplicate_decision' 생성 중...
[2026-09-26 18:38:03,814][INFO|database.py-upgrade_schema:285] >> 테이블 'mysafety_duplicate_group' 생성 중...
[2026-09-26 18:38:03,821][INFO|database.py-upgrade_schema:285] >> 테이블 'mysafety_duplicate_member' 생성 중...
[2026-09-26 18:38:03,824][INFO|database.py-upgrade_schema:285] >> 테이블 'mysafety_entry_value' 생성 중...
[2026-09-26 18:38:03,828][INFO|database.py-upgrade_schema:285] >> 테이블 'mysafety_geocode_cache' 생성 중...
[2026-09-26 18:38:03,830][INFO|database.py-upgrade_schema:285] >> 테이블 'mysafety_raw_content' 생성 중...
[2026-09-26 18:38:03,832][INFO|database.py-upgrade_schema:285] >> 테이블 'mysafety_report_override' 생성 중...
[2026-09-26 18:38:03,838][INFO|database.py-upgrade_schema:285] >> 테이블 'mysafety_sync_meta' 생성 중...
[2026-09-26 18:38:03,845][INFO|database.py-upgrade_schema:285] >> 테이블 'mysafety_watchlist' 생성 중...
[2026-09-26 18:38:03,858][INFO|database.py-upgrade_schema:285] >> 테이블 'mysafetydetail_other' 생성 중...
[2026-09-26 18:38:03,863][INFO|database.py-upgrade_schema:285] >> 테이블 'mysafetydetail_parking' 생성 중...
[2026-09-26 18:38:03,865][INFO|database.py-upgrade_schema:285] >> 테이블 'mysafetydetail_traffic' 생성 중...
[2026-09-26 18:38:03,868][INFO|database.py-upgrade_schema:285] >> 테이블 'mysafetymerge_other' 생성 중...
[2026-09-26 18:38:03,871][INFO|database.py-upgrade_schema:285] >> 테이블 'mysafetymerge_parking' 생성 중...
[2026-09-26 18:38:03,873][INFO|database.py-upgrade_schema:285] >> 테이블 'mysafetymerge_traffic' 생성 중...
[2026-09-26 18:38:03,883][INFO|database.py-_apply_versioned_migrations:452] >> [schema] DB 스키마 버전 1 적용
[2026-09-26 18:38:03,896][INFO|database.py-_apply_versioned_migrations:452] >> [schema] DB 스키마 버전 2 적용
[2026-09-26 18:38:03,903][INFO|database.py-_apply_versioned_migrations:452] >> [schema] DB 스키마 버전 3 적용
[2026-09-26 18:38:03,935][INFO|database.py-_apply_versioned_migrations:452] >> [schema] DB 스키마 버전 4 적용
.[2026-09-26 18:38:03,979][INFO|database.py-upgrade_schema:285] >> 테이블 'admin_users' 생성 중...
[2026-09-26 18:38:03,984][INFO|database.py-upgrade_schema:285] >> 테이블 'api_keys' 생성 중...
[2026-09-26 18:38:03,991][INFO|database.py-upgrade_schema:285] >> 테이블 'mysafety' 생성 중...
[2026-09-26 18:38:03,993][INFO|database.py-upgrade_schema:285] >> 테이블 'mysafety_change_cursor' 생성 중...
[2026-09-26 18:38:03,996][INFO|database.py-upgrade_schema:285] >> 테이블 'mysafety_change_log' 생성 중...
[2026-09-26 18:38:03,998][INFO|database.py-upgrade_schema:285] >> 테이블 'mysafety_duplicate_decision' 생성 중...
[2026-09-26 18:38:04,000][INFO|database.py-upgrade_schema:285] >> 테이블 'mysafety_duplicate_group' 생성 중...
[2026-09-26 18:38:04,010][INFO|database.py-upgrade_schema:285] >> 테이블 'mysafety_duplicate_member' 생성 중...
[2026-09-26 18:38:04,016][INFO|database.py-upgrade_schema:285] >> 테이블 'mysafety_entry_value' 생성 중...
[2026-09-26 18:38:04,020][INFO|database.py-upgrade_schema:285] >> 테이블 'mysafety_geocode_cache' 생성 중...
[2026-09-26 18:38:04,026][INFO|database.py-upgrade_schema:285] >> 테이블 'mysafety_raw_content' 생성 중...
[2026-09-26 18:38:04,028][INFO|database.py-upgrade_schema:285] >> 테이블 'mysafety_report_override' 생성 중...
[2026-09-26 18:38:04,031][INFO|database.py-upgrade_schema:285] >> 테이블 'mysafety_sync_meta' 생성 중...
[2026-09-26 18:38:04,036][INFO|database.py-upgrade_schema:285] >> 테이블 'mysafety_watchlist' 생성 중...
[2026-09-26 18:38:04,039][INFO|database.py-upgrade_schema:285] >> 테이블 'mysafetydetail_other' 생성 중...
[2026-09-26 18:38:04,045][INFO|database.py-upgrade_schema:285] >> 테이블 'mysafetydetail_parking' 생성 중...
[2026-09-26 18:38:04,047][INFO|database.py-upgrade_schema:285] >> 테이블 'mysafetydetail_traffic' 생성 중...
[2026-09-26 18:38:04,052][INFO|database.py-upgrade_schema:285] >> 테이블 'mysafetymerge_other' 생성 중...
[2026-09-26 18:38:04,054][INFO|database.py-upgrade_schema:285] >> 테이블 'mysafetymerge_parking' 생성 중...
[2026-09-26 18:38:04,057][INFO|database.py-upgrade_schema:285] >> 테이블 'mysafetymerge_traffic' 생성 중...
[2026-09-26 18:38:04,063][INFO|database.py-_apply_versioned_migrations:452] >> [schema] DB 스키마 버전 1 적용
[2026-09-26 18:38:04,077][INFO|database.py-_apply_versioned_migrations:452] >> [schema] DB 스키마 버전 2 적용
[2026-09-26 18:38:04,080][INFO|database.py-_apply_versioned_migrations:452] >> [schema] DB 스키마 버전 3 적용
[2026-09-26 18:38:04,096][INFO|database.py-_apply_versioned_migrations:452] >> [schema] DB 스키마 버전 4 적용
.[2026-09-26 18:38:04,132][INFO|database.py-upgrade_schema:285] >> 테이블 'admin_users' 생성 중...
[2026-09-26 18:38:04,140][INFO|database.py-upgrade_schema:285] >> 테이블 'api_keys' 생성 중...
[2026-09-26 18:38:04,142][INFO|database.py-upgrade_schema:285] >> 테이블 'mysafety' 생성 중...
[2026-09-26 18:38:04,144][INFO|database.py-upgrade_schema:285] >> 테이블 'mysafety_change_cursor' 생성 중...
[2026-09-26 18:38:04,145][INFO|database.py-upgrade_schema:285] >> 테이블 'mysafety_change_log' 생성 중...
[2026-09-26 18:38:04,147][INFO|database.py-upgrade_schema:285] >> 테이블 'mysafety_duplicate_decision' 생성 중...
[2026-09-26 18:38:04,149][INFO|database.py-upgrade_schema:285] >> 테이블 'mysafety_duplicate_group' 생성 중...
[2026-09-26 18:38:04,153][INFO|database.py-upgrade_schema:285] >> 테이블 'mysafety_duplicate_member' 생성 중...
[2026-09-26 18:38:04,155][INFO|database.py-upgrade_schema:285] >> 테이블 'mysafety_entry_value' 생성 중...
[2026-09-26 18:38:04,160][INFO|database.py-upgrade_schema:285] >> 테이블 'mysafety_geocode_cache' 생성 중...
[2026-09-26 18:38:04,168][INFO|database.py-upgrade_schema:285] >> 테이블 'mysafety_raw_content' 생성 중...
[2026-09-26 18:38:04,172][INFO|database.py-upgrade_schema:285] >> 테이블 'mysafety_report_override' 생성 중...
[2026-09-26 18:38:04,174][INFO|database.py-upgrade_schema:285] >> 테이블 'mysafety_sync_meta' 생성 중...
[2026-09-26 18:38:04,182][INFO|database.py-upgrade_schema:285] >> 테이블 'mysafety_watchlist' 생성 중...
[2026-09-26 18:38:04,185][INFO|database.py-upgrade_schema:285] >> 테이블 'mysafetydetail_other' 생성 중...
[2026-09-26 18:38:04,188][INFO|database.py-upgrade_schema:285] >> 테이블 'mysafetydetail_parking' 생성 중...
[2026-09-26 18:38:04,190][INFO|database.py-upgrade_schema:285] >> 테이블 'mysafetydetail_traffic' 생성 중...
[2026-09-26 18:38:04,192][INFO|database.py-upgrade_schema:285] >> 테이블 'mysafetymerge_other' 생성 중...
[2026-09-26 18:38:04,194][INFO|database.py-upgrade_schema:285] >> 테이블 'mysafetymerge_parking' 생성 중...
[2026-09-26 18:38:04,196][INFO|database.py-upgrade_schema:285] >> 테이블 'mysafetymerge_traffic' 생성 중...
[2026-09-26 18:38:04,200][INFO|database.py-_apply_versioned_migrations:452] >> [schema] DB 스키마 버전 1 적용
[2026-09-26 18:38:04,207][INFO|database.py-_apply_versioned_migrations:452] >> [schema] DB 스키마 버전 2 적용
[2026-09-26 18:38:04,209][INFO|database.py-_apply_versioned_migrations:452] >> [schema] DB 스키마 버전 3 적용
[2026-09-26 18:38:04,239][INFO|database.py-_apply_versioned_migrations:452] >> [schema] DB 스키마 버전 4 적용
.[2026-09-26 18:38:04,269][INFO|database.py-upgrade_schema:285] >> 테이블 'admin_users' 생성 중...
[2026-09-26 18:38:04,280][INFO|database.py-upgrade_schema:285] >> 테이블 'api_keys' 생성 중...
[2026-09-26 18:38:04,282][INFO|database.py-upgrade_schema:285] >> 테이블 'mysafety' 생성 중...
[2026-09-26 18:38:04,284][INFO|database.py-upgrade_schema:285] >> 테이블 'mysafety_change_cursor' 생성 중...
[2026-09-26 18:38:04,287][INFO|database.py-upgrade_schema:285] >> 테이블 'mysafety_change_log' 생성 중...
[2026-09-26 18:38:04,288][INFO|database.py-upgrade_schema:285] >> 테이블 'mysafety_duplicate_decision' 생성 중...
[2026-09-26 18:38:04,289][INFO|database.py-upgrade_schema:285] >> 테이블 'mysafety_duplicate_group' 생성 중...
[2026-09-26 18:38:04,291][INFO|database.py-upgrade_schema:285] >> 테이블 'mysafety_duplicate_member' 생성 중...
[2026-09-26 18:38:04,293][INFO|database.py-upgrade_schema:285] >> 테이블 'mysafety_entry_value' 생성 중...
[2026-09-26 18:38:04,294][INFO|database.py-upgrade_schema:285] >> 테이블 'mysafety_geocode_cache' 생성 중...
[2026-09-26 18:38:04,295][INFO|database.py-upgrade_schema:285] >> 테이블 'mysafety_raw_content' 생성 중...
[2026-09-26 18:38:04,297][INFO|database.py-upgrade_schema:285] >> 테이블 'mysafety_report_override' 생성 중...
[2026-09-26 18:38:04,298][INFO|database.py-upgrade_schema:285] >> 테이블 'mysafety_sync_meta' 생성 중...
[2026-09-26 18:38:04,299][INFO|database.py-upgrade_schema:285] >> 테이블 'mysafety_watchlist' 생성 중...
[2026-09-26 18:38:04,300][INFO|database.py-upgrade_schema:285] >> 테이블 'mysafetydetail_other' 생성 중...
[2026-09-26 18:38:04,305][INFO|database.py-upgrade_schema:285] >> 테이블 'mysafetydetail_parking' 생성 중...
[2026-09-26 18:38:04,307][INFO|database.py-upgrade_schema:285] >> 테이블 'mysafetydetail_traffic' 생성 중...
[2026-09-26 18:38:04,317][INFO|database.py-upgrade_schema:285] >> 테이블 'mysafetymerge_other' 생성 중...
[2026-09-26 18:38:04,320][INFO|database.py-upgrade_schema:285] >> 테이블 'mysafetymerge_parking' 생성 중...
[2026-09-26 18:38:04,322][INFO|database.py-upgrade_schema:285] >> 테이블 'mysafetymerge_traffic' 생성 중...
[2026-09-26 18:38:04,328][INFO|database.py-_apply_versioned_migrations:452] >> [schema] DB 스키마 버전 1 적용
[2026-09-26 18:38:04,334][INFO|database.py-_apply_versioned_migrations:452] >> [schema] DB 스키마 버전 2 적용
[2026-09-26 18:38:04,339][INFO|database.py-_apply_versioned_migrations:452] >> [schema] DB 스키마 버전 3 적용
[2026-09-26 18:38:04,365][INFO|database.py-_apply_versioned_migrations:452] >> [schema] DB 스키마 버전 4 적용
.[2026-09-26 18:38:04,406][INFO|database.py-upgrade_schema:285] >> 테이블 'admin_users' 생성 중...
[2026-09-26 18:38:04,412][INFO|database.py-upgrade_schema:285] >> 테이블 'api_keys' 생성 중...
[2026-09-26 18:38:04,418][INFO|database.py-upgrade_schema:285] >> 테이블 'mysafety' 생성 중...
[2026-09-26 18:38:04,422][INFO|database.py-upgrade_schema:285] >> 테이블 'mysafety_change_cursor' 생성 중...
[2026-09-26 18:38:04,424][INFO|database.py-upgrade_schema:285] >> 테이블 'mysafety_change_log' 생성 중...
[2026-09-26 18:38:04,425][INFO|database.py-upgrade_schema:285] >> 테이블 'mysafety_duplicate_decision' 생성 중...
[2026-09-26 18:38:04,427][INFO|database.py-upgrade_schema:285] >> 테이블 'mysafety_duplicate_group' 생성 중...
[2026-09-26 18:38:04,428][INFO|database.py-upgrade_schema:285] >> 테이블 'mysafety_duplicate_member' 생성 중...
[2026-09-26 18:38:04,430][INFO|database.py-upgrade_schema:285] >> 테이블 'mysafety_entry_value' 생성 중...
[2026-09-26 18:38:04,431][INFO|database.py-upgrade_schema:285] >> 테이블 'mysafety_geocode_cache' 생성 중...
[2026-09-26 18:38:04,433][INFO|database.py-upgrade_schema:285] >> 테이블 'mysafety_raw_content' 생성 중...
[2026-09-26 18:38:04,434][INFO|database.py-upgrade_schema:285] >> 테이블 'mysafety_report_override' 생성 중...
[2026-09-26 18:38:04,435][INFO|database.py-upgrade_schema:285] >> 테이블 'mysafety_sync_meta' 생성 중...
[2026-09-26 18:38:04,437][INFO|database.py-upgrade_schema:285] >> 테이블 'mysafety_watchlist' 생성 중...
[2026-09-26 18:38:04,438][INFO|database.py-upgrade_schema:285] >> 테이블 'mysafetydetail_other' 생성 중...
[2026-09-26 18:38:04,439][INFO|database.py-upgrade_schema:285] >> 테이블 'mysafetydetail_parking' 생성 중...
[2026-09-26 18:38:04,444][INFO|database.py-upgrade_schema:285] >> 테이블 'mysafetydetail_traffic' 생성 중...
[2026-09-26 18:38:04,445][INFO|database.py-upgrade_schema:285] >> 테이블 'mysafetymerge_other' 생성 중...
[2026-09-26 18:38:04,447][INFO|database.py-upgrade_schema:285] >> 테이블 'mysafetymerge_parking' 생성 중...
[2026-09-26 18:38:04,449][INFO|database.py-upgrade_schema:285] >> 테이블 'mysafetymerge_traffic' 생성 중...
[2026-09-26 18:38:04,452][INFO|database.py-_apply_versioned_migrations:452] >> [schema] DB 스키마 버전 1 적용
[2026-09-26 18:38:04,463][INFO|database.py-_apply_versioned_migrations:452] >> [schema] DB 스키마 버전 2 적용
[2026-09-26 18:38:04,466][INFO|database.py-_apply_versioned_migrations:452] >> [schema] DB 스키마 버전 3 적용
[2026-09-26 18:38:04,493][INFO|database.py-_apply_versioned_migrations:452] >> [schema] DB 스키마 버전 4 적용
[2026-09-26 18:38:04,525][INFO|duplicate_group_service.py-_log_info:53] >> [duplicate] payload exact 중복군 0개, 멤버 0건 재생성
[2026-09-26 18:38:04,562][INFO|database.py-backfill_synced_at:100] >> [migration] mysafetydetail_traffic synced_at 백필: 12건, 미해결 0건
[2026-09-26 18:38:04,566][INFO|database.py-backfill_synced_at:100] >> [migration] mysafetydetail_parking synced_at 백필: 6건, 미해결 0건
[2026-09-26 18:38:04,569][INFO|database.py-backfill_synced_at:100] >> [migration] mysafetydetail_other synced_at 백필: 6건, 미해결 0건
[2026-09-26 18:38:04,575][INFO|database.py-backfill_synced_at:105] >> [migration] synced_at 백필 완료: 총 24건 갱신, merge 재생성 시작
[2026-09-26 18:38:04,589][INFO|database.py-merge_final:736] >> 최종 데이터 병합 완료 (Traffic/Parking/Other 분리)
[2026-09-26 18:38:04,616][INFO|duplicate_group_service.py-_log_info:53] >> [duplicate] payload exact 중복군 1개, 멤버 2건 재생성
[2026-09-26 18:38:04,625][INFO|database.py-merge_final:736] >> 최종 데이터 병합 완료 (Traffic/Parking/Other 분리)
[2026-09-26 18:38:04,656][INFO|duplicate_group_service.py-_log_info:53] >> [duplicate] payload exact 중복군 1개, 멤버 2건 재생성
.[2026-09-26 18:38:04,828][INFO|database.py-upgrade_schema:285] >> 테이블 'admin_users' 생성 중...
[2026-09-26 18:38:04,834][INFO|database.py-upgrade_schema:285] >> 테이블 'api_keys' 생성 중...
[2026-09-26 18:38:04,837][INFO|database.py-upgrade_schema:285] >> 테이블 'mysafety' 생성 중...
[2026-09-26 18:38:04,839][INFO|database.py-upgrade_schema:285] >> 테이블 'mysafety_change_cursor' 생성 중...
[2026-09-26 18:38:04,841][INFO|database.py-upgrade_schema:285] >> 테이블 'mysafety_change_log' 생성 중...
[2026-09-26 18:38:04,843][INFO|database.py-upgrade_schema:285] >> 테이블 'mysafety_duplicate_decision' 생성 중...
[2026-09-26 18:38:04,845][INFO|database.py-upgrade_schema:285] >> 테이블 'mysafety_duplicate_group' 생성 중...
[2026-09-26 18:38:04,849][INFO|database.py-upgrade_schema:285] >> 테이블 'mysafety_duplicate_member' 생성 중...
[2026-09-26 18:38:04,854][INFO|database.py-upgrade_schema:285] >> 테이블 'mysafety_entry_value' 생성 중...
[2026-09-26 18:38:04,857][INFO|database.py-upgrade_schema:285] >> 테이블 'mysafety_geocode_cache' 생성 중...
[2026-09-26 18:38:04,860][INFO|database.py-upgrade_schema:285] >> 테이블 'mysafety_raw_content' 생성 중...
[2026-09-26 18:38:04,862][INFO|database.py-upgrade_schema:285] >> 테이블 'mysafety_report_override' 생성 중...
[2026-09-26 18:38:04,865][INFO|database.py-upgrade_schema:285] >> 테이블 'mysafety_sync_meta' 생성 중...
[2026-09-26 18:38:04,867][INFO|database.py-upgrade_schema:285] >> 테이블 'mysafety_watchlist' 생성 중...
[2026-09-26 18:38:04,869][INFO|database.py-upgrade_schema:285] >> 테이블 'mysafetydetail_other' 생성 중...
[2026-09-26 18:38:04,870][INFO|database.py-upgrade_schema:285] >> 테이블 'mysafetydetail_parking' 생성 중...
[2026-09-26 18:38:04,873][INFO|database.py-upgrade_schema:285] >> 테이블 'mysafetydetail_traffic' 생성 중...
[2026-09-26 18:38:04,879][INFO|database.py-upgrade_schema:285] >> 테이블 'mysafetymerge_other' 생성 중...
[2026-09-26 18:38:04,883][INFO|database.py-upgrade_schema:285] >> 테이블 'mysafetymerge_parking' 생성 중...
[2026-09-26 18:38:04,885][INFO|database.py-upgrade_schema:285] >> 테이블 'mysafetymerge_traffic' 생성 중...
[2026-09-26 18:38:04,890][INFO|database.py-_apply_versioned_migrations:452] >> [schema] DB 스키마 버전 1 적용
[2026-09-26 18:38:04,903][INFO|database.py-_apply_versioned_migrations:452] >> [schema] DB 스키마 버전 2 적용
[2026-09-26 18:38:04,905][INFO|database.py-_apply_versioned_migrations:452] >> [schema] DB 스키마 버전 3 적용
[2026-09-26 18:38:04,928][INFO|database.py-_apply_versioned_migrations:452] >> [schema] DB 스키마 버전 4 적용
......[2026-09-26 18:38:04,943][INFO|database.py-upgrade_schema:285] >> 테이블 'admin_users' 생성 중...
[2026-09-26 18:38:04,949][INFO|database.py-upgrade_schema:285] >> 테이블 'api_keys' 생성 중...
[2026-09-26 18:38:04,955][INFO|database.py-upgrade_schema:285] >> 테이블 'mysafety' 생성 중...
[2026-09-26 18:38:04,957][INFO|database.py-upgrade_schema:285] >> 테이블 'mysafety_change_cursor' 생성 중...
[2026-09-26 18:38:04,962][INFO|database.py-upgrade_schema:285] >> 테이블 'mysafety_change_log' 생성 중...
[2026-09-26 18:38:04,967][INFO|database.py-upgrade_schema:285] >> 테이블 'mysafety_duplicate_decision' 생성 중...
[2026-09-26 18:38:04,970][INFO|database.py-upgrade_schema:285] >> 테이블 'mysafety_duplicate_group' 생성 중...
[2026-09-26 18:38:04,973][INFO|database.py-upgrade_schema:285] >> 테이블 'mysafety_duplicate_member' 생성 중...
[2026-09-26 18:38:04,975][INFO|database.py-upgrade_schema:285] >> 테이블 'mysafety_entry_value' 생성 중...
[2026-09-26 18:38:04,978][INFO|database.py-upgrade_schema:285] >> 테이블 'mysafety_geocode_cache' 생성 중...
[2026-09-26 18:38:04,980][INFO|database.py-upgrade_schema:285] >> 테이블 'mysafety_raw_content' 생성 중...
[2026-09-26 18:38:04,982][INFO|database.py-upgrade_schema:285] >> 테이블 'mysafety_report_override' 생성 중...
[2026-09-26 18:38:04,984][INFO|database.py-upgrade_schema:285] >> 테이블 'mysafety_sync_meta' 생성 중...
[2026-09-26 18:38:04,985][INFO|database.py-upgrade_schema:285] >> 테이블 'mysafety_watchlist' 생성 중...
[2026-09-26 18:38:04,987][INFO|database.py-upgrade_schema:285] >> 테이블 'mysafetydetail_other' 생성 중...
[2026-09-26 18:38:04,989][INFO|database.py-upgrade_schema:285] >> 테이블 'mysafetydetail_parking' 생성 중...
[2026-09-26 18:38:04,991][INFO|database.py-upgrade_schema:285] >> 테이블 'mysafetydetail_traffic' 생성 중...
[2026-09-26 18:38:04,993][INFO|database.py-upgrade_schema:285] >> 테이블 'mysafetymerge_other' 생성 중...
[2026-09-26 18:38:04,995][INFO|database.py-upgrade_schema:285] >> 테이블 'mysafetymerge_parking' 생성 중...
[2026-09-26 18:38:04,997][INFO|database.py-upgrade_schema:285] >> 테이블 'mysafetymerge_traffic' 생성 중...
[2026-09-26 18:38:05,001][INFO|database.py-_apply_versioned_migrations:452] >> [schema] DB 스키마 버전 1 적용
[2026-09-26 18:38:05,015][INFO|database.py-_apply_versioned_migrations:452] >> [schema] DB 스키마 버전 2 적용
[2026-09-26 18:38:05,017][INFO|database.py-_apply_versioned_migrations:452] >> [schema] DB 스키마 버전 3 적용
[2026-09-26 18:38:05,029][INFO|database.py-_apply_versioned_migrations:452] >> [schema] DB 스키마 버전 4 적용
[2026-09-26 18:38:05,056][INFO|duplicate_group_service.py-_log_info:53] >> [duplicate] payload exact 중복군 0개, 멤버 0건 재생성
[2026-09-26 18:38:05,090][INFO|database.py-backfill_synced_at:100] >> [migration] mysafetydetail_traffic synced_at 백필: 12건, 미해결 0건
[2026-09-26 18:38:05,093][INFO|database.py-backfill_synced_at:100] >> [migration] mysafetydetail_parking synced_at 백필: 6건, 미해결 0건
[2026-09-26 18:38:05,096][INFO|database.py-backfill_synced_at:100] >> [migration] mysafetydetail_other synced_at 백필: 6건, 미해결 0건
[2026-09-26 18:38:05,098][INFO|database.py-backfill_synced_at:105] >> [migration] synced_at 백필 완료: 총 24건 갱신, merge 재생성 시작
[2026-09-26 18:38:05,110][INFO|database.py-merge_final:736] >> 최종 데이터 병합 완료 (Traffic/Parking/Other 분리)
[2026-09-26 18:38:05,132][INFO|duplicate_group_service.py-_log_info:53] >> [duplicate] payload exact 중복군 1개, 멤버 2건 재생성
[2026-09-26 18:38:05,139][INFO|database.py-merge_final:736] >> 최종 데이터 병합 완료 (Traffic/Parking/Other 분리)
[2026-09-26 18:38:05,161][INFO|duplicate_group_service.py-_log_info:53] >> [duplicate] payload exact 중복군 1개, 멤버 2건 재생성
.[2026-09-26 18:38:05,314][INFO|database.py-upgrade_schema:285] >> 테이블 'admin_users' 생성 중...
[2026-09-26 18:38:05,324][INFO|database.py-upgrade_schema:285] >> 테이블 'api_keys' 생성 중...
[2026-09-26 18:38:05,329][INFO|database.py-upgrade_schema:285] >> 테이블 'mysafety' 생성 중...
[2026-09-26 18:38:05,330][INFO|database.py-upgrade_schema:285] >> 테이블 'mysafety_change_cursor' 생성 중...
[2026-09-26 18:38:05,333][INFO|database.py-upgrade_schema:285] >> 테이블 'mysafety_change_log' 생성 중...
[2026-09-26 18:38:05,335][INFO|database.py-upgrade_schema:285] >> 테이블 'mysafety_duplicate_decision' 생성 중...
[2026-09-26 18:38:05,340][INFO|database.py-upgrade_schema:285] >> 테이블 'mysafety_duplicate_group' 생성 중...
[2026-09-26 18:38:05,344][INFO|database.py-upgrade_schema:285] >> 테이블 'mysafety_duplicate_member' 생성 중...
[2026-09-26 18:38:05,351][INFO|database.py-upgrade_schema:285] >> 테이블 'mysafety_entry_value' 생성 중...
[2026-09-26 18:38:05,355][INFO|database.py-upgrade_schema:285] >> 테이블 'mysafety_geocode_cache' 생성 중...
[2026-09-26 18:38:05,358][INFO|database.py-upgrade_schema:285] >> 테이블 'mysafety_raw_content' 생성 중...
[2026-09-26 18:38:05,360][INFO|database.py-upgrade_schema:285] >> 테이블 'mysafety_report_override' 생성 중...
[2026-09-26 18:38:05,362][INFO|database.py-upgrade_schema:285] >> 테이블 'mysafety_sync_meta' 생성 중...
[2026-09-26 18:38:05,364][INFO|database.py-upgrade_schema:285] >> 테이블 'mysafety_watchlist' 생성 중...
[2026-09-26 18:38:05,370][INFO|database.py-upgrade_schema:285] >> 테이블 'mysafetydetail_other' 생성 중...
[2026-09-26 18:38:05,373][INFO|database.py-upgrade_schema:285] >> 테이블 'mysafetydetail_parking' 생성 중...
[2026-09-26 18:38:05,375][INFO|database.py-upgrade_schema:285] >> 테이블 'mysafetydetail_traffic' 생성 중...
[2026-09-26 18:38:05,378][INFO|database.py-upgrade_schema:285] >> 테이블 'mysafetymerge_other' 생성 중...
[2026-09-26 18:38:05,380][INFO|database.py-upgrade_schema:285] >> 테이블 'mysafetymerge_parking' 생성 중...
[2026-09-26 18:38:05,388][INFO|database.py-upgrade_schema:285] >> 테이블 'mysafetymerge_traffic' 생성 중...
[2026-09-26 18:38:05,393][INFO|database.py-_apply_versioned_migrations:452] >> [schema] DB 스키마 버전 1 적용
[2026-09-26 18:38:05,404][INFO|database.py-_apply_versioned_migrations:452] >> [schema] DB 스키마 버전 2 적용
[2026-09-26 18:38:05,407][INFO|database.py-_apply_versioned_migrations:452] >> [schema] DB 스키마 버전 3 적용
[2026-09-26 18:38:05,426][INFO|database.py-_apply_versioned_migrations:452] >> [schema] DB 스키마 버전 4 적용
[2026-09-26 18:38:05,453][INFO|duplicate_group_service.py-_log_info:53] >> [duplicate] payload exact 중복군 0개, 멤버 0건 재생성
[2026-09-26 18:38:05,488][INFO|database.py-backfill_synced_at:100] >> [migration] mysafetydetail_traffic synced_at 백필: 12건, 미해결 0건
[2026-09-26 18:38:05,491][INFO|database.py-backfill_synced_at:100] >> [migration] mysafetydetail_parking synced_at 백필: 6건, 미해결 0건
[2026-09-26 18:38:05,494][INFO|database.py-backfill_synced_at:100] >> [migration] mysafetydetail_other synced_at 백필: 6건, 미해결 0건
[2026-09-26 18:38:05,496][INFO|database.py-backfill_synced_at:105] >> [migration] synced_at 백필 완료: 총 24건 갱신, merge 재생성 시작
[2026-09-26 18:38:05,513][INFO|database.py-merge_final:736] >> 최종 데이터 병합 완료 (Traffic/Parking/Other 분리)
[2026-09-26 18:38:05,541][INFO|duplicate_group_service.py-_log_info:53] >> [duplicate] payload exact 중복군 1개, 멤버 2건 재생성
[2026-09-26 18:38:05,552][INFO|database.py-merge_final:736] >> 최종 데이터 병합 완료 (Traffic/Parking/Other 분리)
[2026-09-26 18:38:05,576][INFO|duplicate_group_service.py-_log_info:53] >> [duplicate] payload exact 중복군 1개, 멤버 2건 재생성
[2026-09-26 18:38:05,772][INFO|duplicate_group_service.py-_log_info:53] >> [duplicate] payload exact 중복군 1개, 멤버 2건 재생성
.[2026-09-26 18:38:05,801][INFO|database.py-upgrade_schema:285] >> 테이블 'admin_users' 생성 중...
[2026-09-26 18:38:05,815][INFO|database.py-upgrade_schema:285] >> 테이블 'api_keys' 생성 중...
[2026-09-26 18:38:05,817][INFO|database.py-upgrade_schema:285] >> 테이블 'mysafety' 생성 중...
[2026-09-26 18:38:05,818][INFO|database.py-upgrade_schema:285] >> 테이블 'mysafety_change_cursor' 생성 중...
[2026-09-26 18:38:05,820][INFO|database.py-upgrade_schema:285] >> 테이블 'mysafety_change_log' 생성 중...
[2026-09-26 18:38:05,822][INFO|database.py-upgrade_schema:285] >> 테이블 'mysafety_duplicate_decision' 생성 중...
[2026-09-26 18:38:05,824][INFO|database.py-upgrade_schema:285] >> 테이블 'mysafety_duplicate_group' 생성 중...
[2026-09-26 18:38:05,825][INFO|database.py-upgrade_schema:285] >> 테이블 'mysafety_duplicate_member' 생성 중...
[2026-09-26 18:38:05,827][INFO|database.py-upgrade_schema:285] >> 테이블 'mysafety_entry_value' 생성 중...
[2026-09-26 18:38:05,828][INFO|database.py-upgrade_schema:285] >> 테이블 'mysafety_geocode_cache' 생성 중...
[2026-09-26 18:38:05,830][INFO|database.py-upgrade_schema:285] >> 테이블 'mysafety_raw_content' 생성 중...
[2026-09-26 18:38:05,831][INFO|database.py-upgrade_schema:285] >> 테이블 'mysafety_report_override' 생성 중...
[2026-09-26 18:38:05,832][INFO|database.py-upgrade_schema:285] >> 테이블 'mysafety_sync_meta' 생성 중...
[2026-09-26 18:38:05,834][INFO|database.py-upgrade_schema:285] >> 테이블 'mysafety_watchlist' 생성 중...
[2026-09-26 18:38:05,839][INFO|database.py-upgrade_schema:285] >> 테이블 'mysafetydetail_other' 생성 중...
[2026-09-26 18:38:05,842][INFO|database.py-upgrade_schema:285] >> 테이블 'mysafetydetail_parking' 생성 중...
[2026-09-26 18:38:05,844][INFO|database.py-upgrade_schema:285] >> 테이블 'mysafetydetail_traffic' 생성 중...
[2026-09-26 18:38:05,846][INFO|database.py-upgrade_schema:285] >> 테이블 'mysafetymerge_other' 생성 중...
[2026-09-26 18:38:05,849][INFO|database.py-upgrade_schema:285] >> 테이블 'mysafetymerge_parking' 생성 중...
[2026-09-26 18:38:05,851][INFO|database.py-upgrade_schema:285] >> 테이블 'mysafetymerge_traffic' 생성 중...
[2026-09-26 18:38:05,855][INFO|database.py-_apply_versioned_migrations:452] >> [schema] DB 스키마 버전 1 적용
[2026-09-26 18:38:05,861][INFO|database.py-_apply_versioned_migrations:452] >> [schema] DB 스키마 버전 2 적용
[2026-09-26 18:38:05,867][INFO|database.py-_apply_versioned_migrations:452] >> [schema] DB 스키마 버전 3 적용
[2026-09-26 18:38:05,885][INFO|database.py-_apply_versioned_migrations:452] >> [schema] DB 스키마 버전 4 적용
[2026-09-26 18:38:06,123][INFO|duplicate_group_service.py-_log_info:53] >> [duplicate] payload exact 중복군 0개, 멤버 0건 재생성
[2026-09-26 18:38:06,167][INFO|database.py-backfill_synced_at:100] >> [migration] mysafetydetail_traffic synced_at 백필: 12건, 미해결 0건
[2026-09-26 18:38:06,171][INFO|database.py-backfill_synced_at:100] >> [migration] mysafetydetail_parking synced_at 백필: 6건, 미해결 0건
[2026-09-26 18:38:06,175][INFO|database.py-backfill_synced_at:100] >> [migration] mysafetydetail_other synced_at 백필: 6건, 미해결 0건
[2026-09-26 18:38:06,177][INFO|database.py-backfill_synced_at:105] >> [migration] synced_at 백필 완료: 총 24건 갱신, merge 재생성 시작
[2026-09-26 18:38:06,196][INFO|database.py-merge_final:736] >> 최종 데이터 병합 완료 (Traffic/Parking/Other 분리)
[2026-09-26 18:38:06,225][INFO|duplicate_group_service.py-_log_info:53] >> [duplicate] payload exact 중복군 1개, 멤버 2건 재생성
[2026-09-26 18:38:06,239][INFO|database.py-merge_final:736] >> 최종 데이터 병합 완료 (Traffic/Parking/Other 분리)
[2026-09-26 18:38:06,265][INFO|duplicate_group_service.py-_log_info:53] >> [duplicate] payload exact 중복군 1개, 멤버 2건 재생성
.[2026-09-26 18:38:06,493][INFO|database.py-upgrade_schema:285] >> 테이블 'admin_users' 생성 중...
[2026-09-26 18:38:06,502][INFO|database.py-upgrade_schema:285] >> 테이블 'api_keys' 생성 중...
[2026-09-26 18:38:06,504][INFO|database.py-upgrade_schema:285] >> 테이블 'mysafety' 생성 중...
[2026-09-26 18:38:06,510][INFO|database.py-upgrade_schema:285] >> 테이블 'mysafety_change_cursor' 생성 중...
[2026-09-26 18:38:06,512][INFO|database.py-upgrade_schema:285] >> 테이블 'mysafety_change_log' 생성 중...
[2026-09-26 18:38:06,515][INFO|database.py-upgrade_schema:285] >> 테이블 'mysafety_duplicate_decision' 생성 중...
[2026-09-26 18:38:06,516][INFO|database.py-upgrade_schema:285] >> 테이블 'mysafety_duplicate_group' 생성 중...
[2026-09-26 18:38:06,518][INFO|database.py-upgrade_schema:285] >> 테이블 'mysafety_duplicate_member' 생성 중...
[2026-09-26 18:38:06,519][INFO|database.py-upgrade_schema:285] >> 테이블 'mysafety_entry_value' 생성 중...
[2026-09-26 18:38:06,521][INFO|database.py-upgrade_schema:285] >> 테이블 'mysafety_geocode_cache' 생성 중...
[2026-09-26 18:38:06,523][INFO|database.py-upgrade_schema:285] >> 테이블 'mysafety_raw_content' 생성 중...
[2026-09-26 18:38:06,525][INFO|database.py-upgrade_schema:285] >> 테이블 'mysafety_report_override' 생성 중...
[2026-09-26 18:38:06,527][INFO|database.py-upgrade_schema:285] >> 테이블 'mysafety_sync_meta' 생성 중...
[2026-09-26 18:38:06,528][INFO|database.py-upgrade_schema:285] >> 테이블 'mysafety_watchlist' 생성 중...
[2026-09-26 18:38:06,533][INFO|database.py-upgrade_schema:285] >> 테이블 'mysafetydetail_other' 생성 중...
[2026-09-26 18:38:06,535][INFO|database.py-upgrade_schema:285] >> 테이블 'mysafetydetail_parking' 생성 중...
[2026-09-26 18:38:06,541][INFO|database.py-upgrade_schema:285] >> 테이블 'mysafetydetail_traffic' 생성 중...
[2026-09-26 18:38:06,544][INFO|database.py-upgrade_schema:285] >> 테이블 'mysafetymerge_other' 생성 중...
[2026-09-26 18:38:06,546][INFO|database.py-upgrade_schema:285] >> 테이블 'mysafetymerge_parking' 생성 중...
[2026-09-26 18:38:06,549][INFO|database.py-upgrade_schema:285] >> 테이블 'mysafetymerge_traffic' 생성 중...
[2026-09-26 18:38:06,555][INFO|database.py-_apply_versioned_migrations:452] >> [schema] DB 스키마 버전 1 적용
[2026-09-26 18:38:06,568][INFO|database.py-_apply_versioned_migrations:452] >> [schema] DB 스키마 버전 2 적용
[2026-09-26 18:38:06,572][INFO|database.py-_apply_versioned_migrations:452] >> [schema] DB 스키마 버전 3 적용
[2026-09-26 18:38:06,593][INFO|database.py-_apply_versioned_migrations:452] >> [schema] DB 스키마 버전 4 적용
[2026-09-26 18:38:06,623][INFO|duplicate_group_service.py-_log_info:53] >> [duplicate] payload exact 중복군 0개, 멤버 0건 재생성
[2026-09-26 18:38:06,666][INFO|database.py-backfill_synced_at:100] >> [migration] mysafetydetail_traffic synced_at 백필: 12건, 미해결 0건
[2026-09-26 18:38:06,670][INFO|database.py-backfill_synced_at:100] >> [migration] mysafetydetail_parking synced_at 백필: 6건, 미해결 0건
[2026-09-26 18:38:06,673][INFO|database.py-backfill_synced_at:100] >> [migration] mysafetydetail_other synced_at 백필: 6건, 미해결 0건
[2026-09-26 18:38:06,675][INFO|database.py-backfill_synced_at:105] >> [migration] synced_at 백필 완료: 총 24건 갱신, merge 재생성 시작
[2026-09-26 18:38:06,690][INFO|database.py-merge_final:736] >> 최종 데이터 병합 완료 (Traffic/Parking/Other 분리)
[2026-09-26 18:38:06,715][INFO|duplicate_group_service.py-_log_info:53] >> [duplicate] payload exact 중복군 1개, 멤버 2건 재생성
[2026-09-26 18:38:06,725][INFO|database.py-merge_final:736] >> 최종 데이터 병합 완료 (Traffic/Parking/Other 분리)
[2026-09-26 18:38:06,748][INFO|duplicate_group_service.py-_log_info:53] >> [duplicate] payload exact 중복군 1개, 멤버 2건 재생성
[2026-09-26 18:38:06,900][INFO|duplicate_group_service.py-_log_info:53] >> [duplicate] payload exact 중복군 1개, 멤버 2건 재생성
.[2026-09-26 18:38:06,919][INFO|database.py-upgrade_schema:285] >> 테이블 'admin_users' 생성 중...
[2026-09-26 18:38:06,922][INFO|database.py-upgrade_schema:285] >> 테이블 'api_keys' 생성 중...
[2026-09-26 18:38:06,924][INFO|database.py-upgrade_schema:285] >> 테이블 'mysafety' 생성 중...
[2026-09-26 18:38:06,925][INFO|database.py-upgrade_schema:285] >> 테이블 'mysafety_change_cursor' 생성 중...
[2026-09-26 18:38:06,927][INFO|database.py-upgrade_schema:285] >> 테이블 'mysafety_change_log' 생성 중...
[2026-09-26 18:38:06,928][INFO|database.py-upgrade_schema:285] >> 테이블 'mysafety_duplicate_decision' 생성 중...
[2026-09-26 18:38:06,929][INFO|database.py-upgrade_schema:285] >> 테이블 'mysafety_duplicate_group' 생성 중...
[2026-09-26 18:38:06,931][INFO|database.py-upgrade_schema:285] >> 테이블 'mysafety_duplicate_member' 생성 중...
[2026-09-26 18:38:06,932][INFO|database.py-upgrade_schema:285] >> 테이블 'mysafety_entry_value' 생성 중...
[2026-09-26 18:38:06,934][INFO|database.py-upgrade_schema:285] >> 테이블 'mysafety_geocode_cache' 생성 중...
[2026-09-26 18:38:06,937][INFO|database.py-upgrade_schema:285] >> 테이블 'mysafety_raw_content' 생성 중...
[2026-09-26 18:38:06,942][INFO|database.py-upgrade_schema:285] >> 테이블 'mysafety_report_override' 생성 중...
[2026-09-26 18:38:06,944][INFO|database.py-upgrade_schema:285] >> 테이블 'mysafety_sync_meta' 생성 중...
[2026-09-26 18:38:06,952][INFO|database.py-upgrade_schema:285] >> 테이블 'mysafety_watchlist' 생성 중...
[2026-09-26 18:38:06,955][INFO|database.py-upgrade_schema:285] >> 테이블 'mysafetydetail_other' 생성 중...
[2026-09-26 18:38:06,957][INFO|database.py-upgrade_schema:285] >> 테이블 'mysafetydetail_parking' 생성 중...
[2026-09-26 18:38:06,959][INFO|database.py-upgrade_schema:285] >> 테이블 'mysafetydetail_traffic' 생성 중...
[2026-09-26 18:38:06,961][INFO|database.py-upgrade_schema:285] >> 테이블 'mysafetymerge_other' 생성 중...
[2026-09-26 18:38:06,968][INFO|database.py-upgrade_schema:285] >> 테이블 'mysafetymerge_parking' 생성 중...
[2026-09-26 18:38:06,971][INFO|database.py-upgrade_schema:285] >> 테이블 'mysafetymerge_traffic' 생성 중...
[2026-09-26 18:38:06,978][INFO|database.py-_apply_versioned_migrations:452] >> [schema] DB 스키마 버전 1 적용
[2026-09-26 18:38:06,989][INFO|database.py-_apply_versioned_migrations:452] >> [schema] DB 스키마 버전 2 적용
[2026-09-26 18:38:06,991][INFO|database.py-_apply_versioned_migrations:452] >> [schema] DB 스키마 버전 3 적용
[2026-09-26 18:38:07,006][INFO|database.py-_apply_versioned_migrations:452] >> [schema] DB 스키마 버전 4 적용
[2026-09-26 18:38:07,033][INFO|duplicate_group_service.py-_log_info:53] >> [duplicate] payload exact 중복군 0개, 멤버 0건 재생성
[2026-09-26 18:38:07,074][INFO|database.py-backfill_synced_at:100] >> [migration] mysafetydetail_traffic synced_at 백필: 12건, 미해결 0건
[2026-09-26 18:38:07,078][INFO|database.py-backfill_synced_at:100] >> [migration] mysafetydetail_parking synced_at 백필: 6건, 미해결 0건
[2026-09-26 18:38:07,082][INFO|database.py-backfill_synced_at:100] >> [migration] mysafetydetail_other synced_at 백필: 6건, 미해결 0건
[2026-09-26 18:38:07,086][INFO|database.py-backfill_synced_at:105] >> [migration] synced_at 백필 완료: 총 24건 갱신, merge 재생성 시작
[2026-09-26 18:38:07,104][INFO|database.py-merge_final:736] >> 최종 데이터 병합 완료 (Traffic/Parking/Other 분리)
[2026-09-26 18:38:07,132][INFO|duplicate_group_service.py-_log_info:53] >> [duplicate] payload exact 중복군 1개, 멤버 2건 재생성
[2026-09-26 18:38:07,140][INFO|database.py-merge_final:736] >> 최종 데이터 병합 완료 (Traffic/Parking/Other 분리)
[2026-09-26 18:38:07,164][INFO|duplicate_group_service.py-_log_info:53] >> [duplicate] payload exact 중복군 1개, 멤버 2건 재생성
.[2026-09-26 18:38:07,309][INFO|database.py-upgrade_schema:285] >> 테이블 'admin_users' 생성 중...
[2026-09-26 18:38:07,312][INFO|database.py-upgrade_schema:285] >> 테이블 'api_keys' 생성 중...
[2026-09-26 18:38:07,314][INFO|database.py-upgrade_schema:285] >> 테이블 'mysafety' 생성 중...
[2026-09-26 18:38:07,316][INFO|database.py-upgrade_schema:285] >> 테이블 'mysafety_change_cursor' 생성 중...
[2026-09-26 18:38:07,318][INFO|database.py-upgrade_schema:285] >> 테이블 'mysafety_change_log' 생성 중...
[2026-09-26 18:38:07,320][INFO|database.py-upgrade_schema:285] >> 테이블 'mysafety_duplicate_decision' 생성 중...
[2026-09-26 18:38:07,325][INFO|database.py-upgrade_schema:285] >> 테이블 'mysafety_duplicate_group' 생성 중...
[2026-09-26 18:38:07,327][INFO|database.py-upgrade_schema:285] >> 테이블 'mysafety_duplicate_member' 생성 중...
[2026-09-26 18:38:07,335][INFO|database.py-upgrade_schema:285] >> 테이블 'mysafety_entry_value' 생성 중...
[2026-09-26 18:38:07,338][INFO|database.py-upgrade_schema:285] >> 테이블 'mysafety_geocode_cache' 생성 중...
[2026-09-26 18:38:07,341][INFO|database.py-upgrade_schema:285] >> 테이블 'mysafety_raw_content' 생성 중...
[2026-09-26 18:38:07,343][INFO|database.py-upgrade_schema:285] >> 테이블 'mysafety_report_override' 생성 중...
[2026-09-26 18:38:07,346][INFO|database.py-upgrade_schema:285] >> 테이블 'mysafety_sync_meta' 생성 중...
[2026-09-26 18:38:07,351][INFO|database.py-upgrade_schema:285] >> 테이블 'mysafety_watchlist' 생성 중...
[2026-09-26 18:38:07,353][INFO|database.py-upgrade_schema:285] >> 테이블 'mysafetydetail_other' 생성 중...
[2026-09-26 18:38:07,356][INFO|database.py-upgrade_schema:285] >> 테이블 'mysafetydetail_parking' 생성 중...
[2026-09-26 18:38:07,366][INFO|database.py-upgrade_schema:285] >> 테이블 'mysafetydetail_traffic' 생성 중...
[2026-09-26 18:38:07,370][INFO|database.py-upgrade_schema:285] >> 테이블 'mysafetymerge_other' 생성 중...
[2026-09-26 18:38:07,372][INFO|database.py-upgrade_schema:285] >> 테이블 'mysafetymerge_parking' 생성 중...
[2026-09-26 18:38:07,375][INFO|database.py-upgrade_schema:285] >> 테이블 'mysafetymerge_traffic' 생성 중...
[2026-09-26 18:38:07,380][INFO|database.py-_apply_versioned_migrations:452] >> [schema] DB 스키마 버전 1 적용
[2026-09-26 18:38:07,391][INFO|database.py-_apply_versioned_migrations:452] >> [schema] DB 스키마 버전 2 적용
[2026-09-26 18:38:07,397][INFO|database.py-_apply_versioned_migrations:452] >> [schema] DB 스키마 버전 3 적용
[2026-09-26 18:38:07,424][INFO|database.py-_apply_versioned_migrations:452] >> [schema] DB 스키마 버전 4 적용
[2026-09-26 18:38:07,459][INFO|duplicate_group_service.py-_log_info:53] >> [duplicate] payload exact 중복군 0개, 멤버 0건 재생성
[2026-09-26 18:38:07,505][INFO|database.py-backfill_synced_at:100] >> [migration] mysafetydetail_traffic synced_at 백필: 12건, 미해결 0건
[2026-09-26 18:38:07,508][INFO|database.py-backfill_synced_at:100] >> [migration] mysafetydetail_parking synced_at 백필: 6건, 미해결 0건
[2026-09-26 18:38:07,512][INFO|database.py-backfill_synced_at:100] >> [migration] mysafetydetail_other synced_at 백필: 6건, 미해결 0건
[2026-09-26 18:38:07,514][INFO|database.py-backfill_synced_at:105] >> [migration] synced_at 백필 완료: 총 24건 갱신, merge 재생성 시작
[2026-09-26 18:38:07,527][INFO|database.py-merge_final:736] >> 최종 데이터 병합 완료 (Traffic/Parking/Other 분리)
[2026-09-26 18:38:07,552][INFO|duplicate_group_service.py-_log_info:53] >> [duplicate] payload exact 중복군 1개, 멤버 2건 재생성
[2026-09-26 18:38:07,570][INFO|database.py-merge_final:736] >> 최종 데이터 병합 완료 (Traffic/Parking/Other 분리)
[2026-09-26 18:38:07,595][INFO|duplicate_group_service.py-_log_info:53] >> [duplicate] payload exact 중복군 1개, 멤버 2건 재생성
[2026-09-26 18:38:07,763][WARNING|start.py-_prepare_database:63] >> --reset 옵션이 사용되어 크롤링 데이터 테이블을 초기화합니다.
[2026-09-26 18:38:07,764][INFO|start.py-_prepare_database:82] >> --reset에서도 mysafety_geocode_cache는 유지합니다. 재크롤링 시 같은 주소는 캐시 좌표를 재사용합니다.
[2026-09-26 18:38:07,797][INFO|database.py-upgrade_schema:285] >> 테이블 'mysafety' 생성 중...
[2026-09-26 18:38:07,802][INFO|database.py-upgrade_schema:285] >> 테이블 'mysafety_duplicate_group' 생성 중...
[2026-09-26 18:38:07,804][INFO|database.py-upgrade_schema:285] >> 테이블 'mysafety_duplicate_member' 생성 중...
[2026-09-26 18:38:07,805][INFO|database.py-upgrade_schema:285] >> 테이블 'mysafety_entry_value' 생성 중...
[2026-09-26 18:38:07,815][INFO|database.py-upgrade_schema:285] >> 테이블 'mysafety_raw_content' 생성 중...
[2026-09-26 18:38:07,819][INFO|database.py-upgrade_schema:285] >> 테이블 'mysafetydetail_other' 생성 중...
[2026-09-26 18:38:07,823][INFO|database.py-upgrade_schema:285] >> 테이블 'mysafetydetail_parking' 생성 중...
[2026-09-26 18:38:07,828][INFO|database.py-upgrade_schema:285] >> 테이블 'mysafetydetail_traffic' 생성 중...
[2026-09-26 18:38:07,833][INFO|database.py-upgrade_schema:285] >> 테이블 'mysafetymerge_other' 생성 중...
[2026-09-26 18:38:07,841][INFO|database.py-upgrade_schema:285] >> 테이블 'mysafetymerge_parking' 생성 중...
[2026-09-26 18:38:07,846][INFO|database.py-upgrade_schema:285] >> 테이블 'mysafetymerge_traffic' 생성 중...
.[2026-09-26 18:38:07,872][INFO|database.py-upgrade_schema:285] >> 테이블 'admin_users' 생성 중...
[2026-09-26 18:38:07,876][INFO|database.py-upgrade_schema:285] >> 테이블 'api_keys' 생성 중...
[2026-09-26 18:38:07,878][INFO|database.py-upgrade_schema:285] >> 테이블 'mysafety' 생성 중...
[2026-09-26 18:38:07,879][INFO|database.py-upgrade_schema:285] >> 테이블 'mysafety_change_cursor' 생성 중...
[2026-09-26 18:38:07,881][INFO|database.py-upgrade_schema:285] >> 테이블 'mysafety_change_log' 생성 중...
[2026-09-26 18:38:07,889][INFO|database.py-upgrade_schema:285] >> 테이블 'mysafety_duplicate_decision' 생성 중...
[2026-09-26 18:38:07,892][INFO|database.py-upgrade_schema:285] >> 테이블 'mysafety_duplicate_group' 생성 중...
[2026-09-26 18:38:07,896][INFO|database.py-upgrade_schema:285] >> 테이블 'mysafety_duplicate_member' 생성 중...
[2026-09-26 18:38:07,901][INFO|database.py-upgrade_schema:285] >> 테이블 'mysafety_entry_value' 생성 중...
[2026-09-26 18:38:07,906][INFO|database.py-upgrade_schema:285] >> 테이블 'mysafety_geocode_cache' 생성 중...
[2026-09-26 18:38:07,909][INFO|database.py-upgrade_schema:285] >> 테이블 'mysafety_raw_content' 생성 중...
[2026-09-26 18:38:07,913][INFO|database.py-upgrade_schema:285] >> 테이블 'mysafety_report_override' 생성 중...
[2026-09-26 18:38:07,922][INFO|database.py-upgrade_schema:285] >> 테이블 'mysafety_sync_meta' 생성 중...
[2026-09-26 18:38:07,927][INFO|database.py-upgrade_schema:285] >> 테이블 'mysafety_watchlist' 생성 중...
[2026-09-26 18:38:07,930][INFO|database.py-upgrade_schema:285] >> 테이블 'mysafetydetail_other' 생성 중...
[2026-09-26 18:38:07,933][INFO|database.py-upgrade_schema:285] >> 테이블 'mysafetydetail_parking' 생성 중...
[2026-09-26 18:38:07,938][INFO|database.py-upgrade_schema:285] >> 테이블 'mysafetydetail_traffic' 생성 중...
[2026-09-26 18:38:07,943][INFO|database.py-upgrade_schema:285] >> 테이블 'mysafetymerge_other' 생성 중...
[2026-09-26 18:38:07,946][INFO|database.py-upgrade_schema:285] >> 테이블 'mysafetymerge_parking' 생성 중...
[2026-09-26 18:38:07,950][INFO|database.py-upgrade_schema:285] >> 테이블 'mysafetymerge_traffic' 생성 중...
[2026-09-26 18:38:07,960][INFO|database.py-_apply_versioned_migrations:452] >> [schema] DB 스키마 버전 1 적용
[2026-09-26 18:38:07,970][INFO|database.py-_apply_versioned_migrations:452] >> [schema] DB 스키마 버전 2 적용
[2026-09-26 18:38:07,973][INFO|database.py-_apply_versioned_migrations:452] >> [schema] DB 스키마 버전 3 적용
[2026-09-26 18:38:07,998][INFO|database.py-_apply_versioned_migrations:452] >> [schema] DB 스키마 버전 4 적용
[2026-09-26 18:38:08,016][INFO|duplicate_group_service.py-_log_info:53] >> [duplicate] payload exact 중복군 0개, 멤버 0건 재생성
[2026-09-26 18:38:08,050][INFO|database.py-backfill_synced_at:100] >> [migration] mysafetydetail_traffic synced_at 백필: 12건, 미해결 0건
[2026-09-26 18:38:08,053][INFO|database.py-backfill_synced_at:100] >> [migration] mysafetydetail_parking synced_at 백필: 6건, 미해결 0건
[2026-09-26 18:38:08,056][INFO|database.py-backfill_synced_at:100] >> [migration] mysafetydetail_other synced_at 백필: 6건, 미해결 0건
[2026-09-26 18:38:08,059][INFO|database.py-backfill_synced_at:105] >> [migration] synced_at 백필 완료: 총 24건 갱신, merge 재생성 시작
[2026-09-26 18:38:08,071][INFO|database.py-merge_final:736] >> 최종 데이터 병합 완료 (Traffic/Parking/Other 분리)
[2026-09-26 18:38:08,107][INFO|duplicate_group_service.py-_log_info:53] >> [duplicate] payload exact 중복군 1개, 멤버 2건 재생성
[2026-09-26 18:38:08,123][INFO|database.py-merge_final:736] >> 최종 데이터 병합 완료 (Traffic/Parking/Other 분리)
[2026-09-26 18:38:08,146][INFO|duplicate_group_service.py-_log_info:53] >> [duplicate] payload exact 중복군 1개, 멤버 2건 재생성
[2026-09-26 18:38:08,302][INFO|crawl_manager.py-launch_pending_crawl:407] >> [crawl] 대기 큐 1건 보류: COMMUNITY_REBUILD_REQUIRED
.[2026-09-26 18:38:08,422][INFO|database.py-upgrade_schema:285] >> 테이블 'admin_users' 생성 중...
[2026-09-26 18:38:08,426][INFO|database.py-upgrade_schema:285] >> 테이블 'api_keys' 생성 중...
[2026-09-26 18:38:08,427][INFO|database.py-upgrade_schema:285] >> 테이블 'mysafety' 생성 중...
[2026-09-26 18:38:08,429][INFO|database.py-upgrade_schema:285] >> 테이블 'mysafety_change_cursor' 생성 중...
[2026-09-26 18:38:08,431][INFO|database.py-upgrade_schema:285] >> 테이블 'mysafety_change_log' 생성 중...
[2026-09-26 18:38:08,432][INFO|database.py-upgrade_schema:285] >> 테이블 'mysafety_duplicate_decision' 생성 중...
[2026-09-26 18:38:08,433][INFO|database.py-upgrade_schema:285] >> 테이블 'mysafety_duplicate_group' 생성 중...
[2026-09-26 18:38:08,435][INFO|database.py-upgrade_schema:285] >> 테이블 'mysafety_duplicate_member' 생성 중...
[2026-09-26 18:38:08,440][INFO|database.py-upgrade_schema:285] >> 테이블 'mysafety_entry_value' 생성 중...
[2026-09-26 18:38:08,442][INFO|database.py-upgrade_schema:285] >> 테이블 'mysafety_geocode_cache' 생성 중...
[2026-09-26 18:38:08,444][INFO|database.py-upgrade_schema:285] >> 테이블 'mysafety_raw_content' 생성 중...
[2026-09-26 18:38:08,446][INFO|database.py-upgrade_schema:285] >> 테이블 'mysafety_report_override' 생성 중...
[2026-09-26 18:38:08,448][INFO|database.py-upgrade_schema:285] >> 테이블 'mysafety_sync_meta' 생성 중...
[2026-09-26 18:38:08,449][INFO|database.py-upgrade_schema:285] >> 테이블 'mysafety_watchlist' 생성 중...
[2026-09-26 18:38:08,450][INFO|database.py-upgrade_schema:285] >> 테이블 'mysafetydetail_other' 생성 중...
[2026-09-26 18:38:08,452][INFO|database.py-upgrade_schema:285] >> 테이블 'mysafetydetail_parking' 생성 중...
[2026-09-26 18:38:08,454][INFO|database.py-upgrade_schema:285] >> 테이블 'mysafetydetail_traffic' 생성 중...
[2026-09-26 18:38:08,456][INFO|database.py-upgrade_schema:285] >> 테이블 'mysafetymerge_other' 생성 중...
[2026-09-26 18:38:08,458][INFO|database.py-upgrade_schema:285] >> 테이블 'mysafetymerge_parking' 생성 중...
[2026-09-26 18:38:08,460][INFO|database.py-upgrade_schema:285] >> 테이블 'mysafetymerge_traffic' 생성 중...
[2026-09-26 18:38:08,464][INFO|database.py-_apply_versioned_migrations:452] >> [schema] DB 스키마 버전 1 적용
[2026-09-26 18:38:08,472][INFO|database.py-_apply_versioned_migrations:452] >> [schema] DB 스키마 버전 2 적용
[2026-09-26 18:38:08,474][INFO|database.py-_apply_versioned_migrations:452] >> [schema] DB 스키마 버전 3 적용
[2026-09-26 18:38:08,492][INFO|database.py-_apply_versioned_migrations:452] >> [schema] DB 스키마 버전 4 적용
[2026-09-26 18:38:08,508][INFO|duplicate_group_service.py-_log_info:53] >> [duplicate] payload exact 중복군 0개, 멤버 0건 재생성
[2026-09-26 18:38:08,542][INFO|database.py-backfill_synced_at:100] >> [migration] mysafetydetail_traffic synced_at 백필: 12건, 미해결 0건
[2026-09-26 18:38:08,546][INFO|database.py-backfill_synced_at:100] >> [migration] mysafetydetail_parking synced_at 백필: 6건, 미해결 0건
[2026-09-26 18:38:08,550][INFO|database.py-backfill_synced_at:100] >> [migration] mysafetydetail_other synced_at 백필: 6건, 미해결 0건
[2026-09-26 18:38:08,552][INFO|database.py-backfill_synced_at:105] >> [migration] synced_at 백필 완료: 총 24건 갱신, merge 재생성 시작
[2026-09-26 18:38:08,558][INFO|database.py-merge_final:736] >> 최종 데이터 병합 완료 (Traffic/Parking/Other 분리)
[2026-09-26 18:38:08,582][INFO|duplicate_group_service.py-_log_info:53] >> [duplicate] payload exact 중복군 1개, 멤버 2건 재생성
[2026-09-26 18:38:08,593][INFO|database.py-merge_final:736] >> 최종 데이터 병합 완료 (Traffic/Parking/Other 분리)
[2026-09-26 18:38:08,619][INFO|duplicate_group_service.py-_log_info:53] >> [duplicate] payload exact 중복군 1개, 멤버 2건 재생성
[2026-09-26 18:38:08,756][WARNING|crawl_manager.py-launch_pending_crawl:485] >> [crawl] 대기 큐 시작 알림 실패: RuntimeError
.[2026-09-26 18:38:08,897][INFO|database.py-upgrade_schema:285] >> 테이블 'admin_users' 생성 중...
[2026-09-26 18:38:08,900][INFO|database.py-upgrade_schema:285] >> 테이블 'api_keys' 생성 중...
[2026-09-26 18:38:08,902][INFO|database.py-upgrade_schema:285] >> 테이블 'mysafety' 생성 중...
[2026-09-26 18:38:08,908][INFO|database.py-upgrade_schema:285] >> 테이블 'mysafety_change_cursor' 생성 중...
[2026-09-26 18:38:08,912][INFO|database.py-upgrade_schema:285] >> 테이블 'mysafety_change_log' 생성 중...
[2026-09-26 18:38:08,918][INFO|database.py-upgrade_schema:285] >> 테이블 'mysafety_duplicate_decision' 생성 중...
[2026-09-26 18:38:08,922][INFO|database.py-upgrade_schema:285] >> 테이블 'mysafety_duplicate_group' 생성 중...
[2026-09-26 18:38:08,924][INFO|database.py-upgrade_schema:285] >> 테이블 'mysafety_duplicate_member' 생성 중...
[2026-09-26 18:38:08,927][INFO|database.py-upgrade_schema:285] >> 테이블 'mysafety_entry_value' 생성 중...
[2026-09-26 18:38:08,929][INFO|database.py-upgrade_schema:285] >> 테이블 'mysafety_geocode_cache' 생성 중...
[2026-09-26 18:38:08,932][INFO|database.py-upgrade_schema:285] >> 테이블 'mysafety_raw_content' 생성 중...
[2026-09-26 18:38:08,934][INFO|database.py-upgrade_schema:285] >> 테이블 'mysafety_report_override' 생성 중...
[2026-09-26 18:38:08,936][INFO|database.py-upgrade_schema:285] >> 테이블 'mysafety_sync_meta' 생성 중...
[2026-09-26 18:38:08,937][INFO|database.py-upgrade_schema:285] >> 테이블 'mysafety_watchlist' 생성 중...
[2026-09-26 18:38:08,939][INFO|database.py-upgrade_schema:285] >> 테이블 'mysafetydetail_other' 생성 중...
[2026-09-26 18:38:08,943][INFO|database.py-upgrade_schema:285] >> 테이블 'mysafetydetail_parking' 생성 중...
[2026-09-26 18:38:08,947][INFO|database.py-upgrade_schema:285] >> 테이블 'mysafetydetail_traffic' 생성 중...
[2026-09-26 18:38:08,950][INFO|database.py-upgrade_schema:285] >> 테이블 'mysafetymerge_other' 생성 중...
[2026-09-26 18:38:08,952][INFO|database.py-upgrade_schema:285] >> 테이블 'mysafetymerge_parking' 생성 중...
[2026-09-26 18:38:08,954][INFO|database.py-upgrade_schema:285] >> 테이블 'mysafetymerge_traffic' 생성 중...
[2026-09-26 18:38:08,958][INFO|database.py-_apply_versioned_migrations:452] >> [schema] DB 스키마 버전 1 적용
[2026-09-26 18:38:08,963][INFO|database.py-_apply_versioned_migrations:452] >> [schema] DB 스키마 버전 2 적용
[2026-09-26 18:38:08,965][INFO|database.py-_apply_versioned_migrations:452] >> [schema] DB 스키마 버전 3 적용
[2026-09-26 18:38:08,987][INFO|database.py-_apply_versioned_migrations:452] >> [schema] DB 스키마 버전 4 적용
[2026-09-26 18:38:09,001][INFO|duplicate_group_service.py-_log_info:53] >> [duplicate] payload exact 중복군 0개, 멤버 0건 재생성
[2026-09-26 18:38:09,044][INFO|database.py-backfill_synced_at:100] >> [migration] mysafetydetail_traffic synced_at 백필: 12건, 미해결 0건
[2026-09-26 18:38:09,047][INFO|database.py-backfill_synced_at:100] >> [migration] mysafetydetail_parking synced_at 백필: 6건, 미해결 0건
[2026-09-26 18:38:09,050][INFO|database.py-backfill_synced_at:100] >> [migration] mysafetydetail_other synced_at 백필: 6건, 미해결 0건
[2026-09-26 18:38:09,051][INFO|database.py-backfill_synced_at:105] >> [migration] synced_at 백필 완료: 총 24건 갱신, merge 재생성 시작
[2026-09-26 18:38:09,057][INFO|database.py-merge_final:736] >> 최종 데이터 병합 완료 (Traffic/Parking/Other 분리)
/home/better0101/projects/safetyreport/.venv/lib/python3.14/site-packages/pandas/core/generic.py:6172: ResourceWarning: unclosed file <_io.FileIO name='/tmp/claude-1000/-home-better0101-projects-safetyreport/aa9d30e6-e7a5-4376-8fce-c9fb26682fbe/scratchpad/tmp.HHcxHGPjoa/logs/current_crawl.log' mode='ab' closefd=True>
  for name in set(self._metadata) & set(other._metadata):
ResourceWarning: Enable tracemalloc to get the object allocation traceback
[2026-09-26 18:38:09,083][INFO|duplicate_group_service.py-_log_info:53] >> [duplicate] payload exact 중복군 1개, 멤버 2건 재생성
[2026-09-26 18:38:09,090][INFO|database.py-merge_final:736] >> 최종 데이터 병합 완료 (Traffic/Parking/Other 분리)
[2026-09-26 18:38:09,118][INFO|duplicate_group_service.py-_log_info:53] >> [duplicate] payload exact 중복군 1개, 멤버 2건 재생성
[2026-09-26 18:38:09,263][INFO|start.py-_run_crawling_process:340] >> 큐 지정 크롤링 모드입니다. 전체 목록 갱신을 건너뜁니다.
[2026-09-26 18:38:09,265][WARNING|start.py-extract_ids_from_queue:131] >> 큐 신고번호 SPP-0000-NOPE의 ID를 찾을 수 없습니다. 목록 크롤링 후 재검색합니다.
[2026-09-26 18:38:09,265][INFO|start.py-_run_crawling_process:385] >> 미확인 신고번호 1건을 목록 크롤링으로 탐색합니다.
[2026-09-26 18:38:09,265][INFO|start.py-_run_crawling_process:394] >> 목록 탐색 중... 페이지 1 (남은 미확인: 1건)
[2026-09-26 18:38:09,265][WARNING|start.py-_run_crawling_process:407] >> 페이지 1 탐색 실패: network: down
[2026-09-26 18:38:09,265][WARNING|start.py-_run_crawling_process:438] >> 목록 탐색을 끝내지 못해 다음에 다시 찾습니다: ['SPP-0000-NOPE']
[2026-09-26 18:38:09,265][INFO|start.py-_run_crawling_process:444] >> 큐 파일에서 0개의 아이템 크롤링 시작.
[2026-09-26 18:38:09,265][INFO|start.py-_run_crawling_process:453] >> 크롤링할 상세 내역 없음.
[2026-09-26 18:38:09,267][INFO|start.py-_run_crawling_process:340] >> 큐 지정 크롤링 모드입니다. 전체 목록 갱신을 건너뜁니다.
[2026-09-26 18:38:09,267][WARNING|start.py-extract_ids_from_queue:131] >> 큐 신고번호 SPP-0000-NOPE의 ID를 찾을 수 없습니다. 목록 크롤링 후 재검색합니다.
[2026-09-26 18:38:09,267][INFO|start.py-_run_crawling_process:385] >> 미확인 신고번호 1건을 목록 크롤링으로 탐색합니다.
[2026-09-26 18:38:09,267][INFO|start.py-_run_crawling_process:394] >> 목록 탐색 중... 페이지 1 (남은 미확인: 1건)
[2026-09-26 18:38:09,268][WARNING|start.py-_run_crawling_process:404] >> 페이지 1 탐색 실패: down
[2026-09-26 18:38:09,268][WARNING|start.py-_run_crawling_process:438] >> 목록 탐색을 끝내지 못해 다음에 다시 찾습니다: ['SPP-0000-NOPE']
[2026-09-26 18:38:09,268][INFO|start.py-_run_crawling_process:444] >> 큐 파일에서 0개의 아이템 크롤링 시작.
[2026-09-26 18:38:09,268][INFO|start.py-_run_crawling_process:453] >> 크롤링할 상세 내역 없음.
[2026-09-26 18:38:09,270][INFO|start.py-_run_crawling_process:340] >> 큐 지정 크롤링 모드입니다. 전체 목록 갱신을 건너뜁니다.
[2026-09-26 18:38:09,271][WARNING|start.py-extract_ids_from_queue:131] >> 큐 신고번호 SPP-0000-NOPE의 ID를 찾을 수 없습니다. 목록 크롤링 후 재검색합니다.
[2026-09-26 18:38:09,271][INFO|start.py-_run_crawling_process:385] >> 미확인 신고번호 1건을 목록 크롤링으로 탐색합니다.
[2026-09-26 18:38:09,271][INFO|start.py-_run_crawling_process:394] >> 목록 탐색 중... 페이지 1 (남은 미확인: 1건)
[2026-09-26 18:38:09,272][INFO|start.py-_run_crawling_process:394] >> 목록 탐색 중... 페이지 2 (남은 미확인: 1건)
[2026-09-26 18:38:09,273][INFO|start.py-_run_crawling_process:394] >> 목록 탐색 중... 페이지 3 (남은 미확인: 1건)
[2026-09-26 18:38:09,273][INFO|start.py-_run_crawling_process:394] >> 목록 탐색 중... 페이지 4 (남은 미확인: 1건)
[2026-09-26 18:38:09,274][INFO|start.py-_run_crawling_process:394] >> 목록 탐색 중... 페이지 5 (남은 미확인: 1건)
[2026-09-26 18:38:09,274][INFO|start.py-_run_crawling_process:394] >> 목록 탐색 중... 페이지 6 (남은 미확인: 1건)
[2026-09-26 18:38:09,275][INFO|start.py-_run_crawling_process:394] >> 목록 탐색 중... 페이지 7 (남은 미확인: 1건)
[2026-09-26 18:38:09,275][INFO|start.py-_run_crawling_process:394] >> 목록 탐색 중... 페이지 8 (남은 미확인: 1건)
[2026-09-26 18:38:09,276][INFO|start.py-_run_crawling_process:394] >> 목록 탐색 중... 페이지 9 (남은 미확인: 1건)
[2026-09-26 18:38:09,277][INFO|start.py-_run_crawling_process:394] >> 목록 탐색 중... 페이지 10 (남은 미확인: 1건)
[2026-09-26 18:38:09,277][INFO|start.py-_run_crawling_process:394] >> 목록 탐색 중... 페이지 11 (남은 미확인: 1건)
[2026-09-26 18:38:09,278][INFO|start.py-_run_crawling_process:394] >> 목록 탐색 중... 페이지 12 (남은 미확인: 1건)
[2026-09-26 18:38:09,278][INFO|start.py-_run_crawling_process:394] >> 목록 탐색 중... 페이지 13 (남은 미확인: 1건)
[2026-09-26 18:38:09,279][INFO|start.py-_run_crawling_process:394] >> 목록 탐색 중... 페이지 14 (남은 미확인: 1건)
[2026-09-26 18:38:09,279][INFO|start.py-_run_crawling_process:394] >> 목록 탐색 중... 페이지 15 (남은 미확인: 1건)
[2026-09-26 18:38:09,280][INFO|start.py-_run_crawling_process:394] >> 목록 탐색 중... 페이지 16 (남은 미확인: 1건)
[2026-09-26 18:38:09,280][INFO|start.py-_run_crawling_process:394] >> 목록 탐색 중... 페이지 17 (남은 미확인: 1건)
[2026-09-26 18:38:09,281][INFO|start.py-_run_crawling_process:394] >> 목록 탐색 중... 페이지 18 (남은 미확인: 1건)
[2026-09-26 18:38:09,282][INFO|start.py-_run_crawling_process:394] >> 목록 탐색 중... 페이지 19 (남은 미확인: 1건)
[2026-09-26 18:38:09,282][INFO|start.py-_run_crawling_process:394] >> 목록 탐색 중... 페이지 20 (남은 미확인: 1건)
[2026-09-26 18:38:09,283][INFO|start.py-_run_crawling_process:394] >> 목록 탐색 중... 페이지 21 (남은 미확인: 1건)
[2026-09-26 18:38:09,283][INFO|start.py-_run_crawling_process:394] >> 목록 탐색 중... 페이지 22 (남은 미확인: 1건)
[2026-09-26 18:38:09,284][INFO|start.py-_run_crawling_process:394] >> 목록 탐색 중... 페이지 23 (남은 미확인: 1건)
[2026-09-26 18:38:09,284][INFO|start.py-_run_crawling_process:394] >> 목록 탐색 중... 페이지 24 (남은 미확인: 1건)
[2026-09-26 18:38:09,285][INFO|start.py-_run_crawling_process:394] >> 목록 탐색 중... 페이지 25 (남은 미확인: 1건)
[2026-09-26 18:38:09,285][INFO|start.py-_run_crawling_process:394] >> 목록 탐색 중... 페이지 26 (남은 미확인: 1건)
[2026-09-26 18:38:09,286][INFO|start.py-_run_crawling_process:394] >> 목록 탐색 중... 페이지 27 (남은 미확인: 1건)
[2026-09-26 18:38:09,286][INFO|start.py-_run_crawling_process:394] >> 목록 탐색 중... 페이지 28 (남은 미확인: 1건)
[2026-09-26 18:38:09,287][INFO|start.py-_run_crawling_process:394] >> 목록 탐색 중... 페이지 29 (남은 미확인: 1건)
[2026-09-26 18:38:09,288][INFO|start.py-_run_crawling_process:394] >> 목록 탐색 중... 페이지 30 (남은 미확인: 1건)
[2026-09-26 18:38:09,288][INFO|start.py-_run_crawling_process:394] >> 목록 탐색 중... 페이지 31 (남은 미확인: 1건)
[2026-09-26 18:38:09,289][INFO|start.py-_run_crawling_process:394] >> 목록 탐색 중... 페이지 32 (남은 미확인: 1건)
[2026-09-26 18:38:09,289][INFO|start.py-_run_crawling_process:394] >> 목록 탐색 중... 페이지 33 (남은 미확인: 1건)
[2026-09-26 18:38:09,290][INFO|start.py-_run_crawling_process:394] >> 목록 탐색 중... 페이지 34 (남은 미확인: 1건)
[2026-09-26 18:38:09,290][INFO|start.py-_run_crawling_process:394] >> 목록 탐색 중... 페이지 35 (남은 미확인: 1건)
[2026-09-26 18:38:09,291][INFO|start.py-_run_crawling_process:394] >> 목록 탐색 중... 페이지 36 (남은 미확인: 1건)
[2026-09-26 18:38:09,292][INFO|start.py-_run_crawling_process:394] >> 목록 탐색 중... 페이지 37 (남은 미확인: 1건)
[2026-09-26 18:38:09,292][INFO|start.py-_run_crawling_process:394] >> 목록 탐색 중... 페이지 38 (남은 미확인: 1건)
[2026-09-26 18:38:09,293][INFO|start.py-_run_crawling_process:394] >> 목록 탐색 중... 페이지 39 (남은 미확인: 1건)
[2026-09-26 18:38:09,293][INFO|start.py-_run_crawling_process:394] >> 목록 탐색 중... 페이지 40 (남은 미확인: 1건)
[2026-09-26 18:38:09,294][INFO|start.py-_run_crawling_process:394] >> 목록 탐색 중... 페이지 41 (남은 미확인: 1건)
[2026-09-26 18:38:09,294][INFO|start.py-_run_crawling_process:394] >> 목록 탐색 중... 페이지 42 (남은 미확인: 1건)
[2026-09-26 18:38:09,295][INFO|start.py-_run_crawling_process:394] >> 목록 탐색 중... 페이지 43 (남은 미확인: 1건)
[2026-09-26 18:38:09,295][INFO|start.py-_run_crawling_process:394] >> 목록 탐색 중... 페이지 44 (남은 미확인: 1건)
[2026-09-26 18:38:09,296][INFO|start.py-_run_crawling_process:394] >> 목록 탐색 중... 페이지 45 (남은 미확인: 1건)
[2026-09-26 18:38:09,297][INFO|start.py-_run_crawling_process:394] >> 목록 탐색 중... 페이지 46 (남은 미확인: 1건)
[2026-09-26 18:38:09,297][INFO|start.py-_run_crawling_process:394] >> 목록 탐색 중... 페이지 47 (남은 미확인: 1건)
[2026-09-26 18:38:09,298][INFO|start.py-_run_crawling_process:394] >> 목록 탐색 중... 페이지 48 (남은 미확인: 1건)
[2026-09-26 18:38:09,298][INFO|start.py-_run_crawling_process:394] >> 목록 탐색 중... 페이지 49 (남은 미확인: 1건)
[2026-09-26 18:38:09,299][INFO|start.py-_run_crawling_process:394] >> 목록 탐색 중... 페이지 50 (남은 미확인: 1건)
[2026-09-26 18:38:09,299][INFO|start.py-_run_crawling_process:394] >> 목록 탐색 중... 페이지 51 (남은 미확인: 1건)
[2026-09-26 18:38:09,300][INFO|start.py-_run_crawling_process:394] >> 목록 탐색 중... 페이지 52 (남은 미확인: 1건)
[2026-09-26 18:38:09,300][INFO|start.py-_run_crawling_process:394] >> 목록 탐색 중... 페이지 53 (남은 미확인: 1건)
[2026-09-26 18:38:09,301][INFO|start.py-_run_crawling_process:394] >> 목록 탐색 중... 페이지 54 (남은 미확인: 1건)
[2026-09-26 18:38:09,301][INFO|start.py-_run_crawling_process:394] >> 목록 탐색 중... 페이지 55 (남은 미확인: 1건)
[2026-09-26 18:38:09,302][INFO|start.py-_run_crawling_process:394] >> 목록 탐색 중... 페이지 56 (남은 미확인: 1건)
[2026-09-26 18:38:09,302][INFO|start.py-_run_crawling_process:394] >> 목록 탐색 중... 페이지 57 (남은 미확인: 1건)
[2026-09-26 18:38:09,303][INFO|start.py-_run_crawling_process:394] >> 목록 탐색 중... 페이지 58 (남은 미확인: 1건)
[2026-09-26 18:38:09,303][INFO|start.py-_run_crawling_process:394] >> 목록 탐색 중... 페이지 59 (남은 미확인: 1건)
[2026-09-26 18:38:09,304][INFO|start.py-_run_crawling_process:394] >> 목록 탐색 중... 페이지 60 (남은 미확인: 1건)
[2026-09-26 18:38:09,305][INFO|start.py-_run_crawling_process:394] >> 목록 탐색 중... 페이지 61 (남은 미확인: 1건)
[2026-09-26 18:38:09,306][INFO|start.py-_run_crawling_process:394] >> 목록 탐색 중... 페이지 62 (남은 미확인: 1건)
[2026-09-26 18:38:09,306][INFO|start.py-_run_crawling_process:394] >> 목록 탐색 중... 페이지 63 (남은 미확인: 1건)
[2026-09-26 18:38:09,307][INFO|start.py-_run_crawling_process:394] >> 목록 탐색 중... 페이지 64 (남은 미확인: 1건)
[2026-09-26 18:38:09,307][INFO|start.py-_run_crawling_process:394] >> 목록 탐색 중... 페이지 65 (남은 미확인: 1건)
[2026-09-26 18:38:09,308][INFO|start.py-_run_crawling_process:394] >> 목록 탐색 중... 페이지 66 (남은 미확인: 1건)
[2026-09-26 18:38:09,308][INFO|start.py-_run_crawling_process:394] >> 목록 탐색 중... 페이지 67 (남은 미확인: 1건)
[2026-09-26 18:38:09,309][INFO|start.py-_run_crawling_process:394] >> 목록 탐색 중... 페이지 68 (남은 미확인: 1건)
[2026-09-26 18:38:09,310][INFO|start.py-_run_crawling_process:394] >> 목록 탐색 중... 페이지 69 (남은 미확인: 1건)
[2026-09-26 18:38:09,310][INFO|start.py-_run_crawling_process:394] >> 목록 탐색 중... 페이지 70 (남은 미확인: 1건)
[2026-09-26 18:38:09,311][INFO|start.py-_run_crawling_process:394] >> 목록 탐색 중... 페이지 71 (남은 미확인: 1건)
[2026-09-26 18:38:09,311][INFO|start.py-_run_crawling_process:394] >> 목록 탐색 중... 페이지 72 (남은 미확인: 1건)
[2026-09-26 18:38:09,312][INFO|start.py-_run_crawling_process:394] >> 목록 탐색 중... 페이지 73 (남은 미확인: 1건)
[2026-09-26 18:38:09,312][INFO|start.py-_run_crawling_process:394] >> 목록 탐색 중... 페이지 74 (남은 미확인: 1건)
[2026-09-26 18:38:09,313][INFO|start.py-_run_crawling_process:394] >> 목록 탐색 중... 페이지 75 (남은 미확인: 1건)
[2026-09-26 18:38:09,313][INFO|start.py-_run_crawling_process:394] >> 목록 탐색 중... 페이지 76 (남은 미확인: 1건)
[2026-09-26 18:38:09,314][INFO|start.py-_run_crawling_process:394] >> 목록 탐색 중... 페이지 77 (남은 미확인: 1건)
[2026-09-26 18:38:09,314][INFO|start.py-_run_crawling_process:394] >> 목록 탐색 중... 페이지 78 (남은 미확인: 1건)
[2026-09-26 18:38:09,315][INFO|start.py-_run_crawling_process:394] >> 목록 탐색 중... 페이지 79 (남은 미확인: 1건)
[2026-09-26 18:38:09,315][INFO|start.py-_run_crawling_process:394] >> 목록 탐색 중... 페이지 80 (남은 미확인: 1건)
[2026-09-26 18:38:09,316][INFO|start.py-_run_crawling_process:394] >> 목록 탐색 중... 페이지 81 (남은 미확인: 1건)
[2026-09-26 18:38:09,317][INFO|start.py-_run_crawling_process:394] >> 목록 탐색 중... 페이지 82 (남은 미확인: 1건)
[2026-09-26 18:38:09,317][INFO|start.py-_run_crawling_process:394] >> 목록 탐색 중... 페이지 83 (남은 미확인: 1건)
[2026-09-26 18:38:09,318][INFO|start.py-_run_crawling_process:394] >> 목록 탐색 중... 페이지 84 (남은 미확인: 1건)
[2026-09-26 18:38:09,318][INFO|start.py-_run_crawling_process:394] >> 목록 탐색 중... 페이지 85 (남은 미확인: 1건)
[2026-09-26 18:38:09,319][INFO|start.py-_run_crawling_process:394] >> 목록 탐색 중... 페이지 86 (남은 미확인: 1건)
[2026-09-26 18:38:09,319][INFO|start.py-_run_crawling_process:394] >> 목록 탐색 중... 페이지 87 (남은 미확인: 1건)
[2026-09-26 18:38:09,320][INFO|start.py-_run_crawling_process:394] >> 목록 탐색 중... 페이지 88 (남은 미확인: 1건)
[2026-09-26 18:38:09,320][INFO|start.py-_run_crawling_process:394] >> 목록 탐색 중... 페이지 89 (남은 미확인: 1건)
[2026-09-26 18:38:09,321][INFO|start.py-_run_crawling_process:394] >> 목록 탐색 중... 페이지 90 (남은 미확인: 1건)
[2026-09-26 18:38:09,321][INFO|start.py-_run_crawling_process:394] >> 목록 탐색 중... 페이지 91 (남은 미확인: 1건)
[2026-09-26 18:38:09,322][INFO|start.py-_run_crawling_process:394] >> 목록 탐색 중... 페이지 92 (남은 미확인: 1건)
[2026-09-26 18:38:09,323][INFO|start.py-_run_crawling_process:394] >> 목록 탐색 중... 페이지 93 (남은 미확인: 1건)
[2026-09-26 18:38:09,323][INFO|start.py-_run_crawling_process:394] >> 목록 탐색 중... 페이지 94 (남은 미확인: 1건)
[2026-09-26 18:38:09,324][INFO|start.py-_run_crawling_process:394] >> 목록 탐색 중... 페이지 95 (남은 미확인: 1건)
[2026-09-26 18:38:09,324][INFO|start.py-_run_crawling_process:394] >> 목록 탐색 중... 페이지 96 (남은 미확인: 1건)
[2026-09-26 18:38:09,325][INFO|start.py-_run_crawling_process:394] >> 목록 탐색 중... 페이지 97 (남은 미확인: 1건)
[2026-09-26 18:38:09,325][INFO|start.py-_run_crawling_process:394] >> 목록 탐색 중... 페이지 98 (남은 미확인: 1건)
[2026-09-26 18:38:09,326][INFO|start.py-_run_crawling_process:394] >> 목록 탐색 중... 페이지 99 (남은 미확인: 1건)
[2026-09-26 18:38:09,326][INFO|start.py-_run_crawling_process:394] >> 목록 탐색 중... 페이지 100 (남은 미확인: 1건)
[2026-09-26 18:38:09,327][WARNING|start.py-_run_crawling_process:438] >> 목록 탐색을 끝내지 못해 다음에 다시 찾습니다: ['SPP-0000-NOPE']
[2026-09-26 18:38:09,327][INFO|start.py-_run_crawling_process:444] >> 큐 파일에서 0개의 아이템 크롤링 시작.
[2026-09-26 18:38:09,327][INFO|start.py-_run_crawling_process:453] >> 크롤링할 상세 내역 없음.
.[2026-09-26 18:38:09,339][INFO|database.py-upgrade_schema:285] >> 테이블 'admin_users' 생성 중...
[2026-09-26 18:38:09,342][INFO|database.py-upgrade_schema:285] >> 테이블 'api_keys' 생성 중...
[2026-09-26 18:38:09,347][INFO|database.py-upgrade_schema:285] >> 테이블 'mysafety' 생성 중...
[2026-09-26 18:38:09,350][INFO|database.py-upgrade_schema:285] >> 테이블 'mysafety_change_cursor' 생성 중...
[2026-09-26 18:38:09,358][INFO|database.py-upgrade_schema:285] >> 테이블 'mysafety_change_log' 생성 중...
[2026-09-26 18:38:09,360][INFO|database.py-upgrade_schema:285] >> 테이블 'mysafety_duplicate_decision' 생성 중...
[2026-09-26 18:38:09,362][INFO|database.py-upgrade_schema:285] >> 테이블 'mysafety_duplicate_group' 생성 중...
[2026-09-26 18:38:09,364][INFO|database.py-upgrade_schema:285] >> 테이블 'mysafety_duplicate_member' 생성 중...
[2026-09-26 18:38:09,366][INFO|database.py-upgrade_schema:285] >> 테이블 'mysafety_entry_value' 생성 중...
[2026-09-26 18:38:09,367][INFO|database.py-upgrade_schema:285] >> 테이블 'mysafety_geocode_cache' 생성 중...
[2026-09-26 18:38:09,369][INFO|database.py-upgrade_schema:285] >> 테이블 'mysafety_raw_content' 생성 중...
[2026-09-26 18:38:09,371][INFO|database.py-upgrade_schema:285] >> 테이블 'mysafety_report_override' 생성 중...
[2026-09-26 18:38:09,372][INFO|database.py-upgrade_schema:285] >> 테이블 'mysafety_sync_meta' 생성 중...
[2026-09-26 18:38:09,374][INFO|database.py-upgrade_schema:285] >> 테이블 'mysafety_watchlist' 생성 중...
[2026-09-26 18:38:09,375][INFO|database.py-upgrade_schema:285] >> 테이블 'mysafetydetail_other' 생성 중...
[2026-09-26 18:38:09,377][INFO|database.py-upgrade_schema:285] >> 테이블 'mysafetydetail_parking' 생성 중...
[2026-09-26 18:38:09,379][INFO|database.py-upgrade_schema:285] >> 테이블 'mysafetydetail_traffic' 생성 중...
[2026-09-26 18:38:09,383][INFO|database.py-upgrade_schema:285] >> 테이블 'mysafetymerge_other' 생성 중...
[2026-09-26 18:38:09,386][INFO|database.py-upgrade_schema:285] >> 테이블 'mysafetymerge_parking' 생성 중...
[2026-09-26 18:38:09,391][INFO|database.py-upgrade_schema:285] >> 테이블 'mysafetymerge_traffic' 생성 중...
[2026-09-26 18:38:09,397][INFO|database.py-_apply_versioned_migrations:452] >> [schema] DB 스키마 버전 1 적용
[2026-09-26 18:38:09,402][INFO|database.py-_apply_versioned_migrations:452] >> [schema] DB 스키마 버전 2 적용
[2026-09-26 18:38:09,407][INFO|database.py-_apply_versioned_migrations:452] >> [schema] DB 스키마 버전 3 적용
[2026-09-26 18:38:09,431][INFO|database.py-_apply_versioned_migrations:452] >> [schema] DB 스키마 버전 4 적용
[2026-09-26 18:38:09,449][INFO|duplicate_group_service.py-_log_info:53] >> [duplicate] payload exact 중복군 0개, 멤버 0건 재생성
[2026-09-26 18:38:09,487][INFO|database.py-backfill_synced_at:100] >> [migration] mysafetydetail_traffic synced_at 백필: 12건, 미해결 0건
[2026-09-26 18:38:09,490][INFO|database.py-backfill_synced_at:100] >> [migration] mysafetydetail_parking synced_at 백필: 6건, 미해결 0건
[2026-09-26 18:38:09,493][INFO|database.py-backfill_synced_at:100] >> [migration] mysafetydetail_other synced_at 백필: 6건, 미해결 0건
[2026-09-26 18:38:09,495][INFO|database.py-backfill_synced_at:105] >> [migration] synced_at 백필 완료: 총 24건 갱신, merge 재생성 시작
[2026-09-26 18:38:09,501][INFO|database.py-merge_final:736] >> 최종 데이터 병합 완료 (Traffic/Parking/Other 분리)
[2026-09-26 18:38:09,528][INFO|duplicate_group_service.py-_log_info:53] >> [duplicate] payload exact 중복군 1개, 멤버 2건 재생성
[2026-09-26 18:38:09,536][INFO|database.py-merge_final:736] >> 최종 데이터 병합 완료 (Traffic/Parking/Other 분리)
[2026-09-26 18:38:09,560][INFO|duplicate_group_service.py-_log_info:53] >> [duplicate] payload exact 중복군 1개, 멤버 2건 재생성
Exception in thread crawl-pending-after:
Traceback (most recent call last):
  File "/usr/lib/python3.14/threading.py", line 1082, in _bootstrap_inner
    self._context.run(self.run)
    ~~~~~~~~~~~~~~~~~^^^^^^^^^^
  File "/usr/lib/python3.14/threading.py", line 1024, in run
    self._target(*self._args, **self._kwargs)
    ~~~~~~~~~~~~^^^^^^^^^^^^^^^^^^^^^^^^^^^^^
  File "/home/better0101/projects/worktree/ci-20260926/safetyreport/audit-fix/services/crawl_manager.py", line 460, in _after
    self.run_after_crawl(proc, log_file)
    ~~~~~~~~~~~~~~~~~~~~^^^^^^^^^^^^^^^^
  File "/usr/lib/python3.14/unittest/mock.py", line 1176, in __call__
    return self._mock_call(*args, **kwargs)
           ~~~~~~~~~~~~~~~^^^^^^^^^^^^^^^^^
  File "/usr/lib/python3.14/unittest/mock.py", line 1180, in _mock_call
    return self._execute_mock_call(*args, **kwargs)
           ~~~~~~~~~~~~~~~~~~~~~~~^^^^^^^^^^^^^^^^^
  File "/usr/lib/python3.14/unittest/mock.py", line 1241, in _execute_mock_call
    raise effect
RuntimeError: hook failed
.[2026-09-26 18:38:09,838][INFO|database.py-upgrade_schema:285] >> 테이블 'admin_users' 생성 중...
[2026-09-26 18:38:09,842][INFO|database.py-upgrade_schema:285] >> 테이블 'api_keys' 생성 중...
[2026-09-26 18:38:09,844][INFO|database.py-upgrade_schema:285] >> 테이블 'mysafety' 생성 중...
[2026-09-26 18:38:09,845][INFO|database.py-upgrade_schema:285] >> 테이블 'mysafety_change_cursor' 생성 중...
[2026-09-26 18:38:09,850][INFO|database.py-upgrade_schema:285] >> 테이블 'mysafety_change_log' 생성 중...
[2026-09-26 18:38:09,852][INFO|database.py-upgrade_schema:285] >> 테이블 'mysafety_duplicate_decision' 생성 중...
[2026-09-26 18:38:09,853][INFO|database.py-upgrade_schema:285] >> 테이블 'mysafety_duplicate_group' 생성 중...
[2026-09-26 18:38:09,861][INFO|database.py-upgrade_schema:285] >> 테이블 'mysafety_duplicate_member' 생성 중...
[2026-09-26 18:38:09,864][INFO|database.py-upgrade_schema:285] >> 테이블 'mysafety_entry_value' 생성 중...
[2026-09-26 18:38:09,865][INFO|database.py-upgrade_schema:285] >> 테이블 'mysafety_geocode_cache' 생성 중...
[2026-09-26 18:38:09,867][INFO|database.py-upgrade_schema:285] >> 테이블 'mysafety_raw_content' 생성 중...
[2026-09-26 18:38:09,870][INFO|database.py-upgrade_schema:285] >> 테이블 'mysafety_report_override' 생성 중...
[2026-09-26 18:38:09,872][INFO|database.py-upgrade_schema:285] >> 테이블 'mysafety_sync_meta' 생성 중...
[2026-09-26 18:38:09,873][INFO|database.py-upgrade_schema:285] >> 테이블 'mysafety_watchlist' 생성 중...
[2026-09-26 18:38:09,875][INFO|database.py-upgrade_schema:285] >> 테이블 'mysafetydetail_other' 생성 중...
[2026-09-26 18:38:09,877][INFO|database.py-upgrade_schema:285] >> 테이블 'mysafetydetail_parking' 생성 중...
[2026-09-26 18:38:09,879][INFO|database.py-upgrade_schema:285] >> 테이블 'mysafetydetail_traffic' 생성 중...
[2026-09-26 18:38:09,883][INFO|database.py-upgrade_schema:285] >> 테이블 'mysafetymerge_other' 생성 중...
[2026-09-26 18:38:09,885][INFO|database.py-upgrade_schema:285] >> 테이블 'mysafetymerge_parking' 생성 중...
[2026-09-26 18:38:09,887][INFO|database.py-upgrade_schema:285] >> 테이블 'mysafetymerge_traffic' 생성 중...
[2026-09-26 18:38:09,892][INFO|database.py-_apply_versioned_migrations:452] >> [schema] DB 스키마 버전 1 적용
[2026-09-26 18:38:09,898][INFO|database.py-_apply_versioned_migrations:452] >> [schema] DB 스키마 버전 2 적용
[2026-09-26 18:38:09,901][INFO|database.py-_apply_versioned_migrations:452] >> [schema] DB 스키마 버전 3 적용
[2026-09-26 18:38:09,916][INFO|database.py-_apply_versioned_migrations:452] >> [schema] DB 스키마 버전 4 적용
[2026-09-26 18:38:09,932][INFO|duplicate_group_service.py-_log_info:53] >> [duplicate] payload exact 중복군 0개, 멤버 0건 재생성
[2026-09-26 18:38:09,981][INFO|database.py-backfill_synced_at:100] >> [migration] mysafetydetail_traffic synced_at 백필: 12건, 미해결 0건
[2026-09-26 18:38:09,985][INFO|database.py-backfill_synced_at:100] >> [migration] mysafetydetail_parking synced_at 백필: 6건, 미해결 0건
[2026-09-26 18:38:09,989][INFO|database.py-backfill_synced_at:100] >> [migration] mysafetydetail_other synced_at 백필: 6건, 미해결 0건
[2026-09-26 18:38:09,991][INFO|database.py-backfill_synced_at:105] >> [migration] synced_at 백필 완료: 총 24건 갱신, merge 재생성 시작
[2026-09-26 18:38:10,002][INFO|database.py-merge_final:736] >> 최종 데이터 병합 완료 (Traffic/Parking/Other 분리)
/home/better0101/projects/safetyreport/.venv/lib/python3.14/site-packages/pandas/core/internals/managers.py:2410: ResourceWarning: unclosed file <_io.FileIO name='/tmp/claude-1000/-home-better0101-projects-safetyreport/aa9d30e6-e7a5-4376-8fce-c9fb26682fbe/scratchpad/tmp.HHcxHGPjoa/logs/current_crawl.log' mode='ab' closefd=True>
  block_type(x[1], placement=BlockPlacement(x[0]), ndim=2)
ResourceWarning: Enable tracemalloc to get the object allocation traceback
[2026-09-26 18:38:10,031][INFO|duplicate_group_service.py-_log_info:53] >> [duplicate] payload exact 중복군 1개, 멤버 2건 재생성
[2026-09-26 18:38:10,046][INFO|database.py-merge_final:736] >> 최종 데이터 병합 완료 (Traffic/Parking/Other 분리)
[2026-09-26 18:38:10,081][INFO|duplicate_group_service.py-_log_info:53] >> [duplicate] payload exact 중복군 1개, 멤버 2건 재생성
.[2026-09-26 18:38:10,369][INFO|database.py-upgrade_schema:285] >> 테이블 'admin_users' 생성 중...
[2026-09-26 18:38:10,372][INFO|database.py-upgrade_schema:285] >> 테이블 'api_keys' 생성 중...
[2026-09-26 18:38:10,374][INFO|database.py-upgrade_schema:285] >> 테이블 'mysafety' 생성 중...
[2026-09-26 18:38:10,376][INFO|database.py-upgrade_schema:285] >> 테이블 'mysafety_change_cursor' 생성 중...
[2026-09-26 18:38:10,378][INFO|database.py-upgrade_schema:285] >> 테이블 'mysafety_change_log' 생성 중...
[2026-09-26 18:38:10,380][INFO|database.py-upgrade_schema:285] >> 테이블 'mysafety_duplicate_decision' 생성 중...
[2026-09-26 18:38:10,381][INFO|database.py-upgrade_schema:285] >> 테이블 'mysafety_duplicate_group' 생성 중...
[2026-09-26 18:38:10,384][INFO|database.py-upgrade_schema:285] >> 테이블 'mysafety_duplicate_member' 생성 중...
[2026-09-26 18:38:10,389][INFO|database.py-upgrade_schema:285] >> 테이블 'mysafety_entry_value' 생성 중...
[2026-09-26 18:38:10,391][INFO|database.py-upgrade_schema:285] >> 테이블 'mysafety_geocode_cache' 생성 중...
[2026-09-26 18:38:10,399][INFO|database.py-upgrade_schema:285] >> 테이블 'mysafety_raw_content' 생성 중...
[2026-09-26 18:38:10,403][INFO|database.py-upgrade_schema:285] >> 테이블 'mysafety_report_override' 생성 중...
[2026-09-26 18:38:10,406][INFO|database.py-upgrade_schema:285] >> 테이블 'mysafety_sync_meta' 생성 중...
[2026-09-26 18:38:10,408][INFO|database.py-upgrade_schema:285] >> 테이블 'mysafety_watchlist' 생성 중...
[2026-09-26 18:38:10,409][INFO|database.py-upgrade_schema:285] >> 테이블 'mysafetydetail_other' 생성 중...
[2026-09-26 18:38:10,411][INFO|database.py-upgrade_schema:285] >> 테이블 'mysafetydetail_parking' 생성 중...
[2026-09-26 18:38:10,413][INFO|database.py-upgrade_schema:285] >> 테이블 'mysafetydetail_traffic' 생성 중...
[2026-09-26 18:38:10,415][INFO|database.py-upgrade_schema:285] >> 테이블 'mysafetymerge_other' 생성 중...
[2026-09-26 18:38:10,418][INFO|database.py-upgrade_schema:285] >> 테이블 'mysafetymerge_parking' 생성 중...
[2026-09-26 18:38:10,421][INFO|database.py-upgrade_schema:285] >> 테이블 'mysafetymerge_traffic' 생성 중...
[2026-09-26 18:38:10,427][INFO|database.py-_apply_versioned_migrations:452] >> [schema] DB 스키마 버전 1 적용
[2026-09-26 18:38:10,440][INFO|database.py-_apply_versioned_migrations:452] >> [schema] DB 스키마 버전 2 적용
[2026-09-26 18:38:10,447][INFO|database.py-_apply_versioned_migrations:452] >> [schema] DB 스키마 버전 3 적용
[2026-09-26 18:38:10,462][INFO|database.py-_apply_versioned_migrations:452] >> [schema] DB 스키마 버전 4 적용
[2026-09-26 18:38:10,478][INFO|duplicate_group_service.py-_log_info:53] >> [duplicate] payload exact 중복군 0개, 멤버 0건 재생성
[2026-09-26 18:38:10,513][INFO|database.py-backfill_synced_at:100] >> [migration] mysafetydetail_traffic synced_at 백필: 12건, 미해결 0건
[2026-09-26 18:38:10,517][INFO|database.py-backfill_synced_at:100] >> [migration] mysafetydetail_parking synced_at 백필: 6건, 미해결 0건
[2026-09-26 18:38:10,521][INFO|database.py-backfill_synced_at:100] >> [migration] mysafetydetail_other synced_at 백필: 6건, 미해결 0건
[2026-09-26 18:38:10,523][INFO|database.py-backfill_synced_at:105] >> [migration] synced_at 백필 완료: 총 24건 갱신, merge 재생성 시작
[2026-09-26 18:38:10,530][INFO|database.py-merge_final:736] >> 최종 데이터 병합 완료 (Traffic/Parking/Other 분리)
/home/better0101/projects/safetyreport/.venv/lib/python3.14/site-packages/pandas/core/internals/managers.py:2390: ResourceWarning: unclosed file <_io.FileIO name='/tmp/claude-1000/-home-better0101-projects-safetyreport/aa9d30e6-e7a5-4376-8fce-c9fb26682fbe/scratchpad/tmp.HHcxHGPjoa/logs/current_crawl.log' mode='ab' closefd=True>
  grouper = itertools.groupby(tuples, _grouping_func)
ResourceWarning: Enable tracemalloc to get the object allocation traceback
[2026-09-26 18:38:10,558][INFO|duplicate_group_service.py-_log_info:53] >> [duplicate] payload exact 중복군 1개, 멤버 2건 재생성
[2026-09-26 18:38:10,568][INFO|database.py-merge_final:736] >> 최종 데이터 병합 완료 (Traffic/Parking/Other 분리)
[2026-09-26 18:38:10,599][INFO|duplicate_group_service.py-_log_info:53] >> [duplicate] payload exact 중복군 1개, 멤버 2건 재생성
.[2026-09-26 18:38:10,759][INFO|database.py-upgrade_schema:285] >> 테이블 'admin_users' 생성 중...
[2026-09-26 18:38:10,762][INFO|database.py-upgrade_schema:285] >> 테이블 'api_keys' 생성 중...
[2026-09-26 18:38:10,763][INFO|database.py-upgrade_schema:285] >> 테이블 'mysafety' 생성 중...
[2026-09-26 18:38:10,768][INFO|database.py-upgrade_schema:285] >> 테이블 'mysafety_change_cursor' 생성 중...
[2026-09-26 18:38:10,770][INFO|database.py-upgrade_schema:285] >> 테이블 'mysafety_change_log' 생성 중...
[2026-09-26 18:38:10,778][INFO|database.py-upgrade_schema:285] >> 테이블 'mysafety_duplicate_decision' 생성 중...
[2026-09-26 18:38:10,783][INFO|database.py-upgrade_schema:285] >> 테이블 'mysafety_duplicate_group' 생성 중...
[2026-09-26 18:38:10,786][INFO|database.py-upgrade_schema:285] >> 테이블 'mysafety_duplicate_member' 생성 중...
[2026-09-26 18:38:10,791][INFO|database.py-upgrade_schema:285] >> 테이블 'mysafety_entry_value' 생성 중...
[2026-09-26 18:38:10,793][INFO|database.py-upgrade_schema:285] >> 테이블 'mysafety_geocode_cache' 생성 중...
[2026-09-26 18:38:10,802][INFO|database.py-upgrade_schema:285] >> 테이블 'mysafety_raw_content' 생성 중...
[2026-09-26 18:38:10,805][INFO|database.py-upgrade_schema:285] >> 테이블 'mysafety_report_override' 생성 중...
[2026-09-26 18:38:10,807][INFO|database.py-upgrade_schema:285] >> 테이블 'mysafety_sync_meta' 생성 중...
[2026-09-26 18:38:10,809][INFO|database.py-upgrade_schema:285] >> 테이블 'mysafety_watchlist' 생성 중...
[2026-09-26 18:38:10,813][INFO|database.py-upgrade_schema:285] >> 테이블 'mysafetydetail_other' 생성 중...
[2026-09-26 18:38:10,818][INFO|database.py-upgrade_schema:285] >> 테이블 'mysafetydetail_parking' 생성 중...
[2026-09-26 18:38:10,821][INFO|database.py-upgrade_schema:285] >> 테이블 'mysafetydetail_traffic' 생성 중...
[2026-09-26 18:38:10,829][INFO|database.py-upgrade_schema:285] >> 테이블 'mysafetymerge_other' 생성 중...
[2026-09-26 18:38:10,833][INFO|database.py-upgrade_schema:285] >> 테이블 'mysafetymerge_parking' 생성 중...
[2026-09-26 18:38:10,836][INFO|database.py-upgrade_schema:285] >> 테이블 'mysafetymerge_traffic' 생성 중...
[2026-09-26 18:38:10,840][INFO|database.py-_apply_versioned_migrations:452] >> [schema] DB 스키마 버전 1 적용
[2026-09-26 18:38:10,851][INFO|database.py-_apply_versioned_migrations:452] >> [schema] DB 스키마 버전 2 적용
[2026-09-26 18:38:10,854][INFO|database.py-_apply_versioned_migrations:452] >> [schema] DB 스키마 버전 3 적용
[2026-09-26 18:38:10,874][INFO|database.py-_apply_versioned_migrations:452] >> [schema] DB 스키마 버전 4 적용
[2026-09-26 18:38:10,890][INFO|duplicate_group_service.py-_log_info:53] >> [duplicate] payload exact 중복군 0개, 멤버 0건 재생성
[2026-09-26 18:38:10,926][INFO|database.py-backfill_synced_at:100] >> [migration] mysafetydetail_traffic synced_at 백필: 12건, 미해결 0건
[2026-09-26 18:38:10,929][INFO|database.py-backfill_synced_at:100] >> [migration] mysafetydetail_parking synced_at 백필: 6건, 미해결 0건
[2026-09-26 18:38:10,932][INFO|database.py-backfill_synced_at:100] >> [migration] mysafetydetail_other synced_at 백필: 6건, 미해결 0건
[2026-09-26 18:38:10,934][INFO|database.py-backfill_synced_at:105] >> [migration] synced_at 백필 완료: 총 24건 갱신, merge 재생성 시작
[2026-09-26 18:38:10,940][INFO|database.py-merge_final:736] >> 최종 데이터 병합 완료 (Traffic/Parking/Other 분리)
[2026-09-26 18:38:10,965][INFO|duplicate_group_service.py-_log_info:53] >> [duplicate] payload exact 중복군 1개, 멤버 2건 재생성
[2026-09-26 18:38:10,973][INFO|database.py-merge_final:736] >> 최종 데이터 병합 완료 (Traffic/Parking/Other 분리)
[2026-09-26 18:38:10,995][INFO|duplicate_group_service.py-_log_info:53] >> [duplicate] payload exact 중복군 1개, 멤버 2건 재생성
[2026-09-26 18:38:11,133][INFO|crawl_manager.py-launch_pending_crawl:430] >> [crawl] 대기 큐 1건 보류: DB 가 복원되어 공유 데이터 확인을 다시 해야 합니다. 다시 시작하세요.
.[2026-09-26 18:38:11,251][INFO|database.py-upgrade_schema:285] >> 테이블 'admin_users' 생성 중...
[2026-09-26 18:38:11,260][INFO|database.py-upgrade_schema:285] >> 테이블 'api_keys' 생성 중...
[2026-09-26 18:38:11,263][INFO|database.py-upgrade_schema:285] >> 테이블 'mysafety' 생성 중...
[2026-09-26 18:38:11,268][INFO|database.py-upgrade_schema:285] >> 테이블 'mysafety_change_cursor' 생성 중...
[2026-09-26 18:38:11,270][INFO|database.py-upgrade_schema:285] >> 테이블 'mysafety_change_log' 생성 중...
[2026-09-26 18:38:11,271][INFO|database.py-upgrade_schema:285] >> 테이블 'mysafety_duplicate_decision' 생성 중...
[2026-09-26 18:38:11,273][INFO|database.py-upgrade_schema:285] >> 테이블 'mysafety_duplicate_group' 생성 중...
[2026-09-26 18:38:11,274][INFO|database.py-upgrade_schema:285] >> 테이블 'mysafety_duplicate_member' 생성 중...
[2026-09-26 18:38:11,276][INFO|database.py-upgrade_schema:285] >> 테이블 'mysafety_entry_value' 생성 중...
[2026-09-26 18:38:11,277][INFO|database.py-upgrade_schema:285] >> 테이블 'mysafety_geocode_cache' 생성 중...
[2026-09-26 18:38:11,279][INFO|database.py-upgrade_schema:285] >> 테이블 'mysafety_raw_content' 생성 중...
[2026-09-26 18:38:11,280][INFO|database.py-upgrade_schema:285] >> 테이블 'mysafety_report_override' 생성 중...
[2026-09-26 18:38:11,293][INFO|database.py-upgrade_schema:285] >> 테이블 'mysafety_sync_meta' 생성 중...
[2026-09-26 18:38:11,297][INFO|database.py-upgrade_schema:285] >> 테이블 'mysafety_watchlist' 생성 중...
[2026-09-26 18:38:11,300][INFO|database.py-upgrade_schema:285] >> 테이블 'mysafetydetail_other' 생성 중...
[2026-09-26 18:38:11,307][INFO|database.py-upgrade_schema:285] >> 테이블 'mysafetydetail_parking' 생성 중...
[2026-09-26 18:38:11,311][INFO|database.py-upgrade_schema:285] >> 테이블 'mysafetydetail_traffic' 생성 중...
[2026-09-26 18:38:11,316][INFO|database.py-upgrade_schema:285] >> 테이블 'mysafetymerge_other' 생성 중...
[2026-09-26 18:38:11,322][INFO|database.py-upgrade_schema:285] >> 테이블 'mysafetymerge_parking' 생성 중...
[2026-09-26 18:38:11,330][INFO|database.py-upgrade_schema:285] >> 테이블 'mysafetymerge_traffic' 생성 중...
[2026-09-26 18:38:11,341][INFO|database.py-_apply_versioned_migrations:452] >> [schema] DB 스키마 버전 1 적용
[2026-09-26 18:38:11,349][INFO|database.py-_apply_versioned_migrations:452] >> [schema] DB 스키마 버전 2 적용
[2026-09-26 18:38:11,351][INFO|database.py-_apply_versioned_migrations:452] >> [schema] DB 스키마 버전 3 적용
[2026-09-26 18:38:11,372][INFO|database.py-_apply_versioned_migrations:452] >> [schema] DB 스키마 버전 4 적용
[2026-09-26 18:38:11,387][INFO|duplicate_group_service.py-_log_info:53] >> [duplicate] payload exact 중복군 0개, 멤버 0건 재생성
[2026-09-26 18:38:11,424][INFO|database.py-backfill_synced_at:100] >> [migration] mysafetydetail_traffic synced_at 백필: 12건, 미해결 0건
[2026-09-26 18:38:11,427][INFO|database.py-backfill_synced_at:100] >> [migration] mysafetydetail_parking synced_at 백필: 6건, 미해결 0건
[2026-09-26 18:38:11,430][INFO|database.py-backfill_synced_at:100] >> [migration] mysafetydetail_other synced_at 백필: 6건, 미해결 0건
[2026-09-26 18:38:11,434][INFO|database.py-backfill_synced_at:105] >> [migration] synced_at 백필 완료: 총 24건 갱신, merge 재생성 시작
[2026-09-26 18:38:11,443][INFO|database.py-merge_final:736] >> 최종 데이터 병합 완료 (Traffic/Parking/Other 분리)
[2026-09-26 18:38:11,482][INFO|duplicate_group_service.py-_log_info:53] >> [duplicate] payload exact 중복군 1개, 멤버 2건 재생성
[2026-09-26 18:38:11,493][INFO|database.py-merge_final:736] >> 최종 데이터 병합 완료 (Traffic/Parking/Other 분리)
[2026-09-26 18:38:11,524][INFO|duplicate_group_service.py-_log_info:53] >> [duplicate] payload exact 중복군 1개, 멤버 2건 재생성
[2026-09-26 18:38:11,752][INFO|database.py-_normalize_processing_layers:188] >> [migration] raw/canonical 상태 정규화 완료: 총 5건 갱신
[2026-09-26 18:38:11,770][INFO|database.py-merge_final:736] >> 최종 데이터 병합 완료 (Traffic/Parking/Other 분리)
[2026-09-26 18:38:11,802][INFO|duplicate_group_service.py-_log_info:53] >> [duplicate] payload exact 중복군 1개, 멤버 2건 재생성
[2026-09-26 18:38:11,825][INFO|database.py-merge_final:736] >> 최종 데이터 병합 완료 (Traffic/Parking/Other 분리)
[2026-09-26 18:38:11,838][INFO|duplicate_group_service.py-_log_info:53] >> [duplicate] payload exact 중복군 0개, 멤버 0건 재생성
[2026-09-26 18:38:11,868][INFO|exchange.py-_restore_exclusive:413] >> mobile DB 복원 완료. 백업: /tmp/claude-1000/-home-better0101-projects-safetyreport/aa9d30e6-e7a5-4376-8fce-c9fb26682fbe/scratchpad/tmp.HHcxHGPjoa/backups/data_before_restore_20260926_183811.db, 신고건수: 1
.[2026-09-26 18:38:11,876][INFO|database.py-upgrade_schema:285] >> 테이블 'admin_users' 생성 중...
[2026-09-26 18:38:11,882][INFO|database.py-upgrade_schema:285] >> 테이블 'api_keys' 생성 중...
[2026-09-26 18:38:11,887][INFO|database.py-upgrade_schema:285] >> 테이블 'mysafety' 생성 중...
[2026-09-26 18:38:11,892][INFO|database.py-upgrade_schema:285] >> 테이블 'mysafety_change_cursor' 생성 중...
[2026-09-26 18:38:11,894][INFO|database.py-upgrade_schema:285] >> 테이블 'mysafety_change_log' 생성 중...
[2026-09-26 18:38:11,897][INFO|database.py-upgrade_schema:285] >> 테이블 'mysafety_duplicate_decision' 생성 중...
[2026-09-26 18:38:11,899][INFO|database.py-upgrade_schema:285] >> 테이블 'mysafety_duplicate_group' 생성 중...
[2026-09-26 18:38:11,900][INFO|database.py-upgrade_schema:285] >> 테이블 'mysafety_duplicate_member' 생성 중...
[2026-09-26 18:38:11,902][INFO|database.py-upgrade_schema:285] >> 테이블 'mysafety_entry_value' 생성 중...
[2026-09-26 18:38:11,903][INFO|database.py-upgrade_schema:285] >> 테이블 'mysafety_geocode_cache' 생성 중...
[2026-09-26 18:38:11,905][INFO|database.py-upgrade_schema:285] >> 테이블 'mysafety_raw_content' 생성 중...
[2026-09-26 18:38:11,907][INFO|database.py-upgrade_schema:285] >> 테이블 'mysafety_report_override' 생성 중...
[2026-09-26 18:38:11,909][INFO|database.py-upgrade_schema:285] >> 테이블 'mysafety_sync_meta' 생성 중...
[2026-09-26 18:38:11,910][INFO|database.py-upgrade_schema:285] >> 테이블 'mysafety_watchlist' 생성 중...
[2026-09-26 18:38:11,912][INFO|database.py-upgrade_schema:285] >> 테이블 'mysafetydetail_other' 생성 중...
[2026-09-26 18:38:11,917][INFO|database.py-upgrade_schema:285] >> 테이블 'mysafetydetail_parking' 생성 중...
[2026-09-26 18:38:11,919][INFO|database.py-upgrade_schema:285] >> 테이블 'mysafetydetail_traffic' 생성 중...
[2026-09-26 18:38:11,923][INFO|database.py-upgrade_schema:285] >> 테이블 'mysafetymerge_other' 생성 중...
[2026-09-26 18:38:11,933][INFO|database.py-upgrade_schema:285] >> 테이블 'mysafetymerge_parking' 생성 중...
[2026-09-26 18:38:11,936][INFO|database.py-upgrade_schema:285] >> 테이블 'mysafetymerge_traffic' 생성 중...
[2026-09-26 18:38:11,942][INFO|database.py-_apply_versioned_migrations:452] >> [schema] DB 스키마 버전 1 적용
[2026-09-26 18:38:11,948][INFO|database.py-_apply_versioned_migrations:452] >> [schema] DB 스키마 버전 2 적용
[2026-09-26 18:38:11,953][INFO|database.py-_apply_versioned_migrations:452] >> [schema] DB 스키마 버전 3 적용
[2026-09-26 18:38:11,974][INFO|database.py-_apply_versioned_migrations:452] >> [schema] DB 스키마 버전 4 적용
[2026-09-26 18:38:11,989][INFO|duplicate_group_service.py-_log_info:53] >> [duplicate] payload exact 중복군 0개, 멤버 0건 재생성
[2026-09-26 18:38:12,024][INFO|database.py-backfill_synced_at:100] >> [migration] mysafetydetail_traffic synced_at 백필: 12건, 미해결 0건
[2026-09-26 18:38:12,027][INFO|database.py-backfill_synced_at:100] >> [migration] mysafetydetail_parking synced_at 백필: 6건, 미해결 0건
[2026-09-26 18:38:12,030][INFO|database.py-backfill_synced_at:100] >> [migration] mysafetydetail_other synced_at 백필: 6건, 미해결 0건
[2026-09-26 18:38:12,033][INFO|database.py-backfill_synced_at:105] >> [migration] synced_at 백필 완료: 총 24건 갱신, merge 재생성 시작
[2026-09-26 18:38:12,050][INFO|database.py-merge_final:736] >> 최종 데이터 병합 완료 (Traffic/Parking/Other 분리)
[2026-09-26 18:38:12,076][INFO|duplicate_group_service.py-_log_info:53] >> [duplicate] payload exact 중복군 1개, 멤버 2건 재생성
[2026-09-26 18:38:12,087][INFO|database.py-merge_final:736] >> 최종 데이터 병합 완료 (Traffic/Parking/Other 분리)
[2026-09-26 18:38:12,110][INFO|duplicate_group_service.py-_log_info:53] >> [duplicate] payload exact 중복군 1개, 멤버 2건 재생성
[2026-09-26 18:38:12,266][INFO|start.py-_run_crawling_process:340] >> 큐 지정 크롤링 모드입니다. 전체 목록 갱신을 건너뜁니다.
[2026-09-26 18:38:12,266][WARNING|start.py-extract_ids_from_queue:131] >> 큐 신고번호 SPP-의 ID를 찾을 수 없습니다. 목록 크롤링 후 재검색합니다.
[2026-09-26 18:38:12,267][INFO|start.py-_run_crawling_process:385] >> 미확인 신고번호 1건을 목록 크롤링으로 탐색합니다.
[2026-09-26 18:38:12,267][INFO|start.py-_run_crawling_process:394] >> 목록 탐색 중... 페이지 1 (남은 미확인: 1건)
[2026-09-26 18:38:12,267][ERROR|start.py-_run_crawling_process:433] >> 여러 신고에 걸리는 번호라 어느 신고인지 정할 수 없습니다 — 정확한 신고번호로 다시 요청하세요: ['SPP-']
[2026-09-26 18:38:12,267][INFO|start.py-_run_crawling_process:444] >> 큐 파일에서 0개의 아이템 크롤링 시작.
[2026-09-26 18:38:12,267][INFO|start.py-_run_crawling_process:453] >> 크롤링할 상세 내역 없음.
.[2026-09-26 18:38:12,278][INFO|database.py-upgrade_schema:285] >> 테이블 'admin_users' 생성 중...
[2026-09-26 18:38:12,284][INFO|database.py-upgrade_schema:285] >> 테이블 'api_keys' 생성 중...
[2026-09-26 18:38:12,286][INFO|database.py-upgrade_schema:285] >> 테이블 'mysafety' 생성 중...
[2026-09-26 18:38:12,289][INFO|database.py-upgrade_schema:285] >> 테이블 'mysafety_change_cursor' 생성 중...
[2026-09-26 18:38:12,291][INFO|database.py-upgrade_schema:285] >> 테이블 'mysafety_change_log' 생성 중...
[2026-09-26 18:38:12,296][INFO|database.py-upgrade_schema:285] >> 테이블 'mysafety_duplicate_decision' 생성 중...
[2026-09-26 18:38:12,298][INFO|database.py-upgrade_schema:285] >> 테이블 'mysafety_duplicate_group' 생성 중...
[2026-09-26 18:38:12,304][INFO|database.py-upgrade_schema:285] >> 테이블 'mysafety_duplicate_member' 생성 중...
[2026-09-26 18:38:12,308][INFO|database.py-upgrade_schema:285] >> 테이블 'mysafety_entry_value' 생성 중...
[2026-09-26 18:38:12,315][INFO|database.py-upgrade_schema:285] >> 테이블 'mysafety_geocode_cache' 생성 중...
[2026-09-26 18:38:12,317][INFO|database.py-upgrade_schema:285] >> 테이블 'mysafety_raw_content' 생성 중...
[2026-09-26 18:38:12,319][INFO|database.py-upgrade_schema:285] >> 테이블 'mysafety_report_override' 생성 중...
[2026-09-26 18:38:12,321][INFO|database.py-upgrade_schema:285] >> 테이블 'mysafety_sync_meta' 생성 중...
[2026-09-26 18:38:12,324][INFO|database.py-upgrade_schema:285] >> 테이블 'mysafety_watchlist' 생성 중...
[2026-09-26 18:38:12,325][INFO|database.py-upgrade_schema:285] >> 테이블 'mysafetydetail_other' 생성 중...
[2026-09-26 18:38:12,332][INFO|database.py-upgrade_schema:285] >> 테이블 'mysafetydetail_parking' 생성 중...
[2026-09-26 18:38:12,337][INFO|database.py-upgrade_schema:285] >> 테이블 'mysafetydetail_traffic' 생성 중...
[2026-09-26 18:38:12,339][INFO|database.py-upgrade_schema:285] >> 테이블 'mysafetymerge_other' 생성 중...
[2026-09-26 18:38:12,341][INFO|database.py-upgrade_schema:285] >> 테이블 'mysafetymerge_parking' 생성 중...
[2026-09-26 18:38:12,352][INFO|database.py-upgrade_schema:285] >> 테이블 'mysafetymerge_traffic' 생성 중...
[2026-09-26 18:38:12,356][INFO|database.py-_apply_versioned_migrations:452] >> [schema] DB 스키마 버전 1 적용
[2026-09-26 18:38:12,373][INFO|database.py-_apply_versioned_migrations:452] >> [schema] DB 스키마 버전 2 적용
[2026-09-26 18:38:12,377][INFO|database.py-_apply_versioned_migrations:452] >> [schema] DB 스키마 버전 3 적용
[2026-09-26 18:38:12,398][INFO|database.py-_apply_versioned_migrations:452] >> [schema] DB 스키마 버전 4 적용
[2026-09-26 18:38:12,417][INFO|duplicate_group_service.py-_log_info:53] >> [duplicate] payload exact 중복군 0개, 멤버 0건 재생성
[2026-09-26 18:38:12,460][INFO|database.py-backfill_synced_at:100] >> [migration] mysafetydetail_traffic synced_at 백필: 12건, 미해결 0건
[2026-09-26 18:38:12,463][INFO|database.py-backfill_synced_at:100] >> [migration] mysafetydetail_parking synced_at 백필: 6건, 미해결 0건
[2026-09-26 18:38:12,466][INFO|database.py-backfill_synced_at:100] >> [migration] mysafetydetail_other synced_at 백필: 6건, 미해결 0건
[2026-09-26 18:38:12,469][INFO|database.py-backfill_synced_at:105] >> [migration] synced_at 백필 완료: 총 24건 갱신, merge 재생성 시작
[2026-09-26 18:38:12,481][INFO|database.py-merge_final:736] >> 최종 데이터 병합 완료 (Traffic/Parking/Other 분리)
[2026-09-26 18:38:12,510][INFO|duplicate_group_service.py-_log_info:53] >> [duplicate] payload exact 중복군 1개, 멤버 2건 재생성
[2026-09-26 18:38:12,520][INFO|database.py-merge_final:736] >> 최종 데이터 병합 완료 (Traffic/Parking/Other 분리)
[2026-09-26 18:38:12,546][INFO|duplicate_group_service.py-_log_info:53] >> [duplicate] payload exact 중복군 1개, 멤버 2건 재생성
.[2026-09-26 18:38:12,710][INFO|database.py-upgrade_schema:285] >> 테이블 'admin_users' 생성 중...
[2026-09-26 18:38:12,716][INFO|database.py-upgrade_schema:285] >> 테이블 'api_keys' 생성 중...
[2026-09-26 18:38:12,718][INFO|database.py-upgrade_schema:285] >> 테이블 'mysafety' 생성 중...
[2026-09-26 18:38:12,722][INFO|database.py-upgrade_schema:285] >> 테이블 'mysafety_change_cursor' 생성 중...
[2026-09-26 18:38:12,724][INFO|database.py-upgrade_schema:285] >> 테이블 'mysafety_change_log' 생성 중...
[2026-09-26 18:38:12,726][INFO|database.py-upgrade_schema:285] >> 테이블 'mysafety_duplicate_decision' 생성 중...
[2026-09-26 18:38:12,728][INFO|database.py-upgrade_schema:285] >> 테이블 'mysafety_duplicate_group' 생성 중...
[2026-09-26 18:38:12,731][INFO|database.py-upgrade_schema:285] >> 테이블 'mysafety_duplicate_member' 생성 중...
[2026-09-26 18:38:12,736][INFO|database.py-upgrade_schema:285] >> 테이블 'mysafety_entry_value' 생성 중...
[2026-09-26 18:38:12,738][INFO|database.py-upgrade_schema:285] >> 테이블 'mysafety_geocode_cache' 생성 중...
[2026-09-26 18:38:12,740][INFO|database.py-upgrade_schema:285] >> 테이블 'mysafety_raw_content' 생성 중...
[2026-09-26 18:38:12,743][INFO|database.py-upgrade_schema:285] >> 테이블 'mysafety_report_override' 생성 중...
[2026-09-26 18:38:12,745][INFO|database.py-upgrade_schema:285] >> 테이블 'mysafety_sync_meta' 생성 중...
[2026-09-26 18:38:12,749][INFO|database.py-upgrade_schema:285] >> 테이블 'mysafety_watchlist' 생성 중...
[2026-09-26 18:38:12,752][INFO|database.py-upgrade_schema:285] >> 테이블 'mysafetydetail_other' 생성 중...
[2026-09-26 18:38:12,759][INFO|database.py-upgrade_schema:285] >> 테이블 'mysafetydetail_parking' 생성 중...
[2026-09-26 18:38:12,763][INFO|database.py-upgrade_schema:285] >> 테이블 'mysafetydetail_traffic' 생성 중...
[2026-09-26 18:38:12,765][INFO|database.py-upgrade_schema:285] >> 테이블 'mysafetymerge_other' 생성 중...
[2026-09-26 18:38:12,767][INFO|database.py-upgrade_schema:285] >> 테이블 'mysafetymerge_parking' 생성 중...
[2026-09-26 18:38:12,774][INFO|database.py-upgrade_schema:285] >> 테이블 'mysafetymerge_traffic' 생성 중...
[2026-09-26 18:38:12,784][INFO|database.py-_apply_versioned_migrations:452] >> [schema] DB 스키마 버전 1 적용
[2026-09-26 18:38:12,793][INFO|database.py-_apply_versioned_migrations:452] >> [schema] DB 스키마 버전 2 적용
[2026-09-26 18:38:12,794][INFO|database.py-_apply_versioned_migrations:452] >> [schema] DB 스키마 버전 3 적용
[2026-09-26 18:38:12,821][INFO|database.py-_apply_versioned_migrations:452] >> [schema] DB 스키마 버전 4 적용
[2026-09-26 18:38:12,836][INFO|duplicate_group_service.py-_log_info:53] >> [duplicate] payload exact 중복군 0개, 멤버 0건 재생성
[2026-09-26 18:38:12,871][INFO|database.py-backfill_synced_at:100] >> [migration] mysafetydetail_traffic synced_at 백필: 12건, 미해결 0건
[2026-09-26 18:38:12,874][INFO|database.py-backfill_synced_at:100] >> [migration] mysafetydetail_parking synced_at 백필: 6건, 미해결 0건
[2026-09-26 18:38:12,877][INFO|database.py-backfill_synced_at:100] >> [migration] mysafetydetail_other synced_at 백필: 6건, 미해결 0건
[2026-09-26 18:38:12,879][INFO|database.py-backfill_synced_at:105] >> [migration] synced_at 백필 완료: 총 24건 갱신, merge 재생성 시작
[2026-09-26 18:38:12,889][INFO|database.py-merge_final:736] >> 최종 데이터 병합 완료 (Traffic/Parking/Other 분리)
[2026-09-26 18:38:12,913][INFO|duplicate_group_service.py-_log_info:53] >> [duplicate] payload exact 중복군 1개, 멤버 2건 재생성
[2026-09-26 18:38:12,925][INFO|database.py-merge_final:736] >> 최종 데이터 병합 완료 (Traffic/Parking/Other 분리)
[2026-09-26 18:38:12,960][INFO|duplicate_group_service.py-_log_info:53] >> [duplicate] payload exact 중복군 1개, 멤버 2건 재생성
.[2026-09-26 18:38:13,231][INFO|database.py-upgrade_schema:285] >> 테이블 'admin_users' 생성 중...
[2026-09-26 18:38:13,239][INFO|database.py-upgrade_schema:285] >> 테이블 'api_keys' 생성 중...
[2026-09-26 18:38:13,241][INFO|database.py-upgrade_schema:285] >> 테이블 'mysafety' 생성 중...
[2026-09-26 18:38:13,249][INFO|database.py-upgrade_schema:285] >> 테이블 'mysafety_change_cursor' 생성 중...
[2026-09-26 18:38:13,251][INFO|database.py-upgrade_schema:285] >> 테이블 'mysafety_change_log' 생성 중...
[2026-09-26 18:38:13,254][INFO|database.py-upgrade_schema:285] >> 테이블 'mysafety_duplicate_decision' 생성 중...
[2026-09-26 18:38:13,257][INFO|database.py-upgrade_schema:285] >> 테이블 'mysafety_duplicate_group' 생성 중...
[2026-09-26 18:38:13,260][INFO|database.py-upgrade_schema:285] >> 테이블 'mysafety_duplicate_member' 생성 중...
[2026-09-26 18:38:13,262][INFO|database.py-upgrade_schema:285] >> 테이블 'mysafety_entry_value' 생성 중...
[2026-09-26 18:38:13,265][INFO|database.py-upgrade_schema:285] >> 테이블 'mysafety_geocode_cache' 생성 중...
[2026-09-26 18:38:13,272][INFO|database.py-upgrade_schema:285] >> 테이블 'mysafety_raw_content' 생성 중...
[2026-09-26 18:38:13,275][INFO|database.py-upgrade_schema:285] >> 테이블 'mysafety_report_override' 생성 중...
[2026-09-26 18:38:13,285][INFO|database.py-upgrade_schema:285] >> 테이블 'mysafety_sync_meta' 생성 중...
[2026-09-26 18:38:13,291][INFO|database.py-upgrade_schema:285] >> 테이블 'mysafety_watchlist' 생성 중...
[2026-09-26 18:38:13,294][INFO|database.py-upgrade_schema:285] >> 테이블 'mysafetydetail_other' 생성 중...
[2026-09-26 18:38:13,299][INFO|database.py-upgrade_schema:285] >> 테이블 'mysafetydetail_parking' 생성 중...
[2026-09-26 18:38:13,308][INFO|database.py-upgrade_schema:285] >> 테이블 'mysafetydetail_traffic' 생성 중...
[2026-09-26 18:38:13,310][INFO|database.py-upgrade_schema:285] >> 테이블 'mysafetymerge_other' 생성 중...
[2026-09-26 18:38:13,313][INFO|database.py-upgrade_schema:285] >> 테이블 'mysafetymerge_parking' 생성 중...
[2026-09-26 18:38:13,317][INFO|database.py-upgrade_schema:285] >> 테이블 'mysafetymerge_traffic' 생성 중...
[2026-09-26 18:38:13,326][INFO|database.py-_apply_versioned_migrations:452] >> [schema] DB 스키마 버전 1 적용
[2026-09-26 18:38:13,336][INFO|database.py-_apply_versioned_migrations:452] >> [schema] DB 스키마 버전 2 적용
[2026-09-26 18:38:13,341][INFO|database.py-_apply_versioned_migrations:452] >> [schema] DB 스키마 버전 3 적용
[2026-09-26 18:38:13,367][INFO|database.py-_apply_versioned_migrations:452] >> [schema] DB 스키마 버전 4 적용
[2026-09-26 18:38:13,384][INFO|duplicate_group_service.py-_log_info:53] >> [duplicate] payload exact 중복군 0개, 멤버 0건 재생성
[2026-09-26 18:38:13,424][INFO|database.py-backfill_synced_at:100] >> [migration] mysafetydetail_traffic synced_at 백필: 12건, 미해결 0건
[2026-09-26 18:38:13,427][INFO|database.py-backfill_synced_at:100] >> [migration] mysafetydetail_parking synced_at 백필: 6건, 미해결 0건
[2026-09-26 18:38:13,431][INFO|database.py-backfill_synced_at:100] >> [migration] mysafetydetail_other synced_at 백필: 6건, 미해결 0건
[2026-09-26 18:38:13,436][INFO|database.py-backfill_synced_at:105] >> [migration] synced_at 백필 완료: 총 24건 갱신, merge 재생성 시작
[2026-09-26 18:38:13,444][INFO|database.py-merge_final:736] >> 최종 데이터 병합 완료 (Traffic/Parking/Other 분리)
/home/better0101/projects/safetyreport/.venv/lib/python3.14/site-packages/pandas/core/arrays/string_.py:197: ResourceWarning: unclosed file <_io.FileIO name='/tmp/claude-1000/-home-better0101-projects-safetyreport/aa9d30e6-e7a5-4376-8fce-c9fb26682fbe/scratchpad/tmp.HHcxHGPjoa/logs/current_crawl.log' mode='ab' closefd=True>
  def __init__(
ResourceWarning: Enable tracemalloc to get the object allocation traceback
[2026-09-26 18:38:13,486][INFO|duplicate_group_service.py-_log_info:53] >> [duplicate] payload exact 중복군 1개, 멤버 2건 재생성
[2026-09-26 18:38:13,494][INFO|database.py-merge_final:736] >> 최종 데이터 병합 완료 (Traffic/Parking/Other 분리)
[2026-09-26 18:38:13,526][INFO|duplicate_group_service.py-_log_info:53] >> [duplicate] payload exact 중복군 1개, 멤버 2건 재생성
[2026-09-26 18:38:13,766][INFO|database.py-_normalize_processing_layers:188] >> [migration] raw/canonical 상태 정규화 완료: 총 5건 갱신
[2026-09-26 18:38:13,781][INFO|database.py-merge_final:736] >> 최종 데이터 병합 완료 (Traffic/Parking/Other 분리)
[2026-09-26 18:38:13,816][INFO|duplicate_group_service.py-_log_info:53] >> [duplicate] payload exact 중복군 1개, 멤버 2건 재생성
[2026-09-26 18:38:13,836][INFO|database.py-merge_final:736] >> 최종 데이터 병합 완료 (Traffic/Parking/Other 분리)
[2026-09-26 18:38:13,853][INFO|duplicate_group_service.py-_log_info:53] >> [duplicate] payload exact 중복군 0개, 멤버 0건 재생성
[2026-09-26 18:38:14,381][INFO|exchange.py-_restore_exclusive:413] >> mobile DB 복원 완료. 백업: /tmp/claude-1000/-home-better0101-projects-safetyreport/aa9d30e6-e7a5-4376-8fce-c9fb26682fbe/scratchpad/tmp.HHcxHGPjoa/backups/data_before_restore_20260926_183813.db, 신고건수: 1
.[2026-09-26 18:38:14,409][INFO|database.py-upgrade_schema:285] >> 테이블 'admin_users' 생성 중...
[2026-09-26 18:38:14,417][INFO|database.py-upgrade_schema:285] >> 테이블 'api_keys' 생성 중...
[2026-09-26 18:38:14,420][INFO|database.py-upgrade_schema:285] >> 테이블 'mysafety' 생성 중...
[2026-09-26 18:38:14,422][INFO|database.py-upgrade_schema:285] >> 테이블 'mysafety_change_cursor' 생성 중...
[2026-09-26 18:38:14,425][INFO|database.py-upgrade_schema:285] >> 테이블 'mysafety_change_log' 생성 중...
[2026-09-26 18:38:14,428][INFO|database.py-upgrade_schema:285] >> 테이블 'mysafety_duplicate_decision' 생성 중...
[2026-09-26 18:38:14,432][INFO|database.py-upgrade_schema:285] >> 테이블 'mysafety_duplicate_group' 생성 중...
[2026-09-26 18:38:14,439][INFO|database.py-upgrade_schema:285] >> 테이블 'mysafety_duplicate_member' 생성 중...
[2026-09-26 18:38:14,443][INFO|database.py-upgrade_schema:285] >> 테이블 'mysafety_entry_value' 생성 중...
[2026-09-26 18:38:14,446][INFO|database.py-upgrade_schema:285] >> 테이블 'mysafety_geocode_cache' 생성 중...
[2026-09-26 18:38:14,451][INFO|database.py-upgrade_schema:285] >> 테이블 'mysafety_raw_content' 생성 중...
[2026-09-26 18:38:14,455][INFO|database.py-upgrade_schema:285] >> 테이블 'mysafety_report_override' 생성 중...
[2026-09-26 18:38:14,461][INFO|database.py-upgrade_schema:285] >> 테이블 'mysafety_sync_meta' 생성 중...
[2026-09-26 18:38:14,464][INFO|database.py-upgrade_schema:285] >> 테이블 'mysafety_watchlist' 생성 중...
[2026-09-26 18:38:14,467][INFO|database.py-upgrade_schema:285] >> 테이블 'mysafetydetail_other' 생성 중...
[2026-09-26 18:38:14,471][INFO|database.py-upgrade_schema:285] >> 테이블 'mysafetydetail_parking' 생성 중...
[2026-09-26 18:38:14,475][INFO|database.py-upgrade_schema:285] >> 테이블 'mysafetydetail_traffic' 생성 중...
[2026-09-26 18:38:14,479][INFO|database.py-upgrade_schema:285] >> 테이블 'mysafetymerge_other' 생성 중...
[2026-09-26 18:38:14,483][INFO|database.py-upgrade_schema:285] >> 테이블 'mysafetymerge_parking' 생성 중...
[2026-09-26 18:38:14,486][INFO|database.py-upgrade_schema:285] >> 테이블 'mysafetymerge_traffic' 생성 중...
[2026-09-26 18:38:14,491][INFO|database.py-_apply_versioned_migrations:452] >> [schema] DB 스키마 버전 1 적용
[2026-09-26 18:38:14,502][INFO|database.py-_apply_versioned_migrations:452] >> [schema] DB 스키마 버전 2 적용
[2026-09-26 18:38:14,512][INFO|database.py-_apply_versioned_migrations:452] >> [schema] DB 스키마 버전 3 적용
[2026-09-26 18:38:14,543][INFO|database.py-_apply_versioned_migrations:452] >> [schema] DB 스키마 버전 4 적용
[2026-09-26 18:38:14,565][INFO|duplicate_group_service.py-_log_info:53] >> [duplicate] payload exact 중복군 0개, 멤버 0건 재생성
[2026-09-26 18:38:14,605][INFO|database.py-backfill_synced_at:100] >> [migration] mysafetydetail_traffic synced_at 백필: 12건, 미해결 0건
[2026-09-26 18:38:14,609][INFO|database.py-backfill_synced_at:100] >> [migration] mysafetydetail_parking synced_at 백필: 6건, 미해결 0건
[2026-09-26 18:38:14,612][INFO|database.py-backfill_synced_at:100] >> [migration] mysafetydetail_other synced_at 백필: 6건, 미해결 0건
[2026-09-26 18:38:14,615][INFO|database.py-backfill_synced_at:105] >> [migration] synced_at 백필 완료: 총 24건 갱신, merge 재생성 시작
[2026-09-26 18:38:14,624][INFO|database.py-merge_final:736] >> 최종 데이터 병합 완료 (Traffic/Parking/Other 분리)
[2026-09-26 18:38:14,661][INFO|duplicate_group_service.py-_log_info:53] >> [duplicate] payload exact 중복군 1개, 멤버 2건 재생성
[2026-09-26 18:38:14,674][INFO|database.py-merge_final:736] >> 최종 데이터 병합 완료 (Traffic/Parking/Other 분리)
[2026-09-26 18:38:14,707][INFO|duplicate_group_service.py-_log_info:53] >> [duplicate] payload exact 중복군 1개, 멤버 2건 재생성
[2026-09-26 18:38:14,862][INFO|crawl_manager.py-launch_pending_crawl:407] >> [crawl] 대기 큐 1건 보류: COMMUNITY_REBUILD_REQUIRED
.[2026-09-26 18:38:14,982][INFO|database.py-upgrade_schema:285] >> 테이블 'admin_users' 생성 중...
[2026-09-26 18:38:14,987][INFO|database.py-upgrade_schema:285] >> 테이블 'api_keys' 생성 중...
[2026-09-26 18:38:14,988][INFO|database.py-upgrade_schema:285] >> 테이블 'mysafety' 생성 중...
[2026-09-26 18:38:14,990][INFO|database.py-upgrade_schema:285] >> 테이블 'mysafety_change_cursor' 생성 중...
[2026-09-26 18:38:14,992][INFO|database.py-upgrade_schema:285] >> 테이블 'mysafety_change_log' 생성 중...
[2026-09-26 18:38:14,993][INFO|database.py-upgrade_schema:285] >> 테이블 'mysafety_duplicate_decision' 생성 중...
[2026-09-26 18:38:14,995][INFO|database.py-upgrade_schema:285] >> 테이블 'mysafety_duplicate_group' 생성 중...
[2026-09-26 18:38:14,996][INFO|database.py-upgrade_schema:285] >> 테이블 'mysafety_duplicate_member' 생성 중...
[2026-09-26 18:38:14,999][INFO|database.py-upgrade_schema:285] >> 테이블 'mysafety_entry_value' 생성 중...
[2026-09-26 18:38:15,002][INFO|database.py-upgrade_schema:285] >> 테이블 'mysafety_geocode_cache' 생성 중...
[2026-09-26 18:38:15,004][INFO|database.py-upgrade_schema:285] >> 테이블 'mysafety_raw_content' 생성 중...
[2026-09-26 18:38:15,006][INFO|database.py-upgrade_schema:285] >> 테이블 'mysafety_report_override' 생성 중...
[2026-09-26 18:38:15,011][INFO|database.py-upgrade_schema:285] >> 테이블 'mysafety_sync_meta' 생성 중...
[2026-09-26 18:38:15,014][INFO|database.py-upgrade_schema:285] >> 테이블 'mysafety_watchlist' 생성 중...
[2026-09-26 18:38:15,016][INFO|database.py-upgrade_schema:285] >> 테이블 'mysafetydetail_other' 생성 중...
[2026-09-26 18:38:15,018][INFO|database.py-upgrade_schema:285] >> 테이블 'mysafetydetail_parking' 생성 중...
[2026-09-26 18:38:15,021][INFO|database.py-upgrade_schema:285] >> 테이블 'mysafetydetail_traffic' 생성 중...
[2026-09-26 18:38:15,023][INFO|database.py-upgrade_schema:285] >> 테이블 'mysafetymerge_other' 생성 중...
[2026-09-26 18:38:15,028][INFO|database.py-upgrade_schema:285] >> 테이블 'mysafetymerge_parking' 생성 중...
[2026-09-26 18:38:15,031][INFO|database.py-upgrade_schema:285] >> 테이블 'mysafetymerge_traffic' 생성 중...
[2026-09-26 18:38:15,043][INFO|database.py-_apply_versioned_migrations:452] >> [schema] DB 스키마 버전 1 적용
[2026-09-26 18:38:15,051][INFO|database.py-_apply_versioned_migrations:452] >> [schema] DB 스키마 버전 2 적용
[2026-09-26 18:38:15,054][INFO|database.py-_apply_versioned_migrations:452] >> [schema] DB 스키마 버전 3 적용
[2026-09-26 18:38:15,071][INFO|database.py-_apply_versioned_migrations:452] >> [schema] DB 스키마 버전 4 적용
[2026-09-26 18:38:15,089][INFO|duplicate_group_service.py-_log_info:53] >> [duplicate] payload exact 중복군 0개, 멤버 0건 재생성
[2026-09-26 18:38:15,126][INFO|database.py-backfill_synced_at:100] >> [migration] mysafetydetail_traffic synced_at 백필: 12건, 미해결 0건
[2026-09-26 18:38:15,129][INFO|database.py-backfill_synced_at:100] >> [migration] mysafetydetail_parking synced_at 백필: 6건, 미해결 0건
[2026-09-26 18:38:15,132][INFO|database.py-backfill_synced_at:100] >> [migration] mysafetydetail_other synced_at 백필: 6건, 미해결 0건
[2026-09-26 18:38:15,134][INFO|database.py-backfill_synced_at:105] >> [migration] synced_at 백필 완료: 총 24건 갱신, merge 재생성 시작
[2026-09-26 18:38:15,140][INFO|database.py-merge_final:736] >> 최종 데이터 병합 완료 (Traffic/Parking/Other 분리)
[2026-09-26 18:38:15,169][INFO|duplicate_group_service.py-_log_info:53] >> [duplicate] payload exact 중복군 1개, 멤버 2건 재생성
[2026-09-26 18:38:15,183][INFO|database.py-merge_final:736] >> 최종 데이터 병합 완료 (Traffic/Parking/Other 분리)
[2026-09-26 18:38:15,210][INFO|duplicate_group_service.py-_log_info:53] >> [duplicate] payload exact 중복군 1개, 멤버 2건 재생성
[2026-09-26 18:38:15,462][INFO|database.py-_normalize_processing_layers:188] >> [migration] raw/canonical 상태 정규화 완료: 총 5건 갱신
[2026-09-26 18:38:15,477][INFO|database.py-merge_final:736] >> 최종 데이터 병합 완료 (Traffic/Parking/Other 분리)
[2026-09-26 18:38:15,505][INFO|duplicate_group_service.py-_log_info:53] >> [duplicate] payload exact 중복군 1개, 멤버 2건 재생성
[2026-09-26 18:38:15,530][INFO|database.py-merge_final:736] >> 최종 데이터 병합 완료 (Traffic/Parking/Other 분리)
[2026-09-26 18:38:15,544][INFO|duplicate_group_service.py-_log_info:53] >> [duplicate] payload exact 중복군 0개, 멤버 0건 재생성
[2026-09-26 18:38:15,579][INFO|crawl_manager.py-launch_pending_crawl:430] >> [crawl] 대기 큐 2건 보류: DB 복원이 진행 중입니다. 끝난 뒤 다시 시작하세요.
[2026-09-26 18:38:15,589][INFO|exchange.py-_restore_exclusive:413] >> mobile DB 복원 완료. 백업: /tmp/claude-1000/-home-better0101-projects-safetyreport/aa9d30e6-e7a5-4376-8fce-c9fb26682fbe/scratchpad/tmp.HHcxHGPjoa/backups/data_before_restore_20260926_183815.db, 신고건수: 1
[2026-09-26 18:38:15,590][INFO|crawl_manager.py-launch_pending_crawl:407] >> [crawl] 대기 큐 2건 보류: COMMUNITY_REBUILD_REQUIRED
.[2026-09-26 18:38:15,605][INFO|database.py-upgrade_schema:285] >> 테이블 'admin_users' 생성 중...
[2026-09-26 18:38:15,611][INFO|database.py-upgrade_schema:285] >> 테이블 'api_keys' 생성 중...
[2026-09-26 18:38:15,618][INFO|database.py-upgrade_schema:285] >> 테이블 'mysafety' 생성 중...
[2026-09-26 18:38:15,621][INFO|database.py-upgrade_schema:285] >> 테이블 'mysafety_change_cursor' 생성 중...
[2026-09-26 18:38:15,623][INFO|database.py-upgrade_schema:285] >> 테이블 'mysafety_change_log' 생성 중...
[2026-09-26 18:38:15,625][INFO|database.py-upgrade_schema:285] >> 테이블 'mysafety_duplicate_decision' 생성 중...
[2026-09-26 18:38:15,633][INFO|database.py-upgrade_schema:285] >> 테이블 'mysafety_duplicate_group' 생성 중...
[2026-09-26 18:38:15,637][INFO|database.py-upgrade_schema:285] >> 테이블 'mysafety_duplicate_member' 생성 중...
[2026-09-26 18:38:15,640][INFO|database.py-upgrade_schema:285] >> 테이블 'mysafety_entry_value' 생성 중...
[2026-09-26 18:38:15,643][INFO|database.py-upgrade_schema:285] >> 테이블 'mysafety_geocode_cache' 생성 중...
[2026-09-26 18:38:15,646][INFO|database.py-upgrade_schema:285] >> 테이블 'mysafety_raw_content' 생성 중...
[2026-09-26 18:38:15,652][INFO|database.py-upgrade_schema:285] >> 테이블 'mysafety_report_override' 생성 중...
[2026-09-26 18:38:15,655][INFO|database.py-upgrade_schema:285] >> 테이블 'mysafety_sync_meta' 생성 중...
[2026-09-26 18:38:15,661][INFO|database.py-upgrade_schema:285] >> 테이블 'mysafety_watchlist' 생성 중...
[2026-09-26 18:38:15,665][INFO|database.py-upgrade_schema:285] >> 테이블 'mysafetydetail_other' 생성 중...
[2026-09-26 18:38:15,668][INFO|database.py-upgrade_schema:285] >> 테이블 'mysafetydetail_parking' 생성 중...
[2026-09-26 18:38:15,672][INFO|database.py-upgrade_schema:285] >> 테이블 'mysafetydetail_traffic' 생성 중...
[2026-09-26 18:38:15,674][INFO|database.py-upgrade_schema:285] >> 테이블 'mysafetymerge_other' 생성 중...
[2026-09-26 18:38:15,677][INFO|database.py-upgrade_schema:285] >> 테이블 'mysafetymerge_parking' 생성 중...
[2026-09-26 18:38:15,683][INFO|database.py-upgrade_schema:285] >> 테이블 'mysafetymerge_traffic' 생성 중...
[2026-09-26 18:38:15,695][INFO|database.py-_apply_versioned_migrations:452] >> [schema] DB 스키마 버전 1 적용
[2026-09-26 18:38:15,704][INFO|database.py-_apply_versioned_migrations:452] >> [schema] DB 스키마 버전 2 적용
[2026-09-26 18:38:15,708][INFO|database.py-_apply_versioned_migrations:452] >> [schema] DB 스키마 버전 3 적용
[2026-09-26 18:38:15,738][INFO|database.py-_apply_versioned_migrations:452] >> [schema] DB 스키마 버전 4 적용
[2026-09-26 18:38:15,761][INFO|duplicate_group_service.py-_log_info:53] >> [duplicate] payload exact 중복군 0개, 멤버 0건 재생성
[2026-09-26 18:38:15,799][INFO|database.py-backfill_synced_at:100] >> [migration] mysafetydetail_traffic synced_at 백필: 12건, 미해결 0건
[2026-09-26 18:38:15,802][INFO|database.py-backfill_synced_at:100] >> [migration] mysafetydetail_parking synced_at 백필: 6건, 미해결 0건
[2026-09-26 18:38:15,805][INFO|database.py-backfill_synced_at:100] >> [migration] mysafetydetail_other synced_at 백필: 6건, 미해결 0건
[2026-09-26 18:38:15,808][INFO|database.py-backfill_synced_at:105] >> [migration] synced_at 백필 완료: 총 24건 갱신, merge 재생성 시작
[2026-09-26 18:38:15,815][INFO|database.py-merge_final:736] >> 최종 데이터 병합 완료 (Traffic/Parking/Other 분리)
/home/better0101/projects/safetyreport/.venv/lib/python3.14/site-packages/pandas/core/internals/managers.py:2410: ResourceWarning: unclosed database in <sqlite3.Connection object at 0x7f868c2a8e50>
  block_type(x[1], placement=BlockPlacement(x[0]), ndim=2)
ResourceWarning: Enable tracemalloc to get the object allocation traceback
[2026-09-26 18:38:15,842][INFO|duplicate_group_service.py-_log_info:53] >> [duplicate] payload exact 중복군 1개, 멤버 2건 재생성
[2026-09-26 18:38:15,852][INFO|database.py-merge_final:736] >> 최종 데이터 병합 완료 (Traffic/Parking/Other 분리)
[2026-09-26 18:38:15,879][INFO|duplicate_group_service.py-_log_info:53] >> [duplicate] payload exact 중복군 1개, 멤버 2건 재생성
[2026-09-26 18:38:16,168][INFO|database.py-_normalize_processing_layers:188] >> [migration] raw/canonical 상태 정규화 완료: 총 5건 갱신
[2026-09-26 18:38:16,183][INFO|database.py-merge_final:736] >> 최종 데이터 병합 완료 (Traffic/Parking/Other 분리)
[2026-09-26 18:38:16,213][INFO|duplicate_group_service.py-_log_info:53] >> [duplicate] payload exact 중복군 1개, 멤버 2건 재생성
[2026-09-26 18:38:16,238][INFO|database.py-merge_final:736] >> 최종 데이터 병합 완료 (Traffic/Parking/Other 분리)
[2026-09-26 18:38:16,255][INFO|duplicate_group_service.py-_log_info:53] >> [duplicate] payload exact 중복군 1개, 멤버 2건 재생성
[2026-09-26 18:38:16,287][INFO|exchange.py-_restore_exclusive:413] >> mobile DB 복원 완료. 백업: /tmp/claude-1000/-home-better0101-projects-safetyreport/aa9d30e6-e7a5-4376-8fce-c9fb26682fbe/scratchpad/tmp.HHcxHGPjoa/backups/data_before_restore_20260926_183816.db, 신고건수: 2
.[2026-09-26 18:38:16,296][INFO|database.py-upgrade_schema:285] >> 테이블 'admin_users' 생성 중...
[2026-09-26 18:38:16,301][INFO|database.py-upgrade_schema:285] >> 테이블 'api_keys' 생성 중...
[2026-09-26 18:38:16,303][INFO|database.py-upgrade_schema:285] >> 테이블 'mysafety' 생성 중...
[2026-09-26 18:38:16,305][INFO|database.py-upgrade_schema:285] >> 테이블 'mysafety_change_cursor' 생성 중...
[2026-09-26 18:38:16,314][INFO|database.py-upgrade_schema:285] >> 테이블 'mysafety_change_log' 생성 중...
[2026-09-26 18:38:16,317][INFO|database.py-upgrade_schema:285] >> 테이블 'mysafety_duplicate_decision' 생성 중...
[2026-09-26 18:38:16,320][INFO|database.py-upgrade_schema:285] >> 테이블 'mysafety_duplicate_group' 생성 중...
[2026-09-26 18:38:16,325][INFO|database.py-upgrade_schema:285] >> 테이블 'mysafety_duplicate_member' 생성 중...
[2026-09-26 18:38:16,326][INFO|database.py-upgrade_schema:285] >> 테이블 'mysafety_entry_value' 생성 중...
[2026-09-26 18:38:16,329][INFO|database.py-upgrade_schema:285] >> 테이블 'mysafety_geocode_cache' 생성 중...
[2026-09-26 18:38:16,331][INFO|database.py-upgrade_schema:285] >> 테이블 'mysafety_raw_content' 생성 중...
[2026-09-26 18:38:16,337][INFO|database.py-upgrade_schema:285] >> 테이블 'mysafety_report_override' 생성 중...
[2026-09-26 18:38:16,346][INFO|database.py-upgrade_schema:285] >> 테이블 'mysafety_sync_meta' 생성 중...
[2026-09-26 18:38:16,349][INFO|database.py-upgrade_schema:285] >> 테이블 'mysafety_watchlist' 생성 중...
[2026-09-26 18:38:16,351][INFO|database.py-upgrade_schema:285] >> 테이블 'mysafetydetail_other' 생성 중...
[2026-09-26 18:38:16,356][INFO|database.py-upgrade_schema:285] >> 테이블 'mysafetydetail_parking' 생성 중...
[2026-09-26 18:38:16,359][INFO|database.py-upgrade_schema:285] >> 테이블 'mysafetydetail_traffic' 생성 중...
[2026-09-26 18:38:16,367][INFO|database.py-upgrade_schema:285] >> 테이블 'mysafetymerge_other' 생성 중...
[2026-09-26 18:38:16,370][INFO|database.py-upgrade_schema:285] >> 테이블 'mysafetymerge_parking' 생성 중...
[2026-09-26 18:38:16,373][INFO|database.py-upgrade_schema:285] >> 테이블 'mysafetymerge_traffic' 생성 중...
[2026-09-26 18:38:16,377][INFO|database.py-_apply_versioned_migrations:452] >> [schema] DB 스키마 버전 1 적용
[2026-09-26 18:38:16,386][INFO|database.py-_apply_versioned_migrations:452] >> [schema] DB 스키마 버전 2 적용
[2026-09-26 18:38:16,389][INFO|database.py-_apply_versioned_migrations:452] >> [schema] DB 스키마 버전 3 적용
[2026-09-26 18:38:16,415][INFO|database.py-_apply_versioned_migrations:452] >> [schema] DB 스키마 버전 4 적용
[2026-09-26 18:38:16,432][INFO|duplicate_group_service.py-_log_info:53] >> [duplicate] payload exact 중복군 0개, 멤버 0건 재생성
[2026-09-26 18:38:16,476][INFO|database.py-backfill_synced_at:100] >> [migration] mysafetydetail_traffic synced_at 백필: 12건, 미해결 0건
[2026-09-26 18:38:16,480][INFO|database.py-backfill_synced_at:100] >> [migration] mysafetydetail_parking synced_at 백필: 6건, 미해결 0건
[2026-09-26 18:38:16,484][INFO|database.py-backfill_synced_at:100] >> [migration] mysafetydetail_other synced_at 백필: 6건, 미해결 0건
[2026-09-26 18:38:16,487][INFO|database.py-backfill_synced_at:105] >> [migration] synced_at 백필 완료: 총 24건 갱신, merge 재생성 시작
[2026-09-26 18:38:16,494][INFO|database.py-merge_final:736] >> 최종 데이터 병합 완료 (Traffic/Parking/Other 분리)
/home/better0101/projects/safetyreport/.venv/lib/python3.14/site-packages/pandas/core/internals/blocks.py:650: ResourceWarning: unclosed file <_io.TextIOWrapper name='/tmp/claude-1000/-home-better0101-projects-safetyreport/aa9d30e6-e7a5-4376-8fce-c9fb26682fbe/scratchpad/tmp.HHcxHGPjoa/logs/t.log' mode='a' encoding='utf-8'>
  return type(self)(values, placement=self._mgr_locs, ndim=self.ndim, refs=refs)
ResourceWarning: Enable tracemalloc to get the object allocation traceback
[2026-09-26 18:38:16,537][INFO|duplicate_group_service.py-_log_info:53] >> [duplicate] payload exact 중복군 1개, 멤버 2건 재생성
[2026-09-26 18:38:16,551][INFO|database.py-merge_final:736] >> 최종 데이터 병합 완료 (Traffic/Parking/Other 분리)
[2026-09-26 18:38:16,576][INFO|duplicate_group_service.py-_log_info:53] >> [duplicate] payload exact 중복군 1개, 멤버 2건 재생성
[2026-09-26 18:38:16,813][INFO|database.py-_normalize_processing_layers:188] >> [migration] raw/canonical 상태 정규화 완료: 총 5건 갱신
[2026-09-26 18:38:16,829][INFO|database.py-merge_final:736] >> 최종 데이터 병합 완료 (Traffic/Parking/Other 분리)
[2026-09-26 18:38:16,866][INFO|duplicate_group_service.py-_log_info:53] >> [duplicate] payload exact 중복군 1개, 멤버 2건 재생성
[2026-09-26 18:38:16,886][INFO|database.py-merge_final:736] >> 최종 데이터 병합 완료 (Traffic/Parking/Other 분리)
[2026-09-26 18:38:16,900][INFO|duplicate_group_service.py-_log_info:53] >> [duplicate] payload exact 중복군 0개, 멤버 0건 재생성
[2026-09-26 18:38:16,937][INFO|exchange.py-_restore_exclusive:413] >> mobile DB 복원 완료. 백업: /tmp/claude-1000/-home-better0101-projects-safetyreport/aa9d30e6-e7a5-4376-8fce-c9fb26682fbe/scratchpad/tmp.HHcxHGPjoa/backups/data_before_restore_20260926_183816.db, 신고건수: 1
[2026-09-26 18:38:16,972][INFO|database.py-migrate_by_entry_value:254] >> [migrate] ID=m1 traffic → other (entry_value: 이전 값)
[2026-09-26 18:38:16,981][INFO|database.py-migrate_by_entry_value:261] >> [migrate] entry_value 기반 1건 재분류 완료. merge_final 재실행.
[2026-09-26 18:38:16,996][INFO|database.py-merge_final:736] >> 최종 데이터 병합 완료 (Traffic/Parking/Other 분리)
[2026-09-26 18:38:17,022][INFO|duplicate_group_service.py-_log_info:53] >> [duplicate] payload exact 중복군 0개, 멤버 0건 재생성
[2026-09-26 18:38:17,029][INFO|database.py-backfill_synced_at:100] >> [migration] mysafetydetail_other synced_at 백필: 1건, 미해결 0건
[2026-09-26 18:38:17,034][INFO|database.py-backfill_synced_at:105] >> [migration] synced_at 백필 완료: 총 1건 갱신, merge 재생성 시작
[2026-09-26 18:38:17,042][INFO|database.py-merge_final:736] >> 최종 데이터 병합 완료 (Traffic/Parking/Other 분리)
[2026-09-26 18:38:17,057][INFO|duplicate_group_service.py-_log_info:53] >> [duplicate] payload exact 중복군 0개, 멤버 0건 재생성
[2026-09-26 18:38:17,084][INFO|duplicate_group_service.py-_log_info:53] >> [duplicate] payload exact 중복군 0개, 멤버 0건 재생성
[2026-09-26 18:38:17,099][INFO|database.py-merge_final:736] >> 최종 데이터 병합 완료 (Traffic/Parking/Other 분리)
[2026-09-26 18:38:17,110][INFO|duplicate_group_service.py-_log_info:53] >> [duplicate] payload exact 중복군 0개, 멤버 0건 재생성
[2026-09-26 18:38:17,130][INFO|exchange.py-_restore_exclusive:413] >> mobile DB 복원 완료. 백업: /tmp/claude-1000/-home-better0101-projects-safetyreport/aa9d30e6-e7a5-4376-8fce-c9fb26682fbe/scratchpad/tmp.HHcxHGPjoa/backups/data_before_restore_20260926_183817.db, 신고건수: 1
[2026-09-26 18:38:17,173][INFO|database.py-migrate_by_entry_value:254] >> [migrate] ID=m1 traffic → other (entry_value: 이전 값)
[2026-09-26 18:38:17,182][INFO|database.py-migrate_by_entry_value:261] >> [migrate] entry_value 기반 1건 재분류 완료. merge_final 재실행.
[2026-09-26 18:38:17,199][INFO|database.py-merge_final:736] >> 최종 데이터 병합 완료 (Traffic/Parking/Other 분리)
[2026-09-26 18:38:17,216][INFO|duplicate_group_service.py-_log_info:53] >> [duplicate] payload exact 중복군 0개, 멤버 0건 재생성
[2026-09-26 18:38:17,221][INFO|database.py-backfill_synced_at:100] >> [migration] mysafetydetail_other synced_at 백필: 1건, 미해결 0건
[2026-09-26 18:38:17,222][INFO|database.py-backfill_synced_at:105] >> [migration] synced_at 백필 완료: 총 1건 갱신, merge 재생성 시작
[2026-09-26 18:38:17,229][INFO|database.py-merge_final:736] >> 최종 데이터 병합 완료 (Traffic/Parking/Other 분리)
[2026-09-26 18:38:17,241][INFO|duplicate_group_service.py-_log_info:53] >> [duplicate] payload exact 중복군 0개, 멤버 0건 재생성
[2026-09-26 18:38:17,270][INFO|duplicate_group_service.py-_log_info:53] >> [duplicate] payload exact 중복군 0개, 멤버 0건 재생성
[2026-09-26 18:38:17,290][INFO|database.py-merge_final:736] >> 최종 데이터 병합 완료 (Traffic/Parking/Other 분리)
[2026-09-26 18:38:17,302][INFO|duplicate_group_service.py-_log_info:53] >> [duplicate] payload exact 중복군 0개, 멤버 0건 재생성
[2026-09-26 18:38:17,326][INFO|exchange.py-_restore_exclusive:413] >> mobile DB 복원 완료. 백업: /tmp/claude-1000/-home-better0101-projects-safetyreport/aa9d30e6-e7a5-4376-8fce-c9fb26682fbe/scratchpad/tmp.HHcxHGPjoa/backups/data_before_restore_20260926_183817.db, 신고건수: 1
.[2026-09-26 18:38:17,336][INFO|database.py-upgrade_schema:285] >> 테이블 'admin_users' 생성 중...
[2026-09-26 18:38:17,344][INFO|database.py-upgrade_schema:285] >> 테이블 'api_keys' 생성 중...
[2026-09-26 18:38:17,347][INFO|database.py-upgrade_schema:285] >> 테이블 'mysafety' 생성 중...
[2026-09-26 18:38:17,350][INFO|database.py-upgrade_schema:285] >> 테이블 'mysafety_change_cursor' 생성 중...
[2026-09-26 18:38:17,354][INFO|database.py-upgrade_schema:285] >> 테이블 'mysafety_change_log' 생성 중...
[2026-09-26 18:38:17,357][INFO|database.py-upgrade_schema:285] >> 테이블 'mysafety_duplicate_decision' 생성 중...
[2026-09-26 18:38:17,359][INFO|database.py-upgrade_schema:285] >> 테이블 'mysafety_duplicate_group' 생성 중...
[2026-09-26 18:38:17,361][INFO|database.py-upgrade_schema:285] >> 테이블 'mysafety_duplicate_member' 생성 중...
[2026-09-26 18:38:17,362][INFO|database.py-upgrade_schema:285] >> 테이블 'mysafety_entry_value' 생성 중...
[2026-09-26 18:38:17,365][INFO|database.py-upgrade_schema:285] >> 테이블 'mysafety_geocode_cache' 생성 중...
[2026-09-26 18:38:17,367][INFO|database.py-upgrade_schema:285] >> 테이블 'mysafety_raw_content' 생성 중...
[2026-09-26 18:38:17,369][INFO|database.py-upgrade_schema:285] >> 테이블 'mysafety_report_override' 생성 중...
[2026-09-26 18:38:17,372][INFO|database.py-upgrade_schema:285] >> 테이블 'mysafety_sync_meta' 생성 중...
[2026-09-26 18:38:17,374][INFO|database.py-upgrade_schema:285] >> 테이블 'mysafety_watchlist' 생성 중...
[2026-09-26 18:38:17,376][INFO|database.py-upgrade_schema:285] >> 테이블 'mysafetydetail_other' 생성 중...
[2026-09-26 18:38:17,378][INFO|database.py-upgrade_schema:285] >> 테이블 'mysafetydetail_parking' 생성 중...
[2026-09-26 18:38:17,380][INFO|database.py-upgrade_schema:285] >> 테이블 'mysafetydetail_traffic' 생성 중...
[2026-09-26 18:38:17,385][INFO|database.py-upgrade_schema:285] >> 테이블 'mysafetymerge_other' 생성 중...
[2026-09-26 18:38:17,393][INFO|database.py-upgrade_schema:285] >> 테이블 'mysafetymerge_parking' 생성 중...
[2026-09-26 18:38:17,396][INFO|database.py-upgrade_schema:285] >> 테이블 'mysafetymerge_traffic' 생성 중...
[2026-09-26 18:38:17,403][INFO|database.py-_apply_versioned_migrations:452] >> [schema] DB 스키마 버전 1 적용
[2026-09-26 18:38:17,413][INFO|database.py-_apply_versioned_migrations:452] >> [schema] DB 스키마 버전 2 적용
[2026-09-26 18:38:17,419][INFO|database.py-_apply_versioned_migrations:452] >> [schema] DB 스키마 버전 3 적용
[2026-09-26 18:38:17,441][INFO|database.py-_apply_versioned_migrations:452] >> [schema] DB 스키마 버전 4 적용
[2026-09-26 18:38:17,462][INFO|duplicate_group_service.py-_log_info:53] >> [duplicate] payload exact 중복군 0개, 멤버 0건 재생성
[2026-09-26 18:38:17,494][INFO|database.py-backfill_synced_at:100] >> [migration] mysafetydetail_traffic synced_at 백필: 12건, 미해결 0건
[2026-09-26 18:38:17,497][INFO|database.py-backfill_synced_at:100] >> [migration] mysafetydetail_parking synced_at 백필: 6건, 미해결 0건
[2026-09-26 18:38:17,500][INFO|database.py-backfill_synced_at:100] >> [migration] mysafetydetail_other synced_at 백필: 6건, 미해결 0건
[2026-09-26 18:38:17,502][INFO|database.py-backfill_synced_at:105] >> [migration] synced_at 백필 완료: 총 24건 갱신, merge 재생성 시작
[2026-09-26 18:38:17,514][INFO|database.py-merge_final:736] >> 최종 데이터 병합 완료 (Traffic/Parking/Other 분리)
[2026-09-26 18:38:17,542][INFO|duplicate_group_service.py-_log_info:53] >> [duplicate] payload exact 중복군 1개, 멤버 2건 재생성
[2026-09-26 18:38:17,557][INFO|database.py-merge_final:736] >> 최종 데이터 병합 완료 (Traffic/Parking/Other 분리)
[2026-09-26 18:38:17,590][INFO|duplicate_group_service.py-_log_info:53] >> [duplicate] payload exact 중복군 1개, 멤버 2건 재생성
.[2026-09-26 18:38:17,892][INFO|database.py-upgrade_schema:285] >> 테이블 'admin_users' 생성 중...
[2026-09-26 18:38:17,903][INFO|database.py-upgrade_schema:285] >> 테이블 'api_keys' 생성 중...
[2026-09-26 18:38:17,905][INFO|database.py-upgrade_schema:285] >> 테이블 'mysafety' 생성 중...
[2026-09-26 18:38:17,907][INFO|database.py-upgrade_schema:285] >> 테이블 'mysafety_change_cursor' 생성 중...
[2026-09-26 18:38:17,909][INFO|database.py-upgrade_schema:285] >> 테이블 'mysafety_change_log' 생성 중...
[2026-09-26 18:38:17,911][INFO|database.py-upgrade_schema:285] >> 테이블 'mysafety_duplicate_decision' 생성 중...
[2026-09-26 18:38:17,912][INFO|database.py-upgrade_schema:285] >> 테이블 'mysafety_duplicate_group' 생성 중...
[2026-09-26 18:38:17,914][INFO|database.py-upgrade_schema:285] >> 테이블 'mysafety_duplicate_member' 생성 중...
[2026-09-26 18:38:17,916][INFO|database.py-upgrade_schema:285] >> 테이블 'mysafety_entry_value' 생성 중...
[2026-09-26 18:38:17,917][INFO|database.py-upgrade_schema:285] >> 테이블 'mysafety_geocode_cache' 생성 중...
[2026-09-26 18:38:17,919][INFO|database.py-upgrade_schema:285] >> 테이블 'mysafety_raw_content' 생성 중...
[2026-09-26 18:38:17,921][INFO|database.py-upgrade_schema:285] >> 테이블 'mysafety_report_override' 생성 중...
[2026-09-26 18:38:17,922][INFO|database.py-upgrade_schema:285] >> 테이블 'mysafety_sync_meta' 생성 중...
[2026-09-26 18:38:17,924][INFO|database.py-upgrade_schema:285] >> 테이블 'mysafety_watchlist' 생성 중...
[2026-09-26 18:38:17,926][INFO|database.py-upgrade_schema:285] >> 테이블 'mysafetydetail_other' 생성 중...
[2026-09-26 18:38:17,928][INFO|database.py-upgrade_schema:285] >> 테이블 'mysafetydetail_parking' 생성 중...
[2026-09-26 18:38:17,930][INFO|database.py-upgrade_schema:285] >> 테이블 'mysafetydetail_traffic' 생성 중...
[2026-09-26 18:38:17,932][INFO|database.py-upgrade_schema:285] >> 테이블 'mysafetymerge_other' 생성 중...
[2026-09-26 18:38:17,936][INFO|database.py-upgrade_schema:285] >> 테이블 'mysafetymerge_parking' 생성 중...
[2026-09-26 18:38:17,944][INFO|database.py-upgrade_schema:285] >> 테이블 'mysafetymerge_traffic' 생성 중...
[2026-09-26 18:38:17,951][INFO|database.py-_apply_versioned_migrations:452] >> [schema] DB 스키마 버전 1 적용
[2026-09-26 18:38:17,969][INFO|database.py-_apply_versioned_migrations:452] >> [schema] DB 스키마 버전 2 적용
[2026-09-26 18:38:17,974][INFO|database.py-_apply_versioned_migrations:452] >> [schema] DB 스키마 버전 3 적용
[2026-09-26 18:38:17,998][INFO|database.py-_apply_versioned_migrations:452] >> [schema] DB 스키마 버전 4 적용
[2026-09-26 18:38:18,023][INFO|duplicate_group_service.py-_log_info:53] >> [duplicate] payload exact 중복군 0개, 멤버 0건 재생성
[2026-09-26 18:38:18,065][INFO|database.py-backfill_synced_at:100] >> [migration] mysafetydetail_traffic synced_at 백필: 12건, 미해결 0건
[2026-09-26 18:38:18,068][INFO|database.py-backfill_synced_at:100] >> [migration] mysafetydetail_parking synced_at 백필: 6건, 미해결 0건
[2026-09-26 18:38:18,073][INFO|database.py-backfill_synced_at:100] >> [migration] mysafetydetail_other synced_at 백필: 6건, 미해결 0건
[2026-09-26 18:38:18,082][INFO|database.py-backfill_synced_at:105] >> [migration] synced_at 백필 완료: 총 24건 갱신, merge 재생성 시작
[2026-09-26 18:38:18,090][INFO|database.py-merge_final:736] >> 최종 데이터 병합 완료 (Traffic/Parking/Other 분리)
/home/better0101/projects/safetyreport/.venv/lib/python3.14/site-packages/pandas/core/internals/managers.py:2410: ResourceWarning: unclosed file <_io.FileIO name='/tmp/claude-1000/-home-better0101-projects-safetyreport/aa9d30e6-e7a5-4376-8fce-c9fb26682fbe/scratchpad/tmp.HHcxHGPjoa/logs/current_crawl.log' mode='ab' closefd=True>
  block_type(x[1], placement=BlockPlacement(x[0]), ndim=2)
ResourceWarning: Enable tracemalloc to get the object allocation traceback
[2026-09-26 18:38:18,127][INFO|duplicate_group_service.py-_log_info:53] >> [duplicate] payload exact 중복군 1개, 멤버 2건 재생성
[2026-09-26 18:38:18,136][INFO|database.py-merge_final:736] >> 최종 데이터 병합 완료 (Traffic/Parking/Other 분리)
[2026-09-26 18:38:18,160][INFO|duplicate_group_service.py-_log_info:53] >> [duplicate] payload exact 중복군 1개, 멤버 2건 재생성
.[2026-09-26 18:38:18,316][INFO|database.py-upgrade_schema:285] >> 테이블 'admin_users' 생성 중...
[2026-09-26 18:38:18,324][INFO|database.py-upgrade_schema:285] >> 테이블 'api_keys' 생성 중...
[2026-09-26 18:38:18,328][INFO|database.py-upgrade_schema:285] >> 테이블 'mysafety' 생성 중...
[2026-09-26 18:38:18,334][INFO|database.py-upgrade_schema:285] >> 테이블 'mysafety_change_cursor' 생성 중...
[2026-09-26 18:38:18,341][INFO|database.py-upgrade_schema:285] >> 테이블 'mysafety_change_log' 생성 중...
[2026-09-26 18:38:18,343][INFO|database.py-upgrade_schema:285] >> 테이블 'mysafety_duplicate_decision' 생성 중...
[2026-09-26 18:38:18,350][INFO|database.py-upgrade_schema:285] >> 테이블 'mysafety_duplicate_group' 생성 중...
[2026-09-26 18:38:18,354][INFO|database.py-upgrade_schema:285] >> 테이블 'mysafety_duplicate_member' 생성 중...
[2026-09-26 18:38:18,357][INFO|database.py-upgrade_schema:285] >> 테이블 'mysafety_entry_value' 생성 중...
[2026-09-26 18:38:18,359][INFO|database.py-upgrade_schema:285] >> 테이블 'mysafety_geocode_cache' 생성 중...
[2026-09-26 18:38:18,361][INFO|database.py-upgrade_schema:285] >> 테이블 'mysafety_raw_content' 생성 중...
[2026-09-26 18:38:18,367][INFO|database.py-upgrade_schema:285] >> 테이블 'mysafety_report_override' 생성 중...
[2026-09-26 18:38:18,369][INFO|database.py-upgrade_schema:285] >> 테이블 'mysafety_sync_meta' 생성 중...
[2026-09-26 18:38:18,372][INFO|database.py-upgrade_schema:285] >> 테이블 'mysafety_watchlist' 생성 중...
[2026-09-26 18:38:18,374][INFO|database.py-upgrade_schema:285] >> 테이블 'mysafetydetail_other' 생성 중...
[2026-09-26 18:38:18,383][INFO|database.py-upgrade_schema:285] >> 테이블 'mysafetydetail_parking' 생성 중...
[2026-09-26 18:38:18,386][INFO|database.py-upgrade_schema:285] >> 테이블 'mysafetydetail_traffic' 생성 중...
[2026-09-26 18:38:18,389][INFO|database.py-upgrade_schema:285] >> 테이블 'mysafetymerge_other' 생성 중...
[2026-09-26 18:38:18,393][INFO|database.py-upgrade_schema:285] >> 테이블 'mysafetymerge_parking' 생성 중...
[2026-09-26 18:38:18,395][INFO|database.py-upgrade_schema:285] >> 테이블 'mysafetymerge_traffic' 생성 중...
[2026-09-26 18:38:18,404][INFO|database.py-_apply_versioned_migrations:452] >> [schema] DB 스키마 버전 1 적용
[2026-09-26 18:38:18,417][INFO|database.py-_apply_versioned_migrations:452] >> [schema] DB 스키마 버전 2 적용
[2026-09-26 18:38:18,421][INFO|database.py-_apply_versioned_migrations:452] >> [schema] DB 스키마 버전 3 적용
[2026-09-26 18:38:18,457][INFO|database.py-_apply_versioned_migrations:452] >> [schema] DB 스키마 버전 4 적용
[2026-09-26 18:38:18,473][INFO|duplicate_group_service.py-_log_info:53] >> [duplicate] payload exact 중복군 0개, 멤버 0건 재생성
[2026-09-26 18:38:18,504][INFO|database.py-backfill_synced_at:100] >> [migration] mysafetydetail_traffic synced_at 백필: 12건, 미해결 0건
[2026-09-26 18:38:18,507][INFO|database.py-backfill_synced_at:100] >> [migration] mysafetydetail_parking synced_at 백필: 6건, 미해결 0건
[2026-09-26 18:38:18,510][INFO|database.py-backfill_synced_at:100] >> [migration] mysafetydetail_other synced_at 백필: 6건, 미해결 0건
[2026-09-26 18:38:18,511][INFO|database.py-backfill_synced_at:105] >> [migration] synced_at 백필 완료: 총 24건 갱신, merge 재생성 시작
[2026-09-26 18:38:18,518][INFO|database.py-merge_final:736] >> 최종 데이터 병합 완료 (Traffic/Parking/Other 분리)
[2026-09-26 18:38:18,541][INFO|duplicate_group_service.py-_log_info:53] >> [duplicate] payload exact 중복군 1개, 멤버 2건 재생성
[2026-09-26 18:38:18,551][INFO|database.py-merge_final:736] >> 최종 데이터 병합 완료 (Traffic/Parking/Other 분리)
[2026-09-26 18:38:18,581][INFO|duplicate_group_service.py-_log_info:53] >> [duplicate] payload exact 중복군 1개, 멤버 2건 재생성
.[2026-09-26 18:38:18,790][INFO|database.py-upgrade_schema:285] >> 테이블 'admin_users' 생성 중...
[2026-09-26 18:38:18,795][INFO|database.py-upgrade_schema:285] >> 테이블 'api_keys' 생성 중...
[2026-09-26 18:38:18,798][INFO|database.py-upgrade_schema:285] >> 테이블 'mysafety' 생성 중...
[2026-09-26 18:38:18,800][INFO|database.py-upgrade_schema:285] >> 테이블 'mysafety_change_cursor' 생성 중...
[2026-09-26 18:38:18,803][INFO|database.py-upgrade_schema:285] >> 테이블 'mysafety_change_log' 생성 중...
[2026-09-26 18:38:18,805][INFO|database.py-upgrade_schema:285] >> 테이블 'mysafety_duplicate_decision' 생성 중...
[2026-09-26 18:38:18,808][INFO|database.py-upgrade_schema:285] >> 테이블 'mysafety_duplicate_group' 생성 중...
[2026-09-26 18:38:18,816][INFO|database.py-upgrade_schema:285] >> 테이블 'mysafety_duplicate_member' 생성 중...
[2026-09-26 18:38:18,819][INFO|database.py-upgrade_schema:285] >> 테이블 'mysafety_entry_value' 생성 중...
[2026-09-26 18:38:18,827][INFO|database.py-upgrade_schema:285] >> 테이블 'mysafety_geocode_cache' 생성 중...
[2026-09-26 18:38:18,830][INFO|database.py-upgrade_schema:285] >> 테이블 'mysafety_raw_content' 생성 중...
[2026-09-26 18:38:18,833][INFO|database.py-upgrade_schema:285] >> 테이블 'mysafety_report_override' 생성 중...
[2026-09-26 18:38:18,836][INFO|database.py-upgrade_schema:285] >> 테이블 'mysafety_sync_meta' 생성 중...
[2026-09-26 18:38:18,838][INFO|database.py-upgrade_schema:285] >> 테이블 'mysafety_watchlist' 생성 중...
[2026-09-26 18:38:18,841][INFO|database.py-upgrade_schema:285] >> 테이블 'mysafetydetail_other' 생성 중...
[2026-09-26 18:38:18,844][INFO|database.py-upgrade_schema:285] >> 테이블 'mysafetydetail_parking' 생성 중...
[2026-09-26 18:38:18,846][INFO|database.py-upgrade_schema:285] >> 테이블 'mysafetydetail_traffic' 생성 중...
[2026-09-26 18:38:18,852][INFO|database.py-upgrade_schema:285] >> 테이블 'mysafetymerge_other' 생성 중...
[2026-09-26 18:38:18,864][INFO|database.py-upgrade_schema:285] >> 테이블 'mysafetymerge_parking' 생성 중...
[2026-09-26 18:38:18,868][INFO|database.py-upgrade_schema:285] >> 테이블 'mysafetymerge_traffic' 생성 중...
[2026-09-26 18:38:18,873][INFO|database.py-_apply_versioned_migrations:452] >> [schema] DB 스키마 버전 1 적용
[2026-09-26 18:38:18,880][INFO|database.py-_apply_versioned_migrations:452] >> [schema] DB 스키마 버전 2 적용
[2026-09-26 18:38:18,886][INFO|database.py-_apply_versioned_migrations:452] >> [schema] DB 스키마 버전 3 적용
[2026-09-26 18:38:18,915][INFO|database.py-_apply_versioned_migrations:452] >> [schema] DB 스키마 버전 4 적용
[2026-09-26 18:38:18,933][INFO|duplicate_group_service.py-_log_info:53] >> [duplicate] payload exact 중복군 0개, 멤버 0건 재생성
[2026-09-26 18:38:18,974][INFO|database.py-backfill_synced_at:100] >> [migration] mysafetydetail_traffic synced_at 백필: 12건, 미해결 0건
[2026-09-26 18:38:18,977][INFO|database.py-backfill_synced_at:100] >> [migration] mysafetydetail_parking synced_at 백필: 6건, 미해결 0건
[2026-09-26 18:38:18,981][INFO|database.py-backfill_synced_at:100] >> [migration] mysafetydetail_other synced_at 백필: 6건, 미해결 0건
[2026-09-26 18:38:18,983][INFO|database.py-backfill_synced_at:105] >> [migration] synced_at 백필 완료: 총 24건 갱신, merge 재생성 시작
[2026-09-26 18:38:18,989][INFO|database.py-merge_final:736] >> 최종 데이터 병합 완료 (Traffic/Parking/Other 분리)
[2026-09-26 18:38:19,017][INFO|duplicate_group_service.py-_log_info:53] >> [duplicate] payload exact 중복군 1개, 멤버 2건 재생성
[2026-09-26 18:38:19,034][INFO|database.py-merge_final:736] >> 최종 데이터 병합 완료 (Traffic/Parking/Other 분리)
[2026-09-26 18:38:19,057][INFO|duplicate_group_service.py-_log_info:53] >> [duplicate] payload exact 중복군 1개, 멤버 2건 재생성
[2026-09-26 18:38:19,354][INFO|database.py-_normalize_processing_layers:188] >> [migration] raw/canonical 상태 정규화 완료: 총 5건 갱신
[2026-09-26 18:38:19,371][INFO|database.py-merge_final:736] >> 최종 데이터 병합 완료 (Traffic/Parking/Other 분리)
[2026-09-26 18:38:19,407][INFO|duplicate_group_service.py-_log_info:53] >> [duplicate] payload exact 중복군 1개, 멤버 2건 재생성
[2026-09-26 18:38:19,439][INFO|database.py-merge_final:736] >> 최종 데이터 병합 완료 (Traffic/Parking/Other 분리)
[2026-09-26 18:38:19,459][INFO|duplicate_group_service.py-_log_info:53] >> [duplicate] payload exact 중복군 1개, 멤버 2건 재생성
[2026-09-26 18:38:19,487][INFO|exchange.py-_restore_exclusive:413] >> mobile DB 복원 완료. 백업: /tmp/claude-1000/-home-better0101-projects-safetyreport/aa9d30e6-e7a5-4376-8fce-c9fb26682fbe/scratchpad/tmp.HHcxHGPjoa/backups/data_before_restore_20260926_183819.db, 신고건수: 2
.[2026-09-26 18:38:19,495][INFO|database.py-upgrade_schema:285] >> 테이블 'admin_users' 생성 중...
[2026-09-26 18:38:19,499][INFO|database.py-upgrade_schema:285] >> 테이블 'api_keys' 생성 중...
[2026-09-26 18:38:19,501][INFO|database.py-upgrade_schema:285] >> 테이블 'mysafety' 생성 중...
[2026-09-26 18:38:19,504][INFO|database.py-upgrade_schema:285] >> 테이블 'mysafety_change_cursor' 생성 중...
[2026-09-26 18:38:19,506][INFO|database.py-upgrade_schema:285] >> 테이블 'mysafety_change_log' 생성 중...
[2026-09-26 18:38:19,508][INFO|database.py-upgrade_schema:285] >> 테이블 'mysafety_duplicate_decision' 생성 중...
[2026-09-26 18:38:19,510][INFO|database.py-upgrade_schema:285] >> 테이블 'mysafety_duplicate_group' 생성 중...
[2026-09-26 18:38:19,512][INFO|database.py-upgrade_schema:285] >> 테이블 'mysafety_duplicate_member' 생성 중...
[2026-09-26 18:38:19,514][INFO|database.py-upgrade_schema:285] >> 테이블 'mysafety_entry_value' 생성 중...
[2026-09-26 18:38:19,515][INFO|database.py-upgrade_schema:285] >> 테이블 'mysafety_geocode_cache' 생성 중...
[2026-09-26 18:38:19,517][INFO|database.py-upgrade_schema:285] >> 테이블 'mysafety_raw_content' 생성 중...
[2026-09-26 18:38:19,519][INFO|database.py-upgrade_schema:285] >> 테이블 'mysafety_report_override' 생성 중...
[2026-09-26 18:38:19,520][INFO|database.py-upgrade_schema:285] >> 테이블 'mysafety_sync_meta' 생성 중...
[2026-09-26 18:38:19,522][INFO|database.py-upgrade_schema:285] >> 테이블 'mysafety_watchlist' 생성 중...
[2026-09-26 18:38:19,526][INFO|database.py-upgrade_schema:285] >> 테이블 'mysafetydetail_other' 생성 중...
[2026-09-26 18:38:19,529][INFO|database.py-upgrade_schema:285] >> 테이블 'mysafetydetail_parking' 생성 중...
[2026-09-26 18:38:19,531][INFO|database.py-upgrade_schema:285] >> 테이블 'mysafetydetail_traffic' 생성 중...
[2026-09-26 18:38:19,533][INFO|database.py-upgrade_schema:285] >> 테이블 'mysafetymerge_other' 생성 중...
[2026-09-26 18:38:19,535][INFO|database.py-upgrade_schema:285] >> 테이블 'mysafetymerge_parking' 생성 중...
[2026-09-26 18:38:19,536][INFO|database.py-upgrade_schema:285] >> 테이블 'mysafetymerge_traffic' 생성 중...
[2026-09-26 18:38:19,540][INFO|database.py-_apply_versioned_migrations:452] >> [schema] DB 스키마 버전 1 적용
[2026-09-26 18:38:19,544][INFO|database.py-_apply_versioned_migrations:452] >> [schema] DB 스키마 버전 2 적용
[2026-09-26 18:38:19,546][INFO|database.py-_apply_versioned_migrations:452] >> [schema] DB 스키마 버전 3 적용
[2026-09-26 18:38:19,561][INFO|database.py-_apply_versioned_migrations:452] >> [schema] DB 스키마 버전 4 적용
[2026-09-26 18:38:19,575][INFO|duplicate_group_service.py-_log_info:53] >> [duplicate] payload exact 중복군 0개, 멤버 0건 재생성
[2026-09-26 18:38:19,612][INFO|database.py-backfill_synced_at:100] >> [migration] mysafetydetail_traffic synced_at 백필: 12건, 미해결 0건
[2026-09-26 18:38:19,615][INFO|database.py-backfill_synced_at:100] >> [migration] mysafetydetail_parking synced_at 백필: 6건, 미해결 0건
[2026-09-26 18:38:19,618][INFO|database.py-backfill_synced_at:100] >> [migration] mysafetydetail_other synced_at 백필: 6건, 미해결 0건
[2026-09-26 18:38:19,623][INFO|database.py-backfill_synced_at:105] >> [migration] synced_at 백필 완료: 총 24건 갱신, merge 재생성 시작
[2026-09-26 18:38:19,633][INFO|database.py-merge_final:736] >> 최종 데이터 병합 완료 (Traffic/Parking/Other 분리)
[2026-09-26 18:38:19,661][INFO|duplicate_group_service.py-_log_info:53] >> [duplicate] payload exact 중복군 1개, 멤버 2건 재생성
[2026-09-26 18:38:19,673][INFO|database.py-merge_final:736] >> 최종 데이터 병합 완료 (Traffic/Parking/Other 분리)
[2026-09-26 18:38:19,698][INFO|duplicate_group_service.py-_log_info:53] >> [duplicate] payload exact 중복군 1개, 멤버 2건 재생성
[2026-09-26 18:38:19,907][INFO|database.py-_normalize_processing_layers:188] >> [migration] raw/canonical 상태 정규화 완료: 총 5건 갱신
[2026-09-26 18:38:19,921][INFO|database.py-merge_final:736] >> 최종 데이터 병합 완료 (Traffic/Parking/Other 분리)
[2026-09-26 18:38:19,954][INFO|duplicate_group_service.py-_log_info:53] >> [duplicate] payload exact 중복군 1개, 멤버 2건 재생성
[2026-09-26 18:38:19,974][INFO|database.py-merge_final:736] >> 최종 데이터 병합 완료 (Traffic/Parking/Other 분리)
[2026-09-26 18:38:19,987][INFO|duplicate_group_service.py-_log_info:53] >> [duplicate] payload exact 중복군 0개, 멤버 0건 재생성
[2026-09-26 18:38:20,012][INFO|exchange.py-_restore_exclusive:413] >> mobile DB 복원 완료. 백업: /tmp/claude-1000/-home-better0101-projects-safetyreport/aa9d30e6-e7a5-4376-8fce-c9fb26682fbe/scratchpad/tmp.HHcxHGPjoa/backups/data_before_restore_20260926_183819.db, 신고건수: 1
.[2026-09-26 18:38:20,026][INFO|database.py-upgrade_schema:285] >> 테이블 'admin_users' 생성 중...
[2026-09-26 18:38:20,033][INFO|database.py-upgrade_schema:285] >> 테이블 'api_keys' 생성 중...
[2026-09-26 18:38:20,036][INFO|database.py-upgrade_schema:285] >> 테이블 'mysafety' 생성 중...
[2026-09-26 18:38:20,039][INFO|database.py-upgrade_schema:285] >> 테이블 'mysafety_change_cursor' 생성 중...
[2026-09-26 18:38:20,044][INFO|database.py-upgrade_schema:285] >> 테이블 'mysafety_change_log' 생성 중...
[2026-09-26 18:38:20,046][INFO|database.py-upgrade_schema:285] >> 테이블 'mysafety_duplicate_decision' 생성 중...
[2026-09-26 18:38:20,049][INFO|database.py-upgrade_schema:285] >> 테이블 'mysafety_duplicate_group' 생성 중...
[2026-09-26 18:38:20,056][INFO|database.py-upgrade_schema:285] >> 테이블 'mysafety_duplicate_member' 생성 중...
[2026-09-26 18:38:20,059][INFO|database.py-upgrade_schema:285] >> 테이블 'mysafety_entry_value' 생성 중...
[2026-09-26 18:38:20,062][INFO|database.py-upgrade_schema:285] >> 테이블 'mysafety_geocode_cache' 생성 중...
[2026-09-26 18:38:20,065][INFO|database.py-upgrade_schema:285] >> 테이블 'mysafety_raw_content' 생성 중...
[2026-09-26 18:38:20,067][INFO|database.py-upgrade_schema:285] >> 테이블 'mysafety_report_override' 생성 중...
[2026-09-26 18:38:20,072][INFO|database.py-upgrade_schema:285] >> 테이블 'mysafety_sync_meta' 생성 중...
[2026-09-26 18:38:20,074][INFO|database.py-upgrade_schema:285] >> 테이블 'mysafety_watchlist' 생성 중...
[2026-09-26 18:38:20,076][INFO|database.py-upgrade_schema:285] >> 테이블 'mysafetydetail_other' 생성 중...
[2026-09-26 18:38:20,078][INFO|database.py-upgrade_schema:285] >> 테이블 'mysafetydetail_parking' 생성 중...
[2026-09-26 18:38:20,082][INFO|database.py-upgrade_schema:285] >> 테이블 'mysafetydetail_traffic' 생성 중...
[2026-09-26 18:38:20,085][INFO|database.py-upgrade_schema:285] >> 테이블 'mysafetymerge_other' 생성 중...
[2026-09-26 18:38:20,087][INFO|database.py-upgrade_schema:285] >> 테이블 'mysafetymerge_parking' 생성 중...
[2026-09-26 18:38:20,093][INFO|database.py-upgrade_schema:285] >> 테이블 'mysafetymerge_traffic' 생성 중...
[2026-09-26 18:38:20,104][INFO|database.py-_apply_versioned_migrations:452] >> [schema] DB 스키마 버전 1 적용
[2026-09-26 18:38:20,111][INFO|database.py-_apply_versioned_migrations:452] >> [schema] DB 스키마 버전 2 적용
[2026-09-26 18:38:20,113][INFO|database.py-_apply_versioned_migrations:452] >> [schema] DB 스키마 버전 3 적용
[2026-09-26 18:38:20,140][INFO|database.py-_apply_versioned_migrations:452] >> [schema] DB 스키마 버전 4 적용
[2026-09-26 18:38:20,163][INFO|duplicate_group_service.py-_log_info:53] >> [duplicate] payload exact 중복군 0개, 멤버 0건 재생성
[2026-09-26 18:38:20,203][INFO|database.py-backfill_synced_at:100] >> [migration] mysafetydetail_traffic synced_at 백필: 12건, 미해결 0건
[2026-09-26 18:38:20,207][INFO|database.py-backfill_synced_at:100] >> [migration] mysafetydetail_parking synced_at 백필: 6건, 미해결 0건
[2026-09-26 18:38:20,211][INFO|database.py-backfill_synced_at:100] >> [migration] mysafetydetail_other synced_at 백필: 6건, 미해결 0건
[2026-09-26 18:38:20,213][INFO|database.py-backfill_synced_at:105] >> [migration] synced_at 백필 완료: 총 24건 갱신, merge 재생성 시작
[2026-09-26 18:38:20,222][INFO|database.py-merge_final:736] >> 최종 데이터 병합 완료 (Traffic/Parking/Other 분리)
[2026-09-26 18:38:20,261][INFO|duplicate_group_service.py-_log_info:53] >> [duplicate] payload exact 중복군 1개, 멤버 2건 재생성
[2026-09-26 18:38:20,275][INFO|database.py-merge_final:736] >> 최종 데이터 병합 완료 (Traffic/Parking/Other 분리)
[2026-09-26 18:38:20,297][INFO|duplicate_group_service.py-_log_info:53] >> [duplicate] payload exact 중복군 1개, 멤버 2건 재생성
[2026-09-26 18:38:20,521][INFO|database.py-_normalize_processing_layers:188] >> [migration] raw/canonical 상태 정규화 완료: 총 5건 갱신
[2026-09-26 18:38:20,539][INFO|database.py-merge_final:736] >> 최종 데이터 병합 완료 (Traffic/Parking/Other 분리)
[2026-09-26 18:38:20,572][INFO|duplicate_group_service.py-_log_info:53] >> [duplicate] payload exact 중복군 1개, 멤버 2건 재생성
[2026-09-26 18:38:20,603][INFO|database.py-merge_final:736] >> 최종 데이터 병합 완료 (Traffic/Parking/Other 분리)
[2026-09-26 18:38:20,619][INFO|duplicate_group_service.py-_log_info:53] >> [duplicate] payload exact 중복군 0개, 멤버 0건 재생성
[2026-09-26 18:38:20,643][INFO|exchange.py-_restore_exclusive:413] >> mobile DB 복원 완료. 백업: /tmp/claude-1000/-home-better0101-projects-safetyreport/aa9d30e6-e7a5-4376-8fce-c9fb26682fbe/scratchpad/tmp.HHcxHGPjoa/backups/data_before_restore_20260926_183820.db, 신고건수: 1
.[2026-09-26 18:38:20,657][INFO|database.py-upgrade_schema:285] >> 테이블 'admin_users' 생성 중...
[2026-09-26 18:38:20,661][INFO|database.py-upgrade_schema:285] >> 테이블 'api_keys' 생성 중...
[2026-09-26 18:38:20,664][INFO|database.py-upgrade_schema:285] >> 테이블 'mysafety' 생성 중...
[2026-09-26 18:38:20,666][INFO|database.py-upgrade_schema:285] >> 테이블 'mysafety_change_cursor' 생성 중...
[2026-09-26 18:38:20,669][INFO|database.py-upgrade_schema:285] >> 테이블 'mysafety_change_log' 생성 중...
[2026-09-26 18:38:20,677][INFO|database.py-upgrade_schema:285] >> 테이블 'mysafety_duplicate_decision' 생성 중...
[2026-09-26 18:38:20,679][INFO|database.py-upgrade_schema:285] >> 테이블 'mysafety_duplicate_group' 생성 중...
[2026-09-26 18:38:20,687][INFO|database.py-upgrade_schema:285] >> 테이블 'mysafety_duplicate_member' 생성 중...
[2026-09-26 18:38:20,689][INFO|database.py-upgrade_schema:285] >> 테이블 'mysafety_entry_value' 생성 중...
[2026-09-26 18:38:20,691][INFO|database.py-upgrade_schema:285] >> 테이블 'mysafety_geocode_cache' 생성 중...
[2026-09-26 18:38:20,694][INFO|database.py-upgrade_schema:285] >> 테이블 'mysafety_raw_content' 생성 중...
[2026-09-26 18:38:20,698][INFO|database.py-upgrade_schema:285] >> 테이블 'mysafety_report_override' 생성 중...
[2026-09-26 18:38:20,702][INFO|database.py-upgrade_schema:285] >> 테이블 'mysafety_sync_meta' 생성 중...
[2026-09-26 18:38:20,705][INFO|database.py-upgrade_schema:285] >> 테이블 'mysafety_watchlist' 생성 중...
[2026-09-26 18:38:20,708][INFO|database.py-upgrade_schema:285] >> 테이블 'mysafetydetail_other' 생성 중...
[2026-09-26 18:38:20,712][INFO|database.py-upgrade_schema:285] >> 테이블 'mysafetydetail_parking' 생성 중...
[2026-09-26 18:38:20,715][INFO|database.py-upgrade_schema:285] >> 테이블 'mysafetydetail_traffic' 생성 중...
[2026-09-26 18:38:20,717][INFO|database.py-upgrade_schema:285] >> 테이블 'mysafetymerge_other' 생성 중...
[2026-09-26 18:38:20,719][INFO|database.py-upgrade_schema:285] >> 테이블 'mysafetymerge_parking' 생성 중...
[2026-09-26 18:38:20,721][INFO|database.py-upgrade_schema:285] >> 테이블 'mysafetymerge_traffic' 생성 중...
[2026-09-26 18:38:20,728][INFO|database.py-_apply_versioned_migrations:452] >> [schema] DB 스키마 버전 1 적용
[2026-09-26 18:38:20,744][INFO|database.py-_apply_versioned_migrations:452] >> [schema] DB 스키마 버전 2 적용
[2026-09-26 18:38:20,747][INFO|database.py-_apply_versioned_migrations:452] >> [schema] DB 스키마 버전 3 적용
[2026-09-26 18:38:20,766][INFO|database.py-_apply_versioned_migrations:452] >> [schema] DB 스키마 버전 4 적용
[2026-09-26 18:38:20,782][INFO|duplicate_group_service.py-_log_info:53] >> [duplicate] payload exact 중복군 0개, 멤버 0건 재생성
[2026-09-26 18:38:20,813][INFO|database.py-backfill_synced_at:100] >> [migration] mysafetydetail_traffic synced_at 백필: 12건, 미해결 0건
[2026-09-26 18:38:20,816][INFO|database.py-backfill_synced_at:100] >> [migration] mysafetydetail_parking synced_at 백필: 6건, 미해결 0건
[2026-09-26 18:38:20,819][INFO|database.py-backfill_synced_at:100] >> [migration] mysafetydetail_other synced_at 백필: 6건, 미해결 0건
[2026-09-26 18:38:20,821][INFO|database.py-backfill_synced_at:105] >> [migration] synced_at 백필 완료: 총 24건 갱신, merge 재생성 시작
[2026-09-26 18:38:20,829][INFO|database.py-merge_final:736] >> 최종 데이터 병합 완료 (Traffic/Parking/Other 분리)
[2026-09-26 18:38:20,854][INFO|duplicate_group_service.py-_log_info:53] >> [duplicate] payload exact 중복군 1개, 멤버 2건 재생성
[2026-09-26 18:38:20,865][INFO|database.py-merge_final:736] >> 최종 데이터 병합 완료 (Traffic/Parking/Other 분리)
[2026-09-26 18:38:20,889][INFO|duplicate_group_service.py-_log_info:53] >> [duplicate] payload exact 중복군 1개, 멤버 2건 재생성
[2026-09-26 18:38:21,058][WARNING|crawl_manager.py-_read_queue_report:210] >> [crawl] 대기 큐에서 목록 전체에 없는 신고번호 제외: ['SPP-NONE']
.[2026-09-26 18:38:21,201][INFO|database.py-upgrade_schema:285] >> 테이블 'admin_users' 생성 중...
[2026-09-26 18:38:21,207][INFO|database.py-upgrade_schema:285] >> 테이블 'api_keys' 생성 중...
[2026-09-26 18:38:21,209][INFO|database.py-upgrade_schema:285] >> 테이블 'mysafety' 생성 중...
[2026-09-26 18:38:21,212][INFO|database.py-upgrade_schema:285] >> 테이블 'mysafety_change_cursor' 생성 중...
[2026-09-26 18:38:21,214][INFO|database.py-upgrade_schema:285] >> 테이블 'mysafety_change_log' 생성 중...
[2026-09-26 18:38:21,217][INFO|database.py-upgrade_schema:285] >> 테이블 'mysafety_duplicate_decision' 생성 중...
[2026-09-26 18:38:21,223][INFO|database.py-upgrade_schema:285] >> 테이블 'mysafety_duplicate_group' 생성 중...
[2026-09-26 18:38:21,227][INFO|database.py-upgrade_schema:285] >> 테이블 'mysafety_duplicate_member' 생성 중...
[2026-09-26 18:38:21,236][INFO|database.py-upgrade_schema:285] >> 테이블 'mysafety_entry_value' 생성 중...
[2026-09-26 18:38:21,238][INFO|database.py-upgrade_schema:285] >> 테이블 'mysafety_geocode_cache' 생성 중...
[2026-09-26 18:38:21,241][INFO|database.py-upgrade_schema:285] >> 테이블 'mysafety_raw_content' 생성 중...
[2026-09-26 18:38:21,244][INFO|database.py-upgrade_schema:285] >> 테이블 'mysafety_report_override' 생성 중...
[2026-09-26 18:38:21,247][INFO|database.py-upgrade_schema:285] >> 테이블 'mysafety_sync_meta' 생성 중...
[2026-09-26 18:38:21,253][INFO|database.py-upgrade_schema:285] >> 테이블 'mysafety_watchlist' 생성 중...
[2026-09-26 18:38:21,256][INFO|database.py-upgrade_schema:285] >> 테이블 'mysafetydetail_other' 생성 중...
[2026-09-26 18:38:21,260][INFO|database.py-upgrade_schema:285] >> 테이블 'mysafetydetail_parking' 생성 중...
[2026-09-26 18:38:21,262][INFO|database.py-upgrade_schema:285] >> 테이블 'mysafetydetail_traffic' 생성 중...
[2026-09-26 18:38:21,265][INFO|database.py-upgrade_schema:285] >> 테이블 'mysafetymerge_other' 생성 중...
[2026-09-26 18:38:21,271][INFO|database.py-upgrade_schema:285] >> 테이블 'mysafetymerge_parking' 생성 중...
[2026-09-26 18:38:21,274][INFO|database.py-upgrade_schema:285] >> 테이블 'mysafetymerge_traffic' 생성 중...
[2026-09-26 18:38:21,280][INFO|database.py-_apply_versioned_migrations:452] >> [schema] DB 스키마 버전 1 적용
[2026-09-26 18:38:21,286][INFO|database.py-_apply_versioned_migrations:452] >> [schema] DB 스키마 버전 2 적용
[2026-09-26 18:38:21,292][INFO|database.py-_apply_versioned_migrations:452] >> [schema] DB 스키마 버전 3 적용
[2026-09-26 18:38:21,316][INFO|database.py-_apply_versioned_migrations:452] >> [schema] DB 스키마 버전 4 적용
[2026-09-26 18:38:21,333][INFO|duplicate_group_service.py-_log_info:53] >> [duplicate] payload exact 중복군 0개, 멤버 0건 재생성
[2026-09-26 18:38:21,369][INFO|database.py-backfill_synced_at:100] >> [migration] mysafetydetail_traffic synced_at 백필: 12건, 미해결 0건
[2026-09-26 18:38:21,372][INFO|database.py-backfill_synced_at:100] >> [migration] mysafetydetail_parking synced_at 백필: 6건, 미해결 0건
[2026-09-26 18:38:21,375][INFO|database.py-backfill_synced_at:100] >> [migration] mysafetydetail_other synced_at 백필: 6건, 미해결 0건
[2026-09-26 18:38:21,377][INFO|database.py-backfill_synced_at:105] >> [migration] synced_at 백필 완료: 총 24건 갱신, merge 재생성 시작
[2026-09-26 18:38:21,383][INFO|database.py-merge_final:736] >> 최종 데이터 병합 완료 (Traffic/Parking/Other 분리)
/home/better0101/projects/safetyreport/.venv/lib/python3.14/site-packages/pandas/core/generic.py:6172: ResourceWarning: unclosed file <_io.FileIO name='/tmp/claude-1000/-home-better0101-projects-safetyreport/aa9d30e6-e7a5-4376-8fce-c9fb26682fbe/scratchpad/tmp.HHcxHGPjoa/logs/current_crawl.log' mode='ab' closefd=True>
  for name in set(self._metadata) & set(other._metadata):
ResourceWarning: Enable tracemalloc to get the object allocation traceback
[2026-09-26 18:38:21,408][INFO|duplicate_group_service.py-_log_info:53] >> [duplicate] payload exact 중복군 1개, 멤버 2건 재생성
[2026-09-26 18:38:21,418][INFO|database.py-merge_final:736] >> 최종 데이터 병합 완료 (Traffic/Parking/Other 분리)
[2026-09-26 18:38:21,442][INFO|duplicate_group_service.py-_log_info:53] >> [duplicate] payload exact 중복군 1개, 멤버 2건 재생성
.[2026-09-26 18:38:21,758][INFO|database.py-upgrade_schema:285] >> 테이블 'admin_users' 생성 중...
[2026-09-26 18:38:21,767][INFO|database.py-upgrade_schema:285] >> 테이블 'api_keys' 생성 중...
[2026-09-26 18:38:21,770][INFO|database.py-upgrade_schema:285] >> 테이블 'mysafety' 생성 중...
[2026-09-26 18:38:21,773][INFO|database.py-upgrade_schema:285] >> 테이블 'mysafety_change_cursor' 생성 중...
[2026-09-26 18:38:21,776][INFO|database.py-upgrade_schema:285] >> 테이블 'mysafety_change_log' 생성 중...
[2026-09-26 18:38:21,778][INFO|database.py-upgrade_schema:285] >> 테이블 'mysafety_duplicate_decision' 생성 중...
[2026-09-26 18:38:21,780][INFO|database.py-upgrade_schema:285] >> 테이블 'mysafety_duplicate_group' 생성 중...
[2026-09-26 18:38:21,782][INFO|database.py-upgrade_schema:285] >> 테이블 'mysafety_duplicate_member' 생성 중...
[2026-09-26 18:38:21,786][INFO|database.py-upgrade_schema:285] >> 테이블 'mysafety_entry_value' 생성 중...
[2026-09-26 18:38:21,789][INFO|database.py-upgrade_schema:285] >> 테이블 'mysafety_geocode_cache' 생성 중...
[2026-09-26 18:38:21,792][INFO|database.py-upgrade_schema:285] >> 테이블 'mysafety_raw_content' 생성 중...
[2026-09-26 18:38:21,799][INFO|database.py-upgrade_schema:285] >> 테이블 'mysafety_report_override' 생성 중...
[2026-09-26 18:38:21,802][INFO|database.py-upgrade_schema:285] >> 테이블 'mysafety_sync_meta' 생성 중...
[2026-09-26 18:38:21,806][INFO|database.py-upgrade_schema:285] >> 테이블 'mysafety_watchlist' 생성 중...
[2026-09-26 18:38:21,808][INFO|database.py-upgrade_schema:285] >> 테이블 'mysafetydetail_other' 생성 중...
[2026-09-26 18:38:21,812][INFO|database.py-upgrade_schema:285] >> 테이블 'mysafetydetail_parking' 생성 중...
[2026-09-26 18:38:21,815][INFO|database.py-upgrade_schema:285] >> 테이블 'mysafetydetail_traffic' 생성 중...
[2026-09-26 18:38:21,818][INFO|database.py-upgrade_schema:285] >> 테이블 'mysafetymerge_other' 생성 중...
[2026-09-26 18:38:21,821][INFO|database.py-upgrade_schema:285] >> 테이블 'mysafetymerge_parking' 생성 중...
[2026-09-26 18:38:21,826][INFO|database.py-upgrade_schema:285] >> 테이블 'mysafetymerge_traffic' 생성 중...
[2026-09-26 18:38:21,838][INFO|database.py-_apply_versioned_migrations:452] >> [schema] DB 스키마 버전 1 적용
[2026-09-26 18:38:21,848][INFO|database.py-_apply_versioned_migrations:452] >> [schema] DB 스키마 버전 2 적용
[2026-09-26 18:38:21,852][INFO|database.py-_apply_versioned_migrations:452] >> [schema] DB 스키마 버전 3 적용
[2026-09-26 18:38:21,880][INFO|database.py-_apply_versioned_migrations:452] >> [schema] DB 스키마 버전 4 적용
[2026-09-26 18:38:21,898][INFO|duplicate_group_service.py-_log_info:53] >> [duplicate] payload exact 중복군 0개, 멤버 0건 재생성
[2026-09-26 18:38:21,928][INFO|database.py-backfill_synced_at:100] >> [migration] mysafetydetail_traffic synced_at 백필: 12건, 미해결 0건
[2026-09-26 18:38:21,931][INFO|database.py-backfill_synced_at:100] >> [migration] mysafetydetail_parking synced_at 백필: 6건, 미해결 0건
[2026-09-26 18:38:21,934][INFO|database.py-backfill_synced_at:100] >> [migration] mysafetydetail_other synced_at 백필: 6건, 미해결 0건
[2026-09-26 18:38:21,937][INFO|database.py-backfill_synced_at:105] >> [migration] synced_at 백필 완료: 총 24건 갱신, merge 재생성 시작
[2026-09-26 18:38:21,949][INFO|database.py-merge_final:736] >> 최종 데이터 병합 완료 (Traffic/Parking/Other 분리)
/home/better0101/projects/safetyreport/.venv/lib/python3.14/site-packages/numpy/_core/_asarray.py:104: ResourceWarning: unclosed file <_io.FileIO name='/tmp/claude-1000/-home-better0101-projects-safetyreport/aa9d30e6-e7a5-4376-8fce-c9fb26682fbe/scratchpad/tmp.HHcxHGPjoa/logs/current_crawl.log' mode='ab' closefd=True>
  requirements = {POSSIBLE_FLAGS[x.upper()] for x in requirements}
ResourceWarning: Enable tracemalloc to get the object allocation traceback
[2026-09-26 18:38:21,985][INFO|duplicate_group_service.py-_log_info:53] >> [duplicate] payload exact 중복군 1개, 멤버 2건 재생성
[2026-09-26 18:38:21,993][INFO|database.py-merge_final:736] >> 최종 데이터 병합 완료 (Traffic/Parking/Other 분리)
[2026-09-26 18:38:22,017][INFO|duplicate_group_service.py-_log_info:53] >> [duplicate] payload exact 중복군 1개, 멤버 2건 재생성
[2026-09-26 18:38:22,307][INFO|database.py-_normalize_processing_layers:188] >> [migration] raw/canonical 상태 정규화 완료: 총 5건 갱신
[2026-09-26 18:38:22,323][INFO|database.py-merge_final:736] >> 최종 데이터 병합 완료 (Traffic/Parking/Other 분리)
[2026-09-26 18:38:22,359][INFO|duplicate_group_service.py-_log_info:53] >> [duplicate] payload exact 중복군 1개, 멤버 2건 재생성
[2026-09-26 18:38:22,382][INFO|database.py-merge_final:736] >> 최종 데이터 병합 완료 (Traffic/Parking/Other 분리)
[2026-09-26 18:38:22,396][INFO|duplicate_group_service.py-_log_info:53] >> [duplicate] payload exact 중복군 0개, 멤버 0건 재생성
[2026-09-26 18:38:22,422][INFO|exchange.py-_restore_exclusive:413] >> mobile DB 복원 완료. 백업: /tmp/claude-1000/-home-better0101-projects-safetyreport/aa9d30e6-e7a5-4376-8fce-c9fb26682fbe/scratchpad/tmp.HHcxHGPjoa/backups/data_before_restore_20260926_183822.db, 신고건수: 1
.[2026-09-26 18:38:22,582][INFO|database.py-upgrade_schema:285] >> 테이블 'admin_users' 생성 중...
[2026-09-26 18:38:22,587][INFO|database.py-upgrade_schema:285] >> 테이블 'api_keys' 생성 중...
[2026-09-26 18:38:22,589][INFO|database.py-upgrade_schema:285] >> 테이블 'mysafety' 생성 중...
[2026-09-26 18:38:22,591][INFO|database.py-upgrade_schema:285] >> 테이블 'mysafety_change_cursor' 생성 중...
[2026-09-26 18:38:22,594][INFO|database.py-upgrade_schema:285] >> 테이블 'mysafety_change_log' 생성 중...
[2026-09-26 18:38:22,596][INFO|database.py-upgrade_schema:285] >> 테이블 'mysafety_duplicate_decision' 생성 중...
[2026-09-26 18:38:22,599][INFO|database.py-upgrade_schema:285] >> 테이블 'mysafety_duplicate_group' 생성 중...
[2026-09-26 18:38:22,600][INFO|database.py-upgrade_schema:285] >> 테이블 'mysafety_duplicate_member' 생성 중...
[2026-09-26 18:38:22,603][INFO|database.py-upgrade_schema:285] >> 테이블 'mysafety_entry_value' 생성 중...
[2026-09-26 18:38:22,605][INFO|database.py-upgrade_schema:285] >> 테이블 'mysafety_geocode_cache' 생성 중...
[2026-09-26 18:38:22,607][INFO|database.py-upgrade_schema:285] >> 테이블 'mysafety_raw_content' 생성 중...
[2026-09-26 18:38:22,609][INFO|database.py-upgrade_schema:285] >> 테이블 'mysafety_report_override' 생성 중...
[2026-09-26 18:38:22,611][INFO|database.py-upgrade_schema:285] >> 테이블 'mysafety_sync_meta' 생성 중...
[2026-09-26 18:38:22,613][INFO|database.py-upgrade_schema:285] >> 테이블 'mysafety_watchlist' 생성 중...
[2026-09-26 18:38:22,615][INFO|database.py-upgrade_schema:285] >> 테이블 'mysafetydetail_other' 생성 중...
[2026-09-26 18:38:22,620][INFO|database.py-upgrade_schema:285] >> 테이블 'mysafetydetail_parking' 생성 중...
[2026-09-26 18:38:22,623][INFO|database.py-upgrade_schema:285] >> 테이블 'mysafetydetail_traffic' 생성 중...
[2026-09-26 18:38:22,625][INFO|database.py-upgrade_schema:285] >> 테이블 'mysafetymerge_other' 생성 중...
[2026-09-26 18:38:22,628][INFO|database.py-upgrade_schema:285] >> 테이블 'mysafetymerge_parking' 생성 중...
[2026-09-26 18:38:22,631][INFO|database.py-upgrade_schema:285] >> 테이블 'mysafetymerge_traffic' 생성 중...
[2026-09-26 18:38:22,638][INFO|database.py-_apply_versioned_migrations:452] >> [schema] DB 스키마 버전 1 적용
[2026-09-26 18:38:22,646][INFO|database.py-_apply_versioned_migrations:452] >> [schema] DB 스키마 버전 2 적용
[2026-09-26 18:38:22,651][INFO|database.py-_apply_versioned_migrations:452] >> [schema] DB 스키마 버전 3 적용
[2026-09-26 18:38:22,675][INFO|database.py-_apply_versioned_migrations:452] >> [schema] DB 스키마 버전 4 적용
[2026-09-26 18:38:22,690][INFO|duplicate_group_service.py-_log_info:53] >> [duplicate] payload exact 중복군 0개, 멤버 0건 재생성
[2026-09-26 18:38:22,721][INFO|database.py-backfill_synced_at:100] >> [migration] mysafetydetail_traffic synced_at 백필: 12건, 미해결 0건
[2026-09-26 18:38:22,724][INFO|database.py-backfill_synced_at:100] >> [migration] mysafetydetail_parking synced_at 백필: 6건, 미해결 0건
[2026-09-26 18:38:22,727][INFO|database.py-backfill_synced_at:100] >> [migration] mysafetydetail_other synced_at 백필: 6건, 미해결 0건
[2026-09-26 18:38:22,732][INFO|database.py-backfill_synced_at:105] >> [migration] synced_at 백필 완료: 총 24건 갱신, merge 재생성 시작
[2026-09-26 18:38:22,739][INFO|database.py-merge_final:736] >> 최종 데이터 병합 완료 (Traffic/Parking/Other 분리)
[2026-09-26 18:38:22,766][INFO|duplicate_group_service.py-_log_info:53] >> [duplicate] payload exact 중복군 1개, 멤버 2건 재생성
[2026-09-26 18:38:22,774][INFO|database.py-merge_final:736] >> 최종 데이터 병합 완료 (Traffic/Parking/Other 분리)
[2026-09-26 18:38:22,798][INFO|duplicate_group_service.py-_log_info:53] >> [duplicate] payload exact 중복군 1개, 멤버 2건 재생성
.[2026-09-26 18:38:22,994][INFO|database.py-upgrade_schema:285] >> 테이블 'admin_users' 생성 중...
[2026-09-26 18:38:22,999][INFO|database.py-upgrade_schema:285] >> 테이블 'api_keys' 생성 중...
[2026-09-26 18:38:23,001][INFO|database.py-upgrade_schema:285] >> 테이블 'mysafety' 생성 중...
[2026-09-26 18:38:23,003][INFO|database.py-upgrade_schema:285] >> 테이블 'mysafety_change_cursor' 생성 중...
[2026-09-26 18:38:23,005][INFO|database.py-upgrade_schema:285] >> 테이블 'mysafety_change_log' 생성 중...
[2026-09-26 18:38:23,007][INFO|database.py-upgrade_schema:285] >> 테이블 'mysafety_duplicate_decision' 생성 중...
[2026-09-26 18:38:23,009][INFO|database.py-upgrade_schema:285] >> 테이블 'mysafety_duplicate_group' 생성 중...
[2026-09-26 18:38:23,014][INFO|database.py-upgrade_schema:285] >> 테이블 'mysafety_duplicate_member' 생성 중...
[2026-09-26 18:38:23,016][INFO|database.py-upgrade_schema:285] >> 테이블 'mysafety_entry_value' 생성 중...
[2026-09-26 18:38:23,025][INFO|database.py-upgrade_schema:285] >> 테이블 'mysafety_geocode_cache' 생성 중...
[2026-09-26 18:38:23,027][INFO|database.py-upgrade_schema:285] >> 테이블 'mysafety_raw_content' 생성 중...
[2026-09-26 18:38:23,029][INFO|database.py-upgrade_schema:285] >> 테이블 'mysafety_report_override' 생성 중...
[2026-09-26 18:38:23,031][INFO|database.py-upgrade_schema:285] >> 테이블 'mysafety_sync_meta' 생성 중...
[2026-09-26 18:38:23,034][INFO|database.py-upgrade_schema:285] >> 테이블 'mysafety_watchlist' 생성 중...
[2026-09-26 18:38:23,035][INFO|database.py-upgrade_schema:285] >> 테이블 'mysafetydetail_other' 생성 중...
[2026-09-26 18:38:23,038][INFO|database.py-upgrade_schema:285] >> 테이블 'mysafetydetail_parking' 생성 중...
[2026-09-26 18:38:23,040][INFO|database.py-upgrade_schema:285] >> 테이블 'mysafetydetail_traffic' 생성 중...
[2026-09-26 18:38:23,042][INFO|database.py-upgrade_schema:285] >> 테이블 'mysafetymerge_other' 생성 중...
[2026-09-26 18:38:23,044][INFO|database.py-upgrade_schema:285] >> 테이블 'mysafetymerge_parking' 생성 중...
[2026-09-26 18:38:23,046][INFO|database.py-upgrade_schema:285] >> 테이블 'mysafetymerge_traffic' 생성 중...
[2026-09-26 18:38:23,051][INFO|database.py-_apply_versioned_migrations:452] >> [schema] DB 스키마 버전 1 적용
[2026-09-26 18:38:23,056][INFO|database.py-_apply_versioned_migrations:452] >> [schema] DB 스키마 버전 2 적용
[2026-09-26 18:38:23,060][INFO|database.py-_apply_versioned_migrations:452] >> [schema] DB 스키마 버전 3 적용
[2026-09-26 18:38:23,078][INFO|database.py-_apply_versioned_migrations:452] >> [schema] DB 스키마 버전 4 적용
[2026-09-26 18:38:23,094][INFO|duplicate_group_service.py-_log_info:53] >> [duplicate] payload exact 중복군 0개, 멤버 0건 재생성
[2026-09-26 18:38:23,125][INFO|database.py-backfill_synced_at:100] >> [migration] mysafetydetail_traffic synced_at 백필: 12건, 미해결 0건
[2026-09-26 18:38:23,128][INFO|database.py-backfill_synced_at:100] >> [migration] mysafetydetail_parking synced_at 백필: 6건, 미해결 0건
[2026-09-26 18:38:23,132][INFO|database.py-backfill_synced_at:100] >> [migration] mysafetydetail_other synced_at 백필: 6건, 미해결 0건
[2026-09-26 18:38:23,134][INFO|database.py-backfill_synced_at:105] >> [migration] synced_at 백필 완료: 총 24건 갱신, merge 재생성 시작
[2026-09-26 18:38:23,141][INFO|database.py-merge_final:736] >> 최종 데이터 병합 완료 (Traffic/Parking/Other 분리)
[2026-09-26 18:38:23,169][INFO|duplicate_group_service.py-_log_info:53] >> [duplicate] payload exact 중복군 1개, 멤버 2건 재생성
[2026-09-26 18:38:23,179][INFO|database.py-merge_final:736] >> 최종 데이터 병합 완료 (Traffic/Parking/Other 분리)
[2026-09-26 18:38:23,206][INFO|duplicate_group_service.py-_log_info:53] >> [duplicate] payload exact 중복군 1개, 멤버 2건 재생성
.[2026-09-26 18:38:23,412][INFO|database.py-upgrade_schema:285] >> 테이블 'admin_users' 생성 중...
[2026-09-26 18:38:23,420][INFO|database.py-upgrade_schema:285] >> 테이블 'api_keys' 생성 중...
[2026-09-26 18:38:23,423][INFO|database.py-upgrade_schema:285] >> 테이블 'mysafety' 생성 중...
[2026-09-26 18:38:23,428][INFO|database.py-upgrade_schema:285] >> 테이블 'mysafety_change_cursor' 생성 중...
[2026-09-26 18:38:23,430][INFO|database.py-upgrade_schema:285] >> 테이블 'mysafety_change_log' 생성 중...
[2026-09-26 18:38:23,436][INFO|database.py-upgrade_schema:285] >> 테이블 'mysafety_duplicate_decision' 생성 중...
[2026-09-26 18:38:23,438][INFO|database.py-upgrade_schema:285] >> 테이블 'mysafety_duplicate_group' 생성 중...
[2026-09-26 18:38:23,448][INFO|database.py-upgrade_schema:285] >> 테이블 'mysafety_duplicate_member' 생성 중...
[2026-09-26 18:38:23,452][INFO|database.py-upgrade_schema:285] >> 테이블 'mysafety_entry_value' 생성 중...
[2026-09-26 18:38:23,455][INFO|database.py-upgrade_schema:285] >> 테이블 'mysafety_geocode_cache' 생성 중...
[2026-09-26 18:38:23,460][INFO|database.py-upgrade_schema:285] >> 테이블 'mysafety_raw_content' 생성 중...
[2026-09-26 18:38:23,464][INFO|database.py-upgrade_schema:285] >> 테이블 'mysafety_report_override' 생성 중...
[2026-09-26 18:38:23,467][INFO|database.py-upgrade_schema:285] >> 테이블 'mysafety_sync_meta' 생성 중...
[2026-09-26 18:38:23,471][INFO|database.py-upgrade_schema:285] >> 테이블 'mysafety_watchlist' 생성 중...
[2026-09-26 18:38:23,475][INFO|database.py-upgrade_schema:285] >> 테이블 'mysafetydetail_other' 생성 중...
[2026-09-26 18:38:23,479][INFO|database.py-upgrade_schema:285] >> 테이블 'mysafetydetail_parking' 생성 중...
[2026-09-26 18:38:23,485][INFO|database.py-upgrade_schema:285] >> 테이블 'mysafetydetail_traffic' 생성 중...
[2026-09-26 18:38:23,492][INFO|database.py-upgrade_schema:285] >> 테이블 'mysafetymerge_other' 생성 중...
[2026-09-26 18:38:23,496][INFO|database.py-upgrade_schema:285] >> 테이블 'mysafetymerge_parking' 생성 중...
[2026-09-26 18:38:23,503][INFO|database.py-upgrade_schema:285] >> 테이블 'mysafetymerge_traffic' 생성 중...
[2026-09-26 18:38:23,510][INFO|database.py-_apply_versioned_migrations:452] >> [schema] DB 스키마 버전 1 적용
[2026-09-26 18:38:23,522][INFO|database.py-_apply_versioned_migrations:452] >> [schema] DB 스키마 버전 2 적용
[2026-09-26 18:38:23,525][INFO|database.py-_apply_versioned_migrations:452] >> [schema] DB 스키마 버전 3 적용
[2026-09-26 18:38:23,552][INFO|database.py-_apply_versioned_migrations:452] >> [schema] DB 스키마 버전 4 적용
[2026-09-26 18:38:23,577][INFO|duplicate_group_service.py-_log_info:53] >> [duplicate] payload exact 중복군 0개, 멤버 0건 재생성
[2026-09-26 18:38:23,610][INFO|database.py-backfill_synced_at:100] >> [migration] mysafetydetail_traffic synced_at 백필: 12건, 미해결 0건
[2026-09-26 18:38:23,613][INFO|database.py-backfill_synced_at:100] >> [migration] mysafetydetail_parking synced_at 백필: 6건, 미해결 0건
[2026-09-26 18:38:23,616][INFO|database.py-backfill_synced_at:100] >> [migration] mysafetydetail_other synced_at 백필: 6건, 미해결 0건
[2026-09-26 18:38:23,621][INFO|database.py-backfill_synced_at:105] >> [migration] synced_at 백필 완료: 총 24건 갱신, merge 재생성 시작
[2026-09-26 18:38:23,629][INFO|database.py-merge_final:736] >> 최종 데이터 병합 완료 (Traffic/Parking/Other 분리)
[2026-09-26 18:38:23,653][INFO|duplicate_group_service.py-_log_info:53] >> [duplicate] payload exact 중복군 1개, 멤버 2건 재생성
[2026-09-26 18:38:23,669][INFO|database.py-merge_final:736] >> 최종 데이터 병합 완료 (Traffic/Parking/Other 분리)
[2026-09-26 18:38:23,693][INFO|duplicate_group_service.py-_log_info:53] >> [duplicate] payload exact 중복군 1개, 멤버 2건 재생성
.[2026-09-26 18:38:24,193][INFO|database.py-upgrade_schema:285] >> 테이블 'admin_users' 생성 중...
[2026-09-26 18:38:24,198][INFO|database.py-upgrade_schema:285] >> 테이블 'api_keys' 생성 중...
[2026-09-26 18:38:24,201][INFO|database.py-upgrade_schema:285] >> 테이블 'mysafety' 생성 중...
[2026-09-26 18:38:24,204][INFO|database.py-upgrade_schema:285] >> 테이블 'mysafety_change_cursor' 생성 중...
[2026-09-26 18:38:24,206][INFO|database.py-upgrade_schema:285] >> 테이블 'mysafety_change_log' 생성 중...
[2026-09-26 18:38:24,211][INFO|database.py-upgrade_schema:285] >> 테이블 'mysafety_duplicate_decision' 생성 중...
[2026-09-26 18:38:24,216][INFO|database.py-upgrade_schema:285] >> 테이블 'mysafety_duplicate_group' 생성 중...
[2026-09-26 18:38:24,218][INFO|database.py-upgrade_schema:285] >> 테이블 'mysafety_duplicate_member' 생성 중...
[2026-09-26 18:38:24,220][INFO|database.py-upgrade_schema:285] >> 테이블 'mysafety_entry_value' 생성 중...
[2026-09-26 18:38:24,223][INFO|database.py-upgrade_schema:285] >> 테이블 'mysafety_geocode_cache' 생성 중...
[2026-09-26 18:38:24,226][INFO|database.py-upgrade_schema:285] >> 테이블 'mysafety_raw_content' 생성 중...
[2026-09-26 18:38:24,229][INFO|database.py-upgrade_schema:285] >> 테이블 'mysafety_report_override' 생성 중...
[2026-09-26 18:38:24,231][INFO|database.py-upgrade_schema:285] >> 테이블 'mysafety_sync_meta' 생성 중...
[2026-09-26 18:38:24,237][INFO|database.py-upgrade_schema:285] >> 테이블 'mysafety_watchlist' 생성 중...
[2026-09-26 18:38:24,242][INFO|database.py-upgrade_schema:285] >> 테이블 'mysafetydetail_other' 생성 중...
[2026-09-26 18:38:24,246][INFO|database.py-upgrade_schema:285] >> 테이블 'mysafetydetail_parking' 생성 중...
[2026-09-26 18:38:24,251][INFO|database.py-upgrade_schema:285] >> 테이블 'mysafetydetail_traffic' 생성 중...
[2026-09-26 18:38:24,254][INFO|database.py-upgrade_schema:285] >> 테이블 'mysafetymerge_other' 생성 중...
[2026-09-26 18:38:24,257][INFO|database.py-upgrade_schema:285] >> 테이블 'mysafetymerge_parking' 생성 중...
[2026-09-26 18:38:24,261][INFO|database.py-upgrade_schema:285] >> 테이블 'mysafetymerge_traffic' 생성 중...
[2026-09-26 18:38:24,270][INFO|database.py-_apply_versioned_migrations:452] >> [schema] DB 스키마 버전 1 적용
[2026-09-26 18:38:24,283][INFO|database.py-_apply_versioned_migrations:452] >> [schema] DB 스키마 버전 2 적용
[2026-09-26 18:38:24,287][INFO|database.py-_apply_versioned_migrations:452] >> [schema] DB 스키마 버전 3 적용
[2026-09-26 18:38:24,326][INFO|database.py-_apply_versioned_migrations:452] >> [schema] DB 스키마 버전 4 적용
[2026-09-26 18:38:24,342][INFO|duplicate_group_service.py-_log_info:53] >> [duplicate] payload exact 중복군 0개, 멤버 0건 재생성
[2026-09-26 18:38:24,392][INFO|database.py-backfill_synced_at:100] >> [migration] mysafetydetail_traffic synced_at 백필: 12건, 미해결 0건
[2026-09-26 18:38:24,395][INFO|database.py-backfill_synced_at:100] >> [migration] mysafetydetail_parking synced_at 백필: 6건, 미해결 0건
[2026-09-26 18:38:24,399][INFO|database.py-backfill_synced_at:100] >> [migration] mysafetydetail_other synced_at 백필: 6건, 미해결 0건
[2026-09-26 18:38:24,401][INFO|database.py-backfill_synced_at:105] >> [migration] synced_at 백필 완료: 총 24건 갱신, merge 재생성 시작
[2026-09-26 18:38:24,410][INFO|database.py-merge_final:736] >> 최종 데이터 병합 완료 (Traffic/Parking/Other 분리)
/home/better0101/projects/safetyreport/.venv/lib/python3.14/site-packages/pandas/core/dtypes/cast.py:673: ResourceWarning: unclosed file <_io.TextIOWrapper name='/tmp/claude-1000/-home-better0101-projects-safetyreport/aa9d30e6-e7a5-4376-8fce-c9fb26682fbe/scratchpad/tmp.HHcxHGPjoa/logs/current_crawl.log' mode='a' encoding='utf-8'>
  if not is_list_like(val):
ResourceWarning: Enable tracemalloc to get the object allocation traceback
[2026-09-26 18:38:24,442][INFO|duplicate_group_service.py-_log_info:53] >> [duplicate] payload exact 중복군 1개, 멤버 2건 재생성
[2026-09-26 18:38:24,450][INFO|database.py-merge_final:736] >> 최종 데이터 병합 완료 (Traffic/Parking/Other 분리)
[2026-09-26 18:38:24,475][INFO|duplicate_group_service.py-_log_info:53] >> [duplicate] payload exact 중복군 1개, 멤버 2건 재생성
.[2026-09-26 18:38:24,674][INFO|database.py-upgrade_schema:285] >> 테이블 'admin_users' 생성 중...
[2026-09-26 18:38:24,679][INFO|database.py-upgrade_schema:285] >> 테이블 'api_keys' 생성 중...
[2026-09-26 18:38:24,681][INFO|database.py-upgrade_schema:285] >> 테이블 'mysafety' 생성 중...
[2026-09-26 18:38:24,683][INFO|database.py-upgrade_schema:285] >> 테이블 'mysafety_change_cursor' 생성 중...
[2026-09-26 18:38:24,685][INFO|database.py-upgrade_schema:285] >> 테이블 'mysafety_change_log' 생성 중...
[2026-09-26 18:38:24,687][INFO|database.py-upgrade_schema:285] >> 테이블 'mysafety_duplicate_decision' 생성 중...
[2026-09-26 18:38:24,690][INFO|database.py-upgrade_schema:285] >> 테이블 'mysafety_duplicate_group' 생성 중...
[2026-09-26 18:38:24,693][INFO|database.py-upgrade_schema:285] >> 테이블 'mysafety_duplicate_member' 생성 중...
[2026-09-26 18:38:24,695][INFO|database.py-upgrade_schema:285] >> 테이블 'mysafety_entry_value' 생성 중...
[2026-09-26 18:38:24,697][INFO|database.py-upgrade_schema:285] >> 테이블 'mysafety_geocode_cache' 생성 중...
[2026-09-26 18:38:24,701][INFO|database.py-upgrade_schema:285] >> 테이블 'mysafety_raw_content' 생성 중...
[2026-09-26 18:38:24,704][INFO|database.py-upgrade_schema:285] >> 테이블 'mysafety_report_override' 생성 중...
[2026-09-26 18:38:24,707][INFO|database.py-upgrade_schema:285] >> 테이블 'mysafety_sync_meta' 생성 중...
[2026-09-26 18:38:24,711][INFO|database.py-upgrade_schema:285] >> 테이블 'mysafety_watchlist' 생성 중...
[2026-09-26 18:38:24,716][INFO|database.py-upgrade_schema:285] >> 테이블 'mysafetydetail_other' 생성 중...
[2026-09-26 18:38:24,728][INFO|database.py-upgrade_schema:285] >> 테이블 'mysafetydetail_parking' 생성 중...
[2026-09-26 18:38:24,733][INFO|database.py-upgrade_schema:285] >> 테이블 'mysafetydetail_traffic' 생성 중...
[2026-09-26 18:38:24,737][INFO|database.py-upgrade_schema:285] >> 테이블 'mysafetymerge_other' 생성 중...
[2026-09-26 18:38:24,740][INFO|database.py-upgrade_schema:285] >> 테이블 'mysafetymerge_parking' 생성 중...
[2026-09-26 18:38:24,742][INFO|database.py-upgrade_schema:285] >> 테이블 'mysafetymerge_traffic' 생성 중...
[2026-09-26 18:38:24,747][INFO|database.py-_apply_versioned_migrations:452] >> [schema] DB 스키마 버전 1 적용
[2026-09-26 18:38:24,761][INFO|database.py-_apply_versioned_migrations:452] >> [schema] DB 스키마 버전 2 적용
[2026-09-26 18:38:24,764][INFO|database.py-_apply_versioned_migrations:452] >> [schema] DB 스키마 버전 3 적용
[2026-09-26 18:38:24,795][INFO|database.py-_apply_versioned_migrations:452] >> [schema] DB 스키마 버전 4 적용
[2026-09-26 18:38:24,810][INFO|duplicate_group_service.py-_log_info:53] >> [duplicate] payload exact 중복군 0개, 멤버 0건 재생성
[2026-09-26 18:38:24,844][INFO|database.py-backfill_synced_at:100] >> [migration] mysafetydetail_traffic synced_at 백필: 12건, 미해결 0건
[2026-09-26 18:38:24,848][INFO|database.py-backfill_synced_at:100] >> [migration] mysafetydetail_parking synced_at 백필: 6건, 미해결 0건
[2026-09-26 18:38:24,851][INFO|database.py-backfill_synced_at:100] >> [migration] mysafetydetail_other synced_at 백필: 6건, 미해결 0건
[2026-09-26 18:38:24,854][INFO|database.py-backfill_synced_at:105] >> [migration] synced_at 백필 완료: 총 24건 갱신, merge 재생성 시작
[2026-09-26 18:38:24,862][INFO|database.py-merge_final:736] >> 최종 데이터 병합 완료 (Traffic/Parking/Other 분리)
[2026-09-26 18:38:24,891][INFO|duplicate_group_service.py-_log_info:53] >> [duplicate] payload exact 중복군 1개, 멤버 2건 재생성
[2026-09-26 18:38:24,899][INFO|database.py-merge_final:736] >> 최종 데이터 병합 완료 (Traffic/Parking/Other 분리)
[2026-09-26 18:38:24,924][INFO|duplicate_group_service.py-_log_info:53] >> [duplicate] payload exact 중복군 1개, 멤버 2건 재생성
.[2026-09-26 18:38:25,063][INFO|database.py-upgrade_schema:285] >> 테이블 'admin_users' 생성 중...
[2026-09-26 18:38:25,068][INFO|database.py-upgrade_schema:285] >> 테이블 'api_keys' 생성 중...
[2026-09-26 18:38:25,069][INFO|database.py-upgrade_schema:285] >> 테이블 'mysafety' 생성 중...
[2026-09-26 18:38:25,071][INFO|database.py-upgrade_schema:285] >> 테이블 'mysafety_change_cursor' 생성 중...
[2026-09-26 18:38:25,073][INFO|database.py-upgrade_schema:285] >> 테이블 'mysafety_change_log' 생성 중...
[2026-09-26 18:38:25,075][INFO|database.py-upgrade_schema:285] >> 테이블 'mysafety_duplicate_decision' 생성 중...
[2026-09-26 18:38:25,077][INFO|database.py-upgrade_schema:285] >> 테이블 'mysafety_duplicate_group' 생성 중...
[2026-09-26 18:38:25,078][INFO|database.py-upgrade_schema:285] >> 테이블 'mysafety_duplicate_member' 생성 중...
[2026-09-26 18:38:25,080][INFO|database.py-upgrade_schema:285] >> 테이블 'mysafety_entry_value' 생성 중...
[2026-09-26 18:38:25,082][INFO|database.py-upgrade_schema:285] >> 테이블 'mysafety_geocode_cache' 생성 중...
[2026-09-26 18:38:25,085][INFO|database.py-upgrade_schema:285] >> 테이블 'mysafety_raw_content' 생성 중...
[2026-09-26 18:38:25,086][INFO|database.py-upgrade_schema:285] >> 테이블 'mysafety_report_override' 생성 중...
[2026-09-26 18:38:25,088][INFO|database.py-upgrade_schema:285] >> 테이블 'mysafety_sync_meta' 생성 중...
[2026-09-26 18:38:25,090][INFO|database.py-upgrade_schema:285] >> 테이블 'mysafety_watchlist' 생성 중...
[2026-09-26 18:38:25,092][INFO|database.py-upgrade_schema:285] >> 테이블 'mysafetydetail_other' 생성 중...
[2026-09-26 18:38:25,094][INFO|database.py-upgrade_schema:285] >> 테이블 'mysafetydetail_parking' 생성 중...
[2026-09-26 18:38:25,096][INFO|database.py-upgrade_schema:285] >> 테이블 'mysafetydetail_traffic' 생성 중...
[2026-09-26 18:38:25,098][INFO|database.py-upgrade_schema:285] >> 테이블 'mysafetymerge_other' 생성 중...
[2026-09-26 18:38:25,101][INFO|database.py-upgrade_schema:285] >> 테이블 'mysafetymerge_parking' 생성 중...
[2026-09-26 18:38:25,104][INFO|database.py-upgrade_schema:285] >> 테이블 'mysafetymerge_traffic' 생성 중...
[2026-09-26 18:38:25,111][INFO|database.py-_apply_versioned_migrations:452] >> [schema] DB 스키마 버전 1 적용
[2026-09-26 18:38:25,120][INFO|database.py-_apply_versioned_migrations:452] >> [schema] DB 스키마 버전 2 적용
[2026-09-26 18:38:25,123][INFO|database.py-_apply_versioned_migrations:452] >> [schema] DB 스키마 버전 3 적용
[2026-09-26 18:38:25,145][INFO|database.py-_apply_versioned_migrations:452] >> [schema] DB 스키마 버전 4 적용
[2026-09-26 18:38:25,162][INFO|duplicate_group_service.py-_log_info:53] >> [duplicate] payload exact 중복군 0개, 멤버 0건 재생성
[2026-09-26 18:38:25,196][INFO|database.py-backfill_synced_at:100] >> [migration] mysafetydetail_traffic synced_at 백필: 12건, 미해결 0건
[2026-09-26 18:38:25,199][INFO|database.py-backfill_synced_at:100] >> [migration] mysafetydetail_parking synced_at 백필: 6건, 미해결 0건
[2026-09-26 18:38:25,201][INFO|database.py-backfill_synced_at:100] >> [migration] mysafetydetail_other synced_at 백필: 6건, 미해결 0건
[2026-09-26 18:38:25,204][INFO|database.py-backfill_synced_at:105] >> [migration] synced_at 백필 완료: 총 24건 갱신, merge 재생성 시작
[2026-09-26 18:38:25,213][INFO|database.py-merge_final:736] >> 최종 데이터 병합 완료 (Traffic/Parking/Other 분리)
[2026-09-26 18:38:25,238][INFO|duplicate_group_service.py-_log_info:53] >> [duplicate] payload exact 중복군 1개, 멤버 2건 재생성
[2026-09-26 18:38:25,248][INFO|database.py-merge_final:736] >> 최종 데이터 병합 완료 (Traffic/Parking/Other 분리)
[2026-09-26 18:38:25,276][INFO|duplicate_group_service.py-_log_info:53] >> [duplicate] payload exact 중복군 1개, 멤버 2건 재생성
[2026-09-26 18:38:25,413][INFO|start.py-_run_crawling_process:340] >> 큐 지정 크롤링 모드입니다. 전체 목록 갱신을 건너뜁니다.
[2026-09-26 18:38:25,415][WARNING|start.py-extract_ids_from_queue:131] >> 큐 신고번호 SPP-0000-NOPE의 ID를 찾을 수 없습니다. 목록 크롤링 후 재검색합니다.
[2026-09-26 18:38:25,415][INFO|start.py-_run_crawling_process:385] >> 미확인 신고번호 1건을 목록 크롤링으로 탐색합니다.
[2026-09-26 18:38:25,415][INFO|start.py-_run_crawling_process:394] >> 목록 탐색 중... 페이지 1 (남은 미확인: 1건)
[2026-09-26 18:38:25,415][WARNING|start.py-_run_crawling_process:436] >> 목록 전체를 찾아도 없는 신고번호: ['SPP-0000-NOPE']
[2026-09-26 18:38:25,415][INFO|start.py-_run_crawling_process:444] >> 큐 파일에서 2개의 아이템 크롤링 시작.
[2026-09-26 18:38:25,415][INFO|start.py-_run_crawling_process:458] >> 상세 크롤링 대상 ID: 2 건 (순차 처리)
[2026-09-26 18:38:25,415][INFO|start.py-_run_crawling_process:463] >> [API 방식] 상세 데이터 추출 시작
[2026-09-26 18:38:25,450][ERROR|start.py-_save_details_as_they_arrive:505] >> 상세 크롤링이 중간에 멈췄습니다(1건까지 저장됨): 네트워크 끊김
[2026-09-26 18:38:25,450][INFO|start.py-_save_details_as_they_arrive:506] >> 상세 저장 1건 (변경/신규 1건, 실패 0건)
[2026-09-26 18:38:25,461][WARNING|crawl_manager.py-_read_queue_report:210] >> [crawl] 대기 큐에서 목록 전체에 없는 신고번호 제외: ['SPP-0000-NOPE']
[2026-09-26 18:38:25,468][ERROR|start.py-main:599] >> 직접 로그인 실패: login failed
[2026-09-26 18:38:25,468][WARNING|start.py-main:600] >> 직접 로그인 최대 재시도(5) 실패. Selenium 로그인 후 브라우저 기반 API 호출 fallback으로 진행합니다.
[2026-09-26 18:38:25,468][ERROR|start.py-main:622] >> 실행 중 치명적 오류 발생: no browser
[2026-09-26 18:38:25,468][INFO|start.py-main:638] >> ====== 크롤링 작업 완료 ======
.[2026-09-26 18:38:25,491][INFO|database.py-upgrade_schema:285] >> 테이블 'admin_users' 생성 중...
[2026-09-26 18:38:25,500][INFO|database.py-upgrade_schema:285] >> 테이블 'api_keys' 생성 중...
[2026-09-26 18:38:25,505][INFO|database.py-upgrade_schema:285] >> 테이블 'mysafety' 생성 중...
[2026-09-26 18:38:25,507][INFO|database.py-upgrade_schema:285] >> 테이블 'mysafety_change_cursor' 생성 중...
[2026-09-26 18:38:25,509][INFO|database.py-upgrade_schema:285] >> 테이블 'mysafety_change_log' 생성 중...
[2026-09-26 18:38:25,511][INFO|database.py-upgrade_schema:285] >> 테이블 'mysafety_duplicate_decision' 생성 중...
[2026-09-26 18:38:25,513][INFO|database.py-upgrade_schema:285] >> 테이블 'mysafety_duplicate_group' 생성 중...
[2026-09-26 18:38:25,514][INFO|database.py-upgrade_schema:285] >> 테이블 'mysafety_duplicate_member' 생성 중...
[2026-09-26 18:38:25,517][INFO|database.py-upgrade_schema:285] >> 테이블 'mysafety_entry_value' 생성 중...
[2026-09-26 18:38:25,519][INFO|database.py-upgrade_schema:285] >> 테이블 'mysafety_geocode_cache' 생성 중...
[2026-09-26 18:38:25,521][INFO|database.py-upgrade_schema:285] >> 테이블 'mysafety_raw_content' 생성 중...
[2026-09-26 18:38:25,526][INFO|database.py-upgrade_schema:285] >> 테이블 'mysafety_report_override' 생성 중...
[2026-09-26 18:38:25,528][INFO|database.py-upgrade_schema:285] >> 테이블 'mysafety_sync_meta' 생성 중...
[2026-09-26 18:38:25,531][INFO|database.py-upgrade_schema:285] >> 테이블 'mysafety_watchlist' 생성 중...
[2026-09-26 18:38:25,534][INFO|database.py-upgrade_schema:285] >> 테이블 'mysafetydetail_other' 생성 중...
[2026-09-26 18:38:25,538][INFO|database.py-upgrade_schema:285] >> 테이블 'mysafetydetail_parking' 생성 중...
[2026-09-26 18:38:25,540][INFO|database.py-upgrade_schema:285] >> 테이블 'mysafetydetail_traffic' 생성 중...
[2026-09-26 18:38:25,547][INFO|database.py-upgrade_schema:285] >> 테이블 'mysafetymerge_other' 생성 중...
[2026-09-26 18:38:25,552][INFO|database.py-upgrade_schema:285] >> 테이블 'mysafetymerge_parking' 생성 중...
[2026-09-26 18:38:25,555][INFO|database.py-upgrade_schema:285] >> 테이블 'mysafetymerge_traffic' 생성 중...
[2026-09-26 18:38:25,564][INFO|database.py-_apply_versioned_migrations:452] >> [schema] DB 스키마 버전 1 적용
[2026-09-26 18:38:25,576][INFO|database.py-_apply_versioned_migrations:452] >> [schema] DB 스키마 버전 2 적용
[2026-09-26 18:38:25,579][INFO|database.py-_apply_versioned_migrations:452] >> [schema] DB 스키마 버전 3 적용
[2026-09-26 18:38:25,612][INFO|database.py-_apply_versioned_migrations:452] >> [schema] DB 스키마 버전 4 적용
[2026-09-26 18:38:25,630][INFO|duplicate_group_service.py-_log_info:53] >> [duplicate] payload exact 중복군 0개, 멤버 0건 재생성
[2026-09-26 18:38:25,661][INFO|database.py-backfill_synced_at:100] >> [migration] mysafetydetail_traffic synced_at 백필: 12건, 미해결 0건
[2026-09-26 18:38:25,664][INFO|database.py-backfill_synced_at:100] >> [migration] mysafetydetail_parking synced_at 백필: 6건, 미해결 0건
[2026-09-26 18:38:25,667][INFO|database.py-backfill_synced_at:100] >> [migration] mysafetydetail_other synced_at 백필: 6건, 미해결 0건
[2026-09-26 18:38:25,671][INFO|database.py-backfill_synced_at:105] >> [migration] synced_at 백필 완료: 총 24건 갱신, merge 재생성 시작
[2026-09-26 18:38:25,679][INFO|database.py-merge_final:736] >> 최종 데이터 병합 완료 (Traffic/Parking/Other 분리)
[2026-09-26 18:38:25,705][INFO|duplicate_group_service.py-_log_info:53] >> [duplicate] payload exact 중복군 1개, 멤버 2건 재생성
[2026-09-26 18:38:25,715][INFO|database.py-merge_final:736] >> 최종 데이터 병합 완료 (Traffic/Parking/Other 분리)
[2026-09-26 18:38:25,739][INFO|duplicate_group_service.py-_log_info:53] >> [duplicate] payload exact 중복군 1개, 멤버 2건 재생성
.[2026-09-26 18:38:26,334][INFO|database.py-upgrade_schema:285] >> 테이블 'admin_users' 생성 중...
[2026-09-26 18:38:26,338][INFO|database.py-upgrade_schema:285] >> 테이블 'api_keys' 생성 중...
[2026-09-26 18:38:26,340][INFO|database.py-upgrade_schema:285] >> 테이블 'mysafety' 생성 중...
[2026-09-26 18:38:26,342][INFO|database.py-upgrade_schema:285] >> 테이블 'mysafety_change_cursor' 생성 중...
[2026-09-26 18:38:26,344][INFO|database.py-upgrade_schema:285] >> 테이블 'mysafety_change_log' 생성 중...
[2026-09-26 18:38:26,347][INFO|database.py-upgrade_schema:285] >> 테이블 'mysafety_duplicate_decision' 생성 중...
[2026-09-26 18:38:26,352][INFO|database.py-upgrade_schema:285] >> 테이블 'mysafety_duplicate_group' 생성 중...
[2026-09-26 18:38:26,355][INFO|database.py-upgrade_schema:285] >> 테이블 'mysafety_duplicate_member' 생성 중...
[2026-09-26 18:38:26,364][INFO|database.py-upgrade_schema:285] >> 테이블 'mysafety_entry_value' 생성 중...
[2026-09-26 18:38:26,367][INFO|database.py-upgrade_schema:285] >> 테이블 'mysafety_geocode_cache' 생성 중...
[2026-09-26 18:38:26,370][INFO|database.py-upgrade_schema:285] >> 테이블 'mysafety_raw_content' 생성 중...
[2026-09-26 18:38:26,372][INFO|database.py-upgrade_schema:285] >> 테이블 'mysafety_report_override' 생성 중...
[2026-09-26 18:38:26,374][INFO|database.py-upgrade_schema:285] >> 테이블 'mysafety_sync_meta' 생성 중...
[2026-09-26 18:38:26,377][INFO|database.py-upgrade_schema:285] >> 테이블 'mysafety_watchlist' 생성 중...
[2026-09-26 18:38:26,384][INFO|database.py-upgrade_schema:285] >> 테이블 'mysafetydetail_other' 생성 중...
[2026-09-26 18:38:26,390][INFO|database.py-upgrade_schema:285] >> 테이블 'mysafetydetail_parking' 생성 중...
[2026-09-26 18:38:26,394][INFO|database.py-upgrade_schema:285] >> 테이블 'mysafetydetail_traffic' 생성 중...
[2026-09-26 18:38:26,398][INFO|database.py-upgrade_schema:285] >> 테이블 'mysafetymerge_other' 생성 중...
[2026-09-26 18:38:26,401][INFO|database.py-upgrade_schema:285] >> 테이블 'mysafetymerge_parking' 생성 중...
[2026-09-26 18:38:26,403][INFO|database.py-upgrade_schema:285] >> 테이블 'mysafetymerge_traffic' 생성 중...
[2026-09-26 18:38:26,408][INFO|database.py-_apply_versioned_migrations:452] >> [schema] DB 스키마 버전 1 적용
[2026-09-26 18:38:26,415][INFO|database.py-_apply_versioned_migrations:452] >> [schema] DB 스키마 버전 2 적용
[2026-09-26 18:38:26,418][INFO|database.py-_apply_versioned_migrations:452] >> [schema] DB 스키마 버전 3 적용
[2026-09-26 18:38:26,452][INFO|database.py-_apply_versioned_migrations:452] >> [schema] DB 스키마 버전 4 적용
[2026-09-26 18:38:26,470][INFO|duplicate_group_service.py-_log_info:53] >> [duplicate] payload exact 중복군 0개, 멤버 0건 재생성
[2026-09-26 18:38:26,504][INFO|database.py-backfill_synced_at:100] >> [migration] mysafetydetail_traffic synced_at 백필: 12건, 미해결 0건
[2026-09-26 18:38:26,507][INFO|database.py-backfill_synced_at:100] >> [migration] mysafetydetail_parking synced_at 백필: 6건, 미해결 0건
[2026-09-26 18:38:26,510][INFO|database.py-backfill_synced_at:100] >> [migration] mysafetydetail_other synced_at 백필: 6건, 미해결 0건
[2026-09-26 18:38:26,512][INFO|database.py-backfill_synced_at:105] >> [migration] synced_at 백필 완료: 총 24건 갱신, merge 재생성 시작
[2026-09-26 18:38:26,524][INFO|database.py-merge_final:736] >> 최종 데이터 병합 완료 (Traffic/Parking/Other 분리)
/home/better0101/projects/safetyreport/.venv/lib/python3.14/site-packages/pandas/core/internals/managers.py:2410: ResourceWarning: unclosed file <_io.FileIO name='/tmp/claude-1000/-home-better0101-projects-safetyreport/aa9d30e6-e7a5-4376-8fce-c9fb26682fbe/scratchpad/tmp.HHcxHGPjoa/logs/current_crawl.log' mode='ab' closefd=True>
  block_type(x[1], placement=BlockPlacement(x[0]), ndim=2)
ResourceWarning: Enable tracemalloc to get the object allocation traceback
[2026-09-26 18:38:26,551][INFO|duplicate_group_service.py-_log_info:53] >> [duplicate] payload exact 중복군 1개, 멤버 2건 재생성
[2026-09-26 18:38:26,563][INFO|database.py-merge_final:736] >> 최종 데이터 병합 완료 (Traffic/Parking/Other 분리)
[2026-09-26 18:38:26,588][INFO|duplicate_group_service.py-_log_info:53] >> [duplicate] payload exact 중복군 1개, 멤버 2건 재생성
[2026-09-26 18:38:26,847][INFO|database.py-_normalize_processing_layers:188] >> [migration] raw/canonical 상태 정규화 완료: 총 5건 갱신
[2026-09-26 18:38:26,867][INFO|database.py-merge_final:736] >> 최종 데이터 병합 완료 (Traffic/Parking/Other 분리)
[2026-09-26 18:38:26,901][INFO|duplicate_group_service.py-_log_info:53] >> [duplicate] payload exact 중복군 1개, 멤버 2건 재생성
[2026-09-26 18:38:26,927][INFO|database.py-merge_final:736] >> 최종 데이터 병합 완료 (Traffic/Parking/Other 분리)
[2026-09-26 18:38:26,940][INFO|duplicate_group_service.py-_log_info:53] >> [duplicate] payload exact 중복군 0개, 멤버 0건 재생성
[2026-09-26 18:38:26,964][INFO|exchange.py-_restore_exclusive:413] >> mobile DB 복원 완료. 백업: /tmp/claude-1000/-home-better0101-projects-safetyreport/aa9d30e6-e7a5-4376-8fce-c9fb26682fbe/scratchpad/tmp.HHcxHGPjoa/backups/data_before_restore_20260926_183826.db, 신고건수: 1
.[2026-09-26 18:38:26,976][INFO|database.py-upgrade_schema:285] >> 테이블 'admin_users' 생성 중...
[2026-09-26 18:38:26,981][INFO|database.py-upgrade_schema:285] >> 테이블 'api_keys' 생성 중...
[2026-09-26 18:38:26,983][INFO|database.py-upgrade_schema:285] >> 테이블 'mysafety' 생성 중...
[2026-09-26 18:38:26,985][INFO|database.py-upgrade_schema:285] >> 테이블 'mysafety_change_cursor' 생성 중...
[2026-09-26 18:38:26,987][INFO|database.py-upgrade_schema:285] >> 테이블 'mysafety_change_log' 생성 중...
[2026-09-26 18:38:26,990][INFO|database.py-upgrade_schema:285] >> 테이블 'mysafety_duplicate_decision' 생성 중...
[2026-09-26 18:38:26,992][INFO|database.py-upgrade_schema:285] >> 테이블 'mysafety_duplicate_group' 생성 중...
[2026-09-26 18:38:26,994][INFO|database.py-upgrade_schema:285] >> 테이블 'mysafety_duplicate_member' 생성 중...
[2026-09-26 18:38:26,996][INFO|database.py-upgrade_schema:285] >> 테이블 'mysafety_entry_value' 생성 중...
[2026-09-26 18:38:26,998][INFO|database.py-upgrade_schema:285] >> 테이블 'mysafety_geocode_cache' 생성 중...
[2026-09-26 18:38:27,000][INFO|database.py-upgrade_schema:285] >> 테이블 'mysafety_raw_content' 생성 중...
[2026-09-26 18:38:27,002][INFO|database.py-upgrade_schema:285] >> 테이블 'mysafety_report_override' 생성 중...
[2026-09-26 18:38:27,005][INFO|database.py-upgrade_schema:285] >> 테이블 'mysafety_sync_meta' 생성 중...
[2026-09-26 18:38:27,008][INFO|database.py-upgrade_schema:285] >> 테이블 'mysafety_watchlist' 생성 중...
[2026-09-26 18:38:27,011][INFO|database.py-upgrade_schema:285] >> 테이블 'mysafetydetail_other' 생성 중...
[2026-09-26 18:38:27,013][INFO|database.py-upgrade_schema:285] >> 테이블 'mysafetydetail_parking' 생성 중...
[2026-09-26 18:38:27,016][INFO|database.py-upgrade_schema:285] >> 테이블 'mysafetydetail_traffic' 생성 중...
[2026-09-26 18:38:27,023][INFO|database.py-upgrade_schema:285] >> 테이블 'mysafetymerge_other' 생성 중...
[2026-09-26 18:38:27,026][INFO|database.py-upgrade_schema:285] >> 테이블 'mysafetymerge_parking' 생성 중...
[2026-09-26 18:38:27,033][INFO|database.py-upgrade_schema:285] >> 테이블 'mysafetymerge_traffic' 생성 중...
[2026-09-26 18:38:27,038][INFO|database.py-_apply_versioned_migrations:452] >> [schema] DB 스키마 버전 1 적용
[2026-09-26 18:38:27,046][INFO|database.py-_apply_versioned_migrations:452] >> [schema] DB 스키마 버전 2 적용
[2026-09-26 18:38:27,049][INFO|database.py-_apply_versioned_migrations:452] >> [schema] DB 스키마 버전 3 적용
[2026-09-26 18:38:27,069][INFO|database.py-_apply_versioned_migrations:452] >> [schema] DB 스키마 버전 4 적용
[2026-09-26 18:38:27,084][INFO|duplicate_group_service.py-_log_info:53] >> [duplicate] payload exact 중복군 0개, 멤버 0건 재생성
[2026-09-26 18:38:27,119][INFO|database.py-backfill_synced_at:100] >> [migration] mysafetydetail_traffic synced_at 백필: 12건, 미해결 0건
[2026-09-26 18:38:27,123][INFO|database.py-backfill_synced_at:100] >> [migration] mysafetydetail_parking synced_at 백필: 6건, 미해결 0건
[2026-09-26 18:38:27,126][INFO|database.py-backfill_synced_at:100] >> [migration] mysafetydetail_other synced_at 백필: 6건, 미해결 0건
[2026-09-26 18:38:27,129][INFO|database.py-backfill_synced_at:105] >> [migration] synced_at 백필 완료: 총 24건 갱신, merge 재생성 시작
[2026-09-26 18:38:27,138][INFO|database.py-merge_final:736] >> 최종 데이터 병합 완료 (Traffic/Parking/Other 분리)
[2026-09-26 18:38:27,165][INFO|duplicate_group_service.py-_log_info:53] >> [duplicate] payload exact 중복군 1개, 멤버 2건 재생성
[2026-09-26 18:38:27,179][INFO|database.py-merge_final:736] >> 최종 데이터 병합 완료 (Traffic/Parking/Other 분리)
[2026-09-26 18:38:27,202][INFO|duplicate_group_service.py-_log_info:53] >> [duplicate] payload exact 중복군 1개, 멤버 2건 재생성
.[2026-09-26 18:38:27,424][INFO|database.py-upgrade_schema:285] >> 테이블 'admin_users' 생성 중...
[2026-09-26 18:38:27,437][INFO|database.py-upgrade_schema:285] >> 테이블 'api_keys' 생성 중...
[2026-09-26 18:38:27,439][INFO|database.py-upgrade_schema:285] >> 테이블 'mysafety' 생성 중...
[2026-09-26 18:38:27,442][INFO|database.py-upgrade_schema:285] >> 테이블 'mysafety_change_cursor' 생성 중...
[2026-09-26 18:38:27,444][INFO|database.py-upgrade_schema:285] >> 테이블 'mysafety_change_log' 생성 중...
[2026-09-26 18:38:27,450][INFO|database.py-upgrade_schema:285] >> 테이블 'mysafety_duplicate_decision' 생성 중...
[2026-09-26 18:38:27,452][INFO|database.py-upgrade_schema:285] >> 테이블 'mysafety_duplicate_group' 생성 중...
[2026-09-26 18:38:27,460][INFO|database.py-upgrade_schema:285] >> 테이블 'mysafety_duplicate_member' 생성 중...
[2026-09-26 18:38:27,462][INFO|database.py-upgrade_schema:285] >> 테이블 'mysafety_entry_value' 생성 중...
[2026-09-26 18:38:27,464][INFO|database.py-upgrade_schema:285] >> 테이블 'mysafety_geocode_cache' 생성 중...
[2026-09-26 18:38:27,465][INFO|database.py-upgrade_schema:285] >> 테이블 'mysafety_raw_content' 생성 중...
[2026-09-26 18:38:27,468][INFO|database.py-upgrade_schema:285] >> 테이블 'mysafety_report_override' 생성 중...
[2026-09-26 18:38:27,473][INFO|database.py-upgrade_schema:285] >> 테이블 'mysafety_sync_meta' 생성 중...
[2026-09-26 18:38:27,475][INFO|database.py-upgrade_schema:285] >> 테이블 'mysafety_watchlist' 생성 중...
[2026-09-26 18:38:27,478][INFO|database.py-upgrade_schema:285] >> 테이블 'mysafetydetail_other' 생성 중...
[2026-09-26 18:38:27,485][INFO|database.py-upgrade_schema:285] >> 테이블 'mysafetydetail_parking' 생성 중...
[2026-09-26 18:38:27,491][INFO|database.py-upgrade_schema:285] >> 테이블 'mysafetydetail_traffic' 생성 중...
[2026-09-26 18:38:27,495][INFO|database.py-upgrade_schema:285] >> 테이블 'mysafetymerge_other' 생성 중...
[2026-09-26 18:38:27,500][INFO|database.py-upgrade_schema:285] >> 테이블 'mysafetymerge_parking' 생성 중...
[2026-09-26 18:38:27,502][INFO|database.py-upgrade_schema:285] >> 테이블 'mysafetymerge_traffic' 생성 중...
[2026-09-26 18:38:27,506][INFO|database.py-_apply_versioned_migrations:452] >> [schema] DB 스키마 버전 1 적용
[2026-09-26 18:38:27,512][INFO|database.py-_apply_versioned_migrations:452] >> [schema] DB 스키마 버전 2 적용
[2026-09-26 18:38:27,518][INFO|database.py-_apply_versioned_migrations:452] >> [schema] DB 스키마 버전 3 적용
[2026-09-26 18:38:27,539][INFO|database.py-_apply_versioned_migrations:452] >> [schema] DB 스키마 버전 4 적용
[2026-09-26 18:38:27,554][INFO|duplicate_group_service.py-_log_info:53] >> [duplicate] payload exact 중복군 0개, 멤버 0건 재생성
[2026-09-26 18:38:27,587][INFO|database.py-backfill_synced_at:100] >> [migration] mysafetydetail_traffic synced_at 백필: 12건, 미해결 0건
[2026-09-26 18:38:27,590][INFO|database.py-backfill_synced_at:100] >> [migration] mysafetydetail_parking synced_at 백필: 6건, 미해결 0건
[2026-09-26 18:38:27,593][INFO|database.py-backfill_synced_at:100] >> [migration] mysafetydetail_other synced_at 백필: 6건, 미해결 0건
[2026-09-26 18:38:27,595][INFO|database.py-backfill_synced_at:105] >> [migration] synced_at 백필 완료: 총 24건 갱신, merge 재생성 시작
[2026-09-26 18:38:27,601][INFO|database.py-merge_final:736] >> 최종 데이터 병합 완료 (Traffic/Parking/Other 분리)
[2026-09-26 18:38:27,626][INFO|duplicate_group_service.py-_log_info:53] >> [duplicate] payload exact 중복군 1개, 멤버 2건 재생성
[2026-09-26 18:38:27,645][INFO|database.py-merge_final:736] >> 최종 데이터 병합 완료 (Traffic/Parking/Other 분리)
[2026-09-26 18:38:27,670][INFO|duplicate_group_service.py-_log_info:53] >> [duplicate] payload exact 중복군 1개, 멤버 2건 재생성
[2026-09-26 18:38:28,389][INFO|database.py-_normalize_processing_layers:188] >> [migration] raw/canonical 상태 정규화 완료: 총 5건 갱신
[2026-09-26 18:38:28,412][INFO|database.py-merge_final:736] >> 최종 데이터 병합 완료 (Traffic/Parking/Other 분리)
[2026-09-26 18:38:28,455][INFO|duplicate_group_service.py-_log_info:53] >> [duplicate] payload exact 중복군 1개, 멤버 2건 재생성
[2026-09-26 18:38:28,478][INFO|database.py-merge_final:736] >> 최종 데이터 병합 완료 (Traffic/Parking/Other 분리)
[2026-09-26 18:38:28,491][INFO|duplicate_group_service.py-_log_info:53] >> [duplicate] payload exact 중복군 0개, 멤버 0건 재생성
[2026-09-26 18:38:28,521][INFO|exchange.py-_restore_exclusive:413] >> mobile DB 복원 완료. 백업: /tmp/claude-1000/-home-better0101-projects-safetyreport/aa9d30e6-e7a5-4376-8fce-c9fb26682fbe/scratchpad/tmp.HHcxHGPjoa/backups/data_before_restore_20260926_183828.db, 신고건수: 1
.[2026-09-26 18:38:28,545][INFO|database.py-upgrade_schema:285] >> 테이블 'admin_users' 생성 중...
[2026-09-26 18:38:28,552][INFO|database.py-upgrade_schema:285] >> 테이블 'api_keys' 생성 중...
[2026-09-26 18:38:28,554][INFO|database.py-upgrade_schema:285] >> 테이블 'mysafety' 생성 중...
[2026-09-26 18:38:28,556][INFO|database.py-upgrade_schema:285] >> 테이블 'mysafety_change_cursor' 생성 중...
[2026-09-26 18:38:28,558][INFO|database.py-upgrade_schema:285] >> 테이블 'mysafety_change_log' 생성 중...
[2026-09-26 18:38:28,561][INFO|database.py-upgrade_schema:285] >> 테이블 'mysafety_duplicate_decision' 생성 중...
[2026-09-26 18:38:28,564][INFO|database.py-upgrade_schema:285] >> 테이블 'mysafety_duplicate_group' 생성 중...
[2026-09-26 18:38:28,569][INFO|database.py-upgrade_schema:285] >> 테이블 'mysafety_duplicate_member' 생성 중...
[2026-09-26 18:38:28,571][INFO|database.py-upgrade_schema:285] >> 테이블 'mysafety_entry_value' 생성 중...
[2026-09-26 18:38:28,580][INFO|database.py-upgrade_schema:285] >> 테이블 'mysafety_geocode_cache' 생성 중...
[2026-09-26 18:38:28,585][INFO|database.py-upgrade_schema:285] >> 테이블 'mysafety_raw_content' 생성 중...
[2026-09-26 18:38:28,589][INFO|database.py-upgrade_schema:285] >> 테이블 'mysafety_report_override' 생성 중...
[2026-09-26 18:38:28,593][INFO|database.py-upgrade_schema:285] >> 테이블 'mysafety_sync_meta' 생성 중...
[2026-09-26 18:38:28,596][INFO|database.py-upgrade_schema:285] >> 테이블 'mysafety_watchlist' 생성 중...
[2026-09-26 18:38:28,601][INFO|database.py-upgrade_schema:285] >> 테이블 'mysafetydetail_other' 생성 중...
[2026-09-26 18:38:28,605][INFO|database.py-upgrade_schema:285] >> 테이블 'mysafetydetail_parking' 생성 중...
[2026-09-26 18:38:28,608][INFO|database.py-upgrade_schema:285] >> 테이블 'mysafetydetail_traffic' 생성 중...
[2026-09-26 18:38:28,611][INFO|database.py-upgrade_schema:285] >> 테이블 'mysafetymerge_other' 생성 중...
[2026-09-26 18:38:28,616][INFO|database.py-upgrade_schema:285] >> 테이블 'mysafetymerge_parking' 생성 중...
[2026-09-26 18:38:28,620][INFO|database.py-upgrade_schema:285] >> 테이블 'mysafetymerge_traffic' 생성 중...
[2026-09-26 18:38:28,627][INFO|database.py-_apply_versioned_migrations:452] >> [schema] DB 스키마 버전 1 적용
[2026-09-26 18:38:28,643][INFO|database.py-_apply_versioned_migrations:452] >> [schema] DB 스키마 버전 2 적용
[2026-09-26 18:38:28,647][INFO|database.py-_apply_versioned_migrations:452] >> [schema] DB 스키마 버전 3 적용
[2026-09-26 18:38:28,722][INFO|database.py-_apply_versioned_migrations:452] >> [schema] DB 스키마 버전 4 적용
/home/better0101/projects/safetyreport/.venv/lib/python3.14/site-packages/sqlalchemy/sql/cache_key.py:1019: ResourceWarning: unclosed database in <sqlite3.Connection object at 0x7f868c2a95d0>
  def visit_dml_values(
ResourceWarning: Enable tracemalloc to get the object allocation traceback
[2026-09-26 18:38:28,766][INFO|duplicate_group_service.py-_log_info:53] >> [duplicate] payload exact 중복군 0개, 멤버 0건 재생성
[2026-09-26 18:38:28,823][INFO|database.py-backfill_synced_at:100] >> [migration] mysafetydetail_traffic synced_at 백필: 12건, 미해결 0건
[2026-09-26 18:38:28,829][INFO|database.py-backfill_synced_at:100] >> [migration] mysafetydetail_parking synced_at 백필: 6건, 미해결 0건
[2026-09-26 18:38:28,833][INFO|database.py-backfill_synced_at:100] >> [migration] mysafetydetail_other synced_at 백필: 6건, 미해결 0건
[2026-09-26 18:38:28,836][INFO|database.py-backfill_synced_at:105] >> [migration] synced_at 백필 완료: 총 24건 갱신, merge 재생성 시작
[2026-09-26 18:38:28,859][INFO|database.py-merge_final:736] >> 최종 데이터 병합 완료 (Traffic/Parking/Other 분리)
[2026-09-26 18:38:28,887][INFO|duplicate_group_service.py-_log_info:53] >> [duplicate] payload exact 중복군 1개, 멤버 2건 재생성
[2026-09-26 18:38:28,899][INFO|database.py-merge_final:736] >> 최종 데이터 병합 완료 (Traffic/Parking/Other 분리)
[2026-09-26 18:38:28,934][INFO|duplicate_group_service.py-_log_info:53] >> [duplicate] payload exact 중복군 1개, 멤버 2건 재생성
.[2026-09-26 18:38:29,131][INFO|database.py-upgrade_schema:285] >> 테이블 'admin_users' 생성 중...
[2026-09-26 18:38:29,137][INFO|database.py-upgrade_schema:285] >> 테이블 'api_keys' 생성 중...
[2026-09-26 18:38:29,139][INFO|database.py-upgrade_schema:285] >> 테이블 'mysafety' 생성 중...
[2026-09-26 18:38:29,141][INFO|database.py-upgrade_schema:285] >> 테이블 'mysafety_change_cursor' 생성 중...
[2026-09-26 18:38:29,144][INFO|database.py-upgrade_schema:285] >> 테이블 'mysafety_change_log' 생성 중...
[2026-09-26 18:38:29,146][INFO|database.py-upgrade_schema:285] >> 테이블 'mysafety_duplicate_decision' 생성 중...
[2026-09-26 18:38:29,148][INFO|database.py-upgrade_schema:285] >> 테이블 'mysafety_duplicate_group' 생성 중...
[2026-09-26 18:38:29,150][INFO|database.py-upgrade_schema:285] >> 테이블 'mysafety_duplicate_member' 생성 중...
[2026-09-26 18:38:29,152][INFO|database.py-upgrade_schema:285] >> 테이블 'mysafety_entry_value' 생성 중...
[2026-09-26 18:38:29,157][INFO|database.py-upgrade_schema:285] >> 테이블 'mysafety_geocode_cache' 생성 중...
[2026-09-26 18:38:29,160][INFO|database.py-upgrade_schema:285] >> 테이블 'mysafety_raw_content' 생성 중...
[2026-09-26 18:38:29,163][INFO|database.py-upgrade_schema:285] >> 테이블 'mysafety_report_override' 생성 중...
[2026-09-26 18:38:29,165][INFO|database.py-upgrade_schema:285] >> 테이블 'mysafety_sync_meta' 생성 중...
[2026-09-26 18:38:29,168][INFO|database.py-upgrade_schema:285] >> 테이블 'mysafety_watchlist' 생성 중...
[2026-09-26 18:38:29,171][INFO|database.py-upgrade_schema:285] >> 테이블 'mysafetydetail_other' 생성 중...
[2026-09-26 18:38:29,177][INFO|database.py-upgrade_schema:285] >> 테이블 'mysafetydetail_parking' 생성 중...
[2026-09-26 18:38:29,183][INFO|database.py-upgrade_schema:285] >> 테이블 'mysafetydetail_traffic' 생성 중...
[2026-09-26 18:38:29,190][INFO|database.py-upgrade_schema:285] >> 테이블 'mysafetymerge_other' 생성 중...
[2026-09-26 18:38:29,193][INFO|database.py-upgrade_schema:285] >> 테이블 'mysafetymerge_parking' 생성 중...
[2026-09-26 18:38:29,196][INFO|database.py-upgrade_schema:285] >> 테이블 'mysafetymerge_traffic' 생성 중...
[2026-09-26 18:38:29,203][INFO|database.py-_apply_versioned_migrations:452] >> [schema] DB 스키마 버전 1 적용
[2026-09-26 18:38:29,211][INFO|database.py-_apply_versioned_migrations:452] >> [schema] DB 스키마 버전 2 적용
[2026-09-26 18:38:29,214][INFO|database.py-_apply_versioned_migrations:452] >> [schema] DB 스키마 버전 3 적용
[2026-09-26 18:38:29,241][INFO|database.py-_apply_versioned_migrations:452] >> [schema] DB 스키마 버전 4 적용
[2026-09-26 18:38:29,270][INFO|duplicate_group_service.py-_log_info:53] >> [duplicate] payload exact 중복군 0개, 멤버 0건 재생성
[2026-09-26 18:38:29,309][INFO|database.py-backfill_synced_at:100] >> [migration] mysafetydetail_traffic synced_at 백필: 12건, 미해결 0건
[2026-09-26 18:38:29,313][INFO|database.py-backfill_synced_at:100] >> [migration] mysafetydetail_parking synced_at 백필: 6건, 미해결 0건
[2026-09-26 18:38:29,316][INFO|database.py-backfill_synced_at:100] >> [migration] mysafetydetail_other synced_at 백필: 6건, 미해결 0건
[2026-09-26 18:38:29,324][INFO|database.py-backfill_synced_at:105] >> [migration] synced_at 백필 완료: 총 24건 갱신, merge 재생성 시작
[2026-09-26 18:38:29,336][INFO|database.py-merge_final:736] >> 최종 데이터 병합 완료 (Traffic/Parking/Other 분리)
[2026-09-26 18:38:29,376][INFO|duplicate_group_service.py-_log_info:53] >> [duplicate] payload exact 중복군 1개, 멤버 2건 재생성
[2026-09-26 18:38:29,390][INFO|database.py-merge_final:736] >> 최종 데이터 병합 완료 (Traffic/Parking/Other 분리)
[2026-09-26 18:38:29,428][INFO|duplicate_group_service.py-_log_info:53] >> [duplicate] payload exact 중복군 1개, 멤버 2건 재생성
[2026-09-26 18:38:29,573][INFO|database.py-_get_new_and_incomplete_ids:460] >> 신규, 미종결 신고 건 스캔 시작
[2026-09-26 18:38:29,581][INFO|database.py-get_pending_detail_ids:618] >> 스캔대상 ID 총 24건
[2026-09-26 18:38:29,585][INFO|database.py-_get_new_and_incomplete_ids:460] >> 신규, 미종결 신고 건 스캔 시작
[2026-09-26 18:38:29,591][INFO|database.py-get_pending_detail_ids:618] >> 스캔대상 ID 총 24건
.[2026-09-26 18:38:29,609][INFO|database.py-upgrade_schema:285] >> 테이블 'admin_users' 생성 중...
[2026-09-26 18:38:29,613][INFO|database.py-upgrade_schema:285] >> 테이블 'api_keys' 생성 중...
[2026-09-26 18:38:29,614][INFO|database.py-upgrade_schema:285] >> 테이블 'mysafety' 생성 중...
[2026-09-26 18:38:29,616][INFO|database.py-upgrade_schema:285] >> 테이블 'mysafety_change_cursor' 생성 중...
[2026-09-26 18:38:29,617][INFO|database.py-upgrade_schema:285] >> 테이블 'mysafety_change_log' 생성 중...
[2026-09-26 18:38:29,619][INFO|database.py-upgrade_schema:285] >> 테이블 'mysafety_duplicate_decision' 생성 중...
[2026-09-26 18:38:29,620][INFO|database.py-upgrade_schema:285] >> 테이블 'mysafety_duplicate_group' 생성 중...
[2026-09-26 18:38:29,622][INFO|database.py-upgrade_schema:285] >> 테이블 'mysafety_duplicate_member' 생성 중...
[2026-09-26 18:38:29,624][INFO|database.py-upgrade_schema:285] >> 테이블 'mysafety_entry_value' 생성 중...
[2026-09-26 18:38:29,625][INFO|database.py-upgrade_schema:285] >> 테이블 'mysafety_geocode_cache' 생성 중...
[2026-09-26 18:38:29,631][INFO|database.py-upgrade_schema:285] >> 테이블 'mysafety_raw_content' 생성 중...
[2026-09-26 18:38:29,633][INFO|database.py-upgrade_schema:285] >> 테이블 'mysafety_report_override' 생성 중...
[2026-09-26 18:38:29,638][INFO|database.py-upgrade_schema:285] >> 테이블 'mysafety_sync_meta' 생성 중...
[2026-09-26 18:38:29,642][INFO|database.py-upgrade_schema:285] >> 테이블 'mysafety_watchlist' 생성 중...
[2026-09-26 18:38:29,644][INFO|database.py-upgrade_schema:285] >> 테이블 'mysafetydetail_other' 생성 중...
[2026-09-26 18:38:29,648][INFO|database.py-upgrade_schema:285] >> 테이블 'mysafetydetail_parking' 생성 중...
[2026-09-26 18:38:29,650][INFO|database.py-upgrade_schema:285] >> 테이블 'mysafetydetail_traffic' 생성 중...
[2026-09-26 18:38:29,653][INFO|database.py-upgrade_schema:285] >> 테이블 'mysafetymerge_other' 생성 중...
[2026-09-26 18:38:29,655][INFO|database.py-upgrade_schema:285] >> 테이블 'mysafetymerge_parking' 생성 중...
[2026-09-26 18:38:29,657][INFO|database.py-upgrade_schema:285] >> 테이블 'mysafetymerge_traffic' 생성 중...
[2026-09-26 18:38:29,664][INFO|database.py-_apply_versioned_migrations:452] >> [schema] DB 스키마 버전 1 적용
[2026-09-26 18:38:29,681][INFO|database.py-_apply_versioned_migrations:452] >> [schema] DB 스키마 버전 2 적용
[2026-09-26 18:38:29,685][INFO|database.py-_apply_versioned_migrations:452] >> [schema] DB 스키마 버전 3 적용
[2026-09-26 18:38:29,713][INFO|database.py-_apply_versioned_migrations:452] >> [schema] DB 스키마 버전 4 적용
[2026-09-26 18:38:29,752][INFO|duplicate_group_service.py-_log_info:53] >> [duplicate] payload exact 중복군 0개, 멤버 0건 재생성
[2026-09-26 18:38:29,797][INFO|database.py-backfill_synced_at:100] >> [migration] mysafetydetail_traffic synced_at 백필: 12건, 미해결 0건
[2026-09-26 18:38:29,800][INFO|database.py-backfill_synced_at:100] >> [migration] mysafetydetail_parking synced_at 백필: 6건, 미해결 0건
[2026-09-26 18:38:29,803][INFO|database.py-backfill_synced_at:100] >> [migration] mysafetydetail_other synced_at 백필: 6건, 미해결 0건
[2026-09-26 18:38:29,804][INFO|database.py-backfill_synced_at:105] >> [migration] synced_at 백필 완료: 총 24건 갱신, merge 재생성 시작
[2026-09-26 18:38:29,817][INFO|database.py-merge_final:736] >> 최종 데이터 병합 완료 (Traffic/Parking/Other 분리)
[2026-09-26 18:38:29,841][INFO|duplicate_group_service.py-_log_info:53] >> [duplicate] payload exact 중복군 1개, 멤버 2건 재생성
[2026-09-26 18:38:29,852][INFO|database.py-merge_final:736] >> 최종 데이터 병합 완료 (Traffic/Parking/Other 분리)
[2026-09-26 18:38:29,879][INFO|duplicate_group_service.py-_log_info:53] >> [duplicate] payload exact 중복군 1개, 멤버 2건 재생성
[2026-09-26 18:38:30,051][INFO|geocode_service.py-prepare_geo_payload:590] >> [geocode] 설정 누락으로 지오코딩 보류: 카카오 REST API 키가 비어 있습니다.
[2026-09-26 18:38:30,101][INFO|duplicate_group_service.py-_log_info:53] >> [duplicate] payload exact 중복군 1개, 멤버 2건 재생성
[2026-09-26 18:38:30,103][INFO|database.py-detail_to_sql:723] >> 총 1건 detail 저장 완료. (변경/신규: 1건, 실패: 0건)
[2026-09-26 18:38:30,114][INFO|database.py-merge_final:736] >> 최종 데이터 병합 완료 (Traffic/Parking/Other 분리)
[2026-09-26 18:38:30,139][INFO|duplicate_group_service.py-_log_info:53] >> [duplicate] payload exact 중복군 1개, 멤버 2건 재생성
.[2026-09-26 18:38:30,161][INFO|database.py-upgrade_schema:285] >> 테이블 'admin_users' 생성 중...
[2026-09-26 18:38:30,166][INFO|database.py-upgrade_schema:285] >> 테이블 'api_keys' 생성 중...
[2026-09-26 18:38:30,167][INFO|database.py-upgrade_schema:285] >> 테이블 'mysafety' 생성 중...
[2026-09-26 18:38:30,170][INFO|database.py-upgrade_schema:285] >> 테이블 'mysafety_change_cursor' 생성 중...
[2026-09-26 18:38:30,171][INFO|database.py-upgrade_schema:285] >> 테이블 'mysafety_change_log' 생성 중...
[2026-09-26 18:38:30,173][INFO|database.py-upgrade_schema:285] >> 테이블 'mysafety_duplicate_decision' 생성 중...
[2026-09-26 18:38:30,180][INFO|database.py-upgrade_schema:285] >> 테이블 'mysafety_duplicate_group' 생성 중...
[2026-09-26 18:38:30,182][INFO|database.py-upgrade_schema:285] >> 테이블 'mysafety_duplicate_member' 생성 중...
[2026-09-26 18:38:30,186][INFO|database.py-upgrade_schema:285] >> 테이블 'mysafety_entry_value' 생성 중...
[2026-09-26 18:38:30,191][INFO|database.py-upgrade_schema:285] >> 테이블 'mysafety_geocode_cache' 생성 중...
[2026-09-26 18:38:30,193][INFO|database.py-upgrade_schema:285] >> 테이블 'mysafety_raw_content' 생성 중...
[2026-09-26 18:38:30,195][INFO|database.py-upgrade_schema:285] >> 테이블 'mysafety_report_override' 생성 중...
[2026-09-26 18:38:30,197][INFO|database.py-upgrade_schema:285] >> 테이블 'mysafety_sync_meta' 생성 중...
[2026-09-26 18:38:30,199][INFO|database.py-upgrade_schema:285] >> 테이블 'mysafety_watchlist' 생성 중...
[2026-09-26 18:38:30,201][INFO|database.py-upgrade_schema:285] >> 테이블 'mysafetydetail_other' 생성 중...
[2026-09-26 18:38:30,205][INFO|database.py-upgrade_schema:285] >> 테이블 'mysafetydetail_parking' 생성 중...
[2026-09-26 18:38:30,207][INFO|database.py-upgrade_schema:285] >> 테이블 'mysafetydetail_traffic' 생성 중...
[2026-09-26 18:38:30,209][INFO|database.py-upgrade_schema:285] >> 테이블 'mysafetymerge_other' 생성 중...
[2026-09-26 18:38:30,212][INFO|database.py-upgrade_schema:285] >> 테이블 'mysafetymerge_parking' 생성 중...
[2026-09-26 18:38:30,216][INFO|database.py-upgrade_schema:285] >> 테이블 'mysafetymerge_traffic' 생성 중...
[2026-09-26 18:38:30,225][INFO|database.py-_apply_versioned_migrations:452] >> [schema] DB 스키마 버전 1 적용
[2026-09-26 18:38:30,233][INFO|database.py-_apply_versioned_migrations:452] >> [schema] DB 스키마 버전 2 적용
[2026-09-26 18:38:30,235][INFO|database.py-_apply_versioned_migrations:452] >> [schema] DB 스키마 버전 3 적용
[2026-09-26 18:38:30,260][INFO|database.py-_apply_versioned_migrations:452] >> [schema] DB 스키마 버전 4 적용
[2026-09-26 18:38:30,288][INFO|duplicate_group_service.py-_log_info:53] >> [duplicate] payload exact 중복군 0개, 멤버 0건 재생성
[2026-09-26 18:38:30,327][INFO|database.py-backfill_synced_at:100] >> [migration] mysafetydetail_traffic synced_at 백필: 12건, 미해결 0건
[2026-09-26 18:38:30,331][INFO|database.py-backfill_synced_at:100] >> [migration] mysafetydetail_parking synced_at 백필: 6건, 미해결 0건
[2026-09-26 18:38:30,334][INFO|database.py-backfill_synced_at:100] >> [migration] mysafetydetail_other synced_at 백필: 6건, 미해결 0건
[2026-09-26 18:38:30,335][INFO|database.py-backfill_synced_at:105] >> [migration] synced_at 백필 완료: 총 24건 갱신, merge 재생성 시작
[2026-09-26 18:38:30,348][INFO|database.py-merge_final:736] >> 최종 데이터 병합 완료 (Traffic/Parking/Other 분리)
[2026-09-26 18:38:30,373][INFO|duplicate_group_service.py-_log_info:53] >> [duplicate] payload exact 중복군 1개, 멤버 2건 재생성
[2026-09-26 18:38:30,381][INFO|database.py-merge_final:736] >> 최종 데이터 병합 완료 (Traffic/Parking/Other 분리)
[2026-09-26 18:38:30,415][INFO|duplicate_group_service.py-_log_info:53] >> [duplicate] payload exact 중복군 1개, 멤버 2건 재생성
[2026-09-26 18:38:30,567][INFO|database.py-title_to_sql:694] >> 총 1건 title 테이블 upsert 완료. (신규: 0건)
[2026-09-26 18:38:30,579][INFO|database.py-title_to_sql:694] >> 총 1건 title 테이블 upsert 완료. (신규: 0건)
.[2026-09-26 18:38:30,603][INFO|database.py-upgrade_schema:285] >> 테이블 'admin_users' 생성 중...
[2026-09-26 18:38:30,612][INFO|database.py-upgrade_schema:285] >> 테이블 'api_keys' 생성 중...
[2026-09-26 18:38:30,614][INFO|database.py-upgrade_schema:285] >> 테이블 'mysafety' 생성 중...
[2026-09-26 18:38:30,616][INFO|database.py-upgrade_schema:285] >> 테이블 'mysafety_change_cursor' 생성 중...
[2026-09-26 18:38:30,618][INFO|database.py-upgrade_schema:285] >> 테이블 'mysafety_change_log' 생성 중...
[2026-09-26 18:38:30,620][INFO|database.py-upgrade_schema:285] >> 테이블 'mysafety_duplicate_decision' 생성 중...
[2026-09-26 18:38:30,625][INFO|database.py-upgrade_schema:285] >> 테이블 'mysafety_duplicate_group' 생성 중...
[2026-09-26 18:38:30,628][INFO|database.py-upgrade_schema:285] >> 테이블 'mysafety_duplicate_member' 생성 중...
[2026-09-26 18:38:30,630][INFO|database.py-upgrade_schema:285] >> 테이블 'mysafety_entry_value' 생성 중...
[2026-09-26 18:38:30,632][INFO|database.py-upgrade_schema:285] >> 테이블 'mysafety_geocode_cache' 생성 중...
[2026-09-26 18:38:30,638][INFO|database.py-upgrade_schema:285] >> 테이블 'mysafety_raw_content' 생성 중...
[2026-09-26 18:38:30,640][INFO|database.py-upgrade_schema:285] >> 테이블 'mysafety_report_override' 생성 중...
[2026-09-26 18:38:30,648][INFO|database.py-upgrade_schema:285] >> 테이블 'mysafety_sync_meta' 생성 중...
[2026-09-26 18:38:30,650][INFO|database.py-upgrade_schema:285] >> 테이블 'mysafety_watchlist' 생성 중...
[2026-09-26 18:38:30,652][INFO|database.py-upgrade_schema:285] >> 테이블 'mysafetydetail_other' 생성 중...
[2026-09-26 18:38:30,654][INFO|database.py-upgrade_schema:285] >> 테이블 'mysafetydetail_parking' 생성 중...
[2026-09-26 18:38:30,657][INFO|database.py-upgrade_schema:285] >> 테이블 'mysafetydetail_traffic' 생성 중...
[2026-09-26 18:38:30,659][INFO|database.py-upgrade_schema:285] >> 테이블 'mysafetymerge_other' 생성 중...
[2026-09-26 18:38:30,664][INFO|database.py-upgrade_schema:285] >> 테이블 'mysafetymerge_parking' 생성 중...
[2026-09-26 18:38:30,667][INFO|database.py-upgrade_schema:285] >> 테이블 'mysafetymerge_traffic' 생성 중...
[2026-09-26 18:38:30,677][INFO|database.py-_apply_versioned_migrations:452] >> [schema] DB 스키마 버전 1 적용
[2026-09-26 18:38:30,684][INFO|database.py-_apply_versioned_migrations:452] >> [schema] DB 스키마 버전 2 적용
[2026-09-26 18:38:30,686][INFO|database.py-_apply_versioned_migrations:452] >> [schema] DB 스키마 버전 3 적용
[2026-09-26 18:38:30,703][INFO|database.py-_apply_versioned_migrations:452] >> [schema] DB 스키마 버전 4 적용
/home/better0101/projects/safetyreport/.venv/lib/python3.14/site-packages/sqlalchemy/sql/base.py:338: ResourceWarning: unclosed database in <sqlite3.Connection object at 0x7f868db3c4f0>
  def _de_clone(
ResourceWarning: Enable tracemalloc to get the object allocation traceback
[2026-09-26 18:38:30,947][INFO|duplicate_group_service.py-_log_info:53] >> [duplicate] payload exact 중복군 0개, 멤버 0건 재생성
[2026-09-26 18:38:30,981][INFO|database.py-backfill_synced_at:100] >> [migration] mysafetydetail_traffic synced_at 백필: 12건, 미해결 0건
[2026-09-26 18:38:30,985][INFO|database.py-backfill_synced_at:100] >> [migration] mysafetydetail_parking synced_at 백필: 6건, 미해결 0건
[2026-09-26 18:38:30,988][INFO|database.py-backfill_synced_at:100] >> [migration] mysafetydetail_other synced_at 백필: 6건, 미해결 0건
[2026-09-26 18:38:30,990][INFO|database.py-backfill_synced_at:105] >> [migration] synced_at 백필 완료: 총 24건 갱신, merge 재생성 시작
[2026-09-26 18:38:31,003][INFO|database.py-merge_final:736] >> 최종 데이터 병합 완료 (Traffic/Parking/Other 분리)
[2026-09-26 18:38:31,027][INFO|duplicate_group_service.py-_log_info:53] >> [duplicate] payload exact 중복군 1개, 멤버 2건 재생성
[2026-09-26 18:38:31,043][INFO|database.py-merge_final:736] >> 최종 데이터 병합 완료 (Traffic/Parking/Other 분리)
[2026-09-26 18:38:31,070][INFO|duplicate_group_service.py-_log_info:53] >> [duplicate] payload exact 중복군 1개, 멤버 2건 재생성
.[2026-09-26 18:38:31,248][INFO|database.py-upgrade_schema:285] >> 테이블 'admin_users' 생성 중...
[2026-09-26 18:38:31,264][INFO|database.py-upgrade_schema:285] >> 테이블 'api_keys' 생성 중...
[2026-09-26 18:38:31,267][INFO|database.py-upgrade_schema:285] >> 테이블 'mysafety' 생성 중...
[2026-09-26 18:38:31,273][INFO|database.py-upgrade_schema:285] >> 테이블 'mysafety_change_cursor' 생성 중...
[2026-09-26 18:38:31,276][INFO|database.py-upgrade_schema:285] >> 테이블 'mysafety_change_log' 생성 중...
[2026-09-26 18:38:31,283][INFO|database.py-upgrade_schema:285] >> 테이블 'mysafety_duplicate_decision' 생성 중...
[2026-09-26 18:38:31,287][INFO|database.py-upgrade_schema:285] >> 테이블 'mysafety_duplicate_group' 생성 중...
[2026-09-26 18:38:31,290][INFO|database.py-upgrade_schema:285] >> 테이블 'mysafety_duplicate_member' 생성 중...
[2026-09-26 18:38:31,292][INFO|database.py-upgrade_schema:285] >> 테이블 'mysafety_entry_value' 생성 중...
[2026-09-26 18:38:31,295][INFO|database.py-upgrade_schema:285] >> 테이블 'mysafety_geocode_cache' 생성 중...
[2026-09-26 18:38:31,297][INFO|database.py-upgrade_schema:285] >> 테이블 'mysafety_raw_content' 생성 중...
[2026-09-26 18:38:31,301][INFO|database.py-upgrade_schema:285] >> 테이블 'mysafety_report_override' 생성 중...
[2026-09-26 18:38:31,303][INFO|database.py-upgrade_schema:285] >> 테이블 'mysafety_sync_meta' 생성 중...
[2026-09-26 18:38:31,304][INFO|database.py-upgrade_schema:285] >> 테이블 'mysafety_watchlist' 생성 중...
[2026-09-26 18:38:31,306][INFO|database.py-upgrade_schema:285] >> 테이블 'mysafetydetail_other' 생성 중...
[2026-09-26 18:38:31,308][INFO|database.py-upgrade_schema:285] >> 테이블 'mysafetydetail_parking' 생성 중...
[2026-09-26 18:38:31,310][INFO|database.py-upgrade_schema:285] >> 테이블 'mysafetydetail_traffic' 생성 중...
[2026-09-26 18:38:31,312][INFO|database.py-upgrade_schema:285] >> 테이블 'mysafetymerge_other' 생성 중...
[2026-09-26 18:38:31,316][INFO|database.py-upgrade_schema:285] >> 테이블 'mysafetymerge_parking' 생성 중...
[2026-09-26 18:38:31,319][INFO|database.py-upgrade_schema:285] >> 테이블 'mysafetymerge_traffic' 생성 중...
[2026-09-26 18:38:31,329][INFO|database.py-_apply_versioned_migrations:452] >> [schema] DB 스키마 버전 1 적용
[2026-09-26 18:38:31,341][INFO|database.py-_apply_versioned_migrations:452] >> [schema] DB 스키마 버전 2 적용
[2026-09-26 18:38:31,344][INFO|database.py-_apply_versioned_migrations:452] >> [schema] DB 스키마 버전 3 적용
[2026-09-26 18:38:31,368][INFO|database.py-_apply_versioned_migrations:452] >> [schema] DB 스키마 버전 4 적용
[2026-09-26 18:38:31,398][INFO|duplicate_group_service.py-_log_info:53] >> [duplicate] payload exact 중복군 0개, 멤버 0건 재생성
[2026-09-26 18:38:31,442][INFO|database.py-backfill_synced_at:100] >> [migration] mysafetydetail_traffic synced_at 백필: 12건, 미해결 0건
[2026-09-26 18:38:31,447][INFO|database.py-backfill_synced_at:100] >> [migration] mysafetydetail_parking synced_at 백필: 6건, 미해결 0건
[2026-09-26 18:38:31,451][INFO|database.py-backfill_synced_at:100] >> [migration] mysafetydetail_other synced_at 백필: 6건, 미해결 0건
[2026-09-26 18:38:31,460][INFO|database.py-backfill_synced_at:105] >> [migration] synced_at 백필 완료: 총 24건 갱신, merge 재생성 시작
[2026-09-26 18:38:31,474][INFO|database.py-merge_final:736] >> 최종 데이터 병합 완료 (Traffic/Parking/Other 분리)
[2026-09-26 18:38:31,501][INFO|duplicate_group_service.py-_log_info:53] >> [duplicate] payload exact 중복군 1개, 멤버 2건 재생성
[2026-09-26 18:38:31,512][INFO|database.py-merge_final:736] >> 최종 데이터 병합 완료 (Traffic/Parking/Other 분리)
[2026-09-26 18:38:31,558][INFO|duplicate_group_service.py-_log_info:53] >> [duplicate] payload exact 중복군 1개, 멤버 2건 재생성
.[2026-09-26 18:38:31,746][INFO|database.py-upgrade_schema:285] >> 테이블 'admin_users' 생성 중...
[2026-09-26 18:38:31,753][INFO|database.py-upgrade_schema:285] >> 테이블 'api_keys' 생성 중...
[2026-09-26 18:38:31,756][INFO|database.py-upgrade_schema:285] >> 테이블 'mysafety' 생성 중...
[2026-09-26 18:38:31,759][INFO|database.py-upgrade_schema:285] >> 테이블 'mysafety_change_cursor' 생성 중...
[2026-09-26 18:38:31,765][INFO|database.py-upgrade_schema:285] >> 테이블 'mysafety_change_log' 생성 중...
[2026-09-26 18:38:31,768][INFO|database.py-upgrade_schema:285] >> 테이블 'mysafety_duplicate_decision' 생성 중...
[2026-09-26 18:38:31,771][INFO|database.py-upgrade_schema:285] >> 테이블 'mysafety_duplicate_group' 생성 중...
[2026-09-26 18:38:31,774][INFO|database.py-upgrade_schema:285] >> 테이블 'mysafety_duplicate_member' 생성 중...
[2026-09-26 18:38:31,776][INFO|database.py-upgrade_schema:285] >> 테이블 'mysafety_entry_value' 생성 중...
[2026-09-26 18:38:31,781][INFO|database.py-upgrade_schema:285] >> 테이블 'mysafety_geocode_cache' 생성 중...
[2026-09-26 18:38:31,783][INFO|database.py-upgrade_schema:285] >> 테이블 'mysafety_raw_content' 생성 중...
[2026-09-26 18:38:31,786][INFO|database.py-upgrade_schema:285] >> 테이블 'mysafety_report_override' 생성 중...
[2026-09-26 18:38:31,788][INFO|database.py-upgrade_schema:285] >> 테이블 'mysafety_sync_meta' 생성 중...
[2026-09-26 18:38:31,795][INFO|database.py-upgrade_schema:285] >> 테이블 'mysafety_watchlist' 생성 중...
[2026-09-26 18:38:31,797][INFO|database.py-upgrade_schema:285] >> 테이블 'mysafetydetail_other' 생성 중...
[2026-09-26 18:38:31,807][INFO|database.py-upgrade_schema:285] >> 테이블 'mysafetydetail_parking' 생성 중...
[2026-09-26 18:38:31,810][INFO|database.py-upgrade_schema:285] >> 테이블 'mysafetydetail_traffic' 생성 중...
[2026-09-26 18:38:31,887][INFO|database.py-upgrade_schema:285] >> 테이블 'mysafetymerge_other' 생성 중...
[2026-09-26 18:38:31,892][INFO|database.py-upgrade_schema:285] >> 테이블 'mysafetymerge_parking' 생성 중...
[2026-09-26 18:38:31,894][INFO|database.py-upgrade_schema:285] >> 테이블 'mysafetymerge_traffic' 생성 중...
[2026-09-26 18:38:31,901][INFO|database.py-_apply_versioned_migrations:452] >> [schema] DB 스키마 버전 1 적용
[2026-09-26 18:38:31,919][INFO|database.py-_apply_versioned_migrations:452] >> [schema] DB 스키마 버전 2 적용
[2026-09-26 18:38:31,926][INFO|database.py-_apply_versioned_migrations:452] >> [schema] DB 스키마 버전 3 적용
[2026-09-26 18:38:31,944][INFO|database.py-_apply_versioned_migrations:452] >> [schema] DB 스키마 버전 4 적용
[2026-09-26 18:38:31,975][INFO|duplicate_group_service.py-_log_info:53] >> [duplicate] payload exact 중복군 0개, 멤버 0건 재생성
[2026-09-26 18:38:32,015][INFO|database.py-backfill_synced_at:100] >> [migration] mysafetydetail_traffic synced_at 백필: 12건, 미해결 0건
[2026-09-26 18:38:32,020][INFO|database.py-backfill_synced_at:100] >> [migration] mysafetydetail_parking synced_at 백필: 6건, 미해결 0건
[2026-09-26 18:38:32,023][INFO|database.py-backfill_synced_at:100] >> [migration] mysafetydetail_other synced_at 백필: 6건, 미해결 0건
[2026-09-26 18:38:32,026][INFO|database.py-backfill_synced_at:105] >> [migration] synced_at 백필 완료: 총 24건 갱신, merge 재생성 시작
[2026-09-26 18:38:32,050][INFO|database.py-merge_final:736] >> 최종 데이터 병합 완료 (Traffic/Parking/Other 분리)
[2026-09-26 18:38:32,085][INFO|duplicate_group_service.py-_log_info:53] >> [duplicate] payload exact 중복군 1개, 멤버 2건 재생성
[2026-09-26 18:38:32,103][INFO|database.py-merge_final:736] >> 최종 데이터 병합 완료 (Traffic/Parking/Other 분리)
[2026-09-26 18:38:32,138][INFO|duplicate_group_service.py-_log_info:53] >> [duplicate] payload exact 중복군 1개, 멤버 2건 재생성
.[2026-09-26 18:38:32,350][INFO|database.py-upgrade_schema:285] >> 테이블 'admin_users' 생성 중...
[2026-09-26 18:38:32,356][INFO|database.py-upgrade_schema:285] >> 테이블 'api_keys' 생성 중...
[2026-09-26 18:38:32,358][INFO|database.py-upgrade_schema:285] >> 테이블 'mysafety' 생성 중...
[2026-09-26 18:38:32,361][INFO|database.py-upgrade_schema:285] >> 테이블 'mysafety_change_cursor' 생성 중...
[2026-09-26 18:38:32,363][INFO|database.py-upgrade_schema:285] >> 테이블 'mysafety_change_log' 생성 중...
[2026-09-26 18:38:32,365][INFO|database.py-upgrade_schema:285] >> 테이블 'mysafety_duplicate_decision' 생성 중...
[2026-09-26 18:38:32,371][INFO|database.py-upgrade_schema:285] >> 테이블 'mysafety_duplicate_group' 생성 중...
[2026-09-26 18:38:32,374][INFO|database.py-upgrade_schema:285] >> 테이블 'mysafety_duplicate_member' 생성 중...
[2026-09-26 18:38:32,378][INFO|database.py-upgrade_schema:285] >> 테이블 'mysafety_entry_value' 생성 중...
[2026-09-26 18:38:32,383][INFO|database.py-upgrade_schema:285] >> 테이블 'mysafety_geocode_cache' 생성 중...
[2026-09-26 18:38:32,387][INFO|database.py-upgrade_schema:285] >> 테이블 'mysafety_raw_content' 생성 중...
[2026-09-26 18:38:32,390][INFO|database.py-upgrade_schema:285] >> 테이블 'mysafety_report_override' 생성 중...
[2026-09-26 18:38:32,392][INFO|database.py-upgrade_schema:285] >> 테이블 'mysafety_sync_meta' 생성 중...
[2026-09-26 18:38:32,396][INFO|database.py-upgrade_schema:285] >> 테이블 'mysafety_watchlist' 생성 중...
[2026-09-26 18:38:32,399][INFO|database.py-upgrade_schema:285] >> 테이블 'mysafetydetail_other' 생성 중...
[2026-09-26 18:38:32,401][INFO|database.py-upgrade_schema:285] >> 테이블 'mysafetydetail_parking' 생성 중...
[2026-09-26 18:38:32,405][INFO|database.py-upgrade_schema:285] >> 테이블 'mysafetydetail_traffic' 생성 중...
[2026-09-26 18:38:32,408][INFO|database.py-upgrade_schema:285] >> 테이블 'mysafetymerge_other' 생성 중...
[2026-09-26 18:38:32,413][INFO|database.py-upgrade_schema:285] >> 테이블 'mysafetymerge_parking' 생성 중...
[2026-09-26 18:38:32,421][INFO|database.py-upgrade_schema:285] >> 테이블 'mysafetymerge_traffic' 생성 중...
[2026-09-26 18:38:32,426][INFO|database.py-_apply_versioned_migrations:452] >> [schema] DB 스키마 버전 1 적용
[2026-09-26 18:38:32,435][INFO|database.py-_apply_versioned_migrations:452] >> [schema] DB 스키마 버전 2 적용
[2026-09-26 18:38:32,437][INFO|database.py-_apply_versioned_migrations:452] >> [schema] DB 스키마 버전 3 적용
[2026-09-26 18:38:32,451][INFO|database.py-_apply_versioned_migrations:452] >> [schema] DB 스키마 버전 4 적용
[2026-09-26 18:38:32,478][INFO|duplicate_group_service.py-_log_info:53] >> [duplicate] payload exact 중복군 0개, 멤버 0건 재생성
[2026-09-26 18:38:32,512][INFO|database.py-backfill_synced_at:100] >> [migration] mysafetydetail_traffic synced_at 백필: 12건, 미해결 0건
[2026-09-26 18:38:32,515][INFO|database.py-backfill_synced_at:100] >> [migration] mysafetydetail_parking synced_at 백필: 6건, 미해결 0건
[2026-09-26 18:38:32,518][INFO|database.py-backfill_synced_at:100] >> [migration] mysafetydetail_other synced_at 백필: 6건, 미해결 0건
[2026-09-26 18:38:32,520][INFO|database.py-backfill_synced_at:105] >> [migration] synced_at 백필 완료: 총 24건 갱신, merge 재생성 시작
[2026-09-26 18:38:32,536][INFO|database.py-merge_final:736] >> 최종 데이터 병합 완료 (Traffic/Parking/Other 분리)
[2026-09-26 18:38:32,561][INFO|duplicate_group_service.py-_log_info:53] >> [duplicate] payload exact 중복군 1개, 멤버 2건 재생성
[2026-09-26 18:38:32,572][INFO|database.py-merge_final:736] >> 최종 데이터 병합 완료 (Traffic/Parking/Other 분리)
[2026-09-26 18:38:32,606][INFO|duplicate_group_service.py-_log_info:53] >> [duplicate] payload exact 중복군 1개, 멤버 2건 재생성
.[2026-09-26 18:38:32,812][INFO|database.py-upgrade_schema:285] >> 테이블 'admin_users' 생성 중...
[2026-09-26 18:38:32,821][INFO|database.py-upgrade_schema:285] >> 테이블 'api_keys' 생성 중...
[2026-09-26 18:38:32,829][INFO|database.py-upgrade_schema:285] >> 테이블 'mysafety' 생성 중...
[2026-09-26 18:38:32,832][INFO|database.py-upgrade_schema:285] >> 테이블 'mysafety_change_cursor' 생성 중...
[2026-09-26 18:38:32,834][INFO|database.py-upgrade_schema:285] >> 테이블 'mysafety_change_log' 생성 중...
[2026-09-26 18:38:32,836][INFO|database.py-upgrade_schema:285] >> 테이블 'mysafety_duplicate_decision' 생성 중...
[2026-09-26 18:38:32,841][INFO|database.py-upgrade_schema:285] >> 테이블 'mysafety_duplicate_group' 생성 중...
[2026-09-26 18:38:32,843][INFO|database.py-upgrade_schema:285] >> 테이블 'mysafety_duplicate_member' 생성 중...
[2026-09-26 18:38:32,844][INFO|database.py-upgrade_schema:285] >> 테이블 'mysafety_entry_value' 생성 중...
[2026-09-26 18:38:32,852][INFO|database.py-upgrade_schema:285] >> 테이블 'mysafety_geocode_cache' 생성 중...
[2026-09-26 18:38:32,855][INFO|database.py-upgrade_schema:285] >> 테이블 'mysafety_raw_content' 생성 중...
[2026-09-26 18:38:32,858][INFO|database.py-upgrade_schema:285] >> 테이블 'mysafety_report_override' 생성 중...
[2026-09-26 18:38:32,860][INFO|database.py-upgrade_schema:285] >> 테이블 'mysafety_sync_meta' 생성 중...
[2026-09-26 18:38:32,864][INFO|database.py-upgrade_schema:285] >> 테이블 'mysafety_watchlist' 생성 중...
[2026-09-26 18:38:32,867][INFO|database.py-upgrade_schema:285] >> 테이블 'mysafetydetail_other' 생성 중...
[2026-09-26 18:38:32,873][INFO|database.py-upgrade_schema:285] >> 테이블 'mysafetydetail_parking' 생성 중...
[2026-09-26 18:38:32,875][INFO|database.py-upgrade_schema:285] >> 테이블 'mysafetydetail_traffic' 생성 중...
[2026-09-26 18:38:32,877][INFO|database.py-upgrade_schema:285] >> 테이블 'mysafetymerge_other' 생성 중...
[2026-09-26 18:38:32,880][INFO|database.py-upgrade_schema:285] >> 테이블 'mysafetymerge_parking' 생성 중...
[2026-09-26 18:38:32,882][INFO|database.py-upgrade_schema:285] >> 테이블 'mysafetymerge_traffic' 생성 중...
[2026-09-26 18:38:32,890][INFO|database.py-_apply_versioned_migrations:452] >> [schema] DB 스키마 버전 1 적용
[2026-09-26 18:38:32,907][INFO|database.py-_apply_versioned_migrations:452] >> [schema] DB 스키마 버전 2 적용
[2026-09-26 18:38:32,910][INFO|database.py-_apply_versioned_migrations:452] >> [schema] DB 스키마 버전 3 적용
[2026-09-26 18:38:32,935][INFO|database.py-_apply_versioned_migrations:452] >> [schema] DB 스키마 버전 4 적용
[2026-09-26 18:38:32,975][INFO|duplicate_group_service.py-_log_info:53] >> [duplicate] payload exact 중복군 0개, 멤버 0건 재생성
[2026-09-26 18:38:33,010][INFO|database.py-backfill_synced_at:100] >> [migration] mysafetydetail_traffic synced_at 백필: 12건, 미해결 0건
[2026-09-26 18:38:33,014][INFO|database.py-backfill_synced_at:100] >> [migration] mysafetydetail_parking synced_at 백필: 6건, 미해결 0건
[2026-09-26 18:38:33,018][INFO|database.py-backfill_synced_at:100] >> [migration] mysafetydetail_other synced_at 백필: 6건, 미해결 0건
[2026-09-26 18:38:33,020][INFO|database.py-backfill_synced_at:105] >> [migration] synced_at 백필 완료: 총 24건 갱신, merge 재생성 시작
[2026-09-26 18:38:33,034][INFO|database.py-merge_final:736] >> 최종 데이터 병합 완료 (Traffic/Parking/Other 분리)
[2026-09-26 18:38:33,059][INFO|duplicate_group_service.py-_log_info:53] >> [duplicate] payload exact 중복군 1개, 멤버 2건 재생성
[2026-09-26 18:38:33,067][INFO|database.py-merge_final:736] >> 최종 데이터 병합 완료 (Traffic/Parking/Other 분리)
[2026-09-26 18:38:33,092][INFO|duplicate_group_service.py-_log_info:53] >> [duplicate] payload exact 중복군 1개, 멤버 2건 재생성
[2026-09-26 18:38:33,235][INFO|geocode_service.py-prepare_geo_payload:590] >> [geocode] 설정 누락으로 지오코딩 보류: 카카오 REST API 키가 비어 있습니다.
[2026-09-26 18:38:33,299][INFO|duplicate_group_service.py-_log_info:53] >> [duplicate] payload exact 중복군 1개, 멤버 2건 재생성
[2026-09-26 18:38:33,302][INFO|database.py-detail_to_sql:723] >> 총 1건 detail 저장 완료. (변경/신규: 1건, 실패: 0건)
[2026-09-26 18:38:33,304][INFO|geocode_service.py-prepare_geo_payload:590] >> [geocode] 설정 누락으로 지오코딩 보류: 카카오 REST API 키가 비어 있습니다.
[2026-09-26 18:38:33,352][INFO|duplicate_group_service.py-_log_info:53] >> [duplicate] payload exact 중복군 1개, 멤버 2건 재생성
[2026-09-26 18:38:33,354][INFO|database.py-detail_to_sql:723] >> 총 1건 detail 저장 완료. (변경/신규: 0건, 실패: 0건)
[2026-09-26 18:38:33,363][INFO|geocode_service.py-prepare_geo_payload:590] >> [geocode] 설정 누락으로 지오코딩 보류: 카카오 REST API 키가 비어 있습니다.
[2026-09-26 18:38:33,416][INFO|duplicate_group_service.py-_log_info:53] >> [duplicate] payload exact 중복군 1개, 멤버 2건 재생성
[2026-09-26 18:38:33,420][INFO|database.py-detail_to_sql:723] >> 총 1건 detail 저장 완료. (변경/신규: 0건, 실패: 0건)
[2026-09-26 18:38:33,421][INFO|geocode_service.py-prepare_geo_payload:590] >> [geocode] 설정 누락으로 지오코딩 보류: 카카오 REST API 키가 비어 있습니다.
[2026-09-26 18:38:33,462][INFO|duplicate_group_service.py-_log_info:53] >> [duplicate] payload exact 중복군 1개, 멤버 2건 재생성
[2026-09-26 18:38:33,467][INFO|database.py-detail_to_sql:723] >> 총 1건 detail 저장 완료. (변경/신규: 1건, 실패: 0건)
.[2026-09-26 18:38:33,482][INFO|database.py-upgrade_schema:285] >> 테이블 'admin_users' 생성 중...
[2026-09-26 18:38:33,487][INFO|database.py-upgrade_schema:285] >> 테이블 'api_keys' 생성 중...
[2026-09-26 18:38:33,490][INFO|database.py-upgrade_schema:285] >> 테이블 'mysafety' 생성 중...
[2026-09-26 18:38:33,492][INFO|database.py-upgrade_schema:285] >> 테이블 'mysafety_change_cursor' 생성 중...
[2026-09-26 18:38:33,494][INFO|database.py-upgrade_schema:285] >> 테이블 'mysafety_change_log' 생성 중...
[2026-09-26 18:38:33,499][INFO|database.py-upgrade_schema:285] >> 테이블 'mysafety_duplicate_decision' 생성 중...
[2026-09-26 18:38:33,502][INFO|database.py-upgrade_schema:285] >> 테이블 'mysafety_duplicate_group' 생성 중...
[2026-09-26 18:38:33,512][INFO|database.py-upgrade_schema:285] >> 테이블 'mysafety_duplicate_member' 생성 중...
[2026-09-26 18:38:33,514][INFO|database.py-upgrade_schema:285] >> 테이블 'mysafety_entry_value' 생성 중...
[2026-09-26 18:38:33,516][INFO|database.py-upgrade_schema:285] >> 테이블 'mysafety_geocode_cache' 생성 중...
[2026-09-26 18:38:33,517][INFO|database.py-upgrade_schema:285] >> 테이블 'mysafety_raw_content' 생성 중...
[2026-09-26 18:38:33,519][INFO|database.py-upgrade_schema:285] >> 테이블 'mysafety_report_override' 생성 중...
[2026-09-26 18:38:33,523][INFO|database.py-upgrade_schema:285] >> 테이블 'mysafety_sync_meta' 생성 중...
[2026-09-26 18:38:33,525][INFO|database.py-upgrade_schema:285] >> 테이블 'mysafety_watchlist' 생성 중...
[2026-09-26 18:38:33,526][INFO|database.py-upgrade_schema:285] >> 테이블 'mysafetydetail_other' 생성 중...
[2026-09-26 18:38:33,529][INFO|database.py-upgrade_schema:285] >> 테이블 'mysafetydetail_parking' 생성 중...
[2026-09-26 18:38:33,534][INFO|database.py-upgrade_schema:285] >> 테이블 'mysafetydetail_traffic' 생성 중...
[2026-09-26 18:38:33,537][INFO|database.py-upgrade_schema:285] >> 테이블 'mysafetymerge_other' 생성 중...
[2026-09-26 18:38:33,539][INFO|database.py-upgrade_schema:285] >> 테이블 'mysafetymerge_parking' 생성 중...
[2026-09-26 18:38:33,541][INFO|database.py-upgrade_schema:285] >> 테이블 'mysafetymerge_traffic' 생성 중...
[2026-09-26 18:38:33,547][INFO|database.py-_apply_versioned_migrations:452] >> [schema] DB 스키마 버전 1 적용
[2026-09-26 18:38:33,553][INFO|database.py-_apply_versioned_migrations:452] >> [schema] DB 스키마 버전 2 적용
[2026-09-26 18:38:33,556][INFO|database.py-_apply_versioned_migrations:452] >> [schema] DB 스키마 버전 3 적용
[2026-09-26 18:38:33,587][INFO|database.py-_apply_versioned_migrations:452] >> [schema] DB 스키마 버전 4 적용
[2026-09-26 18:38:33,620][INFO|duplicate_group_service.py-_log_info:53] >> [duplicate] payload exact 중복군 0개, 멤버 0건 재생성
[2026-09-26 18:38:33,661][INFO|database.py-backfill_synced_at:100] >> [migration] mysafetydetail_traffic synced_at 백필: 12건, 미해결 0건
[2026-09-26 18:38:33,665][INFO|database.py-backfill_synced_at:100] >> [migration] mysafetydetail_parking synced_at 백필: 6건, 미해결 0건
[2026-09-26 18:38:33,668][INFO|database.py-backfill_synced_at:100] >> [migration] mysafetydetail_other synced_at 백필: 6건, 미해결 0건
[2026-09-26 18:38:33,670][INFO|database.py-backfill_synced_at:105] >> [migration] synced_at 백필 완료: 총 24건 갱신, merge 재생성 시작
[2026-09-26 18:38:33,684][INFO|database.py-merge_final:736] >> 최종 데이터 병합 완료 (Traffic/Parking/Other 분리)
[2026-09-26 18:38:33,708][INFO|duplicate_group_service.py-_log_info:53] >> [duplicate] payload exact 중복군 1개, 멤버 2건 재생성
[2026-09-26 18:38:33,719][INFO|database.py-merge_final:736] >> 최종 데이터 병합 완료 (Traffic/Parking/Other 분리)
[2026-09-26 18:38:33,744][INFO|duplicate_group_service.py-_log_info:53] >> [duplicate] payload exact 중복군 1개, 멤버 2건 재생성
.[2026-09-26 18:38:33,928][INFO|database.py-upgrade_schema:285] >> 테이블 'admin_users' 생성 중...
[2026-09-26 18:38:33,936][INFO|database.py-upgrade_schema:285] >> 테이블 'api_keys' 생성 중...
[2026-09-26 18:38:33,943][INFO|database.py-upgrade_schema:285] >> 테이블 'mysafety' 생성 중...
[2026-09-26 18:38:33,949][INFO|database.py-upgrade_schema:285] >> 테이블 'mysafety_change_cursor' 생성 중...
[2026-09-26 18:38:33,951][INFO|database.py-upgrade_schema:285] >> 테이블 'mysafety_change_log' 생성 중...
[2026-09-26 18:38:33,953][INFO|database.py-upgrade_schema:285] >> 테이블 'mysafety_duplicate_decision' 생성 중...
[2026-09-26 18:38:33,955][INFO|database.py-upgrade_schema:285] >> 테이블 'mysafety_duplicate_group' 생성 중...
[2026-09-26 18:38:33,957][INFO|database.py-upgrade_schema:285] >> 테이블 'mysafety_duplicate_member' 생성 중...
[2026-09-26 18:38:33,959][INFO|database.py-upgrade_schema:285] >> 테이블 'mysafety_entry_value' 생성 중...
[2026-09-26 18:38:33,960][INFO|database.py-upgrade_schema:285] >> 테이블 'mysafety_geocode_cache' 생성 중...
[2026-09-26 18:38:33,963][INFO|database.py-upgrade_schema:285] >> 테이블 'mysafety_raw_content' 생성 중...
[2026-09-26 18:38:33,969][INFO|database.py-upgrade_schema:285] >> 테이블 'mysafety_report_override' 생성 중...
[2026-09-26 18:38:33,972][INFO|database.py-upgrade_schema:285] >> 테이블 'mysafety_sync_meta' 생성 중...
[2026-09-26 18:38:33,975][INFO|database.py-upgrade_schema:285] >> 테이블 'mysafety_watchlist' 생성 중...
[2026-09-26 18:38:33,977][INFO|database.py-upgrade_schema:285] >> 테이블 'mysafetydetail_other' 생성 중...
[2026-09-26 18:38:33,979][INFO|database.py-upgrade_schema:285] >> 테이블 'mysafetydetail_parking' 생성 중...
[2026-09-26 18:38:33,981][INFO|database.py-upgrade_schema:285] >> 테이블 'mysafetydetail_traffic' 생성 중...
[2026-09-26 18:38:33,986][INFO|database.py-upgrade_schema:285] >> 테이블 'mysafetymerge_other' 생성 중...
[2026-09-26 18:38:33,989][INFO|database.py-upgrade_schema:285] >> 테이블 'mysafetymerge_parking' 생성 중...
[2026-09-26 18:38:33,991][INFO|database.py-upgrade_schema:285] >> 테이블 'mysafetymerge_traffic' 생성 중...
[2026-09-26 18:38:34,000][INFO|database.py-_apply_versioned_migrations:452] >> [schema] DB 스키마 버전 1 적용
[2026-09-26 18:38:34,014][INFO|database.py-_apply_versioned_migrations:452] >> [schema] DB 스키마 버전 2 적용
[2026-09-26 18:38:34,018][INFO|database.py-_apply_versioned_migrations:452] >> [schema] DB 스키마 버전 3 적용
[2026-09-26 18:38:34,042][INFO|database.py-_apply_versioned_migrations:452] >> [schema] DB 스키마 버전 4 적용
[2026-09-26 18:38:34,080][INFO|duplicate_group_service.py-_log_info:53] >> [duplicate] payload exact 중복군 0개, 멤버 0건 재생성
[2026-09-26 18:38:34,123][INFO|database.py-backfill_synced_at:100] >> [migration] mysafetydetail_traffic synced_at 백필: 12건, 미해결 0건
[2026-09-26 18:38:34,127][INFO|database.py-backfill_synced_at:100] >> [migration] mysafetydetail_parking synced_at 백필: 6건, 미해결 0건
[2026-09-26 18:38:34,130][INFO|database.py-backfill_synced_at:100] >> [migration] mysafetydetail_other synced_at 백필: 6건, 미해결 0건
[2026-09-26 18:38:34,134][INFO|database.py-backfill_synced_at:105] >> [migration] synced_at 백필 완료: 총 24건 갱신, merge 재생성 시작
[2026-09-26 18:38:34,159][INFO|database.py-merge_final:736] >> 최종 데이터 병합 완료 (Traffic/Parking/Other 분리)
[2026-09-26 18:38:34,210][INFO|duplicate_group_service.py-_log_info:53] >> [duplicate] payload exact 중복군 1개, 멤버 2건 재생성
[2026-09-26 18:38:34,231][INFO|database.py-merge_final:736] >> 최종 데이터 병합 완료 (Traffic/Parking/Other 분리)
[2026-09-26 18:38:34,272][INFO|duplicate_group_service.py-_log_info:53] >> [duplicate] payload exact 중복군 1개, 멤버 2건 재생성
[2026-09-26 18:38:34,438][INFO|database.py-title_to_sql:694] >> 총 1건 title 테이블 upsert 완료. (신규: 0건)
[2026-09-26 18:38:34,449][INFO|database.py-title_to_sql:694] >> 총 1건 title 테이블 upsert 완료. (신규: 0건)
..[2026-09-26 18:38:34,715][INFO|database.py-upgrade_schema:285] >> 테이블 'mysafety_change_cursor' 생성 중...
[2026-09-26 18:38:34,720][INFO|database.py-upgrade_schema:285] >> 테이블 'mysafety_change_log' 생성 중...
[2026-09-26 18:38:34,723][INFO|database.py-upgrade_schema:285] >> 테이블 'mysafety_duplicate_decision' 생성 중...
[2026-09-26 18:38:34,731][INFO|database.py-upgrade_schema:285] >> 테이블 'mysafety_geocode_cache' 생성 중...
[2026-09-26 18:38:34,734][INFO|database.py-upgrade_schema:285] >> 테이블 'mysafety_report_override' 생성 중...
[2026-09-26 18:38:34,739][WARNING|database.py-upgrade_schema:304] >> 'mysafetydetail_other' 테이블에 '주소정규화' 컬럼을 추가합니다.
[2026-09-26 18:38:34,742][WARNING|database.py-upgrade_schema:304] >> 'mysafetydetail_other' 테이블에 '행정구역' 컬럼을 추가합니다.
[2026-09-26 18:38:34,745][WARNING|database.py-upgrade_schema:304] >> 'mysafetydetail_other' 테이블에 '위도' 컬럼을 추가합니다.
[2026-09-26 18:38:34,750][WARNING|database.py-upgrade_schema:304] >> 'mysafetydetail_other' 테이블에 '경도' 컬럼을 추가합니다.
[2026-09-26 18:38:34,752][WARNING|database.py-upgrade_schema:304] >> 'mysafetydetail_other' 테이블에 '지오코딩상태' 컬럼을 추가합니다.
[2026-09-26 18:38:34,761][WARNING|database.py-upgrade_schema:304] >> 'mysafetydetail_other' 테이블에 '사진_첫촬영' 컬럼을 추가합니다.
[2026-09-26 18:38:34,764][WARNING|database.py-upgrade_schema:304] >> 'mysafetydetail_other' 테이블에 '사진_끝촬영' 컬럼을 추가합니다.
[2026-09-26 18:38:34,766][WARNING|database.py-upgrade_schema:304] >> 'mysafetydetail_other' 테이블에 '사진_촬영수' 컬럼을 추가합니다.
[2026-09-26 18:38:34,769][WARNING|database.py-upgrade_schema:304] >> 'mysafetydetail_parking' 테이블에 '주소정규화' 컬럼을 추가합니다.
[2026-09-26 18:38:34,771][WARNING|database.py-upgrade_schema:304] >> 'mysafetydetail_parking' 테이블에 '행정구역' 컬럼을 추가합니다.
[2026-09-26 18:38:34,775][WARNING|database.py-upgrade_schema:304] >> 'mysafetydetail_parking' 테이블에 '위도' 컬럼을 추가합니다.
[2026-09-26 18:38:34,777][WARNING|database.py-upgrade_schema:304] >> 'mysafetydetail_parking' 테이블에 '경도' 컬럼을 추가합니다.
[2026-09-26 18:38:34,779][WARNING|database.py-upgrade_schema:304] >> 'mysafetydetail_parking' 테이블에 '지오코딩상태' 컬럼을 추가합니다.
[2026-09-26 18:38:34,782][WARNING|database.py-upgrade_schema:304] >> 'mysafetydetail_parking' 테이블에 '사진_첫촬영' 컬럼을 추가합니다.
[2026-09-26 18:38:34,787][WARNING|database.py-upgrade_schema:304] >> 'mysafetydetail_parking' 테이블에 '사진_끝촬영' 컬럼을 추가합니다.
[2026-09-26 18:38:34,794][WARNING|database.py-upgrade_schema:304] >> 'mysafetydetail_parking' 테이블에 '사진_촬영수' 컬럼을 추가합니다.
[2026-09-26 18:38:34,798][WARNING|database.py-upgrade_schema:304] >> 'mysafetydetail_traffic' 테이블에 '주소정규화' 컬럼을 추가합니다.
[2026-09-26 18:38:34,801][WARNING|database.py-upgrade_schema:304] >> 'mysafetydetail_traffic' 테이블에 '행정구역' 컬럼을 추가합니다.
[2026-09-26 18:38:34,803][WARNING|database.py-upgrade_schema:304] >> 'mysafetydetail_traffic' 테이블에 '위도' 컬럼을 추가합니다.
[2026-09-26 18:38:34,804][WARNING|database.py-upgrade_schema:304] >> 'mysafetydetail_traffic' 테이블에 '경도' 컬럼을 추가합니다.
[2026-09-26 18:38:34,807][WARNING|database.py-upgrade_schema:304] >> 'mysafetydetail_traffic' 테이블에 '지오코딩상태' 컬럼을 추가합니다.
[2026-09-26 18:38:34,809][WARNING|database.py-upgrade_schema:304] >> 'mysafetydetail_traffic' 테이블에 '사진_첫촬영' 컬럼을 추가합니다.
[2026-09-26 18:38:34,812][WARNING|database.py-upgrade_schema:304] >> 'mysafetydetail_traffic' 테이블에 '사진_끝촬영' 컬럼을 추가합니다.
[2026-09-26 18:38:34,813][WARNING|database.py-upgrade_schema:304] >> 'mysafetydetail_traffic' 테이블에 '사진_촬영수' 컬럼을 추가합니다.
[2026-09-26 18:38:34,817][WARNING|database.py-upgrade_schema:304] >> 'mysafetymerge_other' 테이블에 '주소정규화' 컬럼을 추가합니다.
[2026-09-26 18:38:34,819][WARNING|database.py-upgrade_schema:304] >> 'mysafetymerge_other' 테이블에 '행정구역' 컬럼을 추가합니다.
[2026-09-26 18:38:34,821][WARNING|database.py-upgrade_schema:304] >> 'mysafetymerge_other' 테이블에 '위도' 컬럼을 추가합니다.
[2026-09-26 18:38:34,824][WARNING|database.py-upgrade_schema:304] >> 'mysafetymerge_other' 테이블에 '경도' 컬럼을 추가합니다.
[2026-09-26 18:38:34,833][WARNING|database.py-upgrade_schema:304] >> 'mysafetymerge_other' 테이블에 '지오코딩상태' 컬럼을 추가합니다.
[2026-09-26 18:38:34,836][WARNING|database.py-upgrade_schema:304] >> 'mysafetymerge_other' 테이블에 '사진_첫촬영' 컬럼을 추가합니다.
[2026-09-26 18:38:34,839][WARNING|database.py-upgrade_schema:304] >> 'mysafetymerge_other' 테이블에 '사진_끝촬영' 컬럼을 추가합니다.
[2026-09-26 18:38:34,843][WARNING|database.py-upgrade_schema:304] >> 'mysafetymerge_other' 테이블에 '사진_촬영수' 컬럼을 추가합니다.
[2026-09-26 18:38:34,849][WARNING|database.py-upgrade_schema:304] >> 'mysafetymerge_parking' 테이블에 '주소정규화' 컬럼을 추가합니다.
[2026-09-26 18:38:34,854][WARNING|database.py-upgrade_schema:304] >> 'mysafetymerge_parking' 테이블에 '행정구역' 컬럼을 추가합니다.
[2026-09-26 18:38:34,858][WARNING|database.py-upgrade_schema:304] >> 'mysafetymerge_parking' 테이블에 '위도' 컬럼을 추가합니다.
[2026-09-26 18:38:34,862][WARNING|database.py-upgrade_schema:304] >> 'mysafetymerge_parking' 테이블에 '경도' 컬럼을 추가합니다.
[2026-09-26 18:38:34,865][WARNING|database.py-upgrade_schema:304] >> 'mysafetymerge_parking' 테이블에 '지오코딩상태' 컬럼을 추가합니다.
[2026-09-26 18:38:34,867][WARNING|database.py-upgrade_schema:304] >> 'mysafetymerge_parking' 테이블에 '사진_첫촬영' 컬럼을 추가합니다.
[2026-09-26 18:38:34,869][WARNING|database.py-upgrade_schema:304] >> 'mysafetymerge_parking' 테이블에 '사진_끝촬영' 컬럼을 추가합니다.
[2026-09-26 18:38:34,871][WARNING|database.py-upgrade_schema:304] >> 'mysafetymerge_parking' 테이블에 '사진_촬영수' 컬럼을 추가합니다.
[2026-09-26 18:38:34,873][WARNING|database.py-upgrade_schema:304] >> 'mysafetymerge_traffic' 테이블에 '주소정규화' 컬럼을 추가합니다.
[2026-09-26 18:38:34,875][WARNING|database.py-upgrade_schema:304] >> 'mysafetymerge_traffic' 테이블에 '행정구역' 컬럼을 추가합니다.
[2026-09-26 18:38:34,876][WARNING|database.py-upgrade_schema:304] >> 'mysafetymerge_traffic' 테이블에 '위도' 컬럼을 추가합니다.
[2026-09-26 18:38:34,879][WARNING|database.py-upgrade_schema:304] >> 'mysafetymerge_traffic' 테이블에 '경도' 컬럼을 추가합니다.
[2026-09-26 18:38:34,886][WARNING|database.py-upgrade_schema:304] >> 'mysafetymerge_traffic' 테이블에 '지오코딩상태' 컬럼을 추가합니다.
[2026-09-26 18:38:34,888][WARNING|database.py-upgrade_schema:304] >> 'mysafetymerge_traffic' 테이블에 '사진_첫촬영' 컬럼을 추가합니다.
[2026-09-26 18:38:34,898][WARNING|database.py-upgrade_schema:304] >> 'mysafetymerge_traffic' 테이블에 '사진_끝촬영' 컬럼을 추가합니다.
[2026-09-26 18:38:34,901][WARNING|database.py-upgrade_schema:304] >> 'mysafetymerge_traffic' 테이블에 '사진_촬영수' 컬럼을 추가합니다.
[2026-09-26 18:38:34,906][INFO|database.py-_apply_versioned_migrations:452] >> [schema] DB 스키마 버전 1 적용
[2026-09-26 18:38:34,912][INFO|database.py-_apply_versioned_migrations:452] >> [schema] DB 스키마 버전 2 적용
[2026-09-26 18:38:34,915][INFO|database.py-_apply_versioned_migrations:452] >> [schema] DB 스키마 버전 3 적용
[2026-09-26 18:38:34,946][INFO|database.py-_apply_versioned_migrations:452] >> [schema] DB 스키마 버전 4 적용
.[2026-09-26 18:38:35,086][INFO|database.py-upgrade_schema:285] >> 테이블 'admin_users' 생성 중...
[2026-09-26 18:38:35,090][INFO|database.py-upgrade_schema:285] >> 테이블 'api_keys' 생성 중...
[2026-09-26 18:38:35,093][INFO|database.py-upgrade_schema:285] >> 테이블 'mysafety' 생성 중...
[2026-09-26 18:38:35,095][INFO|database.py-upgrade_schema:285] >> 테이블 'mysafety_change_cursor' 생성 중...
[2026-09-26 18:38:35,097][INFO|database.py-upgrade_schema:285] >> 테이블 'mysafety_change_log' 생성 중...
[2026-09-26 18:38:35,099][INFO|database.py-upgrade_schema:285] >> 테이블 'mysafety_duplicate_decision' 생성 중...
[2026-09-26 18:38:35,101][INFO|database.py-upgrade_schema:285] >> 테이블 'mysafety_duplicate_group' 생성 중...
[2026-09-26 18:38:35,103][INFO|database.py-upgrade_schema:285] >> 테이블 'mysafety_duplicate_member' 생성 중...
[2026-09-26 18:38:35,105][INFO|database.py-upgrade_schema:285] >> 테이블 'mysafety_entry_value' 생성 중...
[2026-09-26 18:38:35,107][INFO|database.py-upgrade_schema:285] >> 테이블 'mysafety_geocode_cache' 생성 중...
[2026-09-26 18:38:35,110][INFO|database.py-upgrade_schema:285] >> 테이블 'mysafety_raw_content' 생성 중...
[2026-09-26 18:38:35,112][INFO|database.py-upgrade_schema:285] >> 테이블 'mysafety_report_override' 생성 중...
[2026-09-26 18:38:35,114][INFO|database.py-upgrade_schema:285] >> 테이블 'mysafety_sync_meta' 생성 중...
[2026-09-26 18:38:35,119][INFO|database.py-upgrade_schema:285] >> 테이블 'mysafety_watchlist' 생성 중...
[2026-09-26 18:38:35,122][INFO|database.py-upgrade_schema:285] >> 테이블 'mysafetydetail_other' 생성 중...
[2026-09-26 18:38:35,131][INFO|database.py-upgrade_schema:285] >> 테이블 'mysafetydetail_parking' 생성 중...
[2026-09-26 18:38:35,134][INFO|database.py-upgrade_schema:285] >> 테이블 'mysafetydetail_traffic' 생성 중...
[2026-09-26 18:38:35,137][INFO|database.py-upgrade_schema:285] >> 테이블 'mysafetymerge_other' 생성 중...
[2026-09-26 18:38:35,140][INFO|database.py-upgrade_schema:285] >> 테이블 'mysafetymerge_parking' 생성 중...
[2026-09-26 18:38:35,142][INFO|database.py-upgrade_schema:285] >> 테이블 'mysafetymerge_traffic' 생성 중...
[2026-09-26 18:38:35,146][INFO|database.py-_apply_versioned_migrations:452] >> [schema] DB 스키마 버전 1 적용
[2026-09-26 18:38:35,154][INFO|database.py-_apply_versioned_migrations:452] >> [schema] DB 스키마 버전 2 적용
[2026-09-26 18:38:35,157][INFO|database.py-_apply_versioned_migrations:452] >> [schema] DB 스키마 버전 3 적용
[2026-09-26 18:38:35,176][INFO|database.py-_apply_versioned_migrations:452] >> [schema] DB 스키마 버전 4 적용
[2026-09-26 18:38:35,202][INFO|duplicate_group_service.py-_log_info:53] >> [duplicate] payload exact 중복군 0개, 멤버 0건 재생성
..[2026-09-26 18:38:35,435][INFO|database.py-backup_before_upgrade:436] >> [schema] 버전 0 → 4 올리기 전 DB 백업: /tmp/tmp9oxi7sqf/backups/before_schema_v0_20260926_183835.db
[2026-09-26 18:38:35,446][INFO|database.py-upgrade_schema:285] >> 테이블 'mysafety_change_cursor' 생성 중...
[2026-09-26 18:38:35,452][INFO|database.py-upgrade_schema:285] >> 테이블 'mysafety_change_log' 생성 중...
[2026-09-26 18:38:35,456][INFO|database.py-upgrade_schema:285] >> 테이블 'mysafety_duplicate_decision' 생성 중...
[2026-09-26 18:38:35,459][INFO|database.py-upgrade_schema:285] >> 테이블 'mysafety_geocode_cache' 생성 중...
[2026-09-26 18:38:35,469][INFO|database.py-upgrade_schema:285] >> 테이블 'mysafety_report_override' 생성 중...
[2026-09-26 18:38:35,472][WARNING|database.py-upgrade_schema:304] >> 'mysafetydetail_other' 테이블에 '주소정규화' 컬럼을 추가합니다.
[2026-09-26 18:38:35,475][WARNING|database.py-upgrade_schema:304] >> 'mysafetydetail_other' 테이블에 '행정구역' 컬럼을 추가합니다.
[2026-09-26 18:38:35,477][WARNING|database.py-upgrade_schema:304] >> 'mysafetydetail_other' 테이블에 '위도' 컬럼을 추가합니다.
[2026-09-26 18:38:35,481][WARNING|database.py-upgrade_schema:304] >> 'mysafetydetail_other' 테이블에 '경도' 컬럼을 추가합니다.
[2026-09-26 18:38:35,483][WARNING|database.py-upgrade_schema:304] >> 'mysafetydetail_other' 테이블에 '지오코딩상태' 컬럼을 추가합니다.
[2026-09-26 18:38:35,491][WARNING|database.py-upgrade_schema:304] >> 'mysafetydetail_other' 테이블에 '사진_첫촬영' 컬럼을 추가합니다.
[2026-09-26 18:38:35,493][WARNING|database.py-upgrade_schema:304] >> 'mysafetydetail_other' 테이블에 '사진_끝촬영' 컬럼을 추가합니다.
[2026-09-26 18:38:35,497][WARNING|database.py-upgrade_schema:304] >> 'mysafetydetail_other' 테이블에 '사진_촬영수' 컬럼을 추가합니다.
[2026-09-26 18:38:35,499][WARNING|database.py-upgrade_schema:304] >> 'mysafetydetail_parking' 테이블에 '주소정규화' 컬럼을 추가합니다.
[2026-09-26 18:38:35,501][WARNING|database.py-upgrade_schema:304] >> 'mysafetydetail_parking' 테이블에 '행정구역' 컬럼을 추가합니다.
[2026-09-26 18:38:35,504][WARNING|database.py-upgrade_schema:304] >> 'mysafetydetail_parking' 테이블에 '위도' 컬럼을 추가합니다.
[2026-09-26 18:38:35,505][WARNING|database.py-upgrade_schema:304] >> 'mysafetydetail_parking' 테이블에 '경도' 컬럼을 추가합니다.
[2026-09-26 18:38:35,507][WARNING|database.py-upgrade_schema:304] >> 'mysafetydetail_parking' 테이블에 '지오코딩상태' 컬럼을 추가합니다.
[2026-09-26 18:38:35,509][WARNING|database.py-upgrade_schema:304] >> 'mysafetydetail_parking' 테이블에 '사진_첫촬영' 컬럼을 추가합니다.
[2026-09-26 18:38:35,515][WARNING|database.py-upgrade_schema:304] >> 'mysafetydetail_parking' 테이블에 '사진_끝촬영' 컬럼을 추가합니다.
[2026-09-26 18:38:35,524][WARNING|database.py-upgrade_schema:304] >> 'mysafetydetail_parking' 테이블에 '사진_촬영수' 컬럼을 추가합니다.
[2026-09-26 18:38:35,528][WARNING|database.py-upgrade_schema:304] >> 'mysafetydetail_traffic' 테이블에 '주소정규화' 컬럼을 추가합니다.
[2026-09-26 18:38:35,530][WARNING|database.py-upgrade_schema:304] >> 'mysafetydetail_traffic' 테이블에 '행정구역' 컬럼을 추가합니다.
[2026-09-26 18:38:35,532][WARNING|database.py-upgrade_schema:304] >> 'mysafetydetail_traffic' 테이블에 '위도' 컬럼을 추가합니다.
[2026-09-26 18:38:35,534][WARNING|database.py-upgrade_schema:304] >> 'mysafetydetail_traffic' 테이블에 '경도' 컬럼을 추가합니다.
[2026-09-26 18:38:35,536][WARNING|database.py-upgrade_schema:304] >> 'mysafetydetail_traffic' 테이블에 '지오코딩상태' 컬럼을 추가합니다.
[2026-09-26 18:38:35,538][WARNING|database.py-upgrade_schema:304] >> 'mysafetydetail_traffic' 테이블에 '사진_첫촬영' 컬럼을 추가합니다.
[2026-09-26 18:38:35,540][WARNING|database.py-upgrade_schema:304] >> 'mysafetydetail_traffic' 테이블에 '사진_끝촬영' 컬럼을 추가합니다.
[2026-09-26 18:38:35,541][WARNING|database.py-upgrade_schema:304] >> 'mysafetydetail_traffic' 테이블에 '사진_촬영수' 컬럼을 추가합니다.
[2026-09-26 18:38:35,544][WARNING|database.py-upgrade_schema:304] >> 'mysafetymerge_other' 테이블에 '주소정규화' 컬럼을 추가합니다.
[2026-09-26 18:38:35,546][WARNING|database.py-upgrade_schema:304] >> 'mysafetymerge_other' 테이블에 '행정구역' 컬럼을 추가합니다.
[2026-09-26 18:38:35,549][WARNING|database.py-upgrade_schema:304] >> 'mysafetymerge_other' 테이블에 '위도' 컬럼을 추가합니다.
[2026-09-26 18:38:35,553][WARNING|database.py-upgrade_schema:304] >> 'mysafetymerge_other' 테이블에 '경도' 컬럼을 추가합니다.
[2026-09-26 18:38:35,558][WARNING|database.py-upgrade_schema:304] >> 'mysafetymerge_other' 테이블에 '지오코딩상태' 컬럼을 추가합니다.
[2026-09-26 18:38:35,561][WARNING|database.py-upgrade_schema:304] >> 'mysafetymerge_other' 테이블에 '사진_첫촬영' 컬럼을 추가합니다.
[2026-09-26 18:38:35,567][WARNING|database.py-upgrade_schema:304] >> 'mysafetymerge_other' 테이블에 '사진_끝촬영' 컬럼을 추가합니다.
[2026-09-26 18:38:35,571][WARNING|database.py-upgrade_schema:304] >> 'mysafetymerge_other' 테이블에 '사진_촬영수' 컬럼을 추가합니다.
[2026-09-26 18:38:35,574][WARNING|database.py-upgrade_schema:304] >> 'mysafetymerge_parking' 테이블에 '주소정규화' 컬럼을 추가합니다.
[2026-09-26 18:38:35,577][WARNING|database.py-upgrade_schema:304] >> 'mysafetymerge_parking' 테이블에 '행정구역' 컬럼을 추가합니다.
[2026-09-26 18:38:35,580][WARNING|database.py-upgrade_schema:304] >> 'mysafetymerge_parking' 테이블에 '위도' 컬럼을 추가합니다.
[2026-09-26 18:38:35,584][WARNING|database.py-upgrade_schema:304] >> 'mysafetymerge_parking' 테이블에 '경도' 컬럼을 추가합니다.
[2026-09-26 18:38:35,590][WARNING|database.py-upgrade_schema:304] >> 'mysafetymerge_parking' 테이블에 '지오코딩상태' 컬럼을 추가합니다.
[2026-09-26 18:38:35,596][WARNING|database.py-upgrade_schema:304] >> 'mysafetymerge_parking' 테이블에 '사진_첫촬영' 컬럼을 추가합니다.
[2026-09-26 18:38:35,600][WARNING|database.py-upgrade_schema:304] >> 'mysafetymerge_parking' 테이블에 '사진_끝촬영' 컬럼을 추가합니다.
[2026-09-26 18:38:35,602][WARNING|database.py-upgrade_schema:304] >> 'mysafetymerge_parking' 테이블에 '사진_촬영수' 컬럼을 추가합니다.
[2026-09-26 18:38:35,609][WARNING|database.py-upgrade_schema:304] >> 'mysafetymerge_traffic' 테이블에 '주소정규화' 컬럼을 추가합니다.
[2026-09-26 18:38:35,614][WARNING|database.py-upgrade_schema:304] >> 'mysafetymerge_traffic' 테이블에 '행정구역' 컬럼을 추가합니다.
[2026-09-26 18:38:35,620][WARNING|database.py-upgrade_schema:304] >> 'mysafetymerge_traffic' 테이블에 '위도' 컬럼을 추가합니다.
[2026-09-26 18:38:35,622][WARNING|database.py-upgrade_schema:304] >> 'mysafetymerge_traffic' 테이블에 '경도' 컬럼을 추가합니다.
[2026-09-26 18:38:35,624][WARNING|database.py-upgrade_schema:304] >> 'mysafetymerge_traffic' 테이블에 '지오코딩상태' 컬럼을 추가합니다.
[2026-09-26 18:38:35,625][WARNING|database.py-upgrade_schema:304] >> 'mysafetymerge_traffic' 테이블에 '사진_첫촬영' 컬럼을 추가합니다.
[2026-09-26 18:38:35,631][WARNING|database.py-upgrade_schema:304] >> 'mysafetymerge_traffic' 테이블에 '사진_끝촬영' 컬럼을 추가합니다.
[2026-09-26 18:38:35,636][WARNING|database.py-upgrade_schema:304] >> 'mysafetymerge_traffic' 테이블에 '사진_촬영수' 컬럼을 추가합니다.
[2026-09-26 18:38:35,643][INFO|database.py-_apply_versioned_migrations:452] >> [schema] DB 스키마 버전 1 적용
[2026-09-26 18:38:35,651][INFO|database.py-_apply_versioned_migrations:452] >> [schema] DB 스키마 버전 2 적용
[2026-09-26 18:38:35,655][INFO|database.py-_apply_versioned_migrations:452] >> [schema] DB 스키마 버전 3 적용
[2026-09-26 18:38:35,681][INFO|database.py-_apply_versioned_migrations:452] >> [schema] DB 스키마 버전 4 적용
[2026-09-26 18:38:35,718][INFO|duplicate_group_service.py-_log_info:53] >> [duplicate] payload exact 중복군 0개, 멤버 0건 재생성
[2026-09-26 18:38:35,745][INFO|duplicate_group_service.py-_log_info:53] >> [duplicate] payload exact 중복군 0개, 멤버 0건 재생성
.[2026-09-26 18:38:35,868][INFO|database.py-backup_before_upgrade:436] >> [schema] 버전 0 → 4 올리기 전 DB 백업: /tmp/tmpp24ht2_q/backups/before_schema_v0_20260926_183835.db
[2026-09-26 18:38:35,873][INFO|database.py-upgrade_schema:285] >> 테이블 'mysafety_change_cursor' 생성 중...
[2026-09-26 18:38:35,878][INFO|database.py-upgrade_schema:285] >> 테이블 'mysafety_change_log' 생성 중...
[2026-09-26 18:38:35,879][INFO|database.py-upgrade_schema:285] >> 테이블 'mysafety_duplicate_decision' 생성 중...
[2026-09-26 18:38:35,883][INFO|database.py-upgrade_schema:285] >> 테이블 'mysafety_geocode_cache' 생성 중...
[2026-09-26 18:38:35,887][INFO|database.py-upgrade_schema:285] >> 테이블 'mysafety_report_override' 생성 중...
[2026-09-26 18:38:35,893][WARNING|database.py-upgrade_schema:304] >> 'mysafetydetail_other' 테이블에 '주소정규화' 컬럼을 추가합니다.
[2026-09-26 18:38:35,897][WARNING|database.py-upgrade_schema:304] >> 'mysafetydetail_other' 테이블에 '행정구역' 컬럼을 추가합니다.
[2026-09-26 18:38:35,899][WARNING|database.py-upgrade_schema:304] >> 'mysafetydetail_other' 테이블에 '위도' 컬럼을 추가합니다.
[2026-09-26 18:38:35,901][WARNING|database.py-upgrade_schema:304] >> 'mysafetydetail_other' 테이블에 '경도' 컬럼을 추가합니다.
[2026-09-26 18:38:35,903][WARNING|database.py-upgrade_schema:304] >> 'mysafetydetail_other' 테이블에 '지오코딩상태' 컬럼을 추가합니다.
[2026-09-26 18:38:35,905][WARNING|database.py-upgrade_schema:304] >> 'mysafetydetail_other' 테이블에 '사진_첫촬영' 컬럼을 추가합니다.
[2026-09-26 18:38:35,907][WARNING|database.py-upgrade_schema:304] >> 'mysafetydetail_other' 테이블에 '사진_끝촬영' 컬럼을 추가합니다.
[2026-09-26 18:38:35,910][WARNING|database.py-upgrade_schema:304] >> 'mysafetydetail_other' 테이블에 '사진_촬영수' 컬럼을 추가합니다.
[2026-09-26 18:38:35,913][WARNING|database.py-upgrade_schema:304] >> 'mysafetydetail_parking' 테이블에 '주소정규화' 컬럼을 추가합니다.
[2026-09-26 18:38:35,915][WARNING|database.py-upgrade_schema:304] >> 'mysafetydetail_parking' 테이블에 '행정구역' 컬럼을 추가합니다.
[2026-09-26 18:38:35,917][WARNING|database.py-upgrade_schema:304] >> 'mysafetydetail_parking' 테이블에 '위도' 컬럼을 추가합니다.
[2026-09-26 18:38:35,919][WARNING|database.py-upgrade_schema:304] >> 'mysafetydetail_parking' 테이블에 '경도' 컬럼을 추가합니다.
[2026-09-26 18:38:35,924][WARNING|database.py-upgrade_schema:304] >> 'mysafetydetail_parking' 테이블에 '지오코딩상태' 컬럼을 추가합니다.
[2026-09-26 18:38:35,931][WARNING|database.py-upgrade_schema:304] >> 'mysafetydetail_parking' 테이블에 '사진_첫촬영' 컬럼을 추가합니다.
[2026-09-26 18:38:35,935][WARNING|database.py-upgrade_schema:304] >> 'mysafetydetail_parking' 테이블에 '사진_끝촬영' 컬럼을 추가합니다.
[2026-09-26 18:38:35,938][WARNING|database.py-upgrade_schema:304] >> 'mysafetydetail_parking' 테이블에 '사진_촬영수' 컬럼을 추가합니다.
[2026-09-26 18:38:35,941][WARNING|database.py-upgrade_schema:304] >> 'mysafetydetail_traffic' 테이블에 '주소정규화' 컬럼을 추가합니다.
[2026-09-26 18:38:35,943][WARNING|database.py-upgrade_schema:304] >> 'mysafetydetail_traffic' 테이블에 '행정구역' 컬럼을 추가합니다.
[2026-09-26 18:38:35,945][WARNING|database.py-upgrade_schema:304] >> 'mysafetydetail_traffic' 테이블에 '위도' 컬럼을 추가합니다.
[2026-09-26 18:38:35,948][WARNING|database.py-upgrade_schema:304] >> 'mysafetydetail_traffic' 테이블에 '경도' 컬럼을 추가합니다.
[2026-09-26 18:38:35,950][WARNING|database.py-upgrade_schema:304] >> 'mysafetydetail_traffic' 테이블에 '지오코딩상태' 컬럼을 추가합니다.
[2026-09-26 18:38:35,955][WARNING|database.py-upgrade_schema:304] >> 'mysafetydetail_traffic' 테이블에 '사진_첫촬영' 컬럼을 추가합니다.
[2026-09-26 18:38:35,957][WARNING|database.py-upgrade_schema:304] >> 'mysafetydetail_traffic' 테이블에 '사진_끝촬영' 컬럼을 추가합니다.
[2026-09-26 18:38:35,965][WARNING|database.py-upgrade_schema:304] >> 'mysafetydetail_traffic' 테이블에 '사진_촬영수' 컬럼을 추가합니다.
[2026-09-26 18:38:35,968][WARNING|database.py-upgrade_schema:304] >> 'mysafetymerge_other' 테이블에 '주소정규화' 컬럼을 추가합니다.
[2026-09-26 18:38:35,971][WARNING|database.py-upgrade_schema:304] >> 'mysafetymerge_other' 테이블에 '행정구역' 컬럼을 추가합니다.
[2026-09-26 18:38:35,972][WARNING|database.py-upgrade_schema:304] >> 'mysafetymerge_other' 테이블에 '위도' 컬럼을 추가합니다.
[2026-09-26 18:38:35,975][WARNING|database.py-upgrade_schema:304] >> 'mysafetymerge_other' 테이블에 '경도' 컬럼을 추가합니다.
[2026-09-26 18:38:35,978][WARNING|database.py-upgrade_schema:304] >> 'mysafetymerge_other' 테이블에 '지오코딩상태' 컬럼을 추가합니다.
[2026-09-26 18:38:35,979][WARNING|database.py-upgrade_schema:304] >> 'mysafetymerge_other' 테이블에 '사진_첫촬영' 컬럼을 추가합니다.
[2026-09-26 18:38:35,981][WARNING|database.py-upgrade_schema:304] >> 'mysafetymerge_other' 테이블에 '사진_끝촬영' 컬럼을 추가합니다.
[2026-09-26 18:38:35,987][WARNING|database.py-upgrade_schema:304] >> 'mysafetymerge_other' 테이블에 '사진_촬영수' 컬럼을 추가합니다.
[2026-09-26 18:38:35,991][WARNING|database.py-upgrade_schema:304] >> 'mysafetymerge_parking' 테이블에 '주소정규화' 컬럼을 추가합니다.
[2026-09-26 18:38:35,997][WARNING|database.py-upgrade_schema:304] >> 'mysafetymerge_parking' 테이블에 '행정구역' 컬럼을 추가합니다.
[2026-09-26 18:38:36,001][WARNING|database.py-upgrade_schema:304] >> 'mysafetymerge_parking' 테이블에 '위도' 컬럼을 추가합니다.
[2026-09-26 18:38:36,004][WARNING|database.py-upgrade_schema:304] >> 'mysafetymerge_parking' 테이블에 '경도' 컬럼을 추가합니다.
[2026-09-26 18:38:36,007][WARNING|database.py-upgrade_schema:304] >> 'mysafetymerge_parking' 테이블에 '지오코딩상태' 컬럼을 추가합니다.
[2026-09-26 18:38:36,010][WARNING|database.py-upgrade_schema:304] >> 'mysafetymerge_parking' 테이블에 '사진_첫촬영' 컬럼을 추가합니다.
[2026-09-26 18:38:36,012][WARNING|database.py-upgrade_schema:304] >> 'mysafetymerge_parking' 테이블에 '사진_끝촬영' 컬럼을 추가합니다.
[2026-09-26 18:38:36,014][WARNING|database.py-upgrade_schema:304] >> 'mysafetymerge_parking' 테이블에 '사진_촬영수' 컬럼을 추가합니다.
[2026-09-26 18:38:36,017][WARNING|database.py-upgrade_schema:304] >> 'mysafetymerge_traffic' 테이블에 '주소정규화' 컬럼을 추가합니다.
[2026-09-26 18:38:36,019][WARNING|database.py-upgrade_schema:304] >> 'mysafetymerge_traffic' 테이블에 '행정구역' 컬럼을 추가합니다.
[2026-09-26 18:38:36,026][WARNING|database.py-upgrade_schema:304] >> 'mysafetymerge_traffic' 테이블에 '위도' 컬럼을 추가합니다.
[2026-09-26 18:38:36,029][WARNING|database.py-upgrade_schema:304] >> 'mysafetymerge_traffic' 테이블에 '경도' 컬럼을 추가합니다.
[2026-09-26 18:38:36,036][WARNING|database.py-upgrade_schema:304] >> 'mysafetymerge_traffic' 테이블에 '지오코딩상태' 컬럼을 추가합니다.
[2026-09-26 18:38:36,043][WARNING|database.py-upgrade_schema:304] >> 'mysafetymerge_traffic' 테이블에 '사진_첫촬영' 컬럼을 추가합니다.
[2026-09-26 18:38:36,046][WARNING|database.py-upgrade_schema:304] >> 'mysafetymerge_traffic' 테이블에 '사진_끝촬영' 컬럼을 추가합니다.
[2026-09-26 18:38:36,048][WARNING|database.py-upgrade_schema:304] >> 'mysafetymerge_traffic' 테이블에 '사진_촬영수' 컬럼을 추가합니다.
[2026-09-26 18:38:36,054][INFO|database.py-_apply_versioned_migrations:452] >> [schema] DB 스키마 버전 1 적용
[2026-09-26 18:38:36,069][INFO|database.py-_apply_versioned_migrations:452] >> [schema] DB 스키마 버전 2 적용
[2026-09-26 18:38:36,074][INFO|database.py-_apply_versioned_migrations:452] >> [schema] DB 스키마 버전 3 적용
[2026-09-26 18:38:36,095][INFO|database.py-_apply_versioned_migrations:452] >> [schema] DB 스키마 버전 4 적용
[2026-09-26 18:38:36,130][INFO|duplicate_group_service.py-_log_info:53] >> [duplicate] payload exact 중복군 0개, 멤버 0건 재생성
.[2026-09-26 18:38:36,266][INFO|database.py-upgrade_schema:285] >> 테이블 'mysafety_change_cursor' 생성 중...
[2026-09-26 18:38:36,275][INFO|database.py-upgrade_schema:285] >> 테이블 'mysafety_change_log' 생성 중...
[2026-09-26 18:38:36,277][INFO|database.py-upgrade_schema:285] >> 테이블 'mysafety_duplicate_decision' 생성 중...
[2026-09-26 18:38:36,280][INFO|database.py-upgrade_schema:285] >> 테이블 'mysafety_geocode_cache' 생성 중...
[2026-09-26 18:38:36,283][INFO|database.py-upgrade_schema:285] >> 테이블 'mysafety_report_override' 생성 중...
[2026-09-26 18:38:36,286][WARNING|database.py-upgrade_schema:304] >> 'mysafetydetail_other' 테이블에 '주소정규화' 컬럼을 추가합니다.
[2026-09-26 18:38:36,289][WARNING|database.py-upgrade_schema:304] >> 'mysafetydetail_other' 테이블에 '행정구역' 컬럼을 추가합니다.
[2026-09-26 18:38:36,291][WARNING|database.py-upgrade_schema:304] >> 'mysafetydetail_other' 테이블에 '위도' 컬럼을 추가합니다.
[2026-09-26 18:38:36,293][WARNING|database.py-upgrade_schema:304] >> 'mysafetydetail_other' 테이블에 '경도' 컬럼을 추가합니다.
[2026-09-26 18:38:36,296][WARNING|database.py-upgrade_schema:304] >> 'mysafetydetail_other' 테이블에 '지오코딩상태' 컬럼을 추가합니다.
[2026-09-26 18:38:36,300][WARNING|database.py-upgrade_schema:304] >> 'mysafetydetail_other' 테이블에 '사진_첫촬영' 컬럼을 추가합니다.
[2026-09-26 18:38:36,308][WARNING|database.py-upgrade_schema:304] >> 'mysafetydetail_other' 테이블에 '사진_끝촬영' 컬럼을 추가합니다.
[2026-09-26 18:38:36,313][WARNING|database.py-upgrade_schema:304] >> 'mysafetydetail_other' 테이블에 '사진_촬영수' 컬럼을 추가합니다.
[2026-09-26 18:38:36,325][WARNING|database.py-upgrade_schema:304] >> 'mysafetydetail_parking' 테이블에 '주소정규화' 컬럼을 추가합니다.
[2026-09-26 18:38:36,330][WARNING|database.py-upgrade_schema:304] >> 'mysafetydetail_parking' 테이블에 '행정구역' 컬럼을 추가합니다.
[2026-09-26 18:38:36,336][WARNING|database.py-upgrade_schema:304] >> 'mysafetydetail_parking' 테이블에 '위도' 컬럼을 추가합니다.
[2026-09-26 18:38:36,339][WARNING|database.py-upgrade_schema:304] >> 'mysafetydetail_parking' 테이블에 '경도' 컬럼을 추가합니다.
[2026-09-26 18:38:36,341][WARNING|database.py-upgrade_schema:304] >> 'mysafetydetail_parking' 테이블에 '지오코딩상태' 컬럼을 추가합니다.
[2026-09-26 18:38:36,346][WARNING|database.py-upgrade_schema:304] >> 'mysafetydetail_parking' 테이블에 '사진_첫촬영' 컬럼을 추가합니다.
[2026-09-26 18:38:36,348][WARNING|database.py-upgrade_schema:304] >> 'mysafetydetail_parking' 테이블에 '사진_끝촬영' 컬럼을 추가합니다.
[2026-09-26 18:38:36,351][WARNING|database.py-upgrade_schema:304] >> 'mysafetydetail_parking' 테이블에 '사진_촬영수' 컬럼을 추가합니다.
[2026-09-26 18:38:36,356][WARNING|database.py-upgrade_schema:304] >> 'mysafetydetail_traffic' 테이블에 '주소정규화' 컬럼을 추가합니다.
[2026-09-26 18:38:36,359][WARNING|database.py-upgrade_schema:304] >> 'mysafetydetail_traffic' 테이블에 '행정구역' 컬럼을 추가합니다.
[2026-09-26 18:38:36,361][WARNING|database.py-upgrade_schema:304] >> 'mysafetydetail_traffic' 테이블에 '위도' 컬럼을 추가합니다.
[2026-09-26 18:38:36,363][WARNING|database.py-upgrade_schema:304] >> 'mysafetydetail_traffic' 테이블에 '경도' 컬럼을 추가합니다.
[2026-09-26 18:38:36,366][WARNING|database.py-upgrade_schema:304] >> 'mysafetydetail_traffic' 테이블에 '지오코딩상태' 컬럼을 추가합니다.
[2026-09-26 18:38:36,371][WARNING|database.py-upgrade_schema:304] >> 'mysafetydetail_traffic' 테이블에 '사진_첫촬영' 컬럼을 추가합니다.
[2026-09-26 18:38:36,374][WARNING|database.py-upgrade_schema:304] >> 'mysafetydetail_traffic' 테이블에 '사진_끝촬영' 컬럼을 추가합니다.
[2026-09-26 18:38:36,378][WARNING|database.py-upgrade_schema:304] >> 'mysafetydetail_traffic' 테이블에 '사진_촬영수' 컬럼을 추가합니다.
[2026-09-26 18:38:36,381][WARNING|database.py-upgrade_schema:304] >> 'mysafetymerge_other' 테이블에 '주소정규화' 컬럼을 추가합니다.
[2026-09-26 18:38:36,384][WARNING|database.py-upgrade_schema:304] >> 'mysafetymerge_other' 테이블에 '행정구역' 컬럼을 추가합니다.
[2026-09-26 18:38:36,385][WARNING|database.py-upgrade_schema:304] >> 'mysafetymerge_other' 테이블에 '위도' 컬럼을 추가합니다.
[2026-09-26 18:38:36,387][WARNING|database.py-upgrade_schema:304] >> 'mysafetymerge_other' 테이블에 '경도' 컬럼을 추가합니다.
[2026-09-26 18:38:36,389][WARNING|database.py-upgrade_schema:304] >> 'mysafetymerge_other' 테이블에 '지오코딩상태' 컬럼을 추가합니다.
[2026-09-26 18:38:36,392][WARNING|database.py-upgrade_schema:304] >> 'mysafetymerge_other' 테이블에 '사진_첫촬영' 컬럼을 추가합니다.
[2026-09-26 18:38:36,395][WARNING|database.py-upgrade_schema:304] >> 'mysafetymerge_other' 테이블에 '사진_끝촬영' 컬럼을 추가합니다.
[2026-09-26 18:38:36,398][WARNING|database.py-upgrade_schema:304] >> 'mysafetymerge_other' 테이블에 '사진_촬영수' 컬럼을 추가합니다.
[2026-09-26 18:38:36,401][WARNING|database.py-upgrade_schema:304] >> 'mysafetymerge_parking' 테이블에 '주소정규화' 컬럼을 추가합니다.
[2026-09-26 18:38:36,407][WARNING|database.py-upgrade_schema:304] >> 'mysafetymerge_parking' 테이블에 '행정구역' 컬럼을 추가합니다.
[2026-09-26 18:38:36,413][WARNING|database.py-upgrade_schema:304] >> 'mysafetymerge_parking' 테이블에 '위도' 컬럼을 추가합니다.
[2026-09-26 18:38:36,421][WARNING|database.py-upgrade_schema:304] >> 'mysafetymerge_parking' 테이블에 '경도' 컬럼을 추가합니다.
[2026-09-26 18:38:36,425][WARNING|database.py-upgrade_schema:304] >> 'mysafetymerge_parking' 테이블에 '지오코딩상태' 컬럼을 추가합니다.
[2026-09-26 18:38:36,430][WARNING|database.py-upgrade_schema:304] >> 'mysafetymerge_parking' 테이블에 '사진_첫촬영' 컬럼을 추가합니다.
[2026-09-26 18:38:36,433][WARNING|database.py-upgrade_schema:304] >> 'mysafetymerge_parking' 테이블에 '사진_끝촬영' 컬럼을 추가합니다.
[2026-09-26 18:38:36,435][WARNING|database.py-upgrade_schema:304] >> 'mysafetymerge_parking' 테이블에 '사진_촬영수' 컬럼을 추가합니다.
[2026-09-26 18:38:36,439][WARNING|database.py-upgrade_schema:304] >> 'mysafetymerge_traffic' 테이블에 '주소정규화' 컬럼을 추가합니다.
[2026-09-26 18:38:36,445][WARNING|database.py-upgrade_schema:304] >> 'mysafetymerge_traffic' 테이블에 '행정구역' 컬럼을 추가합니다.
[2026-09-26 18:38:36,453][WARNING|database.py-upgrade_schema:304] >> 'mysafetymerge_traffic' 테이블에 '위도' 컬럼을 추가합니다.
[2026-09-26 18:38:36,457][WARNING|database.py-upgrade_schema:304] >> 'mysafetymerge_traffic' 테이블에 '경도' 컬럼을 추가합니다.
[2026-09-26 18:38:36,459][WARNING|database.py-upgrade_schema:304] >> 'mysafetymerge_traffic' 테이블에 '지오코딩상태' 컬럼을 추가합니다.
[2026-09-26 18:38:36,463][WARNING|database.py-upgrade_schema:304] >> 'mysafetymerge_traffic' 테이블에 '사진_첫촬영' 컬럼을 추가합니다.
[2026-09-26 18:38:36,464][WARNING|database.py-upgrade_schema:304] >> 'mysafetymerge_traffic' 테이블에 '사진_끝촬영' 컬럼을 추가합니다.
[2026-09-26 18:38:36,467][WARNING|database.py-upgrade_schema:304] >> 'mysafetymerge_traffic' 테이블에 '사진_촬영수' 컬럼을 추가합니다.
[2026-09-26 18:38:36,472][INFO|database.py-_apply_versioned_migrations:452] >> [schema] DB 스키마 버전 1 적용
[2026-09-26 18:38:36,482][INFO|database.py-_apply_versioned_migrations:452] >> [schema] DB 스키마 버전 2 적용
[2026-09-26 18:38:36,486][INFO|database.py-_apply_versioned_migrations:452] >> [schema] DB 스키마 버전 3 적용
[2026-09-26 18:38:36,513][INFO|database.py-_apply_versioned_migrations:452] >> [schema] DB 스키마 버전 4 적용
[2026-09-26 18:38:36,554][INFO|duplicate_group_service.py-_log_info:53] >> [duplicate] payload exact 중복군 0개, 멤버 0건 재생성
.[2026-09-26 18:38:36,700][INFO|database.py-upgrade_schema:285] >> 테이블 'mysafety_change_cursor' 생성 중...
[2026-09-26 18:38:36,705][INFO|database.py-upgrade_schema:285] >> 테이블 'mysafety_change_log' 생성 중...
[2026-09-26 18:38:36,709][INFO|database.py-upgrade_schema:285] >> 테이블 'mysafety_duplicate_decision' 생성 중...
[2026-09-26 18:38:36,717][INFO|database.py-upgrade_schema:285] >> 테이블 'mysafety_geocode_cache' 생성 중...
[2026-09-26 18:38:36,721][INFO|database.py-upgrade_schema:285] >> 테이블 'mysafety_report_override' 생성 중...
[2026-09-26 18:38:36,724][WARNING|database.py-upgrade_schema:304] >> 'mysafetydetail_other' 테이블에 '주소정규화' 컬럼을 추가합니다.
[2026-09-26 18:38:36,727][WARNING|database.py-upgrade_schema:304] >> 'mysafetydetail_other' 테이블에 '행정구역' 컬럼을 추가합니다.
[2026-09-26 18:38:36,732][WARNING|database.py-upgrade_schema:304] >> 'mysafetydetail_other' 테이블에 '위도' 컬럼을 추가합니다.
[2026-09-26 18:38:36,735][WARNING|database.py-upgrade_schema:304] >> 'mysafetydetail_other' 테이블에 '경도' 컬럼을 추가합니다.
[2026-09-26 18:38:36,738][WARNING|database.py-upgrade_schema:304] >> 'mysafetydetail_other' 테이블에 '지오코딩상태' 컬럼을 추가합니다.
[2026-09-26 18:38:36,742][WARNING|database.py-upgrade_schema:304] >> 'mysafetydetail_other' 테이블에 '사진_첫촬영' 컬럼을 추가합니다.
[2026-09-26 18:38:36,747][WARNING|database.py-upgrade_schema:304] >> 'mysafetydetail_other' 테이블에 '사진_끝촬영' 컬럼을 추가합니다.
[2026-09-26 18:38:36,750][WARNING|database.py-upgrade_schema:304] >> 'mysafetydetail_other' 테이블에 '사진_촬영수' 컬럼을 추가합니다.
[2026-09-26 18:38:36,755][WARNING|database.py-upgrade_schema:304] >> 'mysafetydetail_parking' 테이블에 '주소정규화' 컬럼을 추가합니다.
[2026-09-26 18:38:36,757][WARNING|database.py-upgrade_schema:304] >> 'mysafetydetail_parking' 테이블에 '행정구역' 컬럼을 추가합니다.
[2026-09-26 18:38:36,760][WARNING|database.py-upgrade_schema:304] >> 'mysafetydetail_parking' 테이블에 '위도' 컬럼을 추가합니다.
[2026-09-26 18:38:36,764][WARNING|database.py-upgrade_schema:304] >> 'mysafetydetail_parking' 테이블에 '경도' 컬럼을 추가합니다.
[2026-09-26 18:38:36,771][WARNING|database.py-upgrade_schema:304] >> 'mysafetydetail_parking' 테이블에 '지오코딩상태' 컬럼을 추가합니다.
[2026-09-26 18:38:36,775][WARNING|database.py-upgrade_schema:304] >> 'mysafetydetail_parking' 테이블에 '사진_첫촬영' 컬럼을 추가합니다.
[2026-09-26 18:38:36,781][WARNING|database.py-upgrade_schema:304] >> 'mysafetydetail_parking' 테이블에 '사진_끝촬영' 컬럼을 추가합니다.
[2026-09-26 18:38:36,784][WARNING|database.py-upgrade_schema:304] >> 'mysafetydetail_parking' 테이블에 '사진_촬영수' 컬럼을 추가합니다.
[2026-09-26 18:38:36,787][WARNING|database.py-upgrade_schema:304] >> 'mysafetydetail_traffic' 테이블에 '주소정규화' 컬럼을 추가합니다.
[2026-09-26 18:38:36,789][WARNING|database.py-upgrade_schema:304] >> 'mysafetydetail_traffic' 테이블에 '행정구역' 컬럼을 추가합니다.
[2026-09-26 18:38:36,793][WARNING|database.py-upgrade_schema:304] >> 'mysafetydetail_traffic' 테이블에 '위도' 컬럼을 추가합니다.
[2026-09-26 18:38:36,796][WARNING|database.py-upgrade_schema:304] >> 'mysafetydetail_traffic' 테이블에 '경도' 컬럼을 추가합니다.
[2026-09-26 18:38:36,799][WARNING|database.py-upgrade_schema:304] >> 'mysafetydetail_traffic' 테이블에 '지오코딩상태' 컬럼을 추가합니다.
[2026-09-26 18:38:36,801][WARNING|database.py-upgrade_schema:304] >> 'mysafetydetail_traffic' 테이블에 '사진_첫촬영' 컬럼을 추가합니다.
[2026-09-26 18:38:36,807][WARNING|database.py-upgrade_schema:304] >> 'mysafetydetail_traffic' 테이블에 '사진_끝촬영' 컬럼을 추가합니다.
[2026-09-26 18:38:36,810][WARNING|database.py-upgrade_schema:304] >> 'mysafetydetail_traffic' 테이블에 '사진_촬영수' 컬럼을 추가합니다.
[2026-09-26 18:38:36,815][WARNING|database.py-upgrade_schema:304] >> 'mysafetymerge_other' 테이블에 '주소정규화' 컬럼을 추가합니다.
[2026-09-26 18:38:36,817][WARNING|database.py-upgrade_schema:304] >> 'mysafetymerge_other' 테이블에 '행정구역' 컬럼을 추가합니다.
[2026-09-26 18:38:36,820][WARNING|database.py-upgrade_schema:304] >> 'mysafetymerge_other' 테이블에 '위도' 컬럼을 추가합니다.
[2026-09-26 18:38:36,822][WARNING|database.py-upgrade_schema:304] >> 'mysafetymerge_other' 테이블에 '경도' 컬럼을 추가합니다.
[2026-09-26 18:38:36,825][WARNING|database.py-upgrade_schema:304] >> 'mysafetymerge_other' 테이블에 '지오코딩상태' 컬럼을 추가합니다.
[2026-09-26 18:38:36,827][WARNING|database.py-upgrade_schema:304] >> 'mysafetymerge_other' 테이블에 '사진_첫촬영' 컬럼을 추가합니다.
[2026-09-26 18:38:36,829][WARNING|database.py-upgrade_schema:304] >> 'mysafetymerge_other' 테이블에 '사진_끝촬영' 컬럼을 추가합니다.
[2026-09-26 18:38:36,832][WARNING|database.py-upgrade_schema:304] >> 'mysafetymerge_other' 테이블에 '사진_촬영수' 컬럼을 추가합니다.
[2026-09-26 18:38:36,836][WARNING|database.py-upgrade_schema:304] >> 'mysafetymerge_parking' 테이블에 '주소정규화' 컬럼을 추가합니다.
[2026-09-26 18:38:36,842][WARNING|database.py-upgrade_schema:304] >> 'mysafetymerge_parking' 테이블에 '행정구역' 컬럼을 추가합니다.
[2026-09-26 18:38:36,845][WARNING|database.py-upgrade_schema:304] >> 'mysafetymerge_parking' 테이블에 '위도' 컬럼을 추가합니다.
[2026-09-26 18:38:36,849][WARNING|database.py-upgrade_schema:304] >> 'mysafetymerge_parking' 테이블에 '경도' 컬럼을 추가합니다.
[2026-09-26 18:38:36,853][WARNING|database.py-upgrade_schema:304] >> 'mysafetymerge_parking' 테이블에 '지오코딩상태' 컬럼을 추가합니다.
[2026-09-26 18:38:36,856][WARNING|database.py-upgrade_schema:304] >> 'mysafetymerge_parking' 테이블에 '사진_첫촬영' 컬럼을 추가합니다.
[2026-09-26 18:38:36,858][WARNING|database.py-upgrade_schema:304] >> 'mysafetymerge_parking' 테이블에 '사진_끝촬영' 컬럼을 추가합니다.
[2026-09-26 18:38:36,859][WARNING|database.py-upgrade_schema:304] >> 'mysafetymerge_parking' 테이블에 '사진_촬영수' 컬럼을 추가합니다.
[2026-09-26 18:38:36,863][WARNING|database.py-upgrade_schema:304] >> 'mysafetymerge_traffic' 테이블에 '주소정규화' 컬럼을 추가합니다.
[2026-09-26 18:38:36,865][WARNING|database.py-upgrade_schema:304] >> 'mysafetymerge_traffic' 테이블에 '행정구역' 컬럼을 추가합니다.
[2026-09-26 18:38:36,868][WARNING|database.py-upgrade_schema:304] >> 'mysafetymerge_traffic' 테이블에 '위도' 컬럼을 추가합니다.
[2026-09-26 18:38:36,870][WARNING|database.py-upgrade_schema:304] >> 'mysafetymerge_traffic' 테이블에 '경도' 컬럼을 추가합니다.
[2026-09-26 18:38:36,875][WARNING|database.py-upgrade_schema:304] >> 'mysafetymerge_traffic' 테이블에 '지오코딩상태' 컬럼을 추가합니다.
[2026-09-26 18:38:36,877][WARNING|database.py-upgrade_schema:304] >> 'mysafetymerge_traffic' 테이블에 '사진_첫촬영' 컬럼을 추가합니다.
[2026-09-26 18:38:36,880][WARNING|database.py-upgrade_schema:304] >> 'mysafetymerge_traffic' 테이블에 '사진_끝촬영' 컬럼을 추가합니다.
[2026-09-26 18:38:36,884][WARNING|database.py-upgrade_schema:304] >> 'mysafetymerge_traffic' 테이블에 '사진_촬영수' 컬럼을 추가합니다.
[2026-09-26 18:38:36,893][INFO|database.py-_apply_versioned_migrations:452] >> [schema] DB 스키마 버전 1 적용
[2026-09-26 18:38:36,904][INFO|database.py-_apply_versioned_migrations:452] >> [schema] DB 스키마 버전 2 적용
[2026-09-26 18:38:36,906][INFO|database.py-_apply_versioned_migrations:452] >> [schema] DB 스키마 버전 3 적용
[2026-09-26 18:38:36,934][INFO|database.py-_apply_versioned_migrations:452] >> [schema] DB 스키마 버전 4 적용
[2026-09-26 18:38:36,982][INFO|duplicate_group_service.py-_log_info:53] >> [duplicate] payload exact 중복군 0개, 멤버 0건 재생성
[2026-09-26 18:38:37,022][INFO|duplicate_group_service.py-_log_info:53] >> [duplicate] payload exact 중복군 0개, 멤버 0건 재생성
.[2026-09-26 18:38:37,039][INFO|database.py-upgrade_schema:285] >> 테이블 'admin_users' 생성 중...
[2026-09-26 18:38:37,046][INFO|database.py-upgrade_schema:285] >> 테이블 'api_keys' 생성 중...
[2026-09-26 18:38:37,048][INFO|database.py-upgrade_schema:285] >> 테이블 'mysafety' 생성 중...
[2026-09-26 18:38:37,050][INFO|database.py-upgrade_schema:285] >> 테이블 'mysafety_change_cursor' 생성 중...
[2026-09-26 18:38:37,052][INFO|database.py-upgrade_schema:285] >> 테이블 'mysafety_change_log' 생성 중...
[2026-09-26 18:38:37,054][INFO|database.py-upgrade_schema:285] >> 테이블 'mysafety_duplicate_decision' 생성 중...
[2026-09-26 18:38:37,055][INFO|database.py-upgrade_schema:285] >> 테이블 'mysafety_duplicate_group' 생성 중...
[2026-09-26 18:38:37,057][INFO|database.py-upgrade_schema:285] >> 테이블 'mysafety_duplicate_member' 생성 중...
[2026-09-26 18:38:37,059][INFO|database.py-upgrade_schema:285] >> 테이블 'mysafety_entry_value' 생성 중...
[2026-09-26 18:38:37,061][INFO|database.py-upgrade_schema:285] >> 테이블 'mysafety_geocode_cache' 생성 중...
[2026-09-26 18:38:37,064][INFO|database.py-upgrade_schema:285] >> 테이블 'mysafety_raw_content' 생성 중...
[2026-09-26 18:38:37,067][INFO|database.py-upgrade_schema:285] >> 테이블 'mysafety_report_override' 생성 중...
[2026-09-26 18:38:37,069][INFO|database.py-upgrade_schema:285] >> 테이블 'mysafety_sync_meta' 생성 중...
[2026-09-26 18:38:37,072][INFO|database.py-upgrade_schema:285] >> 테이블 'mysafety_watchlist' 생성 중...
[2026-09-26 18:38:37,074][INFO|database.py-upgrade_schema:285] >> 테이블 'mysafetydetail_other' 생성 중...
[2026-09-26 18:38:37,076][INFO|database.py-upgrade_schema:285] >> 테이블 'mysafetydetail_parking' 생성 중...
[2026-09-26 18:38:37,079][INFO|database.py-upgrade_schema:285] >> 테이블 'mysafetydetail_traffic' 생성 중...
[2026-09-26 18:38:37,081][INFO|database.py-upgrade_schema:285] >> 테이블 'mysafetymerge_other' 생성 중...
[2026-09-26 18:38:37,084][INFO|database.py-upgrade_schema:285] >> 테이블 'mysafetymerge_parking' 생성 중...
[2026-09-26 18:38:37,086][INFO|database.py-upgrade_schema:285] >> 테이블 'mysafetymerge_traffic' 생성 중...
[2026-09-26 18:38:37,090][INFO|database.py-_apply_versioned_migrations:452] >> [schema] DB 스키마 버전 1 적용
[2026-09-26 18:38:37,096][INFO|database.py-_apply_versioned_migrations:452] >> [schema] DB 스키마 버전 2 적용
[2026-09-26 18:38:37,099][INFO|database.py-_apply_versioned_migrations:452] >> [schema] DB 스키마 버전 3 적용
[2026-09-26 18:38:37,127][INFO|database.py-_apply_versioned_migrations:452] >> [schema] DB 스키마 버전 4 적용
[2026-09-26 18:38:37,153][INFO|duplicate_group_service.py-_log_info:53] >> [duplicate] payload exact 중복군 0개, 멤버 0건 재생성
[2026-09-26 18:38:37,193][INFO|database.py-backfill_synced_at:100] >> [migration] mysafetydetail_traffic synced_at 백필: 12건, 미해결 0건
[2026-09-26 18:38:37,196][INFO|database.py-backfill_synced_at:100] >> [migration] mysafetydetail_parking synced_at 백필: 6건, 미해결 0건
[2026-09-26 18:38:37,199][INFO|database.py-backfill_synced_at:100] >> [migration] mysafetydetail_other synced_at 백필: 6건, 미해결 0건
[2026-09-26 18:38:37,201][INFO|database.py-backfill_synced_at:105] >> [migration] synced_at 백필 완료: 총 24건 갱신, merge 재생성 시작
[2026-09-26 18:38:37,215][INFO|database.py-merge_final:736] >> 최종 데이터 병합 완료 (Traffic/Parking/Other 분리)
[2026-09-26 18:38:37,242][INFO|duplicate_group_service.py-_log_info:53] >> [duplicate] payload exact 중복군 1개, 멤버 2건 재생성
[2026-09-26 18:38:37,251][INFO|database.py-merge_final:736] >> 최종 데이터 병합 완료 (Traffic/Parking/Other 분리)
[2026-09-26 18:38:37,285][INFO|duplicate_group_service.py-_log_info:53] >> [duplicate] payload exact 중복군 1개, 멤버 2건 재생성
[2026-09-26 18:38:37,480][INFO|database.py-merge_final:736] >> 최종 데이터 병합 완료 (Traffic/Parking/Other 분리)
[2026-09-26 18:38:37,515][INFO|duplicate_group_service.py-_log_info:53] >> [duplicate] payload exact 중복군 1개, 멤버 2건 재생성
[2026-09-26 18:38:37,524][INFO|geocode_service.py-prepare_geo_payload:590] >> [geocode] 설정 누락으로 지오코딩 보류: 카카오 REST API 키가 비어 있습니다.
[2026-09-26 18:38:37,581][INFO|duplicate_group_service.py-_log_info:53] >> [duplicate] payload exact 중복군 1개, 멤버 2건 재생성
.[2026-09-26 18:38:37,602][INFO|database.py-upgrade_schema:285] >> 테이블 'admin_users' 생성 중...
[2026-09-26 18:38:37,608][INFO|database.py-upgrade_schema:285] >> 테이블 'api_keys' 생성 중...
[2026-09-26 18:38:37,610][INFO|database.py-upgrade_schema:285] >> 테이블 'mysafety' 생성 중...
[2026-09-26 18:38:37,616][INFO|database.py-upgrade_schema:285] >> 테이블 'mysafety_change_cursor' 생성 중...
[2026-09-26 18:38:37,619][INFO|database.py-upgrade_schema:285] >> 테이블 'mysafety_change_log' 생성 중...
[2026-09-26 18:38:37,624][INFO|database.py-upgrade_schema:285] >> 테이블 'mysafety_duplicate_decision' 생성 중...
[2026-09-26 18:38:37,631][INFO|database.py-upgrade_schema:285] >> 테이블 'mysafety_duplicate_group' 생성 중...
[2026-09-26 18:38:37,634][INFO|database.py-upgrade_schema:285] >> 테이블 'mysafety_duplicate_member' 생성 중...
[2026-09-26 18:38:37,637][INFO|database.py-upgrade_schema:285] >> 테이블 'mysafety_entry_value' 생성 중...
[2026-09-26 18:38:37,639][INFO|database.py-upgrade_schema:285] >> 테이블 'mysafety_geocode_cache' 생성 중...
[2026-09-26 18:38:37,642][INFO|database.py-upgrade_schema:285] >> 테이블 'mysafety_raw_content' 생성 중...
[2026-09-26 18:38:37,649][INFO|database.py-upgrade_schema:285] >> 테이블 'mysafety_report_override' 생성 중...
[2026-09-26 18:38:37,652][INFO|database.py-upgrade_schema:285] >> 테이블 'mysafety_sync_meta' 생성 중...
[2026-09-26 18:38:37,663][INFO|database.py-upgrade_schema:285] >> 테이블 'mysafety_watchlist' 생성 중...
[2026-09-26 18:38:37,666][INFO|database.py-upgrade_schema:285] >> 테이블 'mysafetydetail_other' 생성 중...
[2026-09-26 18:38:37,670][INFO|database.py-upgrade_schema:285] >> 테이블 'mysafetydetail_parking' 생성 중...
[2026-09-26 18:38:37,673][INFO|database.py-upgrade_schema:285] >> 테이블 'mysafetydetail_traffic' 생성 중...
[2026-09-26 18:38:37,677][INFO|database.py-upgrade_schema:285] >> 테이블 'mysafetymerge_other' 생성 중...
[2026-09-26 18:38:37,679][INFO|database.py-upgrade_schema:285] >> 테이블 'mysafetymerge_parking' 생성 중...
[2026-09-26 18:38:37,682][INFO|database.py-upgrade_schema:285] >> 테이블 'mysafetymerge_traffic' 생성 중...
[2026-09-26 18:38:37,688][INFO|database.py-_apply_versioned_migrations:452] >> [schema] DB 스키마 버전 1 적용
[2026-09-26 18:38:37,705][INFO|database.py-_apply_versioned_migrations:452] >> [schema] DB 스키마 버전 2 적용
[2026-09-26 18:38:37,709][INFO|database.py-_apply_versioned_migrations:452] >> [schema] DB 스키마 버전 3 적용
[2026-09-26 18:38:37,749][INFO|database.py-_apply_versioned_migrations:452] >> [schema] DB 스키마 버전 4 적용
[2026-09-26 18:38:37,799][INFO|duplicate_group_service.py-_log_info:53] >> [duplicate] payload exact 중복군 0개, 멤버 0건 재생성
[2026-09-26 18:38:37,846][INFO|database.py-backfill_synced_at:100] >> [migration] mysafetydetail_traffic synced_at 백필: 12건, 미해결 0건
[2026-09-26 18:38:37,850][INFO|database.py-backfill_synced_at:100] >> [migration] mysafetydetail_parking synced_at 백필: 6건, 미해결 0건
[2026-09-26 18:38:37,854][INFO|database.py-backfill_synced_at:100] >> [migration] mysafetydetail_other synced_at 백필: 6건, 미해결 0건
[2026-09-26 18:38:37,858][INFO|database.py-backfill_synced_at:105] >> [migration] synced_at 백필 완료: 총 24건 갱신, merge 재생성 시작
[2026-09-26 18:38:37,874][INFO|database.py-merge_final:736] >> 최종 데이터 병합 완료 (Traffic/Parking/Other 분리)
[2026-09-26 18:38:37,900][INFO|duplicate_group_service.py-_log_info:53] >> [duplicate] payload exact 중복군 1개, 멤버 2건 재생성
[2026-09-26 18:38:37,913][INFO|database.py-merge_final:736] >> 최종 데이터 병합 완료 (Traffic/Parking/Other 분리)
[2026-09-26 18:38:37,940][INFO|duplicate_group_service.py-_log_info:53] >> [duplicate] payload exact 중복군 1개, 멤버 2건 재생성
[2026-09-26 18:38:38,080][INFO|geocode_service.py-prepare_geo_payload:590] >> [geocode] 설정 누락으로 지오코딩 보류: 카카오 REST API 키가 비어 있습니다.
[2026-09-26 18:38:38,142][INFO|duplicate_group_service.py-_log_info:53] >> [duplicate] payload exact 중복군 1개, 멤버 2건 재생성
.[2026-09-26 18:38:38,167][INFO|database.py-upgrade_schema:285] >> 테이블 'admin_users' 생성 중...
[2026-09-26 18:38:38,172][INFO|database.py-upgrade_schema:285] >> 테이블 'api_keys' 생성 중...
[2026-09-26 18:38:38,174][INFO|database.py-upgrade_schema:285] >> 테이블 'mysafety' 생성 중...
[2026-09-26 18:38:38,176][INFO|database.py-upgrade_schema:285] >> 테이블 'mysafety_change_cursor' 생성 중...
[2026-09-26 18:38:38,182][INFO|database.py-upgrade_schema:285] >> 테이블 'mysafety_change_log' 생성 중...
[2026-09-26 18:38:38,188][INFO|database.py-upgrade_schema:285] >> 테이블 'mysafety_duplicate_decision' 생성 중...
[2026-09-26 18:38:38,191][INFO|database.py-upgrade_schema:285] >> 테이블 'mysafety_duplicate_group' 생성 중...
[2026-09-26 18:38:38,194][INFO|database.py-upgrade_schema:285] >> 테이블 'mysafety_duplicate_member' 생성 중...
[2026-09-26 18:38:38,197][INFO|database.py-upgrade_schema:285] >> 테이블 'mysafety_entry_value' 생성 중...
[2026-09-26 18:38:38,199][INFO|database.py-upgrade_schema:285] >> 테이블 'mysafety_geocode_cache' 생성 중...
[2026-09-26 18:38:38,201][INFO|database.py-upgrade_schema:285] >> 테이블 'mysafety_raw_content' 생성 중...
[2026-09-26 18:38:38,205][INFO|database.py-upgrade_schema:285] >> 테이블 'mysafety_report_override' 생성 중...
[2026-09-26 18:38:38,207][INFO|database.py-upgrade_schema:285] >> 테이블 'mysafety_sync_meta' 생성 중...
[2026-09-26 18:38:38,209][INFO|database.py-upgrade_schema:285] >> 테이블 'mysafety_watchlist' 생성 중...
[2026-09-26 18:38:38,212][INFO|database.py-upgrade_schema:285] >> 테이블 'mysafetydetail_other' 생성 중...
[2026-09-26 18:38:38,217][INFO|database.py-upgrade_schema:285] >> 테이블 'mysafetydetail_parking' 생성 중...
[2026-09-26 18:38:38,225][INFO|database.py-upgrade_schema:285] >> 테이블 'mysafetydetail_traffic' 생성 중...
[2026-09-26 18:38:38,230][INFO|database.py-upgrade_schema:285] >> 테이블 'mysafetymerge_other' 생성 중...
[2026-09-26 18:38:38,234][INFO|database.py-upgrade_schema:285] >> 테이블 'mysafetymerge_parking' 생성 중...
[2026-09-26 18:38:38,236][INFO|database.py-upgrade_schema:285] >> 테이블 'mysafetymerge_traffic' 생성 중...
[2026-09-26 18:38:38,240][INFO|database.py-_apply_versioned_migrations:452] >> [schema] DB 스키마 버전 1 적용
[2026-09-26 18:38:38,251][INFO|database.py-_apply_versioned_migrations:452] >> [schema] DB 스키마 버전 2 적용
[2026-09-26 18:38:38,255][INFO|database.py-_apply_versioned_migrations:452] >> [schema] DB 스키마 버전 3 적용
[2026-09-26 18:38:38,278][INFO|database.py-_apply_versioned_migrations:452] >> [schema] DB 스키마 버전 4 적용
[2026-09-26 18:38:38,312][INFO|duplicate_group_service.py-_log_info:53] >> [duplicate] payload exact 중복군 0개, 멤버 0건 재생성
[2026-09-26 18:38:38,348][INFO|database.py-backfill_synced_at:100] >> [migration] mysafetydetail_traffic synced_at 백필: 12건, 미해결 0건
[2026-09-26 18:38:38,351][INFO|database.py-backfill_synced_at:100] >> [migration] mysafetydetail_parking synced_at 백필: 6건, 미해결 0건
[2026-09-26 18:38:38,356][INFO|database.py-backfill_synced_at:100] >> [migration] mysafetydetail_other synced_at 백필: 6건, 미해결 0건
[2026-09-26 18:38:38,357][INFO|database.py-backfill_synced_at:105] >> [migration] synced_at 백필 완료: 총 24건 갱신, merge 재생성 시작
[2026-09-26 18:38:38,373][INFO|database.py-merge_final:736] >> 최종 데이터 병합 완료 (Traffic/Parking/Other 분리)
[2026-09-26 18:38:38,403][INFO|duplicate_group_service.py-_log_info:53] >> [duplicate] payload exact 중복군 1개, 멤버 2건 재생성
[2026-09-26 18:38:38,415][INFO|database.py-merge_final:736] >> 최종 데이터 병합 완료 (Traffic/Parking/Other 분리)
[2026-09-26 18:38:38,446][INFO|duplicate_group_service.py-_log_info:53] >> [duplicate] payload exact 중복군 1개, 멤버 2건 재생성
[2026-09-26 18:38:38,627][INFO|geocode_service.py-prepare_geo_payload:590] >> [geocode] 설정 누락으로 지오코딩 보류: 카카오 REST API 키가 비어 있습니다.
[2026-09-26 18:38:38,679][INFO|duplicate_group_service.py-_log_info:53] >> [duplicate] payload exact 중복군 1개, 멤버 2건 재생성
.[2026-09-26 18:38:38,698][INFO|database.py-upgrade_schema:285] >> 테이블 'admin_users' 생성 중...
[2026-09-26 18:38:38,703][INFO|database.py-upgrade_schema:285] >> 테이블 'api_keys' 생성 중...
[2026-09-26 18:38:38,707][INFO|database.py-upgrade_schema:285] >> 테이블 'mysafety' 생성 중...
[2026-09-26 18:38:38,711][INFO|database.py-upgrade_schema:285] >> 테이블 'mysafety_change_cursor' 생성 중...
[2026-09-26 18:38:38,714][INFO|database.py-upgrade_schema:285] >> 테이블 'mysafety_change_log' 생성 중...
[2026-09-26 18:38:38,716][INFO|database.py-upgrade_schema:285] >> 테이블 'mysafety_duplicate_decision' 생성 중...
[2026-09-26 18:38:38,717][INFO|database.py-upgrade_schema:285] >> 테이블 'mysafety_duplicate_group' 생성 중...
[2026-09-26 18:38:38,722][INFO|database.py-upgrade_schema:285] >> 테이블 'mysafety_duplicate_member' 생성 중...
[2026-09-26 18:38:38,724][INFO|database.py-upgrade_schema:285] >> 테이블 'mysafety_entry_value' 생성 중...
[2026-09-26 18:38:38,726][INFO|database.py-upgrade_schema:285] >> 테이블 'mysafety_geocode_cache' 생성 중...
[2026-09-26 18:38:38,728][INFO|database.py-upgrade_schema:285] >> 테이블 'mysafety_raw_content' 생성 중...
[2026-09-26 18:38:38,733][INFO|database.py-upgrade_schema:285] >> 테이블 'mysafety_report_override' 생성 중...
[2026-09-26 18:38:38,736][INFO|database.py-upgrade_schema:285] >> 테이블 'mysafety_sync_meta' 생성 중...
[2026-09-26 18:38:38,741][INFO|database.py-upgrade_schema:285] >> 테이블 'mysafety_watchlist' 생성 중...
[2026-09-26 18:38:38,744][INFO|database.py-upgrade_schema:285] >> 테이블 'mysafetydetail_other' 생성 중...
[2026-09-26 18:38:38,747][INFO|database.py-upgrade_schema:285] >> 테이블 'mysafetydetail_parking' 생성 중...
[2026-09-26 18:38:38,749][INFO|database.py-upgrade_schema:285] >> 테이블 'mysafetydetail_traffic' 생성 중...
[2026-09-26 18:38:38,756][INFO|database.py-upgrade_schema:285] >> 테이블 'mysafetymerge_other' 생성 중...
[2026-09-26 18:38:38,760][INFO|database.py-upgrade_schema:285] >> 테이블 'mysafetymerge_parking' 생성 중...
[2026-09-26 18:38:38,762][INFO|database.py-upgrade_schema:285] >> 테이블 'mysafetymerge_traffic' 생성 중...
[2026-09-26 18:38:38,770][INFO|database.py-_apply_versioned_migrations:452] >> [schema] DB 스키마 버전 1 적용
[2026-09-26 18:38:38,783][INFO|database.py-_apply_versioned_migrations:452] >> [schema] DB 스키마 버전 2 적용
[2026-09-26 18:38:38,787][INFO|database.py-_apply_versioned_migrations:452] >> [schema] DB 스키마 버전 3 적용
[2026-09-26 18:38:38,811][INFO|database.py-_apply_versioned_migrations:452] >> [schema] DB 스키마 버전 4 적용
[2026-09-26 18:38:38,847][INFO|duplicate_group_service.py-_log_info:53] >> [duplicate] payload exact 중복군 0개, 멤버 0건 재생성
[2026-09-26 18:38:38,905][INFO|database.py-backfill_synced_at:100] >> [migration] mysafetydetail_traffic synced_at 백필: 12건, 미해결 0건
[2026-09-26 18:38:38,912][INFO|database.py-backfill_synced_at:100] >> [migration] mysafetydetail_parking synced_at 백필: 6건, 미해결 0건
[2026-09-26 18:38:38,917][INFO|database.py-backfill_synced_at:100] >> [migration] mysafetydetail_other synced_at 백필: 6건, 미해결 0건
[2026-09-26 18:38:38,919][INFO|database.py-backfill_synced_at:105] >> [migration] synced_at 백필 완료: 총 24건 갱신, merge 재생성 시작
[2026-09-26 18:38:38,940][INFO|database.py-merge_final:736] >> 최종 데이터 병합 완료 (Traffic/Parking/Other 분리)
[2026-09-26 18:38:38,983][INFO|duplicate_group_service.py-_log_info:53] >> [duplicate] payload exact 중복군 1개, 멤버 2건 재생성
[2026-09-26 18:38:38,996][INFO|database.py-merge_final:736] >> 최종 데이터 병합 완료 (Traffic/Parking/Other 분리)
[2026-09-26 18:38:39,029][INFO|duplicate_group_service.py-_log_info:53] >> [duplicate] payload exact 중복군 1개, 멤버 2건 재생성
[2026-09-26 18:38:39,192][ERROR|reports_repo.py-save_crawled:295] >> ID 90000001 저장 실패: boom
[2026-09-26 18:38:39,192][ERROR|reports_repo.py-save_crawled:306] >> 상세 저장 실패 1건: 90000001
.[2026-09-26 18:38:39,208][INFO|database.py-upgrade_schema:285] >> 테이블 'admin_users' 생성 중...
[2026-09-26 18:38:39,219][INFO|database.py-upgrade_schema:285] >> 테이블 'api_keys' 생성 중...
[2026-09-26 18:38:39,224][INFO|database.py-upgrade_schema:285] >> 테이블 'mysafety' 생성 중...
[2026-09-26 18:38:39,226][INFO|database.py-upgrade_schema:285] >> 테이블 'mysafety_change_cursor' 생성 중...
[2026-09-26 18:38:39,236][INFO|database.py-upgrade_schema:285] >> 테이블 'mysafety_change_log' 생성 중...
[2026-09-26 18:38:39,238][INFO|database.py-upgrade_schema:285] >> 테이블 'mysafety_duplicate_decision' 생성 중...
[2026-09-26 18:38:39,240][INFO|database.py-upgrade_schema:285] >> 테이블 'mysafety_duplicate_group' 생성 중...
[2026-09-26 18:38:39,242][INFO|database.py-upgrade_schema:285] >> 테이블 'mysafety_duplicate_member' 생성 중...
[2026-09-26 18:38:39,244][INFO|database.py-upgrade_schema:285] >> 테이블 'mysafety_entry_value' 생성 중...
[2026-09-26 18:38:39,249][INFO|database.py-upgrade_schema:285] >> 테이블 'mysafety_geocode_cache' 생성 중...
[2026-09-26 18:38:39,255][INFO|database.py-upgrade_schema:285] >> 테이블 'mysafety_raw_content' 생성 중...
[2026-09-26 18:38:39,261][INFO|database.py-upgrade_schema:285] >> 테이블 'mysafety_report_override' 생성 중...
[2026-09-26 18:38:39,263][INFO|database.py-upgrade_schema:285] >> 테이블 'mysafety_sync_meta' 생성 중...
[2026-09-26 18:38:39,265][INFO|database.py-upgrade_schema:285] >> 테이블 'mysafety_watchlist' 생성 중...
[2026-09-26 18:38:39,267][INFO|database.py-upgrade_schema:285] >> 테이블 'mysafetydetail_other' 생성 중...
[2026-09-26 18:38:39,270][INFO|database.py-upgrade_schema:285] >> 테이블 'mysafetydetail_parking' 생성 중...
[2026-09-26 18:38:39,273][INFO|database.py-upgrade_schema:285] >> 테이블 'mysafetydetail_traffic' 생성 중...
[2026-09-26 18:38:39,276][INFO|database.py-upgrade_schema:285] >> 테이블 'mysafetymerge_other' 생성 중...
[2026-09-26 18:38:39,283][INFO|database.py-upgrade_schema:285] >> 테이블 'mysafetymerge_parking' 생성 중...
[2026-09-26 18:38:39,285][INFO|database.py-upgrade_schema:285] >> 테이블 'mysafetymerge_traffic' 생성 중...
[2026-09-26 18:38:39,296][INFO|database.py-_apply_versioned_migrations:452] >> [schema] DB 스키마 버전 1 적용
[2026-09-26 18:38:39,308][INFO|database.py-_apply_versioned_migrations:452] >> [schema] DB 스키마 버전 2 적용
[2026-09-26 18:38:39,311][INFO|database.py-_apply_versioned_migrations:452] >> [schema] DB 스키마 버전 3 적용
[2026-09-26 18:38:39,341][INFO|database.py-_apply_versioned_migrations:452] >> [schema] DB 스키마 버전 4 적용
[2026-09-26 18:38:39,374][INFO|duplicate_group_service.py-_log_info:53] >> [duplicate] payload exact 중복군 0개, 멤버 0건 재생성
[2026-09-26 18:38:39,417][INFO|database.py-backfill_synced_at:100] >> [migration] mysafetydetail_traffic synced_at 백필: 12건, 미해결 0건
[2026-09-26 18:38:39,420][INFO|database.py-backfill_synced_at:100] >> [migration] mysafetydetail_parking synced_at 백필: 6건, 미해결 0건
[2026-09-26 18:38:39,424][INFO|database.py-backfill_synced_at:100] >> [migration] mysafetydetail_other synced_at 백필: 6건, 미해결 0건
[2026-09-26 18:38:39,432][INFO|database.py-backfill_synced_at:105] >> [migration] synced_at 백필 완료: 총 24건 갱신, merge 재생성 시작
[2026-09-26 18:38:39,449][INFO|database.py-merge_final:736] >> 최종 데이터 병합 완료 (Traffic/Parking/Other 분리)
[2026-09-26 18:38:39,477][INFO|duplicate_group_service.py-_log_info:53] >> [duplicate] payload exact 중복군 1개, 멤버 2건 재생성
[2026-09-26 18:38:39,485][INFO|database.py-merge_final:736] >> 최종 데이터 병합 완료 (Traffic/Parking/Other 분리)
[2026-09-26 18:38:39,509][INFO|duplicate_group_service.py-_log_info:53] >> [duplicate] payload exact 중복군 1개, 멤버 2건 재생성
[2026-09-26 18:38:39,693][INFO|duplicate_group_service.py-_log_info:53] >> [duplicate] payload exact 중복군 1개, 멤버 2건 재생성
.[2026-09-26 18:38:39,715][INFO|database.py-upgrade_schema:285] >> 테이블 'admin_users' 생성 중...
[2026-09-26 18:38:39,718][INFO|database.py-upgrade_schema:285] >> 테이블 'api_keys' 생성 중...
[2026-09-26 18:38:39,720][INFO|database.py-upgrade_schema:285] >> 테이블 'mysafety' 생성 중...
[2026-09-26 18:38:39,721][INFO|database.py-upgrade_schema:285] >> 테이블 'mysafety_change_cursor' 생성 중...
[2026-09-26 18:38:39,726][INFO|database.py-upgrade_schema:285] >> 테이블 'mysafety_change_log' 생성 중...
[2026-09-26 18:38:39,728][INFO|database.py-upgrade_schema:285] >> 테이블 'mysafety_duplicate_decision' 생성 중...
[2026-09-26 18:38:39,730][INFO|database.py-upgrade_schema:285] >> 테이블 'mysafety_duplicate_group' 생성 중...
[2026-09-26 18:38:39,733][INFO|database.py-upgrade_schema:285] >> 테이블 'mysafety_duplicate_member' 생성 중...
[2026-09-26 18:38:39,735][INFO|database.py-upgrade_schema:285] >> 테이블 'mysafety_entry_value' 생성 중...
[2026-09-26 18:38:39,742][INFO|database.py-upgrade_schema:285] >> 테이블 'mysafety_geocode_cache' 생성 중...
[2026-09-26 18:38:39,745][INFO|database.py-upgrade_schema:285] >> 테이블 'mysafety_raw_content' 생성 중...
[2026-09-26 18:38:39,747][INFO|database.py-upgrade_schema:285] >> 테이블 'mysafety_report_override' 생성 중...
[2026-09-26 18:38:39,748][INFO|database.py-upgrade_schema:285] >> 테이블 'mysafety_sync_meta' 생성 중...
[2026-09-26 18:38:39,749][INFO|database.py-upgrade_schema:285] >> 테이블 'mysafety_watchlist' 생성 중...
[2026-09-26 18:38:39,751][INFO|database.py-upgrade_schema:285] >> 테이블 'mysafetydetail_other' 생성 중...
[2026-09-26 18:38:39,754][INFO|database.py-upgrade_schema:285] >> 테이블 'mysafetydetail_parking' 생성 중...
[2026-09-26 18:38:39,756][INFO|database.py-upgrade_schema:285] >> 테이블 'mysafetydetail_traffic' 생성 중...
[2026-09-26 18:38:39,758][INFO|database.py-upgrade_schema:285] >> 테이블 'mysafetymerge_other' 생성 중...
[2026-09-26 18:38:39,760][INFO|database.py-upgrade_schema:285] >> 테이블 'mysafetymerge_parking' 생성 중...
[2026-09-26 18:38:39,762][INFO|database.py-upgrade_schema:285] >> 테이블 'mysafetymerge_traffic' 생성 중...
[2026-09-26 18:38:39,769][INFO|database.py-_apply_versioned_migrations:452] >> [schema] DB 스키마 버전 1 적용
[2026-09-26 18:38:39,779][INFO|database.py-_apply_versioned_migrations:452] >> [schema] DB 스키마 버전 2 적용
[2026-09-26 18:38:39,781][INFO|database.py-_apply_versioned_migrations:452] >> [schema] DB 스키마 버전 3 적용
[2026-09-26 18:38:39,795][INFO|database.py-_apply_versioned_migrations:452] >> [schema] DB 스키마 버전 4 적용
[2026-09-26 18:38:39,822][INFO|duplicate_group_service.py-_log_info:53] >> [duplicate] payload exact 중복군 0개, 멤버 0건 재생성
[2026-09-26 18:38:39,857][INFO|database.py-backfill_synced_at:100] >> [migration] mysafetydetail_traffic synced_at 백필: 12건, 미해결 0건
[2026-09-26 18:38:39,860][INFO|database.py-backfill_synced_at:100] >> [migration] mysafetydetail_parking synced_at 백필: 6건, 미해결 0건
[2026-09-26 18:38:39,864][INFO|database.py-backfill_synced_at:100] >> [migration] mysafetydetail_other synced_at 백필: 6건, 미해결 0건
[2026-09-26 18:38:39,866][INFO|database.py-backfill_synced_at:105] >> [migration] synced_at 백필 완료: 총 24건 갱신, merge 재생성 시작
[2026-09-26 18:38:39,878][INFO|database.py-merge_final:736] >> 최종 데이터 병합 완료 (Traffic/Parking/Other 분리)
[2026-09-26 18:38:39,911][INFO|duplicate_group_service.py-_log_info:53] >> [duplicate] payload exact 중복군 1개, 멤버 2건 재생성
[2026-09-26 18:38:39,919][INFO|database.py-merge_final:736] >> 최종 데이터 병합 완료 (Traffic/Parking/Other 분리)
[2026-09-26 18:38:39,941][INFO|duplicate_group_service.py-_log_info:53] >> [duplicate] payload exact 중복군 1개, 멤버 2건 재생성
[2026-09-26 18:38:40,124][INFO|duplicate_group_service.py-_log_info:53] >> [duplicate] payload exact 중복군 1개, 멤버 2건 재생성
[2026-09-26 18:38:40,128][INFO|database.py-detail_to_sql:723] >> 총 1건 detail 저장 완료. (변경/신규: 1건, 실패: 0건)
.[2026-09-26 18:38:40,141][INFO|database.py-upgrade_schema:285] >> 테이블 'admin_users' 생성 중...
[2026-09-26 18:38:40,151][INFO|database.py-upgrade_schema:285] >> 테이블 'api_keys' 생성 중...
[2026-09-26 18:38:40,153][INFO|database.py-upgrade_schema:285] >> 테이블 'mysafety' 생성 중...
[2026-09-26 18:38:40,154][INFO|database.py-upgrade_schema:285] >> 테이블 'mysafety_change_cursor' 생성 중...
[2026-09-26 18:38:40,156][INFO|database.py-upgrade_schema:285] >> 테이블 'mysafety_change_log' 생성 중...
[2026-09-26 18:38:40,157][INFO|database.py-upgrade_schema:285] >> 테이블 'mysafety_duplicate_decision' 생성 중...
[2026-09-26 18:38:40,159][INFO|database.py-upgrade_schema:285] >> 테이블 'mysafety_duplicate_group' 생성 중...
[2026-09-26 18:38:40,162][INFO|database.py-upgrade_schema:285] >> 테이블 'mysafety_duplicate_member' 생성 중...
[2026-09-26 18:38:40,164][INFO|database.py-upgrade_schema:285] >> 테이블 'mysafety_entry_value' 생성 중...
[2026-09-26 18:38:40,165][INFO|database.py-upgrade_schema:285] >> 테이블 'mysafety_geocode_cache' 생성 중...
[2026-09-26 18:38:40,167][INFO|database.py-upgrade_schema:285] >> 테이블 'mysafety_raw_content' 생성 중...
[2026-09-26 18:38:40,170][INFO|database.py-upgrade_schema:285] >> 테이블 'mysafety_report_override' 생성 중...
[2026-09-26 18:38:40,175][INFO|database.py-upgrade_schema:285] >> 테이블 'mysafety_sync_meta' 생성 중...
[2026-09-26 18:38:40,178][INFO|database.py-upgrade_schema:285] >> 테이블 'mysafety_watchlist' 생성 중...
[2026-09-26 18:38:40,183][INFO|database.py-upgrade_schema:285] >> 테이블 'mysafetydetail_other' 생성 중...
[2026-09-26 18:38:40,187][INFO|database.py-upgrade_schema:285] >> 테이블 'mysafetydetail_parking' 생성 중...
[2026-09-26 18:38:40,190][INFO|database.py-upgrade_schema:285] >> 테이블 'mysafetydetail_traffic' 생성 중...
[2026-09-26 18:38:40,192][INFO|database.py-upgrade_schema:285] >> 테이블 'mysafetymerge_other' 생성 중...
[2026-09-26 18:38:40,194][INFO|database.py-upgrade_schema:285] >> 테이블 'mysafetymerge_parking' 생성 중...
[2026-09-26 18:38:40,200][INFO|database.py-upgrade_schema:285] >> 테이블 'mysafetymerge_traffic' 생성 중...
[2026-09-26 18:38:40,212][INFO|database.py-_apply_versioned_migrations:452] >> [schema] DB 스키마 버전 1 적용
[2026-09-26 18:38:40,217][INFO|database.py-_apply_versioned_migrations:452] >> [schema] DB 스키마 버전 2 적용
[2026-09-26 18:38:40,219][INFO|database.py-_apply_versioned_migrations:452] >> [schema] DB 스키마 버전 3 적용
[2026-09-26 18:38:40,238][INFO|database.py-_apply_versioned_migrations:452] >> [schema] DB 스키마 버전 4 적용
[2026-09-26 18:38:40,271][INFO|duplicate_group_service.py-_log_info:53] >> [duplicate] payload exact 중복군 0개, 멤버 0건 재생성
[2026-09-26 18:38:40,319][INFO|database.py-backfill_synced_at:100] >> [migration] mysafetydetail_traffic synced_at 백필: 12건, 미해결 0건
[2026-09-26 18:38:40,323][INFO|database.py-backfill_synced_at:100] >> [migration] mysafetydetail_parking synced_at 백필: 6건, 미해결 0건
[2026-09-26 18:38:40,326][INFO|database.py-backfill_synced_at:100] >> [migration] mysafetydetail_other synced_at 백필: 6건, 미해결 0건
[2026-09-26 18:38:40,327][INFO|database.py-backfill_synced_at:105] >> [migration] synced_at 백필 완료: 총 24건 갱신, merge 재생성 시작
[2026-09-26 18:38:40,347][INFO|database.py-merge_final:736] >> 최종 데이터 병합 완료 (Traffic/Parking/Other 분리)
[2026-09-26 18:38:40,381][INFO|duplicate_group_service.py-_log_info:53] >> [duplicate] payload exact 중복군 1개, 멤버 2건 재생성
[2026-09-26 18:38:40,391][INFO|database.py-merge_final:736] >> 최종 데이터 병합 완료 (Traffic/Parking/Other 분리)
[2026-09-26 18:38:40,421][INFO|duplicate_group_service.py-_log_info:53] >> [duplicate] payload exact 중복군 1개, 멤버 2건 재생성
[2026-09-26 18:38:40,573][INFO|geocode_service.py-prepare_geo_payload:590] >> [geocode] 설정 누락으로 지오코딩 보류: 카카오 REST API 키가 비어 있습니다.
[2026-09-26 18:38:40,626][INFO|duplicate_group_service.py-_log_info:53] >> [duplicate] payload exact 중복군 1개, 멤버 2건 재생성
.[2026-09-26 18:38:40,649][INFO|database.py-upgrade_schema:285] >> 테이블 'admin_users' 생성 중...
[2026-09-26 18:38:40,654][INFO|database.py-upgrade_schema:285] >> 테이블 'api_keys' 생성 중...
[2026-09-26 18:38:40,657][INFO|database.py-upgrade_schema:285] >> 테이블 'mysafety' 생성 중...
[2026-09-26 18:38:40,660][INFO|database.py-upgrade_schema:285] >> 테이블 'mysafety_change_cursor' 생성 중...
[2026-09-26 18:38:40,663][INFO|database.py-upgrade_schema:285] >> 테이블 'mysafety_change_log' 생성 중...
[2026-09-26 18:38:40,668][INFO|database.py-upgrade_schema:285] >> 테이블 'mysafety_duplicate_decision' 생성 중...
[2026-09-26 18:38:40,672][INFO|database.py-upgrade_schema:285] >> 테이블 'mysafety_duplicate_group' 생성 중...
[2026-09-26 18:38:40,677][INFO|database.py-upgrade_schema:285] >> 테이블 'mysafety_duplicate_member' 생성 중...
[2026-09-26 18:38:40,681][INFO|database.py-upgrade_schema:285] >> 테이블 'mysafety_entry_value' 생성 중...
[2026-09-26 18:38:40,684][INFO|database.py-upgrade_schema:285] >> 테이블 'mysafety_geocode_cache' 생성 중...
[2026-09-26 18:38:40,686][INFO|database.py-upgrade_schema:285] >> 테이블 'mysafety_raw_content' 생성 중...
[2026-09-26 18:38:40,689][INFO|database.py-upgrade_schema:285] >> 테이블 'mysafety_report_override' 생성 중...
[2026-09-26 18:38:40,691][INFO|database.py-upgrade_schema:285] >> 테이블 'mysafety_sync_meta' 생성 중...
[2026-09-26 18:38:40,693][INFO|database.py-upgrade_schema:285] >> 테이블 'mysafety_watchlist' 생성 중...
[2026-09-26 18:38:40,695][INFO|database.py-upgrade_schema:285] >> 테이블 'mysafetydetail_other' 생성 중...
[2026-09-26 18:38:40,700][INFO|database.py-upgrade_schema:285] >> 테이블 'mysafetydetail_parking' 생성 중...
[2026-09-26 18:38:40,704][INFO|database.py-upgrade_schema:285] >> 테이블 'mysafetydetail_traffic' 생성 중...
[2026-09-26 18:38:40,707][INFO|database.py-upgrade_schema:285] >> 테이블 'mysafetymerge_other' 생성 중...
[2026-09-26 18:38:40,710][INFO|database.py-upgrade_schema:285] >> 테이블 'mysafetymerge_parking' 생성 중...
[2026-09-26 18:38:40,715][INFO|database.py-upgrade_schema:285] >> 테이블 'mysafetymerge_traffic' 생성 중...
[2026-09-26 18:38:40,721][INFO|database.py-_apply_versioned_migrations:452] >> [schema] DB 스키마 버전 1 적용
[2026-09-26 18:38:40,728][INFO|database.py-_apply_versioned_migrations:452] >> [schema] DB 스키마 버전 2 적용
[2026-09-26 18:38:40,730][INFO|database.py-_apply_versioned_migrations:452] >> [schema] DB 스키마 버전 3 적용
[2026-09-26 18:38:40,749][INFO|database.py-_apply_versioned_migrations:452] >> [schema] DB 스키마 버전 4 적용
[2026-09-26 18:38:40,782][INFO|duplicate_group_service.py-_log_info:53] >> [duplicate] payload exact 중복군 0개, 멤버 0건 재생성
[2026-09-26 18:38:40,823][INFO|database.py-backfill_synced_at:100] >> [migration] mysafetydetail_traffic synced_at 백필: 12건, 미해결 0건
[2026-09-26 18:38:40,826][INFO|database.py-backfill_synced_at:100] >> [migration] mysafetydetail_parking synced_at 백필: 6건, 미해결 0건
[2026-09-26 18:38:40,829][INFO|database.py-backfill_synced_at:100] >> [migration] mysafetydetail_other synced_at 백필: 6건, 미해결 0건
[2026-09-26 18:38:40,835][INFO|database.py-backfill_synced_at:105] >> [migration] synced_at 백필 완료: 총 24건 갱신, merge 재생성 시작
[2026-09-26 18:38:40,878][INFO|database.py-merge_final:736] >> 최종 데이터 병합 완료 (Traffic/Parking/Other 분리)
[2026-09-26 18:38:40,910][INFO|duplicate_group_service.py-_log_info:53] >> [duplicate] payload exact 중복군 1개, 멤버 2건 재생성
[2026-09-26 18:38:40,921][INFO|database.py-merge_final:736] >> 최종 데이터 병합 완료 (Traffic/Parking/Other 분리)
[2026-09-26 18:38:40,949][INFO|duplicate_group_service.py-_log_info:53] >> [duplicate] payload exact 중복군 1개, 멤버 2건 재생성
.[2026-09-26 18:38:41,099][INFO|database.py-upgrade_schema:285] >> 테이블 'admin_users' 생성 중...
[2026-09-26 18:38:41,102][INFO|database.py-upgrade_schema:285] >> 테이블 'api_keys' 생성 중...
[2026-09-26 18:38:41,106][INFO|database.py-upgrade_schema:285] >> 테이블 'mysafety' 생성 중...
[2026-09-26 18:38:41,108][INFO|database.py-upgrade_schema:285] >> 테이블 'mysafety_change_cursor' 생성 중...
[2026-09-26 18:38:41,111][INFO|database.py-upgrade_schema:285] >> 테이블 'mysafety_change_log' 생성 중...
[2026-09-26 18:38:41,112][INFO|database.py-upgrade_schema:285] >> 테이블 'mysafety_duplicate_decision' 생성 중...
[2026-09-26 18:38:41,114][INFO|database.py-upgrade_schema:285] >> 테이블 'mysafety_duplicate_group' 생성 중...
[2026-09-26 18:38:41,116][INFO|database.py-upgrade_schema:285] >> 테이블 'mysafety_duplicate_member' 생성 중...
[2026-09-26 18:38:41,118][INFO|database.py-upgrade_schema:285] >> 테이블 'mysafety_entry_value' 생성 중...
[2026-09-26 18:38:41,119][INFO|database.py-upgrade_schema:285] >> 테이블 'mysafety_geocode_cache' 생성 중...
[2026-09-26 18:38:41,121][INFO|database.py-upgrade_schema:285] >> 테이블 'mysafety_raw_content' 생성 중...
[2026-09-26 18:38:41,122][INFO|database.py-upgrade_schema:285] >> 테이블 'mysafety_report_override' 생성 중...
[2026-09-26 18:38:41,124][INFO|database.py-upgrade_schema:285] >> 테이블 'mysafety_sync_meta' 생성 중...
[2026-09-26 18:38:41,125][INFO|database.py-upgrade_schema:285] >> 테이블 'mysafety_watchlist' 생성 중...
[2026-09-26 18:38:41,127][INFO|database.py-upgrade_schema:285] >> 테이블 'mysafetydetail_other' 생성 중...
[2026-09-26 18:38:41,129][INFO|database.py-upgrade_schema:285] >> 테이블 'mysafetydetail_parking' 생성 중...
[2026-09-26 18:38:41,131][INFO|database.py-upgrade_schema:285] >> 테이블 'mysafetydetail_traffic' 생성 중...
[2026-09-26 18:38:41,134][INFO|database.py-upgrade_schema:285] >> 테이블 'mysafetymerge_other' 생성 중...
[2026-09-26 18:38:41,136][INFO|database.py-upgrade_schema:285] >> 테이블 'mysafetymerge_parking' 생성 중...
[2026-09-26 18:38:41,138][INFO|database.py-upgrade_schema:285] >> 테이블 'mysafetymerge_traffic' 생성 중...
[2026-09-26 18:38:41,142][INFO|database.py-_apply_versioned_migrations:452] >> [schema] DB 스키마 버전 1 적용
[2026-09-26 18:38:41,148][INFO|database.py-_apply_versioned_migrations:452] >> [schema] DB 스키마 버전 2 적용
[2026-09-26 18:38:41,150][INFO|database.py-_apply_versioned_migrations:452] >> [schema] DB 스키마 버전 3 적용
[2026-09-26 18:38:41,172][INFO|database.py-_apply_versioned_migrations:452] >> [schema] DB 스키마 버전 4 적용
[2026-09-26 18:38:41,210][INFO|duplicate_group_service.py-_log_info:53] >> [duplicate] payload exact 중복군 0개, 멤버 0건 재생성
[2026-09-26 18:38:41,257][INFO|database.py-backfill_synced_at:100] >> [migration] mysafetydetail_traffic synced_at 백필: 12건, 미해결 0건
[2026-09-26 18:38:41,260][INFO|database.py-backfill_synced_at:100] >> [migration] mysafetydetail_parking synced_at 백필: 6건, 미해결 0건
[2026-09-26 18:38:41,263][INFO|database.py-backfill_synced_at:100] >> [migration] mysafetydetail_other synced_at 백필: 6건, 미해결 0건
[2026-09-26 18:38:41,265][INFO|database.py-backfill_synced_at:105] >> [migration] synced_at 백필 완료: 총 24건 갱신, merge 재생성 시작
[2026-09-26 18:38:41,283][INFO|database.py-merge_final:736] >> 최종 데이터 병합 완료 (Traffic/Parking/Other 분리)
[2026-09-26 18:38:41,307][INFO|duplicate_group_service.py-_log_info:53] >> [duplicate] payload exact 중복군 1개, 멤버 2건 재생성
[2026-09-26 18:38:41,323][INFO|database.py-merge_final:736] >> 최종 데이터 병합 완료 (Traffic/Parking/Other 분리)
[2026-09-26 18:38:41,345][INFO|duplicate_group_service.py-_log_info:53] >> [duplicate] payload exact 중복군 1개, 멤버 2건 재생성
.[2026-09-26 18:38:41,532][INFO|database.py-upgrade_schema:285] >> 테이블 'admin_users' 생성 중...
[2026-09-26 18:38:41,540][INFO|database.py-upgrade_schema:285] >> 테이블 'api_keys' 생성 중...
[2026-09-26 18:38:41,542][INFO|database.py-upgrade_schema:285] >> 테이블 'mysafety' 생성 중...
[2026-09-26 18:38:41,546][INFO|database.py-upgrade_schema:285] >> 테이블 'mysafety_change_cursor' 생성 중...
[2026-09-26 18:38:41,549][INFO|database.py-upgrade_schema:285] >> 테이블 'mysafety_change_log' 생성 중...
[2026-09-26 18:38:41,554][INFO|database.py-upgrade_schema:285] >> 테이블 'mysafety_duplicate_decision' 생성 중...
[2026-09-26 18:38:41,556][INFO|database.py-upgrade_schema:285] >> 테이블 'mysafety_duplicate_group' 생성 중...
[2026-09-26 18:38:41,558][INFO|database.py-upgrade_schema:285] >> 테이블 'mysafety_duplicate_member' 생성 중...
[2026-09-26 18:38:41,559][INFO|database.py-upgrade_schema:285] >> 테이블 'mysafety_entry_value' 생성 중...
[2026-09-26 18:38:41,561][INFO|database.py-upgrade_schema:285] >> 테이블 'mysafety_geocode_cache' 생성 중...
[2026-09-26 18:38:41,562][INFO|database.py-upgrade_schema:285] >> 테이블 'mysafety_raw_content' 생성 중...
[2026-09-26 18:38:41,564][INFO|database.py-upgrade_schema:285] >> 테이블 'mysafety_report_override' 생성 중...
[2026-09-26 18:38:41,566][INFO|database.py-upgrade_schema:285] >> 테이블 'mysafety_sync_meta' 생성 중...
[2026-09-26 18:38:41,570][INFO|database.py-upgrade_schema:285] >> 테이블 'mysafety_watchlist' 생성 중...
[2026-09-26 18:38:41,572][INFO|database.py-upgrade_schema:285] >> 테이블 'mysafetydetail_other' 생성 중...
[2026-09-26 18:38:41,579][INFO|database.py-upgrade_schema:285] >> 테이블 'mysafetydetail_parking' 생성 중...
[2026-09-26 18:38:41,584][INFO|database.py-upgrade_schema:285] >> 테이블 'mysafetydetail_traffic' 생성 중...
[2026-09-26 18:38:41,587][INFO|database.py-upgrade_schema:285] >> 테이블 'mysafetymerge_other' 생성 중...
[2026-09-26 18:38:41,589][INFO|database.py-upgrade_schema:285] >> 테이블 'mysafetymerge_parking' 생성 중...
[2026-09-26 18:38:41,591][INFO|database.py-upgrade_schema:285] >> 테이블 'mysafetymerge_traffic' 생성 중...
[2026-09-26 18:38:41,595][INFO|database.py-_apply_versioned_migrations:452] >> [schema] DB 스키마 버전 1 적용
[2026-09-26 18:38:41,603][INFO|database.py-_apply_versioned_migrations:452] >> [schema] DB 스키마 버전 2 적용
[2026-09-26 18:38:41,608][INFO|database.py-_apply_versioned_migrations:452] >> [schema] DB 스키마 버전 3 적용
[2026-09-26 18:38:41,638][INFO|database.py-_apply_versioned_migrations:452] >> [schema] DB 스키마 버전 4 적용
[2026-09-26 18:38:41,672][INFO|duplicate_group_service.py-_log_info:53] >> [duplicate] payload exact 중복군 0개, 멤버 0건 재생성
[2026-09-26 18:38:41,720][INFO|database.py-backfill_synced_at:100] >> [migration] mysafetydetail_traffic synced_at 백필: 12건, 미해결 0건
[2026-09-26 18:38:41,724][INFO|database.py-backfill_synced_at:100] >> [migration] mysafetydetail_parking synced_at 백필: 6건, 미해결 0건
[2026-09-26 18:38:41,729][INFO|database.py-backfill_synced_at:100] >> [migration] mysafetydetail_other synced_at 백필: 6건, 미해결 0건
[2026-09-26 18:38:41,731][INFO|database.py-backfill_synced_at:105] >> [migration] synced_at 백필 완료: 총 24건 갱신, merge 재생성 시작
[2026-09-26 18:38:41,746][INFO|database.py-merge_final:736] >> 최종 데이터 병합 완료 (Traffic/Parking/Other 분리)
[2026-09-26 18:38:41,771][INFO|duplicate_group_service.py-_log_info:53] >> [duplicate] payload exact 중복군 1개, 멤버 2건 재생성
[2026-09-26 18:38:41,783][INFO|database.py-merge_final:736] >> 최종 데이터 병합 완료 (Traffic/Parking/Other 분리)
[2026-09-26 18:38:41,838][INFO|duplicate_group_service.py-_log_info:53] >> [duplicate] payload exact 중복군 1개, 멤버 2건 재생성
[2026-09-26 18:38:42,068][ERROR|start.py-_save_details_as_they_arrive:505] >> 상세 크롤링이 중간에 멈췄습니다(2건까지 저장됨): 네트워크 끊김
[2026-09-26 18:38:42,069][INFO|start.py-_save_details_as_they_arrive:506] >> 상세 저장 2건 (변경/신규 2건, 실패 0건)
.[2026-09-26 18:38:42,085][INFO|database.py-upgrade_schema:285] >> 테이블 'admin_users' 생성 중...
[2026-09-26 18:38:42,093][INFO|database.py-upgrade_schema:285] >> 테이블 'api_keys' 생성 중...
[2026-09-26 18:38:42,094][INFO|database.py-upgrade_schema:285] >> 테이블 'mysafety' 생성 중...
[2026-09-26 18:38:42,100][INFO|database.py-upgrade_schema:285] >> 테이블 'mysafety_change_cursor' 생성 중...
[2026-09-26 18:38:42,102][INFO|database.py-upgrade_schema:285] >> 테이블 'mysafety_change_log' 생성 중...
[2026-09-26 18:38:42,104][INFO|database.py-upgrade_schema:285] >> 테이블 'mysafety_duplicate_decision' 생성 중...
[2026-09-26 18:38:42,106][INFO|database.py-upgrade_schema:285] >> 테이블 'mysafety_duplicate_group' 생성 중...
[2026-09-26 18:38:42,109][INFO|database.py-upgrade_schema:285] >> 테이블 'mysafety_duplicate_member' 생성 중...
[2026-09-26 18:38:42,111][INFO|database.py-upgrade_schema:285] >> 테이블 'mysafety_entry_value' 생성 중...
[2026-09-26 18:38:42,112][INFO|database.py-upgrade_schema:285] >> 테이블 'mysafety_geocode_cache' 생성 중...
[2026-09-26 18:38:42,114][INFO|database.py-upgrade_schema:285] >> 테이블 'mysafety_raw_content' 생성 중...
[2026-09-26 18:38:42,117][INFO|database.py-upgrade_schema:285] >> 테이블 'mysafety_report_override' 생성 중...
[2026-09-26 18:38:42,119][INFO|database.py-upgrade_schema:285] >> 테이블 'mysafety_sync_meta' 생성 중...
[2026-09-26 18:38:42,121][INFO|database.py-upgrade_schema:285] >> 테이블 'mysafety_watchlist' 생성 중...
[2026-09-26 18:38:42,126][INFO|database.py-upgrade_schema:285] >> 테이블 'mysafetydetail_other' 생성 중...
[2026-09-26 18:38:42,129][INFO|database.py-upgrade_schema:285] >> 테이블 'mysafetydetail_parking' 생성 중...
[2026-09-26 18:38:42,134][INFO|database.py-upgrade_schema:285] >> 테이블 'mysafetydetail_traffic' 생성 중...
[2026-09-26 18:38:42,139][INFO|database.py-upgrade_schema:285] >> 테이블 'mysafetymerge_other' 생성 중...
[2026-09-26 18:38:42,143][INFO|database.py-upgrade_schema:285] >> 테이블 'mysafetymerge_parking' 생성 중...
[2026-09-26 18:38:42,146][INFO|database.py-upgrade_schema:285] >> 테이블 'mysafetymerge_traffic' 생성 중...
[2026-09-26 18:38:42,150][INFO|database.py-_apply_versioned_migrations:452] >> [schema] DB 스키마 버전 1 적용
[2026-09-26 18:38:42,157][INFO|database.py-_apply_versioned_migrations:452] >> [schema] DB 스키마 버전 2 적용
[2026-09-26 18:38:42,159][INFO|database.py-_apply_versioned_migrations:452] >> [schema] DB 스키마 버전 3 적용
[2026-09-26 18:38:42,188][INFO|database.py-_apply_versioned_migrations:452] >> [schema] DB 스키마 버전 4 적용
[2026-09-26 18:38:42,215][INFO|duplicate_group_service.py-_log_info:53] >> [duplicate] payload exact 중복군 0개, 멤버 0건 재생성
[2026-09-26 18:38:42,253][INFO|database.py-backfill_synced_at:100] >> [migration] mysafetydetail_traffic synced_at 백필: 12건, 미해결 0건
[2026-09-26 18:38:42,256][INFO|database.py-backfill_synced_at:100] >> [migration] mysafetydetail_parking synced_at 백필: 6건, 미해결 0건
[2026-09-26 18:38:42,260][INFO|database.py-backfill_synced_at:100] >> [migration] mysafetydetail_other synced_at 백필: 6건, 미해결 0건
[2026-09-26 18:38:42,262][INFO|database.py-backfill_synced_at:105] >> [migration] synced_at 백필 완료: 총 24건 갱신, merge 재생성 시작
[2026-09-26 18:38:42,274][INFO|database.py-merge_final:736] >> 최종 데이터 병합 완료 (Traffic/Parking/Other 분리)
[2026-09-26 18:38:42,298][INFO|duplicate_group_service.py-_log_info:53] >> [duplicate] payload exact 중복군 1개, 멤버 2건 재생성
[2026-09-26 18:38:42,306][INFO|database.py-merge_final:736] >> 최종 데이터 병합 완료 (Traffic/Parking/Other 분리)
[2026-09-26 18:38:42,336][INFO|duplicate_group_service.py-_log_info:53] >> [duplicate] payload exact 중복군 1개, 멤버 2건 재생성
[2026-09-26 18:38:42,489][INFO|database.py-merge_final:736] >> 최종 데이터 병합 완료 (Traffic/Parking/Other 분리)
[2026-09-26 18:38:42,519][INFO|duplicate_group_service.py-_log_info:53] >> [duplicate] payload exact 중복군 1개, 멤버 2건 재생성
[2026-09-26 18:38:42,529][INFO|geocode_service.py-prepare_geo_payload:590] >> [geocode] 설정 누락으로 지오코딩 보류: 카카오 REST API 키가 비어 있습니다.
[2026-09-26 18:38:42,583][INFO|duplicate_group_service.py-_log_info:53] >> [duplicate] payload exact 중복군 1개, 멤버 2건 재생성
.
----------------------------------------------------------------------
Ran 401 tests in 102.705s

OK (skipped=4)
# end: 2026-09-26T18:38:43+09:00
# exit: 0
