# cmd: flutter pub get >/dev/null 2>&1; timeout 1500 flutter test --no-pub
# cwd: /home/better0101/projects/worktree/ci-20260926/safetyreport-mobile/audit
# candidate: 90810843 (HEAD)
# dirty: 0 tracked changes
# start: 2026-09-26T20:49:16+09:00
00:00 +0: loading /home/better0101/projects/worktree/ci-20260926/safetyreport-mobile/audit/test/theme/theme_contrast_test.dart
00:00 +0: /home/better0101/projects/worktree/ci-20260926/safetyreport-mobile/audit/test/theme/theme_contrast_test.dart: contrastRatio 는 반투명 전경을 배경에 합성해 계산한다
00:00 +1: /home/better0101/projects/worktree/ci-20260926/safetyreport-mobile/audit/test/theme/theme_contrast_test.dart: dark 테마 본문/보조 글자는 배경과 카드 위에서 AA
00:00 +2: /home/better0101/projects/worktree/ci-20260926/safetyreport-mobile/audit/test/theme/theme_contrast_test.dart: dark 테마 컨테이너 색(토널 버튼·오류 박스) 글자 AA
00:00 +3: /home/better0101/projects/worktree/ci-20260926/safetyreport-mobile/audit/test/theme/theme_contrast_test.dart: dark 테마 SnackBar 성공/실패 배경 위 흰 글자 AA
00:00 +4: /home/better0101/projects/worktree/ci-20260926/safetyreport-mobile/audit/test/theme/theme_contrast_test.dart: dark 테마 primary 글자·채움 버튼 대비
00:00 +5: /home/better0101/projects/worktree/ci-20260926/safetyreport-mobile/audit/test/theme/theme_contrast_test.dart: dark 테마 상태 배지 보완요청: 틴트 배경 위 글자 AA
00:00 +6: /home/better0101/projects/worktree/ci-20260926/safetyreport-mobile/audit/test/theme/theme_contrast_test.dart: dark 테마 상태 배지 처리중: 틴트 배경 위 글자 AA
00:00 +7: /home/better0101/projects/worktree/ci-20260926/safetyreport-mobile/audit/test/theme/theme_contrast_test.dart: dark 테마 상태 배지 답변완료: 틴트 배경 위 글자 AA
00:00 +8: /home/better0101/projects/worktree/ci-20260926/safetyreport-mobile/audit/test/theme/theme_contrast_test.dart: dark 테마 상태 배지 불수용/기타: 틴트 배경 위 글자 AA
00:00 +9: /home/better0101/projects/worktree/ci-20260926/safetyreport-mobile/audit/test/theme/theme_contrast_test.dart: dark 테마 상태 배지 수용: 틴트 배경 위 글자 AA
00:00 +10: /home/better0101/projects/worktree/ci-20260926/safetyreport-mobile/audit/test/theme/theme_contrast_test.dart: dark 테마 상태 배지 일부수용: 틴트 배경 위 글자 AA
00:00 +11: /home/better0101/projects/worktree/ci-20260926/safetyreport-mobile/audit/test/theme/theme_contrast_test.dart: dark 테마 상태 배지 취하: 틴트 배경 위 글자 AA
00:00 +12: /home/better0101/projects/worktree/ci-20260926/safetyreport-mobile/audit/test/theme/theme_contrast_test.dart: dark 테마 상태 배지 과태료: 틴트 배경 위 글자 AA
00:00 +13: /home/better0101/projects/worktree/ci-20260926/safetyreport-mobile/audit/test/theme/theme_contrast_test.dart: dark 테마 상태 배지 경고/범칙금: 틴트 배경 위 글자 AA
00:00 +14: /home/better0101/projects/worktree/ci-20260926/safetyreport-mobile/audit/test/theme/theme_contrast_test.dart: dark 테마 상태 배지 미확인: 틴트 배경 위 글자 AA
00:00 +15: /home/better0101/projects/worktree/ci-20260926/safetyreport-mobile/audit/test/theme/theme_contrast_test.dart: dark 테마 모드 배지(Client/Standalone) 글자 AA
00:00 +16: /home/better0101/projects/worktree/ci-20260926/safetyreport-mobile/audit/test/theme/theme_contrast_test.dart: light 테마 본문/보조 글자는 배경과 카드 위에서 AA
00:00 +17: /home/better0101/projects/worktree/ci-20260926/safetyreport-mobile/audit/test/theme/theme_contrast_test.dart: light 테마 컨테이너 색(토널 버튼·오류 박스) 글자 AA
00:00 +18: /home/better0101/projects/worktree/ci-20260926/safetyreport-mobile/audit/test/theme/theme_contrast_test.dart: light 테마 SnackBar 성공/실패 배경 위 흰 글자 AA
00:00 +19: /home/better0101/projects/worktree/ci-20260926/safetyreport-mobile/audit/test/theme/theme_contrast_test.dart: light 테마 primary 글자·채움 버튼 대비
00:00 +20: /home/better0101/projects/worktree/ci-20260926/safetyreport-mobile/audit/test/theme/theme_contrast_test.dart: light 테마 상태 배지 보완요청: 틴트 배경 위 글자 AA
00:00 +21: /home/better0101/projects/worktree/ci-20260926/safetyreport-mobile/audit/test/theme/theme_contrast_test.dart: light 테마 상태 배지 처리중: 틴트 배경 위 글자 AA
00:00 +22: /home/better0101/projects/worktree/ci-20260926/safetyreport-mobile/audit/test/theme/theme_contrast_test.dart: light 테마 상태 배지 답변완료: 틴트 배경 위 글자 AA
00:00 +23: /home/better0101/projects/worktree/ci-20260926/safetyreport-mobile/audit/test/theme/dark_palette_contract_test.dart: SrColors.dark and AppTheme dark roles use the shared palette
00:00 +24: /home/better0101/projects/worktree/ci-20260926/safetyreport-mobile/audit/test/theme/dark_palette_contract_test.dart: SrColors.dark and AppTheme dark roles use the shared palette
00:00 +25: /home/better0101/projects/worktree/ci-20260926/safetyreport-mobile/audit/test/theme/dark_palette_contract_test.dart: SrColors.dark and AppTheme dark roles use the shared palette
00:00 +26: /home/better0101/projects/worktree/ci-20260926/safetyreport-mobile/audit/test/theme/dark_palette_contract_test.dart: SrColors.dark and AppTheme dark roles use the shared palette
00:00 +27: /home/better0101/projects/worktree/ci-20260926/safetyreport-mobile/audit/test/theme/dark_palette_contract_test.dart: SrColors.dark and AppTheme dark roles use the shared palette
00:00 +28: /home/better0101/projects/worktree/ci-20260926/safetyreport-mobile/audit/test/theme/dark_palette_contract_test.dart: SrColors.dark and AppTheme dark roles use the shared palette
00:00 +29: /home/better0101/projects/worktree/ci-20260926/safetyreport-mobile/audit/test/theme/dark_palette_contract_test.dart: SrColors.dark and AppTheme dark roles use the shared palette
00:00 +30: /home/better0101/projects/worktree/ci-20260926/safetyreport-mobile/audit/test/theme/dark_palette_contract_test.dart: SrColors.dark and AppTheme dark roles use the shared palette
00:00 +31: /home/better0101/projects/worktree/ci-20260926/safetyreport-mobile/audit/test/theme/dark_palette_contract_test.dart: SrColors.dark and AppTheme dark roles use the shared palette
00:00 +32: /home/better0101/projects/worktree/ci-20260926/safetyreport-mobile/audit/test/tool/logic_parity_harness_test.dart: compute stats on an imported mobile db (parity harness)
  Skip: logic parity harness: SR_LP_MOBILE_DB 가 있을 때만 실행
00:00 +32 ~1: /home/better0101/projects/worktree/ci-20260926/safetyreport-mobile/audit/test/tool/db_roundtrip_harness_test.dart: server db -> mobile import (roundtrip harness)
  Skip: roundtrip harness: SR_RT_MODE=import 일 때만 실행
00:01 +32 ~2: /home/better0101/projects/worktree/ci-20260926/safetyreport-mobile/audit/test/widgets/community_rebuild_screen_test.dart: (setUpAll)
00:02 +32 ~2: /home/better0101/projects/worktree/ci-20260926/safetyreport-mobile/audit/test/widgets/community_rebuild_screen_test.dart: guide, confirm, progress and done
00:03 +33 ~2: /home/better0101/projects/worktree/ci-20260926/safetyreport-mobile/audit/test/widgets/community_onboarding_flow_test.dart: F02: consent checkbox defaults to unchecked; [필수] tags present
00:03 +34 ~2: /home/better0101/projects/worktree/ci-20260926/safetyreport-mobile/audit/test/widgets/community_rebuild_screen_test.dart: client mode shows server wording
00:03 +35 ~2: /home/better0101/projects/worktree/ci-20260926/safetyreport-mobile/audit/test/widgets/community_onboarding_flow_test.dart: F03: kakao success alone saves zero consent
00:03 +36 ~2: /home/better0101/projects/worktree/ci-20260926/safetyreport-mobile/audit/test/widgets/community_onboarding_flow_test.dart: F04: consent failure keeps incomplete with error
00:03 +37 ~2: /home/better0101/projects/worktree/ci-20260926/safetyreport-mobile/audit/test/widgets/community_onboarding_flow_test.dart: consent success enables next; next re-verifies server
00:04 +38 ~2: /home/better0101/projects/worktree/ci-20260926/safetyreport-mobile/audit/test/widgets/community_onboarding_flow_test.dart: F07: OAuth callback drain works with no native handler (gate irrelevant)
00:04 +39 ~2: /home/better0101/projects/worktree/ci-20260926/safetyreport-mobile/audit/test/widgets/community_onboarding_flow_test.dart: F01: no skip/later actions in onboarding source
00:09 +40 ~2: /home/better0101/projects/worktree/ci-20260926/safetyreport-mobile/audit/test/widgets/selection_back_scope_test.dart: 루트 화면: 선택 중 뒤로가기는 앱 종료 대신 선택만 취소한다
00:10 +41 ~2: /home/better0101/projects/worktree/ci-20260926/safetyreport-mobile/audit/test/widgets/duplicate_editor_radio_test.dart: picking a representative switches the mode dropdown to manual
00:10 +42 ~2: /home/better0101/projects/worktree/ci-20260926/safetyreport-mobile/audit/test/widgets/duplicate_editor_radio_test.dart: picking a representative switches the mode dropdown to manual
00:10 +43 ~2: /home/better0101/projects/worktree/ci-20260926/safetyreport-mobile/audit/test/widgets/duplicate_editor_radio_test.dart: picking a representative switches the mode dropdown to manual
00:11 +44 ~2: /home/better0101/projects/worktree/ci-20260926/safetyreport-mobile/audit/test/widgets/duplicate_editor_radio_test.dart: picking a representative switches the mode dropdown to manual
00:11 +45 ~2: /home/better0101/projects/worktree/ci-20260926/safetyreport-mobile/audit/test/widgets/duplicate_editor_radio_test.dart: picking a representative switches the mode dropdown to manual
00:11 +46 ~2: /home/better0101/projects/worktree/ci-20260926/safetyreport-mobile/audit/test/widgets/duplicate_editor_radio_test.dart: picking a representative switches the mode dropdown to manual
00:12 +47 ~2: /home/better0101/projects/worktree/ci-20260926/safetyreport-mobile/audit/test/widgets/duplicate_editor_radio_test.dart: picking a representative switches the mode dropdown to manual
00:12 +48 ~2: /home/better0101/projects/worktree/ci-20260926/safetyreport-mobile/audit/test/widgets/duplicate_editor_radio_test.dart: picking a representative switches the mode dropdown to manual
00:12 +49 ~2: /home/better0101/projects/worktree/ci-20260926/safetyreport-mobile/audit/test/widgets/duplicate_editor_radio_test.dart: picking a representative switches the mode dropdown to manual
00:12 +50 ~2: /home/better0101/projects/worktree/ci-20260926/safetyreport-mobile/audit/test/widgets/duplicate_editor_radio_test.dart: picking a representative switches the mode dropdown to manual
00:12 +51 ~2: /home/better0101/projects/worktree/ci-20260926/safetyreport-mobile/audit/test/widgets/duplicate_editor_radio_test.dart: picking a representative switches the mode dropdown to manual
00:12 +52 ~2: /home/better0101/projects/worktree/ci-20260926/safetyreport-mobile/audit/test/widgets/duplicate_editor_radio_test.dart: picking a representative switches the mode dropdown to manual
00:12 +53 ~2: /home/better0101/projects/worktree/ci-20260926/safetyreport-mobile/audit/test/widgets/duplicate_editor_radio_test.dart: picking a representative switches the mode dropdown to manual
00:12 +54 ~2: /home/better0101/projects/worktree/ci-20260926/safetyreport-mobile/audit/test/widgets/duplicate_editor_radio_test.dart: picking a representative switches the mode dropdown to manual
00:12 +55 ~2: /home/better0101/projects/worktree/ci-20260926/safetyreport-mobile/audit/test/widgets/duplicate_editor_radio_test.dart: picking a representative switches the mode dropdown to manual
00:12 +56 ~2: /home/better0101/projects/worktree/ci-20260926/safetyreport-mobile/audit/test/widgets/duplicate_editor_radio_test.dart: picking a representative switches the mode dropdown to manual
00:12 +57 ~2: /home/better0101/projects/worktree/ci-20260926/safetyreport-mobile/audit/test/widgets/duplicate_editor_radio_test.dart: picking a representative switches the mode dropdown to manual
00:12 +58 ~2: /home/better0101/projects/worktree/ci-20260926/safetyreport-mobile/audit/test/widgets/duplicate_editor_radio_test.dart: picking a representative switches the mode dropdown to manual
00:12 +59 ~2: /home/better0101/projects/worktree/ci-20260926/safetyreport-mobile/audit/test/widgets/report_detail_video_test.dart: 첨부 동영상은 보이고 스크롤이 멈췄을 때 하나씩 자동으로 불러온다
00:12 +60 ~2: /home/better0101/projects/worktree/ci-20260926/safetyreport-mobile/audit/test/widgets/report_detail_video_test.dart: 첨부 동영상은 보이고 스크롤이 멈췄을 때 하나씩 자동으로 불러온다
00:12 +61 ~2: /home/better0101/projects/worktree/ci-20260926/safetyreport-mobile/audit/test/widgets/report_detail_video_test.dart: 첨부 동영상은 보이고 스크롤이 멈췄을 때 하나씩 자동으로 불러온다
00:12 +62 ~2: /home/better0101/projects/worktree/ci-20260926/safetyreport-mobile/audit/test/widgets/report_detail_video_test.dart: 첨부 동영상은 보이고 스크롤이 멈췄을 때 하나씩 자동으로 불러온다
00:12 +63 ~2: /home/better0101/projects/worktree/ci-20260926/safetyreport-mobile/audit/test/widgets/report_detail_video_test.dart: 첨부 동영상은 보이고 스크롤이 멈췄을 때 하나씩 자동으로 불러온다
00:12 +64 ~2: /home/better0101/projects/worktree/ci-20260926/safetyreport-mobile/audit/test/widgets/report_detail_video_test.dart: 첨부 동영상은 보이고 스크롤이 멈췄을 때 하나씩 자동으로 불러온다
00:12 +65 ~2: /home/better0101/projects/worktree/ci-20260926/safetyreport-mobile/audit/test/widgets/report_detail_video_test.dart: 첨부 동영상은 보이고 스크롤이 멈췄을 때 하나씩 자동으로 불러온다
00:13 +66 ~2: /home/better0101/projects/worktree/ci-20260926/safetyreport-mobile/audit/test/widgets/report_detail_video_test.dart: 첨부 동영상은 보이고 스크롤이 멈췄을 때 하나씩 자동으로 불러온다
00:13 +67 ~2: /home/better0101/projects/worktree/ci-20260926/safetyreport-mobile/audit/test/widgets/report_detail_video_test.dart: 첨부 동영상은 보이고 스크롤이 멈췄을 때 하나씩 자동으로 불러온다
00:13 +68 ~2: /home/better0101/projects/worktree/ci-20260926/safetyreport-mobile/audit/test/widgets/report_detail_video_test.dart: 첨부 동영상은 보이고 스크롤이 멈췄을 때 하나씩 자동으로 불러온다
00:13 +69 ~2: /home/better0101/projects/worktree/ci-20260926/safetyreport-mobile/audit/test/widgets/report_detail_video_test.dart: 첨부 동영상은 보이고 스크롤이 멈췄을 때 하나씩 자동으로 불러온다
00:13 +70 ~2: /home/better0101/projects/worktree/ci-20260926/safetyreport-mobile/audit/test/widgets/report_detail_video_test.dart: 첨부 동영상은 보이고 스크롤이 멈췄을 때 하나씩 자동으로 불러온다
00:13 +71 ~2: /home/better0101/projects/worktree/ci-20260926/safetyreport-mobile/audit/test/widgets/report_detail_video_test.dart: 첨부 동영상은 보이고 스크롤이 멈췄을 때 하나씩 자동으로 불러온다
00:13 +72 ~2: /home/better0101/projects/worktree/ci-20260926/safetyreport-mobile/audit/test/widgets/report_detail_video_test.dart: 첨부 동영상은 보이고 스크롤이 멈췄을 때 하나씩 자동으로 불러온다
00:13 +73 ~2: /home/better0101/projects/worktree/ci-20260926/safetyreport-mobile/audit/test/widgets/report_detail_video_test.dart: 첨부 동영상은 보이고 스크롤이 멈췄을 때 하나씩 자동으로 불러온다
00:13 +74 ~2: /home/better0101/projects/worktree/ci-20260926/safetyreport-mobile/audit/test/widgets/report_detail_video_test.dart: 첨부 동영상은 보이고 스크롤이 멈췄을 때 하나씩 자동으로 불러온다
00:13 +75 ~2: /home/better0101/projects/worktree/ci-20260926/safetyreport-mobile/audit/test/widgets/report_detail_video_test.dart: 첨부 동영상은 보이고 스크롤이 멈췄을 때 하나씩 자동으로 불러온다
00:13 +76 ~2: /home/better0101/projects/worktree/ci-20260926/safetyreport-mobile/audit/test/widgets/settings_revert_button_test.dart: shows the revert only for a DB that has a pre-import copy, follows demo switches, and reverts
00:13 +77 ~2: /home/better0101/projects/worktree/ci-20260926/safetyreport-mobile/audit/test/widgets/settings_revert_button_test.dart: shows the revert only for a DB that has a pre-import copy, follows demo switches, and reverts
00:13 +78 ~2: /home/better0101/projects/worktree/ci-20260926/safetyreport-mobile/audit/test/widgets/settings_revert_button_test.dart: shows the revert only for a DB that has a pre-import copy, follows demo switches, and reverts
00:13 +79 ~2: /home/better0101/projects/worktree/ci-20260926/safetyreport-mobile/audit/test/widgets/settings_revert_button_test.dart: shows the revert only for a DB that has a pre-import copy, follows demo switches, and reverts
00:13 +80 ~2: /home/better0101/projects/worktree/ci-20260926/safetyreport-mobile/audit/test/widgets/settings_revert_button_test.dart: shows the revert only for a DB that has a pre-import copy, follows demo switches, and reverts
00:13 +81 ~2: /home/better0101/projects/worktree/ci-20260926/safetyreport-mobile/audit/test/widgets/settings_revert_button_test.dart: shows the revert only for a DB that has a pre-import copy, follows demo switches, and reverts
00:13 +82 ~2: /home/better0101/projects/worktree/ci-20260926/safetyreport-mobile/audit/test/widgets/settings_revert_button_test.dart: shows the revert only for a DB that has a pre-import copy, follows demo switches, and reverts
00:13 +83 ~2: /home/better0101/projects/worktree/ci-20260926/safetyreport-mobile/audit/test/widgets/settings_revert_button_test.dart: shows the revert only for a DB that has a pre-import copy, follows demo switches, and reverts
00:13 +84 ~2: /home/better0101/projects/worktree/ci-20260926/safetyreport-mobile/audit/test/widgets/settings_revert_button_test.dart: shows the revert only for a DB that has a pre-import copy, follows demo switches, and reverts
00:13 +85 ~2: /home/better0101/projects/worktree/ci-20260926/safetyreport-mobile/audit/test/widgets/settings_revert_button_test.dart: shows the revert only for a DB that has a pre-import copy, follows demo switches, and reverts
00:13 +86 ~2: /home/better0101/projects/worktree/ci-20260926/safetyreport-mobile/audit/test/widgets/settings_revert_button_test.dart: shows the revert only for a DB that has a pre-import copy, follows demo switches, and reverts
00:13 +87 ~2: /home/better0101/projects/worktree/ci-20260926/safetyreport-mobile/audit/test/widgets/settings_revert_button_test.dart: shows the revert only for a DB that has a pre-import copy, follows demo switches, and reverts
00:13 +88 ~2: /home/better0101/projects/worktree/ci-20260926/safetyreport-mobile/audit/test/widgets/settings_revert_button_test.dart: shows the revert only for a DB that has a pre-import copy, follows demo switches, and reverts
00:13 +89 ~2: /home/better0101/projects/worktree/ci-20260926/safetyreport-mobile/audit/test/widgets/settings_revert_button_test.dart: shows the revert only for a DB that has a pre-import copy, follows demo switches, and reverts
00:14 +90 ~2: /home/better0101/projects/worktree/ci-20260926/safetyreport-mobile/audit/test/widgets/settings_revert_button_test.dart: shows the revert only for a DB that has a pre-import copy, follows demo switches, and reverts
00:14 +91 ~2: /home/better0101/projects/worktree/ci-20260926/safetyreport-mobile/audit/test/widgets/settings_revert_button_test.dart: shows the revert only for a DB that has a pre-import copy, follows demo switches, and reverts
00:14 +92 ~2: /home/better0101/projects/worktree/ci-20260926/safetyreport-mobile/audit/test/widgets/settings_revert_button_test.dart: shows the revert only for a DB that has a pre-import copy, follows demo switches, and reverts
00:14 +93 ~2: /home/better0101/projects/worktree/ci-20260926/safetyreport-mobile/audit/test/widgets/settings_revert_button_test.dart: shows the revert only for a DB that has a pre-import copy, follows demo switches, and reverts
00:14 +94 ~2: /home/better0101/projects/worktree/ci-20260926/safetyreport-mobile/audit/test/widgets/settings_revert_button_test.dart: shows the revert only for a DB that has a pre-import copy, follows demo switches, and reverts
00:14 +95 ~2: /home/better0101/projects/worktree/ci-20260926/safetyreport-mobile/audit/test/widgets/settings_revert_button_test.dart: shows the revert only for a DB that has a pre-import copy, follows demo switches, and reverts
00:14 +96 ~2: /home/better0101/projects/worktree/ci-20260926/safetyreport-mobile/audit/test/widgets/settings_revert_button_test.dart: shows the revert only for a DB that has a pre-import copy, follows demo switches, and reverts
00:14 +97 ~2: /home/better0101/projects/worktree/ci-20260926/safetyreport-mobile/audit/test/widgets/settings_revert_button_test.dart: shows the revert only for a DB that has a pre-import copy, follows demo switches, and reverts
00:14 +98 ~2: /home/better0101/projects/worktree/ci-20260926/safetyreport-mobile/audit/test/widgets/settings_revert_button_test.dart: shows the revert only for a DB that has a pre-import copy, follows demo switches, and reverts
00:14 +99 ~2: /home/better0101/projects/worktree/ci-20260926/safetyreport-mobile/audit/test/widgets/settings_revert_button_test.dart: shows the revert only for a DB that has a pre-import copy, follows demo switches, and reverts
00:14 +100 ~2: /home/better0101/projects/worktree/ci-20260926/safetyreport-mobile/audit/test/widgets/settings_revert_button_test.dart: shows the revert only for a DB that has a pre-import copy, follows demo switches, and reverts
00:14 +101 ~2: /home/better0101/projects/worktree/ci-20260926/safetyreport-mobile/audit/test/widgets/settings_revert_button_test.dart: shows the revert only for a DB that has a pre-import copy, follows demo switches, and reverts
00:14 +102 ~2: /home/better0101/projects/worktree/ci-20260926/safetyreport-mobile/audit/test/widgets/settings_revert_button_test.dart: shows the revert only for a DB that has a pre-import copy, follows demo switches, and reverts
00:14 +103 ~2: /home/better0101/projects/worktree/ci-20260926/safetyreport-mobile/audit/test/widgets/settings_revert_button_test.dart: shows the revert only for a DB that has a pre-import copy, follows demo switches, and reverts
00:14 +104 ~2: /home/better0101/projects/worktree/ci-20260926/safetyreport-mobile/audit/test/widgets/settings_revert_button_test.dart: shows the revert only for a DB that has a pre-import copy, follows demo switches, and reverts
00:14 +105 ~2: /home/better0101/projects/worktree/ci-20260926/safetyreport-mobile/audit/test/widgets/settings_revert_button_test.dart: shows the revert only for a DB that has a pre-import copy, follows demo switches, and reverts
00:14 +106 ~2: /home/better0101/projects/worktree/ci-20260926/safetyreport-mobile/audit/test/widgets/settings_revert_button_test.dart: shows the revert only for a DB that has a pre-import copy, follows demo switches, and reverts
00:14 +107 ~2: /home/better0101/projects/worktree/ci-20260926/safetyreport-mobile/audit/test/widgets/settings_revert_button_test.dart: shows the revert only for a DB that has a pre-import copy, follows demo switches, and reverts
00:14 +108 ~2: /home/better0101/projects/worktree/ci-20260926/safetyreport-mobile/audit/test/widgets/settings_revert_button_test.dart: shows the revert only for a DB that has a pre-import copy, follows demo switches, and reverts
00:14 +109 ~2: /home/better0101/projects/worktree/ci-20260926/safetyreport-mobile/audit/test/widgets/settings_revert_button_test.dart: shows the revert only for a DB that has a pre-import copy, follows demo switches, and reverts
00:14 +110 ~2: /home/better0101/projects/worktree/ci-20260926/safetyreport-mobile/audit/test/widgets/settings_revert_button_test.dart: shows the revert only for a DB that has a pre-import copy, follows demo switches, and reverts
00:14 +111 ~2: /home/better0101/projects/worktree/ci-20260926/safetyreport-mobile/audit/test/widgets/settings_revert_button_test.dart: shows the revert only for a DB that has a pre-import copy, follows demo switches, and reverts
00:14 +112 ~2: /home/better0101/projects/worktree/ci-20260926/safetyreport-mobile/audit/test/widgets/settings_revert_button_test.dart: shows the revert only for a DB that has a pre-import copy, follows demo switches, and reverts
00:14 +113 ~2: /home/better0101/projects/worktree/ci-20260926/safetyreport-mobile/audit/test/widgets/settings_revert_button_test.dart: shows the revert only for a DB that has a pre-import copy, follows demo switches, and reverts
00:14 +114 ~2: /home/better0101/projects/worktree/ci-20260926/safetyreport-mobile/audit/test/widgets/settings_revert_button_test.dart: shows the revert only for a DB that has a pre-import copy, follows demo switches, and reverts
00:15 +115 ~2: /home/better0101/projects/worktree/ci-20260926/safetyreport-mobile/audit/test/widgets/settings_revert_button_test.dart: shows the revert only for a DB that has a pre-import copy, follows demo switches, and reverts
00:15 +116 ~2: /home/better0101/projects/worktree/ci-20260926/safetyreport-mobile/audit/test/widgets/settings_revert_button_test.dart: shows the revert only for a DB that has a pre-import copy, follows demo switches, and reverts
00:15 +117 ~2: /home/better0101/projects/worktree/ci-20260926/safetyreport-mobile/audit/test/widgets/settings_revert_button_test.dart: shows the revert only for a DB that has a pre-import copy, follows demo switches, and reverts
00:15 +118 ~2: /home/better0101/projects/worktree/ci-20260926/safetyreport-mobile/audit/test/widgets/settings_revert_button_test.dart: shows the revert only for a DB that has a pre-import copy, follows demo switches, and reverts
00:15 +119 ~2: /home/better0101/projects/worktree/ci-20260926/safetyreport-mobile/audit/test/widgets/settings_revert_button_test.dart: shows the revert only for a DB that has a pre-import copy, follows demo switches, and reverts
00:15 +120 ~2: /home/better0101/projects/worktree/ci-20260926/safetyreport-mobile/audit/test/widgets/settings_revert_button_test.dart: shows the revert only for a DB that has a pre-import copy, follows demo switches, and reverts
00:15 +121 ~2: /home/better0101/projects/worktree/ci-20260926/safetyreport-mobile/audit/test/widgets/settings_revert_button_test.dart: shows the revert only for a DB that has a pre-import copy, follows demo switches, and reverts
00:15 +122 ~2: /home/better0101/projects/worktree/ci-20260926/safetyreport-mobile/audit/test/widgets/settings_revert_button_test.dart: shows the revert only for a DB that has a pre-import copy, follows demo switches, and reverts
00:15 +123 ~2: /home/better0101/projects/worktree/ci-20260926/safetyreport-mobile/audit/test/widgets/settings_revert_button_test.dart: shows the revert only for a DB that has a pre-import copy, follows demo switches, and reverts
00:15 +124 ~2: /home/better0101/projects/worktree/ci-20260926/safetyreport-mobile/audit/test/widgets/settings_revert_button_test.dart: shows the revert only for a DB that has a pre-import copy, follows demo switches, and reverts
00:15 +125 ~2: /home/better0101/projects/worktree/ci-20260926/safetyreport-mobile/audit/test/widgets/settings_revert_button_test.dart: shows the revert only for a DB that has a pre-import copy, follows demo switches, and reverts
00:15 +126 ~2: /home/better0101/projects/worktree/ci-20260926/safetyreport-mobile/audit/test/widgets/settings_revert_button_test.dart: shows the revert only for a DB that has a pre-import copy, follows demo switches, and reverts
00:15 +127 ~2: /home/better0101/projects/worktree/ci-20260926/safetyreport-mobile/audit/test/widgets/settings_revert_button_test.dart: shows the revert only for a DB that has a pre-import copy, follows demo switches, and reverts
00:15 +128 ~2: /home/better0101/projects/worktree/ci-20260926/safetyreport-mobile/audit/test/widgets/settings_revert_button_test.dart: shows the revert only for a DB that has a pre-import copy, follows demo switches, and reverts
00:15 +129 ~2: /home/better0101/projects/worktree/ci-20260926/safetyreport-mobile/audit/test/widgets/settings_revert_button_test.dart: shows the revert only for a DB that has a pre-import copy, follows demo switches, and reverts
00:15 +130 ~2: /home/better0101/projects/worktree/ci-20260926/safetyreport-mobile/audit/test/widgets/settings_revert_button_test.dart: shows the revert only for a DB that has a pre-import copy, follows demo switches, and reverts
00:15 +131 ~2: /home/better0101/projects/worktree/ci-20260926/safetyreport-mobile/audit/test/widgets/settings_revert_button_test.dart: shows the revert only for a DB that has a pre-import copy, follows demo switches, and reverts
00:15 +132 ~2: /home/better0101/projects/worktree/ci-20260926/safetyreport-mobile/audit/test/widgets/settings_revert_button_test.dart: shows the revert only for a DB that has a pre-import copy, follows demo switches, and reverts
00:15 +133 ~2: /home/better0101/projects/worktree/ci-20260926/safetyreport-mobile/audit/test/widgets/settings_revert_button_test.dart: shows the revert only for a DB that has a pre-import copy, follows demo switches, and reverts
00:15 +134 ~2: /home/better0101/projects/worktree/ci-20260926/safetyreport-mobile/audit/test/widgets/settings_revert_button_test.dart: shows the revert only for a DB that has a pre-import copy, follows demo switches, and reverts
00:15 +135 ~2: /home/better0101/projects/worktree/ci-20260926/safetyreport-mobile/audit/test/widgets/settings_revert_button_test.dart: shows the revert only for a DB that has a pre-import copy, follows demo switches, and reverts
00:15 +136 ~2: /home/better0101/projects/worktree/ci-20260926/safetyreport-mobile/audit/test/widgets/settings_revert_button_test.dart: shows the revert only for a DB that has a pre-import copy, follows demo switches, and reverts
00:15 +137 ~2: /home/better0101/projects/worktree/ci-20260926/safetyreport-mobile/audit/test/widgets/settings_revert_button_test.dart: shows the revert only for a DB that has a pre-import copy, follows demo switches, and reverts
00:15 +138 ~2: /home/better0101/projects/worktree/ci-20260926/safetyreport-mobile/audit/test/widgets/settings_revert_button_test.dart: shows the revert only for a DB that has a pre-import copy, follows demo switches, and reverts
00:15 +139 ~2: /home/better0101/projects/worktree/ci-20260926/safetyreport-mobile/audit/test/widgets/settings_revert_button_test.dart: shows the revert only for a DB that has a pre-import copy, follows demo switches, and reverts
00:15 +140 ~2: /home/better0101/projects/worktree/ci-20260926/safetyreport-mobile/audit/test/widgets/settings_revert_button_test.dart: shows the revert only for a DB that has a pre-import copy, follows demo switches, and reverts
00:15 +141 ~2: /home/better0101/projects/worktree/ci-20260926/safetyreport-mobile/audit/test/widgets/settings_revert_button_test.dart: shows the revert only for a DB that has a pre-import copy, follows demo switches, and reverts
00:15 +142 ~2: /home/better0101/projects/worktree/ci-20260926/safetyreport-mobile/audit/test/widgets/settings_revert_button_test.dart: shows the revert only for a DB that has a pre-import copy, follows demo switches, and reverts
00:15 +143 ~2: /home/better0101/projects/worktree/ci-20260926/safetyreport-mobile/audit/test/widgets/settings_revert_button_test.dart: shows the revert only for a DB that has a pre-import copy, follows demo switches, and reverts
00:15 +144 ~2: /home/better0101/projects/worktree/ci-20260926/safetyreport-mobile/audit/test/widgets/settings_revert_button_test.dart: shows the revert only for a DB that has a pre-import copy, follows demo switches, and reverts
00:15 +145 ~2: /home/better0101/projects/worktree/ci-20260926/safetyreport-mobile/audit/test/widgets/settings_revert_button_test.dart: shows the revert only for a DB that has a pre-import copy, follows demo switches, and reverts
00:15 +146 ~2: /home/better0101/projects/worktree/ci-20260926/safetyreport-mobile/audit/test/widgets/settings_revert_button_test.dart: shows the revert only for a DB that has a pre-import copy, follows demo switches, and reverts
00:15 +147 ~2: /home/better0101/projects/worktree/ci-20260926/safetyreport-mobile/audit/test/widgets/settings_revert_button_test.dart: shows the revert only for a DB that has a pre-import copy, follows demo switches, and reverts
00:15 +148 ~2: /home/better0101/projects/worktree/ci-20260926/safetyreport-mobile/audit/test/widgets/settings_revert_button_test.dart: shows the revert only for a DB that has a pre-import copy, follows demo switches, and reverts
00:15 +149 ~2: /home/better0101/projects/worktree/ci-20260926/safetyreport-mobile/audit/test/widgets/settings_revert_button_test.dart: shows the revert only for a DB that has a pre-import copy, follows demo switches, and reverts
00:15 +150 ~2: /home/better0101/projects/worktree/ci-20260926/safetyreport-mobile/audit/test/widgets/settings_revert_button_test.dart: shows the revert only for a DB that has a pre-import copy, follows demo switches, and reverts
00:15 +151 ~2: /home/better0101/projects/worktree/ci-20260926/safetyreport-mobile/audit/test/widgets/settings_revert_button_test.dart: shows the revert only for a DB that has a pre-import copy, follows demo switches, and reverts
00:15 +152 ~2: /home/better0101/projects/worktree/ci-20260926/safetyreport-mobile/audit/test/widgets/settings_revert_button_test.dart: shows the revert only for a DB that has a pre-import copy, follows demo switches, and reverts
00:15 +153 ~2: /home/better0101/projects/worktree/ci-20260926/safetyreport-mobile/audit/test/widgets/settings_revert_button_test.dart: shows the revert only for a DB that has a pre-import copy, follows demo switches, and reverts
00:15 +154 ~2: /home/better0101/projects/worktree/ci-20260926/safetyreport-mobile/audit/test/widgets/settings_revert_button_test.dart: shows the revert only for a DB that has a pre-import copy, follows demo switches, and reverts
00:15 +155 ~2: /home/better0101/projects/worktree/ci-20260926/safetyreport-mobile/audit/test/widgets/settings_revert_button_test.dart: shows the revert only for a DB that has a pre-import copy, follows demo switches, and reverts
00:15 +156 ~2: /home/better0101/projects/worktree/ci-20260926/safetyreport-mobile/audit/test/widgets/settings_revert_button_test.dart: shows the revert only for a DB that has a pre-import copy, follows demo switches, and reverts
00:16 +157 ~2: /home/better0101/projects/worktree/ci-20260926/safetyreport-mobile/audit/test/widgets/settings_revert_button_test.dart: shows the revert only for a DB that has a pre-import copy, follows demo switches, and reverts
00:16 +158 ~2: /home/better0101/projects/worktree/ci-20260926/safetyreport-mobile/audit/test/widgets/settings_revert_button_test.dart: shows the revert only for a DB that has a pre-import copy, follows demo switches, and reverts
00:16 +159 ~2: /home/better0101/projects/worktree/ci-20260926/safetyreport-mobile/audit/test/widgets/settings_revert_button_test.dart: shows the revert only for a DB that has a pre-import copy, follows demo switches, and reverts
00:16 +160 ~2: /home/better0101/projects/worktree/ci-20260926/safetyreport-mobile/audit/test/widgets/settings_revert_button_test.dart: shows the revert only for a DB that has a pre-import copy, follows demo switches, and reverts
00:16 +161 ~2: /home/better0101/projects/worktree/ci-20260926/safetyreport-mobile/audit/test/widgets/settings_revert_button_test.dart: shows the revert only for a DB that has a pre-import copy, follows demo switches, and reverts
00:16 +162 ~2: /home/better0101/projects/worktree/ci-20260926/safetyreport-mobile/audit/test/widgets/settings_revert_button_test.dart: shows the revert only for a DB that has a pre-import copy, follows demo switches, and reverts
00:16 +163 ~2: /home/better0101/projects/worktree/ci-20260926/safetyreport-mobile/audit/test/widgets/settings_revert_button_test.dart: shows the revert only for a DB that has a pre-import copy, follows demo switches, and reverts
00:16 +164 ~2: /home/better0101/projects/worktree/ci-20260926/safetyreport-mobile/audit/test/widgets/settings_revert_button_test.dart: shows the revert only for a DB that has a pre-import copy, follows demo switches, and reverts
00:17 +165 ~2: /home/better0101/projects/worktree/ci-20260926/safetyreport-mobile/audit/test/widgets/settings_revert_button_test.dart: shows the revert only for a DB that has a pre-import copy, follows demo switches, and reverts
00:17 +166 ~2: /home/better0101/projects/worktree/ci-20260926/safetyreport-mobile/audit/test/widgets/settings_revert_button_test.dart: shows the revert only for a DB that has a pre-import copy, follows demo switches, and reverts
00:17 +167 ~2: /home/better0101/projects/worktree/ci-20260926/safetyreport-mobile/audit/test/widgets/settings_revert_button_test.dart: shows the revert only for a DB that has a pre-import copy, follows demo switches, and reverts
00:17 +168 ~2: /home/better0101/projects/worktree/ci-20260926/safetyreport-mobile/audit/test/widgets/settings_revert_button_test.dart: shows the revert only for a DB that has a pre-import copy, follows demo switches, and reverts
00:17 +169 ~2: /home/better0101/projects/worktree/ci-20260926/safetyreport-mobile/audit/test/widgets/settings_revert_button_test.dart: shows the revert only for a DB that has a pre-import copy, follows demo switches, and reverts
00:17 +170 ~2: /home/better0101/projects/worktree/ci-20260926/safetyreport-mobile/audit/test/widgets/settings_revert_button_test.dart: shows the revert only for a DB that has a pre-import copy, follows demo switches, and reverts
00:17 +171 ~2: /home/better0101/projects/worktree/ci-20260926/safetyreport-mobile/audit/test/widgets/settings_revert_button_test.dart: shows the revert only for a DB that has a pre-import copy, follows demo switches, and reverts
00:17 +172 ~2: /home/better0101/projects/worktree/ci-20260926/safetyreport-mobile/audit/test/widgets/settings_revert_button_test.dart: shows the revert only for a DB that has a pre-import copy, follows demo switches, and reverts
00:17 +173 ~2: /home/better0101/projects/worktree/ci-20260926/safetyreport-mobile/audit/test/widgets/settings_revert_button_test.dart: shows the revert only for a DB that has a pre-import copy, follows demo switches, and reverts
00:17 +174 ~2: /home/better0101/projects/worktree/ci-20260926/safetyreport-mobile/audit/test/widgets/settings_revert_button_test.dart: shows the revert only for a DB that has a pre-import copy, follows demo switches, and reverts
00:17 +175 ~2: /home/better0101/projects/worktree/ci-20260926/safetyreport-mobile/audit/test/widgets/settings_revert_button_test.dart: shows the revert only for a DB that has a pre-import copy, follows demo switches, and reverts
00:17 +176 ~2: /home/better0101/projects/worktree/ci-20260926/safetyreport-mobile/audit/test/widgets/settings_revert_button_test.dart: shows the revert only for a DB that has a pre-import copy, follows demo switches, and reverts
00:18 +177 ~2: /home/better0101/projects/worktree/ci-20260926/safetyreport-mobile/audit/test/widgets/settings_revert_button_test.dart: shows the revert only for a DB that has a pre-import copy, follows demo switches, and reverts
00:18 +178 ~2: /home/better0101/projects/worktree/ci-20260926/safetyreport-mobile/audit/test/widgets/settings_revert_button_test.dart: shows the revert only for a DB that has a pre-import copy, follows demo switches, and reverts
00:18 +179 ~2: /home/better0101/projects/worktree/ci-20260926/safetyreport-mobile/audit/test/widgets/settings_revert_button_test.dart: shows the revert only for a DB that has a pre-import copy, follows demo switches, and reverts
00:18 +180 ~2: /home/better0101/projects/worktree/ci-20260926/safetyreport-mobile/audit/test/widgets/settings_revert_button_test.dart: shows the revert only for a DB that has a pre-import copy, follows demo switches, and reverts
00:18 +181 ~2: /home/better0101/projects/worktree/ci-20260926/safetyreport-mobile/audit/test/widgets/settings_revert_button_test.dart: shows the revert only for a DB that has a pre-import copy, follows demo switches, and reverts
00:18 +182 ~2: /home/better0101/projects/worktree/ci-20260926/safetyreport-mobile/audit/test/widgets/settings_revert_button_test.dart: shows the revert only for a DB that has a pre-import copy, follows demo switches, and reverts
00:18 +183 ~2: /home/better0101/projects/worktree/ci-20260926/safetyreport-mobile/audit/test/widgets/settings_revert_button_test.dart: shows the revert only for a DB that has a pre-import copy, follows demo switches, and reverts
00:18 +184 ~2: /home/better0101/projects/worktree/ci-20260926/safetyreport-mobile/audit/test/widgets/settings_revert_button_test.dart: shows the revert only for a DB that has a pre-import copy, follows demo switches, and reverts
00:18 +185 ~2: /home/better0101/projects/worktree/ci-20260926/safetyreport-mobile/audit/test/widgets/settings_revert_button_test.dart: shows the revert only for a DB that has a pre-import copy, follows demo switches, and reverts
00:18 +186 ~2: /home/better0101/projects/worktree/ci-20260926/safetyreport-mobile/audit/test/widgets/settings_revert_button_test.dart: shows the revert only for a DB that has a pre-import copy, follows demo switches, and reverts
00:18 +187 ~2: /home/better0101/projects/worktree/ci-20260926/safetyreport-mobile/audit/test/widgets/settings_revert_button_test.dart: shows the revert only for a DB that has a pre-import copy, follows demo switches, and reverts
00:18 +188 ~2: /home/better0101/projects/worktree/ci-20260926/safetyreport-mobile/audit/test/widgets/settings_revert_button_test.dart: shows the revert only for a DB that has a pre-import copy, follows demo switches, and reverts
00:18 +189 ~2: /home/better0101/projects/worktree/ci-20260926/safetyreport-mobile/audit/test/widgets/settings_revert_button_test.dart: shows the revert only for a DB that has a pre-import copy, follows demo switches, and reverts
00:18 +190 ~2: /home/better0101/projects/worktree/ci-20260926/safetyreport-mobile/audit/test/widgets/settings_revert_button_test.dart: shows the revert only for a DB that has a pre-import copy, follows demo switches, and reverts
00:18 +191 ~2: /home/better0101/projects/worktree/ci-20260926/safetyreport-mobile/audit/test/widgets/settings_revert_button_test.dart: shows the revert only for a DB that has a pre-import copy, follows demo switches, and reverts
00:18 +192 ~2: /home/better0101/projects/worktree/ci-20260926/safetyreport-mobile/audit/test/community/entry_order_test.dart: F01: fresh install first screen is onboarding, zero permission calls
00:18 +193 ~2: /home/better0101/projects/worktree/ci-20260926/safetyreport-mobile/audit/test/community/entry_order_test.dart: F01: fresh install first screen is onboarding, zero permission calls
00:18 +194 ~2: /home/better0101/projects/worktree/ci-20260926/safetyreport-mobile/audit/test/community/entry_order_test.dart: F01: fresh install first screen is onboarding, zero permission calls
00:18 +195 ~2: /home/better0101/projects/worktree/ci-20260926/safetyreport-mobile/audit/test/community/entry_order_test.dart: F01: fresh install first screen is onboarding, zero permission calls
00:18 +196 ~2: /home/better0101/projects/worktree/ci-20260926/safetyreport-mobile/audit/test/community/entry_order_test.dart: F01: fresh install first screen is onboarding, zero permission calls
00:18 +197 ~2: /home/better0101/projects/worktree/ci-20260926/safetyreport-mobile/audit/test/community/entry_order_test.dart: F01: fresh install first screen is onboarding, zero permission calls
00:18 +198 ~2: /home/better0101/projects/worktree/ci-20260926/safetyreport-mobile/audit/test/community/entry_order_test.dart: F01: fresh install first screen is onboarding, zero permission calls
00:18 +199 ~2: /home/better0101/projects/worktree/ci-20260926/safetyreport-mobile/audit/test/community/entry_order_test.dart: F01: fresh install first screen is onboarding, zero permission calls
00:18 +200 ~2: /home/better0101/projects/worktree/ci-20260926/safetyreport-mobile/audit/test/community/entry_order_test.dart: F01: fresh install first screen is onboarding, zero permission calls
00:19 +201 ~2: /home/better0101/projects/worktree/ci-20260926/safetyreport-mobile/audit/test/community/entry_order_test.dart: F01: fresh install first screen is onboarding, zero permission calls
00:19 +202 ~2: /home/better0101/projects/worktree/ci-20260926/safetyreport-mobile/audit/test/community/entry_order_test.dart: F01: fresh install first screen is onboarding, zero permission calls
00:19 +203 ~2: /home/better0101/projects/worktree/ci-20260926/safetyreport-mobile/audit/test/storage/server_import_test.dart: a successful import keeps the previous DB as a backup, newest three only (SOL-05)
00:19 +204 ~2: /home/better0101/projects/worktree/ci-20260926/safetyreport-mobile/audit/test/storage/server_import_test.dart: a successful import keeps the previous DB as a backup, newest three only (SOL-05)
00:19 +205 ~2: /home/better0101/projects/worktree/ci-20260926/safetyreport-mobile/audit/test/storage/server_import_test.dart: a successful import keeps the previous DB as a backup, newest three only (SOL-05)
00:19 +206 ~2: /home/better0101/projects/worktree/ci-20260926/safetyreport-mobile/audit/test/storage/server_import_test.dart: a successful import keeps the previous DB as a backup, newest three only (SOL-05)
00:19 +207 ~2: /home/better0101/projects/worktree/ci-20260926/safetyreport-mobile/audit/test/storage/server_import_test.dart: a successful import keeps the previous DB as a backup, newest three only (SOL-05)
00:19 +208 ~2: /home/better0101/projects/worktree/ci-20260926/safetyreport-mobile/audit/test/storage/server_import_test.dart: a successful import keeps the previous DB as a backup, newest three only (SOL-05)
00:19 +209 ~2: /home/better0101/projects/worktree/ci-20260926/safetyreport-mobile/audit/test/storage/server_import_test.dart: a successful import keeps the previous DB as a backup, newest three only (SOL-05)
00:19 +210 ~2: /home/better0101/projects/worktree/ci-20260926/safetyreport-mobile/audit/test/storage/server_import_test.dart: a successful import keeps the previous DB as a backup, newest three only (SOL-05)
00:19 +211 ~2: /home/better0101/projects/worktree/ci-20260926/safetyreport-mobile/audit/test/storage/server_import_test.dart: a successful import keeps the previous DB as a backup, newest three only (SOL-05)
00:19 +212 ~2: /home/better0101/projects/worktree/ci-20260926/safetyreport-mobile/audit/test/storage/server_import_test.dart: a successful import keeps the previous DB as a backup, newest three only (SOL-05)
00:19 +213 ~2: /home/better0101/projects/worktree/ci-20260926/safetyreport-mobile/audit/test/storage/server_import_test.dart: a successful import keeps the previous DB as a backup, newest three only (SOL-05)
00:19 +214 ~2: /home/better0101/projects/worktree/ci-20260926/safetyreport-mobile/audit/test/storage/server_import_test.dart: a successful import keeps the previous DB as a backup, newest three only (SOL-05)
00:19 +215 ~2: /home/better0101/projects/worktree/ci-20260926/safetyreport-mobile/audit/test/storage/server_import_test.dart: a successful import keeps the previous DB as a backup, newest three only (SOL-05)
00:19 +216 ~2: /home/better0101/projects/worktree/ci-20260926/safetyreport-mobile/audit/test/storage/server_import_test.dart: a successful import keeps the previous DB as a backup, newest three only (SOL-05)
00:19 +217 ~2: /home/better0101/projects/worktree/ci-20260926/safetyreport-mobile/audit/test/storage/server_import_test.dart: a successful import keeps the previous DB as a backup, newest three only (SOL-05)
00:19 +218 ~2: /home/better0101/projects/worktree/ci-20260926/safetyreport-mobile/audit/test/storage/server_import_test.dart: a successful import keeps the previous DB as a backup, newest three only (SOL-05)
00:19 +219 ~2: /home/better0101/projects/worktree/ci-20260926/safetyreport-mobile/audit/test/storage/server_import_test.dart: a successful import keeps the previous DB as a backup, newest three only (SOL-05)
00:19 +220 ~2: /home/better0101/projects/worktree/ci-20260926/safetyreport-mobile/audit/test/storage/server_import_test.dart: a successful import keeps the previous DB as a backup, newest three only (SOL-05)
00:19 +221 ~2: /home/better0101/projects/worktree/ci-20260926/safetyreport-mobile/audit/test/storage/server_import_test.dart: a successful import keeps the previous DB as a backup, newest three only (SOL-05)
00:20 +222 ~2: /home/better0101/projects/worktree/ci-20260926/safetyreport-mobile/audit/test/community/entry_order_test.dart: S-21: gate passed + new install shows common permissions first
00:20 +223 ~2: /home/better0101/projects/worktree/ci-20260926/safetyreport-mobile/audit/test/community/entry_order_test.dart: S-21: gate passed + new install shows common permissions first
00:20 +224 ~2: /home/better0101/projects/worktree/ci-20260926/safetyreport-mobile/audit/test/community/entry_order_test.dart: S-21: gate passed + new install shows common permissions first
00:20 +224 ~2: /home/better0101/projects/worktree/ci-20260926/safetyreport-mobile/audit/test/community/live_stack_test.dart: standalone capture → upload ACK → public → manifest → remote revoke blocks
  Skip: COMMUNITY_STACK=1 과 COMMUNITY_PUBLISHABLE_KEY 가 필요하다(실제 로컬 스택)
00:20 +224 ~3: /home/better0101/projects/worktree/ci-20260926/safetyreport-mobile/audit/test/community/entry_order_test.dart: S-21: gate passed + new install shows common permissions first
00:20 +225 ~3: /home/better0101/projects/worktree/ci-20260926/safetyreport-mobile/audit/test/storage/server_import_test.dart: the settings revert brings back the DB from before the last import, and can be undone (SOL-05 recheck)
00:20 +226 ~3: /home/better0101/projects/worktree/ci-20260926/safetyreport-mobile/audit/test/storage/server_import_test.dart: the settings revert brings back the DB from before the last import, and can be undone (SOL-05 recheck)
00:20 +227 ~3: /home/better0101/projects/worktree/ci-20260926/safetyreport-mobile/audit/test/storage/server_import_test.dart: the settings revert brings back the DB from before the last import, and can be undone (SOL-05 recheck)
00:20 +228 ~3: /home/better0101/projects/worktree/ci-20260926/safetyreport-mobile/audit/test/storage/server_import_test.dart: the settings revert brings back the DB from before the last import, and can be undone (SOL-05 recheck)
00:20 +229 ~3: /home/better0101/projects/worktree/ci-20260926/safetyreport-mobile/audit/test/storage/server_import_test.dart: the settings revert brings back the DB from before the last import, and can be undone (SOL-05 recheck)
00:20 +230 ~3: /home/better0101/projects/worktree/ci-20260926/safetyreport-mobile/audit/test/storage/server_import_test.dart: the settings revert brings back the DB from before the last import, and can be undone (SOL-05 recheck)
00:20 +231 ~3: /home/better0101/projects/worktree/ci-20260926/safetyreport-mobile/audit/test/storage/server_import_test.dart: the settings revert brings back the DB from before the last import, and can be undone (SOL-05 recheck)
00:20 +232 ~3: /home/better0101/projects/worktree/ci-20260926/safetyreport-mobile/audit/test/storage/server_import_test.dart: the settings revert brings back the DB from before the last import, and can be undone (SOL-05 recheck)
00:20 +233 ~3: /home/better0101/projects/worktree/ci-20260926/safetyreport-mobile/audit/test/storage/server_import_test.dart: the settings revert brings back the DB from before the last import, and can be undone (SOL-05 recheck)
00:20 +234 ~3: /home/better0101/projects/worktree/ci-20260926/safetyreport-mobile/audit/test/storage/server_import_test.dart: the settings revert brings back the DB from before the last import, and can be undone (SOL-05 recheck)
00:20 +235 ~3: /home/better0101/projects/worktree/ci-20260926/safetyreport-mobile/audit/test/storage/server_import_test.dart: the settings revert brings back the DB from before the last import, and can be undone (SOL-05 recheck)
00:20 +236 ~3: /home/better0101/projects/worktree/ci-20260926/safetyreport-mobile/audit/test/storage/server_import_test.dart: the settings revert brings back the DB from before the last import, and can be undone (SOL-05 recheck)
00:20 +237 ~3: /home/better0101/projects/worktree/ci-20260926/safetyreport-mobile/audit/test/storage/server_import_test.dart: the settings revert brings back the DB from before the last import, and can be undone (SOL-05 recheck)
00:20 +238 ~3: /home/better0101/projects/worktree/ci-20260926/safetyreport-mobile/audit/test/storage/server_import_test.dart: the settings revert brings back the DB from before the last import, and can be undone (SOL-05 recheck)
00:20 +239 ~3: /home/better0101/projects/worktree/ci-20260926/safetyreport-mobile/audit/test/storage/server_import_test.dart: the settings revert brings back the DB from before the last import, and can be undone (SOL-05 recheck)
00:20 +240 ~3: /home/better0101/projects/worktree/ci-20260926/safetyreport-mobile/audit/test/storage/server_import_test.dart: the settings revert brings back the DB from before the last import, and can be undone (SOL-05 recheck)
00:20 +241 ~3: /home/better0101/projects/worktree/ci-20260926/safetyreport-mobile/audit/test/storage/server_import_test.dart: the settings revert brings back the DB from before the last import, and can be undone (SOL-05 recheck)
00:20 +242 ~3: /home/better0101/projects/worktree/ci-20260926/safetyreport-mobile/audit/test/storage/server_import_test.dart: the settings revert brings back the DB from before the last import, and can be undone (SOL-05 recheck)
00:20 +243 ~3: /home/better0101/projects/worktree/ci-20260926/safetyreport-mobile/audit/test/storage/server_import_test.dart: the settings revert brings back the DB from before the last import, and can be undone (SOL-05 recheck)
00:20 +244 ~3: /home/better0101/projects/worktree/ci-20260926/safetyreport-mobile/audit/test/storage/server_import_test.dart: the settings revert brings back the DB from before the last import, and can be undone (SOL-05 recheck)
00:20 +245 ~3: /home/better0101/projects/worktree/ci-20260926/safetyreport-mobile/audit/test/storage/server_import_test.dart: the settings revert brings back the DB from before the last import, and can be undone (SOL-05 recheck)
00:20 +246 ~3: /home/better0101/projects/worktree/ci-20260926/safetyreport-mobile/audit/test/storage/server_import_test.dart: the settings revert brings back the DB from before the last import, and can be undone (SOL-05 recheck)
00:20 +247 ~3: /home/better0101/projects/worktree/ci-20260926/safetyreport-mobile/audit/test/storage/server_import_test.dart: the settings revert brings back the DB from before the last import, and can be undone (SOL-05 recheck)
00:20 +248 ~3: /home/better0101/projects/worktree/ci-20260926/safetyreport-mobile/audit/test/storage/server_import_test.dart: the settings revert brings back the DB from before the last import, and can be undone (SOL-05 recheck)
00:20 +249 ~3: /home/better0101/projects/worktree/ci-20260926/safetyreport-mobile/audit/test/storage/server_import_test.dart: the settings revert brings back the DB from before the last import, and can be undone (SOL-05 recheck)
00:20 +250 ~3: /home/better0101/projects/worktree/ci-20260926/safetyreport-mobile/audit/test/storage/server_import_test.dart: the settings revert brings back the DB from before the last import, and can be undone (SOL-05 recheck)
00:20 +251 ~3: /home/better0101/projects/worktree/ci-20260926/safetyreport-mobile/audit/test/storage/server_import_test.dart: the settings revert brings back the DB from before the last import, and can be undone (SOL-05 recheck)
00:20 +252 ~3: /home/better0101/projects/worktree/ci-20260926/safetyreport-mobile/audit/test/storage/server_import_test.dart: the settings revert brings back the DB from before the last import, and can be undone (SOL-05 recheck)
00:20 +253 ~3: /home/better0101/projects/worktree/ci-20260926/safetyreport-mobile/audit/test/storage/server_import_test.dart: the settings revert brings back the DB from before the last import, and can be undone (SOL-05 recheck)
00:20 +254 ~3: /home/better0101/projects/worktree/ci-20260926/safetyreport-mobile/audit/test/storage/server_import_test.dart: the settings revert brings back the DB from before the last import, and can be undone (SOL-05 recheck)
00:20 +255 ~3: /home/better0101/projects/worktree/ci-20260926/safetyreport-mobile/audit/test/storage/server_import_test.dart: the settings revert brings back the DB from before the last import, and can be undone (SOL-05 recheck)
00:20 +256 ~3: /home/better0101/projects/worktree/ci-20260926/safetyreport-mobile/audit/test/storage/server_import_test.dart: the settings revert brings back the DB from before the last import, and can be undone (SOL-05 recheck)
00:20 +257 ~3: /home/better0101/projects/worktree/ci-20260926/safetyreport-mobile/audit/test/storage/server_import_test.dart: the settings revert brings back the DB from before the last import, and can be undone (SOL-05 recheck)
00:20 +258 ~3: /home/better0101/projects/worktree/ci-20260926/safetyreport-mobile/audit/test/storage/server_import_test.dart: the settings revert brings back the DB from before the last import, and can be undone (SOL-05 recheck)
00:20 +259 ~3: /home/better0101/projects/worktree/ci-20260926/safetyreport-mobile/audit/test/storage/server_import_test.dart: the settings revert brings back the DB from before the last import, and can be undone (SOL-05 recheck)
00:20 +260 ~3: /home/better0101/projects/worktree/ci-20260926/safetyreport-mobile/audit/test/storage/server_import_test.dart: the settings revert brings back the DB from before the last import, and can be undone (SOL-05 recheck)
00:20 +261 ~3: /home/better0101/projects/worktree/ci-20260926/safetyreport-mobile/audit/test/storage/server_import_test.dart: the settings revert brings back the DB from before the last import, and can be undone (SOL-05 recheck)
00:20 +262 ~3: /home/better0101/projects/worktree/ci-20260926/safetyreport-mobile/audit/test/storage/server_import_test.dart: the settings revert brings back the DB from before the last import, and can be undone (SOL-05 recheck)
00:20 +263 ~3: /home/better0101/projects/worktree/ci-20260926/safetyreport-mobile/audit/test/storage/server_import_test.dart: the settings revert brings back the DB from before the last import, and can be undone (SOL-05 recheck)
00:20 +264 ~3: /home/better0101/projects/worktree/ci-20260926/safetyreport-mobile/audit/test/community/entry_order_test.dart: F06: navigation allowed again after gate passes
00:20 +265 ~3: /home/better0101/projects/worktree/ci-20260926/safetyreport-mobile/audit/test/community/entry_order_test.dart: F06: navigation allowed again after gate passes
00:20 +266 ~3: /home/better0101/projects/worktree/ci-20260926/safetyreport-mobile/audit/test/community/entry_order_test.dart: F06: navigation allowed again after gate passes
00:20 +267 ~3: /home/better0101/projects/worktree/ci-20260926/safetyreport-mobile/audit/test/community/entry_order_test.dart: F06: navigation allowed again after gate passes
00:20 +268 ~3: /home/better0101/projects/worktree/ci-20260926/safetyreport-mobile/audit/test/community/entry_order_test.dart: F06: navigation allowed again after gate passes
00:20 +269 ~3: /home/better0101/projects/worktree/ci-20260926/safetyreport-mobile/audit/test/community/entry_order_test.dart: F06: navigation allowed again after gate passes
00:20 +270 ~3: /home/better0101/projects/worktree/ci-20260926/safetyreport-mobile/audit/test/community/entry_order_test.dart: F06: navigation allowed again after gate passes
00:20 +271 ~3: /home/better0101/projects/worktree/ci-20260926/safetyreport-mobile/audit/test/community/entry_order_test.dart: F06: navigation allowed again after gate passes
00:20 +272 ~3: /home/better0101/projects/worktree/ci-20260926/safetyreport-mobile/audit/test/community/entry_order_test.dart: F06: navigation allowed again after gate passes
00:20 +273 ~3: /home/better0101/projects/worktree/ci-20260926/safetyreport-mobile/audit/test/community/entry_order_test.dart: F06: navigation allowed again after gate passes
00:20 +274 ~3: /home/better0101/projects/worktree/ci-20260926/safetyreport-mobile/audit/test/community/entry_order_test.dart: F06: navigation allowed again after gate passes
00:20 +275 ~3: /home/better0101/projects/worktree/ci-20260926/safetyreport-mobile/audit/test/community/entry_order_test.dart: F06: navigation allowed again after gate passes
00:20 +276 ~3: /home/better0101/projects/worktree/ci-20260926/safetyreport-mobile/audit/test/community/entry_order_test.dart: F06: navigation allowed again after gate passes
00:20 +277 ~3: /home/better0101/projects/worktree/ci-20260926/safetyreport-mobile/audit/test/community/entry_order_test.dart: F06: navigation allowed again after gate passes
00:20 +278 ~3: /home/better0101/projects/worktree/ci-20260926/safetyreport-mobile/audit/test/community/entry_order_test.dart: F06: navigation allowed again after gate passes
00:20 +279 ~3: /home/better0101/projects/worktree/ci-20260926/safetyreport-mobile/audit/test/community/entry_order_test.dart: F06: navigation allowed again after gate passes
00:20 +280 ~3: /home/better0101/projects/worktree/ci-20260926/safetyreport-mobile/audit/test/community/entry_order_test.dart: F06: navigation allowed again after gate passes
00:20 +281 ~3: /home/better0101/projects/worktree/ci-20260926/safetyreport-mobile/audit/test/community/entry_order_test.dart: F06: navigation allowed again after gate passes
00:20 +282 ~3: /home/better0101/projects/worktree/ci-20260926/safetyreport-mobile/audit/test/community/entry_order_test.dart: F06: navigation allowed again after gate passes
00:20 +283 ~3: /home/better0101/projects/worktree/ci-20260926/safetyreport-mobile/audit/test/community/entry_order_test.dart: F06: navigation allowed again after gate passes
00:20 +284 ~3: /home/better0101/projects/worktree/ci-20260926/safetyreport-mobile/audit/test/community/entry_order_test.dart: F06: navigation allowed again after gate passes
00:20 +285 ~3: /home/better0101/projects/worktree/ci-20260926/safetyreport-mobile/audit/test/community/entry_order_test.dart: F06: navigation allowed again after gate passes
00:20 +286 ~3: /home/better0101/projects/worktree/ci-20260926/safetyreport-mobile/audit/test/community/entry_order_test.dart: F06: navigation allowed again after gate passes
00:20 +287 ~3: /home/better0101/projects/worktree/ci-20260926/safetyreport-mobile/audit/test/community/entry_order_test.dart: F06: navigation allowed again after gate passes
00:20 +288 ~3: /home/better0101/projects/worktree/ci-20260926/safetyreport-mobile/audit/test/community/entry_order_test.dart: F06: navigation allowed again after gate passes
00:20 +289 ~3: /home/better0101/projects/worktree/ci-20260926/safetyreport-mobile/audit/test/community/entry_order_test.dart: F06: navigation allowed again after gate passes
00:20 +290 ~3: /home/better0101/projects/worktree/ci-20260926/safetyreport-mobile/audit/test/community/entry_order_test.dart: F06: navigation allowed again after gate passes
00:20 +291 ~3: /home/better0101/projects/worktree/ci-20260926/safetyreport-mobile/audit/test/community/entry_order_test.dart: F06: navigation allowed again after gate passes
00:20 +292 ~3: /home/better0101/projects/worktree/ci-20260926/safetyreport-mobile/audit/test/community/entry_order_test.dart: F06: navigation allowed again after gate passes
00:20 +293 ~3: /home/better0101/projects/worktree/ci-20260926/safetyreport-mobile/audit/test/community/entry_order_test.dart: F06: navigation allowed again after gate passes
00:20 +294 ~3: /home/better0101/projects/worktree/ci-20260926/safetyreport-mobile/audit/test/community/entry_order_test.dart: F06: navigation allowed again after gate passes
00:20 +295 ~3: /home/better0101/projects/worktree/ci-20260926/safetyreport-mobile/audit/test/community/entry_order_test.dart: F06: navigation allowed again after gate passes
00:20 +296 ~3: /home/better0101/projects/worktree/ci-20260926/safetyreport-mobile/audit/test/community/entry_order_test.dart: F06: navigation allowed again after gate passes
00:21 +297 ~3: /home/better0101/projects/worktree/ci-20260926/safetyreport-mobile/audit/test/community/entry_order_test.dart: F06: navigation allowed again after gate passes
00:21 +298 ~3: /home/better0101/projects/worktree/ci-20260926/safetyreport-mobile/audit/test/community/entry_order_test.dart: F06: navigation allowed again after gate passes
00:21 +299 ~3: /home/better0101/projects/worktree/ci-20260926/safetyreport-mobile/audit/test/community/entry_order_test.dart: F06: navigation allowed again after gate passes
00:21 +300 ~3: /home/better0101/projects/worktree/ci-20260926/safetyreport-mobile/audit/test/community/entry_order_test.dart: F06: navigation allowed again after gate passes
00:21 +301 ~3: /home/better0101/projects/worktree/ci-20260926/safetyreport-mobile/audit/test/community/entry_order_test.dart: F06: navigation allowed again after gate passes
00:21 +302 ~3: /home/better0101/projects/worktree/ci-20260926/safetyreport-mobile/audit/test/community/entry_order_test.dart: F06: navigation allowed again after gate passes
00:21 +303 ~3: /home/better0101/projects/worktree/ci-20260926/safetyreport-mobile/audit/test/community/entry_order_test.dart: F06: navigation allowed again after gate passes
00:21 +304 ~3: /home/better0101/projects/worktree/ci-20260926/safetyreport-mobile/audit/test/community/entry_order_test.dart: F06: navigation allowed again after gate passes
00:21 +305 ~3: /home/better0101/projects/worktree/ci-20260926/safetyreport-mobile/audit/test/community/entry_order_test.dart: F06: navigation allowed again after gate passes
00:21 +306 ~3: /home/better0101/projects/worktree/ci-20260926/safetyreport-mobile/audit/test/community/entry_order_test.dart: F06: navigation allowed again after gate passes
00:21 +307 ~3: /home/better0101/projects/worktree/ci-20260926/safetyreport-mobile/audit/test/community/capture_intent_failure_test.dart: intent file cannot be written → CaptureStoreUnavailable, personal DB and community.db unchanged
00:21 +308 ~3: /home/better0101/projects/worktree/ci-20260926/safetyreport-mobile/audit/test/community/capture_intent_failure_test.dart: intent file cannot be written → CaptureStoreUnavailable, personal DB and community.db unchanged
00:21 +309 ~3: /home/better0101/projects/worktree/ci-20260926/safetyreport-mobile/audit/test/community/entry_order_test.dart: F06: navigateToTab and payload open ignored while gated
00:21 +310 ~3: /home/better0101/projects/worktree/ci-20260926/safetyreport-mobile/audit/test/community/capture_intent_failure_test.dart: positive control: a writable intent file saves the same report and removes the intent
00:21 +311 ~3: /home/better0101/projects/worktree/ci-20260926/safetyreport-mobile/audit/test/community/integration_contract_test.dart: event_decisions vectors (observations.json) first_eligible_creates_completed
00:21 +312 ~3: /home/better0101/projects/worktree/ci-20260926/safetyreport-mobile/audit/test/community/integration_contract_test.dart: event_decisions vectors (observations.json) same_content_again_creates_nothing
00:21 +313 ~3: /home/better0101/projects/worktree/ci-20260926/safetyreport-mobile/audit/test/community/integration_contract_test.dart: event_decisions vectors (observations.json) changed_eligible_creates_completed
00:21 +314 ~3: /home/better0101/projects/worktree/ci-20260926/safetyreport-mobile/audit/test/community/integration_contract_test.dart: event_decisions vectors (observations.json) withdrawn_after_shared_creates_correction
00:21 +315 ~3: /home/better0101/projects/worktree/ci-20260926/safetyreport-mobile/audit/test/community/integration_contract_test.dart: event_decisions vectors (observations.json) not_eligible_never_shared_creates_nothing
00:21 +316 ~3: /home/better0101/projects/worktree/ci-20260926/safetyreport-mobile/audit/test/community/integration_contract_test.dart: event_decisions vectors (observations.json) not_eligible_after_correction_creates_nothing
00:21 +317 ~3: /home/better0101/projects/worktree/ci-20260926/safetyreport-mobile/audit/test/community/integration_contract_test.dart: event_decisions vectors (observations.json) eligible_again_after_correction
00:21 +318 ~3: /home/better0101/projects/worktree/ci-20260926/safetyreport-mobile/audit/test/community/integration_contract_test.dart: event_decisions vectors (observations.json) server_known_completed_then_withdrawn
00:21 +319 ~3: /home/better0101/projects/worktree/ci-20260926/safetyreport-mobile/audit/test/community/integration_contract_test.dart: event_decisions vectors (observations.json) server_known_completed_same_eligible_is_sent
00:21 +320 ~3: /home/better0101/projects/worktree/ci-20260926/safetyreport-mobile/audit/test/community/integration_contract_test.dart: event_decisions vectors (observations.json) server_unknown_not_eligible_creates_nothing
00:21 +321 ~3: /home/better0101/projects/worktree/ci-20260926/safetyreport-mobile/audit/test/community/integration_contract_test.dart: manifest contract replaces only when every rule holds; failures keep the old list
00:21 +322 ~3: /home/better0101/projects/worktree/ci-20260926/safetyreport-mobile/audit/test/community/integration_contract_test.dart: manifest contract replaces only when every rule holds; failures keep the old list
00:21 +323 ~3: /home/better0101/projects/worktree/ci-20260926/safetyreport-mobile/audit/test/community/integration_contract_test.dart: manifest contract replaces only when every rule holds; failures keep the old list
00:21 +324 ~3: /home/better0101/projects/worktree/ci-20260926/safetyreport-mobile/audit/test/community/integration_contract_test.dart: manifest contract client POSTs the contract body and rejects malformed pages
00:21 +325 ~3: /home/better0101/projects/worktree/ci-20260926/safetyreport-mobile/audit/test/community/integration_contract_test.dart: sync fail-closed (Sol H-01) no community store (captureActive=false) → CaptureStoreUnavailable before any personal save
00:21 +326 ~3: /home/better0101/projects/worktree/ci-20260926/safetyreport-mobile/audit/test/community/integration_contract_test.dart: sync fail-closed (Sol H-01) no community store (captureActive=true) → CaptureStoreUnavailable before any personal save
00:21 +327 ~3: /home/better0101/projects/worktree/ci-20260926/safetyreport-mobile/audit/test/community/integration_contract_test.dart: deletion request order (Sol 2차 H-03a) marker cannot be written → central delete is not called
00:21 +328 ~3: /home/better0101/projects/worktree/ci-20260926/safetyreport-mobile/audit/test/community/integration_contract_test.dart: deletion request order (Sol 2차 H-03a) central failure cancels only this marker and rethrows; success applies
00:21 +329 ~3: /home/better0101/projects/worktree/ci-20260926/safetyreport-mobile/audit/test/community/integration_contract_test.dart: gate writer rules writer conflict: entry allowed, upload context off, other device shown
00:21 +330 ~3: /home/better0101/projects/worktree/ci-20260926/safetyreport-mobile/audit/test/community/integration_contract_test.dart: gate writer rules no official account: entry allowed, no connection, upload context off
00:22 +331 ~3: /home/better0101/projects/worktree/ci-20260926/safetyreport-mobile/audit/test/community/uploader_test.dart: uploader B01: capture 뒤 realtime 업로드 → accepted 삭제·투영 저장
00:22 +332 ~3: /home/better0101/projects/worktree/ci-20260926/safetyreport-mobile/audit/test/community/uploader_test.dart: uploader B01: capture 뒤 realtime 업로드 → accepted 삭제·투영 저장
00:22 +333 ~3: /home/better0101/projects/worktree/ci-20260926/safetyreport-mobile/audit/test/community/uploader_test.dart: uploader B01: capture 뒤 realtime 업로드 → accepted 삭제·투영 저장
00:22 +334 ~3: /home/better0101/projects/worktree/ci-20260926/safetyreport-mobile/audit/test/community/uploader_test.dart: uploader B01: capture 뒤 realtime 업로드 → accepted 삭제·투영 저장
00:22 +335 ~3: /home/better0101/projects/worktree/ci-20260926/safetyreport-mobile/audit/test/community/uploader_test.dart: uploader B01: capture 뒤 realtime 업로드 → accepted 삭제·투영 저장
00:22 +336 ~3: /home/better0101/projects/worktree/ci-20260926/safetyreport-mobile/audit/test/community/rebuild_hook_test.dart: rebuild helpers registerRebuildItems: pending 등록·fetched 유지(재개)
00:22 +337 ~3: /home/better0101/projects/worktree/ci-20260926/safetyreport-mobile/audit/test/community/integration_contract_test.dart: gate writer rules connection secret is 32 random bytes, never the same twice
00:22 +338 ~3: /home/better0101/projects/worktree/ci-20260926/safetyreport-mobile/audit/test/community/uploader_test.dart: uploader SOL-01: acked events are never re-sent by manual/midnight/recovery; stale re-enqueued rows are removed
00:22 +339 ~3: /home/better0101/projects/worktree/ci-20260926/safetyreport-mobile/audit/test/community/uploader_test.dart: uploader SOL-01: acked events are never re-sent by manual/midnight/recovery; stale re-enqueued rows are removed
00:22 +340 ~3: /home/better0101/projects/worktree/ci-20260926/safetyreport-mobile/audit/test/community/gate_state_test.dart: F13: fresh cache needs no re-login and no extra HTTP
00:22 +341 ~3: /home/better0101/projects/worktree/ci-20260926/safetyreport-mobile/audit/test/community/rebuild_hook_test.dart: rotate hook replaceFromBackup 전에 rotateDataset(restore) 호출
00:22 +342 ~3: /home/better0101/projects/worktree/ci-20260926/safetyreport-mobile/audit/test/community/rebuild_hook_test.dart: rotate hook replaceFromBackup 전에 rotateDataset(restore) 호출
00:22 +343 ~3: /home/better0101/projects/worktree/ci-20260926/safetyreport-mobile/audit/test/community/rebuild_hook_test.dart: rotate hook replaceFromBackup 전에 rotateDataset(restore) 호출
00:22 +344 ~3: /home/better0101/projects/worktree/ci-20260926/safetyreport-mobile/audit/test/community/schedule_test.dart: catchUp 첫 실행은 midnight 업로드를 한 번 실행한다
00:22 +345 ~3: /home/better0101/projects/worktree/ci-20260926/safetyreport-mobile/audit/test/community/schedule_test.dart: catchUp 첫 실행은 midnight 업로드를 한 번 실행한다
00:23 +346 ~3: /home/better0101/projects/worktree/ci-20260926/safetyreport-mobile/audit/test/community/schedule_test.dart: catchUp 첫 실행은 midnight 업로드를 한 번 실행한다
00:23 +347 ~3: /home/better0101/projects/worktree/ci-20260926/safetyreport-mobile/audit/test/community/schedule_test.dart: catchUp 첫 실행은 midnight 업로드를 한 번 실행한다
00:23 +348 ~3: /home/better0101/projects/worktree/ci-20260926/safetyreport-mobile/audit/test/community/schedule_test.dart: catchUp 첫 실행은 midnight 업로드를 한 번 실행한다
00:23 +348 ~3: /home/better0101/projects/worktree/ci-20260926/safetyreport-mobile/audit/test/community/rebuild_hook_test.dart: build config 회전 실패면 복원하지 않고 현재 DB 를 그대로 둔다 (Sol H-02)
*** sqflite warning ***

You are changing sqflite default factory.
Be aware of the potential side effects. Any library using sqflite
will have this factory as the default for all operations.

*** sqflite warning ***

00:23 +349 ~3: /home/better0101/projects/worktree/ci-20260926/safetyreport-mobile/audit/test/community/gate_state_test.dart: no session: no status call, kakao_required
00:23 +350 ~3: /home/better0101/projects/worktree/ci-20260926/safetyreport-mobile/audit/test/community/uploader_test.dart: uploader B04: 429 → Retry-After 뒤 재시도 예약
00:23 +351 ~3: /home/better0101/projects/worktree/ci-20260926/safetyreport-mobile/audit/test/community/rebuild_hook_test.dart: build config 회전 실패면 복원하지 않고 현재 DB 를 그대로 둔다 (Sol H-02)
00:23 +352 ~3: /home/better0101/projects/worktree/ci-20260926/safetyreport-mobile/audit/test/community/rebuild_hook_test.dart: build config 회전 실패면 복원하지 않고 현재 DB 를 그대로 둔다 (Sol H-02)
00:23 +353 ~3: /home/better0101/projects/worktree/ci-20260926/safetyreport-mobile/audit/test/community/rebuild_hook_test.dart: build config 회전 실패면 복원하지 않고 현재 DB 를 그대로 둔다 (Sol H-02)
00:23 +354 ~3: /home/better0101/projects/worktree/ci-20260926/safetyreport-mobile/audit/test/community/uploader_test.dart: uploader B05: 500 → 지수 백오프 retry_wait
00:23 +355 ~3: /home/better0101/projects/worktree/ci-20260926/safetyreport-mobile/audit/test/community/schedule_test.dart: catchUp context 없으면 deferred
00:23 +356 ~3: /home/better0101/projects/worktree/ci-20260926/safetyreport-mobile/audit/test/community/gate_state_test.dart: F16/F17 client: no writer registration, upload context stays off
00:23 +357 ~3: /home/better0101/projects/worktree/ci-20260926/safetyreport-mobile/audit/test/community/gate_state_test.dart: F16/F17 client: no writer registration, upload context stays off
00:23 +358 ~3: /home/better0101/projects/worktree/ci-20260926/safetyreport-mobile/audit/test/community/uploader_test.dart: uploader B08: conflict → dead_letter, rejected → blocked 보존
00:23 +359 ~3: /home/better0101/projects/worktree/ci-20260926/safetyreport-mobile/audit/test/community/upload_panel_test.dart: CommunityUploadPanel 전송 대기 건수와 투영 문구
00:23 +360 ~3: /home/better0101/projects/worktree/ci-20260926/safetyreport-mobile/audit/test/community/upload_panel_test.dart: CommunityUploadPanel 전송 대기 건수와 투영 문구
00:23 +361 ~3: /home/better0101/projects/worktree/ci-20260926/safetyreport-mobile/audit/test/community/upload_panel_test.dart: CommunityUploadPanel 전송 대기 건수와 투영 문구
00:23 +362 ~3: /home/better0101/projects/worktree/ci-20260926/safetyreport-mobile/audit/test/community/upload_panel_test.dart: CommunityUploadPanel 전송 대기 건수와 투영 문구
00:23 +363 ~3: /home/better0101/projects/worktree/ci-20260926/safetyreport-mobile/audit/test/community/upload_panel_test.dart: CommunityUploadPanel 전송 대기 건수와 투영 문구
00:23 +364 ~3: /home/better0101/projects/worktree/ci-20260926/safetyreport-mobile/audit/test/community/upload_panel_test.dart: CommunityUploadPanel 전송 대기 건수와 투영 문구
00:23 +365 ~3: /home/better0101/projects/worktree/ci-20260926/safetyreport-mobile/audit/test/community/upload_panel_test.dart: CommunityUploadPanel 전송 대기 건수와 투영 문구
00:23 +366 ~3: /home/better0101/projects/worktree/ci-20260926/safetyreport-mobile/audit/test/community/upload_panel_test.dart: CommunityUploadPanel 전송 대기 건수와 투영 문구
00:23 +367 ~3: /home/better0101/projects/worktree/ci-20260926/safetyreport-mobile/audit/test/community/upload_panel_test.dart: CommunityUploadPanel 전송 대기 건수와 투영 문구
00:23 +368 ~3: /home/better0101/projects/worktree/ci-20260926/safetyreport-mobile/audit/test/community/upload_panel_test.dart: CommunityUploadPanel 전송 대기 건수와 투영 문구
00:23 +369 ~3: /home/better0101/projects/worktree/ci-20260926/safetyreport-mobile/audit/test/community/upload_panel_test.dart: CommunityUploadPanel 전송 대기 건수와 투영 문구
00:23 +370 ~3: /home/better0101/projects/worktree/ci-20260926/safetyreport-mobile/audit/test/community/upload_panel_test.dart: CommunityUploadPanel 전송 대기 건수와 투영 문구
00:23 +371 ~3: /home/better0101/projects/worktree/ci-20260926/safetyreport-mobile/audit/test/community/upload_panel_test.dart: CommunityUploadPanel 전송 대기 건수와 투영 문구
00:23 +372 ~3: /home/better0101/projects/worktree/ci-20260926/safetyreport-mobile/audit/test/community/upload_panel_test.dart: CommunityUploadPanel 전송 대기 건수와 투영 문구
00:23 +373 ~3: /home/better0101/projects/worktree/ci-20260926/safetyreport-mobile/audit/test/community/upload_panel_test.dart: CommunityUploadPanel 전송 대기 건수와 투영 문구
00:23 +374 ~3: /home/better0101/projects/worktree/ci-20260926/safetyreport-mobile/audit/test/community/upload_panel_test.dart: CommunityUploadPanel 전송 대기 건수와 투영 문구
00:23 +375 ~3: /home/better0101/projects/worktree/ci-20260926/safetyreport-mobile/audit/test/community/upload_panel_test.dart: CommunityUploadPanel 전송 대기 건수와 투영 문구
00:24 +376 ~3: /home/better0101/projects/worktree/ci-20260926/safetyreport-mobile/audit/test/community/upload_panel_test.dart: CommunityUploadPanel 전송 대기 건수와 투영 문구
00:24 +377 ~3: /home/better0101/projects/worktree/ci-20260926/safetyreport-mobile/audit/test/community/upload_panel_test.dart: CommunityUploadPanel 전송 대기 건수와 투영 문구
00:24 +378 ~3: /home/better0101/projects/worktree/ci-20260926/safetyreport-mobile/audit/test/community/upload_panel_test.dart: CommunityUploadPanel 전송 대기 건수와 투영 문구
00:24 +379 ~3: /home/better0101/projects/worktree/ci-20260926/safetyreport-mobile/audit/test/community/upload_panel_test.dart: CommunityUploadPanel 전송 대기 건수와 투영 문구
00:24 +380 ~3: /home/better0101/projects/worktree/ci-20260926/safetyreport-mobile/audit/test/report_navigation_regression_test.dart: 신고관리 상단 탭은 선택/미선택이 구분되고 대비 기준을 만족한다 (dark)
00:24 +381 ~3: /home/better0101/projects/worktree/ci-20260926/safetyreport-mobile/audit/test/report_navigation_regression_test.dart: 신고관리 상단 탭은 선택/미선택이 구분되고 대비 기준을 만족한다 (dark)
00:24 +382 ~3: /home/better0101/projects/worktree/ci-20260926/safetyreport-mobile/audit/test/report_navigation_regression_test.dart: 신고관리 상단 탭은 선택/미선택이 구분되고 대비 기준을 만족한다 (dark)
00:24 +383 ~3: /home/better0101/projects/worktree/ci-20260926/safetyreport-mobile/audit/test/report_navigation_regression_test.dart: 신고관리 상단 탭은 선택/미선택이 구분되고 대비 기준을 만족한다 (dark)
00:24 +384 ~3: /home/better0101/projects/worktree/ci-20260926/safetyreport-mobile/audit/test/report_navigation_regression_test.dart: 신고관리 상단 탭은 선택/미선택이 구분되고 대비 기준을 만족한다 (dark)
00:24 +385 ~3: /home/better0101/projects/worktree/ci-20260926/safetyreport-mobile/audit/test/report_navigation_regression_test.dart: 신고관리 상단 탭은 선택/미선택이 구분되고 대비 기준을 만족한다 (dark)
00:24 +386 ~3: /home/better0101/projects/worktree/ci-20260926/safetyreport-mobile/audit/test/report_navigation_regression_test.dart: 신고관리 상단 탭은 선택/미선택이 구분되고 대비 기준을 만족한다 (dark)
00:24 +387 ~3: /home/better0101/projects/worktree/ci-20260926/safetyreport-mobile/audit/test/report_navigation_regression_test.dart: 신고관리 상단 탭은 선택/미선택이 구분되고 대비 기준을 만족한다 (dark)
00:24 +388 ~3: /home/better0101/projects/worktree/ci-20260926/safetyreport-mobile/audit/test/report_navigation_regression_test.dart: 신고관리 상단 탭은 선택/미선택이 구분되고 대비 기준을 만족한다 (dark)
00:24 +389 ~3: /home/better0101/projects/worktree/ci-20260926/safetyreport-mobile/audit/test/report_navigation_regression_test.dart: 신고관리 상단 탭은 선택/미선택이 구분되고 대비 기준을 만족한다 (dark)
00:25 +390 ~3: /home/better0101/projects/worktree/ci-20260926/safetyreport-mobile/audit/test/report_navigation_regression_test.dart: 신고관리 상단 탭은 선택/미선택이 구분되고 대비 기준을 만족한다 (dark)
00:25 +391 ~3: /home/better0101/projects/worktree/ci-20260926/safetyreport-mobile/audit/test/report_navigation_regression_test.dart: 신고관리 상단 탭은 선택/미선택이 구분되고 대비 기준을 만족한다 (dark)
00:25 +392 ~3: /home/better0101/projects/worktree/ci-20260926/safetyreport-mobile/audit/test/report_navigation_regression_test.dart: 신고관리 상단 탭은 선택/미선택이 구분되고 대비 기준을 만족한다 (dark)
00:25 +393 ~3: /home/better0101/projects/worktree/ci-20260926/safetyreport-mobile/audit/test/report_navigation_regression_test.dart: 신고관리 상단 탭은 선택/미선택이 구분되고 대비 기준을 만족한다 (dark)
00:25 +394 ~3: /home/better0101/projects/worktree/ci-20260926/safetyreport-mobile/audit/test/report_navigation_regression_test.dart: 신고관리 상단 탭은 선택/미선택이 구분되고 대비 기준을 만족한다 (dark)
00:25 +395 ~3: /home/better0101/projects/worktree/ci-20260926/safetyreport-mobile/audit/test/report_navigation_regression_test.dart: 신고관리 상단 탭은 선택/미선택이 구분되고 대비 기준을 만족한다 (dark)
00:25 +396 ~3: /home/better0101/projects/worktree/ci-20260926/safetyreport-mobile/audit/test/report_navigation_regression_test.dart: 신고관리 상단 탭은 선택/미선택이 구분되고 대비 기준을 만족한다 (dark)
00:25 +397 ~3: /home/better0101/projects/worktree/ci-20260926/safetyreport-mobile/audit/test/report_navigation_regression_test.dart: 신고관리 상단 탭은 선택/미선택이 구분되고 대비 기준을 만족한다 (dark)
00:25 +398 ~3: /home/better0101/projects/worktree/ci-20260926/safetyreport-mobile/audit/test/report_navigation_regression_test.dart: 신고관리 상단 탭은 선택/미선택이 구분되고 대비 기준을 만족한다 (dark)
00:25 +399 ~3: /home/better0101/projects/worktree/ci-20260926/safetyreport-mobile/audit/test/report_navigation_regression_test.dart: 신고관리 상단 탭은 선택/미선택이 구분되고 대비 기준을 만족한다 (dark)
00:25 +400 ~3: /home/better0101/projects/worktree/ci-20260926/safetyreport-mobile/audit/test/report_navigation_regression_test.dart: 신고관리 상단 탭은 선택/미선택이 구분되고 대비 기준을 만족한다 (dark)
00:25 +401 ~3: /home/better0101/projects/worktree/ci-20260926/safetyreport-mobile/audit/test/report_navigation_regression_test.dart: 신고관리 상단 탭은 선택/미선택이 구분되고 대비 기준을 만족한다 (dark)
00:25 +402 ~3: /home/better0101/projects/worktree/ci-20260926/safetyreport-mobile/audit/test/report_navigation_regression_test.dart: 신고관리 상단 탭은 선택/미선택이 구분되고 대비 기준을 만족한다 (dark)
00:25 +403 ~3: /home/better0101/projects/worktree/ci-20260926/safetyreport-mobile/audit/test/report_navigation_regression_test.dart: 신고관리 상단 탭은 선택/미선택이 구분되고 대비 기준을 만족한다 (dark)
00:25 +404 ~3: /home/better0101/projects/worktree/ci-20260926/safetyreport-mobile/audit/test/report_navigation_regression_test.dart: 신고관리 상단 탭은 선택/미선택이 구분되고 대비 기준을 만족한다 (dark)
00:25 +405 ~3: /home/better0101/projects/worktree/ci-20260926/safetyreport-mobile/audit/test/report_navigation_regression_test.dart: 신고관리 상단 탭은 선택/미선택이 구분되고 대비 기준을 만족한다 (dark)
00:25 +406 ~3: /home/better0101/projects/worktree/ci-20260926/safetyreport-mobile/audit/test/report_navigation_regression_test.dart: 신고관리 상단 탭은 선택/미선택이 구분되고 대비 기준을 만족한다 (dark)
00:25 +407 ~3: /home/better0101/projects/worktree/ci-20260926/safetyreport-mobile/audit/test/report_navigation_regression_test.dart: 신고관리 상단 탭은 선택/미선택이 구분되고 대비 기준을 만족한다 (dark)
00:25 +408 ~3: /home/better0101/projects/worktree/ci-20260926/safetyreport-mobile/audit/test/report_navigation_regression_test.dart: 신고관리 상단 탭은 선택/미선택이 구분되고 대비 기준을 만족한다 (dark)
00:25 +409 ~3: /home/better0101/projects/worktree/ci-20260926/safetyreport-mobile/audit/test/report_navigation_regression_test.dart: 신고관리 상단 탭은 선택/미선택이 구분되고 대비 기준을 만족한다 (dark)
00:25 +410 ~3: /home/better0101/projects/worktree/ci-20260926/safetyreport-mobile/audit/test/report_navigation_regression_test.dart: 신고관리 상단 탭은 선택/미선택이 구분되고 대비 기준을 만족한다 (dark)
00:25 +411 ~3: /home/better0101/projects/worktree/ci-20260926/safetyreport-mobile/audit/test/report_navigation_regression_test.dart: 신고관리 상단 탭은 선택/미선택이 구분되고 대비 기준을 만족한다 (dark)
00:25 +412 ~3: /home/better0101/projects/worktree/ci-20260926/safetyreport-mobile/audit/test/report_navigation_regression_test.dart: 신고관리 상단 탭은 선택/미선택이 구분되고 대비 기준을 만족한다 (dark)
00:25 +413 ~3: /home/better0101/projects/worktree/ci-20260926/safetyreport-mobile/audit/test/report_navigation_regression_test.dart: 신고관리 상단 탭은 선택/미선택이 구분되고 대비 기준을 만족한다 (dark)
00:25 +414 ~3: /home/better0101/projects/worktree/ci-20260926/safetyreport-mobile/audit/test/services/stats_law_scope_test.dart: year and withdraw filters narrow the law choices
00:25 +415 ~3: /home/better0101/projects/worktree/ci-20260926/safetyreport-mobile/audit/test/services/maintenance_service_test.dart: nothing to do leaves no job
00:25 +416 ~3: /home/better0101/projects/worktree/ci-20260926/safetyreport-mobile/audit/test/report_navigation_regression_test.dart: 신고관리 상단 탭은 선택/미선택이 구분되고 대비 기준을 만족한다 (light)
00:25 +417 ~3: /home/better0101/projects/worktree/ci-20260926/safetyreport-mobile/audit/test/report_navigation_regression_test.dart: 신고관리 상단 탭은 선택/미선택이 구분되고 대비 기준을 만족한다 (light)
00:25 +418 ~3: /home/better0101/projects/worktree/ci-20260926/safetyreport-mobile/audit/test/report_navigation_regression_test.dart: 신고관리 상단 탭은 선택/미선택이 구분되고 대비 기준을 만족한다 (light)
00:25 +419 ~3: /home/better0101/projects/worktree/ci-20260926/safetyreport-mobile/audit/test/report_navigation_regression_test.dart: 신고관리 상단 탭은 선택/미선택이 구분되고 대비 기준을 만족한다 (light)
00:25 +420 ~3: /home/better0101/projects/worktree/ci-20260926/safetyreport-mobile/audit/test/report_navigation_regression_test.dart: 신고관리 상단 탭은 선택/미선택이 구분되고 대비 기준을 만족한다 (light)
00:25 +421 ~3: /home/better0101/projects/worktree/ci-20260926/safetyreport-mobile/audit/test/report_navigation_regression_test.dart: 신고관리 상단 탭은 선택/미선택이 구분되고 대비 기준을 만족한다 (light)
00:25 +422 ~3: /home/better0101/projects/worktree/ci-20260926/safetyreport-mobile/audit/test/services/maintenance_service_test.dart: same call sites as the server crawl end-of-sync retry takes the newest [limit] rows
00:25 +423 ~3: /home/better0101/projects/worktree/ci-20260926/safetyreport-mobile/audit/test/services/maintenance_service_test.dart: jobsFromServer reads the server status payload
00:25 +424 ~3: /home/better0101/projects/worktree/ci-20260926/safetyreport-mobile/audit/test/services/maintenance_service_test.dart: MaintenanceStatusBar shows server progress, then 완료 briefly, then hides
00:25 +425 ~3: /home/better0101/projects/worktree/ci-20260926/safetyreport-mobile/audit/test/services/maintenance_service_test.dart: MaintenanceStatusBar shows server progress, then 완료 briefly, then hides
00:26 +426 ~3: /home/better0101/projects/worktree/ci-20260926/safetyreport-mobile/audit/test/services/maintenance_service_test.dart: MaintenanceStatusBar shows server progress, then 완료 briefly, then hides
00:26 +427 ~3: /home/better0101/projects/worktree/ci-20260926/safetyreport-mobile/audit/test/services/maintenance_service_test.dart: MaintenanceStatusBar shows server progress, then 완료 briefly, then hides
00:26 +428 ~3: /home/better0101/projects/worktree/ci-20260926/safetyreport-mobile/audit/test/services/maintenance_service_test.dart: MaintenanceStatusBar shows server progress, then 완료 briefly, then hides
00:26 +429 ~3: /home/better0101/projects/worktree/ci-20260926/safetyreport-mobile/audit/test/services/maintenance_service_test.dart: MaintenanceStatusBar shows server progress, then 완료 briefly, then hides
00:26 +430 ~3: /home/better0101/projects/worktree/ci-20260926/safetyreport-mobile/audit/test/services/maintenance_service_test.dart: MaintenanceStatusBar shows server progress, then 완료 briefly, then hides
00:26 +431 ~3: /home/better0101/projects/worktree/ci-20260926/safetyreport-mobile/audit/test/services/maintenance_service_test.dart: MaintenanceStatusBar shows server progress, then 완료 briefly, then hides
00:26 +432 ~3: /home/better0101/projects/worktree/ci-20260926/safetyreport-mobile/audit/test/services/maintenance_service_test.dart: MaintenanceStatusBar shows server progress, then 완료 briefly, then hides
00:26 +433 ~3: /home/better0101/projects/worktree/ci-20260926/safetyreport-mobile/audit/test/services/server_connection_service_test.dart: ServerConnectionService.testConnection returns networkError for malformed 200 response body
00:26 +434 ~3: /home/better0101/projects/worktree/ci-20260926/safetyreport-mobile/audit/test/services/maintenance_service_test.dart: MaintenanceStatusBar old server (null status) draws nothing
00:26 +435 ~3: /home/better0101/projects/worktree/ci-20260926/safetyreport-mobile/audit/test/services/maintenance_service_test.dart: MaintenanceStatusBar old server (null status) draws nothing
00:26 +436 ~3: /home/better0101/projects/worktree/ci-20260926/safetyreport-mobile/audit/test/services/maintenance_service_test.dart: MaintenanceStatusBar old server (null status) draws nothing
00:26 +437 ~3: /home/better0101/projects/worktree/ci-20260926/safetyreport-mobile/audit/test/services/maintenance_service_test.dart: MaintenanceStatusBar standalone follows the local photo job
00:26 +438 ~3: /home/better0101/projects/worktree/ci-20260926/safetyreport-mobile/audit/test/services/maintenance_service_test.dart: (tearDownAll)
00:26 +438 ~3: /home/better0101/projects/worktree/ci-20260926/safetyreport-mobile/audit/test/services/standalone_pending_queue_store_test.dart: StandalonePendingQueueStore append deduplicates while preserving first-seen order
00:26 +439 ~3: /home/better0101/projects/worktree/ci-20260926/safetyreport-mobile/audit/test/services/standalone_pending_queue_store_test.dart: StandalonePendingQueueStore remove deletes a single queue item
00:26 +440 ~3: /home/better0101/projects/worktree/ci-20260926/safetyreport-mobile/audit/test/services/standalone_pending_queue_store_test.dart: StandalonePendingQueueStore items the service put in the inbox are queued in order and removal keeps the others (G11-5)
00:26 +441 ~3: /home/better0101/projects/worktree/ci-20260926/safetyreport-mobile/audit/test/services/community_server_link_service_test.dart: status: X-API-Key 헤더로 GET, data 해석
00:26 +442 ~3: /home/better0101/projects/worktree/ci-20260926/safetyreport-mobile/audit/test/services/community_server_link_service_test.dart: pending/candidate 해석, 폴링 필요
00:26 +443 ~3: /home/better0101/projects/worktree/ci-20260926/safetyreport-mobile/audit/test/services/community_server_link_service_test.dart: 모든 상태 문자열 해석
00:26 +444 ~3: /home/better0101/projects/worktree/ci-20260926/safetyreport-mobile/audit/test/services/community_server_link_service_test.dart: https 가 아닌 bootstrap_url 은 열지 않는다
00:26 +445 ~3: /home/better0101/projects/worktree/ci-20260926/safetyreport-mobile/audit/test/services/community_server_link_service_test.dart: 403 permission_required → 권한 안내
00:26 +446 ~3: /home/better0101/projects/worktree/ci-20260926/safetyreport-mobile/audit/test/services/community_server_link_service_test.dart: 404 → 서버가 아직 지원하지 않음
00:26 +447 ~3: /home/better0101/projects/worktree/ci-20260926/safetyreport-mobile/audit/test/services/community_server_link_service_test.dart: 오류 코드 대응
00:26 +448 ~3: /home/better0101/projects/worktree/ci-20260926/safetyreport-mobile/audit/test/services/community_server_link_service_test.dart: POST 본문과 경로 — 자동 재시도 없음
00:26 +449 ~3: /home/better0101/projects/worktree/ci-20260926/safetyreport-mobile/audit/test/services/community_server_link_service_test.dart: 서버 오프라인 → 오류만, Supabase 주소는 부르지 않고 폰에 아무것도 저장하지 않음 (M06·M07)
00:27 +450 ~3: /home/better0101/projects/worktree/ci-20260926/safetyreport-mobile/audit/test/services/community_server_link_service_test.dart: 성공 응답에 토큰 같은 필드가 와도 모델에 담지 않는다 (M06)
00:27 +451 ~3: /home/better0101/projects/worktree/ci-20260926/safetyreport-mobile/audit/test/services/attachment_policy_test.dart: cutoff is six months back as YYYY-MM-DD (same as server)
00:27 +452 ~3: /home/better0101/projects/worktree/ci-20260926/safetyreport-mobile/audit/test/services/attachment_policy_test.dart: month-end days clamp like the server relativedelta
00:27 +453 ~3: /home/better0101/projects/worktree/ci-20260926/safetyreport-mobile/audit/test/services/attachment_policy_test.dart: reports older than the cutoff have expired attachments
00:27 +454 ~3: /home/better0101/projects/worktree/ci-20260926/safetyreport-mobile/audit/test/services/fine_estimate_test.dart: fine_estimate_vectors (setUpAll)
00:27 +454 ~3: /home/better0101/projects/worktree/ci-20260926/safetyreport-mobile/audit/test/services/fine_estimate_test.dart: fine_estimate_vectors rule_version matches
00:27 +455 ~3: /home/better0101/projects/worktree/ci-20260926/safetyreport-mobile/audit/test/services/rating_cause_test.dart: shared cause vectors (same as server)
00:27 +456 ~3: /home/better0101/projects/worktree/ci-20260926/safetyreport-mobile/audit/test/services/rating_cause_test.dart: shared cause vectors (same as server)
00:27 +457 ~3: /home/better0101/projects/worktree/ci-20260926/safetyreport-mobile/audit/test/services/fine_estimate_test.dart: fine_estimate_vectors cases
00:27 +458 ~3: /home/better0101/projects/worktree/ci-20260926/safetyreport-mobile/audit/test/services/rating_cause_test.dart: shared popup cause vectors (same as server)
00:27 +459 ~3: /home/better0101/projects/worktree/ci-20260926/safetyreport-mobile/audit/test/services/rating_cause_test.dart: standalone submit flow (setUpAll)
00:27 +459 ~3: /home/better0101/projects/worktree/ci-20260926/safetyreport-mobile/audit/test/services/rating_cause_test.dart: standalone submit flow cause is sent and success needs the site to show the score
00:27 +460 ~3: /home/better0101/projects/worktree/ci-20260926/safetyreport-mobile/audit/test/services/photo_capture_columns_test.dart: upsertReport keeps photo capture columns when the report is re-saved
00:28 +461 ~3: /home/better0101/projects/worktree/ci-20260926/safetyreport-mobile/audit/test/services/photo_capture_columns_test.dart: upsertReport keeps photo capture columns when the report is re-saved
00:28 +462 ~3: /home/better0101/projects/worktree/ci-20260926/safetyreport-mobile/audit/test/services/photo_capture_columns_test.dart: upsertReport keeps photo capture columns when the report is re-saved
00:28 +463 ~3: /home/better0101/projects/worktree/ci-20260926/safetyreport-mobile/audit/test/services/photo_capture_columns_test.dart: upsertReport keeps photo capture columns when the report is re-saved
00:28 +464 ~3: /home/better0101/projects/worktree/ci-20260926/safetyreport-mobile/audit/test/services/rating_cause_test.dart: standalone submit flow already rated on site is a skip with the site values
00:28 +465 ~3: /home/better0101/projects/worktree/ci-20260926/safetyreport-mobile/audit/test/services/rating_cause_test.dart: standalone submit flow already rated on site is a skip with the site values
00:28 +466 ~3: /home/better0101/projects/worktree/ci-20260926/safetyreport-mobile/audit/test/services/local_db_service_regression_test.dart: (setUpAll)
00:28 +466 ~3: /home/better0101/projects/worktree/ci-20260926/safetyreport-mobile/audit/test/services/rating_cause_test.dart: standalone submit flow site dropping the cause is noted and the site value saved
00:28 +467 ~3: /home/better0101/projects/worktree/ci-20260926/safetyreport-mobile/audit/test/services/local_db_service_regression_test.dart: LocalDbService regressions representative projection cache is invalidated after watchlist updates
00:28 +468 ~3: /home/better0101/projects/worktree/ci-20260926/safetyreport-mobile/audit/test/services/local_db_service_regression_test.dart: LocalDbService regressions representative projection cache is invalidated after watchlist updates
00:28 +469 ~3: /home/better0101/projects/worktree/ci-20260926/safetyreport-mobile/audit/test/services/local_db_service_regression_test.dart: LocalDbService regressions representative projection cache is invalidated after watchlist updates
00:28 +470 ~3: /home/better0101/projects/worktree/ci-20260926/safetyreport-mobile/audit/test/services/local_db_service_regression_test.dart: LocalDbService regressions representative projection cache is invalidated after watchlist updates
00:28 +471 ~3: /home/better0101/projects/worktree/ci-20260926/safetyreport-mobile/audit/test/services/local_db_service_regression_test.dart: LocalDbService regressions representative projection cache is invalidated after watchlist updates
00:28 +472 ~3: /home/better0101/projects/worktree/ci-20260926/safetyreport-mobile/audit/test/services/local_db_service_regression_test.dart: LocalDbService regressions representative projection cache is invalidated after watchlist updates
00:28 +473 ~3: /home/better0101/projects/worktree/ci-20260926/safetyreport-mobile/audit/test/services/local_db_service_regression_test.dart: LocalDbService regressions representative projection cache is invalidated after watchlist updates
00:28 +474 ~3: /home/better0101/projects/worktree/ci-20260926/safetyreport-mobile/audit/test/services/local_db_service_regression_test.dart: LocalDbService regressions representative projection cache is invalidated after watchlist updates
00:28 +475 ~3: /home/better0101/projects/worktree/ci-20260926/safetyreport-mobile/audit/test/services/local_db_service_regression_test.dart: LocalDbService regressions representative projection cache is invalidated after watchlist updates
00:28 +476 ~3: /home/better0101/projects/worktree/ci-20260926/safetyreport-mobile/audit/test/services/local_db_service_regression_test.dart: LocalDbService regressions representative projection cache is invalidated after watchlist updates
00:28 +477 ~3: /home/better0101/projects/worktree/ci-20260926/safetyreport-mobile/audit/test/services/local_db_service_regression_test.dart: LocalDbService regressions representative projection cache is invalidated after watchlist updates
00:28 +478 ~3: /home/better0101/projects/worktree/ci-20260926/safetyreport-mobile/audit/test/services/local_db_service_regression_test.dart: LocalDbService regressions representative projection cache is invalidated after watchlist updates
00:28 +479 ~3: /home/better0101/projects/worktree/ci-20260926/safetyreport-mobile/audit/test/services/local_db_service_regression_test.dart: LocalDbService regressions representative projection cache is invalidated after watchlist updates
00:28 +480 ~3: /home/better0101/projects/worktree/ci-20260926/safetyreport-mobile/audit/test/services/local_db_service_regression_test.dart: LocalDbService regressions failed server db import preserves existing standalone data
00:28 +481 ~3: /home/better0101/projects/worktree/ci-20260926/safetyreport-mobile/audit/test/services/local_db_service_regression_test.dart: LocalDbService regressions server db import drops stale map backfill sync state
00:28 +482 ~3: /home/better0101/projects/worktree/ci-20260926/safetyreport-mobile/audit/test/services/local_db_service_regression_test.dart: LocalDbService regressions server db import drops stale map backfill sync state
00:28 +483 ~3: /home/better0101/projects/worktree/ci-20260926/safetyreport-mobile/audit/test/services/local_db_service_regression_test.dart: LocalDbService regressions server db import drops stale map backfill sync state
00:28 +484 ~3: /home/better0101/projects/worktree/ci-20260926/safetyreport-mobile/audit/test/services/local_db_service_regression_test.dart: LocalDbService regressions server db import drops stale map backfill sync state
00:28 +485 ~3: /home/better0101/projects/worktree/ci-20260926/safetyreport-mobile/audit/test/services/local_db_service_regression_test.dart: LocalDbService regressions server db import drops stale map backfill sync state
00:28 +486 ~3: /home/better0101/projects/worktree/ci-20260926/safetyreport-mobile/audit/test/services/stats_overview_test.dart: computeStatsOverview (로컬 DB) 기관표: S-01 음수 제외·소수 1자리, S-03 처리상태 NULL 유지, S-05 금액 미확인, S-08 답변일 연도
00:29 +487 ~3: /home/better0101/projects/worktree/ci-20260926/safetyreport-mobile/audit/test/services/stats_overview_test.dart: computeStatsOverview (로컬 DB) 기관표: S-01 음수 제외·소수 1자리, S-03 처리상태 NULL 유지, S-05 금액 미확인, S-08 답변일 연도
00:29 +488 ~3: /home/better0101/projects/worktree/ci-20260926/safetyreport-mobile/audit/test/services/stats_overview_test.dart: computeStatsOverview (로컬 DB) 기관표: S-01 음수 제외·소수 1자리, S-03 처리상태 NULL 유지, S-05 금액 미확인, S-08 답변일 연도
00:29 +489 ~3: /home/better0101/projects/worktree/ci-20260926/safetyreport-mobile/audit/test/services/stats_overview_test.dart: computeStatsOverview (로컬 DB) 기관표: S-01 음수 제외·소수 1자리, S-03 처리상태 NULL 유지, S-05 금액 미확인, S-08 답변일 연도
00:29 +490 ~3: /home/better0101/projects/worktree/ci-20260926/safetyreport-mobile/audit/test/services/stats_tables_test.dart: 구서버 응답(in_progress 없음)은 null 로 읽어 처리중 표시를 숨긴다
00:29 +491 ~3: /home/better0101/projects/worktree/ci-20260926/safetyreport-mobile/audit/test/services/local_db_service_regression_test.dart: LocalDbService regressions stats and map payload keep reject bucket while separating unconfirmed
00:29 +492 ~3: /home/better0101/projects/worktree/ci-20260926/safetyreport-mobile/audit/test/services/local_db_service_regression_test.dart: LocalDbService regressions stats and map payload keep reject bucket while separating unconfirmed
00:29 +493 ~3: /home/better0101/projects/worktree/ci-20260926/safetyreport-mobile/audit/test/services/local_db_service_regression_test.dart: LocalDbService regressions stats and map payload keep reject bucket while separating unconfirmed
00:29 +494 ~3: /home/better0101/projects/worktree/ci-20260926/safetyreport-mobile/audit/test/services/local_db_service_regression_test.dart: LocalDbService regressions stats and map payload keep reject bucket while separating unconfirmed
00:29 +495 ~3: /home/better0101/projects/worktree/ci-20260926/safetyreport-mobile/audit/test/services/local_db_service_regression_test.dart: LocalDbService regressions stats and map payload keep reject bucket while separating unconfirmed
00:29 +496 ~3: /home/better0101/projects/worktree/ci-20260926/safetyreport-mobile/audit/test/services/local_db_service_regression_test.dart: LocalDbService regressions stats and map payload keep reject bucket while separating unconfirmed
00:29 +497 ~3: /home/better0101/projects/worktree/ci-20260926/safetyreport-mobile/audit/test/services/local_db_service_regression_test.dart: LocalDbService regressions missing standalone map key still uses cached coordinates before warning
00:29 +498 ~3: /home/better0101/projects/worktree/ci-20260926/safetyreport-mobile/audit/test/services/local_db_service_regression_test.dart: LocalDbService regressions missing standalone map key still uses cached coordinates before warning
00:29 +499 ~3: /home/better0101/projects/worktree/ci-20260926/safetyreport-mobile/audit/test/services/local_db_service_regression_test.dart: LocalDbService regressions missing standalone map key still uses cached coordinates before warning
00:29 +500 ~3: /home/better0101/projects/worktree/ci-20260926/safetyreport-mobile/audit/test/services/local_db_service_regression_test.dart: LocalDbService regressions missing standalone map key still uses cached coordinates before warning
00:29 +501 ~3: /home/better0101/projects/worktree/ci-20260926/safetyreport-mobile/audit/test/services/local_db_service_regression_test.dart: LocalDbService regressions missing standalone map key still uses cached coordinates before warning
00:29 +502 ~3: /home/better0101/projects/worktree/ci-20260926/safetyreport-mobile/audit/test/services/local_db_service_regression_test.dart: LocalDbService regressions missing standalone map key still uses cached coordinates before warning
00:29 +503 ~3: /home/better0101/projects/worktree/ci-20260926/safetyreport-mobile/audit/test/services/local_db_service_regression_test.dart: LocalDbService regressions stored key retry helper replays cached geocoding work on next app run
00:29 +504 ~3: /home/better0101/projects/worktree/ci-20260926/safetyreport-mobile/audit/test/services/local_db_service_regression_test.dart: LocalDbService regressions map payload ignores NaN coordinates instead of crashing map view
00:29 +505 ~3: /home/better0101/projects/worktree/ci-20260926/safetyreport-mobile/audit/test/services/local_db_service_regression_test.dart: LocalDbService regressions missing address payload groups reports by unresolved address
00:29 +506 ~3: /home/better0101/projects/worktree/ci-20260926/safetyreport-mobile/audit/test/services/local_db_service_regression_test.dart: LocalDbService regressions missing address payload groups reports by unresolved address
00:29 +507 ~3: /home/better0101/projects/worktree/ci-20260926/safetyreport-mobile/audit/test/services/local_db_service_regression_test.dart: LocalDbService regressions missing address payload groups reports by unresolved address
00:29 +508 ~3: /home/better0101/projects/worktree/ci-20260926/safetyreport-mobile/audit/test/services/crawl_unresolved_test.dart: a list that keeps its length but changes content is a different list (server keeps the last 50)
00:29 +509 ~3: /home/better0101/projects/worktree/ci-20260926/safetyreport-mobile/audit/test/services/local_db_service_regression_test.dart: (tearDownAll)
00:30 +509 ~3: /home/better0101/projects/worktree/ci-20260926/safetyreport-mobile/audit/test/services/standalone_auth_relogin_test.dart: 동시에 여러 곳에서 재로그인해도 로그인은 한 번만 한다
00:30 +510 ~3: /home/better0101/projects/worktree/ci-20260926/safetyreport-mobile/audit/test/services/standalone_auth_relogin_test.dart: 네트워크·점검 오류는 한 번 더 시도하고, 재로그인 안내가 아닌 일시 오류로 알린다
00:30 +511 ~3: /home/better0101/projects/worktree/ci-20260926/safetyreport-mobile/audit/test/services/standalone_auth_relogin_test.dart: 비밀번호 거부는 재시도하지 않고 재로그인 안내(TokenExpiredException)
00:30 +512 ~3: /home/better0101/projects/worktree/ci-20260926/safetyreport-mobile/audit/test/services/standalone_auth_relogin_test.dart: 저장된 비밀번호가 없거나 보안 저장소를 못 읽으면 로그인 시도 없이 재로그인 안내
00:30 +513 ~3: /home/better0101/projects/worktree/ci-20260926/safetyreport-mobile/audit/test/services/standalone_auth_relogin_test.dart: 유효한 토큰이 있으면 로그인하지 않는다
00:30 +514 ~3: /home/better0101/projects/worktree/ci-20260926/safetyreport-mobile/audit/test/services/background_login_check_test.dart: 비밀번호가 거부되면 재로그인 알림을 요청하고, 72시간 안에는 다시 알리지 않는다
00:30 +515 ~3: /home/better0101/projects/worktree/ci-20260926/safetyreport-mobile/audit/test/services/background_login_check_test.dart: 네트워크·점검 오류는 알리지 않는다(다음 날 다시)
00:30 +516 ~3: /home/better0101/projects/worktree/ci-20260926/safetyreport-mobile/audit/test/services/background_login_check_test.dart: 로그인 성공이면 알리지 않는다
00:30 +517 ~3: /home/better0101/projects/worktree/ci-20260926/safetyreport-mobile/audit/test/services/background_login_check_test.dart: Client 모드·데모·살아 있는 토큰이면 로그인하지 않는다
00:30 +518 ~3: /home/better0101/projects/worktree/ci-20260926/safetyreport-mobile/audit/test/services/pending_db_import_action_test.dart: PendingDbImportAction.decode decodes supported action formats
00:30 +519 ~3: /home/better0101/projects/worktree/ci-20260926/safetyreport-mobile/audit/test/services/pending_db_import_action_test.dart: PendingDbImportAction persistence save and readAndClear round-trips encoded action
00:30 +520 ~3: /home/better0101/projects/worktree/ci-20260926/safetyreport-mobile/audit/test/services/pending_db_import_action_test.dart: PendingDbImportAction persistence save null clears any pending action
00:31 +521 ~3: /home/better0101/projects/worktree/ci-20260926/safetyreport-mobile/audit/test/services/rating_service_test.dart: RatingService.isListEligible 참여 가능 + 처리 완료 신고만 true
00:31 +522 ~3: /home/better0101/projects/worktree/ci-20260926/safetyreport-mobile/audit/test/services/rating_service_test.dart: RatingService.isListEligible pollStatus 가 비어 있어도 서버 기준이면 true
00:31 +523 ~3: /home/better0101/projects/worktree/ci-20260926/safetyreport-mobile/audit/test/services/rating_service_test.dart: RatingService.isListEligible 참여 완료 신고는 false
00:31 +524 ~3: /home/better0101/projects/worktree/ci-20260926/safetyreport-mobile/audit/test/services/rating_service_test.dart: RatingService.isListEligible 검토중 신고는 false
00:31 +525 ~3: /home/better0101/projects/worktree/ci-20260926/safetyreport-mobile/audit/test/services/rating_service_test.dart: RatingService.ineligibleReason 답변 대기 pollStatus 여도 처리 완료면 허용한다
00:31 +526 ~3: /home/better0101/projects/worktree/ci-20260926/safetyreport-mobile/audit/test/services/rating_service_test.dart: RatingService.ineligibleReason 진행중 계열 상태는 처리중 메시지로 막는다
00:31 +527 ~3: /home/better0101/projects/worktree/ci-20260926/safetyreport-mobile/audit/test/widget_test.dart: placeholder
00:31 +528 ~3: All tests passed!
# end: 2026-09-26T20:49:54+09:00
# exit: 0
